#{"t_start": 1783803248.9759457, "env_id": null}
r,l,t,is_success,final_distance,tau_sum_total,episode_energy,episode_mean_tau_sum
-113.264076,200,1.376447,0.0,0.5107970562988221,3359.218219971272,19.924637694876058,16.79609109985636
-188.634573,200,1.55524,0.0,0.9570521283574712,3540.1735094201913,20.257694180734912,17.700867547100955
-185.35522,200,1.712227,0.0,0.9855117297059179,3528.747946404836,19.914421360444507,17.64373973202418
-152.029828,200,1.881762,0.0,0.7797642169079362,3395.637379661031,19.306867672567805,16.978186898305154
-116.967715,200,2.031043,0.0,0.578184688544748,3531.6799412060113,20.734835281574355,17.658399706030057
-122.094729,200,2.189569,0.0,0.6312753109680378,3281.5768010716097,19.185039599589608,16.40788400535805
-148.632245,200,2.327373,0.0,0.6914917278977771,3528.6331611074456,20.747420719244143,17.64316580553723
-183.570703,200,2.471903,0.0,0.9517539736432579,3348.2987759491075,19.159485010025065,16.741493879745537
-114.581237,200,2.608428,0.0,0.5653676761290607,3439.1737383991576,20.239330182874692,17.195868691995788
-169.672122,200,2.75017,0.0,0.7873097448058723,3218.5975350473527,19.10764190562772,16.092987675236763
-114.213989,200,3.296966,0.0,0.5714951191746482,3361.1892368595322,20.018573794650028,16.80594618429766
-126.888163,200,3.454992,0.0,0.660522888479797,3223.3163412812214,18.598770093499958,16.11658170640611
-107.987745,200,3.593911,0.0,0.3674652712613693,3363.7458451586813,19.530009864107573,16.818729225793405
-116.502304,200,3.737963,0.0,0.3974663805606145,3027.4860622313126,18.034062378606972,15.137430311156564
-65.419121,200,3.87344,0.0,0.291467771966595,3359.613946897726,19.852501164748485,16.798069734488628
-117.767369,200,4.004972,0.0,0.49542346227442985,3142.9775944437943,17.68517485204451,15.714887972218971
-102.37394,200,4.139851,0.0,0.3322208097573095,3226.2062537562642,19.008623051121567,16.13103126878132
-117.403692,200,4.278383,0.0,0.5641422843074161,3322.1630810663496,19.68926549644292,16.61081540533175
-51.298202,200,4.416445,0.0,0.2460088446192165,3497.437565816706,20.162727403855463,17.48718782908353
-93.525557,200,4.548983,0.0,0.5347372766931038,3283.8724528645425,19.364198377839728,16.419362264322714
-146.9959,200,5.051525,0.0,0.6914770918566139,3459.143847038532,19.46346419448346,17.29571923519266
-101.244172,200,5.224674,0.0,0.49501649153097177,3296.046010920838,19.73465350364857,16.48023005460419
-57.606317,200,5.369201,0.0,0.1975965453609567,3453.0054621254853,20.2232297574478,17.265027310627428
-173.27481,200,5.505643,0.0,0.8492308856844347,3469.0839245516236,20.161977529642563,17.34541962275812
-170.565226,200,5.637682,0.0,0.8184743154738366,3456.842845968695,20.0143831808047,17.284214229843474
-81.499877,200,5.774198,0.0,0.49272122082854003,3514.4782519300147,20.13212811472825,17.572391259650075
-83.88787,200,5.916264,0.0,0.4202308889220965,3551.7605301953668,20.585271606607787,17.758802650976833
-119.642168,200,6.050382,0.0,0.5673773154934536,3295.314994008789,19.176606948967255,16.476574970043945
-104.863468,200,6.186848,0.0,0.4165439953038954,3455.302109801374,20.114137575637137,17.276510549006872
-123.989733,200,6.320937,0.0,0.6739167696405685,3356.7218656985324,19.092118693892708,16.783609328492663
-164.332194,200,6.807339,0.0,0.7939768720326912,3234.547979675477,19.604207918516774,16.172739898377387
-154.699762,200,6.968869,0.0,0.947672781579439,3176.897443266111,18.89760491928272,15.884487216330555
-188.243551,200,7.113905,0.0,0.9654306706139439,2959.208172965128,17.548298857118958,14.79604086482564
-95.78838,200,7.258161,0.0,0.49202690985416997,3209.2082407236207,18.55512456258041,16.046041203618103
-135.356068,200,7.397689,0.0,0.6409452281126694,3416.5259322399384,19.732899418392716,17.082629661199693
-118.576296,200,7.541719,0.0,0.5985634813960354,3516.6672436053045,21.31057916397462,17.583336218026524
-177.39086,200,7.679234,0.0,1.0059875366619755,3331.192143615912,19.76777272494475,16.65596071807956
-72.791212,200,7.818301,0.0,0.37305141148979615,3265.5477647295206,18.581488349867506,16.327738823647604
-54.351354,200,7.957857,0.0,0.4623233605147868,3395.8013556326355,19.502421313074016,16.97900677816318
-132.496268,200,8.087438,0.0,0.49347114746272475,3472.000594258767,19.97686574836352,17.360002971293834
-201.494759,200,8.580065,0.0,0.9628998588558594,3513.5409647552797,20.148416787966617,17.5677048237764
-129.287582,200,8.750137,0.0,0.5993045046064249,3424.6068400739546,19.22121729582988,17.123034200369773
-149.81678,200,8.900679,0.0,0.7015850121352235,3347.0516116268154,19.57887007166991,16.73525805813408
-191.801152,200,9.039721,0.0,0.981573646591946,3213.8032677696424,19.23011999148966,16.06901633884821
-192.609229,200,9.18025,0.0,1.033760534762152,3424.023906811921,20.575476117462546,17.120119534059604
-157.485797,200,9.32129,0.0,0.7684135741768336,3182.7932524010776,18.871849543649958,15.913966262005388
-62.664742,200,9.46761,0.0,0.32275526441398417,3091.0306413141598,18.64279452227334,15.455153206570799
-91.13157,200,9.601798,0.0,0.5441997300237814,3164.285590739,19.240862377527534,15.821427953695
-77.928991,200,9.736847,0.0,0.34544026466778116,3618.519745007741,21.483069172848705,18.092598725038705
-141.428974,200,9.874356,0.0,0.6250383450195092,3186.60448144203,19.774990087634475,15.933022407210151
-154.115093,200,10.010881,0.0,0.8180254558889293,3336.405709792613,19.19952897034331,16.682028548963064
-128.776325,200,10.49446,0.0,0.6994363503673191,3185.2830648573736,18.772183435693275,15.926415324286868
-57.485538,200,10.655489,0.0,0.2230497953941536,3392.82886619937,19.67357643306801,16.964144330996852
-92.112293,200,10.801021,0.0,0.312787706963998,3248.323769838604,19.261789066927097,16.24161884919302
-51.646888,200,10.944031,0.0,0.13676986419657963,3426.1084758764846,19.552271430702532,17.130542379382423
-111.586003,200,11.086551,0.0,0.7225698858623356,3435.67204616942,19.242896165673788,17.1783602308471
-127.458604,200,11.222585,0.0,0.6300826079504279,3273.8484519113968,19.951674186429237,16.369242259556984
-160.948771,200,11.356113,0.0,0.8114561624767662,3642.7613338153024,21.133213683934773,18.21380666907651
-169.724785,200,11.497696,0.0,0.8737006094240473,3285.3536584979665,19.540091034758742,16.426768292489832
-153.394255,200,11.63578,0.0,0.879472224959041,3412.854488428057,19.619022973686405,17.064272442140282
-107.012722,200,11.776955,0.0,0.6009887738462669,3547.1181956815567,20.648775195708435,17.735590978407785
-145.84468,200,12.276563,0.0,0.6632901474023405,3328.031165834149,18.875551191327254,16.640155829170745
-139.084299,200,12.434554,0.0,0.5313353595902709,3315.7196797720358,19.391297782641214,16.57859839886018
-167.31918,200,12.581085,0.0,0.837772823968081,3601.49867316146,20.412902062542578,18.0074933658073
-97.817975,200,12.72312,0.0,0.47565395388242204,3416.146151938397,20.28879860679804,17.080730759691985
-164.1836,200,12.863639,0.0,0.8201573886895557,3174.1230395181797,19.204281860921547,15.8706151975909
-111.828515,200,12.994154,0.0,0.5748894382568855,3382.7471000472733,19.871535580320067,16.913735500236367
-110.377182,200,13.133195,0.0,0.6715972315265318,3234.0095464786405,18.406023806843123,16.1700477323932
-131.663068,200,13.271444,0.0,0.5845953117889533,3341.758053221249,19.355820584795957,16.708790266106245
-143.267623,200,13.406971,0.0,0.6108190057403183,3448.207756993194,20.063783707992556,17.24103878496597
-158.753101,200,13.539002,0.0,0.8336999549536159,3027.238239899144,18.149071375906026,15.13619119949572
-67.833739,200,14.050572,0.0,0.25603349951129534,3442.2447514095597,19.91264184679663,17.211223757047797
-156.440395,200,14.206097,0.0,0.8054257713578239,3354.6598690663445,19.792118529321165,16.773299345331722
-161.487999,200,14.346125,0.0,0.8677716825436604,3329.12251138764,19.247592268832495,16.6456125569382
-116.374066,200,14.484644,0.0,0.5071590687940193,3395.6516283760106,18.993253680896842,16.978258141880055
-92.031725,200,14.625737,0.0,0.49765815224077115,3201.07881546949,18.86591815266484,16.00539407734745
-102.273345,200,14.761227,0.0,0.6623565483879249,3264.110797715455,19.788705712376572,16.320553988577277
-120.557223,200,14.895753,0.0,0.6072258425698058,3354.000995115481,19.490019476323166,16.770004975577407
-156.150037,200,15.036678,0.0,0.790225121852336,3516.6268403006748,20.11813184312073,17.583134201503373
-47.959224,161,15.150205,1.0,0.04813611195969742,2589.918037709216,15.65371624625732,16.08644743918768
-97.666717,200,15.289777,0.0,0.4481698473736696,3517.9160697236816,20.142945699926322,17.58958034861841
-60.892897,200,15.424746,0.0,0.24147188749272902,3608.8961321472584,19.94053402937049,18.04448066073629
-129.930193,200,15.925852,0.0,0.6239510965430076,3264.316950956527,19.743560052889542,16.321584754782634
-173.540609,200,16.073154,0.0,0.8248760270602878,3294.7448200646527,18.909803236289388,16.473724100323263
-157.438618,200,16.211675,0.0,0.7368566403431126,3562.3817213318266,20.658476489845917,17.811908606659134
-128.861858,200,16.347708,0.0,0.5886221274246275,3371.893622689765,20.001689608517434,16.859468113448823
-66.521175,200,16.483802,0.0,0.44643873338127965,3594.0919401965684,20.80285293659768,17.970459700982843
-116.236445,200,16.622849,0.0,0.46739059419131307,3269.0727260961,19.196285400480537,16.3453636304805
-144.832284,200,16.761691,0.0,0.7196661869152975,3216.473953666054,18.994232005864326,16.08236976833027
-66.4885,200,16.900222,0.0,0.2217599359313295,3608.3403082209934,21.48905857960588,18.041701541104967
-158.399223,200,17.035191,0.0,0.6956810061329176,3530.953171160438,20.688837732080266,17.65476585580219
-127.499039,200,17.167739,0.0,0.537727540417368,3395.162054912635,20.56936721885332,16.975810274563177
-88.240493,200,17.659331,0.0,0.32426395203159625,3364.8077594013116,19.054984026523403,16.82403879700656
-78.086129,200,17.818204,0.0,0.44344299069099435,3605.5721348633633,20.63181888915296,18.027860674316816
-59.191688,200,17.95273,0.0,0.3637398523187993,3619.089803244667,21.254019643426336,18.095449016223334
-75.867666,200,18.095254,0.0,0.23725347307911418,3418.2887047411277,20.800797241043057,17.09144352370564
-63.105553,200,18.227602,0.0,0.39700297039704596,3429.9954853515346,19.857452687778405,17.149977426757673
-136.833124,200,18.363746,0.0,0.4820757408696848,3452.9060637943408,19.268654019391356,17.264530318971705
-115.866447,200,18.500284,0.0,0.5918886222785035,3255.479689387436,18.630507047491687,16.27739844693718
-45.564342,200,18.63235,0.0,0.15052096903523,3202.5887866619114,19.857157651714342,16.012943933309558
-150.965817,200,18.765864,0.0,0.7155238678131354,3116.4775138805917,18.59014145294759,15.58238756940296
-132.218457,200,18.904122,0.0,0.6564273205831929,3310.358708288076,19.506200285182768,16.55179354144038
-95.372041,200,19.39068,0.0,0.6703760923139718,3430.412035580617,20.241511464561633,17.152060177903085
-106.625123,200,19.551713,0.0,0.4113016398756658,2983.0716000448533,18.322201405447178,14.915358000224266
-84.494906,200,19.690229,0.0,0.15923647843726182,3218.8890076071607,18.981548659835752,16.094445038035804
-45.448261,156,19.796755,1.0,0.04529480072453273,2645.844325773721,16.29117441683387,16.960540549831542
-77.899457,200,19.93685,0.0,0.09578928487514435,3188.1035187193975,18.703959326341064,15.940517593596987
-130.652547,200,20.079378,0.0,0.5868332071211242,3306.0223044237273,20.21527874053465,16.530111522118638
-85.353544,200,20.221423,0.0,0.41788012350494663,3568.5330557137913,20.274039488863032,17.84266527856896
-97.141297,200,20.360205,0.0,0.4619821984782708,3362.6399484311237,19.92413958209021,16.813199742155618
-81.311837,200,20.496498,0.0,0.44208026877380346,3258.3087310794754,19.43006027353187,16.291543655397376
-155.621597,200,20.629627,0.0,0.609678436146464,3197.0232629232514,19.188272656483406,15.985116314616256
-182.877938,200,20.768149,0.0,0.8916885513279176,3382.9565101644052,20.07661899737177,16.914782550822025
-69.376133,200,21.273726,0.0,0.23764502339487859,3314.5940012927326,18.50148749446806,16.572970006463663
-57.293391,200,21.425771,0.0,0.31859251428813024,3415.91984452685,19.9562836246237,17.07959922263425
-90.75924,200,21.56379,0.0,0.3672331212541427,3202.36786698857,18.833533579007565,16.01183933494285
-96.377255,200,21.697338,0.0,0.4043635269171936,3359.68319758287,19.562867354768823,16.79841598791435
-146.702072,200,21.83318,0.0,0.7362458667868514,3269.30887226882,19.061365470422416,16.3465443613441
-164.295923,200,21.975701,0.0,0.7108380913217143,3258.0315889849403,19.310471269764733,16.2901579449247
-137.215496,200,22.109225,0.0,0.6096989786196668,3493.36926670531,19.404958724051177,17.46684633352655
-134.60796,200,22.243254,0.0,0.4434126218450098,3133.6241244660023,18.270751860435432,15.668120622330012
-157.800305,200,22.378775,0.0,0.7905543207175815,3379.7172250443646,19.753519442896394,16.898586125221822
-60.326901,200,22.515821,0.0,0.40576343169403095,3477.9430727574377,19.94226810962532,17.38971536378719
-60.348406,200,23.012555,0.0,0.5948221269348819,3293.0161680808897,19.989808373887783,16.465080840404447
-161.013671,200,23.17559,0.0,0.8061311488693473,3526.3923076283045,20.480549557922405,17.63196153814152
-79.141775,200,23.310585,0.0,0.4524888906169952,3421.219102804311,20.38050938584354,17.106095514021558
-73.809352,200,23.453614,0.0,0.18481776546993256,3170.6136850171993,18.458954652068808,15.853068425085997
-102.406336,200,23.587147,0.0,0.8278050559431427,3320.341725663974,19.563181720932327,16.60170862831987
-59.014775,200,23.728189,0.0,0.4672722369844587,3058.308739808233,18.395900920237754,15.291543699041165
-128.731338,200,23.869716,0.0,0.6713260670695128,3404.136347282027,19.90675613330816,17.020681736410136
-100.233078,200,24.011256,0.0,0.48184218016630864,3460.513809618339,19.386456570853404,17.302569048091694
-148.832353,200,24.15129,0.0,0.5885154289628463,3168.88081406011,18.72322849890997,15.84440407030055
-128.062142,200,24.290815,0.0,0.8932651782830832,3168.7098851565565,19.02804150618062,15.843549425782783
-134.717566,200,24.797113,0.0,0.5201354104227582,3083.647073356935,18.288373338768093,15.418235366784675
-93.392925,200,24.963277,0.0,0.437366238273546,3297.2436196870876,18.96969393179594,16.486218098435437
-88.119684,200,25.109709,0.0,0.2713051990790066,2942.1274960984033,18.003928341322492,14.710637480492016
-107.66834,200,25.253522,0.0,0.6032491661046518,3237.702538339341,19.267879651924638,16.188512691696705
-169.755204,200,25.388976,0.0,0.8346643701021337,3463.351009364805,20.528722201916498,17.316755046824024
-55.991899,169,25.501494,1.0,0.048470411595848785,2828.1619710890927,16.495007174050482,16.734686219462088
-132.465323,200,25.635514,0.0,0.6280959437273423,3220.8187718451286,19.104546854079988,16.104093859225642
-103.718827,200,25.796044,0.0,0.449956498583751,3118.3023766273172,18.79706160676104,15.591511883136587
-110.198314,200,25.931513,0.0,0.5482059088224833,3285.7757085211197,19.52111026559176,16.4288785426056
-116.229006,200,26.071009,0.0,0.6073650379508464,3346.2019207137464,19.825632392521744,16.731009603568733
-152.098481,200,26.559643,0.0,0.6560009350228161,2885.9667226037436,17.656964477261326,14.429833613018719
-116.016533,200,26.728883,0.0,0.5167711089773874,3099.4105257100605,18.58499673033993,15.497052628550302
-161.135963,200,26.871407,0.0,0.6166507707179959,3201.648851017576,19.27023426788644,16.00824425508788
-165.759338,200,27.017667,0.0,0.8562411739887519,3508.2425059555076,19.912455105900946,17.54121252977754
-84.511255,200,27.158833,0.0,0.8335971425649096,3312.0532849010297,19.389870157017537,16.560266424505148
-130.462337,200,27.295957,0.0,0.6760441592182425,3310.428895901945,19.500620522609573,16.552144479509725
-74.871217,200,27.431996,0.0,0.4502692703945349,3379.4680375914013,19.720871833620603,16.897340187957006
-139.056268,200,27.575519,0.0,0.5773253028895785,2898.7933826002113,17.610269476673817,14.493966913001056
-87.25264,200,27.712867,0.0,0.8465421470126442,2584.024449785346,16.61178719239519,12.92012224892673
-84.065003,200,27.842676,0.0,0.40478328323733903,3323.6653203905457,19.59429995518984,16.618326601952727
-78.316248,200,27.975214,0.0,0.35811313407258766,3206.7952659023777,18.99375696630033,16.033976329511887
-103.830219,200,28.488809,0.0,0.37305282339607304,3102.527746579114,18.253831240879567,15.51263873289557
-113.918134,200,28.644026,0.0,0.9291325613412008,2874.7729854538807,18.280912854615973,14.373864927269404
-135.600711,200,28.784555,0.0,0.6558302692400608,2923.773868574267,18.394828570844336,14.618869342871335
-108.201959,200,28.919593,0.0,0.7265856363726148,2672.5438301015697,16.520175903330387,13.362719150507848
-177.45035,200,29.050156,0.0,0.8790870919154888,3459.749207837752,19.837116804914942,17.29874603918876
-58.028461,200,29.193351,0.0,0.16420822815817077,3410.6911721712054,20.007290465984806,17.053455860856026
-74.390421,200,29.352052,0.0,0.4005238395299516,2963.686128226341,17.880803709433312,14.818430641131705
-78.113468,200,29.502569,0.0,0.6916450716351413,2820.6130121367087,17.607671375981873,14.103065060683543
-107.726961,200,29.655619,0.0,0.5381985765303324,3350.2210174062843,19.765881355413637,16.751105087031423
-78.510766,200,29.796372,0.0,0.6153129738716377,3317.5832451644833,19.30626138738366,16.587916225822415
-104.541323,200,30.295462,0.0,0.3156999338613704,3330.3494403783593,19.772621384885653,16.651747201891798
-102.73182,200,30.444507,0.0,0.6203529719432992,3051.7142312336728,17.82426826198043,15.258571156168363
-106.577033,200,30.594032,0.0,0.7763997339575611,3303.8342912915523,20.42970341112006,16.519171456457762
-149.201828,200,30.733085,0.0,0.630917715704414,3085.6909763116123,18.299124745540574,15.42845488155806
-136.349276,200,30.875614,0.0,0.6264024245237473,3417.520051782617,19.86875920507974,17.087600258913085
-151.875218,200,31.015154,0.0,0.5057622096208572,2914.548232765974,17.176498142050647,14.57274116382987
-157.72864,200,31.158183,0.0,0.671792077409789,2751.4806582968695,16.383666311692767,13.757403291484348
-149.840254,200,31.292713,0.0,0.7847913112788778,3271.3381710472495,20.077684135420576,16.35669085523625
-169.970734,200,31.437057,0.0,0.907088219995644,3669.2099394256234,21.07623919328451,18.346049697128116
-102.993713,200,31.578146,0.0,0.5656222564858704,2616.998818091386,16.733012293140007,13.08499409045693
-123.738004,200,32.06674,0.0,0.4430981023214338,2984.0832237393906,18.0316203472177,14.920416118696954
-58.047925,200,32.232774,0.0,0.4684876346795043,2878.622410041703,18.182418826111977,14.393112050208515
-89.270197,200,32.374295,0.0,0.6739093573441161,3045.780779964933,17.926337295882288,15.228903899824665
-93.112833,200,32.512828,0.0,0.5447407460748552,2783.809131876708,16.917607904377896,13.919045659383539
-96.911701,200,32.646903,0.0,0.6701704285785633,3010.7240530844047,18.17654182728989,15.053620265422023
-87.538055,200,32.780527,0.0,0.42176307581261885,3134.8494150238403,19.2636321221821,15.674247075119201
-105.369473,200,32.918051,0.0,1.2200521394902268,2640.0377859137616,16.356731992084363,13.200188929568808
-106.48491,200,33.0571,0.0,0.5111685589400535,3262.7842193468987,19.201970267674206,16.313921096734493
-42.177765,200,33.199624,0.0,0.23438491838977737,3262.287533953723,19.16229444977437,16.311437669768615
-108.96184,200,33.326658,0.0,0.7497697666918279,2927.396653171503,17.463395012683275,14.636983265857516
-120.247094,200,33.830429,0.0,0.5440981451339996,3513.656510534439,20.139350001982226,17.568282552672194
-46.138878,200,33.994936,0.0,0.4619106164991445,2974.1354757557765,17.87532559469289,14.870677378778883
-122.952231,200,34.134736,0.0,0.5697379039120434,3268.203996189162,18.717570145396362,16.34101998094581
-82.995789,200,34.270265,0.0,0.928025653637696,2907.245866571379,17.87869796720796,14.536229332856895
-71.201979,200,34.40281,0.0,0.5922137488386188,2789.676311359911,17.435342977819055,13.948381556799553
-162.911688,200,34.536878,0.0,0.7201042492676987,3031.2008344758656,17.883824921855897,15.156004172379328
-62.729972,200,34.673399,0.0,0.5334484515881492,3008.1593017630607,18.38038918336363,15.040796508815303
-148.593772,200,34.812931,0.0,0.7150972488839303,2730.746744825111,16.93134377742589,13.653733724125555
-121.341203,200,34.952978,0.0,0.6692209397416715,3203.1367662239422,19.208636670782873,16.015683831119713
-116.935272,200,35.092493,0.0,0.5807431244773569,3226.4557217779225,19.477472583889867,16.132278608889614
-115.213981,200,35.224493,0.0,0.5242134134399966,2732.5120350558263,16.727653335396802,13.662560175279133
-157.264267,200,35.747545,0.0,0.7977860271312084,3095.441349682966,19.075602988680412,15.477206748414831
-134.108482,200,35.898122,0.0,0.6923200835653192,3483.8478446008407,19.420174120309476,17.419239223004205
-155.686169,200,36.037174,0.0,0.7523805208063892,3396.622622601404,18.93834516669606,16.983113113007022
-132.625144,200,36.177686,0.0,0.6326809628379877,3204.613704307004,19.06786878708961,16.02306852153502
-155.970171,200,36.313213,0.0,0.6896795623499328,3232.8386506552433,18.890712547320962,16.164193253276217
-144.898861,200,36.444319,0.0,0.6466024489888814,3141.886460947039,19.197853780442138,15.709432304735195
-154.234471,200,36.584469,0.0,0.804763986961687,3586.923157872109,20.30867501192646,17.934615789360546
-145.661791,200,36.726378,0.0,0.6988028495204235,2772.747343407347,17.361079467917335,13.863736717036737
-121.018303,200,36.866116,0.0,0.6735963836229428,2553.7049419291407,15.684562839533372,12.768524709645703
-13.745547,55,36.90512,1.0,0.04920450736221415,681.1870271422889,4.751403958668104,12.385218675314343
-134.50119,200,37.042181,0.0,0.57895044530931,2820.8342914484433,16.938812764164734,14.104171457242217
-140.237602,200,37.564764,0.0,0.7245732050576539,3287.678418000781,19.48823195868199,16.438392090003905
-84.32026,200,37.710297,0.0,0.8141304350754972,2792.6819374818997,16.918083158561267,13.963409687409499
-144.039722,200,37.847326,0.0,0.7518186869745759,3328.596746993659,20.134775900132368,16.642983734968297
-67.377665,200,37.992122,0.0,0.5122060323264017,3128.468960942723,18.347599796324605,15.642344804713614
-156.630007,200,38.123819,0.0,0.7865272476226454,3492.7889868286097,20.56070135521042,17.463944934143047
-106.013364,200,38.267929,0.0,0.5795935879910079,2909.61493799229,18.2261824685709,14.54807468996145
-45.353485,200,38.408451,0.0,0.22943894386974753,3562.4431323525346,20.10395401482005,17.81221566176267
-96.614953,200,38.549495,0.0,0.6441440031765128,2688.728738034477,16.589287368726715,13.443643690172385
-56.847475,200,38.689014,0.0,0.302150410426957,3233.2656268439587,18.515251414417683,16.166328134219793
-149.370369,200,38.826052,0.0,0.6105143355655647,2908.248230050811,16.831494865937202,14.541241150254054
-85.236251,200,39.342642,0.0,0.9436160477942146,2278.7719012911257,15.140834233918822,11.393859506455629
-66.692328,200,39.497156,0.0,0.48484043807206134,3279.116092868811,18.801535221190253,16.395580464344054
-85.249766,200,39.631707,0.0,0.8386652690827661,2844.1720379254857,18.13727206086215,14.220860189627428
-83.578045,200,39.771224,0.0,0.5253039578869988,3325.0822103935543,20.337435348497895,16.62541105196777
-156.381131,200,39.904755,0.0,0.713991123459142,2715.0591578298086,17.40325189411516,13.575295789149044
-97.377563,200,40.04481,0.0,0.8991570673946373,2320.7867598199073,15.329275166588227,11.603933799099536
-122.599768,200,40.17717,0.0,0.715643822341794,2844.1429802917755,18.32458711508156,14.220714901458878
-79.690852,200,40.316872,0.0,0.8590540375056198,2125.354908106981,14.368568925108367,10.626774540534905
-70.332755,200,40.45891,0.0,0.35314986045686403,3299.9141094936704,19.798881780144853,16.499570547468352
-88.809658,200,40.595432,0.0,0.9734095697666143,2629.2279795997906,17.283025299361856,13.146139897998953
-101.475315,200,41.126028,0.0,0.6909834360787068,2504.919841488776,16.328334808117454,12.52459920744388
-118.613922,200,41.283543,0.0,0.6208398720679369,2392.2176494060836,15.474308636686645,11.961088247030418
-118.281387,200,41.425579,0.0,0.6730438826058502,2308.252181884193,14.866687123287823,11.541260909420965
-69.459409,200,41.572096,0.0,0.39661385519411124,3520.331883205867,19.704877905315065,17.601659416029335
-76.150624,200,41.708429,0.0,0.7558927421880652,3046.04327092757,19.03413222608854,15.23021635463785
-93.178869,200,41.841487,0.0,0.7222763216008515,3032.392739583046,17.37071272880098,15.16196369791523
-23.407637,200,41.973998,0.0,0.10573109581244468,3395.2353342451,19.934397685099345,16.976176671225502
-112.731946,200,42.105534,0.0,0.730847449365232,2336.964771985856,15.304398270586695,11.68482385992928
-50.884345,200,42.238652,0.0,0.41086468917744956,3062.551421614351,18.212984958738737,15.312757108071755
-12.508707,61,42.280495,1.0,0.049996829721866726,947.6301227504007,5.8452707913932445,15.534920045088535
-88.508525,200,42.416257,0.0,0.7399797979653149,2316.430726997481,15.303995965815465,11.582153634987405
-124.337397,200,42.90183,0.0,0.7593673344711942,3059.2801672931264,18.57687138159034,15.296400836465631
-111.78894,200,43.054867,0.0,0.7758280858376383,1864.436930188091,13.385573074104052,9.322184650940455
-113.98491,200,43.1871,0.0,0.6224195219066029,3037.1557427744638,17.803787680933603,15.185778713872319
-104.506127,200,43.328129,0.0,1.0319703863889798,2223.7156066926823,15.093648064897378,11.118578033463411
-136.668847,200,43.464648,0.0,0.7134214749468042,3013.286131088227,17.764497692366227,15.066430655441136
-81.617659,200,43.597162,0.0,0.4281079603918399,2821.863178082173,16.7646096283954,14.109315890410864
-122.475312,200,43.735081,0.0,0.623271625695665,3082.9138871257514,18.119114831645913,15.414569435628756
-102.345235,200,43.8736,0.0,0.8825838879221015,2469.0366672773916,15.657927848738934,12.345183336386958
-126.516136,200,44.011117,0.0,0.540557569846428,2231.0759395521427,14.46603725957147,11.155379697760713
-62.470987,200,44.146152,0.0,0.689956639110683,3558.2884873864596,20.996598478630712,17.791442436932297
-128.075342,200,44.643989,0.0,0.628676432968412,2314.3287816120114,15.182067759149586,11.571643908060057
-109.535902,200,44.79651,0.0,0.8771160078833529,2132.905902491178,14.508846951127223,10.664529512455891
-96.31851,200,44.941565,0.0,0.7058637907236307,2383.3012819565356,15.134264182882596,11.916506409782677
-70.977147,200,45.077694,0.0,0.3790994648603447,3318.980166851718,19.63871230373709,16.59490083425859
-112.360184,200,45.218214,0.0,0.815954022914022,2469.6414396141467,15.581757613790137,12.348207198070734
-95.611358,200,45.353247,0.0,0.8716944301119682,2692.9448917203376,17.799887150051532,13.464724458601689
-93.275003,200,45.482778,0.0,0.7886762851776412,2168.327305683162,14.487009699332575,10.841636528415812
-115.534759,200,45.617297,0.0,1.1830345038381236,2070.91641650317,14.450265839264098,10.354582082515849
-107.041266,200,45.754335,0.0,0.7368984791811091,2672.1595757445575,16.968631639596804,13.360797878722787
-74.912821,200,45.889846,0.0,1.0099496950363465,2640.0792525484444,16.696640254281327,13.200396262742222
-123.74224,200,46.375929,0.0,0.6772779058558355,1659.9332145898309,12.26311762032319,8.299666072949154
-132.546268,200,46.538962,0.0,0.6282677346205576,2168.1666454372616,14.760099067758095,10.840833227186309
-95.01894,200,46.687938,0.0,0.8386120438389039,2120.090444809474,13.778135124295824,10.60045222404737
-69.974627,200,46.833076,0.0,0.41280079656728,3252.986769955833,19.413297592232702,16.264933849779165
-97.394673,200,46.967117,0.0,0.6266653457599076,3579.7689690966486,20.506674881901677,17.898844845483243
-111.707463,200,47.107636,0.0,0.7327131770839301,2063.16570179945,13.439709346599134,10.31582850899725
-90.628017,200,47.243671,0.0,0.7697681419877196,2300.9517815561653,14.97204405434569,11.504758907780827
-121.162995,200,47.377189,0.0,0.6039163245621804,3381.8307396706905,19.372924570997263,16.909153698353453
-126.139772,200,47.510724,0.0,0.6349042196423327,1813.649371631524,12.818388620646601,9.06824685815762
-37.192503,200,47.645423,0.0,0.16575908527267216,3344.1804624460638,19.14764129849206,16.72090231223032
-100.219034,200,47.777475,0.0,0.5162237358262737,2964.7084215322916,18.03469899168138,14.823542107661458
-78.369617,200,48.280579,0.0,0.8276656063506833,3004.6832115144766,18.1618601261,15.023416057572383
-38.590473,200,48.440625,0.0,0.25515239489514624,3410.8662340770657,20.25517254051736,17.05433117038533
-46.637505,200,48.57515,0.0,0.16561751707157732,3412.8125695224803,19.367798742072807,17.0640628476124
-114.942531,200,48.716682,0.0,0.5596838423511049,2706.177198794607,16.939656457473305,13.530885993973037
-102.876742,200,48.848356,0.0,1.0630367302214392,1843.9471154674281,13.21955316847051,9.21973557733714
-152.427252,200,48.98052,0.0,0.719072554535279,2916.804643440328,17.37651053536147,14.58402321720164
-131.595184,200,49.116258,0.0,0.6479426156895052,3416.747137263964,19.86425057259605,17.08373568631982
-100.682255,200,49.252317,0.0,0.8380633910809646,2858.5974110791576,17.84724309278493,14.292987055395788
-75.659853,200,49.388851,0.0,0.7175862338742934,2923.862442255647,17.132423897760763,14.619312211278235
-161.006609,200,49.528884,0.0,0.7894655608515923,3057.944859909004,17.886870386255673,15.289724299545021
-135.501901,200,50.021965,0.0,0.8382676327334418,2442.2099935606475,16.00689785896777,12.211049967803238
-161.117582,200,50.178992,0.0,0.8141656737224656,3272.760223727325,19.219330984020047,16.363801118636626
-91.601032,200,50.319521,0.0,0.9664783091334885,2901.7468555761047,17.812014916304275,14.508734277880524
-46.249446,200,50.456241,0.0,0.4961544282522196,3341.595095717506,19.45941648292961,16.707975478587528
-112.464079,200,50.591759,0.0,0.732153014755162,2325.2741326946752,15.04016689011727,11.626370663473375
-95.919545,200,50.730814,0.0,0.5398974640191155,3569.855377464492,20.37709439963135,17.84927688732246
-65.067502,200,50.866341,0.0,0.3092698669703552,3276.714670313703,18.90189091899777,16.383573351568515
-177.389981,200,51.005857,0.0,0.9115400350935852,3393.621191556327,19.627902645887552,16.968105957781635
-13.560207,59,51.04878,1.0,0.04475508288225687,618.9758168024836,3.8654718034984996,10.491115539025145
-94.437518,200,51.187437,0.0,0.4406589650480987,3472.4773978516228,20.093934513285653,17.362386989258113
-141.187994,200,51.329098,0.0,0.7503934626072722,2750.073310189991,17.070167057193345,13.750366550949956
-101.609673,200,51.813198,0.0,1.0462202769021178,2365.4883969479633,15.27314942810397,11.827441984739817
-172.768989,200,51.982238,0.0,0.8577641765527338,3539.814794779748,20.59873823278924,17.699073973898738
-118.280882,200,52.121792,0.0,1.08609387051667,2324.0826176720175,14.539260507643494,11.620413088360088
-140.309741,200,52.251833,0.0,0.7836227281920699,2077.521158737392,14.196808665306616,10.38760579368696
-34.300534,200,52.388351,0.0,0.3737283027424058,3044.2138567399256,18.179786414301233,15.221069283699627
-117.727754,200,52.520932,0.0,0.6500163686129102,2246.1991243381417,15.10479451212003,11.230995621690708
-97.883313,200,52.653957,0.0,0.8291497485192918,3041.6776397176527,17.876844826048472,15.208388198588263
-130.305446,200,52.784479,0.0,0.8195648551279138,1935.7630838518974,13.220365090852493,9.678815419259486
-93.37041,200,52.922,0.0,0.525770410258382,2985.5992939159964,18.05054393461984,14.927996469579982
-93.838729,200,53.054029,0.0,0.5631050037924301,2993.21695010545,17.851479505625562,14.96608475052725
-131.039005,200,53.600797,0.0,0.787388065784655,2976.780467877447,18.257847341586153,14.883902339387234
-169.253115,200,53.765845,0.0,0.8660798081168988,3266.5868165285474,19.02433037189745,16.332934082642737
-125.638338,200,53.909357,0.0,1.0365215837317903,2492.6399963018457,15.86119797406585,12.463199981509229
-140.548703,200,54.046418,0.0,0.7340491629287509,3275.0371321343737,19.116544692112633,16.375185660671868
-151.663282,200,54.180934,0.0,0.762175904012415,2190.5061706004853,14.675533543598577,10.952530853002427
-144.493655,200,54.321466,0.0,0.8060368509670951,3407.518194513288,19.60907866025275,17.03759097256644
-133.852637,200,54.454505,0.0,0.6517493728142938,3372.7812089112317,19.52020623146125,16.86390604455616
-79.101,200,54.588,0.0,0.5326923949978608,3553.253668864645,19.7235002083842,17.766268344323226
-124.192621,200,54.720538,0.0,1.000375670323082,1955.8971658741693,13.271336573132604,9.779485829370847
-131.534017,200,54.858581,0.0,0.7328995787308095,3243.772953314841,18.80662303893242,16.218864766574203
-32.523073,200,55.338162,0.0,0.05794048272134317,3118.0087089874373,18.334584608876103,15.590043544937187
-124.150611,200,55.507927,0.0,1.1321895148870798,1895.9940351302407,13.064211728380219,9.479970175651204
-113.312136,200,55.655539,0.0,1.0759932810013222,2576.265120999369,16.621279850243877,12.881325604996846
-124.625149,200,55.796061,0.0,0.8867412852400722,1911.1659407363773,13.188518555177263,9.555829703681887
-112.302842,200,55.947524,0.0,1.2881602986458496,2032.925377063023,14.144050073853847,10.164626885315116
-87.498163,200,56.086041,0.0,0.8730730473441912,2114.821385046247,14.235426887391752,10.574106925231236
-123.175584,200,56.218579,0.0,0.46088733065583787,2468.3419010443554,15.738733561376721,12.341709505221777
-50.923188,200,56.358632,0.0,0.4130048201565312,3462.5752013134625,20.38218482463443,17.31287600656731
-71.8791,200,56.495145,0.0,0.8510747152968412,3058.534876110385,18.912298441679017,15.292674380551926
-89.320272,200,56.634199,0.0,0.904492261170699,2827.6341535571514,17.944766820244197,14.138170767785757
-121.382012,200,56.767644,0.0,0.6692278745356435,2330.450672040411,15.328693429661458,11.652253360202055
-128.729252,200,57.254914,0.0,0.7321800282675375,1698.3007142818255,12.346112093625024,8.491503571409128
-132.148589,200,57.408601,0.0,1.4645015611784988,1627.1341695292633,12.554482521224807,8.135670847646317
-75.673986,200,57.549634,0.0,0.39285573568994975,3396.21165268168,19.8027760298738,16.9810582634084
-75.643044,200,57.687619,0.0,0.877698227615848,2230.413070105459,15.117087673464937,11.152065350527296
-133.397244,200,57.829651,0.0,0.640871864523989,3315.1235866861193,19.508302757511032,16.575617933430596
-66.181693,200,57.96568,0.0,0.5093997976456724,2931.8690904105083,18.244209759460897,14.659345452052541
-108.904518,200,58.105211,0.0,0.6541003324399111,2431.1545535562336,15.766179283753349,12.155772767781167
-171.48716,200,58.239237,0.0,0.887356037698282,2949.6314939328613,17.82705745528219,14.748157469664307
-124.379454,200,58.367441,0.0,0.6110046882614109,3256.230041605955,18.933671521094194,16.281150208029775
-64.666874,200,58.507967,0.0,0.6408450369713697,2678.4594052809102,16.975327518078917,13.39229702640455
-104.880495,200,58.991694,0.0,0.9240851534219982,2854.5858969959345,17.21101537203996,14.272929484979672
-78.043481,200,59.14574,0.0,0.8716532255756883,3148.450849929285,18.805832943360855,15.742254249646425
-118.497445,200,59.280284,0.0,0.9547752409146246,2953.501786005801,18.00768110730852,14.767508930029004
-73.866377,200,59.419809,0.0,0.31197607597894417,3394.3599994316096,19.421912395155868,16.971799997158048
-141.728179,200,59.550869,0.0,0.6338607149919251,1942.886319747019,12.95386024608856,9.714431598735095
-92.087013,200,59.687402,0.0,0.9658580984510131,1863.5823182822696,13.256995555122742,9.317911591411349
-93.66215,200,59.824935,0.0,1.033001974064687,1546.163041431441,11.366060853990133,7.730815207157204
-124.001156,200,59.965097,0.0,0.8831920579386642,1818.4263408472805,12.62633172361602,9.092131704236403
-139.898015,200,60.101619,0.0,1.0110147136846506,1547.1080641307078,11.165209541776173,7.735540320653539
-103.459931,200,60.235661,0.0,0.8838933649674315,2084.7620549143185,13.74891263661452,10.423810274571592
-78.288986,200,60.719733,0.0,0.5137572417659451,3569.389734851142,20.558065825205844,17.84694867425571
-114.999177,200,60.874754,0.0,1.033866639440925,1620.05737640269,11.625475985173193,8.10028688201345
-131.051009,200,61.01527,0.0,0.7073373009665986,3256.041955692672,18.006502983540695,16.280209778463362
-102.172061,200,61.15231,0.0,0.5386800415963641,2943.9647278954403,17.550374620984837,14.719823639477202
-126.694319,200,61.290827,0.0,1.3517360462553871,1341.5734164829794,9.733957209108905,6.7078670824148965
-112.315331,200,61.428915,0.0,1.1929876626666565,1248.7827539773584,10.047366395989988,6.243913769886792
-108.416508,200,61.567955,0.0,0.6809890657241416,2783.042370190321,16.698337079134696,13.915211850951605
-99.848288,200,61.70302,0.0,0.641945562243291,2880.0762321464417,17.33584431456696,14.40038116073221
-107.685586,200,61.832077,0.0,1.0875916261356802,2781.923466097744,16.731733594007576,13.90961733048872
-39.708893,200,61.964605,0.0,0.4024623452252676,3343.5520036367725,20.561933751217186,16.717760018183863
-124.046326,200,62.462161,0.0,0.6293835465569407,3658.5075690033623,20.383641110892988,18.29253784501681
-120.227242,200,62.617682,0.0,1.1423154681094927,1364.947947188794,10.662971367493213,6.82473973594397
-150.777972,200,62.76132,0.0,0.8125226731648162,2799.867584081184,17.331964835826902,13.99933792040592
-138.97891,200,62.901851,0.0,0.7816631066067119,2930.851214752584,17.69322434332507,14.65425607376292
-145.905899,200,63.037896,0.0,0.8793659841642388,2145.4114805806307,13.834072278849472,10.727057402903153
-105.964358,200,63.177425,0.0,1.0859724476705077,2032.3281360515098,13.748893840753857,10.161640680257548
-113.353159,200,63.305938,0.0,0.9849375419726216,2912.8973898530116,17.67093433219959,14.564486949265058
-128.712389,200,63.439979,0.0,0.6106605614305581,3058.338504030325,18.078057439747045,15.291692520151626
-146.680487,200,63.575502,0.0,0.8631068015435901,1848.6727189377489,12.433987495775659,9.243363594688745
-107.840418,200,63.711027,0.0,0.7012214283253041,2246.643718979081,14.585706429922636,11.233218594895405
-153.682372,200,63.840072,0.0,0.8367817938433064,3167.052065674491,18.54085478696067,15.835260328372456
-118.716152,200,64.330213,0.0,0.5411270914994246,3439.0186128747273,19.340908441885315,17.195093064373637
-160.136,200,64.481757,0.0,0.8488315445288716,2732.041297982365,16.731685309186357,13.660206489911825
-107.56228,200,64.613278,0.0,0.9804490685174762,1841.4112892843737,12.469826385646149,9.207056446421868
-59.14311,200,64.750335,0.0,0.5131798303941081,2717.2591224022913,16.98890937668952,13.586295612011456
-172.851669,200,64.887854,0.0,0.8493745653162007,2829.1151284498997,17.300654414903967,14.145575642249499
-132.381866,200,65.024378,0.0,0.7562025862747647,1698.1565167007805,12.207986881172408,8.490782583503902
-99.286933,200,65.163413,0.0,0.6095275590180413,3347.1948485947273,19.0807154305019,16.735974242973636
-105.184856,200,65.296937,0.0,0.8991276105439665,2313.0029423048363,15.407517082345894,11.565014711524181
-99.333525,200,65.429453,0.0,0.9548575495716692,3032.9505166494614,17.948023221513296,15.164752583247306
-109.496145,200,65.560982,0.0,0.5518985561546531,3269.6218920308393,19.415867879998125,16.348109460154195
-106.701627,200,66.05357,0.0,0.7039208607942635,2923.987459435276,18.083022005804576,14.61993729717638
-116.215714,200,66.197088,0.0,0.8174933925841207,2768.7009376173537,16.597772509350072,13.84350468808677
-159.79495,200,66.336141,0.0,0.8265424316790048,3119.1343787181318,19.393233435075878,15.595671893590659
-101.840365,200,66.479892,0.0,0.9347891355298005,1930.8799677971183,12.835502381728412,9.654399838985592
-114.169259,200,66.619936,0.0,0.4638981372411094,3158.117449045367,18.71868922415446,15.790587245226835
-49.773759,200,66.75868,0.0,0.15452163505588543,3140.213776142885,18.61255311642717,15.701068880714423
-65.063566,200,66.887195,0.0,0.7302177656357409,2770.479790244594,17.22233682410138,13.85239895122297
-55.627773,200,67.018715,0.0,0.31052295055969126,3144.4183848370208,18.251044311657814,15.722091924185104
-146.714707,200,67.152755,0.0,0.7916554619434361,2996.937949050599,17.650685361819143,14.984689745252995
-169.7346,200,67.279274,0.0,0.7869602282005799,3226.7848552986115,18.851426847625973,16.133924276493058
-63.505067,200,67.761856,0.0,0.5166066012916579,2711.671817944276,16.679660547592327,13.55835908972138
-149.041104,200,67.915389,0.0,0.6595646251354803,2403.8089968219733,15.3802026954881,12.019044984109867
-155.929953,200,68.050421,0.0,0.9034662471022885,2793.908611061331,16.795985418202616,13.969543055306655
-114.358065,200,68.18551,0.0,1.0025342259883965,1450.1414445996136,10.781264667431788,7.250707222998068
-15.552103,64,68.230519,1.0,0.04059162434519995,662.4299149853207,4.608597332491839,10.350467421645636
-112.670071,200,68.365555,0.0,1.0874740081486947,2269.36072284276,15.13743629601651,11.3468036142138
-125.032984,200,68.50308,0.0,0.7506316450493554,1961.1502370169449,13.826078719886334,9.805751185084723
-122.927208,200,68.632783,0.0,0.7837879154221937,1631.5578050823513,11.938177887196005,8.157789025411756
-9.378975,40,68.662265,1.0,0.047941885980848684,316.90158789638383,2.4176016542111034,7.922539697409595
-165.334798,200,68.80328,0.0,0.8318139068697684,3541.1971486671155,20.38491675548123,17.705985743335578
-141.902122,200,68.932954,0.0,0.7112921597731423,3411.731957251432,20.220841114950755,17.05865978625716
-114.483457,200,69.067002,0.0,0.8590280755597817,2912.0604070372237,17.199454510082212,14.560302035186119
-135.151504,200,69.540145,0.0,0.6761657026410135,2792.572629737778,17.406408802928546,13.96286314868889
-80.089709,200,69.688661,0.0,0.8086406595539909,3081.2375864260603,18.362339127232456,15.406187932130301
-82.968002,200,69.823157,0.0,0.6887195922003972,2690.9243318537324,16.8774100717901,13.454621659268662
-37.369413,200,69.956196,0.0,0.3370280048561637,3180.1482304724736,18.651802861948102,15.900741152362368
-106.037542,200,70.089731,0.0,0.7108208383832214,3032.2765168663905,18.121925857556487,15.161382584331953
-181.484827,200,70.221271,0.0,0.936601479125613,3183.222772126093,18.625355028065414,15.916113860630464
-93.775381,200,70.35829,0.0,0.6930038250794918,2397.0937327969996,15.945559677628836,11.985468663984998
-92.377824,200,70.488808,0.0,0.8591015079283331,2669.7885236602924,16.066341960155924,13.348942618301463
-74.712545,200,70.620346,0.0,0.6826672874264309,2813.115398195677,16.62719258487429,14.065576990978384
-94.715975,200,70.749412,0.0,0.5933946303370339,3412.968323848467,19.88659437744393,17.064841619242337
-111.837064,200,71.253122,0.0,0.8934262187722752,2712.376873481841,16.83608358064939,13.561884367409204
-139.315041,200,71.41364,0.0,0.6827437133013751,2799.600929856305,18.102285448906397,13.998004649281524
-32.493702,200,71.550709,0.0,0.1368189487675603,3412.5209494327164,19.56294186637022,17.062604747163583
-106.090503,200,71.684199,0.0,0.8159954418514729,3096.267633854185,19.08190410289621,15.481338169270925
-132.470735,200,71.81325,0.0,0.6939038034953289,1883.6631239125702,13.108858115252351,9.41831561956285
-96.470013,200,71.942306,0.0,0.788966100800662,2098.8981876345897,14.118168204512722,10.494490938172948
-75.484592,200,72.072824,0.0,0.8304680999638346,3063.2298548557387,18.60691445034553,15.316149274278693
-101.154777,200,72.203352,0.0,0.7178881355774264,2517.9016812372442,16.25520015982782,12.589508406186221
-144.135437,200,72.332287,0.0,0.7213194542162363,3136.573011055253,18.623915075227778,15.682865055276265
-144.315436,200,72.465311,0.0,0.8255602052610292,2698.8429569305995,16.756298292953556,13.494214784652998
-129.160951,200,72.943819,0.0,0.7018379033726901,3198.161297576012,19.15761992342387,15.99080648788006
-136.46336,200,73.105866,0.0,0.6258945686543156,2438.9982074717805,16.367799569108808,12.194991037358902
-106.886338,200,73.246464,0.0,0.8865864818148249,2368.1309506289185,15.414513439129554,11.840654753144593
-121.581002,200,73.378989,0.0,0.5763780321898335,2360.744818197686,15.04641167085478,11.80372409098843
-143.078825,200,73.518519,0.0,0.7604724023243904,3112.5647801206883,18.243404999931677,15.56282390060344
-74.222422,200,73.644478,0.0,0.4514518539779187,3308.348587637683,19.861978801157917,16.541742938188417
-58.538704,200,73.775993,0.0,0.428272882213299,3322.126312537957,19.249698278567553,16.610631562689786
-131.660264,200,73.90452,0.0,0.6879609103837085,2675.9660406447633,16.853985127811914,13.379830203223817
-104.723368,200,74.037572,0.0,0.5485202148899684,3284.8434384396596,19.249666398016853,16.4242171921983
-159.82691,200,74.16609,0.0,0.7783279475601023,3398.853143868916,19.479590260988292,16.99426571934458
-143.000118,200,74.29962,0.0,0.6159689445243046,2547.8602232709245,17.05044009870926,12.739301116354623
-97.555665,200,74.796207,0.0,0.8989244118363854,2889.127679551014,16.87221079352554,14.445638397755069
-122.0418,200,74.932718,0.0,0.5889473834713577,3329.104614336388,19.475466990253366,16.64552307168194
-86.424639,200,75.072292,0.0,0.679817436615825,2422.4504699620193,16.15869461801446,12.112252349810097
-132.995803,200,75.199829,0.0,0.5883998488899993,2534.848211707773,15.5371202741652,12.674241058538865
-77.544988,200,75.339599,0.0,0.8915969664264238,2359.973706349579,15.579903772556532,11.799868531747896
-113.955429,200,75.471825,0.0,0.640247049036643,2635.0844014062086,16.646064363487124,13.175422007031043
-141.576161,200,75.608771,0.0,0.6160259850194206,2476.660019787539,16.338264308620875,12.383300098937696
-115.618242,200,75.742821,0.0,0.737398839872884,2852.757966353037,17.613731406977504,14.263789831765184
-84.597441,200,75.873339,0.0,0.5955338757334703,2465.280287720659,15.740886609942903,12.326401438603295
-39.155339,200,76.007864,0.0,0.5390345261257626,3103.448775731328,18.596356348629858,15.517243878656641
-111.889643,200,76.503458,0.0,0.5514427965004725,3335.325433237477,19.76439571683492,16.676627166187384
-83.833151,200,76.645358,0.0,0.8652328465668091,2766.7128449060256,17.014659045557103,13.833564224530129
-96.943509,200,76.782876,0.0,0.7341636192528403,2497.5214563475797,16.272653765033166,12.4876072817379
-129.790421,200,76.914454,0.0,0.6419625290330868,1951.8515838735461,13.235697391951712,9.75925791936773
-105.523164,200,77.051539,0.0,0.5502303096327785,2789.816398466951,16.71323286151228,13.949081992334754
-80.742325,200,77.188065,0.0,0.6586138464610987,2694.5413692550896,16.82800648328139,13.472706846275448
-113.254496,200,77.31758,0.0,0.9867229192324195,2212.7753087859296,14.498610997460817,11.063876543929648
-150.748399,200,77.453779,0.0,0.6930434673790639,3144.872207176469,18.83204556768683,15.724361035882346
-160.406393,200,77.585414,0.0,0.7853981182498975,3037.8376048067403,17.777067032303467,15.189188024033701
-127.252513,200,77.722807,0.0,0.7547268153863216,2592.78930221335,16.27111738382425,12.96394651106675
-171.036783,200,78.201398,0.0,0.818577878506165,3101.900693070308,18.151395967408714,15.509503465351541
-28.37695,200,78.352458,0.0,0.3755102051295087,3009.912207809626,17.81100659924541,15.04956103904813
-88.150837,200,78.489988,0.0,1.0302353362527186,2512.897885737271,16.494482810477873,12.564489428686354
-68.687277,200,78.622528,0.0,0.5078192710037855,2731.1664311532454,17.01696491897751,13.655832155766227
-8.713945,51,78.657046,1.0,0.049743076623564024,861.6926268554398,5.549087015421106,16.895933859910585
-132.377276,200,78.791574,0.0,0.6929905060340541,2966.024214982116,18.228643189314084,14.830121074910581
-127.674085,200,78.930118,0.0,0.6086842236629354,2194.6197680613986,14.54263105382107,10.973098840306994
-146.230262,200,79.067168,0.0,0.7039512339302979,2823.365316015779,17.601953002649996,14.116826580078897
-102.561437,200,79.198549,0.0,0.9315612961605474,2080.433645670546,13.613714281016236,10.40216822835273
-86.673562,200,79.332087,0.0,0.6876009402772243,3216.953277842748,19.053759978983784,16.08476638921374
-91.852048,200,79.462128,0.0,0.4612986547959793,3131.9826164145793,18.49094181308177,15.659913082072897
-93.791964,200,79.9623,0.0,0.6645643336520883,2198.5773032670813,15.080757245099779,10.992886516335407
-140.176762,200,80.107811,0.0,0.6676366365495129,3292.8526723010236,19.368055377463595,16.464263361505118
-90.036226,200,80.239843,0.0,1.035674402048729,2711.8157168990415,17.336772864402835,13.559078584495207
-92.189729,200,80.380376,0.0,0.5782833555565399,2603.018566302441,16.87682559459235,13.015092831512204
-102.272683,200,80.513476,0.0,0.6391734072486428,2713.5379794667733,16.960509031915738,13.567689897333867
-109.834146,200,80.64597,0.0,0.6888069070747685,2158.6524681893084,13.85778870968083,10.793262340946542
-128.764388,200,80.776508,0.0,0.5946400235523468,3102.492957882458,18.239954133286496,15.51246478941229
-76.742411,200,80.912063,0.0,0.8059660214990445,2394.8379510146156,15.734582867091563,11.974189755073077
-30.986978,200,81.047146,0.0,0.16263501571816896,3261.132399792117,19.16885867118174,16.305661998960588
-72.770944,200,81.176719,0.0,0.7881112179735302,2350.32270765025,15.863947915356118,11.751613538251249
-66.737289,200,81.643258,0.0,0.5618552206473112,3007.4914712077207,18.002663106209585,15.037457356038603
-70.773414,200,81.797576,0.0,0.6735620365170512,2720.932944051393,16.533395632308064,13.604664720256965
-72.637229,200,81.937923,0.0,0.7614996297149403,3151.2295390303943,18.41843925179924,15.756147695151972
-115.155602,200,82.073965,0.0,0.6921647456855459,2884.8427303127532,18.059288994631327,14.424213651563766
-67.403841,200,82.212494,0.0,0.6920867074359964,2824.2992716272533,17.595128297855677,14.121496358136266
-139.371369,200,82.349529,0.0,0.6624984642066271,3090.2515469213286,18.624218855598563,15.451257734606642
-95.303012,200,82.482058,0.0,0.8838037638664133,2240.632184451181,15.066262479765566,11.203160922255904
-79.642471,200,82.620583,0.0,0.7876598758298974,2835.8305687137463,18.257791053467496,14.179152843568732
-43.374991,200,82.752017,0.0,0.36962951778731434,3170.780241703121,18.760464981528266,15.853901208515605
-71.452992,200,82.881575,0.0,0.387221985458765,3235.0059423874254,18.614536890340585,16.17502971193713
-105.363473,200,83.341534,0.0,0.9182394855912798,2006.7235056915854,13.958420799594078,10.033617528457928
-123.071158,200,83.501048,0.0,0.6183232977997027,3116.494103003642,18.516369117052204,15.58247051501821
-103.86363,200,83.642038,0.0,0.8127612372398858,2337.4049928524587,14.918335490278434,11.687024964262294
-80.988985,200,83.773556,0.0,0.8128933589121969,3238.696064003296,18.99272519230385,16.19348032001648
-124.443306,200,83.910878,0.0,0.72818944294952,2638.8693352364858,17.20037961299809,13.194346676182429
-77.160162,200,84.050691,0.0,0.5754842760968171,3148.244713085468,18.31789462855957,15.74122356542734
-27.795153,200,84.192856,0.0,0.11977069931374323,3275.4633166308377,19.224158383287357,16.377316583154187
-112.503032,200,84.317771,0.0,0.6681503632887447,3007.190000162705,17.83277627188883,15.035950000813525
-68.87538,200,84.454821,0.0,0.691448296195915,3289.77056097888,19.45367969847208,16.4488528048944
-139.825754,200,84.593097,0.0,0.7155876238940598,3060.8783747846555,18.84714062770257,15.304391873923278
-103.35381,200,84.721642,0.0,0.7410842778814903,2790.6780698536777,17.526821812122833,13.953390349268389
-61.393181,200,85.245288,0.0,0.2873068653782213,3618.247475562037,20.301477392586907,18.091237377810184
-114.890646,200,85.392801,0.0,1.17632255675397,2244.0196044671306,15.393273689029254,11.220098022335653
-41.394959,200,85.531327,0.0,0.18831796717454233,3301.529405692925,18.598795262504517,16.507647028464625
-107.720284,200,85.662399,0.0,0.6066712372153141,3086.1337868668556,18.65243269344433,15.430668934334278
-168.717722,200,85.794926,0.0,0.8445664667806593,3611.2474690315776,20.907554767390327,18.05623734515789
-110.588369,200,85.935452,0.0,1.18493501683101,1843.8255005840626,12.816610241826362,9.219127502920314
-100.815133,200,86.067485,0.0,0.6837077816212785,2297.3652306367417,14.818555936064884,11.486826153183708
-30.623276,200,86.210413,0.0,0.12389515386502147,3382.29345201272,19.104962494681896,16.9114672600636
-53.118396,200,86.357248,0.0,0.32740160610985525,3417.141696290708,19.549580682488475,17.08570848145354
-54.891911,200,86.497784,0.0,0.6238065171745828,3092.286624294974,19.234949419129205,15.46143312147487
-76.612865,200,86.981422,0.0,0.7278478089769355,2354.842674658196,15.4915711562579,11.77421337329098
-90.314186,200,87.133946,0.0,0.6782591473140596,2695.590170653807,17.035996172269584,13.477950853269036
-66.457698,200,87.274485,0.0,0.6898843413272081,3037.737597893692,18.622374407949792,15.18868798946846
-95.358403,200,87.40701,0.0,0.8514301151774698,2506.687519584065,16.182941356555602,12.533437597920324
-116.423347,200,87.549084,0.0,0.5743385782857305,3263.3955187364254,19.338761077927472,16.316977593682125
-60.7343,200,87.685615,0.0,0.5117071283535057,3255.239263232948,19.416812147134625,16.27619631616474
-134.829636,200,87.822138,0.0,0.7073170167473026,2578.31488947333,16.46143105681456,12.891574447366649
-77.570534,200,87.952189,0.0,0.6859735636031754,2862.674839276634,17.267108805174416,14.31337419638317
-133.607217,200,88.087719,0.0,0.6823592725172235,2496.499894502297,16.044805230353255,12.482499472511485
-124.050729,200,88.223232,0.0,0.660456545529807,2929.768516059393,17.725618228775318,14.648842580296964
-137.800426,200,88.74017,0.0,0.6780866934046202,3486.105455579362,20.83617214221982,17.43052727789681
-134.077521,200,88.889195,0.0,0.6617908302954467,3315.37076893142,18.99213309707186,16.5768538446571
-157.7195,200,89.031726,0.0,0.7762399406270444,3477.066055640158,19.866594916835083,17.38533027820079
-136.23149,200,89.167753,0.0,0.6689379079745524,3038.5351896614966,18.359116848965403,15.192675948307484
-93.920353,200,89.297325,0.0,0.5062777598742988,3353.3714796840127,19.485552555498447,16.766857398420065
-173.223613,200,89.430871,0.0,0.884788617384059,3405.7547005770934,19.925178771958944,17.028773502885468
-67.669518,200,89.562901,0.0,0.3223898766133735,3414.5759874853684,18.86085051866044,17.07287993742684
-69.494165,200,89.693418,0.0,0.5312728758196563,2766.967226429831,17.323200864071264,13.834836132149155
-101.279855,200,89.823939,0.0,0.7895080546637707,2488.250015851462,16.04829204737051,12.44125007925731
-46.185222,200,89.961984,0.0,0.232635443016695,3448.0901061480795,20.115895801223783,17.240450530740397
-108.141082,200,90.425355,0.0,0.7112016148276189,3146.0483544373988,19.123123425378367,15.730241772186993
-167.829285,200,90.582386,0.0,0.8082425500539202,3324.430742020739,18.952999579919496,16.622153710103696
-124.989823,200,90.725955,0.0,0.5944733869249957,2497.887007181392,16.084513945904153,12.489435035906961
-141.180543,200,90.856625,0.0,0.6684155810030987,2464.996275724938,15.822264919376067,12.324981378624692
-62.395369,200,90.991154,0.0,0.36289364649171185,3618.7681465768533,20.07434356797135,18.093840732884267
-112.70579,200,91.128678,0.0,0.5884195380994998,2213.542534073227,15.067883691135934,11.067712670366136
-132.389225,200,91.266752,0.0,0.7213906918052271,2903.6919446274273,17.91843669197967,14.518459723137136
-63.386936,200,91.39829,0.0,0.2851629565807184,3397.8576649052934,19.841749004788916,16.989288324526466
-79.515905,200,91.533818,0.0,0.4640017343202155,3257.4982425286526,18.6767957605164,16.287491212643264
-117.626149,200,91.67086,0.0,0.7054658175214938,1863.276405890001,13.364727162011546,9.316382029450004
-119.530284,200,91.805317,0.0,0.7347320052723961,2293.6932708427235,15.767308281741547,11.468466354213618
-105.931552,200,92.289891,0.0,0.82207729825329,2978.897639907196,18.161357017296012,14.894488199535981
-108.595864,200,92.430413,0.0,0.5765006783629542,3598.2081046491458,20.404594630434186,17.99104052324573
-109.32084,200,92.571452,0.0,0.8855432465932028,1829.74118982462,13.003931384174154,9.1487059491231
-125.220756,200,92.709644,0.0,0.6561509216870103,2358.2621305695434,14.746615705561295,11.791310652847717
-76.793631,200,92.847247,0.0,0.37844262891361574,3246.3162128207314,18.847630638755824,16.231581064103658
-133.748234,200,92.978768,0.0,0.7008453246315374,3269.9338219869474,19.200988808851225,16.349669109934737
-102.132463,200,93.110252,0.0,0.5675363947284039,2551.2122241744237,16.10822672430764,12.756061120872118
-42.656186,200,93.248233,0.0,0.24481734169777145,3407.3836047786963,19.277135926920376,17.03691802389348
-139.929016,200,93.377829,0.0,0.6699792760247589,3032.311958500737,18.726865162303138,15.161559792503686
-86.038145,200,93.504317,0.0,0.7910853796602708,2914.1729246559116,17.84760430584579,14.570864623279558
-98.914154,200,93.974935,0.0,0.761219839125121,2078.9242378844842,13.947274318804444,10.394621189422422
-105.935489,200,94.11532,0.0,0.9351999258636854,1819.5016226944608,12.888269934893215,9.097508113472305
-114.132224,200,94.24839,0.0,0.5812390606068837,2680.6458089329776,17.360628195276146,13.403229044664888
-142.258108,200,94.38095,0.0,0.7013890423203377,3242.154050644644,19.122576082591436,16.21077025322322
-87.528543,200,94.51239,0.0,0.5591802376481693,3000.013988941017,17.52107445147372,15.000069944705086
-133.391727,200,94.642947,0.0,0.5324415025729301,3045.3732514135136,18.092542232603297,15.226866257067568
-65.562711,200,94.775056,0.0,0.5671576430439492,3072.9462960357155,18.550909478227343,15.364731480178577
-133.668866,200,94.906527,0.0,0.6605116420565562,3565.8151499194237,21.70941156759953,17.82907574959712
-116.298078,200,95.042856,0.0,0.8432690751039513,2029.4491633278985,13.623642476650897,10.147245816639492
-177.555475,200,95.180577,0.0,0.8836418111425051,3508.7759844506472,20.418768025225965,17.543879922253236
-113.072834,200,95.684683,0.0,0.9618697702670561,1827.052558294361,13.227718805812351,9.135262791471805
-122.881199,200,95.83287,0.0,0.6438520393722467,2682.244991717296,16.881943999246754,13.41122495858648
-106.241412,200,95.967934,0.0,1.0312722432177848,2345.78063260767,14.604791451192487,11.728903163038352
-160.777505,200,96.102405,0.0,0.7801047042234,3257.0143841018717,18.73666872556504,16.28507192050936
-78.468545,200,96.231951,0.0,0.7796762525993544,2836.6333906381756,16.931718360885174,14.183166953190877
-55.760976,200,96.358551,0.0,0.5179572414163396,3089.2251440948653,18.377197604048717,15.446125720474326
-48.660283,200,96.493101,0.0,0.2079501622421326,3308.344734609779,19.225675312313534,16.541723673048896
-140.60223,200,96.630666,0.0,0.6684059324422051,2143.789528595899,14.017111614057736,10.718947642979494
-113.548292,200,96.762745,0.0,0.8556876012116766,2878.7307571193946,17.66805840096864,14.393653785596973
-14.118154,54,96.796855,1.0,0.04865661167521277,358.5865794387707,2.7221613810680987,6.640492211829087
-110.088606,200,96.927895,0.0,0.6073989746236048,2945.4195609333933,17.671568068141834,14.727097804666966
-96.769618,200,97.413843,0.0,0.9000056692206331,1870.1016832154555,12.604226891489626,9.350508416077277
-79.776381,200,97.574867,0.0,0.8211503255517686,2840.972458345988,17.408771096912318,14.20486229172994
-115.002991,200,97.713028,0.0,0.6899435643285609,2077.53217823974,14.442402725312421,10.3876608911987
-87.665311,200,97.842601,0.0,0.9872887089382643,1964.6960864835248,13.371323062360496,9.823480432417623
-175.28893,200,97.977701,0.0,0.8757881685034067,3542.8962519632228,20.385791594487145,17.714481259816115
-103.170555,200,98.110266,0.0,0.8609805985747201,2088.904137809838,14.137049272940791,10.444520689049192
-150.751485,200,98.240158,0.0,0.7765021642523477,3102.101192080381,18.1885430026686,15.510505960401906
-94.135723,200,98.367222,0.0,0.7362595951344951,2372.6296913585657,14.99220704041092,11.863148456792828
-99.642794,200,98.498706,0.0,0.8389903913845077,2621.695342767542,16.624450610495014,13.10847671383771
-128.132762,200,98.630231,0.0,0.5266095417143108,2431.536900200028,15.697007549204487,12.15768450100014
-26.662901,200,99.083861,0.0,0.11293377592033683,3466.482670144446,19.99849069280545,17.33241335072223
-122.031301,200,99.242383,0.0,0.5694146703586492,2151.7281540675135,14.327807503542754,10.758640770337568
-122.602835,200,99.379565,0.0,0.6787901953801636,2270.218286097866,14.882558878043216,11.35109143048933
-137.934974,200,99.517663,0.0,0.695798233973343,2678.647023773537,17.010544036261383,13.393235118867686
-111.26064,200,99.654722,0.0,0.6269377300719773,2801.773456476851,17.108354946391096,14.008867282384255
-134.208755,200,99.786912,0.0,0.6417584709425224,2076.663548395433,14.286736345642725,10.383317741977164
-86.924864,200,99.913437,0.0,0.8112545100411885,2782.4830891990173,17.411881312310168,13.912415445995087
-90.529543,200,100.042003,0.0,0.9735167308421586,2501.1484603208496,16.336100596785734,12.505742301604249
-158.458882,200,100.180027,0.0,0.7526283625664033,3484.22648134698,20.40314311817022,17.421132406734902
-74.724908,200,100.310485,0.0,0.7610015899522983,2994.554841452898,18.41156391838783,14.97277420726449
-89.81483,200,100.449615,0.0,0.9288968557545251,2361.402655784485,14.935739811979452,11.807013278922424
-158.359201,200,100.934835,0.0,0.7729206425166816,3346.0989211745496,19.243864246191382,16.73049460587275
-180.509724,200,101.078896,0.0,0.9049055386503311,3605.7384805499346,21.156929225024438,18.028692402749673
-76.038034,200,101.220441,0.0,0.5161847539425161,3132.083663640701,18.790037451825857,15.660418318203506
-123.759885,200,101.351518,0.0,0.6193977768174427,2799.2920382581083,17.34078466458389,13.996460191290542
-115.129649,200,101.482069,0.0,0.5253621857917455,2880.0194260491867,17.01880675818133,14.400097130245934
-118.709083,200,101.614611,0.0,0.581707639522056,3062.3089690228903,18.626959540026277,15.311544845114451
-102.997914,200,101.753392,0.0,0.6155612301243211,3247.0067663773557,18.791947766616108,16.235033831886778
-88.816472,200,101.888958,0.0,0.8459621673795609,2353.9264436646495,15.08006021793971,11.769632218323247
-82.905718,200,102.023463,0.0,0.8788264639040326,2767.96867938228,16.921107750293444,13.839843396911398
-94.557156,200,102.157456,0.0,0.8855800935088176,2357.1306198143457,15.884026811441043,11.785653099071729
-87.593207,200,102.662497,0.0,0.7466492154527725,2935.7291687511392,17.76552044901812,14.678645843755696
-44.893018,200,102.814032,0.0,0.3956827851675616,3222.6168367154255,19.23378463931444,16.11308418357713
-138.961847,200,102.954116,0.0,0.6959642411152832,3112.1076370710043,18.270584540996413,15.560538185355021
-70.327642,200,103.083637,0.0,0.4774286355196726,3146.8558065632947,18.100856009093096,15.734279032816474
-79.034153,200,103.215347,0.0,0.8370124381285867,2304.432163566033,14.654646194427725,11.522160817830166
-86.833921,200,103.349431,0.0,0.6206190099344118,2796.9700666406543,17.131365575527926,13.984850333203271
-94.409761,200,103.477983,0.0,0.581435717175079,2800.5685266045075,17.18348052654137,14.002842633022537
-93.859271,200,103.609416,0.0,0.5240368372549038,3388.455090301005,19.56981445300394,16.942275451505026
-46.722508,200,103.745608,0.0,0.4967796189175582,3292.4804202844152,19.493170676625486,16.462402101422075
-168.563838,200,103.882325,0.0,0.8323872222307376,3441.993964939317,20.13268271751979,17.209969824696586
-152.590255,200,104.369555,0.0,0.6960525677009424,2664.700253214452,16.71824951429393,13.32350126607226
-90.042291,200,104.518106,0.0,0.6405047042828677,2806.7302761249603,17.490936636268902,14.033651380624802
-126.933106,200,104.649643,0.0,0.6743073302559732,3432.763289030733,19.740254432591552,17.163816445153667
-120.904535,200,104.781631,0.0,0.6048196725599262,2881.153291120756,18.079545711810297,14.40576645560378
-83.82562,200,104.917108,0.0,0.8468313418291287,2707.4340851754177,17.38282896158408,13.537170425877088
-13.731949,58,104.956659,1.0,0.03970702141881138,551.7450652625312,3.827154713604022,9.512845952802262
-93.945272,200,105.086855,0.0,0.5819848831368637,3034.570009041061,17.94129572526192,15.172850045205305
-89.641767,200,105.214394,0.0,0.6376063282228749,3116.7889487219954,19.011277627339553,15.583944743609978
-85.698166,200,105.349927,0.0,0.6973135210664296,2791.9099853932744,17.312373169268387,13.959549926966371
-72.98981,200,105.478023,0.0,0.5519681900739367,3222.5522571967936,19.631064193503416,16.112761285983968
-138.547773,200,105.610535,0.0,0.6388925160875186,2122.207982556773,13.88448576657785,10.611039912783864
-99.442401,200,106.081894,0.0,0.7112192310887131,2185.794690233889,13.886366344918978,10.928973451169446
-94.491366,200,106.235052,0.0,0.9910064454720467,2631.752360581456,16.25169539163897,13.158761802907279
-62.767582,200,106.372885,0.0,0.6592423587491327,2666.1917900621306,15.581503635465388,13.330958950310652
-103.875071,200,106.509346,0.0,0.5049653994915162,3349.154793041141,19.655143612442245,16.745773965205707
-114.519792,200,106.635846,0.0,0.6791291807740292,2361.1359692719843,15.211795869584044,11.805679846359922
-116.835831,200,106.768793,0.0,0.5856111223920921,3310.543445119299,19.329955919435992,16.552717225596496
-84.771541,200,106.901237,0.0,0.7799072643018521,2384.3933377092435,15.316553139357,11.921966688546217
-131.373647,200,107.031777,0.0,0.7183018572215449,2740.785703969454,16.715146324526685,13.70392851984727
-87.554887,200,107.166827,0.0,0.8215406906920765,2541.656753779497,16.66488400478046,12.708283768897486
-124.74187,200,107.295359,0.0,0.5792222561568556,2104.40255427939,14.243329658884631,10.522012771396952
-92.482774,200,107.774345,0.0,0.7409876110469136,2647.8562422731443,17.134886091835735,13.239281211365721
-81.094077,200,107.942868,0.0,0.7714297521762179,2388.4196206574525,15.433456042130224,11.942098103287263
-80.407992,200,108.07995,0.0,0.40648075838298364,3408.0788642556563,19.64811886003138,17.04039432127828
-130.999977,200,108.217104,0.0,0.6721889701309721,2169.9142076846388,14.641046449819878,10.849571038423194
-81.89226,200,108.355441,0.0,0.39329725262105086,3497.417224529871,20.55838063019631,17.487086122649355
-162.504512,200,108.495921,0.0,0.8012495954395156,3332.9066032693845,19.496865650913605,16.664533016346923
-128.723603,200,108.623436,0.0,0.5953224120450551,2837.435824347269,17.692164288142745,14.187179121736344
-117.022868,200,108.756479,0.0,0.5833259719812173,3196.0464176177534,18.74362554316785,15.980232088088767
-97.927647,200,108.891955,0.0,0.5325008652258649,3482.6053415237225,20.45296830486283,17.413026707618613
-127.633273,200,109.021535,0.0,0.541230539984482,2311.878761905782,15.13174403843791,11.55939380952891
-82.479338,200,109.156556,0.0,0.40828725449129905,3486.811561820772,20.239022305416057,17.434057809103862
-145.018426,200,109.635639,0.0,0.6683451719918941,3032.8853106861247,18.052038842468104,15.164426553430623
-87.15229,200,109.779706,0.0,0.6327169979988477,2732.5122321116123,16.893281534108795,13.662561160558061
-133.939954,200,109.916223,0.0,0.5448745383061285,2428.987066364163,14.862802369240338,12.144935331820816
-48.839972,200,110.055336,0.0,0.4902631135838861,3094.562983183736,18.65321406230738,15.47281491591868
-132.760927,200,110.190625,0.0,0.6757077979033211,3278.8402524575918,19.493209467558014,16.394201262287957
-81.070501,200,110.322363,0.0,0.603407619103057,2837.3753138625925,17.101121043097017,14.186876569312963
-124.75572,200,110.455869,0.0,0.5296387611584099,2549.8952563157495,15.81024343351576,12.749476281578747
-70.736639,200,110.584946,0.0,0.6051356671513953,2877.269523372917,17.53808245842997,14.386347616864585
-161.274167,200,110.717425,0.0,0.7692727109089142,3409.1975567999502,20.267475877204323,17.045987783999752
-120.350577,200,110.843994,0.0,0.5455722920266861,2723.059988012243,17.18055261056692,13.615299940061215
-89.305023,200,111.320516,0.0,0.4454315174220042,3441.4125736026303,20.20166136822047,17.207062868013153
-89.068473,200,111.470534,0.0,0.49995782961798446,2737.6668434995663,17.37925823562618,13.688334217497832
-52.465851,200,111.607055,0.0,0.48672850542065976,2835.972422457575,17.065805263828075,14.179862112287873
-48.566034,200,111.745593,0.0,0.2769116725288312,3107.8035570126954,18.377059266968665,15.539017785063477
-93.01455,200,111.878074,0.0,0.4695812689613483,2557.2189386804644,15.826429399651934,12.786094693402323
-77.791721,200,112.007599,0.0,0.5441221015443692,2985.117552225606,18.185261762478355,14.925587761128028
-97.797255,200,112.138124,0.0,0.5677368438715691,2786.79161680052,17.32376585015353,13.9339580840026
-68.238047,200,112.267154,0.0,0.3589025420470978,2631.662268971449,15.702282857499066,13.158311344857246
-107.815597,200,112.396686,0.0,0.536791160784042,3425.0261738131367,19.905592423611616,17.125130869065682
-109.535705,200,112.52904,0.0,0.5406116517313628,3391.3065944887617,20.56624477913624,16.95653297244381
-49.087848,200,113.012012,0.0,0.47017668673831925,3026.2839981127127,18.680166977151426,15.131419990563563
-68.060948,200,113.162956,0.0,0.34781844726515665,3162.354740909993,18.626504901873442,15.811773704549964
-34.220555,200,113.296479,0.0,0.1633941849235449,3217.493033826566,18.2839298836622,16.08746516913283
-97.94003,200,113.426977,0.0,0.7868346106982658,2341.7419143473253,15.753259792929468,11.708709571736627
-103.990837,200,113.561965,0.0,0.5050064988064773,3389.218367971632,19.344979705961368,16.94609183985816
-9.632659,45,113.592968,1.0,0.04968613772493974,306.85313434527995,2.445030753597972,6.8189585410062215
-118.042518,200,113.729492,0.0,0.5698839672323451,3113.199017560676,18.726939578843158,15.56599508780338
-117.09133,200,113.857548,0.0,0.5670934937409656,3289.1212888468312,19.295105387884988,16.445606444234155
-85.515771,200,113.987074,0.0,0.43957784803784095,3396.4052184866887,19.704156017647094,16.982026092433443
-49.011851,200,114.12159,0.0,0.33083888897515296,3216.2546056993056,19.319055624375768,16.08127302849653
-76.257176,200,114.257591,0.0,0.4058068915109266,3042.8447204155505,18.836985006728927,15.214223602077752
-120.281631,200,114.736519,0.0,0.6051639128555416,3122.3391749800116,18.25274603099721,15.611695874900057
-39.994238,200,114.889333,0.0,0.311749579433145,3290.53391061252,19.439404429021295,16.4526695530626
-101.480313,200,115.022884,0.0,0.4511455324950007,2688.8396239712274,16.304220275154993,13.444198119856138
-149.801647,200,115.154962,0.0,0.7207786705739887,3003.9259143953377,18.042222067003532,15.019629571976688
-142.083481,200,115.28948,0.0,0.7117200099925465,3647.92749291049,21.141403235310282,18.239637464552448
-55.87535,200,115.415072,0.0,0.3508347314784546,3324.430908083897,20.006727346401995,16.622154540419487
-46.049195,200,115.548618,0.0,0.42761242126804033,3035.402097162782,17.93703216447413,15.17701048581391
-118.347619,200,115.68269,0.0,0.5900491034276895,2930.91961179528,17.9155851751917,14.6545980589764
-43.932971,200,115.8202,0.0,0.25357279556380585,3416.8086393602493,19.770992945496317,17.084043196801247
-146.832655,200,115.959076,0.0,0.7136388255955899,3031.5195487819133,18.021342046667513,15.157597743909566
-78.11756,200,116.452116,0.0,0.3850678517414369,3512.7804201803788,20.742368950900214,17.563902100901895
-10.928963,46,116.495627,1.0,0.04303405435592737,421.10416306368916,2.928234346897628,9.154438327471503
-81.291209,200,116.659722,0.0,0.4108010250778719,2752.1525682182196,16.63222718438885,13.760762841091099
-67.127873,200,116.799227,0.0,0.3022887859084884,2903.875552026928,17.03842068355922,14.519377760134638
-129.833517,200,116.927774,0.0,0.6187234113879557,3205.117506436603,18.961620639652878,16.025587532183014
-89.308082,200,117.067043,0.0,0.46703905043598143,2640.2909592851383,16.237728404547056,13.201454796425692
-78.017615,200,117.202575,0.0,0.6321694184893808,3121.708990026388,18.318452155632837,15.608544950131941
-162.433867,200,117.33246,0.0,0.8145789510615367,3247.48144261085,18.597169958008603,16.23740721305425
-139.91161,200,117.460522,0.0,0.7002133854377884,3473.0761189741183,20.509060389434094,17.36538059487059
-143.547348,200,117.59201,0.0,0.6561525291093182,2819.9750297239016,16.740275123873108,14.099875148619509
-120.375018,200,117.725599,0.0,0.6039871179825861,3236.9538690166614,18.953110906235526,16.184769345083307
-57.476921,200,118.194175,0.0,0.2663784661923067,3387.720347456616,19.968591847112922,16.93860173728308
-128.358132,200,118.349712,0.0,0.5836866089233029,3009.8132669996535,18.279910935232422,15.049066334998267
-15.970904,68,118.397235,1.0,0.04267187849311709,633.9949185227231,4.597147823445557,9.323454684157692
-46.517,200,118.530765,0.0,0.2977602238647595,2953.5126234414765,17.766778261876794,14.767563117207382
-100.387375,200,118.66684,0.0,0.41334966412070717,2332.3962367774707,14.311065339314354,11.661981183887354
-57.739706,200,118.796365,0.0,0.3208912347688661,3137.8459975993655,18.842017314042828,15.689229987996828
-61.089521,200,118.925845,0.0,0.5245155718833211,2824.8068598534946,17.1740875989378,14.124034299267473
-71.273815,200,119.055915,0.0,0.4601777765812443,3132.5395067918516,19.081589469933537,15.662697533959259
-144.388107,200,119.187441,0.0,0.7184899223509454,3422.397768585829,19.451297795112964,17.111988842929144
-119.170132,200,119.322925,0.0,0.6226646513800436,3442.2058136162395,20.32847244734686,17.2110290680812
-100.142244,200,119.449487,0.0,0.5573820820384833,3437.5493278088666,19.138852989580183,17.187746639044335
-86.909573,200,119.923107,0.0,0.5966541293941784,2699.4806456773877,16.283807918581502,13.497403228386938
-103.764884,200,120.070312,0.0,0.5131512096027417,3178.6170100327195,19.19758129434091,15.893085050163597
-108.268125,200,120.209827,0.0,0.5453551922028304,3387.0169777511273,20.183815332865578,16.935084888755636
-54.01285,200,120.344395,0.0,0.3750048281610351,3494.9494494693126,20.12159099567736,17.474747247346563
-90.461944,200,120.480431,0.0,0.45027267946676486,3424.7556704446756,19.70398565034628,17.12377835222338
-59.807134,200,120.610933,0.0,0.32605051415589353,2556.903931903626,15.87744923079036,12.78451965951813
-147.292771,200,120.740487,0.0,0.7416265896022869,3122.841690198663,18.319648301652624,15.614208450993315
-74.487373,200,120.870279,0.0,0.6991089416200726,2543.9019972036267,16.525957086543347,12.719509986018133
-51.885273,200,121.000798,0.0,0.4834626884947661,3084.43933760179,18.311479139317214,15.42219668800895
-136.927784,200,121.132941,0.0,0.5685839848843307,2512.9286850002263,15.298325591176257,12.564643425001131
-140.024736,200,121.603019,0.0,0.6891936449661448,3307.558928644644,19.363204434017774,16.53779464322322
-23.250686,100,121.681535,1.0,0.04922815569405133,1229.5503455798666,7.852828996818451,12.295503455798666
-65.818142,200,121.823071,0.0,0.465127144123198,3106.4046165424356,18.570760027167655,15.532023082712179
-168.264225,200,121.954195,0.0,0.8285249819747468,3357.0452337260817,19.196161922169008,16.78522616863041
-37.626132,200,122.09129,0.0,0.17437543313214257,3371.038559287676,20.1170685790845,16.85519279643838
-124.454628,200,122.228457,0.0,0.6320629736791719,3500.964280297504,19.88538942143194,17.50482140148752
-109.456383,200,122.356487,0.0,0.4971144862592996,2721.0833850884624,16.88902512926424,13.605416925442311
-154.011713,200,122.487002,0.0,0.7738044302259806,3448.071079736071,19.728488652295297,17.240355398680357
-157.795081,200,122.617651,0.0,0.759421734603375,3349.674707868769,19.440878636956377,16.748373539343845
-30.882786,200,122.750173,0.0,0.15445701587217575,3258.807062750615,18.969395871809606,16.294035313753074
-42.498087,200,122.878158,0.0,0.15464890846597656,3056.6814591205684,18.244011458676415,15.283407295602842
-100.75755,200,123.349223,0.0,0.4630296664383695,2895.3488776969493,18.040353283042894,14.476744388484747
-133.751878,200,123.515234,0.0,0.6594544733304779,3189.40398954753,18.93996112430898,15.94701994773765
-152.201613,200,123.652464,0.0,0.7513061940688935,3751.14487098044,20.984182768827054,18.7557243549022
-50.197901,200,123.788505,0.0,0.3179322278739633,2961.8174388314815,18.101176408010648,14.809087194157406
-74.727068,200,123.917034,0.0,0.3746740786751982,3403.7147864103517,19.936185513022586,17.01857393205176
-123.739751,200,124.045563,0.0,0.4896716776000924,2677.581838956737,16.664044642282057,13.387909194783685
-72.472585,200,124.176023,0.0,0.35067053907900914,3411.719672747177,19.613860013482277,17.058598363735886
-123.85854,200,124.307543,0.0,0.5716612696280512,3188.245890381594,18.067908182252623,15.94122945190797
-53.94187,200,124.440072,0.0,0.4032813080788233,3135.105677532677,18.666854927782513,15.675528387663384
-121.348516,200,124.567618,0.0,0.5603463473360933,2963.6180561955603,17.275706804072826,14.8180902809778
-64.11857,200,125.041682,0.0,0.38926275826536477,2992.958510336644,17.961953519360733,14.96479255168322
-67.538747,200,125.193714,0.0,0.458726248227039,2677.1202370802275,16.740679951271453,13.385601185401137
-60.881419,200,125.334234,0.0,0.46774078290397825,3094.579426941627,18.60608269777604,15.472897134708134
-157.820727,200,125.472822,0.0,0.753606706273685,3309.32797387929,19.06809639769644,16.54663986939645
-39.604315,200,125.601326,0.0,0.2733903591475128,2934.7848379803872,17.789193794460605,14.673924189901935
-67.441735,200,125.73776,0.0,0.31349258939936275,3181.211260015903,19.22716777591717,15.906056300079515
-29.465621,200,125.873378,0.0,0.18706762620865064,3052.0568894559237,18.233301526265546,15.260284447279618
-136.095333,200,126.010897,0.0,0.6589841630865815,3284.2557585364843,19.047470582624264,16.421278792682422
-123.060285,200,126.142422,0.0,0.608985198893448,3150.1773199249014,18.13932775411186,15.750886599624508
-153.756294,200,126.278459,0.0,0.6991597679496702,2578.671694350131,15.945957547681344,12.893358471750656
-82.126901,200,126.410977,0.0,0.4159517316515295,3516.9646870394645,19.722259436806635,17.584823435197322
-124.082605,200,126.903759,0.0,0.6106742547063712,3286.476586624616,18.744091228355696,16.43238293312308
-142.546323,200,127.040271,0.0,0.7075590648011987,3366.338408190142,19.071338503253454,16.83169204095071
-78.820898,200,127.174308,0.0,0.3752625711885162,3336.9773782848956,19.242593717661094,16.68488689142448
-39.446981,200,127.310835,0.0,0.30543961070920406,3210.0639804688235,18.89658377675761,16.050319902344118
-119.209913,200,127.440351,0.0,0.5942671599835271,3623.870277369997,20.84268149516225,18.119351386849985
-164.155217,200,127.571611,0.0,0.7949921549806366,3417.8716077197532,19.886852634326786,17.089358038598768
-102.165804,200,127.703132,0.0,0.4873401009261652,3023.6336855252785,18.236114423517876,15.118168427626392
-97.65607,200,127.83465,0.0,0.4251771038384779,2836.9401759676416,16.96874878845121,14.184700879838209
-114.981273,200,127.96737,0.0,0.5847092935941494,3553.8796432116824,21.478433431124976,17.769398216058413
-122.658597,200,128.103491,0.0,0.5915384113690983,3255.572366733645,18.89174863380413,16.277861833668226
-80.42569,200,128.598583,0.0,0.3365235898073491,3019.6026523720466,18.594760066964053,15.098013261860233
-147.824471,200,128.755107,0.0,0.7401201997623099,3487.2512350425386,20.192277819586042,17.436256175212694
-151.599647,200,128.890136,0.0,0.7026235265913786,3172.901417966036,18.649474852208254,15.86450708983018
-95.717309,200,129.026654,0.0,0.4375207477944111,2750.6886883778725,16.278069303163548,13.753443441889363
-70.974683,200,129.16169,0.0,0.3140431891192158,2850.184551520831,17.214895227070773,14.250922757604155
-97.093499,200,129.302208,0.0,0.5118736208729127,3228.1099219907583,19.44339462010762,16.14054960995379
-141.214412,200,129.431721,0.0,0.6941686091153264,3396.7000513643256,19.548632582192678,16.98350025682163
-84.47421,200,129.563623,0.0,0.40658670130054936,3346.9380583156026,19.174049505921463,16.734690291578012
-64.457303,200,129.688138,0.0,0.28367421840854473,3026.4625308594254,17.49728844043144,15.132312654297127
-155.73559,200,129.826657,0.0,0.7415523829216508,3400.218285616324,20.037996826432735,17.00109142808162
-94.70529,200,130.331548,0.0,0.48385543339090836,3190.5700852687964,18.852368142644043,15.952850426343982
-114.264723,200,130.493588,0.0,0.5657472204214434,3479.7402917663435,20.433746228525777,17.398701458831717
-43.729221,200,130.63411,0.0,0.2192928271571778,3401.4065903089804,19.179391150236835,17.0070329515449
-88.32172,200,130.772093,0.0,0.42518035760989337,3271.819134471933,18.691305981663234,16.359095672359665
-49.879468,200,130.909124,0.0,0.18430728258931856,2617.3301529939727,16.535996141247953,13.086650764969864
-141.487273,200,131.044652,0.0,0.5899181560235488,2670.341089727162,16.030778575434674,13.35170544863581
-150.139085,200,131.179696,0.0,0.7285353106271034,3063.957449873424,18.41900736127614,15.31978724936712
-48.467611,200,131.310217,0.0,0.25155067036649637,3347.8903480499002,19.46794576159248,16.7394517402495
-54.799961,200,131.446749,0.0,0.25788533686893644,3443.9197143616516,19.621847050734925,17.21959857180826
-117.086537,200,131.580789,0.0,0.5004663104769039,3128.770983860263,18.89101846722659,15.643854919301315
-48.405667,200,132.062379,0.0,0.282448911588443,3248.7742966565165,19.283848910030798,16.243871483282582
-59.736074,200,132.203891,0.0,0.2912823334715777,3344.9712623652217,19.09686271312763,16.72485631182611
-110.539052,200,132.352769,0.0,0.5370304501305059,3462.6671783144984,19.50821166787635,17.313335891572493
-46.199258,200,132.492429,0.0,0.21654263396088397,3077.2758941188795,18.144635563263112,15.386379470594397
-151.629517,200,132.62756,0.0,0.7600962367965977,3421.7949912355457,20.02529621657452,17.10897495617773
-89.537661,200,132.758077,0.0,0.3974383031892356,3298.1843065662943,19.934421322400688,16.49092153283147
-156.21249,200,132.890106,0.0,0.7542415998582167,3239.142005180779,19.192575394654977,16.195710025903896
-72.416678,200,133.024624,0.0,0.34561266007266206,2940.7033494796265,17.897785493717926,14.703516747398133
-61.588031,200,133.159153,0.0,0.4121467486033063,3542.6816463821656,20.926461645559638,17.71340823191083
-49.420455,200,133.290864,0.0,0.2462155115174295,3324.2759610371436,19.952773633561804,16.62137980518572
-84.777595,200,133.425383,0.0,0.4231243738901712,3252.039787189156,19.151642180258257,16.26019893594578
-117.699411,200,133.889754,0.0,0.5274484526374644,3082.2355433788853,18.602137634931754,15.411177716894427
-112.54099,200,134.034273,0.0,0.4962573293361155,2745.301788139097,16.439393476341237,13.726508940695485
-36.138668,200,134.172331,0.0,0.146198882949079,3042.244496251082,18.572522211128604,15.211222481255412
-147.970575,200,134.300868,0.0,0.6577994753307973,3201.475422795807,18.70132340959712,16.007377113979036
-36.299217,200,134.435419,0.0,0.09795673386618534,3296.4214618182973,19.262265072658344,16.482107309091486
-23.471181,86,134.497468,1.0,0.04993576086453953,948.8031799347856,6.424257768921574,11.032595115520763
-69.632518,200,134.630631,0.0,0.34544907448492407,3182.230011010532,18.081321720252397,15.91115005505266
-164.728517,200,134.767668,0.0,0.747412141785193,3070.7120856603356,18.883351459810292,15.353560428301678
-85.708746,200,134.900186,0.0,0.35390047740630626,2955.8936778269344,18.05553340014401,14.779468389134673
-126.812066,200,135.032188,0.0,0.5829274781388503,3252.718040894284,19.396234104939442,16.26359020447142
-89.155399,200,135.518784,0.0,0.39406552768820113,3180.019494056991,19.16912847878259,15.900097470284955
-168.164819,200,135.669807,0.0,0.8408447486719974,3317.649038088475,20.105646441898127,16.588245190442375
-115.588711,200,135.810325,0.0,0.5676082076243169,3260.0751699861808,18.636945304913183,16.300375849930905
-40.682807,200,135.94087,0.0,0.39725255792129305,3371.6598634918328,19.859433720815524,16.858299317459164
-105.185487,200,136.078943,0.0,0.45825077613813764,3268.248662865744,19.693566810321453,16.341243314328718
-102.82537,200,136.212461,0.0,0.5312370527405967,3297.3829299763524,19.453681127930142,16.48691464988176
-58.833941,200,136.340488,0.0,0.3376183168519209,3536.55381928854,20.837896419407276,17.6827690964427
-131.668496,200,136.478537,0.0,0.6471230243666952,3449.202408254311,18.88130618278805,17.246012041271555
-91.218163,200,136.618053,0.0,0.3106136712017713,2853.798057883103,18.07357079638312,14.268990289415514
-150.011114,200,136.753209,0.0,0.7362898950767731,3313.261573429024,19.820813389055967,16.56630786714512
-153.524824,200,136.882925,0.0,0.7448294431955069,3216.0558246138294,19.092771462171758,16.080279123069147
-86.675903,200,137.389505,0.0,0.41852339571644137,3059.7237902286483,17.709792213868344,15.298618951143242
-70.593877,200,137.538025,0.0,0.3358269819877392,3288.3194877372666,19.074186241481012,16.441597438686333
-79.957841,200,137.668563,0.0,0.29976006876037786,2883.5909161773607,17.17667004088657,14.417954580886803
-46.640521,200,137.801109,0.0,0.22606899863208232,2903.7045766594388,17.394893362502597,14.518522883297194
-141.453992,200,137.934626,0.0,0.6254646417029887,2905.323024359892,18.050957914991482,14.526615121799459
-14.481201,58,137.972173,1.0,0.04556524135739475,714.5526164877443,4.529341033551192,12.319872698064557
-115.789668,200,138.103701,0.0,0.5513468935148856,3109.178097575686,17.82615149339442,15.545890487878431
-46.480469,200,138.240219,0.0,0.31404510743287106,3415.150801319257,19.236768520739247,17.075754006596284
-66.504665,200,138.369299,0.0,0.37234947666644874,3062.9763559458456,18.40488556106766,15.314881779729228
-38.514705,200,138.498827,0.0,0.2100178502359944,2965.238423776153,17.94956090848252,14.826192118880765
-12.455292,55,138.536828,1.0,0.046637646522485185,640.6404786462373,4.3175317891568685,11.64800870265886
-83.228335,200,139.034121,0.0,0.45983900892353474,3203.0754577341254,19.00278159231958,16.015377288670628
-63.930838,200,139.191051,0.0,0.32069575934476374,3615.9771438046364,20.365777589516597,18.07988571902318
-128.89294,200,139.327616,0.0,0.6483204022681669,3348.3212291843815,19.083907206471554,16.741606145921907
-27.306783,200,139.464652,0.0,0.24157817601263215,3275.6292291934346,18.766720927689715,16.37814614596717
-126.952746,200,139.597173,0.0,0.5910803925368638,3130.2757429778794,18.495178132303867,15.651378714889397
-130.185613,200,139.729689,0.0,0.6466047174764779,3343.3192128606606,19.47250821347682,16.716596064303303
-69.717651,200,139.86121,0.0,0.5543869220802925,3421.7025787109455,19.507516383321867,17.108512893554728
-28.849854,200,139.989246,0.0,0.07131030808613502,2787.0147003599805,16.981971722111933,13.935073501799902
-49.232413,200,140.125768,0.0,0.27708321665163294,2743.7283223040868,16.309554063188816,13.718641611520434
-153.832875,200,140.256293,0.0,0.7329003196278433,3067.1396752249675,18.303427178507576,15.335698376124837
-89.216658,200,140.385248,0.0,0.3215732717218684,3058.3955116695015,17.87904873492716,15.291977558347508
-109.229538,200,140.897693,0.0,0.4743163045252216,2837.453956471121,17.406441475390885,14.187269782355605
-74.56334,200,141.034207,0.0,0.5484160394562011,3377.900175241987,19.472879713006137,16.889500876209937
-122.897918,200,141.175794,0.0,0.5750356449854162,3440.6622869543685,20.235414207937207,17.20331143477184
-69.386107,200,141.310322,0.0,0.22455988186772144,2781.5320184128564,16.776441079608077,13.907660092064281
-129.829195,200,141.441836,0.0,0.6218676652695118,2967.7625334418135,17.53606814679259,14.838812667209067
-141.817305,200,141.578965,0.0,0.7114709406013242,3486.4940308994087,19.350877848397232,17.432470154497043
-154.517901,200,141.71348,0.0,0.730199882666714,3009.742887309656,18.16205300545521,15.04871443654828
-163.78819,200,141.84589,0.0,0.8009321703009601,3385.4843827987524,19.3622672120546,16.92742191399376
-163.288882,200,141.970956,0.0,0.7789409029113229,3306.545913169215,19.71674370381909,16.532729565846076
-106.362929,200,142.106482,0.0,0.5145197791816456,3165.8365965406665,19.318705837338708,15.829182982703333
-79.746946,200,142.586436,0.0,0.3074848886343725,2631.0245182490175,16.436320967806893,13.155122591245087
-143.069557,200,142.741949,0.0,0.7088295640308306,3457.4330989147043,20.152133629570944,17.28716549457352
-74.14903,200,142.881999,0.0,0.4145623074903502,3281.474437918945,18.63451651669562,16.407372189594724
-136.098795,200,143.020514,0.0,0.6668016517612374,3346.236409084004,19.478822399234442,16.73118204542002
-47.307071,200,143.152503,0.0,0.48393299072176105,3328.793128483291,20.12462705114461,16.643965642416457
-149.17809,200,143.283495,0.0,0.6789912681782521,3073.404971954308,18.036649163603695,15.36702485977154
-164.285932,200,143.415236,0.0,0.817965389624273,3270.7447128084254,19.08581924173093,16.353723564042127
-78.615118,200,143.551775,0.0,0.5541038167962891,2957.9632866744428,17.663855914644625,14.789816433372215
-7.610243,34,143.575291,1.0,0.049013748415812075,432.0460573455747,2.6273924243542557,12.707236980752198
-48.278893,200,143.709817,0.0,0.2531654947547195,3360.0153260752368,19.441611820578498,16.800076630376182
-84.11431,200,143.844335,0.0,0.46753989733626533,2895.6829507902585,17.70655917384596,14.478414753951292
-97.428316,200,144.331917,0.0,0.48955605243398104,2602.466277511126,16.865688282402637,13.01233138755563
-102.528046,200,144.483952,0.0,0.524749864725596,2969.564221782779,18.54451669061432,14.847821108913895
-86.051884,200,144.617017,0.0,0.5046700521344322,3167.214640058049,18.930621635088457,15.836073200290246
-120.122254,200,144.752536,0.0,0.6311067379880799,3108.169855589563,19.046282685711226,15.540849277947816
-65.75203,200,144.881573,0.0,0.5998976164126293,3257.7035628223757,18.986142630089667,16.288517814111877
-29.106195,200,145.01909,0.0,0.1137062282010748,3245.1723911618124,18.594759697429804,16.225861955809062
-8.981137,44,145.049093,1.0,0.042206186840669374,572.2114607399319,3.58530908083964,13.004805925907544
-149.518392,200,145.184822,0.0,0.7413350427658003,3478.809365041747,19.73549235093812,17.394046825208733
-156.275475,200,145.320368,0.0,0.760892067277532,3087.0253831758923,17.873149066256175,15.435126915879462
-97.888715,200,145.449411,0.0,0.4609550834225296,3370.9374091190357,19.354266742488846,16.854687045595178
-117.969284,200,145.585486,0.0,0.5608290674061384,3059.7225145752577,18.055823301723578,15.298612572876289
-107.215513,200,146.08643,0.0,0.5858225942908133,3263.8520630521866,18.997593778770344,16.319260315260934
-69.690618,200,146.22894,0.0,0.3926678123285649,2257.2680909701508,15.037750553993664,11.286340454850754
-75.306355,200,146.364475,0.0,0.3762332655665542,3413.044126700706,19.241613969377475,17.06522063350353
-83.228148,200,146.492515,0.0,0.3728689734744522,2512.2472493225414,15.769736276395628,12.561236246612706
-71.175391,200,146.622055,0.0,0.32306959475435154,2507.081781417415,15.484067471264387,12.535408907087076
-118.758598,200,146.761603,0.0,0.5050199440051678,3146.3674237336327,18.714433513800937,15.731837118668164
-89.396884,200,146.895626,0.0,0.3691132815525693,2564.669007564417,15.505743411708188,12.823345037822085
-63.729436,200,147.03214,0.0,0.3328805710451095,3239.183464182926,19.574698457906784,16.19591732091463
-6.984501,36,147.055144,1.0,0.045302793468325435,443.48610454887677,2.8471791814256315,12.319058459691021
-125.511693,200,147.191211,0.0,0.5881578279203193,3360.011135770847,19.268590577421335,16.800055678854235
-81.984763,200,147.320381,0.0,0.3606795913130593,2115.4530510286068,13.551139100622892,10.577265255143034
-108.582791,200,147.804992,0.0,0.5133510099943267,3102.1816033390314,18.18016668493667,15.510908016695158
-58.703895,200,147.9485,0.0,0.44215365351177,3453.2745850982296,20.122470319360467,17.266372925491147
-173.161719,200,148.083551,0.0,0.8595235514200542,3530.7898937653717,20.57104074604392,17.65394946882686
-127.713643,200,148.214064,0.0,0.5779122059283843,3200.3768670923373,18.652735271435336,16.001884335461686
-111.895694,200,148.345582,0.0,0.5135743683415172,2928.5560043228247,17.213967820601816,14.642780021614124
-79.109679,200,148.477622,0.0,0.3682335408963527,3213.0739954475875,18.91413864779712,16.06536997723794
-50.148494,200,148.60965,0.0,0.23322964436527582,3113.1293499673825,18.455450089835214,15.565646749836912
-149.523375,200,148.73617,0.0,0.7162458203677687,3371.5655515631165,19.93765164629301,16.85782775781558
-106.336569,200,148.864693,0.0,0.45890352443529614,2840.2401499641887,17.33106976076855,14.201200749820943
-11.773053,75,148.916218,1.0,0.04964582458072496,1201.88599672458,7.230216753953169,16.025146622994402
-73.586465,200,149.051747,0.0,0.3521678949443428,2834.094584802168,17.561091464246616,14.17047292401084
-68.991237,200,149.547355,0.0,0.3133388414238444,3578.594005537539,21.1271291610983,17.892970027687696
-170.44757,200,149.696432,0.0,0.843862535710762,3082.8843617684342,18.591556150318294,15.414421808842171
-51.793749,200,149.833353,0.0,0.32555673979461586,2205.26260345984,13.876609564235489,11.0263130172992
-105.285636,200,149.966845,0.0,0.5080067669097458,2673.84410161079,16.703849148867118,13.36922050805395
-31.209673,200,150.101031,0.0,0.17570883447843652,3158.017226631893,18.650058502092477,15.790086133159466
-70.85548,200,150.226552,0.0,0.46374073057025345,2501.941864856797,15.568319022035016,12.509709324283985
-73.255224,200,150.356076,0.0,0.5820881260833395,2789.9697252499755,16.05993565694056,13.949848626249878
-106.31648,200,150.485145,0.0,0.519079362686304,2340.4928337598785,14.862495088080083,11.702464168799393
-168.476597,200,150.618703,0.0,0.7969681634265061,3105.8780800567843,17.92848251072136,15.529390400283921
-119.396962,200,150.752223,0.0,0.5777544687218116,3366.884659206023,18.97154381607746,16.834423296030117
-65.574883,200,151.22243,0.0,0.2894196382357781,2833.579322580048,17.22388684565669,14.16789661290024
-54.988546,200,151.360945,0.0,0.384738147573974,2377.6331157961185,14.679960319032514,11.888165578980592
-151.635413,200,151.498984,0.0,0.7541526546993192,3137.1820950849756,18.4166811710384,15.685910475424878
-101.891504,200,151.627499,0.0,0.5034485836566789,3069.7341224482198,18.512328342313666,15.348670612241099
-112.938105,200,151.760026,0.0,0.48493290634782465,2495.5817032021055,15.376470112540177,12.477908516010528
-53.552783,200,151.894069,0.0,0.4031512937047394,3281.9720758504527,18.66559206953053,16.409860379252265
-93.054259,200,152.030695,0.0,0.5183623842370808,2239.9180015011925,14.41826743616823,11.199590007505963
-146.093673,200,152.157185,0.0,0.6645536626408041,2793.817935991518,16.774214011996182,13.96908967995759
-72.071153,200,152.285233,0.0,0.3908214344500882,2708.1073433789875,16.691886039030486,13.540536716894938
-68.784237,200,152.415749,0.0,0.33547914085465746,3329.075182056438,19.317467149701763,16.64537591028219
-59.802176,200,152.877779,0.0,0.5424844382214116,3324.618086382652,19.190844395743994,16.623090431913262
-43.46938,200,153.029287,0.0,0.29495724922357147,2576.2901675246476,16.12756267991777,12.881450837623238
-18.974044,66,153.075805,1.0,0.04743082782086629,278.6754922537179,2.2395203706062117,4.22235594323815
-127.290472,200,153.208324,0.0,0.6232475593966837,3458.990232803524,20.156904347850332,17.294951164017622
-63.730031,200,153.340846,0.0,0.3321569464732701,3022.699688752782,18.1336773550734,15.11349844376391
-147.675847,200,153.480883,0.0,0.7263089530683584,3359.674434892119,18.951542107719135,16.798372174460596
-50.769442,200,153.616417,0.0,0.22627693814716493,3364.0871187510365,19.14983240850056,16.82043559375518
-48.43554,200,153.74493,0.0,0.4589427612623701,3261.670498851399,18.56035550786293,16.308352494256994
-14.710791,61,153.784449,1.0,0.04309818634220194,769.5141415925742,5.12107134357603,12.614985927747119
-146.955971,200,153.911596,0.0,0.6213108341276461,2981.374898810151,18.08716893561018,14.906874494050756
-94.501936,200,154.037121,0.0,0.45756625634198994,2774.5541279582376,17.205916378691352,13.872770639791188
-78.184035,200,154.174975,0.0,0.4968518737508548,2938.316593508687,17.996550103454712,14.691582967543436
-106.087453,200,154.659518,0.0,0.5001731639617016,3116.8154428690027,18.62179423745829,15.584077214345013
-59.337603,200,154.809199,0.0,0.3618137574323143,3123.386173118415,17.96170272355721,15.616930865592076
-45.541746,200,154.941718,0.0,0.23313550343512382,3290.050370172979,19.584528912364835,16.450251850864895
-120.89043,200,155.073761,0.0,0.5780277275449442,3325.155076016298,19.762305629132758,16.625775380081492
-64.771266,200,155.205282,0.0,0.3609043712217491,2911.2287629711604,17.36012172526756,14.556143814855803
-54.349694,200,155.34162,0.0,0.4900858840107488,2911.827491679332,17.07150034741517,14.55913745839666
-126.960666,200,155.469546,0.0,0.4935972611838042,3133.9646026053997,18.536344403489505,15.669823013026999
-69.168547,200,155.598075,0.0,0.3750857394230286,2765.7851938815497,16.953690970540553,13.828925969407749
-153.795848,200,155.732603,0.0,0.7408599770079017,3224.0734936640574,19.22869143648169,16.120367468320286
-143.449596,200,155.860109,0.0,0.6758170080313289,3547.021926716369,20.044967328836794,17.735109633581843
-137.308619,200,156.32572,0.0,0.6762674902894968,3488.552894286783,19.130796013111578,17.442764471433915
-71.525369,200,156.492546,0.0,0.3459281242243863,3543.0804836960488,19.917395369526155,17.715402418480245
-11.680098,48,156.526544,1.0,0.04360333122732647,283.21479620523286,2.247469582504851,5.900308254275685
-71.925402,200,156.657075,0.0,0.42719320709558545,2886.92707801763,16.473757245727434,14.434635390088149
-110.418708,200,156.786214,0.0,0.4084787768024975,2927.1360984123285,17.56216758453414,14.635680492061642
-47.582423,200,156.91968,0.0,0.24510314768451696,2675.825722096472,16.265029165500838,13.37912861048236
-103.219835,200,157.04722,0.0,0.4139348409356162,3335.488725187889,19.847698864664302,16.677443625939446
-131.238584,200,157.17923,0.0,0.5653454755902299,3369.7053468070158,20.058908627303115,16.84852673403508
-143.159215,200,157.308782,0.0,0.700730623930979,3456.987081799613,19.585389437426716,17.284935408998066
-87.709618,200,157.443338,0.0,0.46645880664872597,3306.2566665593235,18.98557576767918,16.53128333279662
-58.372927,200,157.57942,0.0,0.24023418033973484,2659.416938593397,16.12879489488116,13.297084692966985
-140.437038,200,158.045293,0.0,0.6449268510945676,3375.7006169426186,19.568463296668927,16.878503084713092
-109.17555,200,158.193954,0.0,0.5037867838175805,3454.7860675016855,19.91570655026944,17.27393033750843
-121.548999,200,158.326441,0.0,0.5645081616482849,2765.4231345576018,17.178554310381614,13.82711567278801
-51.369042,200,158.462029,0.0,0.2224871037213346,3562.734082378452,20.211263245670537,17.81367041189226
-87.159533,200,158.594998,0.0,0.42702320282897455,2821.8540004900733,17.09191622322535,14.109270002450366
-175.007152,200,158.734132,0.0,0.851563970803503,3506.7310529617844,19.498617122793632,17.53365526480892
-90.827713,200,158.869608,0.0,0.44486763432271087,2932.435708604683,17.232025153831106,14.662178543023416
-56.641696,200,159.002646,0.0,0.26481734361714165,3269.405275397192,18.916957555344762,16.34702637698596
-51.420128,200,159.130161,0.0,0.24532908893939556,3355.5420153548466,19.845891695665316,16.777710076774234
-71.281848,200,159.260695,0.0,0.46404968442702726,3239.584672789657,18.74973007004723,16.197923363948284
-101.447962,200,159.720098,0.0,0.4350538590560691,2730.776833068546,17.11900541974966,13.65388416534273
-89.026321,200,159.867636,0.0,0.42643271821715883,3310.37969555371,19.09663157081487,16.55189847776855
-58.994022,200,160.00768,0.0,0.35331685164407167,3364.5386883562446,20.46249628392029,16.822693441781222
-52.942746,200,160.141258,0.0,0.2847941602360912,2563.0025052920305,15.85590199413468,12.815012526460153
-14.225307,48,160.174251,1.0,0.041144027685825216,647.7927775479883,4.052988385396849,13.49568286558309
-162.339218,200,160.309814,0.0,0.8044579164167486,3354.0430018873417,19.20703271844692,16.770215009436708
-58.841674,200,160.442333,0.0,0.3025101489206149,2688.593416365217,16.635224475408116,13.442967081826085
-15.474451,79,160.495853,1.0,0.041607806570221964,1150.9854532732113,7.297080088101708,14.569436117382422
-109.080327,200,160.629378,0.0,0.5367629431688521,3197.5484458999586,19.100294641506512,15.987742229499792
-125.536922,200,160.758209,0.0,0.6002076134385964,3492.2452389037076,19.711120001458244,17.461226194518538
-68.416399,200,160.886691,0.0,0.37392902671936423,2799.538106212251,17.11131191790201,13.997690531061256
-160.777481,200,161.021763,0.0,0.7720833124590228,3472.364041124881,19.987091682979663,17.361820205624404
-51.815426,200,161.481297,0.0,0.20616963395400614,2473.462643469417,15.27764658299909,12.367313217347084
-65.957599,200,161.634822,0.0,0.3161228807189972,3209.8353018198245,18.925717370703794,16.049176509099123
-79.135629,200,161.770385,0.0,0.40180062859954896,2638.8187802717325,16.383583004086955,13.194093901358663
-162.853672,200,161.907452,0.0,0.7934399568844794,3278.7395451688303,20.3958577501788,16.393697725844152
-73.68699,200,162.041948,0.0,0.43606853276755847,3436.044948345065,19.1279439877979,17.180224741725326
-117.794434,200,162.169473,0.0,0.5355856897706379,2832.9006589162036,17.255830570802672,14.164503294581017
-95.33777,200,162.298982,0.0,0.4668979012249708,3325.0076362853874,19.24839532470068,16.625038181426937
-48.455482,200,162.430489,0.0,0.3635743792228875,3546.389722076396,20.352166401827745,17.73194861038198
-136.328582,200,162.561029,0.0,0.6132939471913506,2809.37613318109,17.00942827274725,14.046880665905451
-64.877027,200,162.69086,0.0,0.29584282259396544,2610.2404321368294,16.504842819417348,13.051202160684147
-71.930426,200,163.147573,0.0,0.7430206717673546,3115.617184260089,18.211562640279983,15.578085921300444
-74.921121,200,163.307873,0.0,0.6116149028943871,3279.278499694936,19.495901244951114,16.39639249847468
-112.544711,200,163.441402,0.0,0.5255987934419467,2632.406375883838,16.067590687699848,13.162031879419189
-112.997113,200,163.579458,0.0,0.547532351426397,3415.5971549980827,19.514217655206604,17.077985774990413
-176.493204,200,163.71766,0.0,0.870842683399552,3463.9283991911843,19.775966968584132,17.319641995955923
-95.886242,200,163.850179,0.0,0.4485877558226836,2635.2488770808413,16.209052713406663,13.176244385404207
-102.667418,200,163.977189,0.0,0.47645375805578766,2690.8533285804133,16.99414142713437,13.454266642902066
-49.592988,200,164.113804,0.0,0.29275772508588166,2660.7008851633564,17.11052925860528,13.303504425816781
-15.471338,66,164.158793,1.0,0.049656617565566184,458.10162930682117,3.4495520217549807,6.940933777376078
-85.926018,200,164.286838,0.0,0.4543902986667463,3274.5758005827756,18.899695246032792,16.372879002913876
-66.770402,200,164.415405,0.0,0.2950146729284064,3153.9902573461804,18.24599699898932,15.769951286730903
-67.450422,200,164.878098,0.0,0.3200617756295508,2999.888579428411,18.08037287686124,14.999442897142055
-128.831747,200,165.031588,0.0,0.5236295124078918,3096.4920893088406,17.474053800119524,15.482460446544202
-80.920163,200,165.167721,0.0,0.5275398560197666,3072.5786596783605,17.606226897998862,15.362893298391803
-99.968621,200,165.308877,0.0,0.450696599990405,3261.140855436514,18.750400193010908,16.30570427718257
-153.321685,200,165.446004,0.0,0.7489069795273382,3232.892176693087,19.207939573739175,16.164460883465434
-75.826156,200,165.581075,0.0,0.4903908775145355,3218.572689582998,17.826769420624093,16.09286344791499
-132.624991,200,165.708534,0.0,0.6575275293617814,3265.5544305792573,19.10768794183736,16.327772152896287
-88.03908,200,165.836173,0.0,0.4105144030589618,3386.474879899075,19.236816923165332,16.932374399495373
-52.104219,200,165.960806,0.0,0.21419572349534013,2693.590469301619,15.940453909630897,13.467952346508095
-68.046719,200,166.090807,0.0,0.2782379877800529,2418.0079530721364,15.15914843731044,12.090039765360682
-110.827511,200,166.566756,0.0,0.4341828494477684,2903.302802385871,17.404638816611307,14.516514011929354
-36.177792,200,166.718771,0.0,0.47386733814439397,3031.0479247818216,17.910578274936146,15.155239623909107
-87.165987,200,166.854319,0.0,0.3977602867197,3271.2391441737595,18.556888766037684,16.356195720868797
-64.969853,200,166.987331,0.0,0.563877475742165,3194.496712467294,18.479350833835298,15.97248356233647
-104.048423,200,167.122858,0.0,0.4803425313255861,2929.854389535193,17.250688393257924,14.649271947675965
-90.894923,200,167.257383,0.0,0.504311508760074,3321.3345787473813,18.143631926015534,16.606672893736906
-139.859326,200,167.39223,0.0,0.643237425429874,3025.3291230892587,18.68407435436693,15.126645615446293
-64.273428,200,167.522713,0.0,0.5587837580469887,3078.2455414831193,17.632767687934386,15.391227707415597
-169.640351,200,167.657502,0.0,0.8302874029231937,3316.5905137277086,19.58147396352097,16.582952568638543
-91.167504,200,167.788536,0.0,0.4558422060270248,3396.1910303437976,19.55455957202572,16.980955151718987
-125.112982,200,167.918052,0.0,0.5780497324486676,3268.4729649442506,18.90690279830788,16.342364824721255
-36.618785,200,168.387645,0.0,0.11721788138051097,3466.307060189224,19.749237577529826,17.331535300946122
-75.393052,200,168.53617,0.0,0.44141770289796056,3077.6722751352536,18.040344773599294,15.388361375676268
-97.525502,200,168.66765,0.0,0.49152963836570923,2886.6434979915907,17.22433104731914,14.433217489957954
-37.028466,200,168.797606,0.0,0.1353152497741417,2500.915266733311,15.749492892275724,12.504576333666556
-105.231743,200,168.930124,0.0,0.42814167617249344,2871.478089266264,16.92937919768006,14.357390446331319
-113.896756,200,169.061152,0.0,0.4365473950463414,2983.442199139261,17.85593429137144,14.917210995696305
-90.745525,200,169.189228,0.0,0.46927941797535133,3239.2554997913653,18.497925176740416,16.196277498956828
-141.496624,200,169.318742,0.0,0.6076296082604022,2767.5545104337584,16.67305472763584,13.837772552168792
-78.277615,200,169.450261,0.0,0.3876344598621423,3450.1253025073834,19.178961704789373,17.25062651253692
-30.875089,200,169.580915,0.0,0.09951463999481422,2717.4570645107965,16.607465318693126,13.587285322553983
-36.438416,200,170.067598,0.0,0.14427917435004328,2694.4924072308136,16.66169893351657,13.472462036154068
-66.001051,200,170.206614,0.0,0.5666824801297309,2939.4398060133562,17.488339325699936,14.69719903006678
-87.578248,200,170.337163,0.0,0.4745971905600131,3393.858271926144,19.14237339977924,16.96929135963072
-15.785574,70,170.384675,1.0,0.04718192218052834,1091.9014914906138,5.8939814251644,15.598592735580198
-43.119572,200,170.516637,0.0,0.5210374838732097,3263.906399306931,18.761444244690942,16.319531996534653
-87.586004,200,170.64816,0.0,0.4165504451461893,3324.053169468513,18.822548325918845,16.620265847342566
-41.784638,200,170.779208,0.0,0.14793450230284633,2458.413561476394,15.317117585928289,12.29206780738197
-58.610451,200,170.909754,0.0,0.30589409606769796,3191.9616948731295,18.85434930788128,15.959808474365648
-131.998604,200,171.043254,0.0,0.4741696505547051,2948.6268705946623,17.997447277268815,14.74313435297331
-142.107551,200,171.179304,0.0,0.687721551090863,3458.917899148672,20.20721825992202,17.29458949574336
-31.120444,192,171.309822,1.0,0.04502850428068648,2714.9698724102805,17.244799352526027,14.14046808547021
-84.09386,200,171.782819,0.0,0.37917837000105165,2799.2236352017567,17.224389616643517,13.996118176008784
-51.947328,200,171.939832,0.0,0.24869575337521202,2483.17740519269,15.396282468747279,12.41588702596345
-144.942077,200,172.075361,0.0,0.6465213533352284,3429.7750177474727,19.68141118515973,17.148875088737363
-62.578904,200,172.205427,0.0,0.34828898483557863,3036.2164029412324,17.288378049779105,15.181082014706162
-148.892338,200,172.333916,0.0,0.7353227905830846,3199.244667695681,18.8145600240731,15.996223338478405
-11.504722,43,172.361921,1.0,0.04114556320841405,462.384338804385,3.421218670535399,10.753124158241512
-41.993173,200,172.488918,0.0,0.29187222828096127,3393.9056771111173,20.458334081438263,16.969528385555588
-82.997514,200,172.620441,0.0,0.39519233842336515,3260.274973338787,18.384414038051347,16.301374866693934
-86.759245,200,172.748619,0.0,0.44320282147361617,3258.456814975051,19.4771865906546,16.292284074875255
-134.918888,200,172.876647,0.0,0.6809183075743126,3134.18421125444,18.78689064656447,15.6709210562722
-70.180255,200,173.010175,0.0,0.6014450522068663,3106.3913902292634,18.581696606421136,15.531956951146316
-68.760777,200,173.502741,0.0,0.604891552580302,3003.9649818604803,17.889876163188937,15.019824909302402
-86.748292,200,173.655261,0.0,0.4157045357664733,3222.2019331278257,18.90854013219753,16.111009665639127
-26.850683,200,173.791284,0.0,0.10409693311054885,2906.7624864425884,17.608336269881807,14.533812432212942
-30.474845,200,173.918807,0.0,0.08797544446122332,2610.5013211891373,16.057933026137714,13.052506605945688
-88.982409,200,174.053749,0.0,0.422195327502312,3066.213545418489,17.875125843060353,15.331067727092446
-109.553374,200,174.189458,0.0,0.45857458312737864,2688.3478089344117,15.951737504508479,13.441739044672058
-138.883073,200,174.315978,0.0,0.6057647388404134,3115.3144152394734,18.69572472592744,15.576572076197367
-153.880888,200,174.448497,0.0,0.7370637197835939,3090.5281930061387,18.439840747631074,15.452640965030694
-105.362702,200,174.576481,0.0,0.48695243695876633,3158.9569435766857,18.89638502967374,15.794784717883429
-137.238708,200,174.703517,0.0,0.550078188773531,2698.6761187148554,16.623156213517404,13.493380593574278
-81.639343,200,175.166593,0.0,0.4260124617192469,2609.34043839096,15.597445673360586,13.0467021919548
-56.891847,200,175.314629,0.0,0.32287810353573104,3443.6838986372977,19.844832197526532,17.218419493186488
-80.371894,200,175.446132,0.0,0.3775235191351233,3467.7671904370613,19.50818933316129,17.338835952185306
-77.544841,200,175.581223,0.0,0.35202904927531947,2981.465235201757,18.16505574676078,14.907326176008786
-81.237729,200,175.712748,0.0,0.35535191433850005,2581.8850789123617,15.668625213109644,12.909425394561808
-77.539069,200,175.841271,0.0,0.34813671728897794,3154.480545010801,18.31142606001403,15.772402725054006
-65.223648,200,175.969333,0.0,0.25687911299357913,2737.974668507052,17.30358326857367,13.68987334253526
-165.193145,200,176.102368,0.0,0.8201188573746951,3531.4517826957826,20.640950372683843,17.657258913478913
-142.248604,200,176.245111,0.0,0.6427805988116365,2968.6379792752496,17.403213100234275,14.843189896376249
-21.928734,172,176.358269,1.0,0.04220311321270673,2377.69951831381,14.380191297494722,13.823834408801222
-23.033036,151,176.457826,1.0,0.048210558626583334,1974.75052803349,12.279677334027696,13.077818066446953
-26.702733,200,176.939414,0.0,0.09955932386546314,3273.0296662681244,18.92135405155556,16.36514833134062
-25.056544,200,177.090458,0.0,0.20640636914811822,3379.6187380324177,20.324020705424747,16.89809369016209
-101.324703,200,177.222395,0.0,0.44287444210392574,2797.913469991305,17.072877795652847,13.989567349956525
-85.406987,200,177.354934,0.0,0.42839856098232143,2996.1447026648907,17.957947889087595,14.980723513324454
-171.578279,200,177.483996,0.0,0.8550476464814837,3333.091824971161,20.166201174472032,16.665459124855804
-121.435383,200,177.614513,0.0,0.4996862678846573,2972.7562341465405,17.493548805651976,14.863781170732702
-64.165614,200,177.756046,0.0,0.5480943364483973,3313.0516341059233,19.235618648634542,16.565258170529617
-87.745984,200,177.880101,0.0,0.35337216176551595,2761.8404279290266,17.33462737474489,13.809202139645134
-125.718165,200,178.010626,0.0,0.5717426804525098,3119.8839172547837,18.917568030562354,15.599419586273918
-89.42243,200,178.141149,0.0,0.4049619367141174,3129.0654103102293,18.53700337444579,15.645327051551146
-65.73644,200,178.637485,0.0,0.4002036298594596,2993.9011225116737,17.520695784112544,14.969505612558368
-135.934283,200,178.781518,0.0,0.5968292885327402,3022.784482270849,18.77540409275867,15.113922411354245
-70.615662,200,178.917043,0.0,0.37832829470838814,3322.5118906064004,19.636060216157126,16.612559453032002
-116.093023,200,179.048563,0.0,0.4628740595848474,2778.3965640725146,17.132508984704547,13.891982820362573
-77.657342,200,179.180594,0.0,0.3898905447095575,3227.179496991125,18.66913922797838,16.135897484955624
-59.6749,200,179.309134,0.0,0.3161380274394931,3069.4671965842645,17.715442723092924,15.347335982921322
-141.885418,200,179.438653,0.0,0.6897464406891178,3357.565778452015,19.189047195055853,16.787828892260073
-57.551343,200,179.567173,0.0,0.38217718680802554,3098.3254293072023,18.359491529750343,15.491627146536011
-66.917143,200,179.697214,0.0,0.4350289154263598,3106.7470035208516,18.149507998142628,15.533735017604258
-143.642295,200,179.827732,0.0,0.6602647906128714,3055.7752744607315,17.90080048694057,15.278876372303657
-123.277104,200,180.298233,0.0,0.5664361568044762,3228.8129552132104,18.92112197257295,16.144064776066053
-162.708888,200,180.458755,0.0,0.7918921485190161,3408.9279167756604,19.58057255538127,17.0446395838783
-156.167845,200,180.592709,0.0,0.7338004916765488,3275.077477188446,19.05854104222169,16.375387385942233
-72.84393,200,180.73048,0.0,0.3988101033446078,3174.0006243724283,18.688846018927336,15.870003121862142
-61.428251,200,180.864033,0.0,0.4445585795581097,3163.6016363997774,18.753619263763625,15.818008181998886
-98.065854,200,180.991125,0.0,0.480438188310256,3080.1405611696505,18.043651067847293,15.400702805848253
-77.688289,200,181.127659,0.0,0.3742810602368779,3333.7414609744546,19.539900761524247,16.668707304872274
-175.441153,200,181.261177,0.0,0.8723905337002577,3226.79974652817,18.451660729391232,16.13399873264085
-60.755351,200,181.387292,0.0,0.27891659680658365,3536.945512190198,20.24836755980898,17.68472756095099
-145.836369,200,181.520821,0.0,0.6767922640429945,3058.718268633327,17.95751508997656,15.293591343166636
-63.53862,200,181.981389,0.0,0.4121992405463444,3015.489312861069,17.89677635618153,15.077446564305344
-73.346352,200,182.127902,0.0,0.332452845721329,2949.1689265557366,17.700159180784517,14.745844632778683
-98.341011,200,182.269425,0.0,0.48837550114491063,3106.413083267836,18.157614790734268,15.532065416339181
-167.633687,200,182.40346,0.0,0.843028520646271,3177.7378627812354,18.879133654864805,15.888689313906177
-45.363428,200,182.538983,0.0,0.18753597226931615,2869.531541417155,17.232069723097215,14.347657707085775
-105.082721,200,182.675041,0.0,0.4940515695256702,3406.4550779261026,19.709182202989563,17.032275389630513
-121.52217,200,182.815244,0.0,0.5202049401395396,2718.3365574166564,17.09554415983094,13.591682787083283
-123.980564,200,182.946403,0.0,0.6240964395270024,3368.8369557137403,19.72348762734463,16.844184778568703
-19.919364,173,183.05689,1.0,0.04363160723477369,2343.891697438506,14.373808902791943,13.548506921609862
-91.344797,200,183.19097,0.0,0.4372507048770476,3150.3159973400025,18.918035279521213,15.751579986700012
-119.609977,200,183.322516,0.0,0.5671445739031575,3330.5123442509635,19.382000633449582,16.652561721254816
-140.58475,200,183.765585,0.0,0.6573492023127815,3378.349936444723,19.099358042586353,16.891749682223615
-42.106628,200,183.90765,0.0,0.1357222970902197,2543.5337546171186,15.223166237145112,12.717668773085594
-161.299777,200,184.037903,0.0,0.807765570938874,3272.476282542261,19.36661878845172,16.362381412711304
-103.64986,200,184.171371,0.0,0.47766839131060607,2664.294099134024,15.797664544277211,13.32147049567012
-176.876117,200,184.301425,0.0,0.8883195308129826,3264.949592317987,19.416255270774215,16.324747961589935
-130.372793,200,184.429938,0.0,0.6568343773166355,2748.4297285662415,16.839263043741525,13.742148642831207
-48.357807,200,184.562461,0.0,0.15201270797296051,2718.415777925413,16.19293101390205,13.592078889627064
-69.903192,200,184.695469,0.0,0.30422761136283955,3405.5123525770173,19.490949483289793,17.027561762885085
-116.090124,200,184.826984,0.0,0.5153417872632514,3235.3297172791476,19.701947921427564,16.17664858639574
-75.667038,200,184.969235,0.0,0.3867209220048329,3109.7176206701342,17.68309130641164,15.54858810335067
-116.346344,200,185.438861,0.0,0.4387367908846127,2954.648524099595,18.446655491394054,14.773242620497975
-108.927467,200,185.588855,0.0,0.5233007947911205,3527.091037408799,19.631001218183492,17.635455187043995
-76.760359,200,185.722393,0.0,0.3915302347688058,3134.1786806563505,18.138055380179633,15.670893403281752
-161.716178,200,185.853922,0.0,0.7519125464696189,3261.331899781589,18.32169367292923,16.306659498907944
-46.739573,200,185.986984,0.0,0.1884402319580446,2648.544553506005,16.648945067548812,13.242722767530024
-84.052588,200,186.114491,0.0,0.37344964428970184,2760.982240770814,16.831794526739333,13.804911203854068
-43.774545,200,186.243026,0.0,0.2048689008246682,3139.268636272024,19.194081621343745,15.69634318136012
-169.029461,200,186.369562,0.0,0.8438645652143204,3418.8839125915138,19.79419346848012,17.09441956295757
-56.298479,200,186.50061,0.0,0.28522116334052144,3589.014981950167,20.07773031458665,17.945074909750836
-69.384583,200,186.627133,0.0,0.4518830756388655,3057.2071746660627,17.788700414098578,15.286035873330313
-108.781201,200,187.091111,0.0,0.5162768331018281,3542.770355299764,20.08667225494316,17.71385177649882
-76.268257,200,187.257488,0.0,0.36943012856645197,3232.9336879488533,18.63976529878131,16.164668439744265
-62.208609,200,187.391134,0.0,0.30896331153068535,3262.306552336879,18.669442461447705,16.311532761684397
-102.752138,200,187.527723,0.0,0.39989701641244507,3345.680795359482,19.795699557442244,16.72840397679741
-29.180636,200,187.662244,0.0,0.31162996607701576,3235.844950162446,18.72824020508464,16.179224750812228
-84.295783,200,187.796359,0.0,0.37550053056572374,2870.589540086506,16.49671679244901,14.35294770043253
-49.012462,200,187.928879,0.0,0.33456236120340793,3334.1526099550974,18.89294127028405,16.670763049775488
-36.548912,200,188.061409,0.0,0.10784972009522657,2606.96292764917,15.82363524761513,13.03481463824585
-76.259096,200,188.191119,0.0,0.3400839800497084,3004.0400996650883,18.42981299834413,15.020200498325442
-108.711722,200,188.322651,0.0,0.5473598909241661,2907.8201073836676,17.589080940591685,14.539100536918339
-11.768136,88,188.379688,1.0,0.04832393372160445,1012.552598806188,6.1148601734806824,11.5062795318885
-112.179106,200,188.859378,0.0,0.5192329084822905,3493.232975038947,19.745074137174413,17.466164875194735
-93.667578,200,189.008432,0.0,0.4626078652137408,3020.0484231437754,18.219543225687165,15.100242115718878
-118.718403,200,189.141007,0.0,0.5448533051521277,2864.1100797582826,17.694003240253046,14.320550398791413
-58.019098,200,189.275208,0.0,0.5091021495639916,3215.025534704142,18.977476230062145,16.07512767352071
-165.371744,200,189.406428,0.0,0.7693067187347669,3422.7317946138824,19.98308816093147,17.113658973069413
-141.350194,200,189.536251,0.0,0.6514646191077385,3445.118104085902,20.045360518864655,17.22559052042951
-71.278905,200,189.663772,0.0,0.36171231469530024,3195.7158926846696,17.73492306464775,15.978579463423348
-107.585707,200,189.791812,0.0,0.5406709982296252,3223.242003382288,19.277331442577495,16.11621001691144
-123.796875,200,189.922264,0.0,0.6070645902912418,3293.713397939478,19.05846178454157,16.46856698969739
-39.743736,200,190.056804,0.0,0.2762667785587618,3473.151143736925,20.087972004354725,17.365755718684625
-121.932361,200,190.506936,0.0,0.4409184210191136,3113.852698612972,17.78352675771878,15.56926349306486
-72.298024,200,190.67109,0.0,0.346930639093252,3304.020365136889,19.12772522886018,16.520101825684446
-117.969846,200,190.805162,0.0,0.6138681526861269,3184.53355822848,18.651710391245736,15.9226677911424
-129.640855,200,190.936198,0.0,0.5900744851273582,3165.317096134157,18.88214015152981,15.826585480670785
-150.293103,200,191.069663,0.0,0.6063410386457045,3070.7835148992053,17.870641877248783,15.353917574496027
-68.108646,200,191.19469,0.0,0.3740372846752098,3261.9191438461244,18.815208850954864,16.30959571923062
-124.556659,200,191.321235,0.0,0.6043479308105735,3174.205737589229,18.701822909830177,15.871028687946145
-135.093218,200,191.453787,0.0,0.6402822742437818,3468.6474590721486,19.92950281392893,17.343237295360744
-46.305941,200,191.586028,0.0,0.26098836854536367,3503.21828746342,19.845420044125646,17.5160914373171
-123.472718,200,191.715127,0.0,0.6091336289076504,3202.3170321751686,18.38929680166208,16.011585160875843
-61.948374,200,191.840647,0.0,0.330946196632362,3391.6286430729447,18.810256223206643,16.958143215364725
-64.354345,200,192.343037,0.0,0.354608598192767,3075.968404275458,18.342980832898313,15.37984202137729
-82.76391,200,192.476604,0.0,0.3958223535617699,3433.1580256739653,19.05180661356393,17.165790128369828
-159.580366,200,192.610659,0.0,0.8076494659808743,3208.0181278436844,19.6871201759455,16.040090639218423
-40.888816,200,192.746007,0.0,0.12944958503750642,2849.1628243571217,17.39536914814856,14.245814121785608
-73.458804,200,192.877623,0.0,0.3731514950822549,3355.8393516546325,19.643161782533365,16.779196758273162
-88.657374,200,193.002586,0.0,0.3609280924348251,3338.401241602875,19.27608557849165,16.692006208014377
-64.795059,200,193.129148,0.0,0.332234915907837,3193.5798742830984,18.072920340267522,15.967899371415491
-78.944431,200,193.263233,0.0,0.39100071673343023,3426.744458297863,19.637227498392104,17.133722291489313
-120.139568,200,193.387351,0.0,0.6047088299245149,3416.9675573606955,19.10748484485685,17.084837786803476
-99.579636,200,193.516868,0.0,0.39259285940968125,3144.2826396355767,18.6038023521425,15.721413198177883
-110.88945,200,194.0045,0.0,0.5601705855365675,3363.7756672639975,19.67382000516834,16.818878336319987
-51.403388,200,194.148504,0.0,0.3083958099351092,3275.1485438473483,18.487867106213272,16.37574271923674
-24.154461,200,194.279033,0.0,0.2636801157859513,3298.2163445328347,19.262752316722995,16.491081722664173
-57.743533,200,194.412097,0.0,0.36894818951715225,2820.203613844201,17.046159326491516,14.101018069221004
-62.565612,200,194.54062,0.0,0.3244509014246161,3150.88449598279,18.11905452776119,15.75442247991395
-154.130332,200,194.672151,0.0,0.6914232329755463,3229.2005463530663,18.782589047731413,16.146002731765332
-105.240376,200,194.800222,0.0,0.5335410835450981,3080.7986774946144,17.95879820131637,15.403993387473072
-74.94311,200,194.926807,0.0,0.3838944997489946,3215.2145115954017,18.579088785464652,16.07607255797701
-45.349676,200,195.052397,0.0,0.37703409625656287,3277.7278180946573,18.83563528503538,16.388639090473287
-86.00006,200,195.179933,0.0,0.3868389963988508,3371.433087299879,19.361642977479345,16.857165436499393
-33.334783,200,195.634066,0.0,0.18373835363964625,3270.9221651857015,18.83805012445943,16.354610825928507
-156.789165,200,195.784594,0.0,0.7337537380690979,3154.366144891205,18.01961624513433,15.771830724456024
-63.693506,200,195.92609,0.0,0.3388553443938099,3430.511536678727,19.218746189322157,17.152557683393635
-101.184218,200,196.060231,0.0,0.5063034307598859,2988.7368728277784,17.96780419589212,14.943684364138893
-93.409427,200,196.192275,0.0,0.4484195678482365,3434.834104424423,19.58843685372178,17.174170522122115
-124.952238,200,196.322521,0.0,0.588610010830845,3459.179620019538,19.349449058998747,17.29589810009769
-79.132367,200,196.452032,0.0,0.31281199032756063,2855.1486777179243,17.604712509977826,14.275743388589621
-47.771044,200,196.584497,0.0,0.1477140804148293,2571.18030523934,15.984368660964172,12.855901526196702
-64.34577,200,196.718569,0.0,0.34405942754544916,3243.0304734991737,18.57210966970312,16.215152367495868
-60.18537,200,196.849093,0.0,0.46065136283101016,3076.0779691299654,17.849314869063726,15.380389845649827
-41.94992,200,197.323624,0.0,0.23381573944555248,3347.503812406761,19.136332265640753,16.737519062033805
-114.868436,200,197.475117,0.0,0.49096593737126387,3361.0071372798097,19.460838608170498,16.805035686399048
-56.696189,200,197.609125,0.0,0.420022271788293,2779.4046331398836,16.21799500064236,13.897023165699418
-106.547926,200,197.743353,0.0,0.5010809130483004,3587.4693302041346,20.823564574669742,17.937346651020672
-127.492163,200,197.878884,0.0,0.4891194923263103,2717.9216579747813,16.167620729475882,13.589608289873906
-101.782001,200,198.011906,0.0,0.43825305712730067,2871.7660067908,17.312973438387832,14.358830033954
-98.448252,200,198.144968,0.0,0.3692731763809967,3061.4279575428227,18.07849059264548,15.307139787714114
-98.717106,200,198.272639,0.0,0.46641632811788153,3383.2726010670535,19.071173180330877,16.916363005335267
-41.074709,200,198.400678,0.0,0.13646216206233383,2924.8641642947305,18.213202139751022,14.624320821473653
-160.451781,200,198.533185,0.0,0.7690760517555436,3362.822227374544,19.153780216592946,16.81411113687272
-66.575633,200,199.005859,0.0,0.48501685043174636,2814.5861907783633,16.413185230141096,14.072930953891817
-119.894762,200,199.155183,0.0,0.5836783607343223,3124.6314920167915,18.250212040492038,15.623157460083958
-134.908616,200,199.299165,0.0,0.5416017099944206,2811.2692274744168,17.1479506007386,14.056346137372083
-117.602031,200,199.430689,0.0,0.5839189656611723,3234.112231253021,18.37334037628858,16.170561156265105
-174.174832,200,199.568197,0.0,0.8580062931826116,3228.88787302608,18.646258211668847,16.1444393651304
-83.504653,200,199.697296,0.0,0.34436131371126794,3006.294784883106,17.228772358325337,15.031473924415529
-160.616272,200,199.827735,0.0,0.7673765583077158,3411.104002411406,19.143686580378514,17.05552001205703
-134.229179,200,199.953274,0.0,0.5266811895168562,2988.6843881406867,17.930698757552783,14.943421940703434
-85.516385,200,200.080787,0.0,0.3859673860221835,3050.272981130168,17.877516155155465,15.251364905650838
-119.962359,200,200.213856,0.0,0.5276564171950611,3258.753926373059,19.129449224063627,16.293769631865295
-35.21963,200,200.342812,0.0,0.16493380508192368,3310.490712554115,19.483802519563667,16.552453562770573
-156.024372,200,200.820474,0.0,0.7408271928035687,3321.4107942724127,19.0818797229466,16.607053971362063
-58.800141,200,200.972006,0.0,0.3017392150473264,3316.8920187743356,19.15657781054028,16.584460093871677
-88.180858,200,201.104061,0.0,0.401976798750736,3039.0240523910843,17.801831071529232,15.195120261955422
-42.634418,200,201.236581,0.0,0.3723075391677156,3024.2346265377205,18.42979901373612,15.121173132688602
-103.685627,200,201.366256,0.0,0.4980945570567059,3457.4612469399467,19.239320659676885,17.287306234699734
-142.748463,200,201.496316,0.0,0.6093409373234924,3218.5139784445805,18.97430155433792,16.0925698922229
-23.406905,200,201.626862,0.0,0.18571502807347154,3359.4269687308292,19.222657551602754,16.797134843654145
-19.297228,115,201.700441,1.0,0.0483260339576956,1278.8220221930271,8.140465924381395,11.120191497330671
-70.889867,200,201.825938,0.0,0.26400270363891837,2839.7976524729415,17.74693521302137,14.198988262364708
-72.06851,200,201.960477,0.0,0.3535571758549482,3047.64038531644,17.729780398599587,15.238201926582201
-57.493943,200,202.429132,0.0,0.2726717884945767,3103.061356483018,18.421775646190852,15.515306782415088
-100.00132,200,202.570751,0.0,0.4217774313819067,3416.8819657619015,19.554418401718326,17.08440982880951
-20.903095,79,202.630905,1.0,0.04628167956189806,499.68030622293094,3.5900817921989354,6.325067167378872
-60.268592,200,202.763043,0.0,0.2457179264240783,3449.581042497505,19.37768725879644,17.247905212487527
-131.957276,200,202.893092,0.0,0.5559357993799802,2894.2485140390154,17.780777512242967,14.471242570195077
-128.706607,200,203.022671,0.0,0.609960766285893,2940.2377391740383,17.322352651842515,14.701188695870192
-99.061933,200,203.150636,0.0,0.4727761524318242,3218.9491486548077,18.40297362773851,16.09474574327404
-106.178547,200,203.281158,0.0,0.5018161670107298,2968.201710832622,17.112128604089495,14.84100855416311
-160.865994,200,203.411208,0.0,0.7899552546019761,3406.756469043063,19.606198003468425,17.033782345215315
-24.084246,200,203.538756,0.0,0.18008111921151962,3615.3068132205613,20.040706514523745,18.076534066102806
-146.207169,200,203.668274,0.0,0.7022101190672402,3647.74786982837,20.764131479409368,18.23873934914185
-60.340866,200,204.121956,0.0,0.23762334312875596,3295.2411265842884,18.880284170660026,16.47620563292144
-85.026256,200,204.284616,0.0,0.39094309657935045,3171.6392377055013,18.46245229347786,15.858196188527506
-39.783928,200,204.426652,0.0,0.35096722734332353,3482.9279255407937,19.455940496492392,17.41463962770397
-55.277002,200,204.555972,0.0,0.253922556923143,3250.356090422198,19.713724115330947,16.251780452110992
-72.642394,200,204.686184,0.0,0.32197861495216556,3262.893661617115,18.62291110482536,16.314468308085576
-127.797478,200,204.815478,0.0,0.488943734468892,2695.2070509109094,15.702292091141265,13.476035254554548
-85.420501,200,204.947039,0.0,0.3423965620642118,2614.781920505523,16.169981187335203,13.073909602527614
-128.473058,200,205.078547,0.0,0.6262697095031128,3040.6003636829278,18.234880511948923,15.20300181841464
-105.637548,200,205.206202,0.0,0.49373664978189613,3229.295896771914,18.41723388496664,16.146479483859572
-126.558164,200,205.336716,0.0,0.6123654267230703,3252.3933636455777,18.927362473329158,16.26196681822789
-107.559503,200,205.793401,0.0,0.5077228844216713,3405.6483871419146,19.46379315470278,17.028241935709573
-86.76363,200,205.933944,0.0,0.3476570894865648,3244.479999023968,18.19923751772045,16.22239999511984
-36.028675,200,206.072423,0.0,0.15595189375187002,3581.736970621368,20.505024432412203,17.90868485310684
-47.298051,200,206.203498,0.0,0.19131124296172333,3149.7205350552854,18.306462743704145,15.748602675276427
-170.702563,200,206.335048,0.0,0.8120142723485717,3512.4702345026617,20.46414507980219,17.56235117251331
-93.357661,200,206.466547,0.0,0.4380673200274719,3210.097271791975,18.565147146729313,16.050486358959873
-68.471917,200,206.594589,0.0,0.2913138906923107,3257.1988294840007,18.53325117140737,16.285994147420002
-22.706985,200,206.722176,0.0,0.0659597856047135,3286.6832245780083,19.00177703068956,16.43341612289004
-89.213224,200,206.852773,0.0,0.3043370736932895,3116.655848809848,18.066042989586933,15.58327924404924
-125.440066,200,206.987567,0.0,0.5564177747418868,2747.2021996500175,17.653609486897874,13.736010998250087
-109.094872,200,207.118641,0.0,0.49762856367125285,2998.449523266456,18.32687352301289,14.992247616332278
-82.296189,200,207.618955,0.0,0.38656973061305167,3331.8233515739807,19.39502013372814,16.659116757869903
-145.716805,200,207.759413,0.0,0.6973791681480449,3163.1817769711265,18.27296025964152,15.815908884855633
-90.052985,200,207.896549,0.0,0.41255748938339026,3265.3615489739955,18.724998204402624,16.326807744869978
-78.477829,200,208.025064,0.0,0.3026240958112892,2507.3182452828496,15.693606398211429,12.536591226414249
-88.31278,200,208.156585,0.0,0.3931653285056489,2949.7305197097367,18.321128696014085,14.748652598548682
-90.67737,200,208.291424,0.0,0.4334637259994653,2832.2212623056957,17.228933004501666,14.161106311528478
-44.602369,200,208.423462,0.0,0.13854601473376904,3131.330871241107,18.71108801290784,15.656654356205536
-33.037981,200,208.561983,0.0,0.29914028874476123,3263.8159353227725,18.78136266359105,16.319079676613864
-160.916914,200,208.690398,0.0,0.770435020193959,3090.0260702267656,18.621318766729402,15.450130351133827
-13.495898,50,208.72491,1.0,0.04675927594038002,666.9493608847285,3.872653042650751,13.338987217694571
-62.033167,200,208.858442,0.0,0.25211049545096204,2899.4573398860166,17.62398360705778,14.497286699430083
-135.032357,200,209.336632,0.0,0.6523819144624823,3074.9359174522133,18.669750856299967,15.374679587261067
-47.195294,200,209.479154,0.0,0.21646396991373834,3431.6034519209156,19.235357174690396,17.158017259604577
-87.364134,200,209.617182,0.0,0.3713055313674223,3250.060829910747,18.735483318158717,16.250304149553735
-158.450499,200,209.752709,0.0,0.7155747962051396,2676.729040132795,15.64689711801971,13.383645200663976
-67.728025,200,209.88624,0.0,0.3144002825615519,3090.676330853686,17.95210396260784,15.45338165426843
-25.912506,200,210.021159,0.0,0.10589627844135766,3390.450896717588,19.41845180930615,16.95225448358794
-38.655807,200,210.151666,0.0,0.18842882207177497,3150.5348861933976,18.754416398678508,15.752674430966987
-108.274825,200,210.283687,0.0,0.33706588757781053,2812.7786831164244,16.601586845950585,14.063893415582122
-150.366647,200,210.418718,0.0,0.7279443284711581,3310.5216545376584,18.653001356997752,16.552608272688293
-53.196837,200,210.549236,0.0,0.15158517535851052,3407.0201560491005,19.6549617250985,17.035100780245504
-36.576141,200,211.012593,0.0,0.14671788795279983,3187.0824550682314,18.364209978821563,15.935412275341157
-153.808468,200,211.160102,0.0,0.672137234958634,3397.5883954281153,19.895085890601088,16.987941977140576
-40.798168,200,211.296819,0.0,0.13999714065765556,3136.1231169606313,18.662723982343643,15.680615584803157
-45.235568,200,211.434006,0.0,0.14828330523680494,2554.9640862322153,16.05353430114562,12.774820431161077
-119.022999,200,211.568536,0.0,0.44875592074589354,3232.906256955092,19.02585602694548,16.16453128477546
-89.057873,200,211.700652,0.0,0.4188890180004568,3404.925097040636,19.315226662602893,17.02462548520318
-92.775462,200,211.83118,0.0,0.38849909401614136,2981.297679556074,17.744540676286057,14.90648839778037
-163.976319,200,211.955687,0.0,0.8163085056627436,3423.8451895394187,19.160816047974233,17.119225947697092
-60.854958,200,212.083223,0.0,0.23732470487699084,3177.9137624137866,18.747981380967985,15.889568812068934
-160.459359,200,212.216272,0.0,0.7795658581119711,3407.9345674939073,20.012138217007365,17.039672837469535
-32.327308,200,212.687841,0.0,0.17824756295263755,3654.2022082691155,21.153512302015532,18.271011041345577
-31.730124,190,212.825855,1.0,0.04795589432677085,2660.7710091988342,16.30017009854143,14.004057943151759
-134.930101,200,212.962383,0.0,0.6442277842723164,3511.2964716956144,19.77583064744613,17.55648235847807
-173.638777,200,213.095422,0.0,0.8505328480717259,3166.485473140441,18.762604505641818,15.832427365702205
-84.376782,200,213.228943,0.0,0.3529800260627623,2661.02097321829,15.916835334185725,13.30510486609145
-67.559948,200,213.362464,0.0,0.22079331126683424,3431.413241009042,19.644456942847512,17.15706620504521
-60.930967,200,213.502222,0.0,0.29204805024129343,3236.9844607504842,18.39699710245483,16.184922303752423
-32.346861,200,213.635425,0.0,0.10085798703341761,3238.1082016241467,18.581516373964618,16.190541008120732
-45.713706,200,213.760948,0.0,0.21634606406902326,3446.470604289604,19.424737688426042,17.23235302144802
-73.127035,200,213.895015,0.0,0.30461288689585775,2697.2664869712194,16.754840693383166,13.486332434856097
-95.619997,200,214.341871,0.0,0.3536566077084132,3163.154977750707,18.06233146712583,15.815774888753536
-98.794026,200,214.493886,0.0,0.41189780561254163,3222.4317351593536,19.206609586466993,16.112158675796767
-162.96112,200,214.629408,0.0,0.790996202370985,3328.090458418612,19.35877200369255,16.64045229209306
-123.470782,200,214.757922,0.0,0.584394050527143,3237.4456183773896,18.42243312226742,16.187228091886947
-79.608663,200,214.889446,0.0,0.3278574712594158,3222.324087884779,18.81699525930487,16.111620439423895
-148.045985,200,215.024544,0.0,0.7033377971045914,3453.089683991869,20.181951971590973,17.265448419959345
-117.014954,200,215.156062,0.0,0.48230444783801224,3331.571160683052,19.77143310293077,16.65785580341526
-141.543885,200,215.288589,0.0,0.5663209880388993,3135.18916176988,18.79760739734044,15.675945808849399
-9.782145,38,215.314108,1.0,0.04889866856087574,385.40367069824117,2.4940534047568486,10.14220186048003
-177.727299,200,215.448651,0.0,0.8680152764094563,3372.8475337238397,19.581575527643206,16.864237668619197
-52.584733,200,215.582808,0.0,0.16751441663677827,2818.5594729250893,16.663671335694218,14.092797364625447
-129.698208,200,215.716238,0.0,0.5393501659228698,2559.9169379410046,15.947576165548519,12.799584689705023
-18.336898,72,216.112949,1.0,0.04937668190834506,526.3921195331352,3.879296872863312,7.311001660182433
-37.05289,200,216.27247,0.0,0.06765973820023798,2642.9277896870526,15.819157025279475,13.214638948435264
-75.308919,200,216.405501,0.0,0.3305350596871638,3180.944326112899,18.400881317940495,15.904721630564495
-109.972609,200,216.536027,0.0,0.4907327605562854,3559.0078053299912,20.08696736435386,17.795039026649956
-128.471614,200,216.666548,0.0,0.6178220562628769,3067.653145833086,17.951157917059938,15.33826572916543
-61.431728,200,216.793032,0.0,0.21720501025805436,2821.878058974851,16.708038770557433,14.109390294874254
-140.408448,200,216.926071,0.0,0.7067046990572102,3267.499247036385,19.11395606783981,16.337496235181924
-83.268098,200,217.052605,0.0,0.33988809508714807,3049.814558811858,17.678236629430025,15.249072794059291
-73.03284,200,217.180189,0.0,0.30710077927920937,3140.48151917754,18.93455194949901,15.702407595887701
-45.85997,200,217.311273,0.0,0.19392895091061627,3078.046873041336,18.212025563914743,15.390234365206679
-158.285232,200,217.803748,0.0,0.7706167170114098,3271.275876788311,19.56860819535983,16.356379383941555
-122.904041,200,217.955699,0.0,0.481013669533641,2737.714406050959,17.01996000494756,13.688572030254795
-50.639936,200,218.100783,0.0,0.2719448717412477,2811.6233524530094,16.297165580647608,14.058116762265048
-96.794614,200,218.228895,0.0,0.4494247761866568,3147.5722635240454,18.0445525264154,15.737861317620228
-117.47371,200,218.358412,0.0,0.5452961102530567,3003.0690771139543,17.62501628874117,15.015345385569772
-111.963929,200,218.489003,0.0,0.5260880424215363,3377.112487993111,19.48258425232646,16.885562439965554
-155.193258,200,218.619033,0.0,0.7765918719727161,3194.5298395353993,18.729783101537073,15.972649197676997
-97.579524,200,218.755565,0.0,0.4269052082608669,3289.0920446831547,18.623091877743363,16.445460223415772
-101.613326,200,218.888103,0.0,0.4400320930160877,2766.9552139349207,16.247332987624052,13.834776069674604
-96.999949,200,219.022142,0.0,0.37706233674442885,3174.213870242593,18.648018648353897,15.871069351212967
-151.486584,200,219.155668,0.0,0.7515316059764025,2868.0515395316297,17.123185550122436,14.34025769765815
-115.641555,200,219.637743,0.0,0.5369253184054431,3335.38360851957,19.498987480995464,16.676918042597848
-142.905584,200,219.785269,0.0,0.5728765797997533,2970.135704673888,17.44131752227964,14.85067852336944
-82.88959,200,219.919312,0.0,0.3314537300482799,2720.7812478813858,16.263764507583314,13.603906239406928
-149.865124,200,220.053017,0.0,0.7349471020069477,3252.8695900116386,19.00631389843327,16.264347950058195
-156.620073,200,220.186176,0.0,0.7589129748084102,3383.3292689412865,20.3190202107014,16.916646344706432
-46.915934,200,220.316226,0.0,0.2985753600093016,2873.3714079869396,16.870195902259212,14.366857039934699
-162.024037,200,220.450756,0.0,0.7912754917701403,3339.018355430306,19.055325208154297,16.695091777151532
-150.809678,200,220.586293,0.0,0.7316911167154666,3514.698612149581,20.622707015697326,17.573493060747907
-13.987178,56,220.624814,1.0,0.041064230862385614,680.2220030638139,4.224584239480933,12.146821483282391
-124.388612,200,220.757341,0.0,0.5701742800247278,3374.2978226156924,19.526707434700555,16.87148911307846
-97.879497,200,220.889733,0.0,0.42791899750055595,3454.4384723987223,19.710244825226408,17.27219236199361
-53.786846,200,221.378309,0.0,0.2958141499113065,3024.589964892761,17.594620077074666,15.122949824463806
-36.316026,200,221.518355,0.0,0.1867372049351397,3068.2693644110664,17.43746021703439,15.341346822055332
-53.97297,200,221.647879,0.0,0.13235698548262462,2751.8217340074884,16.259737524419226,13.759108670037442
-5.760854,32,221.66988,1.0,0.0499272959604604,306.94310895944875,2.063590689003955,9.591972154982773
-160.17369,200,221.804914,0.0,0.7743512552206037,3421.1742973001956,19.57305248901765,17.105871486500977
-24.040118,200,221.933447,0.0,0.08421349669318473,3271.1211361367136,19.122632796369984,16.355605680683567
-162.551974,200,222.06495,0.0,0.803291132386481,3286.1582234458983,19.344591775782625,16.430791117229493
-83.914411,200,222.198725,0.0,0.34229921768202337,3136.8590855192683,18.665383349531027,15.684295427596341
-51.488653,200,222.339664,0.0,0.22567321179149288,3350.0814227411956,18.726155931822404,16.75040711370598
-46.542214,200,222.470189,0.0,0.29604219687695393,3289.633748723256,18.90990612253097,16.44816874361628
-127.659495,200,222.6003,0.0,0.5967045568635336,3440.790401228041,20.17095134357955,17.203952006140206
-139.661497,200,223.090173,0.0,0.6802142034794615,3461.126248698899,19.141879420879278,17.305631243494496
-140.246378,200,223.234712,0.0,0.6478808023275022,3016.045303700527,18.140889433152495,15.080226518502634
-135.050258,200,223.372235,0.0,0.6429425477583044,3656.5464066199165,19.804994468050655,18.28273203309958
-61.610124,200,223.507281,0.0,0.2759538795819409,3213.094200757031,18.953287939663145,16.065471003785156
-89.471037,200,223.635335,0.0,0.3874996903738539,3113.013202063627,19.135860823406308,15.565066010318136
-49.463782,200,223.770855,0.0,0.11497815675085017,2607.9620825063807,15.686956830895824,13.039810412531903
-43.937506,200,223.903915,0.0,0.24176084652341046,3665.3563738052053,20.094500604756245,18.326781869026025
-69.608092,200,224.032427,0.0,0.22864273686258532,2655.2485160975666,15.87664022864614,13.276242580487834
-70.772207,200,224.159958,0.0,0.297145383514514,3164.4339142049853,19.078587358781736,15.822169571024926
-12.566245,88,224.217496,1.0,0.04985941068582533,1199.5503526013808,7.4930940315517836,13.631254006833872
-85.362209,200,224.679428,0.0,0.34008426831380284,3156.5890865453493,18.626818082897998,15.782945432726747
-52.094315,200,224.832472,0.0,0.20590758551651514,3058.201204663122,17.87365235288752,15.29100602331561
-50.713882,200,224.976475,0.0,0.2153318670321143,3203.058276645102,18.998693696492264,16.01529138322551
-54.746635,200,225.106513,0.0,0.20829188870007748,3024.069352063135,18.050750787479046,15.120346760315675
-26.701419,200,225.239046,0.0,0.12341500807645452,3138.375793402488,18.097631592381866,15.691878967012439
-50.208547,200,225.372568,0.0,0.296384212687105,3513.3705084886956,19.764463627137715,17.566852542443478
-76.472078,200,225.502631,0.0,0.3660415524831137,2809.870088806899,16.60655453549459,14.049350444034495
-112.634951,200,225.635146,0.0,0.5214945708641592,3322.964914107158,19.30967237902211,16.61482457053579
-124.370002,200,225.761674,0.0,0.4690228840984757,2667.737150294113,16.19533226093656,13.338685751470564
-142.798282,200,225.895198,0.0,0.6718938418901437,3169.3490454892153,18.531053007834128,15.846745227446076
-112.783603,200,226.024228,0.0,0.5007056391604113,3446.778567777279,20.002438437527374,17.233892838886394
-61.070061,200,226.520259,0.0,0.4259410079531742,2979.212240673782,17.102248630269568,14.89606120336891
-120.30927,200,226.673175,0.0,0.5230528476780413,3201.176850242725,18.70807168976506,16.005884251213626
-118.935316,200,226.811842,0.0,0.5286032417659482,3189.992337886134,18.42332758430344,15.94996168943067
-46.423256,200,226.946405,0.0,0.2825967622127733,3174.3832971136057,18.350710422932195,15.871916485568029
-142.929089,200,227.080923,0.0,0.6959856387257525,3391.6729334863267,19.49865559843404,16.958364667431635
-170.662351,200,227.211989,0.0,0.8378739471864524,3400.785077739796,19.334752607359803,17.00392538869898
-45.451543,200,227.337557,0.0,0.20183358976542498,3159.7252899230793,17.859618752674052,15.798626449615396
-92.326486,200,227.462067,0.0,0.34488099479138284,3052.8470978840023,16.840893014627493,15.264235489420011
-103.944749,200,227.596602,0.0,0.3694393959201394,2972.0961281976506,17.760550031627137,14.860480640988253
-68.633178,200,227.731493,0.0,0.2665822309401949,3482.4070997255612,19.647028928383484,17.412035498627805
-127.374772,200,228.20309,0.0,0.6011341907764349,3258.760234373873,19.329972609102324,16.293801171869365
-54.551105,200,228.356611,0.0,0.1837875575486601,3042.1180867341127,18.402764137183723,15.210590433670564
-31.847863,200,228.49115,0.0,0.17903527858242224,3138.9494324492007,18.04303193827153,15.694747162246003
-52.151899,200,228.624184,0.0,0.2573866780331837,2979.1754992654865,18.123465891084432,14.895877496327433
-60.753822,200,228.760537,0.0,0.3599269943241926,3091.9711425787045,17.97909572626926,15.459855712893523
-101.971107,200,228.898485,0.0,0.447296940195436,3063.8789602294187,17.98262844764553,15.319394801147093
-65.395036,200,229.032077,0.0,0.2814886505054579,3299.5501178689947,19.333182627142616,16.497750589344975
-63.958984,200,229.161602,0.0,0.30393387997540494,2958.184235156963,17.350684249520178,14.790921175784815
-74.518164,200,229.290099,0.0,0.3117103132008849,2637.8307368577657,15.987928716478038,13.18915368428883
-102.327098,200,229.416147,0.0,0.4603747955505667,3068.4327033343106,18.24551634552727,15.342163516671553
-141.894854,200,229.888219,0.0,0.6802740556188778,3272.9272048448547,19.05175221944131,16.364636024224275
-50.565821,200,230.045243,0.0,0.17035296370445072,2405.0397188199595,14.703305165076054,12.025198594099798
-47.163823,200,230.177756,0.0,0.1777617480542373,3309.852811371905,19.154587470429664,16.549264056859524
-59.052772,200,230.305748,0.0,0.2159503510493124,3300.1103994701202,18.756796917507835,16.500551997350602
-10.106832,41,230.335748,1.0,0.04737818064038262,311.51969120250516,2.1654755284023257,7.598041248841589
-70.221218,200,230.463154,0.0,0.27120444018601897,2681.483831747043,15.391449252152366,13.407419158735216
-68.209738,200,230.596692,0.0,0.3140104281674358,3090.367780476739,18.79886250960743,15.451838902383695
-121.009683,200,230.726729,0.0,0.583506796328734,3009.427769869181,17.85642451323001,15.047138849345904
-65.84149,200,230.862256,0.0,0.22305245061752724,2975.380781698912,17.673479372412828,14.87690390849456
-8.728668,39,230.884262,1.0,0.04724693029713185,474.77414429698723,3.068279642177855,12.173696007615057
-155.750532,200,231.013098,0.0,0.7098710804870043,3363.7307975114672,19.1184431305947,16.818653987557337
-142.772547,200,231.147871,0.0,0.6560543783806712,2810.0933524842217,17.2769985949273,14.050466762421108
-96.660945,200,231.595943,0.0,0.408218226656427,3051.310010242321,17.680024668166517,15.256550051211605
-62.531218,200,231.749655,0.0,0.24033599351893575,3302.487024607737,18.135805111071708,16.512435123038685
-164.512776,200,231.892471,0.0,0.7910482244105659,3184.0825658253157,18.939142923282052,15.920412829126578
-84.034238,200,232.019499,0.0,0.27475932188643465,2863.666630281982,16.404683177637647,14.318333151409911
-96.735538,200,232.144962,0.0,0.38855070811887954,3174.501862948391,17.915054675322605,15.872509314741956
-153.496851,200,232.273483,0.0,0.7121088882638967,2907.4159625371703,17.18752355328763,14.537079812685851
-96.981279,200,232.401552,0.0,0.33163074095603473,2819.605067729245,16.663976231822435,14.098025338646226
-28.839091,168,232.512072,1.0,0.04897579267064767,2371.619740681518,13.974289584462591,14.116784170723323
-14.276228,63,232.551059,1.0,0.04796258351303954,325.0021627667236,2.278960605205876,5.158764488360692
-104.97002,200,232.6816,0.0,0.3919357593695868,3169.167672636489,19.012396775900854,15.845838363182445
-79.781081,200,232.811668,0.0,0.308737104986865,2992.476698253815,17.655649898332324,14.962383491269074
-61.022473,200,233.297174,0.0,0.28570108714750775,3551.205143250573,20.03186189346028,17.756025716252864
-109.127014,200,233.445195,0.0,0.42758080246714786,2543.6965470774367,16.175890482710354,12.718482735387184
-44.691133,200,233.580722,0.0,0.17494403641292772,3311.731271339416,18.827151747207413,16.558656356697078
-68.652493,200,233.708754,0.0,0.28419103830821735,2851.4786018196487,17.391358871736315,14.257393009098244
-154.107089,200,233.842322,0.0,0.7115952237360783,3165.061628021198,18.59775297088779,15.82530814010599
-29.975921,200,233.975834,0.0,0.20543164825942214,3375.205043353311,19.00937027279909,16.876025216766553
-17.297645,152,234.07636,1.0,0.049930244308091294,2326.7365594027538,13.473454748242562,15.3074773644918
-58.282971,200,234.202392,0.0,0.17755814647783222,2570.603624856076,16.131713066051212,12.853018124280378
-53.67639,200,234.330915,0.0,0.19769190697833827,3104.9772624032166,17.82443986664965,15.524886312016083
-63.727754,200,234.46038,0.0,0.2506998176766958,3267.960297013513,18.569091097064508,16.339801485067564
-49.21327,200,234.591655,0.0,0.35382545413600497,2832.2178785729775,16.174774874491312,14.161089392864888
-129.335912,200,235.072239,0.0,0.5148786061220597,2469.0568826062686,15.576265031018137,12.345284413031344
-129.657197,200,235.208307,0.0,0.5713572948878534,3085.91814992608,17.927180845387866,15.4295907496304
-132.745766,200,235.340694,0.0,0.6025406650732453,3493.5742941188896,19.872943547525324,17.46787147059445
-67.761645,200,235.474225,0.0,0.2661283518784533,3101.592096260674,18.07502177498056,15.507960481303371
-63.173547,200,235.605263,0.0,0.23525563993624926,3137.9316629827836,18.02234811715819,15.689658314913919
-100.390288,200,235.732806,0.0,0.4307835511898925,2768.238680264475,16.646890541655974,13.841193401322375
-39.858362,200,235.865987,0.0,0.18722846050733113,2847.998007356247,16.753464661718144,14.239990036781235
-145.301659,200,235.996561,0.0,0.6799865999378488,2922.9833934184403,17.146426405807997,14.614916967092201
-154.714645,200,236.128596,0.0,0.7303124048984493,2603.2605381433887,16.27702473305277,13.016302690716943
-168.969168,200,236.255157,0.0,0.7974559356924731,3174.8291841607665,19.141505601883754,15.874145920803834
-31.213959,200,236.747736,0.0,0.17912933072257683,3371.732369322665,19.737664994737134,16.858661846613323
-76.85874,200,236.895255,0.0,0.19075855838250205,2626.7622565060933,15.314321055153421,13.133811282530466
-93.773748,200,237.02788,0.0,0.4001769042192784,3465.3963013598895,19.971277203110024,17.32698150679945
-37.891884,200,237.155406,0.0,0.24419642164445451,2626.7323401962735,15.821335617303623,13.133661700981367
-134.160122,200,237.281168,0.0,0.6217951136668604,2777.389534014699,16.812538175735728,13.886947670073496
-12.148606,114,237.353685,1.0,0.04892874338538156,1655.9056309800228,9.797788414637717,14.525487991052831
-19.569743,161,237.460217,1.0,0.0460956868700472,2445.8533307594516,14.540723437886179,15.191635594779203
-29.730963,200,237.601573,0.0,0.14703758717492757,3398.728123228306,18.915409059541464,16.99364061614153
-65.792008,200,237.736289,0.0,0.24772999607215268,3088.004527811524,17.90689100537148,15.44002263905762
-100.882129,200,237.86322,0.0,0.43738060718928906,3372.8480814725644,19.02151290943181,16.86424040736282
-69.570749,200,237.992747,0.0,0.2862439037950734,3453.571676304374,19.742714402902795,17.26785838152187
-59.456708,200,238.525283,0.0,0.1712888864503197,2917.709539921135,16.87152288622028,14.588547699605675
-74.505419,200,238.726323,0.0,0.33470390982039944,2903.82166334146,17.557746274403435,14.5191083167073
-159.321838,200,238.95836,0.0,0.773259114403623,3235.795735620241,19.181163386376227,16.178978678101206
-114.719395,200,239.195076,0.0,0.5339207491145814,3376.5219698201636,19.498620469372373,16.882609849100817
-96.006215,200,239.427626,0.0,0.40076692123528457,2830.095959167863,17.011688136718554,14.150479795839315
-39.939046,200,239.635812,0.0,0.18036639199651014,3195.1692406402367,17.996215091009244,15.975846203201183
-44.600902,200,239.825139,0.0,0.22937430805629358,3098.300690286076,17.968345451905012,15.49150345143038
-103.92421,200,240.006644,0.0,0.48100992645541524,2747.197158177201,16.573422807967745,13.735985790886005
-94.128324,200,240.176893,0.0,0.41863647947407717,3195.915648288237,17.945818390822275,15.979578241441185
-74.581828,200,240.343522,0.0,0.2772519796346275,3029.4789913154736,17.744719064815385,15.147394956577369
-82.656107,200,241.146765,0.0,0.3342561818965103,3465.687942281545,18.779857619025726,17.328439711407725
-84.45587,200,241.401316,0.0,0.34488174572487595,3065.5159994750034,17.849450732361948,15.327579997375016
-68.177192,200,241.671597,0.0,0.2530418800048233,2963.4721600634875,17.96079329523654,14.817360800317438
-48.444153,200,241.910138,0.0,0.12308460095560628,3285.004899068726,18.206482928048345,16.42502449534363
-79.613051,200,242.168232,0.0,0.3199735874552915,3040.969006874976,17.723205730603116,15.20484503437488
-98.754332,200,242.329268,0.0,0.40846958478297607,2962.8039291467367,17.849637044012383,14.814019645733683
-171.177698,200,242.475795,0.0,0.8400792447933461,3332.9227990677487,19.702175932282476,16.664613995338744
-150.131388,200,242.614902,0.0,0.7079245416636615,2843.829578019142,16.886821276765488,14.21914789009571
-38.42218,200,242.760431,0.0,0.1894397575447425,2936.378681707039,18.036796155896248,14.681893408535196
-121.144805,200,242.917461,0.0,0.5569962181822745,3178.9819758912035,18.309959956640633,15.894909879456018
-56.866714,200,243.503097,0.0,0.26979455040367556,2264.5103032248007,14.365175509169617,11.322551516124003
-76.839842,200,243.66512,0.0,0.2859571682503246,2826.6912079801127,16.63181820221186,14.133456039900564
-62.211746,200,243.795149,0.0,0.2439127601946065,2461.043877566463,15.71885463732712,12.305219387832315
-118.894745,200,243.925205,0.0,0.5344804272178808,3004.8870882780266,17.397835269964684,15.024435441390132
-159.162206,200,244.065474,0.0,0.7776345279570025,3765.9970381814,21.564939479250658,18.829985190907
-115.662732,200,244.219777,0.0,0.4812659302681039,3076.5154422986366,18.241661934908173,15.382577211493183
-146.191661,200,244.367493,0.0,0.6586829204257781,2870.7358767581636,17.68737012016508,14.353679383790817
-48.08546,200,244.503026,0.0,0.18048878139405444,3157.795356012589,17.5824585388669,15.788976780062944
-65.234343,200,244.634072,0.0,0.219668826117034,3158.682860727059,18.317715296750276,15.793414303635295
-45.546112,200,244.765604,0.0,0.17106687181500338,3155.7247577437884,18.76352893833961,15.778623788718942
-7.928685,43,244.795607,1.0,0.03920467152440616,520.9187861902046,3.2962760929865773,12.114390376516386
-121.900627,200,245.359921,0.0,0.5385499880426726,2785.0702353099573,16.830191695952326,13.925351176549787
-100.706917,200,245.546966,0.0,0.4406202573790087,3186.330386748144,18.99077189473241,15.93165193374072
-138.620835,200,245.710018,0.0,0.6369913600861882,3495.6959494221624,20.10489877751126,17.47847974711081
-172.15914,200,245.869544,0.0,0.8538141087370145,3093.3002320506434,18.2402976904159,15.466501160253218
-34.544741,200,246.045596,0.0,0.11419526128807059,3380.2798689372926,19.8171165378872,16.901399344686464
-69.294231,200,246.220443,0.0,0.2340458840119055,2233.2331484506904,14.07807212503254,11.166165742253451
-27.703909,186,246.373045,1.0,0.049919426993791274,3010.946137603225,17.251849145577683,16.18788246023239
-110.338865,200,246.528834,0.0,0.5149351390227699,3526.8046821468447,20.14233583452176,17.634023410734223
-108.078605,200,246.694363,0.0,0.42477093373799485,2919.089443814931,17.413299513186814,14.595447219074655
-35.960289,200,246.868405,0.0,0.1819351174563377,2914.3998155603745,17.06961006072246,14.571999077801872
-80.316415,200,247.035476,0.0,0.34098845879789186,2885.7150635632424,17.832159623183543,14.428575317816213
-70.898117,200,247.71765,0.0,0.29269503971065663,3176.1863122749696,18.078956649125907,15.880931561374847
-160.164165,200,247.860167,0.0,0.7622039537937804,3165.2494631431105,18.955378979466317,15.826247315715552
-88.140785,200,247.999719,0.0,0.39400360708349474,3176.813952521879,18.6153965625929,15.884069762609395
-166.440495,200,248.137801,0.0,0.7942972544011457,3483.2953737973967,19.809652724107853,17.416476868986983
-136.971385,200,248.270325,0.0,0.5906961606838264,3356.760865755066,18.397017049637,16.78380432877533
-115.292324,200,248.413364,0.0,0.5270966529249012,3113.4267184160567,18.04026956090212,15.567133592080284
-128.063156,200,248.558424,0.0,0.504411972411546,3006.965911498625,17.688632192101867,15.034829557493124
-17.624598,69,248.619659,1.0,0.04695964025175168,350.23920838117215,2.861728408213158,5.0759305562488715
-126.305777,200,248.7588,0.0,0.5331460107244302,3255.0663790844574,18.579645804149838,16.275331895422287
-81.519367,200,248.902238,0.0,0.28793327306955424,3122.329355850351,18.588486476306297,15.611646779251755
-77.42053,200,249.492355,0.0,0.28671267813258133,3461.801257265886,19.407954150934444,17.309006286329428
-38.409609,200,249.683392,0.0,0.20228145132199923,2733.3624236422224,16.465806174423047,13.666812118211112
-32.770736,200,249.821439,0.0,0.2505589866886019,2522.243525142418,16.35098068449892,12.61121762571209
-26.603397,188,249.94896,1.0,0.04967910233380133,3031.7064402409633,17.423312153203693,16.1260980863881
-45.135822,200,250.083493,0.0,0.28731034040809195,2268.240389989614,14.44264776446325,11.34120194994807
-90.26473,200,250.220582,0.0,0.3351479974240551,2854.3825423891662,16.781546185761822,14.27191271194583
-103.525901,200,250.355066,0.0,0.3988249823909401,3118.853286952822,18.166391425285237,15.59426643476411
-48.416616,200,250.488127,0.0,0.16098769814634173,3181.18076240583,18.343167342044918,15.90590381202915
-121.559608,200,250.616119,0.0,0.5213315447753891,2511.571125701785,15.539293990254864,12.557855628508925
-32.807294,200,250.753018,0.0,0.22223395494155,3208.1278007666383,18.38418016954025,16.040639003833192
-33.660673,200,250.882127,0.0,0.18376550603789066,2714.575990140113,16.928464827422797,13.572879950700564
-89.884846,200,251.37328,0.0,0.3397508783110577,2202.678176156355,13.815381357645743,11.013390880781776
-84.168334,200,251.518864,0.0,0.26849125306352567,2847.724417059816,16.704657955667102,14.23862208529908
-83.289196,200,251.655395,0.0,0.32045136795261864,3164.264235123374,18.326342606815196,15.82132117561687
-128.45907,200,251.789931,0.0,0.5746894318034189,3435.3064288287837,19.67257228634351,17.17653214414392
-85.755683,200,251.926964,0.0,0.337962196858263,3420.2636684095314,19.769196859976017,17.10131834204766
-96.448043,200,252.067482,0.0,0.3773540282409673,3097.601654113806,17.990681048632233,15.488008270569031
-45.350178,200,252.203033,0.0,0.266229776940741,2782.173363218991,17.107151543936205,13.910866816094956
-133.305404,200,252.339967,0.0,0.5454890038927853,3131.439084197433,18.140625290745174,15.657195420987167
-142.258564,200,252.47451,0.0,0.6597917837481022,2955.209221181421,16.94858341560966,14.776046105907106
-137.318374,200,252.60853,0.0,0.5994925145493174,3250.9342870708065,19.277930348954886,16.254671435354034
-81.158708,200,253.127085,0.0,0.3025660849127632,3313.689467264353,18.895866215018465,16.568447336321764
-62.079632,200,253.281833,0.0,0.1866923339144004,2735.7071612109844,15.98553465413953,13.678535806054922
-173.917325,200,253.415927,0.0,0.8366230994629362,3301.407169150378,18.929406724528175,16.50703584575189
-59.791824,200,253.550138,0.0,0.21378088152298494,3173.926589874891,17.421885149256706,15.869632949374454
-165.179788,200,253.684564,0.0,0.797816171153918,3436.5793536883752,19.900948277533434,17.182896768441875
-121.904466,200,253.810658,0.0,0.5791745327218096,3079.98567217282,18.744246167448214,15.3999283608641
-88.258134,200,253.939195,0.0,0.3846513975612979,3020.0977090699876,18.018881077768235,15.100488545349938
-103.548693,200,254.06967,0.0,0.43450057238789036,2922.220838399814,17.71777468830788,14.61110419199907
-81.003709,200,254.196223,0.0,0.35564337302895255,2552.180470545781,15.93073368947439,12.760902352728905
-47.487685,200,254.328657,0.0,0.25925381960472,2915.6845053209213,17.380401329747123,14.578422526604607
-12.863845,119,254.404679,1.0,0.04673377414433047,1927.4898676290436,11.071555373937933,16.197393845622216
-101.620974,200,254.884264,0.0,0.42408141212498646,2537.182511472186,16.07237407554755,12.685912557360929
-113.293005,200,255.030178,0.0,0.5229302563005396,3134.7013625275745,18.083200654124507,15.673506812637873
-31.672951,200,255.163518,0.0,0.0757962230595196,3421.8582386165463,19.041180800954045,17.109291193082733
-126.110777,200,255.30195,0.0,0.5706678736965008,3222.0790407774425,19.31595866894784,16.11039520388721
-103.180812,200,255.430945,0.0,0.4291655036197573,3133.046813120522,17.724605240605953,15.665234065602611
-102.647474,200,255.563415,0.0,0.4057896185380253,2284.9353635362418,14.675591065349282,11.42467681768121
-108.55269,200,255.690942,0.0,0.47366321125423194,3654.389997388609,20.318468672853587,18.271949986943046
-38.932456,200,255.816938,0.0,0.12056258688283385,3136.101237549032,17.856203132764907,15.68050618774516
-25.391165,187,255.935461,1.0,0.04570472969929395,3009.5491674007335,16.75489166796586,16.093845814977186
-66.559826,200,256.062977,0.0,0.280876698797001,3132.374646802899,18.652591516477326,15.661873234014495
-74.311748,200,256.537543,0.0,0.28072971301999267,3274.0581508444784,18.275082800010082,16.370290754222392
-131.252038,200,256.687061,0.0,0.6015571243219761,3213.8805675463627,18.593389502698297,16.069402837731815
-74.110425,200,256.821069,0.0,0.2762933767381833,3236.5909732463374,19.100405125293943,16.182954866231686
-103.140681,200,256.949267,0.0,0.46037628373874595,2987.4203086124658,17.732253888022885,14.93710154306233
-117.495357,200,257.075789,0.0,0.5218786212766523,3451.9145607786745,19.65528120546144,17.259572803893374
-14.021819,60,257.122319,1.0,0.035842309055667744,539.1536704907688,4.0389793205698785,8.98589450817948
-75.908204,200,257.250836,0.0,0.30922681984030165,3427.277234363189,19.63037303666741,17.136386171815946
-50.10933,200,257.38531,0.0,0.25884500923194437,2895.1531260817824,16.72070024959118,14.475765630408912
-125.761885,200,257.516634,0.0,0.561519916028203,3028.92534928499,17.898906903856954,15.144626746424949
-99.481683,200,257.64977,0.0,0.4160850636473859,2414.750298831285,15.122892431679626,12.073751494156424
-68.042573,200,257.787383,0.0,0.42911434432896406,3057.9688954265157,16.88710299857701,15.28984447713258
-113.261431,200,258.266939,0.0,0.5013580229220205,2800.6328712376544,17.248498863567054,14.003164356188272
-141.352711,200,258.424963,0.0,0.6349941325774889,2811.646583650081,16.574686501212295,14.058232918250406
-34.005811,200,258.55524,0.0,0.06547904242107834,3039.7928591268756,18.06045274414367,15.198964295634378
-33.56892,200,258.68874,0.0,0.17026928834145136,2906.0838695256243,17.33461181459212,14.530419347628122
-132.591603,200,258.815806,0.0,0.6016247224673593,3301.066100714984,19.099518180957954,16.505330503574918
-56.284526,200,258.944334,0.0,0.3053267763023875,3046.4222781899452,17.518543858153144,15.232111390949726
-60.819221,200,259.077091,0.0,0.23051725696679815,3144.7516752463516,18.01475174171749,15.723758376231759
-47.412753,200,259.208637,0.0,0.26142784186954005,3063.504560231394,17.860209251651916,15.31752280115697
-72.87151,200,259.337679,0.0,0.21219927820817205,2046.4468873457872,12.96899613432688,10.232234436728936
-18.375021,73,259.38568,1.0,0.04056694778041809,397.74170902396656,2.891578631134454,5.448516561972145
-99.978925,200,259.517674,0.0,0.40346382894870425,3136.8061876963693,17.87161915076316,15.684030938481847
-122.978937,200,259.99183,0.0,0.5571927824517292,2905.915525233314,17.80529694347222,14.529577626166569
-94.816562,200,260.132897,0.0,0.393340909404827,3155.8417873864255,18.411910446222333,15.779208936932127
-47.10267,200,260.26741,0.0,0.2543682879434423,3125.97216639012,17.70407112253331,15.6298608319506
-84.575449,200,260.397639,0.0,0.35077873378376456,3017.670212053486,17.806859840619577,15.08835106026743
-75.610125,200,260.531667,0.0,0.2677426622884983,3082.04583071539,17.364098650144054,15.41022915357695
-145.238852,200,260.663195,0.0,0.666567260284225,3141.3513951662467,18.827955331968223,15.706756975831233
-134.922878,200,260.789663,0.0,0.6000286707093715,2951.9115540864423,17.52772530571724,14.759557770432211
-148.702479,200,260.919281,0.0,0.6410081823015678,2621.3740466085455,16.09827111243948,13.106870233042727
-17.888319,92,260.977282,1.0,0.049221818931769946,1011.5926823645574,6.5094559568279085,10.995572634397362
-17.216094,130,261.06174,1.0,0.043591201491934975,1633.0627610881947,9.974441280774629,12.562021239139959
-144.253667,200,261.193258,0.0,0.6513688197647857,3076.0834716745917,17.56383865613328,15.38041735837296
-66.906,200,261.665877,0.0,0.39835655317946683,3001.984498221877,16.6913543554255,15.009922491109386
-89.009389,200,261.828516,0.0,0.371582284924907,3091.209014497822,17.9273637032965,15.45604507248911
-118.346723,200,261.958019,0.0,0.48513114635789195,3109.3018585149193,18.616722228312458,15.546509292574596
-111.649969,200,262.089549,0.0,0.39908880554633835,3042.616876718894,18.190709090154993,15.21308438359447
-143.859437,200,262.218552,0.0,0.6574281386199561,2933.894096544339,17.3308849494811,14.669470482721694
-122.068368,200,262.34611,0.0,0.547732027685899,3288.4122930532617,19.123387767024806,16.44206146526631
-166.388254,200,262.479635,0.0,0.7641620365835552,2806.119103479802,16.379058575132117,14.03059551739901
-95.358168,200,262.61272,0.0,0.40533388785718866,3282.0431785261103,19.05340407966964,16.41021589263055
-148.319046,200,262.740196,0.0,0.6678761932894103,3017.7955988060985,17.953033889975536,15.088977994030493
-176.226712,200,262.867707,0.0,0.8608425068779747,3436.7352991841976,19.190712137148378,17.183676495920988
-51.639999,200,263.344213,0.0,0.1367974562808986,3086.0667864610286,17.566282785874815,15.430333932305142
-78.625018,200,263.487776,0.0,0.3488878583175726,3103.984727268972,18.674928933957972,15.519923636344862
-57.384945,200,263.620037,0.0,0.21001127400234498,3371.6576258130813,19.117134821086033,16.858288129065407
-167.866878,200,263.754556,0.0,0.7798435895573549,3096.4486520528876,18.26326268391986,15.482243260264438
-95.346955,200,263.889075,0.0,0.3803673868118698,3534.0486368155807,19.857879365338068,17.670243184077904
-63.90737,200,264.019553,0.0,0.22271251508219841,3153.5395539443025,18.077192573003632,15.767697769721513
-22.094522,94,264.082556,1.0,0.04954254685959262,1169.9379089912593,7.426117491985348,12.44614796799212
-113.200074,200,264.210107,0.0,0.48878497023155887,3275.3841553912434,18.984640099567567,16.37692077695622
-149.575736,200,264.339136,0.0,0.6969326997357702,3186.081212878426,18.458090438299866,15.93040606439213
-62.704628,200,264.467877,0.0,0.24706370005570874,2961.1505345454207,17.2600305125768,14.805752672727102
-66.64576,200,264.596133,0.0,0.2384750689686776,3058.476680486825,17.87864030657735,15.292383402434124
-131.99824,200,265.051722,0.0,0.6176300960704094,3373.975879523551,19.362575901203225,16.869879397617755
-137.018406,200,265.20038,0.0,0.6129653244973247,2972.059902056606,17.511680559081952,14.86029951028303
-50.91174,200,265.329336,0.0,0.22648200816768055,2867.769099670755,16.923271058288346,14.338845498353775
-39.923209,200,265.463428,0.0,0.12843095645803806,3235.592995355729,18.854270057447877,16.177964976778643
-138.652729,200,265.598593,0.0,0.6407310504618017,3384.487329368363,19.504205568798064,16.922436646841817
-32.362416,200,265.729587,0.0,0.2389839834448028,2510.2240267704556,15.081776373969348,12.551120133852278
-29.278299,200,265.859312,0.0,0.0761111822915356,3150.135608109948,18.012900038346203,15.75067804054974
-55.862403,200,265.988862,0.0,0.172513325568825,3098.0402551670804,17.018823302697594,15.490201275835402
-53.382286,200,266.118963,0.0,0.14694724151224334,3144.560329810253,18.640517475219845,15.722801649051265
-168.095844,200,266.250422,0.0,0.799086710396113,2931.5566746563027,17.73637839059628,14.657783373281513
-20.962892,86,266.308456,1.0,0.03824469257473144,906.1687482291097,6.289069867583951,10.53684590964081
-26.386865,121,266.740009,1.0,0.0497902758445334,1240.950540939738,8.247871042961648,10.25578959454329
-119.551631,200,266.881539,0.0,0.5522540957637209,3454.4230806074793,20.361634241815825,17.272115403037397
-88.38155,200,267.0136,0.0,0.3727468336738579,2830.3813560852286,17.78888481375959,14.151906780426144
-99.537657,200,267.148194,0.0,0.4205269834410424,3239.6709895806116,18.772696677215944,16.19835494790306
-49.689492,200,267.277373,0.0,0.12883652560891984,2950.1606450337135,17.641741334653982,14.750803225168568
-134.725609,200,267.412655,0.0,0.610392995195315,3108.0462864573324,17.590373724149046,15.540231432286662
-98.428891,200,267.540686,0.0,0.4257588132865738,3005.462291103822,17.406206233862456,15.02731145551911
-75.476869,200,267.669222,0.0,0.30488290271209306,3189.697678406488,18.348189147719353,15.948488392032441
-83.166865,200,267.807745,0.0,0.34575594249400377,3160.0256235726188,18.33506295724417,15.800128117863094
-120.843793,200,267.942808,0.0,0.5401515149438796,2847.844442239608,17.58354025991345,14.239222211198038
-97.187864,200,268.414878,0.0,0.417835516503495,3294.8244970891,19.13805041339187,16.474122485445502
-52.808551,200,268.566989,0.0,0.18201863600128745,2838.3382834074637,16.451980755072764,14.191691417037319
-114.105694,200,268.702543,0.0,0.4566279161705688,3345.024790788093,19.046307062258713,16.725123953940464
-106.231415,200,268.829518,0.0,0.45557507209582776,3382.451384172196,20.021769839498155,16.91225692086098
-123.678635,200,268.961002,0.0,0.5434423031065754,2683.149751753787,16.220587949177197,13.415748758768935
-67.127056,200,269.088518,0.0,0.23661990635515368,2906.7154602619053,17.471503953024182,14.533577301309526
-128.357986,200,269.220569,0.0,0.5371091208514935,2522.644228736075,15.947678321715298,12.613221143680375
-125.571881,200,269.35406,0.0,0.5585588407940066,3455.9573495338987,20.36790399552397,17.279786747669494
-122.354285,200,269.487599,0.0,0.5707813069470989,3227.9114988720526,19.488363343971375,16.13955749436026
-74.571461,200,269.614635,0.0,0.43069467319405913,2721.2733861740367,16.210166667049734,13.606366930870184
-135.884794,200,269.746115,0.0,0.5927857943095034,3068.518510629561,18.044346835196443,15.342592553147806
-114.899731,200,270.19756,0.0,0.5098382713714313,2990.399770944258,17.267196594638055,14.951998854721289
-170.96235,200,270.348662,0.0,0.7958677837212239,3203.0551085703387,18.52539627666886,16.015275542851693
-74.007684,200,270.480213,0.0,0.4160608720509297,2468.0085657504433,14.77341440090988,12.340042828752216
-70.376135,200,270.61184,0.0,0.4010090626530918,2617.4736422320607,16.1728232404616,13.087368211160303
-115.215862,200,270.738458,0.0,0.49691635328648315,3203.030045002595,18.328147961324134,16.015150225012977
-74.213111,200,270.866972,0.0,0.2685641554872942,3167.907442571347,17.486480958724083,15.839537212856735
-144.24317,200,270.998494,0.0,0.6487960187865297,2920.114556597583,16.604682042636714,14.600572782987916
-58.489164,200,271.126506,0.0,0.2358360513365672,2652.3269838268584,16.128006352625672,13.261634919134291
-59.521384,200,271.25602,0.0,0.1661214016537258,2883.863313299926,17.567279731186872,14.419316566499631
-161.549619,200,271.385072,0.0,0.7745975843916375,3317.245536540829,19.002157899410278,16.586227682704145
-65.379431,200,271.881238,0.0,0.2554448091111203,2879.4808768086123,17.251729726303,14.397404384043062
-63.311655,200,272.033294,0.0,0.26359838136729724,3102.384650023907,18.496146155340803,15.511923250119535
-149.399101,200,272.164852,0.0,0.7175994272904868,3185.545992330134,19.2508664413055,15.927729961650671
-147.532887,200,272.295361,0.0,0.6937307115169844,3206.48899126706,18.715865401242656,16.0324449563353
-142.759795,200,272.422363,0.0,0.6608513573624978,3224.528158829537,18.657844126491863,16.122640794147685
-141.441983,200,272.555871,0.0,0.6269823665538047,2467.136359937252,15.171845103186365,12.335681799686261
-113.940351,200,272.689503,0.0,0.5191970551017098,2982.7880055167007,17.5102023203728,14.913940027583504
-134.038864,200,272.818032,0.0,0.5599648397063911,2262.694487296095,14.566557572695078,11.313472436480474
-66.966704,200,272.950212,0.0,0.23915427819630983,3159.0635749626867,18.28606893419681,15.795317874813433
-79.241472,200,273.076749,0.0,0.31006283278429997,3205.7560322441395,18.94129099899089,16.0287801612207
-67.671499,200,273.548828,0.0,0.2988239660301019,2496.776510661832,15.597453868123612,12.483882553309162
-45.448111,200,273.699353,0.0,0.13543667527344685,3176.006477007516,18.73718304192375,15.88003238503758
-79.080104,200,273.834422,0.0,0.31615973188913904,3127.477647506201,18.339383761300894,15.637388237531004
-144.351262,200,273.966939,0.0,0.6735209748502137,3081.625043200312,17.736035669359932,15.40812521600156
-124.261911,200,274.094406,0.0,0.5255465083104461,2574.0488853469246,15.836266056179149,12.870244426734622
-71.689651,200,274.222455,0.0,0.2852831773340643,2544.505956315066,15.535122737023206,12.72252978157533
-82.468264,200,274.352976,0.0,0.5280531797951069,2876.7688702794653,16.854233724627285,14.383844351397327
-135.028562,200,274.477523,0.0,0.5520814318915146,2453.645314210761,16.058969345105325,12.268226571053805
-57.779298,200,274.60606,0.0,0.31160183767498095,2099.6566922202105,13.62873669578551,10.498283461101053
-125.303932,200,274.738659,0.0,0.606602126449228,3037.729262636216,18.613361109164202,15.18864631318108
-82.772643,200,275.227012,0.0,0.3438299762532369,2581.5139493201414,15.06760925151756,12.907569746600707
-132.207339,200,275.390551,0.0,0.5028692834475,2120.862737391373,14.263511013010879,10.604313686956864
-83.40498,200,275.525582,0.0,0.3453328949139391,3335.0378517726044,19.57268514324996,16.67518925886302
-71.71232,200,275.650067,0.0,0.2554451717379791,2754.042437977182,16.63655887062096,13.77021218988591
-42.882767,200,275.777589,0.0,0.11482186806687379,2661.328103107586,15.218660932046177,13.306640515537929
-113.933284,200,275.911127,0.0,0.49424540052093713,3031.8178306000023,17.497467415168554,15.15908915300001
-78.26515,200,276.044217,0.0,0.5061093347067056,2578.977927405029,15.540683374303491,12.894889637025145
-83.208508,200,276.173741,0.0,0.34485100792952567,2888.7973938045607,17.44652702077276,14.443986969022804
-79.19772,200,276.302265,0.0,0.48117486089263123,2610.5582106227885,15.375163465425826,13.052791053113943
-72.556579,200,276.432303,0.0,0.34484057866546347,3000.4045262646223,17.929618251001322,15.002022631323111
-132.437614,200,276.891174,0.0,0.5333820071358266,2951.501061239024,17.497493473649996,14.75750530619512
-125.826212,200,277.036197,0.0,0.5826530267854064,2974.266831197117,17.712626759195423,14.871334155985585
-50.706662,200,277.180873,0.0,0.16224752669545367,3211.8801108498596,18.6544281685848,16.059400554249297
-45.493944,200,277.306611,0.0,0.13685717254160143,3056.931249746783,18.234849791306186,15.284656248733915
-11.960387,83,277.361129,1.0,0.04947728345249763,1058.6841768199456,6.636568695612375,12.755231046023441
-48.373106,200,277.487658,0.0,0.37321554391856515,2069.946401487277,13.33000582499189,10.349732007436385
-57.174675,200,277.617832,0.0,0.15060888221178806,3105.547168703345,18.386715558201736,15.527735843516725
-133.78532,200,277.750894,0.0,0.5807671986032268,2422.34502885287,15.340046819451675,12.111725144264351
-159.925495,200,277.882412,0.0,0.7933728231644877,3198.1753186209967,18.865815264081885,15.990876593104984
-107.855972,200,278.01494,0.0,0.4590094298034457,3020.7935662950676,18.332006148505233,15.103967831475337
-39.320004,200,278.142886,0.0,0.13489733203708448,3103.8583693127857,18.242819639903285,15.51929184656393
-70.056712,200,278.595093,0.0,0.2480004760179536,2929.3599245407454,17.056023165967748,14.646799622703726
-58.903617,200,278.748573,0.0,0.3162093328397355,2799.2410011973802,17.343838176755018,13.996205005986901
-118.006197,200,278.879117,0.0,0.4777652395690911,2342.7890529774277,14.807634393167397,11.713945264887139
-103.706369,200,279.00866,0.0,0.42230874239973004,3177.469186863056,18.6213897303789,15.887345934315281
-46.559848,200,279.135301,0.0,0.2177792377322496,2900.8413397299955,16.862161350211238,14.504206698649977
-49.258879,200,279.262405,0.0,0.11634032949441167,3015.6483039788955,17.788809269055747,15.078241519894478
-53.083736,200,279.394026,0.0,0.2311454322069478,2363.7390607020716,14.858358944375574,11.818695303510358
-149.351111,200,279.524694,0.0,0.7205638211938517,3147.1783436829764,18.58415600890636,15.735891718414882
-125.594169,200,279.655202,0.0,0.5623726165421143,3082.1841287137863,17.521195148713876,15.410920643568932
-47.539725,200,279.784788,0.0,0.11611237943722907,2883.5679821450376,17.475397792467156,14.417839910725188
-81.06639,200,279.91431,0.0,0.33535710038712835,3045.1311891302557,17.9912574953064,15.225655945651278
-92.937503,200,280.397875,0.0,0.36201125237488546,2279.573423004033,14.206073329156586,11.397867115020166
-54.140047,200,280.539926,0.0,0.21610328315501187,2936.831969159368,17.302623455917583,14.68415984579684
-129.542438,200,280.672426,0.0,0.466702106064232,2001.7927728386414,13.164091868368418,10.008963864193207
-37.744028,200,280.800013,0.0,0.14417102524928713,3027.1962998817585,17.779999438502298,15.135981499408793
-30.800608,200,280.928238,0.0,0.14094730448556622,2606.3372975263446,16.17473174141373,13.031686487631724
-52.548615,200,281.05976,0.0,0.18166196713203125,2784.62154747474,16.10172056087131,13.9231077373737
-45.277388,200,281.187287,0.0,0.1746547588842829,3114.582511970598,18.326739648610804,15.57291255985299
-33.702401,200,281.310834,0.0,0.06430648615438081,3170.388036428459,18.320834217351834,15.851940182142295
-94.888932,200,281.439867,0.0,0.4008925935237949,2403.8351126740217,15.513124377891783,12.019175563370109
-139.853707,200,281.570548,0.0,0.6598502101539301,3456.7727623568376,19.772482933050778,17.283863811784187
-66.005325,200,282.027741,0.0,0.26045043026535947,3115.1731757413554,18.65735485463271,15.575865878706777
-49.965487,200,282.174262,0.0,0.14619647782122816,3280.764060946105,18.956098464140798,16.403820304730527
-147.677148,200,282.313003,0.0,0.7098590425680578,3105.154241293602,18.153675322176948,15.52577120646801
-94.572252,200,282.441062,0.0,0.37555961195495274,2028.8321717995282,12.890132302154962,10.14416085899764
-144.212951,200,282.573603,0.0,0.6960248645371994,3044.15003588539,18.165193917599293,15.22075017942695
-72.22983,200,282.702115,0.0,0.2908142300393278,2682.726266248034,16.538855802296553,13.41363133124017
-65.70181,200,282.828904,0.0,0.24045011202627084,3131.443965168972,18.07326197117581,15.65721982584486
-71.470373,200,282.951412,0.0,0.38178981827890146,2686.194777577708,15.605945693417784,13.43097388788854
-134.418179,200,283.079878,0.0,0.6456970422834312,3496.9029127690587,19.83963907823401,17.484514563845295
-138.886569,200,283.20544,0.0,0.6302246401669976,3121.940841082256,18.86099977455037,15.609704205411282
-135.605265,200,283.693897,0.0,0.6178935280988255,3263.1919919038623,19.076294018763935,16.31595995951931
-122.752596,200,283.83596,0.0,0.5696893797286836,2996.9637237943757,17.284795580118747,14.984818618971879
-55.250129,200,283.969487,0.0,0.16580114783790362,3007.7635745872913,17.62434253848292,15.038817872936455
-11.756078,57,284.008495,1.0,0.04270301183475353,536.4120699059264,3.686395684307831,9.410738068525024
-15.472267,138,284.098019,1.0,0.04979075920793403,2299.3190944651114,12.952154622542134,16.661732568587762
-70.169228,200,284.224056,0.0,0.2543273231679852,3008.872480167605,17.575944577217385,15.044362400838024
-87.706325,200,284.351646,0.0,0.35085569956092505,2991.6135592364444,17.953924702092284,14.958067796182222
-86.739728,200,284.48317,0.0,0.33797537579287923,3106.514997960897,18.19497570025062,15.532574989804484
-166.658967,200,284.616764,0.0,0.7955567886840124,3477.98775800168,20.118732435317053,17.3899387900084
-104.459311,200,284.741803,0.0,0.42575649703847485,2183.2865146499976,13.992850067835175,10.916432573249988
-101.060707,200,284.869301,0.0,0.40663369805939625,3024.718373939928,17.760567641664686,15.12359186969964
-67.035119,200,285.323888,0.0,0.26766625260878313,2743.4789646816625,16.667752442835333,13.717394823408313
-70.258474,200,285.479395,0.0,0.3010210998161052,3148.7212778625485,18.593805350469193,15.743606389312742
-109.753237,200,285.616941,0.0,0.5106782184455373,3518.092147535211,19.882634864532477,17.590460737676054
-142.675939,200,285.747293,0.0,0.6312591062522755,3042.7864187541677,17.995873322472388,15.213932093770838
-74.805226,200,285.88057,0.0,0.31199105736463134,2788.490528090835,16.40736122067086,13.942452640454176
-152.678854,200,286.014942,0.0,0.6951386156888593,2538.6503857790035,15.635513478391431,12.693251928895018
-90.119086,200,286.146541,0.0,0.3562778820030553,2393.9491414816166,15.20160330302188,11.969745707408084
-132.893774,200,286.277091,0.0,0.6566265434037046,3361.1355400785646,19.32564482953145,16.805677700392824
-24.034036,162,286.383646,1.0,0.04796060104911404,2417.241503521855,14.583846975168541,14.92124384890034
-65.105324,200,286.510177,0.0,0.2629526293094626,2842.96138574924,16.835749085173784,14.2148069287462
-30.189905,200,286.639197,0.0,0.25873882060299835,2369.2952171930365,14.476614580131729,11.846476085965183
-117.733776,200,287.10626,0.0,0.5147690189491875,2522.8992975815077,16.192595026497344,12.614496487907537
-38.999239,200,287.256238,0.0,0.10176494992449159,3096.1554212484934,18.21612601305459,15.480777106242467
-147.735318,200,287.387783,0.0,0.6883941939729504,3293.695249157584,18.809321510582038,16.46847624578792
-50.035811,200,287.512312,0.0,0.2142206872282089,3015.3928859992725,17.77809639331267,15.076964429996362
-17.389876,161,287.618846,1.0,0.04490811704783497,2436.728635338879,14.51169664794326,15.134960467943348
-120.59868,200,287.745761,0.0,0.5057394871448195,2587.9392228984166,16.19342352038613,12.939696114492083
-25.291672,200,287.877281,0.0,0.084168117498753,3247.8398009863163,18.91066273473153,16.23919900493158
-97.155982,200,287.999799,0.0,0.44785183199010964,2877.1395286994098,17.272283917874255,14.385697643497048
-152.192722,200,288.130693,0.0,0.7161585878121193,2921.414727981207,17.24202922554008,14.607073639906034
-83.279914,200,288.262823,0.0,0.3618991772121341,2954.4173447243675,17.321180108939217,14.772086723621838
-101.9597,200,288.717687,0.0,0.44682569635183766,2964.466558786557,17.18571797615545,14.822332793932786
-62.492924,200,288.87171,0.0,0.24476570055490168,2928.8955873457676,17.373309714180078,14.644477936728839
-69.560717,200,289.003674,0.0,0.303152579927536,2487.6003952140936,15.82772807808856,12.438001976070469
-49.35841,200,289.136785,0.0,0.18014894314643282,3084.144409490571,18.61296362560996,15.420722047452855
-64.091209,200,289.265333,0.0,0.22892165229667927,3071.3945477290545,17.96511842593013,15.356972738645272
-98.604278,200,289.393856,0.0,0.4378972794274287,2743.597947927837,17.01519629919861,13.717989739639187
-132.902612,200,289.521423,0.0,0.6496125280418359,3458.059559996985,20.00367542392708,17.290297799984927
-100.426729,200,289.653462,0.0,0.4314965664438976,2795.7952121294234,17.03412893379345,13.978976060647117
-71.234201,200,289.786009,0.0,0.28134613861549046,3263.850408079402,18.511008635407222,16.31925204039701
-97.05953,200,289.917494,0.0,0.41375698830615143,2778.952690305653,17.262071066786092,13.894763451528265
-91.751533,200,290.380184,0.0,0.42266136039631547,3282.191723052091,19.288533479619414,16.410958615260455
-114.694423,200,290.53322,0.0,0.5129706262390098,3300.3730624826794,19.246872744733174,16.501865312413397
-74.720889,200,290.674716,0.0,0.26634770220175674,3197.135758046236,17.82956689828932,15.98567879023118
-41.342415,200,290.808271,0.0,0.1973525192611516,2613.2634861550473,15.651363155775414,13.066317430775236
-76.328324,200,290.935276,0.0,0.23770921482842916,2769.8899580323796,16.747344523956723,13.849449790161898
-94.968417,200,291.063822,0.0,0.4154895253269513,3134.725173518913,18.809747287681283,15.673625867594565
-74.845348,200,291.194413,0.0,0.3303291687734587,2863.649998675593,16.999459153325855,14.318249993377965
-94.421109,200,291.32198,0.0,0.3895231544477207,2458.9504214511735,15.5686168678889,12.294752107255867
-43.163827,200,291.453021,0.0,0.13304858290961644,2903.793056424318,17.132272298532893,14.51896528212159
-70.983103,200,291.582598,0.0,0.30812906796610223,3036.4629945366205,18.38190247012415,15.182314972683102
-129.953047,200,291.706151,0.0,0.6090600623374928,3341.1302969624253,19.532460622719825,16.705651484812126
-128.764233,200,292.193156,0.0,0.5953545699415629,2971.77508462898,17.265053927945708,14.8588754231449
-113.679149,200,292.334228,0.0,0.5224229672225661,2485.7827412958695,15.27815570091956,12.428913706479348
-52.903441,200,292.470357,0.0,0.19734728931887885,3452.7357513385014,19.009556233465638,17.263678756692507
-138.772318,200,292.603488,0.0,0.6223892598005828,2776.927716547602,16.16483861166527,13.88463858273801
-101.490774,200,292.73758,0.0,0.4646178420822804,3409.671702579182,19.37750907126478,17.04835851289591
-120.270974,200,292.867137,0.0,0.5430269910938378,2903.444552466996,17.262291412813937,14.51722276233498
-44.27787,200,292.997656,0.0,0.2890867320727018,2449.1781501591927,15.340244204417143,12.245890750795963
-42.121495,200,293.126887,0.0,0.16290179633663654,3007.624866523442,16.985422731907228,15.03812433261721
-37.919163,200,293.256367,0.0,0.10917182695413906,3282.846690539525,18.65314051425518,16.414233452697623
-80.429849,200,293.38992,0.0,0.28342638219869365,2916.4554305879174,17.10931649919313,14.582277152939588
-28.837511,200,293.872613,0.0,0.13936538630084355,2645.052044910506,16.039049446975675,13.22526022455253
-94.436902,200,294.011167,0.0,0.3887559820556937,2118.5942438281636,13.63814233550516,10.592971219140818
-150.228395,200,294.140278,0.0,0.7100696605291356,3492.82388025498,19.832768363355083,17.4641194012749
-167.607341,200,294.272829,0.0,0.8022631504401794,3035.125815285847,17.855211524795923,15.175629076429233
-169.398848,200,294.40535,0.0,0.8244452167231159,3375.1123274019574,20.15685226525045,16.87556163700979
-123.888624,200,294.536139,0.0,0.5712803375264103,2903.32402650715,17.92691353701686,14.51662013253575
-31.691086,200,294.667436,0.0,0.0671394834117398,3088.047930964912,18.111968861429308,15.44023965482456
-77.920682,200,294.796216,0.0,0.3379356077077742,3340.6106098943383,19.501812010235867,16.70305304947169
-162.627731,200,294.925724,0.0,0.7725922066207503,3507.3813457690467,19.715401715452824,17.536906728845235
-36.722285,200,295.051771,0.0,0.23609502905761792,2645.3923893763135,16.46809775357268,13.226961946881568
-81.285552,200,295.499871,0.0,0.3424740977288329,3577.2966758979846,19.97920866039864,17.886483379489924
-13.082464,53,295.541392,1.0,0.046192044858912276,321.51323065943006,2.831124943374443,6.066287370932643
-37.270496,200,295.694904,0.0,0.05244687742923221,3065.094603637091,17.62898704531264,15.325473018185455
-148.397274,200,295.830645,0.0,0.6912308469124475,3133.564599914516,18.087820974583863,15.667822999572579
-118.307863,200,295.961168,0.0,0.5530728316616661,3123.092611265183,18.256684257076298,15.615463056325916
-51.234151,200,296.086649,0.0,0.1382911551231313,2978.09489391194,17.930432730441744,14.890474469559699
-53.828459,200,296.213231,0.0,0.17477911522903405,2725.3616938379178,16.907907520517956,13.626808469189589
-109.310045,200,296.344198,0.0,0.5098461104803567,2817.263936789777,16.929821746927402,14.086319683948885
-103.835603,200,296.478716,0.0,0.4451949103639089,2426.7775844565585,15.87562191849218,12.133887922282792
-141.467271,200,296.60922,0.0,0.6391661274114241,3205.895130208329,18.492924900151294,16.029475651041647
-52.815481,200,296.738243,0.0,0.22333561642032518,2781.0696874155456,16.93508021733849,13.905348437077727
-141.41875,200,297.204653,0.0,0.6753022443369998,3072.382997306833,17.365080947244547,15.361914986534167
-45.700023,200,297.371683,0.0,0.22201340531930278,2990.9340495139995,17.310243700277365,14.954670247569998
-54.758378,200,297.507265,0.0,0.28706708391236624,2620.425293312459,16.08343802132053,13.102126466562295
-43.205988,200,297.633304,0.0,0.12333152704901233,2955.403896673428,17.1019575656424,14.77701948336714
-116.639565,200,297.766851,0.0,0.5298345098503292,3035.366941579925,18.04890220596983,15.176834707899625
-46.671353,200,297.897402,0.0,0.20949655622162533,2907.9398281283625,17.022218261488643,14.539699140641812
-82.674195,200,298.034446,0.0,0.3039978778981354,2987.0305160211924,17.815651550545887,14.935152580105962
-166.777948,200,298.165004,0.0,0.799631076631238,3198.2998468632713,19.394280289774272,15.991499234316358
-134.355156,200,298.290456,0.0,0.6141389099903971,3296.675820644121,18.88023794122517,16.483379103220603
-99.255558,200,298.421337,0.0,0.42381675685851417,2984.4870725192422,17.33016671334574,14.922435362596211
-131.75377,200,298.880924,0.0,0.619190794264081,3605.9758548837726,20.911371718768503,18.029879274418864
-42.656495,200,299.036306,0.0,0.19878078706365598,2780.552724160492,16.78409323829866,13.902763620802459
-78.026995,200,299.179651,0.0,0.33793749850021176,3460.937481444188,20.12996740904862,17.30468740722094
-144.842543,200,299.309836,0.0,0.6436741121068353,3336.956645097528,19.14330083379556,16.68478322548764
-63.881556,200,299.442909,0.0,0.19079232778090288,2892.5815590047955,17.040459462669467,14.462907795023977
-146.738831,200,299.572355,0.0,0.6989415952838711,3187.1934779661947,18.622075334612365,15.935967389830973
-30.554485,200,299.70293,0.0,0.15373278453986586,2954.327770955838,16.702746291600672,14.771638854779189
-78.380504,200,299.826446,0.0,0.26492100500636506,2895.3318165903197,16.84403095304512,14.476659082951599
-28.621652,200,299.951849,0.0,0.14302636042464267,2644.084707250772,15.63340919194407,13.220423536253861
-62.032853,200,300.078402,0.0,0.2498339412630174,2702.93156921575,16.68403191024762,13.514657846078752
-154.960457,200,300.204946,0.0,0.7552871581261434,3458.0531460335164,19.522186314576036,17.290265730167583
-47.599388,200,300.693587,0.0,0.10520174419951549,3144.206690880756,17.912576020058676,15.72103345440378
-36.065443,200,300.832633,0.0,0.17715556649125347,3117.914777781653,18.126199071445193,15.589573888908264
-91.725339,200,300.96719,0.0,0.3521146585894633,2921.855245104993,17.416396949958614,14.609276225524965
-48.125857,200,301.094729,0.0,0.1306927739898832,2986.5531070585175,17.39120597864003,14.932765535292587
-114.497959,200,301.221241,0.0,0.5245174281238699,2907.355928321326,17.300265604950773,14.536779641606628
-37.695831,200,301.351869,0.0,0.181851760064573,2743.58912403963,16.224096362839408,13.71794562019815
-163.806983,200,301.482412,0.0,0.7611801915780952,3152.047799891874,17.8320180492591,15.76023899945937
-156.686989,200,301.610905,0.0,0.7316577978643594,3453.202991781915,19.081205823559596,17.266014958909576
-13.479621,117,301.687497,1.0,0.04900325442369063,1625.0774776802298,9.408114296714716,13.889551091284016
-161.444628,200,301.819086,0.0,0.7884745598548388,3348.12192247457,19.358053832288533,16.74060961237285
-62.222601,200,302.278689,0.0,0.1466628390043678,2991.4059024230064,17.15194816979395,14.957029512115032
-42.164259,200,302.435723,0.0,0.09250666064101222,3141.8556243777093,18.12309923170374,15.709278121888547
-125.282614,200,302.569258,0.0,0.5724983061672166,3002.048629754961,17.186857530420443,15.010243148774805
-117.83072,200,302.702561,0.0,0.5041143561169437,3156.0091585259083,18.19998815516879,15.780045792629542
-70.136558,200,302.829608,0.0,0.26034154143219695,3159.833683488166,17.78865063011185,15.79916841744083
-40.492365,200,302.954162,0.0,0.10973587105094182,2707.4242107765654,15.84473961120566,13.537121053882826
-37.723679,200,303.081624,0.0,0.061997919333408015,3193.7317867086226,18.057051203017785,15.968658933543113
-131.240398,200,303.211141,0.0,0.5944400793442177,3160.9837943626153,18.731888341113674,15.804918971813077
-123.398466,200,303.335096,0.0,0.5123336355493836,2396.0320433242737,15.249434115810235,11.980160216621368
-91.56209,200,303.463001,0.0,0.3993337296377355,3287.327291187866,18.70809646719623,16.436636455939333
-95.302402,200,303.917583,0.0,0.40061435083719654,3092.3413483997015,17.355850603383935,15.461706741998507
-84.85539,200,304.073399,0.0,0.3318936443132756,2664.80702973693,16.361302828912333,13.32403514868465
-95.75748,200,304.208923,0.0,0.37910060055258527,3230.6694958310613,18.434740076281027,16.153347479155308
-86.343509,200,304.340026,0.0,0.33876836056642506,2252.9721621151234,14.336355223493046,11.264860810575618
-26.188863,200,304.470551,0.0,0.1527083709913909,2785.5265250747857,16.61335219727425,13.927632625373928
-152.415267,200,304.598076,0.0,0.742467019164518,3094.2998897361626,17.392776389830964,15.471499448680813
-126.43128,200,304.72856,0.0,0.5654511917551589,2768.6724895491056,17.010648509801214,13.843362447745529
-105.96009,200,304.854633,0.0,0.4671500283014963,3110.2947004989887,18.125776200065076,15.551473502494943
-137.492573,200,304.981149,0.0,0.618876111824029,3060.304893745057,18.325318281738912,15.301524468725285
-72.286021,200,305.104633,0.0,0.27155085000553303,2030.8599490005831,13.047443026558316,10.154299745002916
-64.713266,200,305.231678,0.0,0.24352793510020831,3103.6325128215144,17.51364500606762,15.518162564107572
-166.507962,200,305.687296,0.0,0.8043952129031611,3664.099967796187,20.663251213376746,18.320499838980933
-58.701566,200,305.83388,0.0,0.19113577019701605,3010.568395566574,17.29093307132143,15.05284197783287
-87.418069,200,305.966398,0.0,0.3766580407632913,2815.1012874582466,16.702097388589205,14.075506437291233
-38.848184,187,306.085655,1.0,0.04837849493375467,2568.3656314916916,15.510622960078967,13.734575569474286
-108.223722,200,306.214194,0.0,0.4426874413970526,2733.5726749703454,16.333255256099086,13.667863374851727
-142.728008,200,306.342215,0.0,0.6329024627722826,2624.240218766403,16.55483939910409,13.121201093832015
-122.968491,200,306.471808,0.0,0.5753501501204449,3069.6424118440655,17.950530619601665,15.348212059220327
-77.091682,200,306.601359,0.0,0.2668055796800804,3303.0656944950606,18.973458031929347,16.515328472475304
-131.904524,200,306.728716,0.0,0.5830178958301802,2934.0430818607047,17.31568004858741,14.670215409303523
-36.511478,200,306.853673,0.0,0.1889116769375207,3093.4588651665235,17.85331190927547,15.467294325832619
-158.059495,200,307.314758,0.0,0.753585358061969,3378.7061337796727,19.602987426351785,16.893530668898364
-42.155457,200,307.4558,0.0,0.1166225945954034,2924.4391552277384,17.07708316859374,14.622195776138692
-91.010924,200,307.590329,0.0,0.35347917558657344,3143.88328014843,18.60340596932314,15.71941640074215
-44.916281,200,307.717866,0.0,0.25970043206896676,3009.4007915054062,17.752109970568398,15.047003957527032
-119.679411,200,307.849191,0.0,0.5027112124305072,2910.6702626914985,17.363416294728545,14.553351313457492
-126.448345,200,307.990034,0.0,0.5443405057143174,3252.1983048695197,18.729341512067464,16.2609915243476
-131.607489,200,308.118548,0.0,0.5879117320598286,3446.1027731517497,19.584849787649112,17.23051386575875
-82.875676,200,308.247605,0.0,0.3461552273755322,2444.7328175972716,15.164733049910808,12.223664087986357
-122.338402,200,308.375122,0.0,0.5342284899954722,2505.5173232769403,15.37180191942074,12.527586616384701
-106.258977,200,308.505665,0.0,0.41974654897650215,2301.445538369847,15.033957911142565,11.507227691849234
-99.740038,200,308.966012,0.0,0.46697816163680816,3168.089716545117,18.671465733526578,15.840448582725585
-145.03579,200,309.110524,0.0,0.6953344009176226,3333.8372459460516,19.44625163090685,16.669186229730258
-88.049487,200,309.246559,0.0,0.3668829118683617,3173.8424528218356,17.996129795426203,15.869212264109178
-65.147382,200,309.370042,0.0,0.24923444074505838,3073.1972423871193,18.52291183315119,15.365986211935597
-123.166523,200,309.497174,0.0,0.5630203157517341,2871.05385006775,17.245869570275328,14.355269250338749
-65.22371,200,309.625709,0.0,0.31324695950224013,2274.2410398328902,14.548046092564132,11.371205199164452
-128.775432,200,309.751748,0.0,0.524066435139418,2462.1084483773766,14.765733262102142,12.310542241886884
-157.998165,200,309.883293,0.0,0.7562082303543863,3419.17470518467,18.502182019450323,17.095873525923352
-111.314528,200,310.007472,0.0,0.46649444946279667,2938.8535405579983,16.972549365596027,14.694267702789992
-131.525419,200,310.140046,0.0,0.5437973973962443,2534.821010068503,15.660683118995438,12.674105050342513
-31.696888,180,310.257557,1.0,0.04930005656209369,2785.4496773052933,16.061205472855733,15.474720429473852
-17.612307,147,310.700618,1.0,0.04823543947182568,2044.24174378022,11.831833154784206,13.906406420273607
-97.802162,200,310.853378,0.0,0.3975197241421441,2924.2747606621506,17.33184353470706,14.621373803310753
-27.59706,160,310.958902,1.0,0.049615732238916674,2702.7350635637217,15.239260485373025,16.892094147273262
-51.778756,200,311.088455,0.0,0.07718948382322026,2938.187691923264,17.18617986320515,14.690938459616321
-130.858501,200,311.214977,0.0,0.5450401113275756,3148.6669532180954,18.180034863591953,15.743334766090477
-78.002647,200,311.342042,0.0,0.2786407325062286,3063.0120721952453,17.64669855515926,15.315060360976226
-119.098559,200,311.471561,0.0,0.5329894630544626,2534.6832822573024,15.909332966585854,12.673416411286512
-141.31278,200,311.600032,0.0,0.6292488807226836,2491.0943090041246,15.65259147524008,12.455471545020623
-43.957803,200,311.732559,0.0,0.1406977094046414,3051.020346711476,18.318078478538265,15.25510173355738
-166.28933,200,311.855596,0.0,0.7836183704256483,2829.5767993757413,17.060238477143464,14.147883996878706
-14.318001,60,311.896602,1.0,0.04913579931814363,263.5200365225506,2.025521997268739,4.392000608709177
-112.05333,200,312.364671,0.0,0.4481180441540211,2887.927562706775,16.89366079300619,14.439637813533874
-102.185472,200,312.514189,0.0,0.40150405504883624,2165.707166181676,13.662523145966105,10.828535830908379
-11.752501,52,312.549736,1.0,0.041957356391857735,206.49885095111546,1.8667338058097493,3.9711317490599125
-29.02709,175,312.665274,1.0,0.04146634313963033,2047.0437742660026,12.25725982496985,11.69739299580573
-67.205778,200,312.796831,0.0,0.25798520276628295,2432.5763005818194,14.846387391115858,12.162881502909096
-128.43478,200,312.926388,0.0,0.5222468257008746,3071.1151602944733,18.06844656647541,15.355575801472366
-156.794938,200,313.057399,0.0,0.7516126578309595,3260.8418271974247,19.168400473294042,16.304209135987122
-148.098214,200,313.187006,0.0,0.654584662974287,3249.2723218430874,18.858298561040424,16.246361609215437
-79.686757,200,313.316995,0.0,0.2823851967793552,2515.5681531400146,15.292743077946716,12.577840765700072
-49.028517,200,313.445066,0.0,0.0831752947897692,2753.247890418999,15.982145472721104,13.766239452094995
-37.159583,200,313.569979,0.0,0.21933399358285566,2779.512151532546,16.131648557422153,13.89756075766273
-91.430017,200,314.005096,0.0,0.34830063289095137,2022.0775948888909,13.834773252030539,10.110387974444455
-96.715295,200,314.177123,0.0,0.3310405718508777,3078.261874489175,17.460478721238815,15.391309372445876
-129.518293,200,314.307293,0.0,0.5768492781173871,2663.306626901373,16.1304137129807,13.316533134506864
-95.283731,200,314.438584,0.0,0.39423141677767404,2306.542815275136,14.564704989806696,11.53271407637568
-72.51669,200,314.56565,0.0,0.23033488594690324,2930.496732492058,16.990887924051847,14.652483662460291
-52.97581,200,314.697126,0.0,0.07042292769025041,2491.9016634140553,14.60110557479614,12.459508317070277
-83.062368,200,314.822703,0.0,0.28363250907916,3016.3552348817234,16.96463282877909,15.081776174408617
-24.059233,200,314.951822,0.0,0.11669373792251149,2758.637325801229,16.553682974188987,13.793186629006145
-26.896937,200,315.075313,0.0,0.16448610077263634,2828.4194571774437,16.63459070533783,14.14209728588722
-14.002497,58,315.112332,1.0,0.045290495433523335,302.50361496450404,2.487206825367256,5.215579568353518
-41.582346,200,315.238345,0.0,0.1623429786927673,2983.623235589645,16.965597371916964,14.918116177948225
-44.720482,200,315.699449,0.0,0.23065160530280537,2051.082808279575,13.615614194477011,10.255414041397875
-80.916544,200,315.838476,0.0,0.3021049346060899,2587.6093827323407,16.006892102061403,12.938046913661703
-16.677852,76,315.88948,1.0,0.049743383012466405,450.60327637005383,3.3324981319076445,5.92899047855334
-87.482429,200,316.024027,0.0,0.3353560946223662,2541.810804812325,15.714327846472425,12.709054024061624
-25.803213,200,316.152046,0.0,0.11523246593672144,3061.59760514355,18.08284185617786,15.30798802571775
-115.170842,200,316.280514,0.0,0.4778074205660089,2392.621327326637,14.6531771178506,11.963106636633185
-42.254177,200,316.40505,0.0,0.26902049891885627,3072.363760768118,17.555141427647737,15.36181880384059
-44.636253,200,316.532596,0.0,0.06977579233136107,3130.588986892483,17.775173714498173,15.652944934462415
-57.943297,200,316.67058,0.0,0.1339159071907113,2393.6303318665923,14.960935260216793,11.968151659332962
-141.1916,200,316.815115,0.0,0.6275489479353115,3208.3980189353547,18.55111788116164,16.041990094676773
-123.426735,200,316.953225,0.0,0.5322875412531839,3452.4931017040303,19.446980597206586,17.26246550852015
-71.351764,200,317.463372,0.0,0.1605943911369074,2684.955817678932,15.514247837143602,13.42477908839466
-115.641574,200,317.625413,0.0,0.4564651476787045,3184.7107447535686,18.020209252017544,15.923553723767844
-39.973642,200,317.763703,0.0,0.09849141226024152,1952.6675231849476,11.601051953920358,9.763337615924739
-104.511139,200,317.896247,0.0,0.40853530907030156,1995.5922202529357,12.819993688834245,9.977961101264679
-162.387738,200,318.024823,0.0,0.6977610759266333,3329.0030548184445,18.827666234234645,16.645015274092223
-95.797141,200,318.154907,0.0,0.4034035373125991,3320.557951877483,19.163655700556237,16.602789759387417
-130.965262,200,318.287459,0.0,0.5352614263470842,3275.949443650164,18.993994118475662,16.37974721825082
-69.047564,200,318.419011,0.0,0.1803009355198636,3361.509938517097,18.457476590124944,16.807549692585486
-87.105356,200,318.549058,0.0,0.30297354256649944,2866.387643589323,16.717029267150863,14.331938217946615
-85.611273,200,318.68083,0.0,0.2886666076914654,3186.9707173354077,18.145721884988987,15.934853586677038
-49.048559,200,319.162626,0.0,0.3637623930980251,2667.9814028172677,15.726050990018887,13.33990701408634
-112.108289,200,319.328146,0.0,0.45759802500735075,2897.2228473399086,15.97361562290206,14.486114236699542
-44.399463,200,319.46222,0.0,0.2533111986842004,1867.742298420896,12.0114416325796,9.33871149210448
-46.259188,200,319.590734,0.0,0.12163520880837271,2362.8118588566977,14.904930048958436,11.814059294283489
-32.684235,200,319.718515,0.0,0.21634026363634026,3113.9401809830806,18.129042870830244,15.569700904915402
-107.614415,200,319.844827,0.0,0.3588370495452376,2786.326710155519,15.894028784750827,13.931633550777594
-151.405342,200,319.974315,0.0,0.6872643673529323,3246.8120856903834,20.079892898929742,16.234060428451915
-141.311413,200,320.100837,0.0,0.5597376837172017,3131.7291738874515,18.446068808179103,15.658645869437258
-39.536956,200,320.222353,0.0,0.1988822412276993,1880.0749835777817,11.798877648301792,9.400374917888909
-71.277327,200,320.345928,0.0,0.2048165928816616,3106.7359186816047,17.337735442375063,15.533679593408024
-29.092521,200,320.817085,0.0,0.14528325825563246,2885.015084974669,17.37916705544375,14.425075424873347
-37.649928,200,320.961917,0.0,0.12344983941899063,2721.9287671728634,16.08911288372793,13.609643835864317
-87.910764,200,321.106381,0.0,0.2825357865380559,2807.7417407511066,15.742728278871656,14.038708703755534
-79.54805,200,321.23886,0.0,0.2505863523782497,2984.8380236998873,17.13728804958654,14.924190118499437
-153.268705,200,321.375385,0.0,0.6725282840641525,2772.60623016494,16.561077716934463,13.8630311508247
-63.490104,200,321.508913,0.0,0.1630307514719728,2763.0871016791807,16.521436283757446,13.815435508395904
-142.186816,200,321.641973,0.0,0.5516607165780815,3049.107176242032,17.98645040588554,15.24553588121016
-26.225133,200,321.775347,0.0,0.1442741857493155,2222.280605929553,13.262965227604537,11.111403029647766
-51.853968,200,321.90587,0.0,0.08794522091715848,2486.699624633283,14.536697991402956,12.433498123166414
-84.398665,200,322.037395,0.0,0.25602534868175086,3258.691514928697,17.730017019893193,16.293457574643483
-47.30519,200,322.168424,0.0,0.0606138857595214,2975.3075752000896,16.847323285288226,14.876537876000448
-115.962574,200,322.648997,0.0,0.4186489667873411,2207.2978973118647,13.853136424251467,11.036489486559324
-99.2402,200,322.791901,0.0,0.33109229216045516,2157.5102794246723,13.725641158152051,10.78755139712336
-85.114234,200,322.924425,0.0,0.3411059807386444,2305.6008014623503,14.257664358365544,11.528004007311752
-30.924111,200,323.055451,0.0,0.19819371847603276,2163.422100945709,12.989229985058842,10.817110504728547
-109.236018,200,323.189581,0.0,0.48020505088798415,2509.582826551043,15.34918624551187,12.547914132755215
-39.244703,200,323.324388,0.0,0.1396620670637594,2893.8279838588996,17.205901324458942,14.469139919294498
-44.851246,200,323.454423,0.0,0.21225229381882976,2189.571394984034,13.76810460335612,10.947856974920171
-38.401963,200,323.57894,0.0,0.1400403669522038,3084.6264212090136,17.516641669034634,15.423132106045069
-42.720644,200,323.713493,0.0,0.13130950300996128,3014.3256677493455,17.420416197732816,15.071628338746727
-129.410489,200,323.840551,0.0,0.5670104757852502,3046.1733103775377,18.15075725729014,15.230866551887688
-29.94894,179,324.299562,1.0,0.04942342665599739,2941.687938239681,16.39837662479767,16.43401082815464
-83.338911,200,324.451596,0.0,0.29561791131994386,1787.8091939535614,11.818157648234036,8.939045969767808
-71.040934,200,324.588115,0.0,0.23526262961415814,2570.7026502983667,14.92898268765217,12.853513251491833
-175.754256,200,324.715627,0.0,0.8434810895106303,3094.9013776681854,18.459892877042076,15.474506888340928
-118.763719,200,324.846666,0.0,0.4958986864534505,2535.088045705247,15.407644497538177,12.675440228526236
-72.994131,200,324.978184,0.0,0.2035792767520125,2630.606147831878,15.999402289875365,13.153030739159389
-106.995454,200,325.106699,0.0,0.41990580990423104,2457.715740216944,15.46306058308898,12.28857870108472
-44.333464,200,325.236104,0.0,0.1572012069079098,2991.516870809297,17.194513324401868,14.957584354046485
-37.846528,200,325.374558,0.0,0.19555982267543562,2140.1611627952516,13.167768454831952,10.700805813976258
-16.743857,140,325.467775,1.0,0.04996936176317473,2258.9582893686957,13.027670645501377,16.13541635263354
-27.270354,165,325.574929,1.0,0.0499215622995806,2511.961299551984,14.870171430904039,15.224007876072632
-83.002513,200,326.055843,0.0,0.2867272510541315,3030.3178401438913,17.924959748679907,15.151589200719457
-120.875923,200,326.206368,0.0,0.4628953988058683,2628.172163517986,16.226648073708088,13.14086081758993
-46.213415,200,326.340394,0.0,0.08927816388060825,3027.3060952725996,17.282425635001086,15.136530476362998
-41.645434,200,326.471918,0.0,0.0971661999449136,2463.022541036948,15.095933586026092,12.31511270518474
-43.124542,200,326.605439,0.0,0.09397432651173539,2840.689065457551,16.64416322327584,14.203445327287755
-105.743444,200,326.73897,0.0,0.43165117954913523,3311.454172313696,19.069030414838302,16.55727086156848
-20.866986,150,326.833496,1.0,0.04028581646018666,2038.073859852941,11.749631987222351,13.587159065686274
-56.758405,200,326.962566,0.0,0.1301915801391706,2572.0926953744133,15.71502096583035,12.860463476872066
-125.084002,200,327.093084,0.0,0.5606822555289608,2846.913959345588,16.85053524853023,14.23456979672794
-141.675487,200,327.218641,0.0,0.6061688548572631,2485.618615801665,15.20703088635757,12.428093079008324
-97.88684,200,327.69007,0.0,0.39182291534764707,3192.206330030803,18.144259764244367,15.961031650154016
-94.728889,200,327.841084,0.0,0.37621135760211744,3107.678316396973,18.77554206970799,15.538391581984865
-64.519659,200,327.973608,0.0,0.17271804342981573,3186.453718241478,17.90902904760867,15.93226859120739
-107.903266,200,328.108139,0.0,0.42309498395854017,2957.6526632981527,17.259899563374546,14.788263316490763
-69.283855,200,328.247213,0.0,0.2662769246907275,2977.7242581253518,17.327410473765287,14.888621290626759
-129.621667,200,328.376757,0.0,0.5881731552012559,3153.269497466955,17.626749801417855,15.766347487334775
-18.373552,155,328.477266,1.0,0.04967851658996109,2466.9524560962627,14.215621686655114,15.915822297395243
-45.407482,200,328.608306,0.0,0.17230804073190226,1698.0342421740625,11.067234184128282,8.490171210870312
-139.796087,200,328.740882,0.0,0.5880764981755294,2312.5911578438618,14.459199528982092,11.562955789219309
-142.605561,200,328.865945,0.0,0.6043652221157005,3269.534021927344,18.95115221744613,16.34767010963672
-127.470927,200,328.993475,0.0,0.5477663198852011,3270.681976971538,18.661866259190685,16.35340988485769
-167.7457,200,329.460042,0.0,0.779344509837172,2875.9577900362337,17.02500160507905,14.379788950181169
-118.864581,200,329.602571,0.0,0.4484584607951631,2055.903724531474,13.388070296830596,10.27951862265737
-122.685339,200,329.736672,0.0,0.5164623992069509,3381.7762885954066,20.178796853337975,16.908881442977034
-88.973227,200,329.874079,0.0,0.3099343413298801,3115.668308612392,17.4079494988711,15.57834154306196
-80.032696,200,330.009609,0.0,0.2259398853642299,2156.563684634946,13.908542116625364,10.782818423174731
-173.232901,200,330.165652,0.0,0.8222248322947003,3264.8720736180035,19.123478372757877,16.324360368090016
-143.039663,200,330.314225,0.0,0.606890186840919,3250.2060866249576,18.82472182040345,16.25103043312479
-122.519074,200,330.457308,0.0,0.5026323305109479,3147.5517693050224,17.801699761211534,15.737758846525113
-109.577787,200,330.595832,0.0,0.4689427639572039,2939.0816714848784,17.358466851849293,14.695408357424391
-122.742144,200,330.735364,0.0,0.5365951736081157,3194.9671025839934,18.380287788109353,15.974835512919967
-28.139376,168,331.178925,1.0,0.04822506962818743,2660.2664002232327,15.6541745463818,15.834919048947814
-18.23712,130,331.277203,1.0,0.04873559496778118,1843.4453624266096,10.548234755435914,14.18034894174315
-30.517114,200,331.424731,0.0,0.19980433021025723,2748.4738756633756,16.740178007513325,13.742369378316878
-11.027946,52,331.461249,1.0,0.04966003648512039,205.55089616857285,1.5581193251791876,3.952901849395632
-48.377331,200,331.590765,0.0,0.13880908630554406,2491.5514512283644,14.922379135535172,12.457757256141822
-101.89167,200,331.713301,0.0,0.426564193175802,3505.8580709236035,19.65447381213253,17.529290354618016
-27.067558,174,331.831708,1.0,0.047044752653110644,2653.0385157410606,15.058617677921017,15.24734779161529
-62.319581,200,331.960839,0.0,0.30446249554617255,1983.5019304008642,13.4927113176003,9.917509652004322
-86.061755,200,332.089541,0.0,0.32525946373764625,1881.088594035324,12.856088406346354,9.405442970176619
-151.001747,200,332.221073,0.0,0.6861940815283203,2653.8858782837196,16.48588851100794,13.269429391418598
-41.466542,200,332.349129,0.0,0.23078799108411438,1952.6090905530268,12.63552695492098,9.763045452765134
-39.625814,200,332.473644,0.0,0.1939851392440162,2729.4182966977028,16.19277576155747,13.647091483488515
-52.223999,200,332.969175,0.0,0.1633489446820216,2491.943680036931,15.49823741917238,12.459718400184654
-135.807891,200,333.103699,0.0,0.6082725231345083,3251.6757319531603,18.926717370068385,16.2583786597658
-37.945353,200,333.23223,0.0,0.22120968022288037,2615.017085218449,15.106830085422985,13.075085426092246
-167.383613,200,333.367267,0.0,0.8444977306030066,3215.4612339601954,18.652654661265426,16.077306169800977
-81.823131,200,333.499782,0.0,0.3636018124698347,2537.2171399983476,15.584422802057558,12.686085699991738
-77.172005,200,333.630301,0.0,0.29467192170750844,2826.251994079585,16.99343111656476,14.131259970397926
-52.941308,200,333.756727,0.0,0.11661640905304056,3020.8854582603435,17.61721620809308,15.104427291301718
-34.277872,200,333.883245,0.0,0.08565686811034458,2747.97252945221,16.244450450210252,13.73986264726105
-88.422672,200,334.010272,0.0,0.29994818327616224,2956.970670531828,17.46049762965646,14.784853352659141
-24.539041,200,334.139346,0.0,0.1272934013564283,3329.192323876869,19.057321540748926,16.645961619384344
-97.618181,200,334.624567,0.0,0.33119478559513693,2890.021507091991,16.509470786730258,14.450107535459956
-171.539542,200,334.775632,0.0,0.7993920753708623,3595.7719293992204,20.63668032291211,17.978859646996103
-63.195431,200,334.90417,0.0,0.1669427403173071,2369.225242545923,14.74529616404476,11.846126212729613
-132.720003,200,335.035697,0.0,0.5314727903253968,2383.6577674315477,15.146844456944537,11.91828883715774
-116.671038,200,335.165746,0.0,0.5194135270427329,2724.192578917647,16.18892447176953,13.620962894588235
-76.914125,200,335.299262,0.0,0.2480753687137803,2928.937185243172,16.861030386559758,14.644685926215859
-125.193364,200,335.425169,0.0,0.5512993616679179,3105.891902645111,17.65961281825205,15.529459513225554
-72.29989,200,335.551204,0.0,0.26776786899326044,2537.2764969799123,15.338725098369867,12.68638248489956
-107.798238,200,335.681729,0.0,0.4170728198164736,3235.1962298709127,18.820490977068417,16.175981149354563
-136.173317,200,335.81459,0.0,0.535951015872983,3127.67240884763,17.802185588012208,15.63836204423815
-18.494694,70,335.858102,1.0,0.04607855617758776,332.61233854226487,2.8425821600494054,4.751604836318069
-166.474384,200,336.339467,0.0,0.7862209698470046,3497.3683027315724,20.32576948766808,17.48684151365786
-121.274171,200,336.483386,0.0,0.4468073162884699,3136.207873157341,18.136242126042816,15.681039365786706
-122.442005,200,336.616927,0.0,0.5131935172514357,2436.9353127760473,15.265418588307575,12.184676563880236
-36.725408,200,336.74324,0.0,0.1277236460283409,2973.9183512537884,17.28205259146358,14.869591756268942
-44.574328,200,336.872305,0.0,0.07651504482825215,2915.3657882597604,16.711057403410308,14.576828941298801
-60.392819,200,337.004506,0.0,0.1602293569491256,2803.919204747316,16.74629007067662,14.01959602373658
-40.293977,200,337.130023,0.0,0.2542853902029571,2773.5377235367223,15.686186823979343,13.867688617683612
-68.391194,200,337.260059,0.0,0.33158105820279565,2073.572848576762,13.398590127432858,10.367864242883812
-39.140546,200,337.388572,1.0,0.046389598505128846,3213.877696807351,17.615186892622052,16.069388484036757
-63.156939,200,337.513079,0.0,0.1639889167581818,1897.3394161678557,12.049359543563009,9.486697080839278
-104.920903,200,338.006835,0.0,0.4034064079840069,3139.2684660591426,18.042263715169327,15.696342330295714
-93.020462,200,338.147851,0.0,0.2792910590966309,3242.276763675715,18.377299298887376,16.211383818378575
-165.325769,200,338.276377,0.0,0.751618054544563,3313.111743358398,19.956620686502575,16.56555871679199
-99.752771,200,338.4079,0.0,0.37106587263789864,3410.9475593408433,18.763807804604163,17.054737796704217
-68.130741,200,338.543079,0.0,0.17907999773017183,2980.4563774680905,16.498195450667346,14.902281887340452
-122.804291,200,338.673752,0.0,0.5395406572638046,3285.683960578331,18.8881370868353,16.428419802891657
-138.862477,200,338.798001,0.0,0.6450635582562948,3154.5428732188016,18.588781910378152,15.772714366094007
-50.4848,200,338.926525,0.0,0.2810944485207641,2091.786194741816,13.476632934395983,10.45893097370908
-125.576817,200,339.052559,0.0,0.559148893764688,3159.521007735721,18.46620854668468,15.797605038678604
-27.167063,166,339.162077,1.0,0.04685735322127395,2438.282172943925,14.015883283959651,14.688446824963405
-114.332762,200,339.673548,0.0,0.48821054770677624,3083.6674682642615,18.180425588893357,15.418337341321308
-47.755803,200,339.829058,0.0,0.11196760380864103,2712.1805880654783,15.953187285110033,13.560902940327392
-29.739999,200,339.964111,0.0,0.15406431064160875,2643.230852351419,15.971661813341882,13.216154261757094
-43.271761,200,340.094632,0.0,0.10761642797972862,3314.402736290676,19.060084558006984,16.57201368145338
-113.743723,200,340.227159,0.0,0.43614722536237416,3248.087662847035,18.768880591059823,16.240438314235174
-85.414881,200,340.355194,0.0,0.25016382109635577,2961.709406084342,17.782644493441996,14.80854703042171
-128.060059,200,340.483737,0.0,0.5690751181438205,2818.010988345514,17.10106105841757,14.09005494172757
-167.338227,200,340.611265,0.0,0.8003729231970526,3199.078997662244,18.75249901076468,15.99539498831122
-71.104096,200,340.744858,0.0,0.19864911564458626,3017.8402427265914,16.985672254331583,15.089201213632958
-69.465858,200,340.870998,0.0,0.15707773268260153,2976.4607932608956,17.18279821037511,14.882303966304478
-60.134793,200,340.999516,0.0,0.2119955651880557,2672.69094176897,16.086357576141157,13.363454708844849
-58.811602,200,341.471088,0.0,0.17216056947891448,3075.753123023103,17.812514573398666,15.378765615115515
-12.117315,47,341.504085,1.0,0.048439405083044985,492.136884890037,3.151437581921632,10.47099755085185
-96.361068,200,341.639611,0.0,0.3657495827806803,3055.66477219622,17.31365338844225,15.2783238609811
-125.676903,200,341.774659,0.0,0.5291937612695201,2729.4448901654864,16.364794504609943,13.647224450827432
-55.986388,200,341.90417,0.0,0.1826221834898351,2592.9420592791716,15.47029403364964,12.964710296395857
-111.86061,200,342.037709,0.0,0.45827840822047483,2962.0514169186486,17.540202392760584,14.810257084593243
-27.111924,200,342.169596,0.0,0.15088926960996898,3008.102555156409,17.275248846883777,15.040512775782044
-131.396269,200,342.29912,0.0,0.5754815213527655,3098.9824171851037,17.704064509432442,15.494912085925518
-106.708458,200,342.430662,0.0,0.4257704221540304,2847.9740984611667,17.16275583486508,14.239870492305833
-100.71414,200,342.558711,0.0,0.3291834654567413,1908.9379416128234,12.504601860600943,9.544689708064118
-139.028265,200,342.689235,0.0,0.543525811642914,2238.760775166327,14.763641039740392,11.193803875831636
-51.677441,200,343.161747,0.0,0.1352182735940332,3230.6426287628733,18.255514458893078,16.153213143814366
-84.071223,200,343.298476,0.0,0.2731174640319075,2874.7632752294594,16.302482445406152,14.373816376147296
-58.982687,200,343.433008,0.0,0.16650844993138122,2157.0759748333962,14.26607424915363,10.785379874166981
-69.707955,200,343.567729,0.0,0.22450146247926417,2719.89588308475,16.107918975450186,13.599479415423751
-110.330764,200,343.698242,0.0,0.45501296318067597,2303.670981033507,14.230211958948768,11.518354905167534
-72.693624,200,343.831774,0.0,0.2216844327677325,2248.0717020429215,13.678898539764552,11.240358510214607
-62.269447,200,343.960816,0.0,0.12536436219204594,3146.511987596382,17.331655558770215,15.73255993798191
-29.130943,200,344.09333,0.0,0.18851506571561788,3292.696565945285,18.770354529282177,16.463482829726424
-44.922636,200,344.221857,0.0,0.3066452892001447,2772.886966490525,15.992871253078183,13.864434832452625
-65.023725,200,344.34888,0.0,0.17227097013281442,3312.678313902333,18.19712378032654,16.563391569511666
-48.864173,200,344.82795,0.0,0.08626244328376463,2205.654791054539,13.549953822771615,11.028273955272695
-136.264946,200,344.977779,0.0,0.5598291890216134,3236.564448974134,18.13812607558291,16.18282224487067
-149.093849,200,345.113189,0.0,0.6327077608841132,3132.31856886222,18.378518680297745,15.661592844311102
-137.909399,200,345.24148,0.0,0.6007637815099844,2605.1580707862363,15.996743283042175,13.025790353931182
-134.959055,200,345.372511,0.0,0.5237607266578114,3006.634555967657,17.393678983321873,15.033172779838285
-153.842133,200,345.497036,0.0,0.6894928561751976,3135.4392676574494,18.02954153998667,15.677196338287247
-71.357224,200,345.624547,0.0,0.2806791200861222,1954.1872443652137,13.292856308425327,9.77093622182607
-31.720409,166,345.733081,1.0,0.03891349978091491,1725.1128351142625,10.620551598805037,10.392245994664231
-39.889136,200,345.865131,0.0,0.18791099759307475,2731.8623627047914,16.193749618225,13.659311813523956
-94.689457,200,345.995661,0.0,0.28379194145680514,3006.454375020991,17.507288731635782,15.032271875104955
-87.909358,200,346.450311,0.0,0.41056787101286657,2239.3279442179164,14.122646515215434,11.196639721089582
-122.655607,200,346.596816,0.0,0.500008393103838,2907.596977064727,17.202114855718108,14.537984885323635
-86.32704,200,346.732587,0.0,0.31229742271256355,1996.9987589631476,13.406940937388807,9.984993794815738
-55.366044,200,346.856623,0.0,0.10853334707583662,3053.522592008523,17.02560669887838,15.267612960042616
-144.92142,200,346.987156,0.0,0.5947236940612607,3195.372745999658,18.300178963301917,15.976863729998291
-29.51832,181,347.100685,1.0,0.04263754443059048,2766.229256452465,15.946263149313921,15.283034566035719
-42.220752,200,347.228017,0.0,0.11983526298727439,3108.518802859501,18.23954865315646,15.542594014297507
-155.433672,200,347.358169,0.0,0.6731677630049882,3092.344925714742,17.499912557491704,15.46172462857371
-62.215437,200,347.487308,0.0,0.18242909270238203,3260.269896296284,18.50472096470739,16.30134948148142
-109.403302,200,347.615512,0.0,0.3563743366577033,3230.360317486903,17.92789629436762,16.151801587434516
-71.788796,200,347.74303,0.0,0.2516950743380279,2889.2971365970975,17.796198243472524,14.446485682985488
-156.172554,200,348.240614,0.0,0.6923783696008479,3324.1973262692977,18.682307541984077,16.62098663134649
-42.534307,200,348.380654,0.0,0.07845705553013702,2990.3122701181837,17.30607103580344,14.951561350590918
-94.480705,200,348.515187,0.0,0.4163523142445718,2665.4376192056625,16.598733001834866,13.327188096028312
-89.730432,200,348.648725,0.0,0.2808259699340337,2959.5885705900037,17.402599956177298,14.797942852950019
-70.918392,200,348.774523,0.0,0.3819900645099434,2424.123472035712,14.982535350659449,12.12061736017856
-16.245198,128,348.859049,1.0,0.04411791701485574,1797.7265193841442,10.65828507331765,14.044738432688627
-159.579897,200,348.990219,0.0,0.7010791068184236,3341.202651831401,18.86263003050847,16.706013259157004
-78.083019,200,349.116729,0.0,0.20634492477048333,2845.3955944933527,16.102428091202498,14.226977972466763
-67.319433,200,349.242243,0.0,0.2266816421400246,2959.0529955742177,17.40359559280248,14.795264977871089
-103.166236,200,349.366302,0.0,0.43520136163061707,1960.2946340938154,12.599830075940313,9.801473170469077
-119.378179,200,349.847206,0.0,0.4886032863523183,1957.1826765471749,13.418950074867489,9.785913382735874
-43.19901,200,350.01225,0.0,0.2440273504216945,2679.923792627284,15.632907689734473,13.39961896313642
-163.368072,200,350.147795,0.0,0.7590444955567321,3407.498533671112,18.480542039086952,17.03749266835556
-93.636146,200,350.272822,0.0,0.3155504501450298,3294.1814545039406,18.897970519372294,16.470907272519703
-15.288032,129,350.358915,1.0,0.04799846565910641,2164.765425569494,12.332385100305192,16.781127329996075
-40.43626,200,350.491444,0.0,0.1593247655236562,2839.7227151615816,16.660800904957494,14.198613575807908
-35.918904,200,350.616959,0.0,0.07622595851865027,3334.115650393311,18.710238012211768,16.670578251966557
-123.43357,200,350.743491,0.0,0.4819653944878097,2954.1934907240325,17.04616523099287,14.770967453620163
-41.606245,200,350.874536,0.0,0.12901953044284664,3282.236117418371,18.447780281376495,16.411180587091856
-139.665059,200,351.007054,0.0,0.6641286835075217,2875.6991775982547,17.17980176877549,14.378495887991273
-96.877637,200,351.141596,0.0,0.32817182202781164,3271.1323305776345,19.03971151483983,16.355661652888173
-88.408859,200,351.615683,0.0,0.37662447761569956,3134.8500904885686,18.344186051485188,15.674250452442843
-115.589085,200,351.753654,0.0,0.5074641613405533,2958.876562126092,17.393058890301194,14.79438281063046
-78.834902,200,351.884178,0.0,0.36045383636972694,2447.9100562375324,15.500176651562027,12.239550281187663
-49.208357,200,352.013699,0.0,0.19925837807312705,2604.515160549387,15.924114351810667,13.022575802746935
-157.547057,200,352.149233,0.0,0.7443251424060002,3122.7086044036773,18.646215129298973,15.613543022018387
-23.053334,165,352.259278,1.0,0.04852766098197038,2815.4912296837833,16.340555324537544,17.063583210204747
-117.167241,200,352.390806,0.0,0.5199127746571892,3160.2182857428224,18.277079734852006,15.801091428714113
-153.085168,200,352.522335,0.0,0.6821058867012535,3066.921347576475,17.89343136826553,15.334606737882375
-118.719078,200,352.650862,0.0,0.4320878415960781,2041.5078911611506,13.245827787801385,10.207539455805753
-15.301352,131,352.732382,1.0,0.047637575464707115,2081.6837929853614,12.021204455995786,15.890715976987492
-139.052316,200,353.214983,0.0,0.6346430219388538,2636.310816382308,15.883955193199043,13.18155408191154
-98.390575,200,353.349503,0.0,0.41427727393371067,3128.230884099873,17.533631620548395,15.641154420499365
-10.882442,45,353.381018,1.0,0.048705517357263514,164.36537316330111,1.5740320698080674,3.652563848073358
-117.298138,200,353.512255,0.0,0.4744630789156951,2180.565070220167,14.36008571174903,10.902825351100836
-106.484024,200,353.642776,0.0,0.5007574055600922,2808.199728434169,16.99913156879836,14.040998642170846
-59.319916,200,353.781513,0.0,0.4371187392500645,2181.2299075394785,13.66083504722438,10.906149537697393
-58.248922,200,353.916269,0.0,0.2778129835272213,2462.6666432457296,14.854298861520528,12.313333216228648
-56.900511,200,354.041474,0.0,0.30595032055113863,2856.2115583176774,17.842847951818115,14.281057791588387
-52.404321,200,354.174491,0.0,0.2190932405367,2738.2279064777163,17.634021720373134,13.691139532388581
-91.048027,200,354.300045,0.0,0.37441481279999334,2874.0661986410255,16.908845278492855,14.370330993205128
-52.609616,200,354.428948,0.0,0.20498808239237704,2882.051592152535,17.391093267973098,14.410257960762674
-160.031313,200,354.889217,0.0,0.7932356504680104,3068.048247488306,18.36186167704493,15.34024123744153
-39.281961,200,355.041779,0.0,0.19141679581591128,3117.040556180737,18.19459195374782,15.585202780903685
-79.163525,200,355.182734,0.0,0.32100106056140676,2976.758474338801,18.046690688621528,14.883792371694005
-131.797139,200,355.313261,0.0,0.6257876846983675,3274.8628671792803,18.423606491821875,16.3743143358964
-88.738557,200,355.436708,0.0,0.3853884604757526,3155.5283813780984,18.093477984717282,15.777641906890493
-126.882305,200,355.564783,0.0,0.5749661859219939,2840.9046978452297,16.246335545954853,14.20452348922615
-108.976554,200,355.692289,0.0,0.5098536027534192,3319.033760347719,19.186060300710373,16.595168801738595
-63.592085,200,355.819947,0.0,0.250476604053093,3216.202118324969,18.52633718800722,16.081010591624846
-37.197769,200,355.949459,0.0,0.13924277111706188,3237.177764046427,18.34432417568892,16.185888820232137
-29.90087,200,356.079849,0.0,0.15236102176142488,2933.212561711934,17.133225738226624,14.666062808559671
-83.181415,200,356.207637,0.0,0.3810882901448502,2626.847676238704,16.096497850792627,13.13423838119352
-60.710522,200,356.679824,0.0,0.24914782077466352,2897.5641032117514,17.5501541200837,14.487820516058758
-52.139132,200,356.830287,0.0,0.18232747277717723,2654.6471921861043,16.193614447171495,13.273235960930522
-78.852151,200,356.957272,0.0,0.3793005499828387,2856.864879320253,17.498333052443495,14.284324396601264
-93.387614,200,357.084817,0.0,0.37789938559663167,2963.883323760143,17.73591869495219,14.819416618800714
-76.066569,200,357.217919,0.0,0.33742709885467165,3174.66817559373,17.865889852884045,15.873340877968651
-83.861121,200,357.349453,0.0,0.34300856833496807,3119.7874440486003,18.309400086319965,15.598937220243002
-141.300436,200,357.476464,0.0,0.6846193272711045,3553.0317617406663,20.45179959939391,17.765158808703333
-84.973298,200,357.600982,0.0,0.40078735333956794,3113.359864713275,18.275885254375662,15.566799323566375
-144.624461,200,357.730464,0.0,0.6558458783502914,2968.218136169252,17.35526275800635,14.841090680846259
-74.262336,200,357.860555,0.0,0.31421462788050514,3340.031355366678,18.99564490267845,16.70015677683339
-110.616676,200,358.349927,0.0,0.4791694949475246,3107.105847487372,18.42162795789653,15.53552923743686
-131.670346,200,358.497952,0.0,0.5492066224812386,2911.155577234259,17.46635671867529,14.555777886171295
-50.149674,200,358.633335,0.0,0.19139507604224762,2465.2108722864878,15.394986867311593,12.326054361432439
-62.840203,200,358.764436,0.0,0.24574300771107696,3053.2232232379383,17.43979755414882,15.266116116189691
-111.508574,200,358.895927,0.0,0.547719514536457,3173.411688073445,19.160063680279507,15.867058440367225
-113.929434,200,359.023445,0.0,0.5162780529675437,3214.254084610856,18.378552249038997,16.07127042305428
-118.960886,200,359.144935,0.0,0.4889268788657663,3131.7348906136995,18.51605133561235,15.658674453068498
-125.893052,200,359.272986,0.0,0.6077289424242946,3057.5402047843154,17.9280691882994,15.287701023921578
-6.129898,33,359.293984,1.0,0.04931141022322473,341.8091950383768,2.158920772181511,10.357854395102327
-132.236078,200,359.418528,0.0,0.6303990245867278,3296.1648626356045,18.334017867786482,16.480824313178022
-45.907993,200,359.545063,0.0,0.28385924751720093,2752.522902598082,16.37840963544054,13.76261451299041
-46.29935,200,360.016283,0.0,0.1912332129011785,2998.3918531309855,17.562817486887802,14.991959265654927
-40.793655,200,360.182319,0.0,0.16579652441340964,3299.9143904347534,19.344943980888214,16.499571952173767
-132.513202,200,360.319845,0.0,0.5358298636338562,2344.539435517645,14.707529904128666,11.722697177588225
-68.750519,200,360.455676,0.0,0.3176316684374259,2260.6191283529047,14.24434955364816,11.303095641764523
-57.469758,200,360.587331,0.0,0.21026912991248073,3228.4406965855674,17.755071315570763,16.142203482927837
-163.82809,200,360.715864,0.0,0.8126210949537488,3511.842909090776,19.837368832523932,17.55921454545388
-150.957735,200,360.843405,0.0,0.7282007383475176,3101.310549902492,18.009190257341107,15.506552749512458
-162.396736,200,360.972502,0.0,0.8091198287486956,3302.515177160461,19.264822272089837,16.512575885802306
-47.085901,200,361.097034,0.0,0.27163149547323995,3095.7800054910595,17.81568471785093,15.478900027455298
-35.623486,200,361.225558,0.0,0.13110154449830264,3136.315927576171,18.629000381046858,15.681579637880855
-81.997635,200,361.674571,0.0,0.40538301990521836,2494.1509829802667,15.963206985255102,12.470754914901333
-119.598654,200,361.825096,0.0,0.5585700362322101,3193.707311384686,18.559456110053414,15.96853655692343
-47.124699,200,361.964076,0.0,0.2040189126406919,2899.691964835853,18.057077919339655,14.498459824179266
-62.321266,200,362.092597,0.0,0.25104964114807016,3293.7236252410466,18.652816350473525,16.468618126205232
-70.165105,200,362.223079,0.0,0.29405642761750056,2228.609412803234,14.777113295622144,11.143047064016171
-161.218129,200,362.351621,0.0,0.7633713526533027,3282.373488797861,18.715596332392025,16.411867443989305
-114.816437,200,362.482737,0.0,0.5258771726034412,3410.804697344282,19.363311804949053,17.05402348672141
-156.778302,200,362.612774,0.0,0.7474477853327853,2843.1111197060436,16.908042357747856,14.215555598530218
-61.691623,200,362.740785,0.0,0.3259674483084621,2091.3121706689603,13.44028538254152,10.456560853344802
-123.072646,200,362.877834,0.0,0.4489480213196829,2675.3445994656745,15.697565713337141,13.376722997328372
-99.60735,200,363.006333,0.0,0.42208994643840075,2338.340809094908,15.115692969497044,11.69170404547454
-138.303665,200,363.468879,0.0,0.6380566521177781,3018.0520507109472,17.900619058914653,15.090260253554737
-146.047696,200,363.608413,0.0,0.6798926584156539,2813.4937341419986,16.884665597347368,14.067468670709992
-132.095451,200,363.743008,0.0,0.6084948897241103,3135.9858478875776,18.41141934121418,15.679929239437888
-95.992069,200,363.876081,0.0,0.41403294308329214,3372.5195782517644,18.510823324271417,16.862597891258822
-162.130992,200,364.004653,0.0,0.8101073244255623,3449.8691112225024,19.33178501861847,17.249345556112512
-89.53685,200,364.136196,0.0,0.3738422945899623,2949.7031287644595,17.02486339237196,14.748515643822298
-143.575871,200,364.264234,0.0,0.6961566817176504,3002.3393298652704,17.615265621462225,15.011696649326352
-5.009815,29,364.284245,1.0,0.04970321815636074,258.9020757953397,1.8347931875241825,8.927657786046197
-133.233241,200,364.41071,0.0,0.6131127367214421,3425.5437775240425,20.371950370479478,17.12771888762021
-44.756492,200,364.538255,0.0,0.1633505533835427,3132.5254838627034,18.242283007900852,15.662627419313516
-154.210924,200,364.66468,0.0,0.7562080740420498,3420.469743390846,19.972216843707514,17.10234871695423
-16.181218,143,365.10924,1.0,0.0497941258054047,2068.8762858830787,11.738704950690794,14.467666334846705
-161.09523,200,365.250226,0.0,0.7990876042363305,3043.9600391582994,17.574720897343944,15.219800195791498
-102.905214,200,365.380222,0.0,0.42153774806579813,2147.7576438540254,14.412607999619501,10.738788219270127
-60.63343,200,365.507751,0.0,0.20787621041604837,3079.8764434312848,17.42001919401744,15.399382217156424
-41.109248,200,365.636293,0.0,0.15369890012688303,3448.289810481051,19.079889303437607,17.241449052405255
-27.04014,200,365.765442,0.0,0.05107887451584956,3144.08663448441,18.524505112348066,15.72043317242205
-133.390533,200,365.900696,0.0,0.6468843483018799,3506.2183617081564,20.317288314541,17.531091808540783
-136.472771,200,366.028226,0.0,0.6565400922624763,2950.21618636399,17.81234393684901,14.75108093181995
-158.528023,200,366.158284,0.0,0.7437939852376233,2855.430073215768,17.746307458547726,14.27715036607884
-20.989676,148,366.250274,1.0,0.04034084089243178,1992.2181236165752,12.407332220988845,13.460933267679563
-65.150909,200,366.709518,0.0,0.25717305056197287,2929.2288644161513,17.434754655248796,14.646144322080756
-51.003134,200,366.868578,0.0,0.14425398467378062,2625.5383705599515,15.70050465871097,13.127691852799758
-150.731791,200,367.008259,0.0,0.6911917497769501,2592.8707366347326,16.26570966832634,12.964353683173663
-120.384327,200,367.138963,0.0,0.4838604267954388,2822.4738778072883,17.17429730794402,14.112369389036441
-138.32466,200,367.264039,0.0,0.5603832146956764,2717.2850804835634,16.741662174209498,13.586425402417817
-103.22663,200,367.389564,0.0,0.47101211551682237,3368.368222348366,19.17156435359531,16.84184111174183
-122.37544,200,367.514198,0.0,0.5794931440325057,2951.535440650518,17.726043490278233,14.757677203252591
-37.462096,200,367.644724,0.0,0.20319234033466918,2392.970005968588,14.40616154226367,11.964850029842939
-95.207774,200,367.770742,0.0,0.375692923473076,2239.597156101627,14.520577205552549,11.197985780508136
-84.375784,200,367.906268,0.0,0.3207358012482292,3267.322900620036,18.866565752092065,16.33661450310018
-76.953812,200,368.028787,0.0,0.30237948175677665,2810.756710287185,16.321885458052527,14.053783551435924
-81.433271,200,368.48962,0.0,0.2757114607384495,2793.4851796408143,16.628171165267172,13.967425898204072
-123.337902,200,368.625134,0.0,0.5514879528247858,2505.199204400156,15.60018007728618,12.525996022000779
-140.030087,200,368.754483,0.0,0.6149376153308985,3475.628408592381,19.862771602351803,17.378142042961905
-49.434222,200,368.891519,0.0,0.2693685271810317,3066.425625259975,17.317838128427073,15.332128126299875
-156.280952,200,369.015064,0.0,0.7367855824562093,3137.453587873366,19.00430975762503,15.68726793936683
-54.187023,200,369.147593,0.0,0.2661521675208287,3144.2351275955866,18.19333979357585,15.721175637977932
-43.442846,200,369.271581,0.0,0.1202560274670733,2644.8174882233816,15.665177485610432,13.224087441116907
-33.532828,200,369.400719,0.0,0.08293574683389321,2762.671013118891,16.26395141932492,13.813355065594456
-64.349786,200,369.529216,0.0,0.2386318016066788,2872.0984260368014,16.605649757742594,14.360492130184006
-136.531856,200,369.655752,0.0,0.6023159980949049,2512.464482069328,15.650462078698565,12.56232241034664
-107.930849,200,370.122734,0.0,0.49221742431851706,2569.1013812123942,15.769933739609208,12.84550690606197
-82.120479,200,370.272775,0.0,0.34222854402180203,3065.914959245772,17.444205453459286,15.32957479622886
-72.201438,200,370.401291,0.0,0.2330697358516056,2538.3661219758133,15.06265948986493,12.691830609879066
-125.436881,200,370.53219,0.0,0.5655893675920654,3147.9487318576375,17.727082937151714,15.739743659288187
-126.423144,200,370.665233,0.0,0.47557747635513276,2661.8777693139727,16.070165540883114,13.309388846569863
-107.661547,200,370.798273,0.0,0.47599832710111517,3206.5322496284784,18.233656465246312,16.032661248142393
-133.609051,200,370.925797,0.0,0.5785613736250744,2355.614862482219,14.800146665312427,11.778074312411094
-56.058481,200,371.052314,0.0,0.2646284890153713,3109.512837433421,17.636860244053643,15.547564187167104
-66.705209,200,371.182348,0.0,0.2540257867333474,2711.7671734036594,16.622462578514526,13.558835867018297
-109.811513,200,371.312878,0.0,0.4486185442752097,3270.317020905554,18.646911340582133,16.351585104527768
-54.049227,200,371.775631,0.0,0.20485647270401655,3144.7296311190385,18.21968434839637,15.723648155595193
-96.885814,200,371.930149,0.0,0.44969605351049163,3130.2376555981086,17.743400448498722,15.651188277990544
-47.66839,200,372.067208,0.0,0.1158764643144142,2557.114624814776,15.29707539846081,12.785573124073881
-31.496314,200,372.198544,0.0,0.1084449339548652,2635.1484831580883,15.469411312675337,13.175742415790442
-144.216721,200,372.325071,0.0,0.6195052640529043,3206.202695765078,17.69862252158336,16.03101347882539
-66.689012,200,372.450605,0.0,0.3585611272644431,2359.0406856915215,15.193605870000873,11.795203428457608
-39.163048,200,372.579709,0.0,0.09360181284799002,3083.7522644622522,17.509697377504086,15.418761322311262
-72.981213,200,372.704227,0.0,0.26558669797032325,3292.4569968379183,19.161543697548346,16.46228498418959
-45.883535,200,372.830748,0.0,0.18515057261309092,2294.5247276987197,14.277572582686822,11.472623638493598
-83.159489,200,372.964806,0.0,0.2978396038999035,2749.9832721020243,16.230834363330317,13.749916360510122
-164.983585,200,373.43733,0.0,0.7491812864817718,3373.0966608530944,19.049034638543397,16.86548330426547
-87.816694,200,373.586925,0.0,0.20068160786730654,2834.951132072417,16.385960929017752,14.174755660362084
-97.783595,200,373.719952,0.0,0.39594501451748215,3283.6194499437956,18.806759712155394,16.41809724971898
-90.566393,200,373.849991,0.0,0.2242597449326414,2577.0911191899463,15.395324102517396,12.88545559594973
-37.93509,200,373.982024,0.0,0.12758902831424257,3004.455003011354,18.209904383882225,15.02227501505677
-40.461903,200,374.110554,0.0,0.15916704520199992,3167.307770033529,18.006148238722133,15.836538850167644
-41.656563,200,374.242095,0.0,0.13878197087569502,3201.810176130264,18.401151003031135,16.00905088065132
-131.758827,200,374.368142,0.0,0.5883840166185359,2662.5105826786707,16.02683004955468,13.312552913393354
-106.082854,200,374.50167,0.0,0.35380742717626346,2847.2138316156907,16.42369635992431,14.236069158078454
-84.74027,200,374.633196,0.0,0.3848425680117886,2377.4856359260457,14.722071944022822,11.887428179630229
-135.960856,200,374.764246,0.0,0.634987312311451,3174.4241984329997,18.591709543534183,15.872120992164998
-92.098939,200,375.223842,0.0,0.37869710657414335,2847.5636593020813,17.042501489149892,14.237818296510406
-146.229177,200,375.36086,0.0,0.5841230804163308,3004.3698129883796,17.076766454226316,15.021849064941899
-165.487925,200,375.491414,0.0,0.7418224760817655,2709.6496881331086,16.0660862420178,13.548248440665542
-111.703384,200,375.623944,0.0,0.4467528817782198,3022.080234129267,17.858076505320966,15.110401170646334
-78.827354,200,375.751945,0.0,0.2673542212891741,2141.0992396810516,12.991981913034813,10.705496198405259
-112.728211,200,375.882614,0.0,0.3323664479497929,2554.2036471589354,14.941439924257946,12.771018235794678
-161.883389,200,376.019784,0.0,0.7382719423762051,3119.477131175335,18.234279454534477,15.597385655876677
-116.084457,200,376.153319,0.0,0.4878756622395301,3316.712692473683,18.968742139374946,16.583563462368417
-116.552293,200,376.280156,0.0,0.4326213031246472,2832.6739784529614,16.586579385246612,14.163369892264807
-41.557091,200,376.412683,0.0,0.21777524806091778,3121.814373707459,17.81873320418805,15.609071868537294
-96.204276,200,376.869284,0.0,0.4220479034365163,2941.553859676066,16.98321350833831,14.707769298380331
-29.932784,193,377.012805,1.0,0.04690781434360509,2912.4420419806847,18.00525924028302,15.09037327451132
-86.898691,200,377.147336,0.0,0.3258970961988946,3275.3131681938553,18.33986654892635,16.376565840969278
-44.733866,200,377.272368,0.0,0.15980597494650262,3186.0977783953895,17.96619693709554,15.930488891976948
-154.031981,200,377.396892,0.0,0.7491018824463389,2733.0840988149976,17.063607518830583,13.665420494074988
-96.117676,200,377.52841,0.0,0.4387017969526513,2719.311340059623,16.27333483291471,13.596556700298116
-43.939902,200,377.654604,0.0,0.15283500353894972,2084.4687120619033,13.155183387307238,10.422343560309516
-134.361731,200,377.775636,0.0,0.6491574461053097,2778.715838342393,16.734136897030073,13.893579191711964
-131.071114,200,377.907169,0.0,0.5261202217886631,2272.050670991077,14.8268611730987,11.360253354955384
-156.257059,200,378.044961,0.0,0.7300444138442762,3303.894806014398,18.964305097741416,16.51947403007199
-133.239431,200,378.505199,0.0,0.5534432485011807,3133.451377631322,18.198751181764102,15.66725688815661
-118.0318,200,378.648722,0.0,0.38867991553432296,3027.6551375804615,16.959588820798306,15.138275687902308
-107.305868,200,378.783503,0.0,0.37156121988712715,2898.732373849932,16.958296061264015,14.49366186924966
-88.059539,200,378.91403,0.0,0.290922752285437,2823.861942307031,16.636636152331636,14.119309711535154
-33.077907,184,379.030577,1.0,0.04843709358861414,2098.4350117585027,12.330651974001626,11.404538107383166
-152.799172,200,379.15912,0.0,0.5745783086683518,3197.973831463474,17.868783609836154,15.98986915731737
-119.240419,200,379.284157,0.0,0.3785174419633403,2806.8664271216803,16.687641135907803,14.034332135608402
-65.740071,200,379.413686,0.0,0.17948946280984066,2031.332873704189,12.700844421978646,10.156664368520945
-23.848664,162,379.52422,1.0,0.04425705135210404,2534.1500301629767,14.410268779866202,15.642901420759115
-33.329236,198,379.65277,1.0,0.043348440892922155,2834.612330884387,16.926610022044418,14.31622389335549
-58.609836,200,379.782813,0.0,0.2433842001249261,3124.9998483512736,18.085030762552307,15.624999241756369
-51.361518,200,380.260459,0.0,0.16238483654332422,3050.653445450931,17.399496235761482,15.253267227254655
-123.716801,200,380.403228,0.0,0.484275945818722,2993.4117924117886,17.70044341275136,14.967058962058942
-96.16104,200,380.530758,0.0,0.3773061525809191,2652.118069136074,15.822183222239905,13.26059034568037
-159.711258,200,380.661277,0.0,0.7160603745444958,3323.8230159246054,18.872097931726792,16.61911507962303
-42.544441,200,380.787311,0.0,0.15072183817212007,3098.6872845749754,18.026955915194673,15.493436422874877
-74.833487,200,380.917836,0.0,0.2605651699821181,3189.876592888199,17.74984918995198,15.949382964440995
-56.657758,200,381.047362,0.0,0.20690155885462208,3561.054304790282,19.092758184020866,17.80527152395141
-166.160439,200,381.177412,0.0,0.7601716374276226,3286.5843397499816,18.59715299974126,16.432921698749908
-55.945686,200,381.309931,0.0,0.24947812282419754,2898.3772416028596,16.941785909046608,14.491886208014298
-40.723501,200,381.440452,0.0,0.142807760746678,3258.555665557098,18.527048146261667,16.29277832778549
-64.236326,200,381.897522,0.0,0.23949561371069508,2249.2926462342994,13.705311567212153,11.246463231171496
-32.961816,155,382.013028,1.0,0.04814595132867792,1467.155470076138,9.445616370387631,9.465519161781536
-29.099618,200,382.148545,0.0,0.11272225178277398,3103.062111805046,18.152834791896083,15.51531055902523
-95.243236,200,382.2816,0.0,0.3475931267202459,3198.161395308382,17.624451273661194,15.99080697654191
-88.807157,200,382.413484,0.0,0.40827547038370565,3112.6354086972847,18.566131371861125,15.563177043486423
-117.043291,200,382.543205,0.0,0.505600637579836,2622.9336082495947,15.298927249093227,13.114668041247974
-55.784268,200,382.67129,0.0,0.18461635265259974,3188.3729014192495,18.45739825724347,15.941864507096248
-51.4538,200,382.803846,0.0,0.17187642859124624,3067.302498544106,18.14562547376584,15.33651249272053
-53.608383,200,382.935386,0.0,0.16231352803693289,3213.6721397133538,18.227363522392636,16.068360698566767
-34.291711,200,383.071312,0.0,0.13047943659376804,2293.3555750086784,14.366624050195979,11.466777875043393
-59.493487,200,383.52742,0.0,0.2183498593541052,3358.9346559448027,18.283489926298255,16.794673279724012
-113.742054,200,383.672446,0.0,0.43693774425545473,3109.113655070331,17.727430853090194,15.545568275351654
-101.271991,200,383.815774,0.0,0.3884796088774583,3209.6427866365916,18.60952299884102,16.048213933182957
-45.595502,200,383.949291,0.0,0.12798422390117697,2569.2520619499956,15.184551694557001,12.846260309749978
-105.279073,200,384.083344,0.0,0.3933642178231815,3543.4188798305427,19.720627236991884,17.717094399152714
-47.246935,200,384.210867,0.0,0.19324009051581628,2580.325942651641,15.739124121321321,12.901629713258206
-63.149489,200,384.338426,0.0,0.22941651854909864,2809.932487942557,16.453850885896667,14.049662439712785
-118.267519,200,384.469378,0.0,0.5416944294967597,2656.760214011064,16.13196255691535,13.28380107005532
-20.813789,159,384.570791,1.0,0.049767953467026914,2545.6554946967963,14.715768590913063,16.010411916332053
-44.568288,200,384.699905,0.0,0.09902978821613866,2977.362324320208,17.175934472293175,14.886811621601039
-80.199745,200,384.827428,0.0,0.3008701547475679,3356.3314561756783,19.61089796707494,16.78165728087839
-42.227224,200,385.310194,0.0,0.115667988879749,3294.07877532277,18.911731138264255,16.47039387661385
-125.744378,200,385.459712,0.0,0.58095409807238,2681.0297093788004,16.55939428120534,13.405148546894003
-15.486522,121,385.544228,1.0,0.048496908737061306,1525.0071128987431,9.215950282345508,12.6033645694111
-153.578737,200,385.679802,0.0,0.6420870384688719,3454.8569193552976,19.16821024550078,17.27428459677649
-69.030006,200,385.807691,0.0,0.22232580315410222,2778.8507890306114,15.929773415763472,13.894253945153057
-169.66399,200,385.938219,0.0,0.7458549771130406,3149.030887013789,18.824894094940166,15.745154435068946
-80.400562,200,386.071276,0.0,0.34626564455063497,2556.7796544785297,16.297707009391594,12.783898272392648
-45.544221,200,386.1978,0.0,0.2753074191063908,3070.4473127125875,17.852120500200577,15.352236563562938
-35.954807,200,386.322319,0.0,0.19446815463470254,2765.2339082315025,16.27852826856292,13.826169541157512
-33.35312,200,386.448846,0.0,0.16095281166553418,3271.420405577316,19.079096537308615,16.35710202788658
-49.611712,200,386.905306,0.0,0.14265272851145097,2233.8920560996253,13.722297600976406,11.169460280498127
-165.13068,200,387.050816,0.0,0.7889963964308656,3178.910217254541,18.66376480244062,15.894551086272704
-13.172642,59,387.092326,1.0,0.04803511045547975,138.53619250005815,1.3091505792391462,2.3480710593230194
-39.648437,200,387.227839,0.0,0.212155376887249,3097.365676522321,17.534581747648303,15.486828382611604
-104.609018,200,387.359382,0.0,0.39358467054040674,2962.7532476702,16.811212591407166,14.813766238351
-120.182713,200,387.49247,0.0,0.47976876844574223,2764.1177267512,17.032389721994914,13.820588633756
-128.869085,200,387.626022,0.0,0.5623962321573754,3123.9595951215915,18.301428708618324,15.619797975607957
-152.012055,200,387.753578,0.0,0.6804210294262546,2764.0510573475012,16.17335986426158,13.820255286737506
-120.270771,200,387.883636,0.0,0.5054323325553216,3040.0174902074873,18.04344065691103,15.200087451037437
-37.248954,150,387.977183,1.0,0.04715426362380759,1089.303670050448,6.8839052316834515,7.262024467002988
-60.275741,200,388.108703,0.0,0.16959781644878108,2854.945100680129,16.449161616428917,14.274725503400646
-107.709165,200,388.234219,0.0,0.4119867138591158,2631.8886588754444,16.787189915350243,13.159443294377223
-105.982394,200,388.711554,0.0,0.3920437967209301,2512.50906081509,14.628959371131597,12.56254530407545
-74.486675,200,388.860135,0.0,0.2710437760970879,3102.701287535787,17.444556438168167,15.513506437678934
-69.943081,200,388.992882,0.0,0.2749149025485104,2757.1784987376395,16.85149324946534,13.785892493688198
-73.855476,200,389.121413,0.0,0.27036228176924193,3053.5738477636264,17.412935095695346,15.267869238818133
-74.359479,200,389.251924,0.0,0.2775245341100665,3070.900130465742,18.293637593502005,15.354500652328712
-148.82625,200,389.37599,0.0,0.6364641511876201,3140.6450998966966,18.649677187379964,15.703225499483484
-42.359806,200,389.501501,0.0,0.14705842343261183,3335.655107815766,19.477233921037268,16.67827553907883
-24.024168,154,389.599015,1.0,0.045185317942708615,1731.9002906078135,10.740677371079746,11.24610578316762
-79.000555,200,389.726541,0.0,0.3031861505087139,3070.8822826852647,18.02589506317599,15.354411413426323
-34.418972,200,389.855291,0.0,0.19938438533288613,3445.526880927672,19.02441059455339,17.227634404638362
-91.752574,200,390.323256,0.0,0.34856250245269516,3009.7440144863676,17.51799572040523,15.048720072431838
-92.344144,200,390.469292,0.0,0.3929311909403809,2923.657512946638,16.556930056245307,14.618287564733189
-31.937358,172,390.580773,1.0,0.04685597277053472,1849.0915869276052,11.909015339086976,10.75053248213724
-155.715372,200,390.711295,0.0,0.6778033341526725,3104.836567939483,17.770145679227433,15.524182839697414
-62.972461,200,390.839852,0.0,0.21915332880072058,2749.407539341216,16.684841725557106,13.74703769670608
-47.898328,200,390.96985,0.0,0.19847998609603906,2845.995774798882,16.86153924888759,14.22997887399441
-87.614017,200,391.098186,0.0,0.3080877299864261,2225.818350837333,13.959838296578285,11.129091754186666
-159.995663,200,391.232661,0.0,0.7450162447125245,3261.891011888093,19.048410141079742,16.309455059440467
-39.23502,200,391.36488,0.0,0.12617411736749404,2794.9659543438925,16.45900654262403,13.974829771719463
-137.979463,200,391.491919,0.0,0.6206726334275674,3111.728216323037,18.112704849833076,15.558641081615185
-55.540812,200,391.937976,0.0,0.21314444896037735,2712.8128052449715,16.08353170794348,13.564064026224857
-30.086449,189,392.064492,1.0,0.047769028447771145,2616.088178702209,15.093219647112779,13.841736395249782
-152.634701,200,392.202514,0.0,0.7288638027360455,3277.1152002150793,18.445754960230712,16.385576001075396
-102.593795,200,392.332028,0.0,0.3831327198468747,3109.423642023199,17.582279121329663,15.547118210115995
-40.311418,200,392.46357,0.0,0.17537031776275824,3567.2197217719104,19.86123811661349,17.83609860885955
-100.439551,200,392.591326,0.0,0.4435626178138226,3083.6104027041947,18.048299732508593,15.418052013520974
-100.014271,200,392.725138,0.0,0.4168355282691236,3343.7900741904486,18.331476740567453,16.718950370952243
-141.1655,200,392.85569,0.0,0.6056376639887183,3300.0516822707,18.89643850603748,16.5002584113535
-124.172765,200,392.980723,0.0,0.5540892598453875,3006.2581310615747,17.750842329449526,15.031290655307874
-30.258013,197,393.106257,1.0,0.04925115551225591,2628.3886809689743,15.614287706914501,13.342074522685149
-58.270561,200,393.233807,0.0,0.2039567186232944,2794.1037014096964,16.44383855534491,13.970518507048482
-94.177381,200,393.706447,0.0,0.4172394603063407,3013.190151538538,17.713816767997642,15.06595075769269
-157.629626,200,393.85322,0.0,0.7194140727549341,3354.765314622535,19.641891779473138,16.773826573112675
-77.802487,200,393.983809,0.0,0.3261373674898291,2923.4994664804058,17.67802094879096,14.61749733240203
-127.05769,200,394.115292,0.0,0.5644804423145844,2808.085081111012,16.801371793206886,14.04042540555506
-46.002237,200,394.237857,0.0,0.22233376039510103,2711.055159716615,15.848557756114703,13.555275798583075
-47.961839,200,394.367394,0.0,0.08861867823757706,1861.4462175424712,11.609118582383388,9.307231087712356
-81.855895,200,394.493463,0.0,0.3776763461138344,3386.0236255176974,18.697533289805158,16.930118127588486
-88.167749,200,394.620987,0.0,0.4085008764444501,2859.1117321476086,17.016321623677694,14.295558660738044
-31.466462,200,394.749483,0.0,0.13378298145450976,3277.921930676106,19.16736473548277,16.389609653380532
-152.103615,200,394.875475,0.0,0.7223936529540502,3240.4938076965864,18.543269149314693,16.20246903848293
-118.86254,200,395.328548,0.0,0.5571488539335865,2919.9470145259534,17.18246540512056,14.599735072629766
-101.559146,200,395.476239,0.0,0.37370929723674423,2176.664089721774,13.253396462946572,10.88332044860887
-140.994697,200,395.611962,0.0,0.6800997805957577,3277.1164309074684,19.378710900462647,16.385582154537342
-29.682995,200,395.741993,0.0,0.05237392574854898,2899.572778100679,16.96540803128678,14.497863890503394
-142.509138,200,395.873032,0.0,0.6493313045846548,3228.2428998985183,18.23215092438736,16.14121449949259
-147.942444,200,396.002577,0.0,0.6266733938788657,3242.6254187847617,19.270801910017376,16.21312709392381
-109.725944,200,396.130107,0.0,0.4399166449371998,3154.5146763116077,17.842260698188564,15.772573381558038
-54.344964,200,396.255655,0.0,0.24893858323605533,3426.402424944692,19.959611094521442,17.13201212472346
-162.815324,200,396.383696,0.0,0.7590549493912686,3525.1854946482003,19.721238518191132,17.625927473241003
-50.705189,200,396.51323,0.0,0.15834667829939975,3120.857822288494,17.75175361835815,15.604289111442469
-48.960769,200,396.965398,0.0,0.22985897328976423,3245.552869093144,18.197883348737253,16.227764345465722
-43.585955,200,397.107414,0.0,0.15814031587197414,2877.996150011219,16.749665521876572,14.389980750056095
-143.284032,200,397.246977,0.0,0.6788710813897259,3190.559835431231,18.61095731792166,15.952799177156155
-99.507518,200,397.374538,0.0,0.4160024334656456,2482.692391415381,14.833967625962504,12.413461957076905
-165.281282,200,397.508127,0.0,0.8105668176663821,3137.428734722301,18.466774384378766,15.687143673611507
-157.10546,200,397.636587,0.0,0.6967990351139043,2685.8701520951195,16.64979149257509,13.429350760475597
-100.484221,200,397.766676,0.0,0.4638599876042399,3251.46767335681,18.849036942657957,16.25733836678405
-152.349621,200,397.899378,0.0,0.7522310322990887,3316.8823461505267,19.460891914876903,16.584411730752635
-152.700925,200,398.029925,0.0,0.6595437965643205,3270.8057139956554,18.890039226226406,16.354028569978276
-143.383865,200,398.155972,0.0,0.6372813690707217,3219.198751903815,19.060655863840047,16.095993759519075
-96.705882,200,398.28207,0.0,0.4213214780183594,3524.6057685529645,19.419794542587073,17.62302884276482
-110.473498,200,398.749204,0.0,0.4682670898762267,3335.9139813792412,18.37948501220988,16.679569906896205
-87.442283,200,398.896192,0.0,0.29405968875512045,2621.6336197019677,15.571045812622302,13.10816809850984
-141.644455,200,399.026714,0.0,0.6564863231486766,2736.361273650338,16.64958181681599,13.681806368251689
-95.778308,200,399.155689,0.0,0.2975594684214868,2880.6476042051063,17.110248752421484,14.403238021025532
-132.933759,200,399.281744,0.0,0.4822606632994031,3067.488717279186,17.729012179765647,15.33744358639593
-115.16333,200,399.40925,0.0,0.46507619983443854,2258.0233617442323,13.628085844203348,11.29011680872116
-51.118077,200,399.537894,0.0,0.24630150716743235,2807.447627095503,16.13693518856328,14.037238135477514
-42.290507,200,399.665449,0.0,0.1151233415986658,2807.0705942183176,16.79947836246056,14.035352971091589
-116.058522,200,399.79446,0.0,0.48446059156312893,2819.1497120646927,16.422764976155168,14.095748560323464
-42.991456,200,399.932749,0.0,0.20673555235498736,3156.219127447061,17.97086629345058,15.781095637235305
-102.079104,200,400.396899,0.0,0.4360136433670334,2625.7649465701747,15.926858436584265,13.128824732850873
-81.820874,200,400.535417,0.0,0.3713827733978703,2882.725201827963,17.232576387280893,14.413626009139813
-36.769915,200,400.665951,0.0,0.12239496666393072,3338.104693777568,19.018899158944066,16.69052346888784
-61.425246,200,400.79891,0.0,0.20013680497855305,2344.3820056244435,14.314941430487448,11.721910028122217
-124.354958,200,400.927439,0.0,0.5741734063074306,2496.7307043650935,15.07640893083929,12.483653521825467
-63.664586,200,401.059937,0.0,0.2368930956386418,3342.3912177777074,18.709301456868154,16.711956088888538
-41.606451,200,401.191006,0.0,0.16085945595877782,2439.1633717220298,14.974834775601511,12.195816858610149
-146.673387,200,401.320525,0.0,0.6951412151830082,3156.4009735068007,17.77676872255436,15.782004867534004
-112.402417,200,401.444766,0.0,0.507996840210517,3057.803051373999,17.703163833196,15.289015256869995
-72.517603,200,401.567312,0.0,0.25049381573323004,2987.4622098259524,17.540637454228595,14.937311049129763
-43.301461,200,402.034008,0.0,0.0922294598696631,2375.3403550301337,14.209267654530729,11.876701775150668
-102.692684,200,402.183221,0.0,0.4193091526092127,2562.1642658820524,15.356487188315429,12.810821329410262
-152.688299,200,402.321322,0.0,0.749675585687847,2789.473583310197,17.540488288387326,13.947367916550984
-160.154859,200,402.451856,0.0,0.7459869370219581,3479.2252015106546,19.526556587456007,17.396126007553274
-138.838891,200,402.57993,0.0,0.5339369453201906,2770.843594121881,16.556365201104782,13.854217970609405
-78.893162,200,402.708492,0.0,0.32893853436129006,2966.5143283885277,17.464237873350946,14.83257164194264
-97.791858,200,402.833963,0.0,0.43049419093548547,2597.6547469880898,15.65237495957382,12.98827373494045
-73.570312,200,402.957487,0.0,0.3207741151392123,3500.217287119343,18.725988305968908,17.501086435596715
-86.06522,200,403.083577,0.0,0.37213000844817445,3238.336749805648,18.37918240174413,16.19168374902824
-137.052533,200,403.212038,0.0,0.559268374712978,2824.634397140148,16.901859792076202,14.12317198570074
-59.191199,200,403.675872,0.0,0.31598724891093766,3115.1858033277963,18.060058240806338,15.575929016638982
-100.158648,200,403.839495,0.0,0.40501640338385136,3269.7507109511184,18.53580649225135,16.348753554755593
-161.795812,200,403.973075,0.0,0.7316180251880128,3086.7735023499617,17.871319147772784,15.433867511749808
-66.332073,200,404.104116,0.0,0.27439669526664623,2783.5738569620403,17.00314403271232,13.917869284810202
-54.53479,200,404.233634,0.0,0.1807995063220287,2412.362946967875,14.885388534394199,12.061814734839375
-55.202053,200,404.360255,0.0,0.3932137357343082,2704.9682441851864,15.517810285363943,13.524841220925932
-52.078894,200,404.490855,0.0,0.18105315800607208,2769.4107180723586,16.842711939818276,13.847053590361792
-38.182794,200,404.620394,0.0,0.17742847567405032,3116.3895065567053,17.829462235549677,15.581947532783527
-83.98381,200,404.751974,0.0,0.3807960222026996,3190.959945807643,18.401882927679505,15.954799729038216
-77.693604,200,404.87803,0.0,0.3416429149408471,3257.868075156607,18.784284919336013,16.289340375783034
-105.327684,200,405.329184,0.0,0.44615839924880124,3367.68298527785,18.321554642825863,16.83841492638925
-72.51059,200,405.482261,0.0,0.2318901586153947,2904.9982070763012,16.828388051587847,14.524991035381506
-98.078301,200,405.6198,0.0,0.40691690085339444,2266.7814560480074,14.185858257680886,11.333907280240037
-33.103024,199,405.748318,1.0,0.048150176719805704,2779.6131599718506,16.44733508745996,13.967905326491712
-99.976582,200,405.874858,0.0,0.45938241278294634,2828.153852799715,17.072463847752378,14.140769263998575
-51.530677,200,406.003909,0.0,0.22811978170873703,3102.256185110133,18.05928333728713,15.511280925550667
-77.472664,200,406.132412,0.0,0.2295850202932693,2461.385312876491,14.431593031182762,12.306926564382454
-94.103197,200,406.260005,0.0,0.40715925319403945,3242.2275581797367,18.251750962660577,16.211137790898682
-115.276413,200,406.384074,0.0,0.46829296657786834,2204.7857357358084,13.893145029883623,11.023928678679042
-130.041891,200,406.516329,0.0,0.6445069535642374,3103.519290047145,18.642269654841947,15.517596450235725
-107.758136,200,406.641469,0.0,0.5027848560958665,2725.747387537087,16.534894989108725,13.628736937685435
-104.388661,200,407.103115,0.0,0.4640409061269654,3209.6783639528753,18.26499315636333,16.048391819764376
-136.012175,200,407.239655,0.0,0.500362760104606,2841.8522099472757,16.50800349272732,14.209261049736378
-173.325453,200,407.370185,0.0,0.834275703683042,3203.7956486958365,19.050640195416232,16.018978243479182
-92.72304,200,407.498247,0.0,0.3606609887567548,2382.672816534492,14.498476693861091,11.91336408267246
-60.502179,200,407.6267,0.0,0.23186812656216876,3100.794300253642,17.80545196539853,15.50397150126821
-95.027345,200,407.756246,0.0,0.3594382177091842,3259.9236861392606,18.447073534353734,16.299618430696302
-147.854935,200,407.886338,0.0,0.6796233081191609,2711.637715252027,16.224251557487246,13.558188576260136
-163.932356,200,408.010866,0.0,0.7425136309780122,3086.122535607789,18.17734590154687,15.430612678038944
-79.857699,200,408.141325,0.0,0.3537190773616639,2882.0084198018767,17.787642026912,14.410042099009383
-91.693613,200,408.265869,0.0,0.37137420915618424,2440.805016322911,14.884330031667456,12.204025081614555
-123.659504,200,408.730987,0.0,0.5670525613501297,2842.779445353634,16.449592446312025,14.21389722676817
-111.037195,200,408.885229,0.0,0.46010300809691546,3232.3548876895584,18.20406679227987,16.161774438447793
-118.75916,200,409.015727,0.0,0.5394270140805053,3364.3402201119757,18.939874111335033,16.821701100559878
-154.000529,200,409.146234,0.0,0.7373220029109131,3157.6012876065774,18.76456612160673,15.788006438032888
-96.454341,200,409.273783,0.0,0.39415719130126775,2487.6509852858303,15.477461371486278,12.43825492642915
-90.70396,200,409.405695,0.0,0.4042321392132861,2916.196506798075,17.224333459316856,14.580982533990374
-35.689578,200,409.530285,0.0,0.19805783006211614,2992.774259951342,17.49263024614939,14.963871299756711
-70.763572,200,409.660321,0.0,0.2546109629002126,2879.4709137770797,16.704240191331298,14.397354568885397
-29.978119,200,409.783379,0.0,0.2245704054753061,2992.4391999333666,16.913143762418564,14.962195999666832
-44.508146,200,409.910864,0.0,0.21324688453360466,2925.603897046362,16.73098522051133,14.62801948523181
-78.583387,200,410.35789,0.0,0.3060270835700951,3258.639108628456,19.191169505335065,16.293195543142282
-37.2501,200,410.49699,0.0,0.13716360659891536,3360.6310331163977,18.56447839156652,16.803155165581988
-112.389445,200,410.632521,0.0,0.5128510365029687,2900.383341674677,17.286727401473577,14.501916708373384
-43.417778,200,410.766077,0.0,0.17612251933236028,2662.7898089560354,16.135986090006547,13.313949044780177
-62.634742,200,410.896928,0.0,0.26813471341110073,3065.6785852184657,17.80090983338855,15.328392926092329
-131.42217,200,411.024576,0.0,0.49361244688917844,2761.871545257767,16.695536556565788,13.809357726288836
-38.124906,200,411.151097,0.0,0.15143224354032447,3056.141429682409,17.555887973903005,15.280707148412045
-97.106711,200,411.282147,0.0,0.45044402030198083,2881.244724391517,17.97328734162005,14.406223621957587
-106.163935,200,411.412673,0.0,0.4598993665394274,2616.6132208057616,15.860234200894508,13.083066104028807
-87.099087,200,411.537192,0.0,0.3984554234589085,2796.645386768565,17.227792608951162,13.983226933842825
-143.741561,200,411.980713,0.0,0.6510464791326137,3527.420587238668,19.911059161577683,17.63710293619334
-141.744945,200,412.139238,0.0,0.6497783580946421,3406.2479554506563,19.96230552655138,17.03123977725328
-34.861077,200,412.271393,0.0,0.12278413354112588,2917.081709975952,17.112562448799768,14.58540854987976
-143.26213,200,412.398405,0.0,0.6162604356166832,3279.2523226669136,18.93527248378874,16.39626161333457
-33.233941,197,412.52596,1.0,0.04510282025968573,2649.9837201261544,15.832811363110068,13.451694010792663
-26.969197,200,412.657459,0.0,0.13377511345320786,3158.119246115826,18.467261626830233,15.790596230579132
-144.416201,200,412.788545,0.0,0.6859032543138122,2954.335598334942,17.238388166046857,14.77167799167471
-65.036874,200,412.920034,0.0,0.24882701577257618,3192.135407582978,17.97589975961173,15.960677037914891
-118.068081,200,413.051931,0.0,0.3825263588469394,2930.2706913778443,16.519842953271382,14.651353456889222
-58.029794,200,413.181143,0.0,0.25218780275020947,3172.8882632889818,19.092666635142706,15.864441316444909
-150.923171,200,413.305671,0.0,0.7264081259257388,2750.3100225593303,16.655635965740192,13.751550112796652
-93.428002,200,413.777717,0.0,0.40438639916291474,3206.891826925312,18.70539060646292,16.034459134626562
-96.321713,200,413.927372,0.0,0.4419320960531449,3579.21374318737,20.033425676947473,17.89606871593685
-41.594744,200,414.057921,0.0,0.18065369716884,2877.7488700043577,16.562490484209395,14.388744350021788
-93.571339,200,414.183956,0.0,0.3577948567950844,2804.2797484630933,16.665709648393285,14.021398742315466
-81.17678,200,414.311507,0.0,0.3872887560644235,2837.645897499771,16.849158104696997,14.188229487498853
-103.51684,200,414.446901,0.0,0.4960809023791511,3162.279580073584,18.32612613350363,15.81139790036792
-51.114639,200,414.576422,0.0,0.13642650513924529,3131.1493123998775,18.0959489364107,15.655746561999388
-87.820311,200,414.706554,0.0,0.3550963528606141,3389.0590403604333,18.90225105608105,16.945295201802168
-150.52652,200,414.836117,0.0,0.7215177576911257,3543.6331446824165,20.789202209429682,17.71816572341208
-67.134436,200,414.96162,0.0,0.19545222127811845,2866.2702076898577,17.50291251767127,14.331351038449288
-52.183179,200,415.4379,0.0,0.19441211030069744,2984.1197791044933,16.58787553575206,14.920598895522467
-51.110795,200,415.579957,0.0,0.17224284987702596,3140.015729512754,18.577460868447172,15.700078647563771
-20.348449,182,415.699478,1.0,0.04428978117567857,2757.655958445202,16.053063357677136,15.151955815632979
-115.754948,200,415.829333,0.0,0.4554702778261381,2536.282355546461,15.328857359570607,12.681411777732306
-102.203278,200,415.957879,0.0,0.45588046898218443,2591.2074284765217,16.027156471678072,12.956037142382609
-79.951256,200,416.090939,0.0,0.24398140216851638,1914.828180947666,11.842682282734206,9.57414090473833
-150.635056,200,416.21946,0.0,0.7053048533119103,2747.6057603637423,16.944747954991303,13.738028801818711
-28.082256,200,416.347008,0.0,0.11696305078014113,3077.468252193245,17.75348377496827,15.387341260966226
-21.865227,169,416.457529,1.0,0.047571757475023894,2646.328349107722,15.673041615976254,15.658747627856343
-80.32368,200,416.581131,0.0,0.30900113621419006,2867.589177005711,16.664990730321534,14.337945885028555
-70.143913,200,417.036296,0.0,0.2994114877488564,2975.1884040983105,17.517858673410704,14.875942020491552
-64.133717,200,417.191636,0.0,0.16014764505975904,2300.413494697153,14.271893737867675,11.502067473485765
-111.236335,200,417.329158,0.0,0.42811291745597335,2785.340967861303,16.745670730211017,13.926704839306515
-168.956842,200,417.457068,0.0,0.8370735478515825,3312.080135316842,18.80181532095778,16.560400676584212
-50.578968,200,417.589752,0.0,0.15550711278901594,2568.3775444568028,15.004616664464521,12.841887722284014
-108.594469,200,417.720303,0.0,0.49697984832303604,3060.620098709706,17.887815252564174,15.303100493548529
-108.236594,200,417.849843,0.0,0.44270325552552525,2973.9853728080943,17.445589292511862,14.869926864040472
-129.783587,200,417.978399,0.0,0.5958915487934284,2609.3082786032073,15.386994776651678,13.046541393016037
-107.668381,200,418.109426,0.0,0.44686390402101883,3138.3135622653685,17.81788362838453,15.691567811326843
-87.751976,200,418.244908,0.0,0.4080066850928939,3395.066348287731,19.214399499840194,16.975331741438655
-45.536254,200,418.370448,0.0,0.31598546093169266,2513.649368085408,14.870200796857098,12.568246840427038
-114.701626,200,418.84087,0.0,0.4546334011391818,2302.0841786707047,14.834509085988177,11.510420893353523
-16.655018,158,418.959941,1.0,0.04979336771190786,2785.372843379218,15.69870847950765,17.628942046703912
-161.203372,200,419.101977,0.0,0.7492355043781642,3084.7130756777015,17.78321579855498,15.423565378388508
-70.3015,200,419.234471,0.0,0.27589220932637926,3106.1192759672786,17.59269574271029,15.530596379836393
-157.525932,200,419.360993,0.0,0.7458293985495063,3242.1801302520025,18.18478173999215,16.210900651260012
-149.66051,200,419.492073,0.0,0.6550714643578353,2402.3317912891544,14.548249104645118,12.011658956445771
-101.618581,200,419.621445,0.0,0.41170555642343337,2501.785919843356,15.33509255225108,12.508929599216781
-84.142011,200,419.747284,0.0,0.33334804773838295,3366.2325950772693,19.260645943324594,16.831162975386345
-70.184745,200,419.871816,0.0,0.28336818156431814,2800.7555762172665,16.811856741468528,14.003777881086332
-44.926166,200,419.996914,0.0,0.1699952176657233,2532.57119854481,15.22833744987496,12.662855992724051
-85.081964,200,420.484489,0.0,0.3794354678781144,2596.5001320775796,15.610266758513475,12.982500660387897
-58.176694,200,420.638079,0.0,0.20988433021860392,3171.9827244947724,18.089685432599257,15.859913622473861
-60.582829,200,420.774616,0.0,0.24092399937557762,2832.8514559266073,16.661670235070595,14.164257279633036
-78.21983,200,420.900624,0.0,0.31924610686904675,2970.9352580913396,18.055678873484023,14.854676290456698
-122.083538,200,421.029104,0.0,0.593612496302489,3431.0286062208106,19.432315125988886,17.155143031104053
-79.626018,200,421.157625,0.0,0.32539232591507217,2338.1692937738944,15.071400925747504,11.690846468869472
-75.211218,200,421.283617,0.0,0.2077643860432614,2481.207329507607,14.874192885665895,12.406036647538036
-82.969078,200,421.411091,0.0,0.25095478274472716,2450.590515508621,14.922812804264376,12.252952577543105
-31.641409,200,421.541634,0.0,0.06821924189702545,2833.712076372492,16.69146513613013,14.16856038186246
-31.219447,200,421.672169,0.0,0.11512830954801505,3089.23757381736,17.59695455719929,15.4461878690868
-47.79043,200,422.125679,0.0,0.11212807886891611,3018.4767950092637,17.28684250167017,15.09238397504632
-70.230087,200,422.276931,0.0,0.21183648699727184,2656.501852833719,16.5185986181916,13.282509264168596
-50.182263,200,422.414965,0.0,0.15247356165839127,2632.638426602614,15.676948595751979,13.16319213301307
-31.16875,197,422.544488,1.0,0.046842415210001515,2587.899620654408,15.626206647107901,13.13654629773811
-84.931136,200,422.673122,0.0,0.29570486320904177,2652.991287479046,16.056040760617435,13.264956437395231
-51.490412,200,422.803196,0.0,0.1920881860554972,3215.2264855978724,18.406190814041548,16.07613242798936
-88.182674,200,422.933749,0.0,0.3461935162321859,3488.965619823767,19.8239279685829,17.444828099118837
-88.850564,200,423.055187,0.0,0.3139762158091294,2839.7592417346364,17.140693928747012,14.198796208673182
-149.074216,200,423.186288,0.0,0.7213675465901658,3266.6941038096293,19.019259948349713,16.333470519048145
-124.689054,200,423.312831,0.0,0.6098309300243002,3142.9605050365208,18.778629882265896,15.714802525182604
-160.403833,200,423.43804,0.0,0.7260987392061171,3072.094283307345,18.394255647786526,15.360471416536726
-48.892836,200,423.923485,0.0,0.1496873860727112,2961.6405599233667,17.36922133942638,14.808202799616833
-132.477794,200,424.071232,0.0,0.55420308746713,2149.787485433781,13.565226198353255,10.748937427168904
-37.253612,200,424.201838,0.0,0.12868593520792246,3023.4542598193243,16.88645588766145,15.117271299096622
-130.061949,200,424.326359,0.0,0.531635702994141,2713.2596005503065,15.710048162702293,13.566298002751532
-121.618806,200,424.453893,0.0,0.5665637263508188,2963.980384257985,17.586928724299565,14.819901921289924
-126.743182,200,424.583991,0.0,0.5767654755580428,3354.3936952649524,18.990112360861964,16.771968476324762
-66.682258,200,424.716517,0.0,0.20931400975771972,3128.6574026685716,17.863008182545915,15.643287013342858
-21.841046,160,424.822043,1.0,0.0486654832315144,2338.2688681920863,13.584764278770084,14.614180426200539
-120.716085,200,424.955562,0.0,0.5205356600061108,2583.9570818284255,14.834240157928946,12.919785409142127
-24.92806,200,425.081044,0.0,0.09235714818268956,2974.217067360094,16.7181683931744,14.87108533680047
-46.754678,200,425.527036,0.0,0.08084474399167417,2518.5952866957095,15.065054600721448,12.592976433478547
-85.505046,200,425.689077,0.0,0.37512723480880233,3349.6100087117666,19.297087848117307,16.748050043558834
-138.623169,200,425.826598,0.0,0.6792196148677494,2997.485861630664,17.648798907350084,14.98742930815332
-50.781164,200,425.959116,0.0,0.17828536611974266,2842.429326416373,17.457715079435594,14.212146632081865
-34.615637,200,426.088151,0.0,0.07076327321152465,2784.3879239710645,16.65703804741803,13.921939619855323
-43.478444,200,426.224036,0.0,0.14687967835898028,3233.1838018206663,17.628728163530493,16.16591900910333
-122.307346,200,426.347772,0.0,0.551186584862959,2737.227928502098,16.5747648431232,13.68613964251049
-99.55217,200,426.480307,0.0,0.3840845275135509,2989.6204617674343,18.169799472577665,14.948102308837171
-37.045542,200,426.610337,0.0,0.07243109646031529,3016.7673462263683,17.645619001223764,15.083836731131841
-29.007635,200,426.733594,0.0,0.05133472529700778,3158.9897726018994,18.86407311135519,15.794948863009497
-49.954558,200,427.181662,0.0,0.1592174046053071,2548.6366798833287,15.664927505150287,12.743183399416644
-157.633444,200,427.321685,0.0,0.7624546849024145,3235.168948766895,19.82269241246775,16.175844743834475
-79.257961,200,427.455201,0.0,0.29591145559070264,3149.0932359486524,18.43178206440054,15.745466179743262
-53.545722,200,427.589248,0.0,0.12307948563282596,2651.1633756601173,15.522396272617975,13.255816878300585
-119.181465,200,427.716774,0.0,0.5251801058000612,2808.4648536993855,16.041091082211892,14.042324268496927
-54.582953,200,427.84125,0.0,0.2025248207354668,2957.426409020511,17.72709058334998,14.787132045102556
-81.845692,200,427.971777,0.0,0.24922971543670122,2585.8204830244686,15.947680819877034,12.929102415122342
-93.335632,200,428.101396,0.0,0.28257760436588353,2634.394998611946,15.948172395659432,13.17197499305973
-111.653074,200,428.228926,0.0,0.42531918149343234,2926.5583609157757,16.90176609241875,14.63279180457888
-28.405677,200,428.362591,0.0,0.14313325810283756,3303.3129008599003,19.153188291328586,16.516564504299502
-45.273991,200,428.490925,0.0,0.13680669614742358,2711.828510068259,16.208456211962623,13.559142550341296
-63.577587,200,428.959546,0.0,0.1947929123407216,2824.678830482017,16.47414533646054,14.123394152410086
-88.483428,200,429.099583,0.0,0.2723784575856143,2521.754863042601,15.336793326852536,12.608774315213005
-160.59151,200,429.228102,0.0,0.7836696517460777,2869.67936811696,17.340319719107445,14.348396840584801
-16.86408,59,429.266099,1.0,0.0434499143172288,294.04509633570484,2.6309274481239577,4.98381519213059
-51.38611,200,429.392138,0.0,0.14460127520231414,3013.4741439447166,17.265937504189736,15.067370719723582
-56.901861,200,429.524272,0.0,0.1996502503465057,2496.5356484433614,15.085479044882137,12.482678242216807
-139.364672,200,429.650788,0.0,0.6923615626742122,2880.1097518660054,17.157656217204835,14.400548759330027
-51.126791,200,429.780308,0.0,0.17617486093487622,2708.101871696344,16.432319645432024,13.54050935848172
-50.420231,200,429.910362,0.0,0.10984557477399426,3156.6887157350116,18.541584189829635,15.783443578675058
-63.554585,200,430.029877,0.0,0.28878457535482255,2689.4242045138394,16.63143259070641,13.447121022569197
-148.905333,200,430.474946,0.0,0.6664879995514559,3349.063743543197,18.966715652479646,16.745318717715985
-48.586287,200,430.640668,0.0,0.22963371369250765,2553.694819636308,15.039211529976235,12.768474098181539
-84.650157,200,430.7739,0.0,0.4049642078005078,3070.2216880255146,18.350656292736588,15.351108440127573
-156.217622,200,430.902935,0.0,0.6946106046535729,3133.665986079844,17.977455237953112,15.66832993039922
-140.35958,200,431.030445,0.0,0.6834490680036991,2765.8983524208884,16.440324832000837,13.829491762104443
-114.739128,200,431.163963,0.0,0.4507896533465537,2823.869401070736,16.38704396808876,14.11934700535368
-166.550077,200,431.296009,0.0,0.733378627229496,3129.401754073566,17.696265725001307,15.64700877036783
-84.496635,200,431.421566,0.0,0.3161107892000962,2983.937265814031,17.004208197683685,14.919686329070155
-60.863271,200,431.552084,0.0,0.17011852020813617,2770.9208584161443,16.432976602512323,13.85460429208072
-60.337667,200,431.679607,0.0,0.11340984937027729,2680.005918081714,15.480677083005927,13.40002959040857
-105.817272,200,431.805637,0.0,0.39303484681910406,3332.7720280306717,18.865310866993664,16.663860140153357
-17.970792,156,432.234689,1.0,0.04779591312210932,2477.2491680228914,14.13386243507253,15.879802359121099
-133.783026,200,432.381219,0.0,0.6310643928985216,2680.668716695362,16.226294020341115,13.40334358347681
-155.058628,200,432.510285,0.0,0.6894856772370385,3075.091440761691,17.226701629367145,15.375457203808455
-85.140257,200,432.63781,0.0,0.37157163866228854,3268.5253836588927,18.514233563780582,16.342626918294464
-125.662163,200,432.769813,0.0,0.5090753922730751,2649.5650594814606,15.601788419357282,13.247825297407303
-90.533651,200,432.903121,0.0,0.3771793192605994,2964.508218987379,17.47685219287026,14.822541094936897
-113.469635,200,433.03565,0.0,0.36712227027030664,2422.179712986206,13.961324514219857,12.11089856493103
-17.250872,64,433.074659,1.0,0.04760233897993353,310.73399805254434,2.587224256677643,4.855218719571005
-96.826449,200,433.1987,0.0,0.4330592886780515,2956.4713186798463,17.99850091775378,14.782356593399232
-58.604957,200,433.325062,0.0,0.15812341100391736,3197.0915923540624,18.85785973765,15.985457961770312
-75.443499,200,433.455579,0.0,0.31754354173119714,2802.448413861157,16.93183303787719,14.012242069305785
-33.167891,200,433.913345,0.0,0.05626099602409775,3173.6245301079275,17.505284161630147,15.868122650539638
-54.324,200,434.0567,0.0,0.16085531196699066,3227.8907274503517,18.692946669945222,16.13945363725176
-95.668231,200,434.18323,0.0,0.4004887526574287,3220.5545765054253,18.153044188046234,16.102772882527127
-78.771185,200,434.31127,0.0,0.21540636756675816,2923.968893201314,17.096477452718506,14.61984446600657
-53.4242,200,434.43779,0.0,0.1804920560350105,3236.6327835711036,18.73073213754328,16.183163917855516
-80.874462,200,434.565305,0.0,0.38708233771828354,3265.298729654488,19.136985308297987,16.32649364827244
-82.264024,200,434.697345,0.0,0.27915471745220083,3194.9721605426903,17.726157196201985,15.97486080271345
-76.751931,200,434.829874,0.0,0.34438076963230413,3462.6638505314622,19.988300290109972,17.313319252657312
-49.899808,200,434.963733,0.0,0.16544053006510398,3326.2339129006086,18.908781605924936,16.631169564503043
-49.559892,200,435.086575,0.0,0.16551227872970575,2547.91858821706,15.722021304389159,12.7395929410853
-47.513685,200,435.567119,0.0,0.1788570408042964,2945.7679990190177,17.62026565919669,14.728839995095088
-44.442753,200,435.718149,0.0,0.22374377501697934,2731.5602426247897,15.800324015403296,13.657801213123948
-88.951523,200,435.848677,0.0,0.3513865339707362,2666.314881559723,15.76887406401952,13.331574407798614
-70.510988,200,435.982209,0.0,0.19105455528771378,2664.9786456909596,15.885013853603255,13.324893228454798
-38.435455,200,436.114252,0.0,0.08668490965490401,3205.1567037170907,18.511369081348093,16.025783518585452
-119.334959,200,436.237618,0.0,0.5091859252540224,3186.977525505031,18.589408578666962,15.934887627525153
-124.820187,200,436.366131,0.0,0.5280003639981702,2804.270996798405,16.26494852784861,14.021354983992026
-102.370151,200,436.497168,0.0,0.43821779236779035,3262.313320293182,18.578307525906446,16.311566601465913
-63.269612,200,436.623689,0.0,0.27215596204473785,2662.3920200107073,16.44797822707765,13.311960100053536
-122.20466,200,436.75521,0.0,0.4862781638372069,2781.1213141299418,16.4532269973755,13.90560657064971
-40.183124,200,437.22085,0.0,0.06101199505345362,2185.116044267559,13.703259851234344,10.925580221337796
-105.705896,200,437.379964,0.0,0.45077385161423056,3092.25256591596,17.691683398344654,15.4612628295798
-157.832372,200,437.513991,0.0,0.7038501200184173,3313.3038346913977,19.33208154151629,16.56651917345699
-101.433779,200,437.646025,0.0,0.4405426538477639,2819.431550821816,17.053034561576137,14.09715775410908
-29.863017,200,437.773567,0.0,0.06662926995276412,3064.971933000031,17.70728346838874,15.324859665000156
-115.177278,200,437.906603,0.0,0.47499160888219594,3340.7903643083546,18.457903167307865,16.70395182154177
-19.552986,140,437.99615,1.0,0.046935988705321285,1971.879765799427,11.315755209021237,14.084855469995908
-73.068698,200,438.12465,0.0,0.2166497767724372,2849.2762321943364,16.012699183604852,14.246381160971682
-42.629121,200,438.245165,0.0,0.09786369091691857,3107.837889975558,17.84186312731211,15.53918944987779
-134.702711,200,438.374687,0.0,0.5746122162133309,3050.2853653426855,17.817022718746074,15.251426826713427
-16.605084,154,438.475205,1.0,0.04861646407436576,2615.8948867789927,14.894672113779881,16.986330433629824
-159.037193,200,438.928776,0.0,0.7283006975737693,3404.0685789488043,19.62197657290441,17.020342894744022
-45.912654,200,439.082389,0.0,0.3778261513961184,2989.5878952230514,17.286268872336194,14.947939476115257
-131.314372,200,439.21543,0.0,0.5646844555663045,2626.8591602640913,16.038565825468854,13.134295801320457
-86.757886,200,439.354298,0.0,0.2871160911771946,2809.8890817905512,16.321633818566568,14.049445408952757
-131.725606,200,439.484085,0.0,0.587549204304334,2416.0277961671973,14.903903616948421,12.080138980835986
-152.417257,200,439.614129,0.0,0.6944796616750296,3439.867817096065,19.76542235737977,17.199339085480325
-67.700301,200,439.73912,0.0,0.16086112569129546,2748.141813314647,16.172975605758044,13.740709066573237
-48.206373,200,439.871648,0.0,0.14675642309184753,2749.0636998463897,15.891780629385302,13.74531849923195
-43.819144,200,440.002706,0.0,0.20392903399651324,2694.2091103805346,15.670942530218744,13.471045551902673
-115.648379,200,440.12822,0.0,0.5027634065748405,3275.949631872332,18.517758483548832,16.379748159361657
-36.37415,200,440.585231,0.0,0.3052180970690045,2775.731001731616,15.724495602839163,13.878655008658079
-124.126994,200,440.729855,0.0,0.5282454196179881,2709.610094318265,16.607527084824316,13.548050471591326
-23.556504,179,440.851379,1.0,0.04986936286763222,2905.957832422378,16.15022755330254,16.23440129844904
-58.129768,200,440.98942,0.0,0.14897624598149198,2870.2331636999816,17.170602260655674,14.351165818499908
-24.275312,200,441.119944,0.0,0.08711161274130094,2904.482843618554,17.198443988171707,14.52241421809277
-48.146928,200,441.250229,0.0,0.13935418738461974,2459.640892858955,14.756953823715737,12.298204464294775
-120.578766,200,441.380766,0.0,0.5201495067146579,2596.192946951873,16.176087353970182,12.980964734759366
-97.289871,200,441.51157,0.0,0.3792033723703506,2403.789328879015,14.645311164549579,12.018946644395076
-109.429419,200,441.646361,0.0,0.43765605370516364,2446.3013696249195,15.098792030988967,12.231506848124598
-113.222738,200,441.776426,0.0,0.4280051972325188,3032.258094747212,17.37180410058678,15.16129047373606
-127.438843,200,441.901554,0.0,0.5568218967322566,3188.8917109189874,18.402401977896904,15.944458554594938
-103.215838,200,442.366612,0.0,0.3132202095601108,2608.7039205809533,15.622580327123995,13.043519602904766
-57.205516,200,442.508643,0.0,0.1774353975534117,3190.1849671796667,18.643155316552107,15.950924835898334
-30.524438,200,442.641164,0.0,0.08499811300797423,3044.4897501262662,17.49068925354106,15.222448750631331
-54.281069,200,442.770596,0.0,0.20720755863550924,2693.450751574135,16.078814037494105,13.467253757870676
-59.316203,200,442.900632,0.0,0.13992653594192422,2302.538703498381,13.466356614203637,11.512693517491904
-49.032994,200,443.033667,0.0,0.10443963716291318,2420.5450288369198,14.826742943734287,12.102725144184598
-99.331047,200,443.169454,0.0,0.334587014840663,2985.013332777169,17.88237892435133,14.925066663885845
-91.288587,200,443.294442,0.0,0.4077223012308049,2752.8717599343413,17.317656546303194,13.764358799671706
-139.647717,200,443.42296,0.0,0.6501337024569073,2899.058247766139,17.489678307072005,14.495291238830696
-60.992946,200,443.550489,0.0,0.2339416496315882,2748.9735337648062,16.453920337336545,13.744867668824032
-21.577742,149,443.983103,1.0,0.04904585575796513,1735.4880469639522,10.975086835778896,11.647570784992968
-44.472242,200,444.133145,0.0,0.2634470834987572,2615.8657208852082,15.08923131434609,13.079328604426042
-113.760889,200,444.263199,0.0,0.4455819645007946,3059.7467872816483,17.704327395963418,15.298733936408242
-27.710641,176,444.371725,1.0,0.04905054236933346,2407.9023278089453,14.48223907856509,13.68126322618719
-41.691948,200,444.499795,0.0,0.19888663500323606,3011.9712580363516,16.677300405977864,15.059856290181758
-66.04049,200,444.629323,0.0,0.19242982168378478,2916.857849769995,17.616778026902214,14.584289248849975
-27.326779,140,444.719867,1.0,0.046608296108819613,1366.2067726939165,8.662495337137694,9.758619804956547
-58.187108,200,444.840424,0.0,0.12606237132261777,3048.1426069522413,17.2866891815325,15.240713034761207
-43.135414,200,444.968946,0.0,0.21302862653548202,2512.920871687468,14.993446141853555,12.564604358437341
-97.156896,200,445.100992,0.0,0.30695135877756213,2966.413101808414,17.357345760844208,14.83206550904207
-107.82555,200,445.228579,0.0,0.44574898683139774,2895.3122983718144,17.51303908474048,14.476561491859073
-62.671808,200,445.699153,0.0,0.17714409444010937,3054.1958161714324,17.52900627536425,15.270979080857161
-48.576379,200,445.847052,0.0,0.07037447064050151,2849.620027986911,16.851572833738704,14.248100139934554
-55.802229,200,445.983238,0.0,0.09484499693625907,1911.8693748781266,12.2507292126896,9.559346874390632
-29.735523,200,446.119294,0.0,0.19545699000613104,3249.182232552626,18.717640813246057,16.24591116276313
-31.054149,200,446.250658,0.0,0.2702118830194101,2980.43323656771,16.89569030681052,14.90216618283855
-55.345949,200,446.380177,0.0,0.1562030294596405,2521.3216389780055,15.168823680813887,12.606608194890027
-70.292304,200,446.508198,0.0,0.19664812964194672,2372.5340060004505,14.410289345768955,11.862670030002253
-65.424887,200,446.639718,0.0,0.15181425188307138,3077.6276375278617,17.437058118252125,15.388138187639308
-45.758883,200,446.766235,0.0,0.15257614186759083,3158.3918398349233,18.737851562297784,15.791959199174617
-65.156226,200,446.897292,0.0,0.16821534527374768,3091.165120064613,17.190855657043013,15.455825600323065
-87.121936,200,447.376137,0.0,0.19836477518534362,3132.2610073075066,17.62808280027316,15.661305036537533
-21.011496,147,447.476647,1.0,0.048257934727625545,1924.2833306126954,11.881278562713497,13.090362793283642
-93.4586,200,447.614673,0.0,0.24728335659725176,2840.9945986019447,16.239605333858677,14.204972993009724
-6.251232,37,447.640671,1.0,0.04869206657740924,565.3106668640336,3.4314521184179516,15.278666672000908
-126.425627,200,447.778196,0.0,0.46128292444397995,3166.9638998696537,17.41544579424118,15.834819499348269
-98.351173,200,447.905237,0.0,0.33120310113448886,3184.2209348044203,17.81142212140795,15.921104674022102
-43.713947,200,448.03726,0.0,0.1165251471747216,3150.2408496331404,17.289962649493017,15.751204248165703
-154.856895,200,448.167531,0.0,0.6260291881026036,2950.47721366898,17.099283661125398,14.752386068344899
-44.116476,200,448.291667,0.0,0.0651926058842876,3039.0838906076037,17.592137352783375,15.195419453038019
-69.75387,200,448.421708,0.0,0.15080943988042073,2203.323569518946,13.310700749454135,11.01661784759473
-110.703564,200,448.552788,0.0,0.26181556784749155,2787.3660801805136,16.193592847190768,13.936830400902569
-34.49411,200,449.003771,0.0,0.2949114592197774,3111.29226962574,17.544523499367607,15.5564613481287
-154.239844,200,449.164286,0.0,0.6926308956707258,2807.118132827606,17.303974461890327,14.03559066413803
-76.907543,200,449.316335,0.0,0.26893438729445596,2423.645979531137,14.899502633542541,12.118229897655686
-155.89998,200,449.448849,0.0,0.5418287025184503,3031.688220499443,17.495214629975962,15.158441102497216
-151.049524,200,449.587011,0.0,0.6852618853733644,2895.7635981730928,16.933688456354602,14.478817990865464
-33.343294,200,449.722059,0.0,0.3198512067736299,3069.114373225403,16.748295877108408,15.345571866127015
-55.775589,200,449.852271,0.0,0.12337111173003364,2748.6621890569368,15.824732293277462,13.743310945284684
-137.147761,200,449.991053,0.0,0.4761763273770511,2219.2353375650296,13.646944219274976,11.096176687825148
-51.777695,200,450.121107,0.0,0.18359941859314788,3108.847247910035,17.771603222248128,15.544236239550175
-51.230503,200,450.250812,0.0,0.11858072493074334,3308.786644686736,19.25788512616323,16.54393322343368
-42.825261,200,450.376786,0.0,0.18616485136970837,3168.2867138787515,17.31117337737292,15.841433569393757
-66.3992,200,450.827069,0.0,0.1572782771559007,3314.3091996614867,19.25513277907529,16.571545998307432
-149.540224,200,450.969584,0.0,0.5808207263579575,2798.638450881035,16.395739278459097,13.993192254405177
-120.286973,200,451.101664,0.0,0.4923871931091271,2590.3956874894284,15.66038769037689,12.951978437447142
-142.070602,200,451.227936,0.0,0.5956358973689225,2991.968299475533,17.781392733820176,14.959841497377665
-118.872703,200,451.359428,0.0,0.3459598629105961,2704.1510922136777,15.890352305226875,13.520755461068388
-92.877253,200,451.48998,0.0,0.26062466028195463,3067.634490029784,17.659753912520262,15.338172450148921
-158.01954,200,451.619055,0.0,0.688326883920509,3338.0690900939517,18.416377720929145,16.69034545046976
-87.174422,200,451.750561,0.0,0.3214827174508294,2896.3434841734083,17.067528468402724,14.481717420867042
-117.56253,200,451.879076,0.0,0.33209528622913836,2701.608275108146,15.438513176755416,13.50804137554073
-136.169205,200,452.00175,0.0,0.5355351808011645,2543.4473943860958,14.858657516312137,12.717236971930479
-53.248865,200,452.479399,0.0,0.33589989583970237,2703.8329711331867,16.180154152570356,13.519164855665933
-43.447554,200,452.62052,0.0,0.2747733408175478,2799.649373967477,16.194831945610943,13.998246869837384
-101.173033,200,452.75206,0.0,0.3734904751675034,3446.4929712079565,19.47796455180426,17.232464856039783
-81.247182,200,452.880565,0.0,0.25234964135220855,2204.942311237791,13.552104856885048,11.024711556188954
-121.380995,200,453.010584,0.0,0.35180576622586057,2862.0636971730537,16.00493888944588,14.310318485865269
-49.389969,200,453.140099,0.0,0.2545816402579316,2801.1387359040605,16.605621850547056,14.005693679520302
-42.371756,200,453.27155,0.0,0.31302593491927583,2628.7309268767367,14.775076033605451,13.143654634383683
-145.296545,200,453.397544,0.0,0.5989596709887597,3121.0039301970683,18.544533526184335,15.60501965098534
-48.65367,200,453.524089,0.0,0.32197047093871156,2770.2605985364994,15.653083675638982,13.851302992682497
-71.020602,200,453.647542,0.0,0.19796916240883813,2123.6469705268223,13.129097848857976,10.618234852634112
-39.621909,200,454.083426,0.0,0.16601890567663627,3120.417352418215,17.344032265933397,15.602086762091076
-32.032848,200,454.234398,0.0,0.2434121027889292,2971.8456506636735,17.917869220283627,14.859228253318367
-57.855714,200,454.365937,0.0,0.13006160732267683,2970.6514685149573,17.268360324726004,14.853257342574786
-86.842148,200,454.495468,0.0,0.3238443398721922,2787.181601402977,16.428047549027713,13.935908007014884
-59.191472,200,454.621395,0.0,0.09216959073358512,2822.462021305118,16.22324256689726,14.112310106525591
-50.128665,200,454.750449,0.0,0.19222868321286476,2641.4243714011545,15.280258588554915,13.207121857005772
-20.814436,80,454.799985,1.0,0.048066994693311535,246.90003329761453,1.9745269144818576,3.0862504162201816
-138.509008,200,454.929433,0.0,0.5849015881113996,2764.773598128281,16.51580319177984,13.823867990641403
-30.807215,200,455.05996,0.0,0.23231803469835818,3079.0923214050667,17.880931254056314,15.395461607025334
-11.168414,50,455.092965,1.0,0.042914782113361576,344.8313566375142,2.807116453792661,6.896627132750284
-41.74754,200,455.224586,0.0,0.15704012523899688,3115.8086380514715,17.439951463797406,15.579043190257357
-24.223182,200,455.347249,0.0,0.22350413783543044,2977.3855087301554,16.544528317269457,14.886927543650778
-41.631836,200,455.797833,0.0,0.13763807831315583,3181.9649491637924,17.949489126624176,15.909824745818963
-49.521061,200,455.940362,0.0,0.22685075263399782,2797.5701052019294,15.791549101930496,13.987850526009646
-157.610799,200,456.0739,0.0,0.5841509966219972,3036.2009398594105,17.161492972917824,15.181004699297052
-19.495345,69,456.119483,1.0,0.049971368875037225,282.93505226576383,2.261876979518565,4.100508003851649
-38.292609,200,456.247967,0.0,0.12926748100034305,2364.221561993216,13.883661048737766,11.82110780996608
-47.642798,200,456.380504,0.0,0.2167819885596375,2787.0146390540212,16.287802585008603,13.935073195270107
-30.512648,200,456.504553,0.0,0.15731698514277895,3052.2428274337067,16.738325610381985,15.261214137168533
-59.253798,200,456.634078,0.0,0.12201893259332001,3025.07600032403,17.052755954651683,15.12538000162015
-152.87788,200,456.7593,0.0,0.6984835286139296,2625.404453665944,15.494215161261627,13.12702226832972
-151.886633,200,456.888691,0.0,0.6131336885206973,3079.5033620257914,17.818918563935455,15.397516810128957
-14.192626,60,456.929231,1.0,0.04787468378808052,305.8562528817687,2.5016459112201215,5.097604214696145
-76.293266,200,457.386935,0.0,0.1899189828806723,2848.261418590892,16.338503969139783,14.24130709295446
-56.582024,200,457.543965,0.0,0.1298084619439062,2753.095198774684,16.34509738868137,13.76547599387342
-70.139599,200,457.677491,0.0,0.21391402888080963,2634.6947908317125,15.469378043324593,13.173473954158561
-81.735969,200,457.804492,0.0,0.33342202836523815,3076.845587244058,17.467358725455675,15.384227936220292
-82.186952,200,457.933049,0.0,0.17758060031231115,2633.4036110731904,15.461747895770015,13.167018055365952
-57.253764,200,458.060308,0.0,0.17493320489855183,2762.9045868403678,16.82208440264081,13.81452293420184
-69.482758,200,458.190839,0.0,0.1726793649600823,2433.6681350911017,14.33257495316521,12.168340675455509
-91.780772,200,458.316879,0.0,0.24807826201470554,2758.5557779310993,16.27893947024522,13.792778889655496
-46.284392,200,458.441413,0.0,0.1714069430628004,3022.939754572028,16.850490475062536,15.114698772860141
-127.475215,200,458.565966,0.0,0.5156261145943629,3193.742690268349,18.58551536071074,15.968713451341745
-111.530565,200,458.694468,0.0,0.4058314828613189,2964.522127709646,17.38590883804014,14.82261063854823
-63.788406,200,459.190207,0.0,0.19660260128429566,3107.6034027254473,17.953147695778696,15.538017013627236
-88.806837,200,459.334264,0.0,0.2667932248145197,3098.963144461233,17.32428703785597,15.494815722306164
-56.519251,200,459.466052,0.0,0.13124647899829178,2673.0531659947173,15.614646845414352,13.365265829973588
-124.956216,200,459.598603,0.0,0.5848492440885432,2535.4098935256543,15.509297462503216,12.677049467628272
-87.043295,200,459.725615,0.0,0.36661073010815276,2835.2632220603246,16.54573080137131,14.176316110301622
-96.446976,200,459.849054,0.0,0.342486288236613,3070.156709670641,17.380676686589695,15.350783548353204
-71.482699,200,459.977592,0.0,0.2797920538853905,3229.114777513892,18.846137792693312,16.14557388756946
-54.289649,200,460.104614,0.0,0.43112717056429734,2487.5887818876818,14.135110697118103,12.43794390943841
-162.935688,200,460.230106,0.0,0.7397443331572734,2855.01194532996,16.898268668397883,14.275059726649799
-15.930507,142,460.323651,1.0,0.048154626580021134,2054.8334392738,12.27334005902647,14.47065802305493
-66.857094,200,460.764526,0.0,0.17073628072898817,3210.5434688588275,17.995664210478687,16.052717344294138
-126.185927,200,460.910541,0.0,0.40874133990150513,3065.718205362148,17.317674865329792,15.328591026810741
-66.85987,200,461.048073,0.0,0.2368928159097857,3196.5241509336483,17.985713680300996,15.982620754668242
-40.383907,200,461.176376,0.0,0.0960290164064326,3343.7957001731993,18.399541727982047,16.718978500865997
-48.978961,200,461.305102,0.0,0.14146431143189794,2976.5691087844434,17.90092193296673,14.882845543922217
-90.486435,200,461.432213,0.0,0.40092385970722955,3136.600496167098,18.18584011913135,15.683002480835489
-74.046032,200,461.56077,0.0,0.3316942523335412,2579.81469601552,15.430317564683106,12.8990734800776
-67.27446,200,461.689267,0.0,0.23919243169690904,3017.1028861747945,17.6956362060484,15.085514430873973
-107.080019,200,461.820288,0.0,0.21333006974276034,2441.3965340953414,14.401242502522019,12.206982670476707
-83.684967,200,461.949426,0.0,0.24586077904704143,3260.435641903191,18.36582544385425,16.302178209515954
-9.987855,40,461.977423,1.0,0.0474428872734845,196.60738660064897,1.912103287037872,4.915184665016224
-26.790787,200,462.445017,0.0,0.2010092560505966,2991.758759124118,16.907679782509977,14.95879379562059
-53.076733,200,462.598553,0.0,0.24893299021973658,2687.7378481364544,15.785010536856968,13.438689240682272
-45.044019,200,462.728577,0.0,0.3905072051750122,2929.9650256056993,16.71914067474572,14.649825128028496
-114.067584,200,462.857101,0.0,0.38419432349921706,3034.9518865234336,17.984754465328177,15.174759432617169
-45.877287,200,462.984261,0.0,0.18962857919922022,3551.859417434794,20.255217937207878,17.75929708717397
-71.223716,200,463.11132,0.0,0.26474217310618586,2938.910997312799,17.489924311933702,14.694554986563993
-89.655525,200,463.23486,0.0,0.40224514554893165,3320.786315838066,18.454954054591372,16.60393157919033
-91.52477,200,463.366706,0.0,0.41394639550728834,3209.457339647619,18.739525078471544,16.047286698238096
-55.92015,200,463.498029,0.0,0.17017227605996119,2614.3017762278073,15.850397726686321,13.071508881139037
-83.918148,200,463.625696,0.0,0.3249727607792716,2497.0228237824117,15.252123111062886,12.485114118912058
-44.951116,200,464.073775,0.0,0.23261298936325273,2679.50629399224,15.590746221904752,13.3975314699612
-156.364405,200,464.215817,0.0,0.7798402257361704,3158.329238292438,19.39189551953663,15.791646191462188
-32.12101,200,464.351343,0.0,0.1310677617325667,3329.9489372087373,18.686010632527847,16.649744686043686
-90.765824,200,464.480877,0.0,0.44477934026885396,3019.1456365090007,17.376479384888906,15.095728182545004
-125.159515,200,464.603252,0.0,0.5956936867084182,3467.360637283183,18.42780738034664,17.336803186415917
-60.228595,200,464.729759,0.0,0.4619467124261657,2663.8691586636974,15.919791452824377,13.319345793318487
-88.940506,200,464.858686,0.0,0.1724706408744022,2426.738503073072,14.525520643093683,12.133692515365361
-89.95566,200,464.985207,0.0,0.4150037927877303,3092.2751492246416,17.669996277032123,15.461375746123208
-124.104967,200,465.108281,0.0,0.421442636200929,3186.5706013618055,18.401661687748977,15.932853006809028
-58.953665,200,465.233789,0.0,0.12394319641037156,2268.9890767095144,13.185013132162842,11.344945383547572
-21.487903,191,465.357343,1.0,0.045868300131435176,3353.4612158832215,18.45904697687282,17.55738856483362
-54.044297,200,465.837498,0.0,0.15916821006215537,2981.3941495333024,17.32987688716888,14.906970747666513
-123.458614,200,465.986026,0.0,0.40548758213707214,2894.3550375829304,16.74210695934036,14.471775187914652
-110.796916,200,466.117102,0.0,0.4435289821662225,3505.048403293653,19.99666391464709,17.525242016468265
-68.083247,200,466.243279,0.0,0.15537744672088316,2768.4070811005713,16.051502258129563,13.842035405502857
-117.879462,200,466.36872,0.0,0.39611341089996316,3014.4358377721032,17.4000668048997,15.072179188860517
-78.694656,200,466.492266,0.0,0.28722507049402485,3300.3177399184683,18.414506441704134,16.501588699592343
-23.36863,200,466.617222,0.0,0.12206208955697517,3241.9388402590234,18.494773146564274,16.209694201295118
-130.686253,200,466.746404,0.0,0.498556775454349,2810.7140026292786,16.092516407744945,14.053570013146393
-27.555278,200,466.876911,0.0,0.08784814542855121,3160.4604221015484,18.080879504873288,15.802302110507743
-131.25122,200,467.002448,0.0,0.6386543080412448,3462.505402008292,19.994527457476355,17.31252701004146
-59.296635,200,467.452005,0.0,0.12024791927204131,2840.2665193692205,16.226290781859923,14.201332596846102
-145.306644,200,467.601261,0.0,0.5596971496817568,3290.7985456782017,18.14739716735423,16.453992728391007
-10.508276,41,467.628772,1.0,0.047872267857780745,239.80415695994748,1.890030454040383,5.848881877071889
-77.736368,200,467.758239,0.0,0.14828768596345582,3065.203028937373,17.413697422795522,15.326015144686865
-40.413379,200,467.886351,0.0,0.1501999566628023,2887.3166348323243,17.41266318488919,14.43658317416162
-42.023519,200,468.01415,0.0,0.24027518060577507,2514.380775843968,15.925672475704102,12.571903879219839
-110.040484,200,468.137685,0.0,0.3138743898887091,2376.705063330357,14.233130553803923,11.883525316651784
-79.346907,200,468.266193,0.0,0.3526441601464579,2684.614768473139,16.173260735921012,13.423073842365696
-81.744952,200,468.398717,0.0,0.3048093128690606,3013.8940076559497,17.091611797909565,15.069470038279748
-64.955977,200,468.530757,0.0,0.2761784759986692,3017.8561584638855,17.682184433484657,15.089280792319428
-108.744174,200,468.661284,0.0,0.4499334756556095,2998.194756606861,17.59666178051672,14.990973783034306
-65.033423,200,469.132871,0.0,0.286183681524546,2671.5492621016083,16.42879083104736,13.357746310508041
-130.751342,200,469.282397,0.0,0.4446414170728499,2983.2389414685626,17.50442869357107,14.916194707342813
-39.686121,200,469.413427,0.0,0.08202013625636295,2772.99207617296,16.54638494099216,13.8649603808648
-107.13619,200,469.540944,0.0,0.3211310153036212,2864.9069392105016,16.855668142475448,14.324534696052508
-132.975324,200,469.666924,0.0,0.6050490077512596,2807.2815023928256,16.911835517926036,14.036407511964129
-49.232271,200,469.797446,0.0,0.11051744340719333,2629.9305631916136,15.68047771274907,13.149652815958069
-38.243586,189,469.92252,1.0,0.04632289761693786,2657.0911905391545,15.935323554306677,14.058683547826215
-44.898216,200,470.048532,0.0,0.19647568739275814,2490.7821965355283,15.079374444388131,12.453910982677641
-73.941336,200,470.17468,0.0,0.0985150915946835,2818.7964134493463,16.484413773689848,14.093982067246731
-50.575478,200,470.306252,0.0,0.23780629723974292,3056.121901942443,17.896596208870168,15.280609509712214
-104.173681,200,470.779312,0.0,0.41853100596651466,3376.9308110250545,19.220578873857164,16.88465405512527
-44.651428,200,470.936337,0.0,0.07198715021711097,3255.4115619805802,18.12899846206457,16.2770578099029
-141.493788,200,471.067857,0.0,0.6660718511343482,2984.4752708014116,17.916807352080802,14.922376354007058
-73.700091,200,471.19538,0.0,0.23072379559291906,2568.7075855247745,15.240354602734485,12.843537927623872
-145.218764,200,471.325456,0.0,0.6696960377210308,3247.7730294662615,18.666586911227313,16.238865147331307
-136.041873,200,471.45497,0.0,0.5802324746263925,2818.835056625506,17.114359332229174,14.094175283127528
-144.564003,200,471.585502,0.0,0.6045959521033353,2459.292738560898,14.950866142747511,12.29646369280449
-109.507495,200,471.712038,0.0,0.33814245868362885,3088.420755868109,17.226068034368843,15.442103779340545
-133.715765,200,471.834558,0.0,0.5540900325622903,2498.419714847616,15.041560654237692,12.49209857423808
-56.569057,200,471.969073,0.0,0.1651238347604214,2998.08201429005,17.67876193998049,14.99041007145025
-35.431485,200,472.431786,0.0,0.1398679157580668,2356.9574396629964,14.612627548272368,11.784787198314982
-122.626908,200,472.584301,0.0,0.3998181087573429,2405.397002393379,14.067672229959069,12.026985011966895
-58.809663,200,472.725381,0.0,0.0777867652902557,2824.8769254412337,15.87680040709939,14.124384627206169
-111.668761,200,472.852921,0.0,0.31412901082157085,2804.845213034714,16.567892386279677,14.02422606517357
-75.651399,200,472.985458,0.0,0.25247195333379985,3026.2657520748726,17.761803467680156,15.131328760374362
-11.70007,48,473.01397,1.0,0.04258566089965356,455.49213787342063,2.9682531283876967,9.489419539029596
-152.638605,200,473.14126,0.0,0.6271885864823655,2973.7703013537766,17.402494372568192,14.868851506768884
-122.640239,200,473.262777,0.0,0.5109452210636286,3134.6932243599103,17.4085495575309,15.673466121799551
-37.29727,200,473.396302,0.0,0.1155848390278834,2711.7389987201323,16.486440201576457,13.55869499360066
-119.243172,200,473.528379,0.0,0.36916680120012074,2956.288839177277,16.580401081927413,14.781444195886387
-113.938048,200,473.652919,0.0,0.47525602489343105,3281.8557212989754,18.862387815789713,16.409278606494876
-124.662651,200,474.090973,0.0,0.5927642772924687,2534.182450837778,15.404860455727091,12.67091225418889
-45.502306,200,474.242991,0.0,0.09319350746185855,2708.8538222845873,15.970495028911225,13.544269111422937
-130.337933,200,474.384737,0.0,0.4850416328447817,2861.7668264478884,16.360579392971452,14.308834132239442
-154.28172,200,474.516969,0.0,0.6961337766223481,2453.684011826535,14.983511939215138,12.268420059132675
-61.596109,200,474.647006,0.0,0.1615741829170554,3250.34647194895,18.36746399839016,16.25173235974475
-34.469685,192,474.773533,1.0,0.04989951385203276,2774.5103743870936,16.064040154502344,14.450574866599446
-26.452956,185,474.888058,1.0,0.04888530781821232,2855.7106058687236,16.50983191560235,15.436273545236343
-61.899099,200,475.014091,0.0,0.18474048020461567,2465.1585918401674,14.828783962591553,12.325792959200838
-135.697587,200,475.137635,0.0,0.6193211238564529,3245.937629457161,19.16843231862591,16.229688147285806
-132.679984,200,475.267189,0.0,0.5069262146963713,2713.507663084615,16.330009486217214,13.567538315423075
-104.941612,200,475.397702,0.0,0.3546389725517677,3257.043864945975,18.43591932636781,16.285219324729876
-19.168505,177,475.860088,1.0,0.048553931943036595,2801.3280087574917,15.899464352546532,15.826711913884134
-28.684055,200,476.006114,0.0,0.23176807228397925,2736.363566088983,15.803889056417027,13.681817830444915
-126.336896,200,476.14464,0.0,0.5569968864898903,2785.922191146176,16.916562778935333,13.92961095573088
-33.745325,200,476.272169,0.0,0.12176961093536127,2657.1092193816203,15.17554426437054,13.285546096908101
-60.442825,200,476.396699,0.0,0.28138181538412826,3052.5245316521055,17.91546043833703,15.262622658260527
-42.306079,200,476.524772,0.0,0.1555903716033067,2803.9216548441022,16.68625196630632,14.019608274220511
-46.222444,190,476.646721,1.0,0.049297184690660495,2591.509745543672,14.891876420860413,13.639524976545642
-68.050578,200,476.771244,0.0,0.2331370886394724,2802.646974079292,16.360391298069842,14.01323487039646
-26.325773,166,476.879765,1.0,0.04920955574425127,2461.4565885669076,14.040882720631142,14.828051738354866
-42.393709,200,477.005301,0.0,0.15544769087834281,3358.4310458614777,18.73998510551082,16.79215522930739
-56.853562,200,477.449222,0.0,0.2235203774201094,3413.0707860606176,19.671111670793824,17.06535393030309
-36.882223,200,477.583741,0.0,0.18751826232638766,2431.3680390682534,14.132583182147327,12.156840195341267
-49.2909,200,477.722797,0.0,0.2065113138169649,2925.674996479517,17.33430347615698,14.628374982397586
-115.805863,200,477.855332,0.0,0.33354271993679924,2591.191762288405,14.903532354887904,12.955958811442024
-48.18392,200,477.987847,0.0,0.05580911076789301,2799.51043614847,16.713577864295367,13.99755218074235
-135.843726,200,478.117827,0.0,0.4046480775260228,2820.597802511706,16.160142310053857,14.102989012558531
-34.239185,198,478.249368,1.0,0.048990035936073394,2615.9691087256447,16.296702693116007,13.211965195584064
-126.646489,200,478.378896,0.0,0.5569593862209906,2982.176239186313,17.469925610978454,14.910881195931566
-126.472532,200,478.509494,0.0,0.5213518289220617,2884.885226481933,17.467443979866065,14.424426132409664
-130.52323,200,478.634022,0.0,0.631197535889004,3250.7984972313393,19.453722297266367,16.253992486156697
-146.847584,200,478.763799,0.0,0.7082064150950118,2964.046161711597,18.02590990708472,14.820230808557985
-8.198315,40,479.110428,1.0,0.04855485915504062,200.10861968605303,1.9453756104430808,5.002715492151326
-77.880327,200,479.249931,0.0,0.2885405345882123,2909.3021315090373,16.982186982519778,14.546510657545186
-14.656685,139,479.351456,1.0,0.048311151363723666,1874.187678747423,11.6882106727779,13.4833645953052
-18.63543,147,479.448972,1.0,0.048529485822444984,1741.5025483618278,10.551950049728735,11.846956111304952
-137.104634,200,479.588497,0.0,0.5207271756916213,3054.054279443173,17.312046774009392,15.270271397215865
-71.04359,200,479.722226,0.0,0.27252767552215895,2726.841226267194,16.349343888057685,13.63420613133597
-120.113446,200,479.847768,0.0,0.5882912040787286,3002.778798559874,17.469521147712,15.01389399279937
-45.172338,200,479.977288,0.0,0.13163841181300756,2121.1311580713445,12.809908620651836,10.605655790356723
-46.276064,200,480.10834,0.0,0.16922801967537396,3406.433994142335,19.56972281527687,17.032169970711674
-109.102538,200,480.236845,0.0,0.42147574404017485,3263.5720602405972,17.75685170868035,16.317860301202987
-86.210389,200,480.368351,0.0,0.2624133418611278,2926.3693610363307,16.404516632382744,14.631846805181654
-35.977119,200,480.798442,0.0,0.08706523811352651,2933.483937891851,16.71591248688499,14.667419689459255
-161.437662,200,480.959135,0.0,0.7507161342200555,3053.2331823224617,17.57780726805824,15.266165911612308
-159.916962,200,481.09316,0.0,0.7836057239005944,3046.278394051398,17.816881541111982,15.231391970256992
-130.065528,200,481.21506,0.0,0.45149553486970995,2811.1831826958355,16.144917692098083,14.055915913479177
-44.329224,200,481.346587,0.0,0.16795656633730846,2897.3206149122184,16.920648199375798,14.486603074561092
-54.110076,200,481.479115,0.0,0.0828609364248699,2796.0637146458303,16.610111834664238,13.980318573229152
-154.362103,200,481.603652,0.0,0.698943940184705,2898.344573706965,16.296904864662313,14.491722868534826
-94.168039,200,481.734701,0.0,0.4623855587229596,3118.2300703913234,17.838362189049306,15.591150351956617
-123.719684,200,481.865225,0.0,0.45413839493678326,3264.691419389906,19.200531882426546,16.32345709694953
-15.986742,117,481.940751,1.0,0.04650253171153372,1582.1318592806288,9.4005172818776,13.522494523766058
-44.655679,200,482.068265,0.0,0.08094322496541227,2630.594103392829,15.11336018182427,13.152970516964144
-60.401522,200,482.540875,0.0,0.2587994410960057,2981.8115886630567,17.27081460641191,14.909057943315283
-113.270747,200,482.685179,0.0,0.425401849427484,2305.513822887538,13.725318273078667,11.52756911443769
-136.324003,200,482.813304,0.0,0.5430117215582018,3204.5115891847936,18.147003343654973,16.022557945923968
-8.361217,37,482.839304,1.0,0.04674284191445126,204.4350079555801,1.6566348966921562,5.525270485285948
-66.328309,200,482.962845,0.0,0.22463472856241531,2605.6714173126516,15.481107908758203,13.028357086563258
-48.706137,200,483.090201,0.0,0.212591466983596,3345.045882333845,19.749305989205254,16.725229411669225
-85.640803,200,483.219213,0.0,0.16344720488925082,2827.494606223186,16.440204195434593,14.137473031115931
-159.637038,200,483.346424,0.0,0.5940479838624995,2973.446028757322,16.971223260843733,14.86723014378661
-9.478484,38,483.371423,1.0,0.04598858476272752,225.9608898635466,1.8097324083014412,5.946339206935437
-41.42894,200,483.499972,0.0,0.16725504296605803,2776.836806871909,16.141763923913498,13.884184034359546
-83.692473,200,483.631023,0.0,0.18056682273891475,2963.049921145234,16.365778695979973,14.81524960572617
-93.875229,200,483.755535,0.0,0.25976343776606486,2966.799780679142,16.81863214178038,14.83399890339571
-128.593633,200,484.23059,0.0,0.43346362065330635,2259.042952684696,13.60481237885369,11.29521476342348
-101.804871,200,484.374005,0.0,0.3245446363838015,3102.50287306922,17.799710640007543,15.512514365346101
-105.913913,200,484.506535,0.0,0.48444509398138635,2843.6620041209767,16.758804989760243,14.218310020604884
-77.839032,200,484.638232,0.0,0.12818286291660236,2326.93229757329,13.392645083070274,11.634661487866449
-73.587172,200,484.764756,0.0,0.2466591912572533,2992.9717717029994,17.032627168601746,14.964858858514997
-102.565046,200,484.895805,0.0,0.2760723632597638,2485.8313149302526,14.554253128339079,12.429156574651262
-16.218397,146,484.987318,1.0,0.04579177220554612,2184.2396825793303,12.706834704081597,14.960545771091303
-23.125805,200,485.114352,0.0,0.14290095098009187,3384.368150288088,19.123305820532032,16.921840751440442
-128.38801,200,485.243886,0.0,0.5835829680892775,3190.9575626956885,18.866559169698753,15.954787813478442
-34.470766,200,485.376084,0.0,0.15808085328764357,2817.557926495163,16.73503156775422,14.087789632475815
-133.004107,200,485.815185,0.0,0.5545310173346681,2738.773677243318,16.060093908365754,13.693868386216591
-43.981904,200,485.950693,0.0,0.19138750460900147,3228.762372245948,18.036634321180532,16.14381186122974
-24.695449,179,486.073215,1.0,0.04646443359324503,2617.125664238425,15.445495170784122,14.620813766695113
-121.641323,200,486.200767,0.0,0.5941252928620476,2972.140749257689,17.870201311842845,14.860703746288445
-158.334484,200,486.329805,0.0,0.6236743808892027,3239.9303482919895,18.23914036184509,16.19965174145995
-94.464285,200,486.46133,0.0,0.3381526430802103,2635.9117868483136,15.830343631714413,13.179558934241568
-120.515878,200,486.583879,0.0,0.5234789019527182,2410.6097469034703,14.451264123412384,12.053048734517352
-144.297559,200,486.712415,0.0,0.6934390485982644,2967.3252014315262,17.88989459618934,14.836626007157632
-75.472737,200,486.842929,0.0,0.2669650587004438,2844.665265755038,16.606441879138494,14.22332632877519
-112.62479,200,486.969459,0.0,0.561894904519526,3375.047093517083,19.32876129963793,16.875235467585416
-86.883937,200,487.099998,0.0,0.295167100040289,3073.343111938108,17.467085148404067,15.36671555969054
-62.194404,200,487.58647,0.0,0.2274594570868858,2958.2282229705593,17.12641924980007,14.791141114852797
-141.548939,200,487.720187,0.0,0.5219216127021046,3016.0706920681396,17.2755213076762,15.080353460340698
-36.152794,200,487.854709,0.0,0.14530380471275844,2669.575808515801,15.90188214686685,13.347879042579004
-33.213216,167,487.962237,1.0,0.04702363864769184,1571.0198507548735,9.991183817711855,9.407304495538165
-126.608446,200,488.089753,0.0,0.4389199766695472,3038.3494853995776,16.95816769708774,15.191747426997887
-149.176879,200,488.2178,0.0,0.6237592451726404,2767.17468194759,15.995243524024525,13.835873409737951
-139.33902,200,488.347324,0.0,0.5726710786964887,2854.168012425432,16.26951667588064,14.27084006212716
-120.523225,200,488.478847,0.0,0.5491518409754896,2837.9618505655594,16.4585490912837,14.189809252827796
-139.73091,200,488.607378,0.0,0.6686191396909963,3186.500267604898,19.17325517905629,15.93250133802449
-158.366863,200,488.738411,0.0,0.6632034670294408,3088.1509500565594,17.805301188946068,15.440754750282798
-58.466351,200,489.191475,0.0,0.1979211079517574,2693.094829991561,16.40540455542048,13.465474149957805
-145.169503,200,489.335505,0.0,0.6859833612506463,2999.2441529419075,17.65851263081763,14.996220764709538
-28.999067,168,489.444584,1.0,0.04356365367760033,1976.1832707696017,11.962466475913438,11.762995659342867
-170.705498,200,489.578113,0.0,0.7960846805561654,2966.041711951577,17.582024703482695,14.830208559757885
-130.681063,200,489.711534,0.0,0.45435669710563603,2966.0208344287375,17.385103911616344,14.830104172143688
-44.746921,200,489.835338,0.0,0.09001205360519518,3040.0042991388,17.63319176991724,15.200021495694
-42.561849,200,489.962871,0.0,0.11648657238649954,2847.5610451384664,16.28803851715386,14.237805225692332
-119.09516,200,490.086422,0.0,0.45044837879951577,3344.985266281346,19.074363372979192,16.72492633140673
-29.919114,182,490.202963,1.0,0.04632539517619835,2412.6537340364594,14.823548009545608,13.256339198002523
-56.319833,200,490.330989,0.0,0.08777853923680781,2838.9593515418755,15.92713616260833,14.194796757709378
-43.337077,200,490.454496,0.0,0.13490127319528547,2499.1641420605347,15.130083778326865,12.495820710302674
-155.591624,200,490.94604,0.0,0.6215038857604487,2517.47861222857,15.36236879808138,12.58739306114285
-73.786321,200,491.089573,0.0,0.26846764064273826,3536.781268590003,20.213760943575902,17.683906342950014
-14.672151,143,491.181102,1.0,0.04857873062559325,2233.52461900079,12.83024418091368,15.619053279725806
-51.262058,193,491.310636,1.0,0.0466216931896169,2573.9066630988123,14.69158552475512,13.336303953879856
-55.191145,200,491.438676,0.0,0.11349426192436307,3128.7414997887986,17.507480841472947,15.643707498943993
-98.04983,200,491.564219,0.0,0.47504387198662934,3028.7194595377446,17.66559844993557,15.143597297688723
-108.618333,200,491.695737,0.0,0.326486630320625,2701.749012585399,15.774348195643398,13.508745062926996
-119.050429,200,491.82678,0.0,0.45469599970836366,3122.668919082943,18.553357762133246,15.613344595414715
-72.775997,200,491.962069,0.0,0.16160966243443753,2659.3319560626214,15.34133607143503,13.296659780313107
-84.668914,200,492.092219,0.0,0.2929216819120915,2656.5811126870617,15.659828132386398,13.282905563435309
-94.499956,200,492.548043,0.0,0.2633280695837146,2329.376785167561,14.370268674905665,11.646883925837805
-68.449165,200,492.687556,0.0,0.16464763870757648,2682.0789934678564,15.151249762112432,13.410394967339283
-142.621312,200,492.822596,0.0,0.6156626525162264,2808.4213065541608,16.511480254457837,14.042106532770804
-33.182598,200,492.955115,0.0,0.2020615191868414,2784.7307743409865,16.408471637328677,13.923653871704932
-64.05487,200,493.086633,0.0,0.17283636626847673,3112.65580477981,17.257888834069185,15.56327902389905
-49.258768,200,493.218693,0.0,0.14368342163322118,2952.4009972898125,17.747333869595984,14.762004986449062
-45.857156,200,493.345608,0.0,0.08860646582462815,2589.651713421237,15.439450664046635,12.948258567106187
-82.347882,200,493.479134,0.0,0.18636430793197487,2655.2288936924574,15.688143136231611,13.276144468462286
-34.870912,183,493.591646,1.0,0.04987322052879487,2677.5139357949674,14.74939864907169,14.631223692868675
-32.653311,200,493.72068,0.0,0.08171149522798068,3087.646299953625,17.7060502730916,15.438231499768126
-54.712247,200,494.215223,0.0,0.10265099381572745,2807.707240041639,15.746099273065077,14.038536200208195
-65.787464,200,494.349735,0.0,0.16442006831305125,2631.254905022749,15.776490953716193,13.156274525113744
-63.054034,200,494.489255,0.0,0.24562404736457666,3123.023780781893,18.45333763721001,15.615118903909465
-61.776378,200,494.619304,0.0,0.14673581198492444,2580.7336415208415,15.463007130157594,12.903668207604207
-137.289093,200,494.755482,0.0,0.6399157504011987,2800.57414473069,17.35082281836999,14.00287072365345
-43.071462,200,494.888013,0.0,0.12248728969424648,3288.9345527635514,18.068459162972808,16.444672763817756
-37.2127,200,495.015292,0.0,0.19055351022832925,2813.0884580206407,16.06995969166211,14.065442290103203
-55.200616,200,495.14484,0.0,0.11246412129836164,2865.887335243777,16.233175358665402,14.329436676218887
-72.521118,200,495.26737,0.0,0.23563215224175058,2179.3873424123203,13.381089171302998,10.896936712061601
-69.900229,200,495.391523,0.0,0.2383851135973282,3287.6665675177223,18.679592686295845,16.43833283758861
-120.419289,200,495.520558,0.0,0.5670698559949281,3222.491053705627,18.67305353573333,16.112455268528137
-62.131025,200,495.996618,0.0,0.18476956087986104,2969.483628693158,17.50187941003256,14.847418143465791
-151.582481,200,496.148655,0.0,0.5724392287879636,2850.852702180176,16.556433336343538,14.25426351090088
-43.627516,200,496.278963,0.0,0.18624482800991338,2534.9513969350414,15.218613999160494,12.674756984675208
-48.00881,200,496.412075,0.0,0.07418175695013282,3029.483735523488,16.94602681389629,15.147418677617441
-86.264011,200,496.54111,0.0,0.23625843397734966,2632.487278616829,15.62069291831399,13.162436393084144
-35.906513,200,496.672981,0.0,0.054173568565482895,3077.766860627316,17.749946354576796,15.38883430313658
-95.551191,200,496.803539,0.0,0.24532914304479755,3019.7537530923664,16.80854786322924,15.098768765461832
-29.368113,200,496.934619,0.0,0.05791032081449757,3116.7062763941663,17.334424416982756,15.58353138197083
-40.558648,191,497.059126,1.0,0.04702846908483893,2244.7161938371883,13.87289435531862,11.752440805430306
-127.401828,200,497.184678,0.0,0.4373351215756332,2042.9428038200392,12.425892229358395,10.214714019100196
-121.067892,200,497.653506,0.0,0.3972263002973136,2177.2210090868916,13.350476705967475,10.886105045434459
-126.196354,200,497.801026,0.0,0.5593037519281812,3057.3057397517896,18.041293661024124,15.286528698758948
-45.481578,200,497.933111,0.0,0.20876709559965934,3259.067979821074,18.559356482222665,16.29533989910537
-138.505745,200,498.064639,0.0,0.5713968539023675,3365.243585320392,18.993039704507726,16.82621792660196
-89.154671,200,498.193202,0.0,0.3277498144681059,2587.4665334667793,15.445572680799962,12.937332667333896
-86.041139,200,498.320246,0.0,0.3305856680698634,3126.1221666387755,18.41725663950933,15.630610833193877
-29.146167,200,498.450224,0.0,0.11551577769840521,2747.901832770939,16.380657244674744,13.739509163854695
-51.702207,200,498.577986,0.0,0.07279261862941191,2695.1712815041737,15.949105749915073,13.475856407520869
-147.830201,200,498.704521,0.0,0.6737870761498213,3259.4721324468946,18.77366423162441,16.297360662234475
-125.360357,200,498.837579,0.0,0.47573293300697844,2660.7188242336133,15.649647801801859,13.303594121168066
-144.934559,200,499.28264,0.0,0.6948355226607792,2754.3848081540027,16.73250701273548,13.771924040770013
-57.358181,200,499.431669,0.0,0.26579710133209705,2813.9574346122004,17.332499600024622,14.069787173061002
-114.061962,200,499.564202,0.0,0.5123344879261783,2971.7523260015273,16.966069874433842,14.858761630007637
-9.854189,42,499.591196,1.0,0.04707394998131097,294.3391674347296,2.390091406916356,7.008075415112609
-53.360224,200,499.717252,0.0,0.18107939605631054,2772.2770102874724,16.657196041444315,13.861385051437361
-53.414207,200,499.842498,0.0,0.10924831855317083,2795.7301443753126,15.456240351084656,13.978650721876564
-6.900525,36,499.864499,1.0,0.03988734774967163,204.84532115406364,1.5862508680540395,5.690147809835101
-94.728621,200,499.992044,0.0,0.4398028142222722,3332.764169987933,19.082749614939992,16.663820849939665
-48.558498,200,500.116069,0.0,0.13958405491178383,3160.754964912742,18.335601902718135,15.803774824563709
-131.358638,200,500.247608,0.0,0.4446684908430459,2586.2817882725526,14.807260143390076,12.931408941362763
-139.907567,200,500.377979,0.0,0.6619387201176485,3322.689089546711,18.816874895890404,16.613445447733554
-47.316987,180,500.496508,1.0,0.04702978196756136,1941.593841434658,11.285874604078424,10.786632452414768
-89.065944,200,500.972911,0.0,0.4203784613011074,2726.136623054086,16.200007496595646,13.63068311527043
-68.556416,200,501.119936,0.0,0.3154288501691407,3409.7107868691187,19.72927268948831,17.048553934345595
-80.736912,200,501.249482,0.0,0.3273823009237604,3255.935672980771,18.421001211017305,16.279678364903855
-64.111914,200,501.374062,0.0,0.18190727087954936,2735.8579597650387,16.568917926652023,13.679289798825193
-12.890191,52,501.407083,1.0,0.04090552733250287,227.31233715102044,2.056679934822172,4.371391099058085
-70.865894,200,501.535132,0.0,0.17097837696044837,2625.0294256284233,16.196960449153703,13.125147128142116
-116.310235,200,501.662475,0.0,0.5108557500472272,2741.1713822910724,16.701921033473266,13.705856911455362
-145.208989,200,501.788026,0.0,0.6497759136249748,2943.426358161119,16.387358267496573,14.717131790805595
-27.668696,200,501.918082,0.0,0.10256844988080732,3061.953629102132,17.983728542572408,15.30976814551066
-148.935321,200,502.050611,0.0,0.6440019240431477,2654.9525718219093,16.228726509203145,13.274762859109547
-31.95184,200,502.179139,0.0,0.1064661038439079,2740.2839189728234,15.770659730665294,13.701419594864117
-42.536564,200,502.628734,0.0,0.1789469391381729,3199.4977844485416,18.29398760386657,15.997488922242708
-46.263195,200,502.775254,0.0,0.06680521385815971,2427.733465870061,14.362788536508091,12.138667329350305
-58.746169,200,502.911694,0.0,0.10552798770388704,2420.3560744264446,14.39958803470988,12.101780372132223
-148.803885,200,503.047916,0.0,0.5576753534197326,2740.6451390864895,15.825658695891166,13.703225695432447
-144.982603,200,503.180474,0.0,0.6935511365900873,2773.4482138038816,16.750902764482753,13.867241069019407
-74.560878,200,503.303989,0.0,0.36103881614950367,3347.167095999052,19.238307688161576,16.73583547999526
-44.90974,199,503.430781,1.0,0.046757012820787876,2360.9119465628746,14.095257694044884,11.863879128456656
-138.243653,200,503.560309,0.0,0.5188773926629299,2813.9142100216936,16.082523748514593,14.069571050108468
-134.25494,200,503.688836,0.0,0.5380239664588974,3026.9322722353163,17.53787858401949,15.134661361176581
-142.313446,200,503.820891,0.0,0.5642610194380634,2755.393575141171,15.332576027912069,13.776967875705855
-49.799583,200,504.288951,0.0,0.20168381070466887,3131.1576165559927,18.194302538250174,15.655788082779964
-122.843569,200,504.437404,0.0,0.5298770944468627,2529.9443995876773,15.1333530243113,12.649721997938386
-112.853054,200,504.572927,0.0,0.4734237634524191,2882.5579297315035,16.898591798794005,14.412789648657517
-61.417628,200,504.70045,0.0,0.2769216942674541,3595.506575094638,20.17017057008097,17.977532875473187
-52.916186,200,504.83316,0.0,0.05353142755723729,3219.977742684702,18.83275544533093,16.09988871342351
-101.61491,200,504.959672,0.0,0.49436313993734793,3256.392568526554,18.893229250411572,16.28196284263277
-115.112889,200,505.0934,0.0,0.5766335332063196,3325.8314455089208,19.207864866159277,16.629157227544603
-14.499609,130,505.17861,1.0,0.04926276668203246,1945.4553805677003,11.212986933130141,14.96504138898231
-111.385003,200,505.305391,0.0,0.3389535145210806,2229.8355357773726,13.938273952481682,11.149177678886863
-32.18677,200,505.431458,1.0,0.04494069197558408,2781.891706925566,16.327799161048475,13.909458534627829
-15.099616,55,505.467458,1.0,0.04668192847917103,213.48105817318432,2.049804892670143,3.8814737849669876
-52.927174,200,505.597977,0.0,0.05907637142606378,2465.348329019752,14.41436906886998,12.326741645098759
-69.399107,200,506.074142,0.0,0.15064399899191305,3127.930185425359,17.90179198518373,15.639650927126794
-50.801176,200,506.208684,1.0,0.049627911214110074,2868.6722518138636,16.485396743255592,14.343361259069319
-119.015012,200,506.340736,0.0,0.4590211709053676,2879.787749709834,16.579766169175425,14.398938748549169
-28.267965,164,506.442254,1.0,0.0495679803429403,2170.0362792506353,12.505189678914471,13.231928532016068
-121.243599,200,506.573772,0.0,0.38521829598500473,2046.317088876556,12.63508300375889,10.23158544438278
-58.696936,200,506.706297,0.0,0.2059878910669012,3089.1529467004143,18.39471868923419,15.445764733502072
-75.223874,200,506.838347,0.0,0.3508221619673888,2994.190198941313,17.357534931272777,14.970950994706566
-62.587193,200,506.962888,0.0,0.18497852250972624,3020.33273632927,17.71236147274831,15.10166368164635
-43.011741,200,507.095443,0.0,0.12809286646188042,3328.7556626033124,18.813911401681942,16.64377831301656
-67.68574,200,507.224693,0.0,0.18802352318200777,2341.548146783768,14.804357836160662,11.70774073391884
-135.980403,200,507.688967,0.0,0.5098738571119961,2744.4831303150204,15.61183350013931,13.722415651575101
-116.498886,200,507.830677,0.0,0.46084714538672794,2436.1165276529123,14.949825156936921,12.18058263826456
-138.651234,200,507.96621,0.0,0.6213846359392909,2741.6285378151792,16.12683892451943,13.708142689075896
-28.444312,172,508.079743,1.0,0.0483004425946918,2115.842193757742,12.162722504942382,12.301408103242686
-71.542956,200,508.208271,0.0,0.3338609446796443,3469.9557827122067,19.28264580742875,17.349778913561032
-47.136373,200,508.340312,0.0,0.1828178403621202,2443.31371208916,15.07461763189083,12.2165685604458
-34.299645,200,508.471415,0.0,0.17450060138761625,2368.4402186847346,14.064598644658764,11.842201093423673
-129.598655,200,508.598655,0.0,0.6210388572858758,3010.6002229029214,17.824377719877127,15.053001114514608
-73.940765,200,508.725703,0.0,0.328781627690609,3237.124899035216,18.7265269086778,16.18562449517608
-93.856143,200,508.855237,0.0,0.3119556013553575,2833.052312388049,16.556591470332027,14.165261561940245
-72.572886,200,509.310302,0.0,0.28329107724426245,2730.3387025707243,16.23500345936444,13.65169351285362
-39.695682,170,509.447329,1.0,0.04882835320010939,2016.9310400206102,12.186122531080713,11.864300235415355
-63.186858,200,509.586033,0.0,0.14383743882782,2610.3467008059497,14.696560386317257,13.051733504029748
-148.300227,200,509.723079,0.0,0.5549390100962565,3025.891408770386,16.997671891234692,15.12945704385193
-68.78047,200,509.85657,0.0,0.3201446718890297,2724.281647728721,15.794398877431538,13.621408238643605
-63.664339,200,509.987118,0.0,0.25587894238657477,2895.192500953392,16.75413806583788,14.47596250476696
-75.966075,200,510.112625,0.0,0.29557294272668166,2795.4679051880294,17.210421429398192,13.977339525940147
-17.945316,158,510.213012,1.0,0.04657981697453116,2351.2879895400415,13.578979907510817,14.881569554050895
-115.636668,200,510.343052,0.0,0.31323438248760566,2454.365044669773,14.2001489391558,12.271825223348864
-30.983851,200,510.465573,0.0,0.08032848004080971,3129.86500694616,18.195264112319524,15.6493250347308
-83.451688,200,510.592102,0.0,0.3098367126247419,2957.111252850698,17.555298820673915,14.78555626425349
-141.029343,200,511.054773,0.0,0.5221291987290378,2811.394800456179,16.559405294207902,14.056974002280894
-103.963927,200,511.203126,0.0,0.318306713937634,2588.8406977233103,15.239336027514106,12.944203488616552
-133.515689,200,511.333204,0.0,0.614928329622679,3225.9894087739576,18.37300503111982,16.129947043869787
-116.945075,200,511.459725,0.0,0.4241838808195812,2693.436682605828,16.132048942454997,13.46718341302914
-106.835179,200,511.589315,0.0,0.38891552287905906,2570.129847976941,14.839746711499398,12.850649239884707
-108.10625,200,511.717327,0.0,0.50046812188623,3322.580376629727,18.984027843986834,16.612901883148638
-155.59828,200,511.848566,0.0,0.6708842532957172,3220.8693936410928,18.554272294798395,16.104346968205462
-104.85986,200,511.971096,0.0,0.32404424227568934,2410.074268253276,14.187744358534522,12.050371341266379
-153.994435,200,512.095593,0.0,0.6795253158091563,3069.3345819257634,18.257608519335168,15.346672909628817
-86.612667,200,512.222705,0.0,0.2568428875950061,3045.530930540004,17.933417702659913,15.227654652700021
-38.87485,200,512.665841,0.0,0.13844209538395127,2482.2532711696717,15.00307996375016,12.411266355848358
-52.588488,200,512.831954,0.0,0.09292011133437719,2868.857734271448,17.47546591578946,14.34428867135724
-47.466441,200,512.961508,0.0,0.21394463788282034,3432.4152137833125,19.796106447038586,17.162076068916562
-76.235849,200,513.090067,0.0,0.16045750040998868,2923.095906253251,16.727427599551223,14.615479531266255
-147.135114,200,513.220587,0.0,0.6243155720071707,3098.082283312368,18.128078391943763,15.49041141656184
-159.186832,200,513.353584,0.0,0.7250901446756253,2863.1093432275725,17.747416008231124,14.315546716137863
-110.645837,200,513.474102,0.0,0.349148474654441,2918.329968763573,16.38260273401967,14.591649843817866
-36.724418,200,513.600651,0.0,0.06862499743385161,2485.2543865917905,14.442958183711458,12.426271932958953
-42.335968,200,513.729697,0.0,0.1269040589240453,2432.789650571472,14.34972149145485,12.16394825285736
-63.605822,200,513.855857,0.0,0.1308795662966897,2918.508344549112,17.13734100693142,14.592541722745558
-53.889076,200,513.980251,0.0,0.22786224153647072,2871.6948459442942,17.587473475863504,14.358474229721471
-41.990273,200,514.441822,0.0,0.2109803844266133,3246.4142239170105,18.710996420896553,16.232071119585054
-75.935983,200,514.580286,0.0,0.21993150194794236,2591.3113637805295,15.182212840942785,12.956556818902648
-56.067968,200,514.709817,0.0,0.12235000453999874,2755.1060480827355,16.436835079674687,13.775530240413678
-60.148667,200,514.836929,0.0,0.09549114813730779,2571.5083163261006,14.644511244844375,12.857541581630503
-127.4756,200,514.96445,0.0,0.5041388676083688,2739.939203452673,16.183752503361045,13.699696017263365
-85.518593,200,515.08999,0.0,0.33293445028387975,3092.5355385675884,17.515675354491954,15.462677692837943
-52.119531,200,515.21255,0.0,0.21733306786884543,3291.649705409571,18.823584483347357,16.458248527047857
-62.538143,200,515.340602,0.0,0.1069745246438961,2466.1507890152193,14.576201952674086,12.330753945076097
-62.421464,200,515.46812,0.0,0.173627448384513,3104.885197214616,17.11870262149704,15.524425986073078
-139.805378,200,515.595603,0.0,0.5042193078825845,2870.12702562694,16.276668176017992,14.3506351281347
-130.720749,200,516.078351,0.0,0.44462622004610397,2845.0895149549206,16.24463392391895,14.225447574774602
-57.324129,200,516.219508,0.0,0.10800188276182622,2876.37845286836,16.14203126726054,14.3818922643418
-58.222864,200,516.352494,0.0,0.11837035974315523,2715.4565266003183,15.594040506939399,13.577282633001591
-26.071535,200,516.482962,0.0,0.123465395543905,3033.753542318096,17.456349490093157,15.168767711590482
-34.043437,166,516.587502,1.0,0.04872515991083153,2039.920737075504,12.257340174623055,12.28867913900906
-37.704576,200,516.709422,0.0,0.16238544761072773,2425.3329995800887,14.113457653385604,12.126664997900443
-132.667565,200,516.836487,0.0,0.5000889986984195,2607.9539891697846,15.534058903043203,13.039769945848922
-47.191174,200,516.962984,0.0,0.2411213814937177,3136.148102462678,18.586050854651692,15.680740512313388
-86.235705,200,517.087525,0.0,0.3121562786430874,2921.6618410555034,16.915940110828654,14.608309205277516
-45.590061,200,517.210082,0.0,0.2473627524758126,2691.361230879782,16.416166072452068,13.45680615439891
-64.188618,200,517.679701,0.0,0.2606968684624266,3282.500932767247,18.699299357650265,16.412504663836234
-72.876571,200,517.821183,0.0,0.15804851781021498,3138.2666734179425,18.267085563655666,15.691333367089712
-74.74502,200,517.954219,0.0,0.13564548024454107,2504.0878872446265,14.670789158918279,12.520439436223132
-10.508883,45,517.984216,1.0,0.04928109921701129,252.69191897479064,2.200924137084887,5.615375977217569
-100.965245,200,518.115689,0.0,0.4960285078515487,3321.660474129403,19.66323361592388,16.608302370647017
-128.869086,200,518.248652,0.0,0.48349516278255683,2686.9801873573488,16.021833147858242,13.434900936786743
-140.517379,200,518.371844,0.0,0.49515925210963896,2788.1404927674394,16.54013311919895,13.940702463837196
-162.099494,200,518.502373,0.0,0.7407507498511269,2781.5108210404783,16.298698613776125,13.907554105202392
-122.597315,200,518.625411,0.0,0.52847731045148,2987.6756600881063,17.020930301853593,14.938378300440531
-92.207005,200,518.750937,0.0,0.3173669818208574,2685.754148248904,15.627302960443982,13.42877074124452
-159.775036,200,518.880457,0.0,0.589675937765147,2970.273818049515,17.30039023751343,14.851369090247575
-33.982847,200,519.343061,0.0,0.1618931480016904,3406.296688054701,19.398801558506424,17.031483440273504
-85.745638,200,519.5001,0.0,0.28394444261391977,2826.7885928045334,16.512692241218485,14.133942964022667
-103.351071,200,519.630159,0.0,0.30366956683000035,2370.4896228697844,13.744050680575633,11.852448114348922
-53.194431,200,519.754649,0.0,0.13617018087935226,2834.686343835961,15.782582313566907,14.173431719179804
-101.322624,200,519.883157,0.0,0.34725766827402893,2953.9591635903853,16.36827534224126,14.769795817951927
-147.690457,200,520.012634,0.0,0.564038499977235,2876.5110418077893,16.79951516129776,14.382555209038946
-53.028768,200,520.142703,0.0,0.08631184805640858,2775.42438412436,15.858862003271414,13.8771219206218
-39.802531,200,520.268237,0.0,0.23231729594111128,2783.0173112262664,16.13654344738935,13.915086556131332
-60.977619,200,520.402923,0.0,0.17313552656292455,3204.3072548731598,17.889871933886013,16.0215362743658
-127.361486,200,520.531631,0.0,0.413350606114185,2440.8929794621044,14.371770759711232,12.204464897310523
-43.867658,200,520.966789,0.0,0.22683313699179375,2471.4844858755528,15.572087604209973,12.357422429377763
-41.611185,192,521.107316,1.0,0.04951659956296204,2554.4630015480184,14.583925959621654,13.304494799729262
-119.402828,200,521.250343,0.0,0.4251425703314253,2951.015373720454,16.748711592009357,14.75507686860227
-44.930503,200,521.378881,1.0,0.0498317041254487,2909.348882082651,16.655165904423807,14.546744410413256
-34.186459,200,521.504365,0.0,0.1883289975615576,2677.5136941698593,15.710588688459211,13.387568470849295
-36.879839,200,521.636372,0.0,0.22915600903898253,2433.687048836343,14.443354985525055,12.168435244181715
-33.966236,196,521.759946,1.0,0.04535965699593163,3103.633270095912,17.38277123009684,15.834863622938327
-27.489828,200,521.884428,0.0,0.11317629033039628,2984.8853337751743,17.778915869533197,14.924426668875872
-69.051973,200,522.013966,0.0,0.18739799016642272,2763.1088767897013,16.146714735096808,13.815544383948506
-30.909193,176,522.124441,1.0,0.04965507054941046,2382.9114495031185,13.724506456919276,13.539269599449538
-39.560123,165,522.223957,1.0,0.04600360227615938,1919.2862837448783,11.05557748277379,11.632038083302293
-137.349559,200,522.69472,0.0,0.6708236808524306,3053.793942861281,17.593183713177257,15.268969714306404
-121.090721,200,522.845761,0.0,0.5582655399216442,2991.3126010115548,17.174509225129295,14.956563005057774
-98.680247,200,522.980286,0.0,0.46702150638762185,2869.6005619464213,16.531687077312895,14.348002809732106
-91.802916,200,523.103864,0.0,0.24177109844795258,2815.0065035751345,16.21055466342958,14.075032517875673
-47.923033,180,523.21738,1.0,0.046640999179525425,2180.9054484951826,12.90964904223097,12.116141380528791
-33.944911,200,523.345422,0.0,0.16648229006490686,3385.956489078151,19.285071253942792,16.929782445390757
-34.080398,200,523.469933,0.0,0.24295260338218153,2471.9401219799156,15.129674733182064,12.359700609899578
-39.902862,200,523.598482,0.0,0.15292479214419613,2862.508699985036,16.742922294999055,14.31254349992518
-115.937889,200,523.722048,0.0,0.37796463890660575,2252.911784632066,13.60445047433954,11.26455892316033
-108.284335,200,523.849062,0.0,0.43789305396617234,2894.0755195375577,16.984661092089265,14.470377597687788
-157.431036,200,524.292053,0.0,0.6393487911864225,2956.513606508568,17.078396953799324,14.78256803254284
-120.497092,200,524.444081,0.0,0.506322412578393,2491.1948605846196,15.135033692072529,12.455974302923098
-54.705997,200,524.578602,0.0,0.15275667383811523,2869.482650167374,16.950803324514425,14.347413250836869
-88.78715,200,524.708588,0.0,0.26123139261844935,2543.0587716369523,15.181360390449939,12.715293858184761
-6.707877,51,524.743817,1.0,0.0499180782948403,522.8801576532774,3.382139060687984,10.252552110848576
-106.819799,200,524.872739,0.0,0.4729067529971688,3220.849246155301,18.698766920902923,16.104246230776504
-103.850167,200,525.002281,0.0,0.4765205477312833,2856.9436430875,17.473314241028163,14.284718215437499
-97.342699,200,525.129349,0.0,0.2646287135198649,2616.24099520327,15.641723628361868,13.08120497601635
-88.824992,200,525.252871,0.0,0.27442017513605005,2462.1830962346185,15.095058074815727,12.310915481173092
-73.290194,200,525.379421,0.0,0.15559282938907898,1884.784466103199,11.468494529076809,9.423922330515996
-32.414769,178,525.489981,1.0,0.04992950187481366,2272.581723800098,13.222997797953008,12.767313055056732
-75.063137,200,525.928605,0.0,0.30884969750119823,2769.2841371569307,16.445772702193004,13.846420685784654
-73.248027,200,526.097121,0.0,0.2451852646536204,2813.2504840530787,16.62741749932221,14.066252420265393
-38.368533,200,526.234113,0.0,0.1214645558914526,2168.6347843548238,13.240556277205156,10.843173921774119
-128.752419,200,526.368574,0.0,0.43243854121236186,2158.044056040896,13.148629152382536,10.79022028020448
-55.137426,200,526.494111,0.0,0.19352339303687136,2788.6570618596934,16.681220672820103,13.943285309298467
-116.909467,200,526.623707,0.0,0.4759642783680523,2883.1568447041454,16.58359433178195,14.415784223520728
-128.135578,200,526.745745,0.0,0.46053239248664896,2398.0277598953626,14.67684288080445,11.990138799476814
-76.282504,200,526.874288,0.0,0.24655651018527983,2565.6185482758833,15.486706463893855,12.828092741379416
-98.13046,200,527.000197,0.0,0.28720165928458985,3070.341876618889,16.857725209467503,15.351709383094445
-11.618638,52,527.035296,1.0,0.04948305635691079,321.45880281162545,2.389767507719023,6.18190005406972
-63.301541,200,527.160445,0.0,0.10666634426268128,2691.5003309949143,15.870843627293375,13.457501654974571
-99.110643,200,527.619477,0.0,0.4345523062711487,3006.8597601815113,17.33622710057711,15.034298800907557
-147.744401,200,527.780567,0.0,0.5613596738169923,3041.3061444853574,17.328420382151165,15.206530722426788
-168.946733,200,527.921071,0.0,0.8206971462374539,3478.0985296010863,19.56941298415556,17.39049264800543
-89.25493,200,528.052663,0.0,0.24367012221536374,2656.392923877537,14.822515614610191,13.281964619387686
-20.457895,155,528.15181,1.0,0.04923653601075806,2395.4866522733632,14.058138035731181,15.454752595312021
-71.040831,200,528.275978,0.0,0.1466155356686978,2685.2612188775875,15.857636229794146,13.426306094387938
-51.326277,200,528.40046,0.0,0.10755822627380773,3102.867113417778,17.605126630261413,15.51433556708889
-34.056252,190,528.523992,1.0,0.04786771610813353,2775.4843483365944,15.911032694016425,14.607812359666287
-126.968607,200,528.649037,0.0,0.4647897676630332,2817.927316547829,16.088812825843615,14.089636582739145
-57.252738,200,528.76952,0.0,0.09840451328234577,2773.333509085142,15.669876501675294,13.86666754542571
-37.361054,200,528.898049,0.0,0.13839172358260635,2417.1708552427167,15.123468983338954,12.085854276213583
-106.732504,200,529.371963,0.0,0.45072188532310553,3020.043844975171,17.010018467103645,15.100219224875854
-53.897117,200,529.523498,0.0,0.08881529626437225,2594.483854596182,15.782089425242297,12.97241927298091
-101.153178,200,529.656313,0.0,0.26026608759567826,2595.398096339694,15.379175177294115,12.97699048169847
-130.387574,200,529.784822,0.0,0.6058587693800178,2864.355374158892,17.02065157119566,14.32177687079446
-39.410866,200,529.910357,0.0,0.06232617192894911,2486.0606978743353,14.64908567078192,12.430303489371676
-92.659612,200,530.036433,0.0,0.27637243533030104,2464.6257774812043,15.097589082972068,12.323128887406021
-111.054721,200,530.162956,0.0,0.3533011105351222,2537.3300400658595,15.011411516888225,12.686650200329298
-124.383599,200,530.289432,0.0,0.4293278574881615,3126.070597724056,17.58584570403864,15.63035298862028
-106.548156,200,530.412976,0.0,0.3912355973797669,2959.226584311142,17.432417171695928,14.796132921555708
-113.503144,200,530.53902,0.0,0.48024954185211366,2596.762339475206,15.881728877440453,12.98381169737603
-32.331918,200,530.994109,0.0,0.06996192115957355,3163.2251932337886,17.800251531540958,15.816125966168944
-146.364681,200,531.146085,0.0,0.6651226978705689,2621.030220375952,15.868898549590266,13.10515110187976
-174.140524,200,531.279801,0.0,0.7669236303007116,3214.888136529215,18.206433546284952,16.074440682646074
-77.241821,200,531.409188,0.0,0.20246773647339228,3020.974136769502,17.864560933225274,15.10487068384751
-138.170664,200,531.541263,0.0,0.5374763167988008,3111.627008179446,17.751837174322052,15.55813504089723
-24.904633,169,531.644596,1.0,0.047354862590302534,2583.977873527395,14.845719157511153,15.289809902528964
-109.487395,200,531.77212,0.0,0.35781642277999676,3048.376396380159,17.57312147505397,15.241881981900795
-23.050131,158,531.876658,1.0,0.04863886935587928,2340.8586216855747,13.791069738858734,14.815560896744143
-76.161396,200,532.004194,0.0,0.14913358237852933,2105.5107919735115,12.61851932783956,10.527553959867557
-59.045674,197,532.128245,1.0,0.047554582066714424,2572.239745600028,14.958899663243615,13.057054546193037
-131.413457,200,532.256803,0.0,0.5168557227503141,3004.354753772267,16.683273739525063,15.021773768861335
-35.112711,171,532.685952,1.0,0.047061243866625344,2059.0054439032906,12.207691480877187,12.040967508206379
-35.82233,185,532.825457,1.0,0.04712505563361946,2369.2259178918885,14.502052139095591,12.806626583199398
-51.301341,200,532.955506,0.0,0.10720554690680881,2406.0772349834224,14.45757636159213,12.030386174917112
-84.27746,200,533.086724,0.0,0.2048378043374213,2515.583768689481,14.889802424669485,12.577918843447405
-12.497577,122,533.167268,1.0,0.047529103892155644,1833.32808522762,10.571592696964354,15.027279387111639
-145.249174,200,533.296823,0.0,0.569638362246966,2806.077157371107,16.21833964410715,14.030385786855536
-26.847621,200,533.418381,0.0,0.1658710916093698,2247.1425144617288,13.59339722747217,11.235712572308644
-152.26118,200,533.551957,0.0,0.6028424332733239,3094.5380103325283,17.09387376104025,15.472690051662642
-140.812324,200,533.681522,0.0,0.5485677820615648,3020.5962479313253,17.505577604772462,15.102981239656627
-111.927214,200,533.807076,0.0,0.36134563229340944,2121.4916074984826,12.787905327932984,10.607458037492414
-9.523224,42,533.835663,1.0,0.04886877059177355,280.5501721988604,2.373963374891606,6.679766004734772
-40.637728,200,534.273756,0.0,0.16658614326030263,2634.7232027403643,15.074006707827312,13.173616013701821
-136.131091,200,534.427312,0.0,0.630999555378363,3233.4877390756506,18.62212595873525,16.16743869537825
-98.379287,200,534.567314,0.0,0.32952447639630944,2713.5001995775115,16.221109923037957,13.567500997887556
-166.505743,200,534.694856,0.0,0.6898477593933707,2825.2181672523197,16.45177897892024,14.126090836261598
-47.76139,200,534.817389,0.0,0.056998389348199965,2484.8512939842753,15.122479426230187,12.424256469921376
-87.82026,200,534.942352,0.0,0.2060062605238766,2701.9066655984047,15.851772559255094,13.509533327992024
-100.433956,200,535.070887,0.0,0.41146349510915986,2456.1793520889364,14.745769184209317,12.280896760444682
-87.746851,200,535.203408,0.0,0.30607251571158134,2487.0581024529943,14.450596771986854,12.435290512264972
-101.524545,200,535.32323,0.0,0.3318734493990128,2636.699288093846,14.792208030524742,13.18349644046923
-40.24744,200,535.447279,0.0,0.10955076834837837,2368.945062996635,14.863553727668663,11.844725314983174
-117.546198,200,535.577806,0.0,0.4722872896033254,2384.9624491572604,14.340720152904606,11.924812245786303
-105.95373,200,536.061103,0.0,0.48780164521343666,2808.8178650819964,16.74060751424867,14.044089325409981
-128.098633,200,536.199616,0.0,0.47797873899527415,3158.0850118988305,18.017399094599728,15.790425059494153
-20.533935,146,536.296142,1.0,0.04728187672813398,2007.6214287619619,11.444292284554757,13.750831703849054
-64.580865,200,536.422662,0.0,0.14348850768043755,2755.8168567043563,16.029531359480835,13.779084283521781
-96.746117,200,536.555695,0.0,0.4657858252570219,3376.8300074574227,19.287876304784906,16.884150037287114
-44.998828,200,536.689222,0.0,0.06184591389997761,2392.153668898312,14.395590158192762,11.96076834449156
-44.810343,200,536.820759,0.0,0.11495697606109843,2940.762929486658,16.896004413920416,14.703814647433289
-148.820406,200,536.949797,0.0,0.6164720376261903,3048.8751688432453,17.911541667856856,15.244375844216227
-95.111634,200,537.072317,0.0,0.2968374541954303,2862.5174016725064,16.38450902905915,14.312587008362533
-11.973034,118,537.150659,1.0,0.048146803881118305,1716.7731975918848,9.559836041873812,14.548925403321057
-84.953072,200,537.277179,0.0,0.21274987768826376,3131.503489644189,18.008597680904465,15.657517448220945
-160.235726,200,537.742758,0.0,0.6380072664392326,2627.4987752649295,15.2099871926593,13.137493876324648
-157.664094,200,537.891693,0.0,0.6742625603247486,3162.7856548783484,17.651381719575365,15.813928274391742
-8.097551,85,537.949859,1.0,0.048382822492336074,842.2342493207311,4.898584489463894,9.908638227302719
-140.644907,200,538.078385,0.0,0.5373609158611181,2593.4942679346445,15.997551856840062,12.967471339673223
-116.216191,200,538.202911,0.0,0.38301685991191586,2394.210549107848,14.67645130732927,11.97105274553924
-133.979688,200,538.326445,0.0,0.6272015783032618,2990.2939460479997,17.528539171789273,14.95146973024
-29.780185,188,538.443475,1.0,0.042245183015613835,2657.3402217447433,15.462031161132067,14.134788413535869
-117.813049,200,538.57084,0.0,0.47127435100489207,2818.406122495222,16.15901909639953,14.09203061247611
-102.650574,200,538.699371,0.0,0.33057832398572123,2696.7961478457546,16.653528648769083,13.483980739228773
-107.659858,200,538.824963,0.0,0.3802197827968562,2177.6259513016917,13.53447482450544,10.888129756508459
-25.355899,171,538.93199,1.0,0.04968959613339414,2603.3656113912593,15.169115801324724,15.22436030053368
-34.15328,200,539.389049,0.0,0.19595476030929573,2619.888919097181,15.203434726596658,13.099444595485904
-118.541531,200,539.526587,0.0,0.48658360306800563,2640.00474002181,15.715407325698143,13.20002370010905
-135.299534,200,539.656563,0.0,0.48572514759795893,2874.300290215767,16.31315528110666,14.371501451078835
-25.826458,151,539.752103,1.0,0.04456490020985372,1615.2387774013057,10.033729442759299,10.696945545704011
-152.365539,200,539.882216,0.0,0.61428929101668,2851.5686021404767,16.0809697894324,14.257843010702384
-30.923324,200,540.02774,0.0,0.13084526197239021,2354.608813515659,14.621558963426965,11.773044067578295
-100.112369,200,540.163741,0.0,0.30932517498703793,2916.414040758894,16.48806973149507,14.58207020379447
-53.354269,200,540.289936,0.0,0.08882450001935842,2380.5774050461587,14.212704794091323,11.902887025230793
-38.740154,179,540.400454,1.0,0.046343599892894355,2096.3887823043488,12.722020397378055,11.71166917488463
-128.671538,200,540.529981,0.0,0.48530287425669794,2410.764836072989,14.49894109659032,12.053824180364945
-130.812519,200,540.979629,0.0,0.6557771937752624,3127.580345332721,18.31330141622133,15.637901726663607
-38.111106,200,541.130143,0.0,0.08301974009676537,2450.3699267073903,14.931557346861652,12.251849633536951
-58.736142,200,541.259905,0.0,0.11148326907050828,2966.76914641468,16.94034962747188,14.833845732073401
-17.089497,121,541.341432,1.0,0.047623353635757,1385.4727290228452,8.51251981844138,11.45018784316401
-150.928976,200,541.465947,0.0,0.7333016925237261,2953.584010600844,17.160396733286298,14.76792005300422
-108.724181,200,541.594474,0.0,0.41659582435333137,2512.463777282085,14.756728819480278,12.562318886410425
-66.022033,200,541.73152,0.0,0.11741691707974306,2993.700865664982,16.621999059454065,14.96850432832491
-54.399302,200,541.862078,0.0,0.18119612898204407,2712.7119875825433,16.023915072787148,13.563559937912716
-147.567278,200,541.990585,0.0,0.5826635046122789,2942.129253017361,17.49407592732822,14.710646265086805
-90.222352,200,542.12113,0.0,0.21252986384377437,2514.59443813063,14.790748903166998,12.57297219065315
-55.983715,200,542.255177,0.0,0.126296418005406,3063.678892018786,18.058816922818348,15.31839446009393
-63.175039,200,542.710258,0.0,0.15478913630274896,2443.9788660914637,14.598063580564283,12.219894330457318
-151.639478,200,542.858297,0.0,0.7378865472370572,3264.0231491035215,18.5891119100139,16.320115745517608
-44.264873,200,542.989822,0.0,0.07611400932785609,2872.1313676798554,16.472058622599558,14.360656838399278
-141.074515,200,543.118353,0.0,0.6752672154432292,3190.8862079862915,18.57955018048682,15.954431039931457
-85.89236,200,543.247385,0.0,0.24715182138733904,2474.175429733283,14.638480026091557,12.370877148666416
-93.762755,200,543.378906,0.0,0.418540327410139,2615.383372450002,15.753222039727817,13.076916862250009
-44.768131,200,543.507423,0.0,0.1326212282929594,3283.528787953846,18.79012383917895,16.41764393976923
-148.157176,200,543.636478,0.0,0.6482212784571862,2978.874221843536,17.119201869856564,14.89437110921768
-154.09847,200,543.764652,0.0,0.6221973716848096,2686.8881041998875,16.135568899037107,13.434440520999438
-90.626803,200,543.896169,0.0,0.37840178037144606,3089.8922695945257,17.6936324671017,15.449461347972628
-149.759668,200,544.370583,0.0,0.5612471556947799,3054.829642365686,17.548628330282813,15.27414821182843
-75.467072,200,544.533998,0.0,0.23739842574899464,2522.7519474986525,15.426654950459161,12.613759737493263
-58.791084,200,544.664513,0.0,0.16813198693402157,3153.8911022376756,17.896278200201934,15.769455511188378
-104.450754,200,544.801063,0.0,0.494810381597432,3038.5975649500438,17.93188555965032,15.192987824750219
-80.397513,200,544.932362,0.0,0.25416691983471545,3086.359023372125,17.697198210944993,15.431795116860625
-36.913646,200,545.062405,0.0,0.1193765604259862,2924.45019911438,17.44376582048067,14.622250995571902
-95.899328,200,545.193956,0.0,0.4057564037722011,2953.183162701793,17.09827452849765,14.765915813508967
-69.675082,200,545.320485,0.0,0.22801009473838377,2693.1857286818963,16.459513205085205,13.465928643409482
-22.873007,200,545.44556,0.0,0.08074924947198353,2993.4832607805124,16.929038237529646,14.967416303902562
-14.2628,134,545.527577,1.0,0.04626924478834976,2001.0573581080394,11.470011248237888,14.933263866477906
-111.419475,200,545.653654,0.0,0.3386770405651906,2579.1661228544326,15.171619553987526,12.895830614272164
-65.486874,200,546.145239,0.0,0.17701667622383505,2906.756074638092,16.51021259381663,14.53378037319046
-44.962107,200,546.299762,0.0,0.13315039140721183,3276.70807410079,18.396568338360364,16.38354037050395
-123.179164,200,546.4338,0.0,0.42043688818252056,2871.9278921026003,16.759391379715865,14.359639460513002
-92.241269,200,546.559322,0.0,0.34892415486073775,3066.7412615314506,17.123954260366627,15.333706307657254
-110.302193,200,546.69013,0.0,0.47948985859364174,2827.45031802944,16.715040704231587,14.1372515901472
-108.237564,200,546.815927,0.0,0.3043783828594267,3082.8452215614125,18.015719529583702,15.414226107807062
-23.291177,200,546.946975,0.0,0.0658395948512109,3352.6020033936984,18.86149497186585,16.763010016968494
-34.54849,170,547.054497,1.0,0.04796670016135859,2115.3829973977518,12.115897095632272,12.443429396457363
-157.224696,200,547.185025,0.0,0.7141323064300349,2721.6924626058526,17.097310325951465,13.608462313029262
-151.626218,200,547.312551,0.0,0.6237120992877252,2786.3444382656307,16.097497869916804,13.931722191328154
-33.914266,200,547.754126,0.0,0.16701569858348253,3423.407670137421,19.38818624468049,17.117038350687107
-100.216232,200,547.899644,0.0,0.4687936130153348,3181.6232428977646,18.44541512688377,15.908116214488823
-93.703331,200,548.026928,0.0,0.4292824235927894,2740.435690344901,15.9939918892822,13.702178451724505
-59.860323,200,548.159978,0.0,0.18237849372602863,2952.361571818094,17.205191750057924,14.76180785909047
-92.843917,200,548.286492,0.0,0.2443635494623744,2994.3916098337936,17.633851829532766,14.971958049168968
-29.061736,200,548.416043,0.0,0.10830064518217535,3056.495788161032,17.6266120518184,15.282478940805161
-74.000784,200,548.54009,0.0,0.2178617268014441,2672.847825352158,15.571337179740746,13.36423912676079
-96.450431,200,548.663646,0.0,0.4692737431560746,3433.950209877931,19.217376552017697,17.169751049389653
-121.237119,200,548.795176,0.0,0.38137489837556054,2959.5557887630516,17.177750547848827,14.797778943815258
-56.107995,200,548.930362,0.0,0.07662733664288382,2059.749096181103,12.977615616510834,10.298745480905517
-69.200067,200,549.381452,0.0,0.29890855083598505,2987.0500406774445,17.77248632001023,14.935250203387222
-121.44593,200,549.521972,0.0,0.44795244495869596,3102.974034934423,17.583290992262235,15.514870174672115
-81.560323,200,549.655002,0.0,0.24756768969237647,2528.0998201461102,15.463476055489133,12.640499100730551
-35.032283,200,549.782528,0.0,0.12488461637054514,2614.409867294093,15.101140838450016,13.072049336470466
-36.050152,200,549.910402,0.0,0.1927628722519654,2525.183484866226,14.163049818168714,12.62591742433113
-25.384188,200,550.042315,0.0,0.08446175890725598,2770.7874218044026,16.645184068971826,13.853937109022013
-36.638946,200,550.176812,0.0,0.12069729263076293,3377.8644136357493,19.60078525815839,16.889322068178746
-70.021979,200,550.309335,0.0,0.2811270966525895,3133.395198369141,18.150139460700704,15.666975991845705
-116.310234,200,550.43937,0.0,0.4955777288057109,3282.6415623370913,18.78117342800887,16.413207811685457
-68.712045,200,550.562897,0.0,0.14352409591399065,2670.5722938636445,15.697464667609788,13.352861469318222
-74.138332,200,550.694412,0.0,0.26715570011209144,3094.223627000137,16.733842031833458,15.471118135000687
-116.796209,200,551.191576,0.0,0.44882541504784856,2968.2797281292005,16.856924980585806,14.841398640646002
-98.238964,200,551.325091,0.0,0.44411738581059146,2976.326390426398,17.52953691647507,14.88163195213199
-45.297547,193,551.447131,1.0,0.04996079979069376,2737.6693578397276,15.831088973966379,14.184815325594444
-116.329286,200,551.574646,0.0,0.3381179138382309,2389.959307138477,13.628030684377714,11.949796535692386
-32.611372,185,551.69319,1.0,0.04996326195245119,2583.4609324156195,14.431124951810698,13.964653688733078
-82.672094,200,551.818708,0.0,0.20477740335119568,2920.4809925035947,16.45251119107317,14.602404962517973
-43.111369,200,551.944759,0.0,0.24364636984420157,2321.3534471502635,13.62073224328402,11.606767235751317
-52.383142,200,552.075287,0.0,0.15625046198036946,2574.5862894113834,15.131929860125956,12.872931447056917
-150.328852,200,552.198653,0.0,0.5771736123720583,2652.7965726638377,15.962008580819447,13.263982863319189
-119.754607,200,552.329181,0.0,0.39780842657045784,2752.930364480019,16.057611935815643,13.764651822400094
-131.656145,200,552.787753,0.0,0.4540596880936102,2901.839325384051,16.502185829127118,14.509196626920254
-108.851892,200,552.939793,0.0,0.4813645007585958,2898.3106179868123,16.982369059556866,14.491553089934062
-50.673312,200,553.066309,0.0,0.057936970439037144,2162.4640196714663,13.305406793919799,10.81232009835733
-92.937389,200,553.198839,0.0,0.4607525137120397,3452.357912977306,19.649922411182953,17.26178956488653
-46.701229,200,553.331497,0.0,0.2180132055284369,3149.7449294366693,18.350197669838334,15.748724647183346
-41.631654,200,553.458166,0.0,0.0602186218633593,3052.2425627602797,17.348667225906393,15.261212813801398
-31.504083,176,553.57069,1.0,0.04854198955801798,1987.8331277539846,12.2741962757477,11.294506407693094
-87.705612,200,553.699208,0.0,0.379727793113398,3026.5564288998175,17.133129878331772,15.132782144499087
-146.255315,200,553.83175,0.0,0.6795941073790297,2931.112873858315,17.618400981201077,14.655564369291575
-24.589711,188,553.950788,1.0,0.04794589684527714,2851.374243572993,15.937610303925991,15.16688427432443
-175.446143,200,554.387849,0.0,0.8446950947163588,3196.218316424566,18.121997980430333,15.981091582122831
-164.747714,200,554.544881,0.0,0.6892251027091966,3160.342110650403,17.858973474864623,15.801710553252015
-95.362485,200,554.67896,0.0,0.3515897005203817,2957.517822661859,17.402448222286594,14.787589113309295
-65.549176,200,554.813493,0.0,0.22712902088737216,2454.692210154853,14.431478288200406,12.273461050774266
-24.039459,154,554.914017,1.0,0.04576944848487554,2270.8072092609823,13.425885461859414,14.745501358837547
-50.31487,196,555.041053,1.0,0.04722105195101253,2576.5977953595243,14.4155020435161,13.145907119181246
-36.605241,200,555.171582,0.0,0.0963754773977531,3041.009034855396,17.45412322325342,15.205045174276979
-18.197138,132,555.252095,1.0,0.04924006348105059,1784.8794436181213,10.50877854886389,13.521813966803949
-54.680051,200,555.378637,0.0,0.09669261505313625,2909.0518818177065,17.524539725344773,14.545259409088533
-112.690126,200,555.508848,0.0,0.33075377797559186,2903.993968968669,16.514369594487825,14.519969844843345
-65.729129,200,555.637894,0.0,0.16099854464856564,2391.148113604917,14.908221200751223,11.955740568024584
-96.852001,200,556.108957,0.0,0.3331217484182104,3015.256633744772,17.317973734541503,15.07628316872386
-54.052463,200,556.264479,0.0,0.11469103620935896,2854.8978424216793,17.081294924810035,14.274489212108397
-68.261799,200,556.401009,0.0,0.2156066768327204,3294.937956667458,18.79942421023396,16.47468978333729
-69.722113,200,556.529531,0.0,0.29459051443941897,2820.8922270264884,16.870376596947427,14.104461135132443
-17.062589,134,556.624049,1.0,0.046147746207695274,2016.8584681248083,11.431608038874911,15.05118259794633
-134.990972,200,556.756091,0.0,0.48958868749074896,2264.896197013353,13.283304211142683,11.324480985066764
-115.601526,200,556.885625,0.0,0.48741138527062416,2768.293584960866,16.535712088455778,13.84146792480433
-27.996864,200,557.018167,0.0,0.11736731396913212,2358.5348244697243,14.650329952776662,11.792674122348622
-29.673113,200,557.146204,0.0,0.08064224690224024,3003.003192989152,17.925213592013126,15.01501596494576
-31.023936,168,557.255721,1.0,0.043626881208670726,2053.4372139680736,12.455776141085655,12.222840559333772
-158.689208,200,557.387273,0.0,0.6518435934426674,2766.6958404494144,16.189894587513415,13.833479202247071
-114.616274,200,557.86473,0.0,0.3832225135268402,2517.1239649196527,14.778267413107171,12.585619824598263
-73.763689,200,558.020257,0.0,0.2357504260764828,3323.059648768822,18.497110768330554,16.615298243844112
-77.199581,200,558.149315,0.0,0.193522088926634,2555.851197956444,15.0508401021094,12.779255989782222
-119.575197,200,558.281844,0.0,0.47207828127061907,2580.3722537610756,15.276699386279876,12.901861268805378
-42.582576,200,558.413848,0.0,0.25713237403933703,2351.4519361662083,14.166626039632687,11.75725968083104
-74.831784,200,558.538933,0.0,0.27085977017242235,2716.9657710987663,15.892323738023357,13.584828855493832
-144.775396,200,558.668452,0.0,0.6887025336565982,3183.933627036307,18.14317861680489,15.919668135181535
-35.140288,200,558.799985,0.0,0.0929479024968864,2881.192388683349,17.17350070932048,14.405961943416743
-162.18948,200,558.926164,0.0,0.8066047652189031,3361.126957409491,19.098729286452834,16.805634787047453
-108.950479,200,559.051189,0.0,0.35072551880755365,2403.745645046184,14.341068487335026,12.018728225230921
-39.198264,200,559.511264,0.0,0.052415448361733966,3079.4419553316734,17.26367410434502,15.397209776658366
-85.954355,200,559.663294,0.0,0.21588750037271512,2591.3284965770254,15.401361452012676,12.956642482885126
-58.731212,200,559.791294,0.0,0.26227582727328086,3003.5096019907564,17.12590961628862,15.017548009953781
-137.54013,200,559.924587,0.0,0.48788428155634206,2825.1362148833846,16.385027798758095,14.125681074416923
-139.709117,200,560.048385,0.0,0.5075256758234232,2441.1692220426603,14.302137633320706,12.205846110213301
-34.46591,200,560.18091,0.0,0.09252335665093374,2961.8341309693396,17.056488679521028,14.809170654846698
-31.307162,180,560.294899,1.0,0.049413171150004,2130.3993546254983,13.054063318981179,11.835551970141656
-68.119763,200,560.417388,0.0,0.16971021161532604,2921.4502963144128,17.241734856358907,14.607251481572064
-71.692199,200,560.544441,0.0,0.23556385411635855,2971.8686874647847,18.066700887676436,14.859343437323924
-118.488709,200,560.673969,0.0,0.417362236839997,2515.489140794727,15.079545063701943,12.577445703973636
-14.629323,53,560.711966,1.0,0.047237364496462694,317.0290914333419,2.711237481038317,5.981680970440412
-34.248524,200,561.164594,0.0,0.15498145013832457,3138.5833606416286,17.873160169373172,15.692916803208142
-63.984755,200,561.31656,0.0,0.20375414243046794,2820.9726075342155,16.00562711890217,14.104863037671077
-116.248009,200,561.451613,0.0,0.43186160260774503,2861.6595571315224,16.705491427784622,14.308297785657611
-17.664728,157,561.55513,1.0,0.04605535099701187,2549.2873906060117,14.473376811540863,16.237499303223004
-106.602288,200,561.682254,0.0,0.4809784084615649,3068.669723381904,18.50574476967751,15.34334861690952
-155.058158,200,561.814784,0.0,0.7124907396498801,3491.8514527474017,20.335989314489172,17.45925726373701
-75.343014,200,561.946824,0.0,0.3528580454694449,3295.2126495634716,18.891781041528755,16.476063247817358
-35.496657,200,562.080769,0.0,0.15010758703972868,2664.790353464288,15.884227773614843,13.32395176732144
-156.82289,200,562.209939,0.0,0.6714150255167124,2790.9908226330886,16.727461116785985,13.954954113165442
-26.275623,200,562.338969,0.0,0.1503869878233565,2638.3276456393037,15.270648510855946,13.191638228196519
-86.698378,200,562.4615,0.0,0.23179441298556877,2583.0048938486516,15.426944945933785,12.915024469243258
-30.676534,200,562.936388,0.0,0.08281974421810669,3207.3590198539227,18.605796488494306,16.036795099269614
-126.732888,200,563.07989,0.0,0.6092441863556114,3087.5779663067674,18.08253047777036,15.437889831533838
-77.924701,200,563.213418,0.0,0.3571661050667659,3545.5793881838495,19.83150561827901,17.727896940919248
-73.802231,200,563.343467,0.0,0.20075591022944286,2530.3752979587957,14.852489655131548,12.65187648979398
-149.594344,200,563.475991,0.0,0.577057762620859,2430.1347886210033,14.071093593431307,12.150673943105016
-104.92171,200,563.597514,0.0,0.4442347204180724,2950.2925256048507,16.69318155403136,14.751462628024253
-94.55825,200,563.725045,0.0,0.4743106370038593,3427.751748759636,19.15917676754204,17.13875874379818
-135.858246,200,563.852104,0.0,0.5308975918331528,2781.0370523705938,16.60561047484607,13.905185261852969
-25.340404,191,563.977626,1.0,0.04938012945348829,3017.7212250269517,17.218087403056334,15.799587565586135
-38.134755,200,564.104143,0.0,0.09170885008834977,2722.0500716873094,16.106128755130943,13.610250358436547
-67.881126,200,564.566837,0.0,0.3135933026793976,3144.179899901294,18.951234547294163,15.72089949950647
-24.603626,200,564.711348,0.0,0.07680673410927948,3038.077525941558,17.365870053851342,15.190387629707791
-94.417653,200,564.842384,0.0,0.4498914642847948,3034.423603045177,18.595588981395007,15.172118015225886
-27.390374,200,564.971288,0.0,0.1573648709720531,2883.7162886819206,16.65363289220533,14.418581443409602
-19.409699,157,565.075809,1.0,0.04738468352978242,2338.8837634655038,13.38112722293884,14.897348811882189
-101.48403,200,565.199399,0.0,0.4122057540060705,2757.586356205637,16.081508708434715,13.787931781028185
-91.184958,200,565.324122,0.0,0.423378660237237,3236.4474672498704,18.627377078480475,16.18223733624935
-92.958161,200,565.449183,0.0,0.36158585884078215,3358.444417394548,18.312701355083785,16.79222208697274
-62.13677,200,565.579715,0.0,0.09973730529458735,2820.5951895773037,16.960315605180035,14.102975947886518
-89.919688,200,565.703861,0.0,0.3459800205229784,2968.795260106011,16.74703142424944,14.843976300530056
-23.465604,184,566.143181,1.0,0.04930398299545946,2627.74326718689,15.970780908617904,14.281213408624403
-119.132176,200,566.280702,0.0,0.5087476511766542,2903.086034669321,16.844354280026668,14.515430173346607
-62.030203,200,566.423524,0.0,0.2827273063647576,2861.1011223801615,16.671927699141676,14.305505611900807
-89.41466,200,566.552852,0.0,0.25982537951559176,2559.444220521672,15.276116847307215,12.79722110260836
-109.972883,200,566.679366,0.0,0.393246997501154,2899.336703311727,16.775357329853016,14.496683516558635
-33.284731,193,566.801909,1.0,0.0489223160296691,2757.2662345996873,16.068151704219414,14.28635354714864
-152.28623,200,566.925411,0.0,0.7320282226293527,3336.940110429261,18.784296120476675,16.684700552146307
-130.218082,200,567.057417,0.0,0.6133675701197843,2891.0228455253045,17.87090680025798,14.455114227626522
-76.849084,200,567.179765,0.0,0.20792102023656622,2888.1349494139386,15.732490736263088,14.440674747069693
-87.874868,200,567.308316,0.0,0.4215555191821564,2948.0222706506274,17.70999404022083,14.740111353253138
-54.691131,200,567.431847,0.0,0.2086869551551088,2948.173507879317,17.578513624422325,14.740867539396586
-64.726285,200,567.894661,0.0,0.19149413086313485,2664.4832979143857,15.989170065259577,13.322416489571928
-94.056535,200,568.036214,0.0,0.33575766884052194,2705.267776310474,15.773316873180772,13.52633888155237
-139.359146,200,568.164191,0.0,0.5443458415289626,2794.893358811964,16.299643275995248,13.97446679405982
-154.440215,200,568.291715,0.0,0.6589106510728225,2698.887784964564,15.508098945665854,13.494438924822822
-133.768609,200,568.417273,0.0,0.5547347136938754,3194.6573952209174,18.377545498430308,15.973286976104587
-146.914809,200,568.540336,0.0,0.6333205555553496,3147.151902285873,18.292336600819297,15.735759511429364
-35.920713,200,568.673387,0.0,0.0743924045401036,3156.5280489976894,17.27507173726179,15.782640244988448
-31.660081,190,568.796889,1.0,0.04744820648130628,2674.9966304291393,15.36834623360934,14.078929633837575
-118.059915,200,568.92595,0.0,0.468930898660444,2794.702198782048,16.150666847940165,13.97351099391024
-85.721648,200,569.057929,0.0,0.30515425909406546,3257.787399098575,18.92859903481654,16.288936995492875
-149.135911,200,569.502013,0.0,0.6226629268089893,2468.869964030484,14.584065148262379,12.34434982015242
-158.78404,200,569.660057,0.0,0.6679242850456354,2875.3410037532044,16.820962688020263,14.376705018766023
-50.853174,200,569.791601,0.0,0.16571863400358844,2830.6578745220477,15.958898533256257,14.153289372610239
-101.671279,200,569.917697,0.0,0.3271743539105685,2987.9504571664424,17.407723483281462,14.939752285832212
-51.272339,200,570.046719,0.0,0.10052950586910134,2994.2610109486673,17.94851961648669,14.971305054743336
-121.696264,200,570.175238,0.0,0.4104886866559788,2903.656109108274,16.625732136907796,14.51828054554137
-57.349636,200,570.309626,0.0,0.08545388630703511,2487.678721843126,14.535588841479433,12.43839360921563
-68.364075,200,570.43618,0.0,0.18389586388636742,2954.8066799438816,16.990444963593788,14.774033399719407
-8.012671,36,570.46091,1.0,0.03857058499459266,199.27391395788234,1.7718378611799472,5.535386498830065
-92.449791,200,570.583432,0.0,0.3214008893555936,2588.383360132151,15.405237510657452,12.941916800660756
-19.686631,126,570.660951,1.0,0.046760750971270144,1515.614719156621,9.55659359391572,12.02868824727477
-33.658736,183,570.780673,1.0,0.04685872235147961,2750.8929050798574,16.027518927995388,15.032201667103045
-70.363634,200,571.253824,0.0,0.23846714839221028,2662.234554836559,15.112484974459894,13.311172774182793
-24.044718,157,571.362393,1.0,0.04949755692463047,2271.0997668683744,12.855452396256615,14.465603610626589
-107.108841,200,571.487901,0.0,0.48432252400427184,3019.9160387815314,17.457469372236208,15.099580193907657
-119.13821,200,571.619422,0.0,0.48481287975067744,2853.1184802473963,16.493324866412422,14.265592401236981
-148.910129,200,571.750468,0.0,0.6544513747290024,3004.5257153395332,17.70444165307676,15.022628576697667
-77.802051,200,571.881483,0.0,0.16829893714175115,2748.0360936538864,16.04310166149023,13.740180468269433
-65.403455,200,572.008011,0.0,0.16222260246399456,2866.209078099685,16.49644909628512,14.331045390498424
-168.862371,200,572.134574,0.0,0.7698267029690151,3195.3041228393217,18.39095158385838,15.976520614196609
-86.15066,200,572.263649,0.0,0.2479380568228058,2419.687979206882,14.255054360640303,12.09843989603441
-163.896052,200,572.393199,0.0,0.7355033247734103,3058.7645402581406,18.232989886093925,15.293822701290702
-69.397279,200,572.849661,0.0,0.15190540057149562,2672.066809802755,15.939005016190881,13.360334049013774
-75.237793,200,573.00048,0.0,0.23758926949934947,2857.2781091067372,16.19920498685742,14.286390545533687
-91.749248,200,573.136541,0.0,0.26092020380467473,2297.1270137858564,13.709451068489733,11.485635068929282
-154.280172,200,573.266599,0.0,0.7122960413200369,3143.488949503516,18.634933166489095,15.717444747517579
-117.563383,200,573.400114,0.0,0.5256792751861706,3275.8789432297744,19.221568787383976,16.379394716148873
-64.459776,200,573.526872,0.0,0.14116663950363376,2425.1196446430986,14.553189694315096,12.125598223215492
-87.536014,200,573.652911,0.0,0.2860345406895374,2590.4601277331885,15.62211527002669,12.952300638665943
-136.475258,200,573.776427,0.0,0.524254541071905,2997.0130833033145,17.456126959819805,14.985065416516573
-59.580548,200,573.902889,0.0,0.15115852191364088,2748.266102624798,15.878058195433837,13.74133051312399
-115.615703,200,574.033323,0.0,0.39693173477401844,2677.942388852083,15.722446412056197,13.389711944260414
-142.299147,200,574.462866,0.0,0.6743231959044232,2739.5958993801046,15.4429015840782,13.697979496900523
-82.678433,200,574.622379,0.0,0.21419702955644937,2007.1940874700144,11.723844390635348,10.035970437350072
-151.754616,200,574.751405,0.0,0.5902559092397307,3152.6430090552967,18.10646389386536,15.763215045276484
-176.282172,200,574.883941,0.0,0.8477094006866335,3472.4861848102373,19.743226530526332,17.362430924051186
-126.087195,200,575.013499,0.0,0.512382487652708,2625.5912405282033,15.881802052279484,13.127956202641016
-26.246463,200,575.137966,0.0,0.06616907253583496,2974.396096150105,17.125328941782257,14.871980480750526
-29.632787,200,575.272941,0.0,0.1323621042442343,3175.522158683737,18.653954209423397,15.877610793418684
-72.683372,200,575.39746,0.0,0.1759562869502337,2353.421244320707,14.005780986704428,11.767106221603536
-7.533195,32,575.41746,1.0,0.03860941004145964,123.6780777483217,1.1509924374483773,3.864939929635053
-51.098311,200,575.541988,0.0,0.10746693437013875,2426.4796739135118,14.265219236572538,12.132398369567559
-39.514901,193,575.663031,1.0,0.04935072101734613,2848.2894731619226,16.34263646537181,14.757976544880428
-25.538286,177,576.110107,1.0,0.04965038657181361,2638.2051873826067,15.553183881854908,14.905114053009077
-84.384817,200,576.264132,0.0,0.25476270942040535,2354.005001942239,14.75248971964608,11.770025009711194
-34.951251,200,576.395652,0.0,0.10567297423825857,2306.430597261755,13.928063513840476,11.532152986308775
-163.955002,200,576.52621,0.0,0.6526201798353048,3029.127669776903,17.87824699578297,15.145638348884516
-98.259763,200,576.652203,0.0,0.38339437358892686,2972.6100491454145,16.32491491080007,14.863050245727072
-48.617616,190,576.774731,1.0,0.04978429512100374,2150.170448082316,13.250827341089096,11.316686568854294
-50.86668,200,576.899266,0.0,0.14491656058698738,2648.988375571573,15.747305410298175,13.244941877857865
-58.215922,200,577.023799,0.0,0.17797932698541957,3145.3498389168167,17.767154757646892,15.726749194584084
-34.50278,200,577.15084,0.0,0.057011982107016725,2766.278476922063,16.229348343065592,13.831392384610314
-31.071098,200,577.272918,0.0,0.11325442585637749,2507.109841562819,15.175957123047288,12.535549207814094
-86.92496,200,577.402545,0.0,0.3944753594908572,2855.430229954705,16.590183688111374,14.277151149773523
-169.79785,200,577.858686,0.0,0.8459320319625468,3359.0291033642384,19.03973852511738,16.795145516821194
-106.13473,200,577.998165,0.0,0.421857651289835,2734.649102245578,16.85543891680836,13.67324551122789
-42.816832,200,578.131663,0.0,0.1775036989454843,2188.664383758925,12.769026058941428,10.943321918794625
-34.724402,182,578.251683,1.0,0.0475676078558791,2689.037708605368,16.486232807122136,14.77493246486466
-57.987162,200,578.378202,0.0,0.12127079065904522,2856.443607231571,17.084273458793835,14.282218036157856
-86.895905,200,578.501729,0.0,0.207805483052542,2293.6495443853532,13.868274527125088,11.468247721926765
-143.561593,200,578.629246,0.0,0.6025447441236969,2966.171646841707,17.658952352341128,14.830858234208536
-63.764068,200,578.75436,0.0,0.20651884414275803,3080.8264023607094,17.472859535499758,15.404132011803547
-29.924279,200,578.882828,1.0,0.04898426531600434,3007.125490006016,17.532841646403316,15.03562745003008
-127.850563,200,579.007382,0.0,0.48775325202735276,2760.4030543398294,16.35481986917992,13.802015271699148
-47.203377,200,579.480402,0.0,0.07818021845758177,2512.960206955713,15.445068753640761,12.564801034778565
-153.478809,200,579.632303,0.0,0.6504407564744975,2807.9564223606694,17.055808049651688,14.039782111803348
-131.37628,200,579.76591,0.0,0.6423768593402772,3294.7278854699634,19.063720947999734,16.473639427349816
-69.715104,200,579.897416,0.0,0.1343392472862312,3203.5282140456757,18.752278304654283,16.01764107022838
-43.176803,200,580.02189,0.0,0.18356458167123782,2346.8622017743605,14.147258960217377,11.734311008871803
-87.631785,200,580.151947,0.0,0.3650082957727243,2982.0240880471024,17.96225369381991,14.910120440235511
-36.643277,200,580.277519,0.0,0.05984200957255302,2451.4028948417886,14.937303517645699,12.257014474208942
-9.0055,78,580.329483,1.0,0.049469579930762134,1111.2148537485823,6.666450214396803,14.246344278827978
-70.221966,200,580.458568,0.0,0.14022372689916945,2490.78295878145,15.00139902885888,12.45391479390725
-52.098875,200,580.586135,1.0,0.04664975515753749,2516.735683047184,15.014252306893816,12.58367841523592
-72.34069,200,580.716066,0.0,0.17494275418912267,2648.2253020215016,15.648760749580264,13.241126510107508
-95.393552,200,581.168145,0.0,0.442583040472659,3355.8711193128565,19.66918897033914,16.779355596564283
-101.828352,200,581.316662,0.0,0.4749697968114763,3171.37286113226,18.789748412001504,15.856864305661299
-115.351443,200,581.446703,0.0,0.34851990294574964,2323.3745848358853,13.721608459415641,11.616872924179427
-143.146453,200,581.573251,0.0,0.6227631346305015,3192.592932196455,18.55209733673108,15.962964660982275
-129.558619,200,581.703674,0.0,0.50090641401481,2628.097161754616,15.659934911143903,13.14048580877308
-148.865394,200,581.830744,0.0,0.6406462597206514,3175.3382969583054,18.270480127969797,15.876691484791527
-103.881435,200,581.956404,0.0,0.4776514128665169,3304.9440684599394,19.03904901263979,16.524720342299698
-91.839206,200,582.081156,0.0,0.4068229412148531,2944.868805705633,17.81866264662228,14.724344028528165
-38.610465,200,582.215531,0.0,0.13847118737161943,3245.4226043230715,18.66213560035968,16.227113021615356
-12.834428,113,582.289035,1.0,0.048637164126826817,1562.6761180047706,9.409615384482667,13.828992194732484
-112.70506,200,582.412572,0.0,0.3941974262524335,2474.865553385642,15.063442537346614,12.37432776692821
-129.430595,200,582.847137,0.0,0.586032453056852,3157.964223794098,18.803738248456767,15.78982111897049
-17.819681,138,582.943156,1.0,0.0479390609590695,1976.3647879413597,11.41081787636099,14.321483970589563
-131.193658,200,583.07112,0.0,0.5492627314975839,3100.5211043370928,17.740219045297874,15.502605521685464
-74.78335,200,583.201656,0.0,0.3041373925876028,2871.3490216110754,16.323874671049314,14.356745108055376
-68.810818,200,583.328007,0.0,0.23778490584080986,2586.3792202741606,15.610397344292899,12.931896101370803
-134.616278,200,583.462032,0.0,0.5114363984459677,2616.5448710831047,15.368259048078201,13.082724355415523
-44.77206,200,583.584517,0.0,0.07815278351368096,2456.0004092581166,14.885170875585137,12.280002046290583
-99.603149,200,583.709055,0.0,0.3081068366694496,2958.911198824852,17.271747507611558,14.79455599412426
-173.562314,200,583.834592,0.0,0.7953850206616413,3173.4459817679967,18.567179632958446,15.867229908839983
-110.131613,200,583.962153,0.0,0.4293853912167476,2471.231954859103,15.195207747867524,12.356159774295515
-125.800613,200,584.405488,0.0,0.4912357349939902,2199.496122145315,13.66038888774659,10.997480610726575
-43.387751,200,584.566341,0.0,0.2699196163428445,2564.0245545205153,15.71279870661043,12.820122772602577
-58.93761,200,584.695835,0.0,0.10127599859824081,2353.1852212274066,14.525080940021773,11.765926106137034
-125.614884,200,584.824705,0.0,0.4018006252983365,2728.584630320335,15.488156634390965,13.642923151601673
-57.371872,200,584.954811,0.0,0.06774165830783732,2267.325098586536,14.007781873634073,11.336625492932681
-62.890075,200,585.085294,0.0,0.10073964343895014,2228.3022896200123,13.281867031760832,11.141511448100061
-59.072625,200,585.213864,0.0,0.2372507706668307,2786.465592548564,15.820374879209815,13.93232796274282
-50.488873,191,585.331367,1.0,0.04579575988802782,1928.6851296178997,12.398471692656571,10.097827903758638
-71.302766,200,585.45737,0.0,0.17131811545922465,2933.4539669645505,17.336781800244893,14.667269834822752
-135.56801,200,585.589939,0.0,0.6236600139958337,3462.4540527724107,19.538623085745915,17.312270263862054
-98.070992,200,586.042637,0.0,0.4832867165353838,3019.184487281036,17.9470545688606,15.09592243640518
-37.534161,200,586.199319,0.0,0.14066131583625874,2650.3189194001657,15.577330180916737,13.251594597000828
-108.734954,200,586.335454,0.0,0.41895225294506694,2492.785082348879,14.786274671599381,12.463925411744395
-155.062299,200,586.460498,0.0,0.724550716134616,3260.6809806878186,19.191604781005072,16.303404903439095
-138.19915,200,586.591041,0.0,0.6475909918994197,3297.072654405478,19.1555325127472,16.48536327202739
-35.313582,196,586.713573,1.0,0.045907742014386986,2376.753870130538,14.859711400405088,12.126295255768051
-48.791069,200,586.841094,0.0,0.0754525526467291,2686.3573203061187,15.676070644929245,13.431786601530593
-43.281434,200,586.971145,0.0,0.206366591760024,3208.689343274801,18.863140421791204,16.043446716374007
-125.016078,200,587.09569,0.0,0.5215430367042097,2574.8828037698863,15.033037490328017,12.874414018849432
-88.719598,200,587.225215,0.0,0.4579497157692985,3350.8679213886203,19.087326103617375,16.754339606943102
-67.837688,200,587.353259,0.0,0.32606763233293934,3459.7882750226754,19.306692124408496,17.298941375113376
-63.588721,200,587.807115,0.0,0.3063352046180732,3383.8316852445932,19.714239656394103,16.919158426222968
-153.053726,200,587.951231,0.0,0.7279570687815327,2869.554856488294,17.072021127320635,14.347774282441469
-41.272948,200,588.076693,0.0,0.15805121537680714,2761.1607781396397,16.276741951969235,13.805803890698199
-100.601246,200,588.205235,0.0,0.4389033306203157,2444.32729078227,15.02749045022492,12.221636453911351
-170.349358,200,588.336181,0.0,0.843713888592376,3393.2228902973943,19.193034032239307,16.966114451486973
-48.238693,200,588.462121,0.0,0.15118025006110056,2587.5283109519423,15.428524423988602,12.937641554759711
-54.248416,200,588.585645,0.0,0.20291501197720754,3076.8746390372376,18.087365942318684,15.384373195186187
-145.923067,200,588.70919,0.0,0.6778467153867012,3259.0671530241093,19.417524225784543,16.295335765120548
-28.352238,200,588.83871,0.0,0.12361334713223714,3353.958811076862,19.515419259137985,16.76979405538431
-27.122601,166,588.942364,1.0,0.0498406932624379,2261.5779238849886,12.785662533413324,13.623963396897523
-160.13616,200,589.379014,0.0,0.7780217663658022,3242.7781343455886,18.157960064371522,16.213890671727942
-26.566623,200,589.514536,0.0,0.16814395850851652,2691.8137680349073,15.582629751466508,13.459068840174536
-37.023195,200,589.646084,0.0,0.13514976192549993,3187.806294833135,18.545943673908326,15.939031474165674
-17.477007,134,589.735605,1.0,0.04907866279269255,1454.6604548151827,9.337863013155888,10.8556750359342
-159.918599,200,589.865688,0.0,0.6187218772074555,3062.2811241304,17.298637272041674,15.311405620652
-68.571348,200,589.995779,0.0,0.14591231290294834,2398.4920376906134,14.188089214227002,11.992460188453068
-123.734419,200,590.12768,0.0,0.41404940872228707,2736.7442826090683,15.990696324375584,13.68372141304534
-145.99519,200,590.248865,0.0,0.6510628978333373,2820.620710724917,16.767392735754502,14.103103553624585
-26.640713,196,590.37845,1.0,0.04957479563112232,2850.9164587751206,16.67272099616789,14.54549213660776
-75.807175,200,590.506674,0.0,0.3441180238139116,3010.5743060441246,17.991269938660448,15.052871530220623
-60.922502,200,590.630396,0.0,0.2083658740739191,2552.9570751851443,15.121858581583444,12.76478537592572
-94.613155,200,591.112028,0.0,0.4705653749021253,3449.7723875265674,19.22313626053503,17.24886193763284
-48.768466,200,591.247573,0.0,0.24441626747359063,3356.692190676948,18.661502898392673,16.78346095338474
-44.070382,200,591.3816,0.0,0.1234185783122757,2734.040427696112,15.814593074603366,13.67020213848056
-14.729952,153,591.478164,1.0,0.0465289348868444,2805.001066703421,15.172661734676003,18.33334030525112
-91.181377,200,591.603698,0.0,0.3559593697424439,2840.6072252744743,16.777865487870017,14.203036126372371
-172.661853,200,591.728681,0.0,0.8403073499417751,3174.0457591954882,18.39811911518746,15.870228795977441
-116.626194,200,591.85569,0.0,0.4959709881354857,2791.628127233051,16.17626366273812,13.958140636165256
-142.253256,200,591.986186,0.0,0.7003800307635016,3218.22163034317,18.552448817689967,16.09110815171585
-151.34568,200,592.115728,0.0,0.6906593854631374,2977.2014206393064,17.330551740308312,14.886007103196532
-96.764461,200,592.238311,0.0,0.35231533080246563,3278.640456992914,18.793910571260053,16.39320228496457
-110.662459,200,592.722709,0.0,0.46823617247374005,3126.382053267837,17.593385900860554,15.631910266339185
-28.470791,200,592.867867,0.0,0.06204986255442436,3025.5247120557265,17.303658263791878,15.127623560278632
-107.630104,200,592.999995,0.0,0.497526805549301,2727.4044340866076,16.22391714125673,13.637022170433038
-125.136011,200,593.126519,0.0,0.44472038372324385,3146.4266073271083,18.042765124313085,15.732133036635542
-23.125366,183,593.241062,1.0,0.047793108792041204,2458.1843710684984,14.908829014774305,13.432701481248625
-66.290387,200,593.373092,0.0,0.29024735460262496,3273.5933562355403,18.78964387962465,16.367966781177703
-104.677507,200,593.505029,0.0,0.47032806174954894,3158.8811327232706,18.70546487399496,15.794405663616352
-12.754166,130,593.590532,1.0,0.048260242226517334,2125.757155053619,12.31231906395831,16.35197811579707
-110.314584,200,593.719049,0.0,0.5562230165314468,3426.7920871157844,19.017710119804793,17.13396043557892
-122.345507,200,593.848582,0.0,0.5070739839612767,2713.9886838411453,16.744671726818215,13.569943419205726
-24.967559,200,593.974651,0.0,0.12273089165040364,3081.4357147461033,18.010708237806497,15.407178573730516
-160.847097,200,594.449117,0.0,0.6888930799017617,3144.0351716549576,18.093760757700853,15.720175858274787
-7.873259,35,594.476628,1.0,0.04248040922286087,133.38363383971574,1.27083617097493,3.8109609668490214
-87.486753,200,594.61714,0.0,0.3636245305176883,3312.397140547233,18.60170487181818,16.561985702736166
-38.02964,200,594.743095,0.0,0.19881501733096,2415.87391386903,15.323311724655108,12.079369569345149
-21.050537,172,594.85578,1.0,0.0457786999059005,2452.974603842249,14.209103459936564,14.261480254896798
-114.317737,200,594.989123,0.0,0.5165376754749048,3292.985436203733,18.480344082066335,16.464927181018666
-51.194709,200,595.119893,0.0,0.0912565169293223,2329.535124839901,13.811008980741654,11.647675624199506
-80.6998,200,595.247378,0.0,0.21389925301700624,2797.367315076948,16.316652429473937,13.986836575384741
-105.887694,200,595.374408,0.0,0.3823407855878051,3276.2886840489173,18.354626348305672,16.381443420244587
-66.287055,200,595.500931,0.0,0.33140326108772655,3510.9219598582968,19.34451872307788,17.554609799291484
-135.919527,200,595.625425,0.0,0.5584930131608352,2500.50023602866,15.078372779755222,12.5025011801433
-24.6022,200,596.089934,0.0,0.09537090587472102,2993.5623949745136,17.64714477709367,14.967811974872568
-74.789974,200,596.228441,0.0,0.25128271408291003,2733.983544761878,15.221293680482344,13.66991772380939
-62.232594,200,596.362445,0.0,0.23609319734070955,3253.0348442310956,18.76060180720949,16.265174221155476
-164.586051,200,596.489044,0.0,0.6660661933456359,3126.9645414339348,18.179667120832395,15.634822707169674
-11.887724,100,596.551582,1.0,0.048377695966592735,1235.8204008058674,7.78394499304594,12.358204008058674
-65.153896,200,596.678142,0.0,0.2442705736570906,2625.751241350776,15.776337973181056,13.12875620675388
-49.460358,200,596.800591,0.0,0.10999604624460965,2948.5917110779383,16.44227917634211,14.742958555389691
-42.64028,200,596.92415,0.0,0.09139909395043455,2781.2998301659145,15.601477616805223,13.906499150829573
-41.269938,189,597.050416,1.0,0.04966707839493536,2028.5930760773963,12.703039344742761,10.733296698822203
-140.46475,200,597.177609,0.0,0.562056994050679,2605.9066519669536,15.558972759292619,13.029533259834768
-118.720514,200,597.304734,0.0,0.5124200671148273,3151.4752688089493,18.220032251986535,15.757376344044747
-21.083848,154,597.72881,1.0,0.04824033052273187,2295.6271814877878,13.45895036928299,14.90667000966096
-158.918453,200,597.871843,0.0,0.6336684267746041,2952.7761099685094,17.371862260257494,14.763880549842547
-119.392451,200,598.005405,0.0,0.450626534983784,2641.3788885647155,16.366446128673413,13.206894442823577
-59.635013,200,598.133934,0.0,0.18493992004332785,2687.42684556501,16.493895419237866,13.43713422782505
-124.489376,200,598.261951,0.0,0.5366694178019047,2907.3531145729216,17.50400641261743,14.536765572864608
-112.218551,200,598.388472,0.0,0.44036761689078613,2423.0902817484875,14.611598407871167,12.115451408742437
-102.949777,200,598.518729,0.0,0.3957948828007861,2811.689953224377,16.362703235178746,14.058449766121885
-72.643286,200,598.645256,0.0,0.3133374398915849,3243.705405076949,18.698809731762225,16.218527025384745
-89.912492,200,598.771245,0.0,0.37178442996315375,2443.4885038722346,14.934162867473646,12.217442519361173
-39.200469,200,598.898765,0.0,0.0679084794803035,2591.662956821376,15.48256011556244,12.95831478410688
-96.81733,200,599.341578,0.0,0.338278956883035,2592.6731198840444,14.827987362008665,12.963365599420221
-7.071779,51,599.386091,1.0,0.04885591304174385,372.4145299841177,2.765614713453893,7.302245685963092
-37.519617,200,599.535202,0.0,0.17913460359225314,2447.963262075125,14.851735112121164,12.239816310375625
-128.544142,200,599.667197,0.0,0.505091936504145,2799.081801374881,15.808962597814872,13.995409006874404
-76.318927,200,599.794743,0.0,0.2765763396323775,3473.216582131835,19.891373893229417,17.366082910659173
-130.08229,200,599.921816,0.0,0.44935916803551673,2875.7783470571408,16.55415545094116,14.378891735285704
-77.659228,200,600.051939,0.0,0.29627887475178893,2720.7980399125304,16.019027862339236,13.603990199562652
-135.38227,200,600.174967,0.0,0.5580980380072303,2639.0993265338548,15.800997910122213,13.195496632669274
-147.242797,200,600.301439,0.0,0.6524104752525948,2581.543879754084,15.836588455964113,12.907719398770421
-72.795818,200,600.429979,0.0,0.2562939867161774,2693.1865880977357,16.53587943450952,13.465932940488678
-22.255334,130,600.518502,1.0,0.04923673353864871,1333.3849565378266,8.051814464262256,10.256807357983282
-49.981613,200,600.647025,0.0,0.16724377437753368,3059.5757179962234,18.018127261728022,15.297878589981117
-35.286461,200,601.118657,0.0,0.08587591800213638,2712.756364777793,15.728792169206919,13.563781823888965
-135.814197,200,601.250199,0.0,0.5416883538948596,2875.1691373233843,16.512581441345265,14.375845686616922
-161.314225,200,601.378256,0.0,0.7313576066604777,3105.022752873077,17.954952444057778,15.525113764365384
-70.005788,200,601.508395,0.0,0.19893345273282534,2802.9157291604215,16.263242700354,14.014578645802107
-16.944403,73,601.558508,1.0,0.04939911432642479,334.42085265966796,2.660997140730216,4.581107570680383
-37.551379,200,601.684029,0.0,0.11796012433532684,2855.998762185137,16.45326003205982,14.279993810925685
-127.800934,200,601.809513,0.0,0.5552600341059662,2873.1561984361206,16.727056539034614,14.365780992180603
-43.053907,200,601.934036,0.0,0.08997453108834817,2498.4414836960814,14.731704532010934,12.492207418480406
-62.841135,200,602.065032,0.0,0.1640004789297021,2498.2322085204164,14.982652110860794,12.491161042602082
-97.968161,200,602.190503,0.0,0.32940672845133734,2286.925566586517,13.600195243467567,11.434627832932586
-148.450466,200,602.319066,0.0,0.7212218153233332,3386.958219383543,18.827860068065323,16.934791096917717
-88.135079,200,602.792147,0.0,0.3463277846713894,2917.67515492665,16.891888984577367,14.588375774633251
-95.260063,200,602.927659,0.0,0.2571047410174269,2912.133742566075,16.466632046727067,14.560668712830374
-107.784245,200,603.062735,0.0,0.372507557073781,2661.3623338546095,15.719414301977613,13.306811669273047
-102.472749,200,603.194253,0.0,0.3041624159199419,2870.804891256349,16.507036604883755,14.354024456281746
-126.723212,200,603.318809,0.0,0.481052862088098,2848.6751065402846,16.299377286564916,14.243375532701423
-39.358094,200,603.449387,0.0,0.24136505057674457,2441.9875417381454,14.118548210992376,12.209937708690727
-32.903153,183,603.565411,1.0,0.04905705578751475,2520.972629999268,14.404856980135868,13.775806721307475
-127.716062,200,603.695412,0.0,0.6209818133730469,3211.1977121495356,18.413272879621672,16.05598856074768
-51.392559,200,603.826077,0.0,0.12831734538948716,2965.8658561051125,16.550953374028783,14.829329280525563
-111.291344,200,603.955147,0.0,0.37189889031213696,2943.3225924961607,17.02986624332643,14.716612962480804
-65.977262,200,604.411205,0.0,0.20244473277627428,2779.303646465426,15.972595986086244,13.89651823232713
-42.546637,200,604.555778,0.0,0.13860996173009527,2685.9953089424016,15.690037308977661,13.429976544712009
-26.723208,165,604.662307,1.0,0.04732343327542886,2284.1882947294343,13.166612732599981,13.843565422602632
-39.243748,200,604.791856,0.0,0.26124483559907824,2587.568466690856,15.058982650205532,12.93784233345428
-131.367826,200,604.922194,0.0,0.5120964004250514,2687.451929772625,15.932443753052613,13.437259648863126
-7.957949,79,604.973681,1.0,0.04973355473130684,923.2691706822557,5.655583028653466,11.686951527623489
-72.293656,200,605.099228,0.0,0.13404645347788413,2310.9154352682267,13.877441504211076,11.554577176341134
-41.132449,200,605.228786,0.0,0.2171490361844785,2608.2201116147307,15.33977597022566,13.041100558073653
-90.03568,200,605.351932,0.0,0.3453897768889364,2707.498131477851,16.183733069681317,13.537490657389256
-45.807484,195,605.473953,1.0,0.04909910580440275,2672.7928140759846,15.145793625072525,13.70662981577428
-147.56215,200,605.598423,0.0,0.6539782242489149,3008.085260003458,17.56211791353623,15.040426300017291
-65.286558,200,606.073946,0.0,0.14264069682074368,2935.576059373526,17.010832257767174,14.67788029686763
-37.478466,200,606.217461,0.0,0.31370854306732726,2515.595631994288,14.538650011618476,12.57797815997144
-127.069031,200,606.346452,0.0,0.4257599045695924,2555.6946962017923,14.5560970456771,12.778473481008962
-43.404681,200,606.47346,0.0,0.2485253961433803,2201.041292057674,12.363379611290055,11.00520646028837
-111.636542,200,606.601,0.0,0.3509225155057,2665.9007961799844,15.670506179815547,13.329503980899922
-143.806007,200,606.729307,0.0,0.5294172433179719,2846.9632307722704,16.847610038984758,14.234816153861352
-28.205439,157,606.826737,1.0,0.04651269120915151,1455.6260087375247,9.766283475046441,9.2715032403664
-137.353256,200,606.954281,0.0,0.6487779328437387,3122.871242974027,17.96393947694015,15.614356214870135
-117.435533,200,607.080362,0.0,0.445169133754331,3081.9703037396653,17.61951285565917,15.409851518698327
-54.214951,200,607.208793,1.0,0.049439035939469425,3003.44170839215,17.183905897729545,15.017208541960748
-98.457722,200,607.67644,0.0,0.36292859746556394,3129.123316100409,17.640311391514828,15.645616580502043
-21.314262,138,607.784957,1.0,0.04922724956527376,1938.422787524196,11.211042420845338,14.04654193858113
-55.34617,200,607.934488,0.0,0.06224194702574399,2858.5846067727075,16.87988611964239,14.292923033863538
-126.412434,200,608.068902,0.0,0.47728774152474485,3261.1939305134897,18.33557430728208,16.30596965256745
-37.05012,200,608.198795,0.0,0.29461110600482276,2578.6093358130993,15.213143408072433,12.893046679065497
-27.115706,200,608.323313,0.0,0.2112132887332803,2707.1661355612164,15.599251367445545,13.535830677806082
-7.084406,32,608.347352,1.0,0.04256387905991889,121.86074737587704,1.1111372283628844,3.8081483554961575
-24.329877,139,608.43787,1.0,0.048726389211509555,1221.5316978967155,7.944398403110397,8.787997826595076
-60.340966,200,608.557879,0.0,0.10508642918979447,2083.3190484191305,12.36093295546849,10.416595242095653
-16.920167,142,608.645889,1.0,0.04800878967264784,1812.496713696095,11.126363533420415,12.764061364057007
-66.420021,200,608.773963,0.0,0.13343480834333682,2707.4534322060945,15.728941133270189,13.537267161030472
-22.332519,200,608.904464,0.0,0.22246809443350904,2862.1477362169003,16.04253796201267,14.310738681084501
-48.411848,185,609.337695,1.0,0.04370031335092733,1913.5324813845991,11.688106007825244,10.343418818295131
-83.646937,200,609.498362,0.0,0.22710413962469975,2907.577662129919,16.973675624327218,14.537888310649596
-28.093633,200,609.633878,0.0,0.18374827408838315,2763.120063385859,16.293220079828465,13.815600316929295
-13.519532,112,609.703422,1.0,0.048490605527272176,1661.3259530610585,9.495789205808181,14.833267438045166
-82.084241,200,609.82496,0.0,0.21866635924865746,2433.874872807926,14.606359468764168,12.16937436403963
-102.196823,200,609.951495,0.0,0.293343457400325,2473.4259126009943,14.6048130177835,12.367129563004971
-137.246997,200,610.080226,0.0,0.5569119590032617,2873.23154416776,16.442163791394385,14.366157720838801
-111.537792,200,610.20675,0.0,0.3098998531501429,2606.506428586424,14.701420640263311,13.032532142932121
-134.370931,200,610.337699,0.0,0.5340850447697211,2888.9847242230762,16.2631407506403,14.44492362111538
-70.356819,200,610.462468,0.0,0.20680669908885213,2409.840412788374,14.959293697645158,12.04920206394187
-9.707585,101,610.525468,1.0,0.04845136476458506,1478.1241986460905,8.566263071255888,14.634893055901886
-125.693314,200,610.648045,0.0,0.434987618002792,2802.5335766086764,15.750662443652738,14.012667883043383
-61.947629,200,611.137102,0.0,0.07046329946203263,2810.7145170992103,15.752821365939251,14.05357258549605
-34.609558,150,611.242614,1.0,0.04817950987283786,1596.1950825535448,9.111596344880812,10.641300550356965
-36.786652,171,611.353315,1.0,0.048973101176228384,2121.5885742225223,12.451671303429277,12.4069507264475
-64.58496,200,611.484346,0.0,0.15310457261348215,2172.168599222724,12.436501313217452,10.86084299611362
-29.3842,139,611.575865,1.0,0.04713288897914438,1007.3353157099217,6.722482752651935,7.247016659783609
-106.336082,200,611.707396,0.0,0.36776470270440476,2894.928942320735,16.79991362925515,14.474644711603675
-73.386417,200,611.837922,0.0,0.20682935336465158,2516.9391796168125,15.081547307078797,12.584695898084062
-21.18038,200,611.965971,0.0,0.11982877709812655,2792.7541276055117,16.21515591724199,13.963770638027558
-68.047351,200,612.098085,0.0,0.10087059738250544,2710.378667905646,16.21369485553294,13.551893339528231
-68.494769,200,612.229615,0.0,0.21890430582256115,2536.6611013503853,15.212742458702685,12.683305506751926
-99.875251,200,612.359673,0.0,0.29713810271836366,2787.637304282709,15.986344704817762,13.938186521413545
-74.372584,200,612.852991,0.0,0.15810541338845824,2491.725997510477,14.58609411511965,12.458629987552385
-109.737387,200,612.987019,0.0,0.3557615536617615,2244.8112637206796,13.03455470311919,11.224056318603397
-11.70661,117,613.06655,1.0,0.04776074086154895,1673.2729200240365,9.630426235844325,14.301477948923388
-27.947646,168,613.175059,1.0,0.04714480350832381,2621.2065783227763,14.827179203018718,15.602420109064145
-52.06944,195,613.298697,1.0,0.047548929334728984,2170.6320392087428,13.180225630473883,11.13144635491663
-16.483846,125,613.379014,1.0,0.04731890031000977,1935.4124312503109,11.00768438323601,15.483299450002487
-75.92576,200,613.504552,0.0,0.1726490322252387,3049.517929173122,16.992179803298903,15.24758964586561
-42.726729,196,613.625068,1.0,0.04736250915681981,2343.7095529831618,14.567935160393308,11.9577018009345
-33.76865,164,613.731249,1.0,0.049552547793027785,2435.0541423896975,13.907673398038988,14.847891112132302
-112.247965,200,613.861304,0.0,0.41923058561713694,3082.1061974242907,18.16345577165444,15.410530987121454
-96.794336,200,613.990818,0.0,0.30958044587136696,2370.173713423831,14.115611936020704,11.850868567119155
-46.190982,195,614.44488,1.0,0.04762156320941543,2602.9370518240567,14.994212430315038,13.348395137559265
-155.920359,200,614.586075,0.0,0.6448914095458211,2845.2882055233495,17.11100564825778,14.226441027616747
-27.472062,141,614.682513,1.0,0.049227617030224276,956.0516821863605,6.120155395700965,6.780508384300429
-114.927796,200,614.817038,0.0,0.40180819545188257,3164.304230451678,17.568709957075292,15.82152115225839
-43.417326,179,614.93456,1.0,0.04720382221361863,2512.3154038998696,14.451610045029254,14.035281586032792
-162.83319,200,615.064869,0.0,0.6438767525785937,3050.9150799838435,17.296015131405976,15.254575399919217
-53.306533,200,615.189384,0.0,0.10789022874094602,2198.164190255494,13.736075532378084,10.990820951277469
-67.521389,200,615.319904,0.0,0.12973648380228311,2610.83274988453,15.12773015758948,13.054163749422651
-71.530388,200,615.44544,0.0,0.1809241567364439,2403.777843366178,14.57426203316695,12.018889216830889
-39.729787,183,615.565478,1.0,0.046773089274795406,2822.281856420378,16.272361528837507,15.422305226340864
-36.516941,200,615.693007,0.0,0.36322849271100693,2390.6534308179794,13.484373343269317,11.953267154089897
-30.281791,154,616.119059,1.0,0.048555102675012965,2454.1280439453676,13.753514829595673,15.935896389255634
-61.816316,200,616.269433,0.0,0.12105932093214196,2390.243383790654,14.199652446118732,11.951216918953271
-142.721747,200,616.402952,0.0,0.5786895487620098,2585.9213339669905,16.011223194779628,12.929606669834952
-155.02595,200,616.52747,0.0,0.6887656663245436,2728.0874398611945,16.41169270940683,13.640437199305973
-47.875818,200,616.654008,0.0,0.09318172741859511,2779.3750911853926,15.961948534505257,13.896875455926963
-16.713845,120,616.732528,1.0,0.04419026706869426,1524.3866743535439,9.10489969701025,12.703222286279532
-26.819057,154,616.835778,1.0,0.04743688471928546,2307.186811890697,13.627315847376664,14.981732544744785
-14.936267,112,616.902897,1.0,0.049777820005309906,1388.477920069263,8.335104013090499,12.397124286332707
-56.992933,200,617.026423,0.0,0.070697240011367,3087.2364319437365,17.301791977889845,15.436182159718683
-133.423018,200,617.153954,0.0,0.5095430917049227,3068.0750771740386,17.555495420401044,15.340375385870193
-90.239171,200,617.285995,0.0,0.2543394311558312,2338.1287190843436,13.794881437133672,11.690643595421719
-64.207422,200,617.754563,0.0,0.1192130855864031,2684.898852676692,15.128428776161167,13.42449426338346
-86.52011,200,617.909592,0.0,0.2543674391358273,2719.260716162935,15.539721837912605,13.596303580814673
-30.836313,160,618.016128,1.0,0.0470840908275805,1779.355535653973,10.48741412346346,11.120972097837331
-36.033659,185,618.138642,1.0,0.04769801671175051,2465.5475990563764,14.65071335669613,13.327284319223656
-18.182499,75,618.18916,1.0,0.048499124967195585,244.29965270051713,2.2313709492297185,3.257328702673562
-73.823394,200,618.320681,0.0,0.21397698030191137,2799.0459308607096,16.433531724305976,13.995229654303548
-136.674401,200,618.449212,0.0,0.5141274737406781,2666.369354596702,15.394050538781945,13.33184677298351
-51.1531,200,618.578242,0.0,0.07725374710921537,2632.4723801074374,15.36664282967169,13.162361900537187
-16.128938,127,618.660753,1.0,0.04956254788011941,1784.9255765493465,10.332502579789223,14.054532098813752
-31.50024,200,618.784277,0.0,0.18567013220087655,2398.196471050937,14.00307953162584,11.990982355254685
-13.925437,61,618.822277,1.0,0.04672186265817988,243.97172536066464,2.1665037573862764,3.9995364813223713
-74.713578,200,618.945317,0.0,0.16827628169526532,2319.784536393063,13.155720389565285,11.598922681965314
-36.069039,174,619.059831,1.0,0.04918021162050067,2562.3462267927193,14.559943805111926,14.726127740188042
-115.080834,200,619.531004,0.0,0.42860513208764633,2488.039264595728,14.74453313521029,12.440196322978641
-45.71872,193,619.664032,1.0,0.04661454568222316,2406.695023579976,14.408611815258398,12.469922401968788
-39.819756,166,619.769551,1.0,0.049651106030287336,1469.3520601442897,9.463455827571213,8.851518434604154
-83.644748,200,619.901069,0.0,0.1866942271428761,2707.8671178232676,15.749868372653529,13.539335589116337
-106.722788,200,620.025583,0.0,0.31792380537695386,3064.987309047407,16.82212047043061,15.324936545237035
-136.748235,200,620.151632,0.0,0.5079262396908574,2400.1547272123585,15.043534364911007,12.000773636061792
-104.875066,200,620.281672,0.0,0.34956348698278705,2919.058474674361,17.106774387323004,14.595292373371805
-160.876235,200,620.402202,0.0,0.7017824564659404,2881.358790285295,16.99233783862755,14.406793951426476
-142.129844,200,620.527717,0.0,0.5445394252270456,3124.7617204766434,17.672074183661223,15.623808602383217
-121.324568,200,620.653241,0.0,0.4599541556390282,2524.924950905913,15.21884326958092,12.624624754529567
-37.610244,189,621.118803,1.0,0.046081279336859744,2640.042528882005,15.274723109149589,13.968478988793677
-20.165119,137,621.221809,1.0,0.048172455304865226,2010.845577946073,11.683159022941586,14.677704948511481
-123.748703,200,621.362252,0.0,0.46958940723850745,2727.2033944112663,16.262566257222975,13.636016972056332
-88.802828,200,621.491781,0.0,0.24742178490570826,2785.1231352842833,16.314895432989672,13.925615676421417
-115.449568,200,621.615074,0.0,0.4264718064302707,2491.2982352113318,14.975581764873066,12.456491176056659
-77.614541,200,621.746599,0.0,0.18680344522357947,2513.130170157054,14.977308217900532,12.565650850785271
-10.435147,103,621.815126,1.0,0.048822091769492135,1479.4319375134842,8.433890487213818,14.363416869062954
-26.97758,125,621.892641,1.0,0.049785010602421464,912.5116241432809,6.0016562343063535,7.300092993146247
-132.39659,200,622.022156,0.0,0.4824485228153446,2980.490797613603,16.848310678342003,14.902453988068014
-141.415589,200,622.152681,0.0,0.563035291102682,2663.478862878123,16.114655428385138,13.317394314390615
-131.133356,200,622.277714,0.0,0.5110463607111764,2782.753225673713,16.00716944275676,13.913766128368566
-163.41022,200,622.738775,0.0,0.6996399102598625,3025.8506805970906,17.100602368466735,15.129253402985453
-31.355228,165,622.854298,1.0,0.047510023819535105,2448.088891573446,14.387090553357881,14.836902373172398
-60.508988,200,622.997286,0.0,0.08577128435977463,2901.9214658632895,16.996392306439667,14.509607329316447
-136.469098,200,623.126814,0.0,0.5276836354797995,2586.3028131469614,15.738557605110913,12.931514065734808
-128.312686,200,623.252338,0.0,0.4423839071297336,2343.59639706624,14.437630257291529,11.7179819853312
-9.335838,37,623.276854,1.0,0.046515554444130115,113.72046083867964,1.051641030509221,3.0735259686129632
-75.920769,200,623.412678,0.0,0.20819465769095105,3190.776219412397,18.759913886158085,15.953881097061986
-33.149627,200,623.539882,0.0,0.23658187642536124,2494.374771248337,14.274201200106726,12.471873856241684
-141.555253,200,623.663941,0.0,0.6138950501580326,3170.6045051975716,17.875928971536208,15.853022525987859
-119.048847,200,623.787482,0.0,0.4428539912067735,2997.4365842913544,17.459661908371537,14.987182921456771
-73.395636,200,623.912,0.0,0.17803727697823515,2771.774323112294,16.17048379896186,13.85887161556147
-139.004536,200,624.036527,0.0,0.572745801175434,3065.2006925344754,16.580248960388424,15.326003462672377
-33.835466,173,624.496535,1.0,0.04957555422305379,2347.466117373673,13.550726227642183,13.569168308518341
-23.859522,127,624.590045,1.0,0.04885729391684227,970.648654398728,6.458736086617516,7.642902790541165
-54.103294,200,624.730566,0.0,0.11432584955184634,3002.911009975348,17.197932145631988,15.01455504987674
-17.093902,69,624.776092,1.0,0.04757131758423989,181.11917370532015,1.6054482974587094,2.624915560946669
-31.118136,174,624.890622,1.0,0.045159858749677866,1941.7938473718432,11.760640362870209,11.159734755010593
-27.088712,130,624.970146,1.0,0.04973053661964481,791.4562781496473,5.273641174920282,6.088125216535749
-22.406441,159,625.071666,1.0,0.04995089407124906,2520.4306718187786,13.928477274064612,15.851765231564645
-69.450219,200,625.201807,0.0,0.19632873244950794,2666.1350409905704,15.782782674953438,13.330675204952852
-33.655757,184,625.319396,1.0,0.04685703277076251,2897.198294358592,16.321617384117886,15.745642904122784
-114.406953,200,625.441924,0.0,0.386545399073859,2960.2232550183508,16.970158881452118,14.801116275091754
-113.190403,200,625.566803,0.0,0.4245696026423515,2955.881664902218,16.47682712630131,14.779408324511088
-70.038047,200,625.698587,0.0,0.19934988222858324,2710.3101107372104,16.059128665680035,13.551550553686052
-163.373475,200,626.170812,0.0,0.6760494515066735,2920.155031225145,16.96707839234778,14.600775156125726
-39.176417,200,626.326324,0.0,0.05589915021131069,3104.563432193209,17.644204595464377,15.522817160966044
-134.360958,200,626.453844,0.0,0.545999055142649,2978.7081575791617,17.250662029951663,14.893540787895809
-44.520578,200,626.582984,0.0,0.05201285240445465,2628.4903645536197,15.28100563505177,13.142451822768098
-158.049615,200,626.707504,0.0,0.7036620571073215,3068.8986685512846,17.743049671821417,15.344493342756422
-81.209499,200,626.835021,0.0,0.20140447525208305,2315.111586144871,13.926260292198611,11.575557930724356
-64.95054,200,626.966082,0.0,0.14146965512294227,2892.242277578289,16.830750792053774,14.461211387891444
-19.365238,141,627.058091,1.0,0.04736194805371353,1841.6304063689695,10.612597931711228,13.061208555808294
-88.388686,200,627.184371,0.0,0.23762642744868107,2060.352846522985,12.537580282887653,10.301764232614925
-98.362487,200,627.311945,0.0,0.3318975586966478,3030.2960960036303,16.90732245429537,15.15148048001815
-115.341452,200,627.76794,0.0,0.40691836578211665,3169.4200438529565,18.48110283285447,15.847100219264782
-121.055103,200,627.921618,0.0,0.45796822576549906,2647.4444284984847,15.402168272061957,13.237222142492424
-91.112933,200,628.061133,0.0,0.3357168571172439,2525.18258396057,14.699044947200871,12.62591291980285
-143.099664,200,628.190176,0.0,0.6194215685285602,2585.5167535094747,15.38490662389509,12.927583767547373
-88.391305,200,628.319701,0.0,0.23791132391161335,2548.3010562141076,15.09435439314021,12.741505281070538
-52.242053,200,628.444829,0.0,0.08219848020335171,3032.6579298941647,16.794835709800886,15.163289649470823
-126.299677,200,628.569542,0.0,0.5192814406612166,3078.8239868089995,17.222398168979275,15.394119934044998
-41.09045,190,628.691102,1.0,0.04911598334357322,2592.6806073041676,15.667538877613143,13.64568740686404
-69.282621,200,628.818365,0.0,0.16964252485047923,2865.1684712638644,16.47754121351137,14.325842356319322
-126.914348,200,628.946924,0.0,0.49810384406298036,3247.9359510096115,19.1133833271555,16.23967975504806
-44.528469,200,629.075962,0.0,0.07742998391231144,3113.0775401114342,17.438207090230385,15.56538770055717
-119.626919,200,629.526015,0.0,0.47210848372065106,2176.3047837192075,13.430710635045461,10.881523918596038
-60.364334,200,629.669056,0.0,0.06279937868093254,1753.0673611736775,11.018118504988463,8.765336805868387
-142.663665,200,629.796136,0.0,0.6193351024737226,3335.852611690296,19.09858718084391,16.67926305845148
-128.589626,200,629.927663,0.0,0.49245893875702057,2572.5627153422256,15.139508120503931,12.862813576711128
-85.96476,200,630.057387,0.0,0.27874899106348505,2795.674857701769,16.028674379360968,13.978374288508844
-113.864522,200,630.18594,0.0,0.37829358830205106,2948.261738377776,16.57684423591243,14.74130869188888
-141.029368,200,630.311473,0.0,0.575540053489682,2751.0110987026087,15.849689242100615,13.755055493513044
-126.100313,200,630.434999,0.0,0.5023494919881922,2652.8095981785495,15.356006419007945,13.264047990892747
-23.878152,200,630.566029,0.0,0.1853231563997805,2529.4736952514304,14.09522350089187,12.647368476257151
-9.328797,34,630.588036,1.0,0.043828002625718135,63.97393435154492,0.5772640197658885,1.8815863044572034
-12.965685,115,630.664048,1.0,0.04990628911588869,1885.1344061837697,10.798293691736147,16.39247309725017
-25.127471,200,631.131635,0.0,0.2100842804414211,2214.0905669223675,13.629458798290397,11.070452834611837
-38.332985,192,631.266615,1.0,0.049947620810451315,2472.342614640735,14.34806557446124,12.876784451253828
-112.245182,200,631.407154,0.0,0.4047472487253582,2986.771600692041,16.813280786896854,14.933858003460205
-162.263952,200,631.53768,0.0,0.7926446821651568,2704.381296612201,15.684691216322214,13.521906483061004
-69.056941,200,631.666722,0.0,0.15614006398027566,2932.113543090366,16.69844101199588,14.66056771545183
-87.702965,200,631.79726,0.0,0.2836157892081527,2654.5734957940253,15.572127616510357,13.272867478970127
-46.135859,183,631.916786,1.0,0.047653594107626505,1964.8091763096538,11.508047618599885,10.736662165626523
-23.334728,140,632.008309,1.0,0.049806898588712394,2013.8302508801096,11.456980475016527,14.384501792000783
-39.307145,179,632.117831,1.0,0.04830351281356836,2269.882702221209,13.667507975713162,12.680908950956475
-42.858022,189,632.2407,1.0,0.04812871644153006,2454.5564809619145,14.164105861183542,12.987071327840818
-15.279596,117,632.314888,1.0,0.04551868128030921,1801.9544222931777,10.15534931787752,15.401319848659638
-100.569639,200,632.756438,0.0,0.38057351262712596,3076.218690292706,17.56544420973866,15.38109345146353
-140.476481,200,632.916461,0.0,0.5372715174932894,2617.2801721476894,15.040669695825308,13.086400860738447
-105.866862,200,633.054018,0.0,0.37277595883816195,2677.671854662446,15.335630578633516,13.388359273312231
-128.046476,200,633.187063,0.0,0.5460963130152868,2730.941401003601,16.037351177335328,13.654707005018006
-63.194442,200,633.317619,0.0,0.08596287047955935,2140.4261370817035,12.95250480005229,10.702130685408518
-38.896428,163,633.423145,1.0,0.04996181209572195,1466.7437390097718,9.079539759336374,8.998427846685717
-104.238246,200,633.550671,0.0,0.3833197104522691,2902.9774662547065,16.354445475156748,14.514887331273533
-89.620155,200,633.674719,0.0,0.26154185462056306,2752.8209923918657,16.161219741173497,13.764104961959328
-53.882428,197,633.798251,1.0,0.04584374682490249,2567.1232280392305,15.23231672053698,13.031082375833657
-29.002387,161,633.89825,1.0,0.04920119537724316,2021.5479135395249,11.59141696578674,12.55619822074239
-14.216144,64,633.93925,1.0,0.04930754891179271,203.92187190626376,1.6784177761876666,3.1862792485353713
-12.060292,103,634.002772,1.0,0.04991817430575198,1093.0585687755533,6.402770115619687,10.612219114325761
-141.889538,200,634.475487,0.0,0.6390413903676793,2706.6796330122056,16.44205805504629,13.533398165061028
-52.820014,200,634.615004,0.0,0.11269818803664532,2728.483764149796,15.58552983264194,13.642418820748981
-17.849352,142,634.712546,1.0,0.04678660527252901,1960.3720352024663,11.22707717071476,13.805436867623003
-48.586869,200,634.845101,0.0,0.08884336743817216,2486.6789825902824,14.149891743566103,12.433394912951412
-48.329942,200,634.972153,0.0,0.06516783075108148,2406.8351561126183,14.371175557054297,12.034175780563091
-17.962157,131,635.060181,1.0,0.04735722458351737,1841.3146237086585,10.455719121366736,14.0558368222035
-62.455732,200,635.187797,0.0,0.10605408827199901,2710.980110228924,15.876892292134945,13.55490055114462
-105.207177,200,635.319325,0.0,0.2792915639163269,1888.0512699686383,11.810402090356776,9.44025634984319
-95.40472,200,635.447849,0.0,0.252252250794284,2808.9243008362187,16.351442407860265,14.044621504181093
-40.884285,157,635.545375,1.0,0.04738032569123435,1194.2820480825178,7.675879333086263,7.606892026003298
-29.071882,140,635.635914,1.0,0.04968368151960259,1277.2006594218915,7.738738773120597,9.12286185301351
-15.953256,71,635.679427,1.0,0.04949084419138892,208.5313892876428,1.6954288492787524,2.9370618209527155
-27.908443,150,635.773946,1.0,0.04872286286398255,2229.566120223437,12.351213753446325,14.863774134822913
-22.580563,154,636.22054,1.0,0.04302965979230838,1974.0014587794115,11.374241219395032,12.818191290775399
-20.107266,123,636.302054,1.0,0.041872108091235344,1005.0888424765163,6.155061193927217,8.171454003874116
-85.462918,200,636.432581,0.0,0.3070707249071174,2760.7521383543253,16.157849873053898,13.803760691771627
-56.878809,200,636.569342,0.0,0.08522263176826753,3012.187167459458,17.170279813632607,15.06093583729729
-150.520092,200,636.697138,0.0,0.5565090213310945,2497.8172835708,15.086793062193001,12.489086417854
-49.388072,196,636.820655,1.0,0.04825356329694224,2977.4739429021447,17.41392224758102,15.191193586235432
-32.067783,162,636.92418,1.0,0.04655960609986508,1904.0134795291763,11.217277309101437,11.75316962672331
-122.647703,200,637.053737,0.0,0.42193443718172036,2904.260732203354,16.686367812501633,14.52130366101677
-70.141894,200,637.188782,0.0,0.09356732108983361,1758.8004139396337,10.43207271347822,8.794002069698168
-104.498283,200,637.319311,0.0,0.3762279414215879,2738.2032942977344,15.73753589854709,13.691016471488672
-82.610619,200,637.450831,0.0,0.23526253038206169,2637.705376670273,15.188209580032446,13.188526883351365
-31.604052,156,637.867927,1.0,0.047296602792818575,2272.329360533488,12.384638541783948,14.566213849573641
-116.747899,200,638.004694,0.0,0.3281213640436595,1767.6520771661556,11.487878395820182,8.838260385830777
-127.615447,200,638.13922,0.0,0.45934189463086117,2781.0450915816605,15.882411728025897,13.905225457908303
-127.109562,200,638.265741,0.0,0.4991329663030207,2873.068134757905,16.506260792881886,14.365340673789525
-93.073449,200,638.397776,0.0,0.33894907663407453,2648.6991773340173,15.520761852549162,13.243495886670086
-96.700153,200,638.524294,0.0,0.38315363563189236,2772.131839269431,16.24110834820077,13.860659196347155
-164.712038,200,638.650822,0.0,0.8117022793819059,3153.369962596649,18.352300475821373,15.766849812983246
-74.819746,200,638.781219,0.0,0.16049131674536268,2707.030248829797,15.472189540943972,13.535151244148985
-25.796629,200,638.906936,0.0,0.226980043948046,2322.697473926074,13.553623747047606,11.61348736963037
-118.060511,200,639.036463,0.0,0.45898342471230996,3172.588022623202,17.933426142136824,15.86294011311601
-100.065595,200,639.546528,0.0,0.31577555976982696,2754.402325381758,16.230574662624203,13.77201162690879
-112.351325,200,639.692562,0.0,0.39150127770445425,3034.790379832505,17.44000797636923,15.173951899162525
-9.011194,36,639.718561,1.0,0.03984876068690691,143.66620752689903,1.3466458945172746,3.9907279868583063
-149.579437,200,639.851091,0.0,0.6016527885904737,2665.9336564626724,15.772477338689525,13.329668282313362
-28.090763,149,639.945603,1.0,0.04751783417073383,1938.7862928809968,11.512817770644642,13.011988542825483
-138.679307,200,640.068348,0.0,0.6140835273261372,2797.7294270810903,16.74144383589628,13.98864713540545
-144.243646,200,640.198596,0.0,0.6877705430911963,2552.0815459451583,15.704831995717957,12.760407729725792
-148.903426,200,640.323931,0.0,0.5632660504788081,2561.2775062296264,14.487792942573199,12.806387531148133
-43.990023,185,640.443459,1.0,0.04746808827418537,2586.180107612799,14.842914351357095,13.979351933042157
-88.543949,200,640.574512,0.0,0.30880719905530113,2760.2282926406765,15.891941274464699,13.801141463203383
-20.676273,136,640.661517,1.0,0.049987048703439826,1923.5344131280783,11.166772317425112,14.143635390647635
-38.835392,135,640.745787,1.0,0.04910308521536437,581.8234896464531,3.83676753299629,4.309803627010764
-47.934134,200,641.212516,0.0,0.10737893528472708,2564.8323050781346,15.14052140568622,12.824161525390673
-98.250203,200,641.365036,0.0,0.36519587062695497,2992.1288692389217,17.7068429784778,14.960644346194607
-38.160923,167,641.477086,1.0,0.04697236173957741,1580.8542117182847,9.478568094040908,9.466192884540627
-15.719383,113,641.552083,1.0,0.0449860996663796,1280.809766390938,7.4477978537161755,11.334599702574673
-116.635664,200,641.677045,0.0,0.37024665610169,2561.355315902894,15.412362006874398,12.80677657951447
-108.302557,200,641.807563,0.0,0.360024252855001,3049.7369283055764,17.290837049867715,15.248684641527882
-126.964803,200,641.936082,0.0,0.5425453540925617,2530.356174449038,15.249395038502785,12.65178087224519
-124.706928,200,642.062418,0.0,0.4941204334891997,3161.9966185560543,17.990935038069768,15.809983092780271
-82.981787,200,642.190442,0.0,0.22789668090697468,2190.889776163272,13.628377909692157,10.95444888081636
-86.603466,200,642.312968,0.0,0.2721049717070553,2671.434888333422,15.6759692447737,13.357174441667109
-124.957201,200,642.44249,0.0,0.4249966583332927,2954.296329306553,17.348850713306234,14.771481646532767
-91.648921,200,642.919091,0.0,0.2863746298442512,2815.9018263925454,16.033541364494727,14.079509131962727
-73.57719,200,643.055604,0.0,0.15850782803207178,2511.0770111521306,15.01255471094239,12.555385055760652
-137.868194,200,643.197278,0.0,0.5247360679325408,2651.091310815576,15.882118905693096,13.25545655407788
-23.26247,96,643.26229,1.0,0.049466136334918545,295.6838838136982,2.3558375995027983,3.0800404563926893
-129.575236,200,643.387856,0.0,0.5763376612183676,2961.277028593793,17.059194803804466,14.806385142968965
-55.456323,187,643.512388,1.0,0.04848819393331698,1497.4016802036126,9.26586922093358,8.0074956160621
-142.979925,200,643.641908,0.0,0.6452903010032153,2329.051359422036,14.236333364773827,11.64525679711018
-16.399019,127,643.72243,1.0,0.04870803897638747,1875.2148612218268,10.751435327071889,14.765471348203361
-124.954654,200,643.852947,0.0,0.5474920118984312,2811.9884902038793,16.60266521995831,14.059942451019397
-24.119996,159,643.952469,1.0,0.04941408696056258,2149.7252217427877,12.624857746294381,13.520284413476652
-50.367679,200,644.082526,0.0,0.08935458044040447,2544.0693970018706,14.678193732210438,12.720346985009353
-28.163295,158,644.178039,1.0,0.048836436634460835,2070.145111036393,12.248614173694655,13.102184247065777
-47.308726,200,644.630096,0.0,0.36639464193276045,1164.0157612171902,7.282491800367728,5.8200788060859505
-21.781662,80,644.712618,1.0,0.047092411791900456,152.29029514425122,1.4387822201508909,1.9036286893031402
-100.390156,200,644.844923,0.0,0.30892446035637944,2462.880028747045,14.57043592833748,12.314400143735224
-69.109633,200,644.976973,0.0,0.14869355210936136,2883.2617686099297,16.30969091507131,14.416308843049649
-150.627008,200,645.104485,0.0,0.5969139448700655,2973.9977930284304,16.391353420089736,14.869988965142152
-138.426896,200,645.231822,0.0,0.4883953138484403,2289.463519625442,14.381990210144053,11.44731759812721
-115.650109,200,645.361872,0.0,0.36613861662155606,2027.9427658995794,12.192962832458123,10.139713829497897
-135.264338,200,645.489181,0.0,0.5462635219780044,2061.4891872220946,12.528708625460315,10.307445936110474
-12.208377,109,645.558177,1.0,0.04866062333547676,1348.8525623436285,7.7953445179502525,12.374794149941547
-62.266858,200,645.686222,0.0,0.08856512129182881,1883.5295067085776,11.383456511102363,9.417647533542889
-134.012763,200,645.815736,0.0,0.5454749359822141,3074.802975171284,16.715568537579895,15.37401487585642
-24.986386,150,646.230587,1.0,0.047859964386391916,2071.1357245194044,11.417327325693737,13.80757149679603
-98.085185,200,646.362099,0.0,0.21726913480759932,1524.2532731979709,8.909962003881757,7.621266365989855
-83.165737,200,646.497132,0.0,0.28873221231966045,2556.9464041842225,15.450295255480299,12.784732020921112
-103.831851,200,646.620654,0.0,0.4267854452552958,2540.762475225448,15.247537479847448,12.703812376127239
-108.217171,200,646.746165,0.0,0.2720813869981081,1709.1951983235074,10.879961552852603,8.545975991617537
-138.117456,200,646.875216,0.0,0.6383178816711745,2735.2431640387085,16.636585906442804,13.676215820193542
-66.278719,200,647.000737,0.0,0.23930101586178304,2669.434020658026,16.395582127058997,13.34717010329013
-26.347743,200,647.125263,0.0,0.21582461256893143,2364.95879311381,13.965756794037649,11.82479396556905
-110.669071,200,647.253778,0.0,0.3600782660654937,2708.018624635697,16.560020175756243,13.540093123178485
-41.83156,200,647.378824,0.0,0.07259829992402447,2786.982576894287,16.462590307770252,13.934912884471435
-51.695954,200,647.871188,0.0,0.05139590379520099,3217.727309061865,18.23062468608667,16.088636545309324
-47.158463,195,648.014209,1.0,0.044656058399206014,2736.5359685655812,15.993791139292133,14.033517787515802
-56.497177,200,648.146729,0.0,0.13126918331650111,2689.1855493482567,15.973832424558099,13.445927746741283
-160.43378,200,648.272253,0.0,0.6675885246888965,3102.5663449202416,17.762682871303454,15.512831724601208
-110.180293,200,648.40129,0.0,0.33492343872672187,1973.655948861977,12.121967430699936,9.868279744309886
-76.934726,200,648.533812,0.0,0.2580349948449172,2831.136929149001,15.777035577349714,14.155684645745005
-135.613633,200,648.66235,0.0,0.528059038084259,2384.3157019364858,13.863812561609917,11.921578509682428
-88.481198,200,648.78839,0.0,0.33134850418533973,2970.9635849452247,16.642304055045923,14.854817924726124
-46.471075,200,648.913393,0.0,0.0817120200012841,3021.692113931077,16.853436045396947,15.108460569655385
-14.488688,102,648.97891,1.0,0.04884592657656727,1202.5326658058548,7.607917427241664,11.789535939273087
-164.747828,200,649.108442,0.0,0.7447863789886934,3397.6188931637616,19.100298668572936,16.988094465818808
-83.492896,200,649.589028,0.0,0.2984009094781882,3012.6346267608533,17.196491838389655,15.063173133804266
-128.295423,200,649.756275,0.0,0.5600233137063967,2984.2204496322283,17.45982675648939,14.92110224816114
-83.578223,200,649.881299,0.0,0.30940827425892786,2572.4342566611563,15.558383005921376,12.86217128330578
-50.31656,182,649.997825,1.0,0.04799457834006637,1699.8447217273847,10.406267915653649,9.339806163337279
-99.440662,200,650.124343,0.0,0.3879120623532092,2841.3766462442445,16.654120824149242,14.206883231221223
-36.950983,163,650.230424,1.0,0.0474274907869826,1960.7896509090262,12.000403492898048,12.02938436140507
-82.32465,200,650.357944,0.0,0.1935046199432649,2582.3250168509394,15.200157532312714,12.911625084254696
-85.991002,200,650.480989,0.0,0.21830309661879915,2372.9755613958514,14.440567289351081,11.864877806979257
-145.678473,200,650.611505,0.0,0.6392336953077953,3035.561619958881,17.422393043741405,15.177808099794404
-54.595667,200,650.738021,0.0,0.08655929561975938,2489.9474895850526,14.55649969202344,12.449737447925264
-120.340696,200,650.863548,0.0,0.416524325033943,2371.7514334867183,14.410625833411167,11.858757167433591
-157.009803,200,651.330112,0.0,0.6186039791517408,2685.8251186856055,16.136926634935413,13.429125593428028
-69.322309,200,651.464627,0.0,0.11129991931917543,2113.090382415192,12.99637782987965,10.56545191207596
-97.939805,200,651.597934,0.0,0.3698386194909433,3089.821754473463,17.911854326488793,15.449108772367316
-135.692058,200,651.732981,0.0,0.4853362697778441,2104.193647967981,12.613417465998468,10.520968239839906
-148.352664,200,651.865072,0.0,0.6356889547525929,3226.1837891798514,18.130552099187994,16.130918945899257
-140.546154,200,651.995221,0.0,0.6289829566629971,2856.843778905683,16.80781291585769,14.284218894528415
-164.329456,200,652.123786,0.0,0.7035792203216188,3002.0455115539503,18.302694423580952,15.01022755776975
-168.683804,200,652.248227,0.0,0.7473980114708509,3054.22044786457,17.491036201263885,15.27110223932285
-94.542659,200,652.378326,0.0,0.2933439966744506,2802.07537179238,15.933551276145204,14.0103768589619
-17.518312,124,652.452326,1.0,0.047846564002585946,1478.6368291081287,9.40706530088823,11.924490557323619
-7.470313,60,652.49088,1.0,0.04681876679993155,466.715751906154,3.129707823138605,7.7785958651025675
-62.150012,200,652.980225,0.0,0.1927321226433937,2535.078630106058,15.20506029392028,12.67539315053029
-44.909112,200,653.125734,0.0,0.06440807249229241,2532.089889953345,15.037236013115281,12.660449449766725
-92.206433,200,653.251278,0.0,0.35047668089021117,2983.8787583114263,16.995615427868287,14.919393791557132
-130.88115,200,653.382352,0.0,0.5985001171275088,2614.39686270859,15.617674311058646,13.07198431354295
-71.695891,200,653.506866,0.0,0.16882330844573998,2903.0618297896194,17.221579926866568,14.515309148948097
-52.744681,200,653.635397,0.0,0.16039930605556516,2581.995988077589,15.23590633421262,12.909979940387945
-126.56911,200,653.759936,0.0,0.5421833241017425,2635.9557040306663,15.643749609505225,13.17977852015333
-70.99517,200,653.887082,0.0,0.25146458302240904,2912.538920150012,17.035293582876182,14.56269460075006
-40.948156,195,654.013645,1.0,0.04814256074559582,2697.6290797463157,15.925831371704835,13.833995280750337
-62.822374,200,654.142201,0.0,0.1196979838890382,2646.1756928405707,15.90897793168162,13.230878464202853
-63.739555,200,654.593622,0.0,0.17811615084633992,2992.6570336149985,17.303731265100037,14.963285168074993
-79.795556,200,654.736145,0.0,0.24555025088336818,3047.861468277741,17.7818585796697,15.239307341388706
-21.547212,142,654.832704,1.0,0.04793071469619145,1892.5502294556443,11.175493599106703,13.32781851729327
-128.977036,200,654.95923,0.0,0.5653892266543759,3306.168334232652,18.64445924545864,16.53084167116326
-115.240111,200,655.090281,0.0,0.5331831842262844,2830.2682837922716,16.215253891730182,14.151341418961358
-96.547108,200,655.215587,0.0,0.24806783234741933,2049.403779764097,12.41171177761916,10.247018898820485
-156.769893,200,655.343132,0.0,0.628810824034478,2347.8430904376423,14.569947538448742,11.739215452188212
-6.539062,31,655.364141,1.0,0.03901230183787927,90.2167301884709,0.8054082751367321,2.9102171028539003
-143.672814,200,655.485252,0.0,0.6930459357504779,2699.2644435301477,15.731223596367183,13.496322217650738
-112.449127,200,655.61174,0.0,0.414259938191884,2639.197040058575,15.634559686285286,13.195985200292876
-52.724112,200,655.740469,0.0,0.13893464746537507,2869.765037177306,17.407203004331873,14.34882518588653
-19.330816,138,655.830531,1.0,0.04828060616459577,1975.5062029450578,11.354209922025147,14.315262340181578
-28.404682,189,656.301607,1.0,0.04955180368187118,2410.8424294357487,14.931321772679153,12.755780049924596
-128.800167,200,656.449454,0.0,0.4501304488180233,2442.0856004383118,14.786984775619525,12.21042800219156
-11.55605,103,656.517975,1.0,0.04857802319261662,1441.1203155530302,8.40677519373642,13.991459374301265
-15.089146,140,656.605515,1.0,0.04870729039886066,1786.9379893932635,10.269582946112486,12.763842781380454
-68.277419,200,656.730978,0.0,0.13525996895749418,2413.6074038551146,14.888883475130296,12.068037019275573
-106.020137,200,656.854514,0.0,0.42679195534263825,3008.649349802038,17.564517691116276,15.04324674901019
-30.894171,200,656.985569,0.0,0.13966829519808885,2439.9533659748454,14.268288819842175,12.199766829874227
-134.76813,200,657.113751,0.0,0.6070614157374117,2959.2677870355637,16.448258823022087,14.796338935177818
-122.637088,200,657.239289,0.0,0.5285120769809072,2915.080104296603,16.712073784689252,14.575400521483015
-21.992656,141,657.330867,1.0,0.0471132990326041,1236.688697979636,7.5320825837850665,8.770841829642809
-68.157617,200,657.453384,0.0,0.10863607637111841,1655.8013227368,10.290443087932072,8.279006613684
-31.255633,140,657.54094,1.0,0.04914084796799584,927.3504308686757,5.913748868151236,6.623931649061969
-69.966508,200,658.011018,0.0,0.10946666566029654,2499.434616618833,14.398589892431445,12.497173083094165
-155.191185,200,658.146592,0.0,0.6124208945805935,2778.661840593883,15.585881749332236,13.893309202969414
-166.799429,200,658.276159,0.0,0.6889541191930102,3168.159782285708,18.046260670117302,15.84079891142854
-168.710241,200,658.402909,0.0,0.8157478261852379,2920.0248986629717,16.85007950815529,14.600124493314858
-31.920948,200,658.537408,0.0,0.255070779439499,1923.8398911677425,11.887635904514942,9.619199455838713
-103.553587,200,658.662972,0.0,0.3954365405237764,2960.469456370326,17.137093716273682,14.802347281851631
-150.664535,200,658.790037,0.0,0.6369144966988448,3284.1225907754065,18.498563835217354,16.420612953877033
-112.333591,200,658.912557,0.0,0.41357450756602304,3110.39174438764,18.066053179016404,15.551958721938199
-68.381356,200,659.037083,0.0,0.13488703098470395,2578.325528481808,14.714115535649059,12.89162764240904
-16.9521,70,659.080642,1.0,0.04810088414757644,157.0088122663671,1.4034676644347859,2.242983032376673
-28.664008,173,659.189165,1.0,0.04795985417495294,2254.440713575868,12.819685106399556,13.031449211421203
-151.170222,200,659.633226,0.0,0.5503726420497818,2484.0350234190287,15.059328799493123,12.420175117095143
-34.620254,185,659.759745,1.0,0.04571308947287106,2804.9879805222595,15.957677564113727,15.162097192012213
-32.50083,183,659.881544,1.0,0.049038144360385755,2698.736743735695,15.63629708606652,14.747195320960083
-80.887683,200,660.008029,0.0,0.15107495086265307,1841.1361348656021,11.361808414650902,9.205680674328011
-32.274282,176,660.117555,1.0,0.049773370362754046,2185.5540004680047,12.742559019363947,12.417920457204572
-86.514735,200,660.242118,0.0,0.24951534878627354,2536.1758853337687,14.888191656375566,12.680879426668843
-61.85494,200,660.365574,0.0,0.1260253802576673,3068.685485280744,17.343199588687337,15.343427426403721
-54.033108,200,660.493564,0.0,0.06471468150129372,2801.2896911078446,16.44159143785659,14.006448455539223
-157.307313,200,660.617942,0.0,0.6661419433060506,2934.709290267599,16.578394169313082,14.673546451337995
-57.431442,200,660.741986,0.0,0.21752607563111062,2816.2268391357256,15.812404373040314,14.081134195678628
-90.827807,200,661.218276,0.0,0.4179925135631573,2683.4618135267488,16.03875717780585,13.417309067633743
-152.90909,200,661.364804,0.0,0.5909153365679914,2771.218547184689,16.11946272610098,13.856092735923447
-161.242053,200,661.496913,0.0,0.7289530286404157,3160.4686196782677,17.94231570192727,15.802343098391338
-108.531971,200,661.621399,0.0,0.4939582631024564,2718.4573395641005,15.282559288369956,13.592286697820503
-152.916552,200,661.745955,0.0,0.636103956216707,3097.5716710008865,17.19410455307435,15.487858355004432
-158.076734,200,661.877896,0.0,0.7733263493778498,3068.929596368847,17.453390807649527,15.344647981844235
-136.320246,200,662.001912,0.0,0.6189703607663373,2391.382072700283,14.612883337976585,11.956910363501414
-45.480407,200,662.130517,0.0,0.065598611858582,2780.006931885601,15.792043094429708,13.900034659428004
-41.410238,200,662.25608,0.0,0.1326490815700458,2789.663503527382,16.852334485126356,13.94831751763691
-113.296386,200,662.383105,0.0,0.4410127245365905,2823.783346073574,16.96951149763149,14.118916730367872
-35.390773,158,662.479112,1.0,0.04804946750856677,1451.315530249924,9.258486868300455,9.185541330695722
-52.658761,200,662.961688,0.0,0.05784190359277672,2428.371264507727,13.972343848796688,12.141856322538636
-114.047641,200,663.097731,0.0,0.41062886488858585,2577.907353352648,15.201133894986132,12.88953676676324
-166.104705,200,663.228251,0.0,0.7093673543747424,3124.7524336808656,17.987489252864094,15.623762168404328
-117.21004,200,663.351732,0.0,0.4638933305840642,2542.9572930864065,15.385197183873526,12.714786465432033
-136.245802,200,663.474255,0.0,0.5146427334587578,2989.2879811377666,17.173184775409943,14.946439905688832
-77.535639,200,663.60328,0.0,0.3601869842404861,2662.218584209337,16.0969021579875,13.311092921046686
-131.298913,200,663.730823,0.0,0.4878845473491941,2278.847644439459,13.260598503169668,11.394238222197295
-66.677116,200,663.85831,0.0,0.1340754523058556,2440.0815546176786,14.123530149321777,12.200407773088394
-129.183572,200,663.989037,0.0,0.5704066198278033,2750.7275021166774,16.832363396225087,13.753637510583387
-155.858243,200,664.112558,0.0,0.695606622243855,3479.904364168908,19.789373212241586,17.39952182084454
-141.521288,200,664.592152,0.0,0.5486911045242546,2774.157153326558,16.238553218398025,13.870785766632789
-92.354404,200,664.726664,0.0,0.43840105300727217,3157.8263429835683,17.80375574549587,15.789131714917842
-57.08694,200,664.858241,0.0,0.11887574688442011,2863.366281354215,16.27369341999993,14.316831406771076
-45.17758,184,664.97877,1.0,0.048231508151654674,1827.5906197235258,11.361142991855692,9.932557715888727
-113.918551,200,665.104846,0.0,0.5395524047188878,2961.638637983185,17.25308332173261,14.808193189915926
-123.532159,200,665.230986,0.0,0.44271058940246394,2746.7930950940395,15.814894145539812,13.733965475470198
-130.345992,200,665.366092,0.0,0.6103074624361375,3238.1893295264204,18.269044790322933,16.190946647632103
-102.170884,200,665.491167,0.0,0.45113431767606926,3051.8503800786484,17.414240701922314,15.259251900393242
-147.956995,200,665.617726,0.0,0.6648328559314055,2968.1820595684057,16.671544320877103,14.84091029784203
-30.701107,135,665.703264,1.0,0.04167568116905949,690.7704895858365,4.790238606456736,5.116818441376567
-154.468449,200,666.146348,0.0,0.7612552021602403,3444.1742084454254,19.27682335404938,17.220871042227127
-45.011546,154,666.249858,1.0,0.04903269407828183,837.9403065707597,5.492011291398571,5.441170821888051
-63.674132,200,666.385917,0.0,0.05917692999766939,1697.2553624224545,10.71211875307623,8.486276812112273
-26.580518,167,666.494427,1.0,0.046276042856526756,2361.051394384219,13.751672105586666,14.138032301701909
-65.305678,200,666.625112,0.0,0.2938873214499724,2813.404676351728,16.94249106986137,14.06702338175864
-16.05308,145,666.717627,1.0,0.04997000558799772,1991.1437944969505,11.656304859236375,13.732026168944486
-53.034211,192,666.839158,1.0,0.04862246012387641,1926.9462521649775,11.714452845586068,10.036178396692591
-66.388783,200,666.962655,0.0,0.10347817229545937,2189.0649231033517,12.979410449103963,10.945324615516759
-156.961906,200,667.085707,0.0,0.6486494231956388,2942.9817891104603,17.13048918562272,14.714908945552303
-30.807411,173,667.195192,1.0,0.04513993869817373,2320.4013954143625,13.542992805619194,13.412724828984754
-132.150906,200,667.324636,0.0,0.6572462033386883,3058.450065042266,17.444863384689903,15.29225032521133
-71.497279,200,667.803246,0.0,0.3003509872074086,2944.7958325601394,17.281239915638672,14.723979162800697
-70.944299,200,667.977343,0.0,0.10887474408707938,1638.94298264833,9.941880189366211,8.194714913241649
-42.673108,200,668.114386,0.0,0.12961303138422967,3068.4895788731023,17.54084931411925,15.342447894365511
-127.850343,200,668.245912,0.0,0.42163272281797215,2180.4756026755163,13.467745515005058,10.90237801337758
-102.89704,200,668.370412,0.0,0.4074651577733716,3122.752753060511,17.614135938474277,15.613763765302556
-76.991704,200,668.50142,0.0,0.20342631869382113,2681.9006641252286,15.410334639179657,13.409503320626143
-127.251521,200,668.630938,0.0,0.49767343200827113,3014.1873707880764,17.62561047541138,15.070936853940381
-109.64844,200,668.760439,0.0,0.4422851695272808,2501.9893743103094,15.232610576227195,12.509946871551547
-24.635647,163,668.859951,1.0,0.049726829937880045,2374.9348337096876,13.455766220479433,14.570152354047163
-111.191814,200,668.987975,0.0,0.3120864719218751,2011.581515906046,12.180110627251826,10.05790757953023
-51.939908,186,669.102477,1.0,0.04685072625247512,1684.2847711249638,10.42878803804355,9.055294468413784
-65.486959,200,669.581927,0.0,0.10751819055373178,2183.8472887503326,13.478577602449748,10.919236443751663
-61.562837,200,669.730953,0.0,0.08012669506846762,2225.3861638232565,13.446932494089932,11.126930819116282
-112.13788,200,669.857477,0.0,0.39771568176417277,3018.074509889904,17.921727752832723,15.090372549449521
-40.929158,188,669.978987,1.0,0.046863236339475284,2606.178767622668,14.66532507536004,13.862653019269512
-32.742671,200,670.110037,0.0,0.10066832891846647,2813.2050565588884,16.479656539596487,14.066025282794442
-114.855409,200,670.232587,0.0,0.5412955126969331,2853.5105705005208,16.247223663714895,14.267552852502604
-127.977185,200,670.35812,0.0,0.4165828369872737,1881.8751126545908,11.647747001844953,9.409375563272954
-10.499648,91,670.416673,1.0,0.04936434897536839,974.7074775371219,6.192529305926127,10.711071181726615
-28.201425,166,670.52619,1.0,0.048442024488605503,2510.9964249290756,14.316829802189087,15.126484487524552
-113.972547,200,670.651713,0.0,0.5243602605803199,2986.970820552471,17.760618542435523,14.934854102762356
-7.496981,34,670.672721,1.0,0.042976640786888884,153.90817062852355,1.458379098514451,4.526710900838928
-85.952777,200,670.803852,0.0,0.21162610095378742,2392.8129973728787,14.095135883976425,11.964064986864393
-43.341027,168,671.228883,1.0,0.04893220738133993,1545.2236267301753,9.16770932211057,9.19775968291771
-87.802745,200,671.379413,0.0,0.30890776532505854,2836.6142351134617,16.43173791701853,14.183071175567308
-81.96126,200,671.50945,0.0,0.3692518851706569,2768.0514879386,15.965167805919531,13.840257439693
-123.477337,200,671.639542,0.0,0.5663009336040149,2711.2288910969673,15.757974404264948,13.556144455484837
-11.867734,110,671.710255,1.0,0.049907819904447,1452.6148461368894,8.526888987938326,13.205589510335358
-57.368827,200,671.834783,0.0,0.23519975058962886,2820.628356303037,16.462137408650772,14.103141781515184
-106.740442,200,671.9603,0.0,0.5287772905624138,2943.6737856685045,16.861504648511264,14.718368928342523
-45.412542,200,672.089843,0.0,0.08779308433535468,3078.251938462378,17.43958992676725,15.39125969231189
-81.044391,200,672.223391,0.0,0.352968447864093,2848.1692871603905,17.48526909863786,14.240846435801952
-48.128685,194,672.342927,1.0,0.047024583363461714,2468.3311436272647,14.424164328744663,12.723356410449819
-109.474325,200,672.470472,0.0,0.3666032908460054,2885.4427931487444,16.587498251414452,14.427213965743722
-113.899019,200,672.916064,0.0,0.48807057316881136,2496.0587248963025,14.27123494856132,12.480293624481511
-49.784608,200,673.056586,0.0,0.09949017479101008,2961.748004923793,17.09694556010532,14.808740024618965
-106.216302,200,673.188658,0.0,0.35629272691748803,3046.6268735535045,17.012739376555718,15.233134367767523
-16.617234,118,673.260659,1.0,0.04725825964507592,1372.1164362508669,7.60442691086686,11.628105391956499
-60.149431,200,673.387446,0.0,0.1351328414765365,3035.373152482847,16.840345770269913,15.176865762414236
-65.032893,200,673.509957,0.0,0.2472917387228021,3199.1311006210076,18.35509834470114,15.995655503105038
-26.912493,154,673.606463,1.0,0.047620351069630855,2178.840436631924,12.320903677822283,14.148314523583924
-90.105733,200,673.732941,0.0,0.3507796347269962,2737.365732244276,16.455880889637996,13.68682866122138
-135.874268,200,673.860692,0.0,0.587021732212263,3331.6754240537575,18.422220460976206,16.65837712026879
-69.623999,200,673.99074,0.0,0.13754419636890416,1495.4563782446978,9.358993079483664,7.477281891223489
-138.01017,200,674.115262,0.0,0.4693646650126148,2545.0837797872564,15.091297008930434,12.725418898936281
-87.252718,200,674.583328,0.0,0.29868883125506696,3089.422930230905,17.049454851120935,15.447114651154525
-70.368717,200,674.724353,0.0,0.18016916443431333,2920.0171320058794,17.2370470905822,14.600085660029396
-63.436442,200,674.84973,0.0,0.11636649848809694,2688.7606166164483,16.01419547929888,13.44380308308224
-111.315199,200,674.977264,0.0,0.372905136087835,2646.1527269515277,15.519163587493496,13.230763634757638
-14.98352,65,675.020784,1.0,0.046964058146036415,166.5878868103295,1.5458490960761515,2.5628905663127615
-37.423613,200,675.146302,0.0,0.14461615970834926,2987.7006101191323,16.916926490209484,14.938503050595662
-106.03072,200,675.275813,0.0,0.27330345336143747,1864.91675098439,11.66850873272229,9.324583754921951
-69.848763,200,675.401855,0.0,0.27567806975809517,2770.798253544943,16.57175213402725,13.853991267724714
-103.240023,200,675.525382,0.0,0.40988994757032454,3213.113408793941,17.90575016275521,16.065567043969704
-101.470069,200,675.648463,0.0,0.31876201285861305,2683.9258589315937,15.911599417100572,13.419629294657968
-37.636181,200,675.772997,0.0,0.06920073164331357,2586.242754412984,15.978261617719362,12.93121377206492
-131.437685,200,676.269711,0.0,0.46990190238438967,2845.0651678238046,16.214430480609504,14.225325839119023
-135.029294,200,676.414744,0.0,0.4745199779527383,2298.9902327482223,13.34059118979748,11.494951163741112
-6.366292,28,676.434747,1.0,0.0414664400579766,92.53919362547569,0.707103231507257,3.304971200909846
-138.967321,200,676.567276,0.0,0.47647212326672644,2097.0937030700093,12.665555110303298,10.485468515350046
-64.122893,200,676.697333,0.0,0.09155760305014801,2488.0431028154776,14.670140442926757,12.440215514077387
-149.27872,200,676.822858,0.0,0.5612843050535211,2411.1942309444325,13.887944027030404,12.055971154722164
-43.525929,174,676.928385,1.0,0.04890876657509798,1469.81980587021,9.077854568312777,8.447240263621897
-10.856836,41,676.955385,1.0,0.04643660261043111,132.4448269308364,1.2275077686134874,3.230361632459424
-33.865516,181,677.071917,1.0,0.04801225016832424,2636.395618417739,15.526904003200642,14.56572164871679
-27.112698,99,677.136441,1.0,0.04977436413422201,256.64119556441756,2.0761970064192963,2.5923353087314904
-67.396768,200,677.261961,0.0,0.126525118334776,2861.7914572043874,16.92875772712424,14.308957286021936
-111.491704,200,677.391017,0.0,0.37794501399401226,3102.048935359779,17.75827349557616,15.510244676798896
-100.448759,200,677.854528,0.0,0.4130198322695434,3064.2345964145325,16.764227029956636,15.321172982072662
-17.681308,72,677.910045,1.0,0.04560762224319651,126.96191197147864,1.105861497077138,1.7633598884927588
-103.520343,200,678.042563,0.0,0.38707278694951136,2990.6057347547353,16.921707775074534,14.953028673773677
-146.212694,200,678.176223,0.0,0.6798265553534186,2755.177655945153,16.703884527184623,13.775888279725766
-20.212645,74,678.223741,1.0,0.045375786809701744,177.80458486583538,1.7199461283234707,2.402764660349127
-56.123614,200,678.357488,0.0,0.0929709133525954,3182.7323506939206,17.734087537529813,15.913661753469603
-104.761057,200,678.490536,0.0,0.34992454186409105,2947.6014091807456,16.52856085028488,14.738007045903728
-127.217755,200,678.618085,0.0,0.47174947107155013,2913.0783468937216,16.881157755704393,14.565391734468609
-85.280151,200,678.746598,0.0,0.2248716001020818,2526.626225006679,14.973930335537585,12.633131125033394
-31.538849,149,678.842112,1.0,0.04986040780535114,1262.8256939212515,7.741462211629031,8.475340227659407
-123.20443,200,678.972174,0.0,0.4036913316341905,2746.5951466705196,15.478093624633955,13.732975733352598
-13.304573,112,679.043723,1.0,0.048841182818512435,1647.4351290471432,9.534545951476046,14.709242223635206
-131.9115,200,679.500331,0.0,0.46206621752600613,2761.561713033916,16.178193947887014,13.80780856516958
-57.518291,197,679.650847,1.0,0.049675092262385624,2324.230755446894,14.002629942140468,11.798125662166974
-28.97221,137,679.746236,1.0,0.049028592670235495,1041.9660491887473,6.456059968868796,7.605591599917863
-56.895793,200,679.875762,0.0,0.10608016036852524,1805.709644288694,11.041941320522266,9.02854822144347
-72.244043,200,680.003569,0.0,0.10418150211301401,2648.440436635427,15.380653603399823,13.242202183177135
-32.574683,200,680.130077,0.0,0.11312732215711761,2728.766048668164,16.093556322834733,13.643830243340819
-114.208703,200,680.259092,0.0,0.5413159704694205,2799.0557876219714,16.49536106785401,13.995278938109857
-137.239916,200,680.390033,0.0,0.6433878643721597,2643.2342887505174,15.314855904965468,13.216171443752588
-139.51274,200,680.521433,0.0,0.6621439749926115,2727.9141567707766,16.478264969762094,13.639570783853882
-141.05646,200,680.64196,0.0,0.6392753581088927,3414.633028969762,19.305761389980418,17.07316514484881
-77.432044,200,680.767488,0.0,0.286460768882064,2458.170142417343,14.982391334275038,12.290850712086716
-20.993089,120,681.165323,1.0,0.042725849262809534,734.5303680277666,4.7608987584270555,6.1210864002313885
-135.145805,200,681.312752,0.0,0.5492436044221327,2744.5154861550436,16.076969158610293,13.722577430775218
-36.997178,176,681.435296,1.0,0.046520606568855406,2162.956427740521,13.012072839688216,12.289525157616596
-162.945755,200,681.565806,0.0,0.7652632876225295,3017.846948406545,17.17764206967393,15.089234742032724
-95.348855,200,681.697327,0.0,0.2752229125426313,2469.2401056619756,14.19212347059976,12.346200528309877
-22.342729,200,681.825842,0.0,0.27265942676972466,2795.9182422838007,15.431228127377198,13.979591211419004
-80.049207,200,681.953379,0.0,0.1755325537470163,2247.243220378358,13.21151763705835,11.23621610189179
-52.61883,200,682.082945,0.0,0.06892092804001065,3046.2346693086056,17.058703196471654,15.231173346543027
-154.20168,200,682.212,0.0,0.7218497487671569,3128.1448498828845,18.525777066685393,15.640724249414422
-8.622426,36,682.234994,1.0,0.0492577658680742,126.64946860973438,1.1724647370318388,3.518040794714844
-22.279139,88,682.289515,1.0,0.048930533597334104,184.24539994763654,1.5805256317754235,2.093697726677688
-69.850085,200,682.411031,0.0,0.14200854503193405,2074.5883800192,12.786625503436793,10.372941900096
-58.11466,200,682.889017,0.0,0.08586700687000089,2334.3735493155764,13.940651992957976,11.671867746577881
-88.087786,200,683.033534,0.0,0.2548220773286234,3118.9248715055887,17.72601381232575,15.594624357527943
-159.210773,200,683.163088,0.0,0.7712806945491429,3066.301213294788,17.54781663489526,15.33150606647394
-32.142391,200,683.289153,0.0,0.093072385283039,2465.0896639911475,14.528814971705426,12.325448319955738
-127.062846,200,683.418681,0.0,0.4577465613705267,2957.3637883994916,16.423166303140775,14.786818941997458
-30.565123,174,683.5272,1.0,0.04380120193846414,2238.9141997432544,13.066093850011153,12.867322987030198
-17.408194,66,683.571203,1.0,0.0495155971370382,170.03288513518092,1.6325328986961922,2.576255835381529
-9.575267,89,683.629721,1.0,0.048844891101539965,927.7881014684551,5.645312950329055,10.424585409757922
-15.694103,121,683.706239,1.0,0.04905491831621134,1814.4076164478415,10.547373150862512,14.99510426816398
-25.452975,92,683.766239,1.0,0.04911395053880242,138.45802373291946,1.31700191394537,1.5049785188360811
-11.62938,94,683.826764,1.0,0.049634292618776575,1093.4556775820004,6.735923421973976,11.632507208319153
-96.49854,200,683.95829,0.0,0.41657542806289133,2852.4936772738283,16.422070872674148,14.262468386369141
-155.369029,200,684.089338,0.0,0.7664960825638891,3208.357085887294,18.53048401856017,16.04178542943647
-146.967299,200,684.529826,0.0,0.5381220041275907,2246.6195828164305,13.597241415195061,11.233097914082153
-98.631294,200,684.681351,0.0,0.43301567338332886,2787.407831912752,16.818554089418846,13.93703915956376
-13.056409,114,684.760195,1.0,0.04353937716287002,1632.6510719893342,9.817123860384344,14.321500631485389
-114.191987,200,684.890881,0.0,0.3193213472348623,2045.958213963166,12.319980367032134,10.22979106981583
-55.429215,200,685.017427,0.0,0.1756748340442691,3004.283610706685,17.507785027801365,15.021418053533425
-129.544923,200,685.142954,0.0,0.592912817761176,2614.7718600900293,16.380181648402292,13.073859300450147
-25.693123,200,685.268316,0.0,0.19210015646142428,2690.605981751746,15.482679094851699,13.453029908758731
-77.257471,200,685.394364,0.0,0.1563767817194957,2923.450050246394,16.339782535289178,14.617250251231969
-121.300321,200,685.523892,0.0,0.3586949114058559,1835.0439128862374,11.333344439075253,9.175219564431186
-172.191086,200,685.653413,0.0,0.7598280980343999,3167.5923258915627,18.511826201238627,15.837961629457814
-69.196714,200,685.780412,0.0,0.24982366978501874,2711.0640558525383,15.703558466073435,13.555320279262691
-55.984243,200,686.228981,0.0,0.05568134501079433,1962.7310363208608,11.744710724760349,9.813655181604304
-126.007528,200,686.375501,0.0,0.41849853338977877,2536.900839662672,14.6330051893741,12.684504198313359
-57.701067,200,686.506538,0.0,0.09276710227291327,2915.513284163644,15.747874430533264,14.57756642081822
-111.655533,200,686.635054,0.0,0.4577809620659447,3181.3203664297407,18.274314476039184,15.906601832148704
-107.35495,200,686.759572,0.0,0.32934276188710043,2352.4900566052415,14.166405450716452,11.762450283026208
-82.466365,200,686.886099,0.0,0.20949897724321628,2554.81431849724,15.430939301283244,12.7740715924862
-57.814192,200,687.018589,0.0,0.09251492925937557,2793.9693904783594,15.8961596869717,13.969846952391798
-136.909804,200,687.148545,0.0,0.45647225038590583,1625.2442366139458,10.330579575286405,8.12622118306973
-153.411679,200,687.274066,0.0,0.7470267002363312,2970.446543326562,18.208254891921943,14.852232716632809
-99.619706,200,687.400949,0.0,0.4472100783737293,3063.0992693064804,17.592519519493283,15.315496346532402
-107.532332,200,687.863176,0.0,0.3406142236484039,3038.644767552292,17.040009753717808,15.193223837761458
-27.522059,154,687.97869,1.0,0.04992506586938769,2233.4402648412783,12.77718348958801,14.502858862605704
-111.596735,200,688.112732,0.0,0.45621487322244747,3020.3464353170443,17.494227988183713,15.101732176585221
-107.392838,200,688.244251,0.0,0.3230631325906165,2169.155880889548,13.573721987010972,10.84577940444774
-16.384639,120,688.318767,1.0,0.046519008367226354,1616.5554738749065,9.538749794295594,13.471295615624221
-144.934666,200,688.449937,0.0,0.6986128899770574,2873.1294036431514,16.798491308590418,14.365647018215757
-78.103067,200,688.57947,0.0,0.3007646495983443,2752.888528685126,15.956412350953768,13.76444264342563
-31.983488,200,688.712501,0.0,0.09823541884820952,2792.633833238779,16.69532373845431,13.963169166193895
-86.711112,200,688.83743,0.0,0.3095881598021728,3206.3699014346607,18.360394469486135,16.031849507173305
-102.636302,200,688.962957,0.0,0.31839798198565167,1795.499166784143,10.632970340507427,8.977495833920715
-28.362634,150,689.053479,1.0,0.04876836793951868,1734.4930644691417,10.744138046445684,11.563287096460945
-102.128602,200,689.513244,0.0,0.34415165592588465,2627.068313447033,15.094654538987545,13.135341567235164
-31.303101,170,689.642757,1.0,0.04739156945015329,2277.7682959505305,13.130360281347674,13.398637035003121
-145.536011,200,689.779896,0.0,0.6247670214375024,3228.263324704834,18.119815450420955,16.14131662352417
-36.169759,200,689.911944,0.0,0.07498140358673962,2344.850573718254,14.018289704766662,11.72425286859127
-118.161814,200,690.041458,0.0,0.43317868426033085,3170.627880525083,18.394927775359843,15.853139402625416
-117.177087,200,690.165978,0.0,0.3587198402274124,1879.3792056438397,11.086676357166528,9.396896028219198
-139.523969,200,690.290553,0.0,0.4711276064557353,2865.430788733766,17.10578655100995,14.32715394366883
-73.999513,200,690.414758,0.0,0.17004823550869544,3077.5858943775097,17.232975706616582,15.38792947188755
-103.515882,200,690.534386,0.0,0.37475012124002666,3108.2367848868903,18.076934864410518,15.541183924434451
-19.853145,140,690.624916,1.0,0.044274545311874955,1278.7956842327453,7.7925974694582045,9.134254887376752
-66.704914,200,690.750458,0.0,0.15060823297599724,2621.497666159045,14.723517675542475,13.107488330795224
-55.267776,200,691.207603,0.0,0.08113852728659379,1900.8893823882759,11.000289630583945,9.504446911941379
-98.905603,200,691.364274,0.0,0.2953140150277899,2782.7936216078137,16.42480135782592,13.913968108039068
-136.37369,200,691.500961,0.0,0.5632946187053941,3034.802341989059,17.659992947219973,15.174011709945296
-125.863314,200,691.631486,0.0,0.4163534175724729,1834.2064883853366,11.52897010605025,9.171032441926682
-155.709983,200,691.757963,0.0,0.6785344607099568,2774.329982080266,15.926691881426608,13.871649910401329
-103.696119,200,691.888158,0.0,0.376707922623008,3018.600834614479,17.32514520823144,15.093004173072394
-26.946827,157,691.986701,1.0,0.0473397525292088,2323.91314736132,13.033118742126574,14.801994569180383
-94.862143,200,692.111797,0.0,0.3983882365428818,2645.467320942047,15.828465287253913,13.227336604710235
-162.818162,200,692.232346,0.0,0.7799793107139877,2827.9259740448774,17.039997644166057,14.139629870224388
-116.504501,200,692.358886,0.0,0.46684793828822313,3020.7564177874533,17.089216430891,15.103782088937267
-109.412181,200,692.816875,0.0,0.31791575749124473,2030.7448117305082,12.133785207582887,10.153724058652541
-125.726757,200,692.971387,0.0,0.4694072672682669,2029.920169433742,12.625404649904981,10.14960084716871
-23.534035,150,693.068901,1.0,0.04936616085563551,2187.2435731157,12.4684022345273,14.581623820771334
-11.00083,97,693.132429,1.0,0.04911470299123992,1277.6912653499328,7.587810845744311,13.17207490051477
-7.645151,74,693.181432,1.0,0.04980542794738345,732.2305692344037,4.3016781539667175,9.895007692356806
-9.136001,52,693.212953,1.0,0.049900301806398956,178.81853393799528,1.3558123634439518,3.4388179603460634
-21.787498,144,693.304509,1.0,0.04905617809528375,1234.882734556349,7.466547839133019,8.575574545530202
-26.956555,153,693.402015,1.0,0.04652366313014713,2068.76005396538,11.7219884971994,13.521307542257386
-114.315507,200,693.532866,0.0,0.3816886591591366,3259.352836027249,18.75554305521747,16.296764180136243
-10.381782,97,693.594052,1.0,0.04960780065728271,1433.3518147354177,8.264902020834736,14.776822832323894
-28.065398,157,693.695593,1.0,0.049179998995968276,1884.2735821990507,10.83302486414563,12.001742561777393
-98.488184,200,693.822139,0.0,0.37166087008735915,2826.677349694572,15.899995580522763,14.13338674847286
-128.570501,200,693.950593,0.0,0.5824787695212498,2750.6273533805665,16.025093788792645,13.753136766902832
-12.775815,111,694.019135,1.0,0.049903521065239966,1596.7977004447173,9.29044115906946,14.385564868871327
-96.078235,200,694.450176,0.0,0.2983053509505652,2813.514389636176,16.80097756562239,14.06757194818088
-44.957137,172,694.579699,1.0,0.04793629112302888,2149.505542078951,12.357205432447689,12.497125244645064
-135.223603,200,694.719794,0.0,0.5421697444534008,2761.9351905447525,15.94335983921022,13.809675952723762
-160.298577,200,694.846307,0.0,0.6871149310120666,3349.484896018241,18.98392431714392,16.747424480091205
-136.374474,200,694.977836,0.0,0.45766208918117046,2241.4264378376643,12.862193347400146,11.207132189188322
-35.349236,200,695.108907,0.0,0.24175082656410032,2412.696024058278,13.935732132670376,12.06348012029139
-55.809055,189,695.225022,1.0,0.04780161259878126,1558.8131945882678,9.854422053595739,8.247688860255385
-66.723701,200,695.348554,0.0,0.05437655596359928,1515.027847014971,9.154864645731681,7.575139235074855
-71.280665,200,695.476088,0.0,0.1762511726162494,2775.670133532563,15.927484603852152,13.878350667662815
-160.165204,200,695.603203,0.0,0.6650017385723721,3278.6543717810573,18.50914106431598,16.393271858905287
-133.365619,200,695.736439,0.0,0.4504460334484769,2885.4672913252994,16.63065675423294,14.427336456626497
-158.091159,200,696.211948,0.0,0.6721987264773451,2755.7317733773834,16.50399476800024,13.778658866886918
-132.139049,200,696.351462,0.0,0.45595793560935366,1904.9197604485057,11.584974333987365,9.52459880224253
-144.936305,200,696.480988,0.0,0.5132375311080141,2967.486491175593,16.83236477254439,14.837432455877966
-46.881263,179,696.599836,1.0,0.047822640958450964,2111.2647876189235,12.720638866183418,11.794775349826388
-56.914354,200,696.726356,0.0,0.057603071306795976,2848.0141416233473,15.75376738318418,14.240070708116736
-63.799186,200,696.854868,0.0,0.05252516193599434,2603.1275928742516,14.866389944440176,13.015637964371258
-16.675641,124,696.936386,1.0,0.048831385434722124,1421.9913295879337,8.247529714351701,11.467672012805917
-45.983166,200,697.063916,0.0,0.06268141249888481,2539.960131857018,14.92345515572915,12.69980065928509
-6.26153,28,697.08296,1.0,0.044340405405824394,61.36728320216932,0.5366991292247555,2.1916886857917612
-121.535747,200,697.208911,0.0,0.41868202271397975,2773.667173003805,16.196554748141455,13.868335865019025
-67.224449,200,697.336428,0.0,0.06256786813113398,1823.707928109695,10.927884204773587,9.118539640548475
-152.08022,200,697.764507,0.0,0.6278128815445084,2883.1994769039543,16.617399206512733,14.415997384519772
-49.572571,182,697.91086,1.0,0.04882842206149259,2182.6582711994356,13.12418261559697,11.992627863733162
-106.126256,200,698.046062,0.0,0.3424995785000735,2534.3530108741634,14.950884746023048,12.671765054370816
-51.137186,184,698.16759,1.0,0.04583081820992188,2013.8010585250897,11.308271676204491,10.944570970245053
-28.424637,200,698.293814,0.0,0.20882257127396608,2360.082852040998,13.531603152513517,11.800414260204992
-129.53826,200,698.416873,0.0,0.47908031193909173,2926.262417553088,17.247321566282984,14.63131208776544
-147.091252,200,698.537437,0.0,0.6358774792634679,2725.283863381341,16.013579500776746,13.626419316906704
-71.904904,200,698.665956,0.0,0.19306846215653672,2649.1486713760405,15.71955901662832,13.245743356880203
-96.230252,200,698.796026,0.0,0.2908322158131011,2596.221246783555,15.149895578546518,12.981106233917776
-130.639923,200,698.926544,0.0,0.39035950434778593,1630.2046818793888,10.161401521763336,8.151023409396943
-54.640171,200,699.054065,0.0,0.05621015798689277,2718.508597153644,15.834908940953591,13.59254298576822
-12.810823,63,699.430109,1.0,0.04814604523172731,137.46170671178442,1.1352212845792402,2.1819318525680065
-43.954997,168,699.547627,1.0,0.049256293558561745,1922.566696529125,10.952139532515377,11.443849384101934
-19.472105,128,699.646142,1.0,0.04749684651082258,1603.375960247699,9.257304657259255,12.526374689435148
-25.088823,92,699.708658,1.0,0.049388959730378754,57.752549515613474,0.5442132397478036,0.6277451034305812
-61.898099,200,699.835179,0.0,0.08633122561461504,1691.830891529274,9.707748467827722,8.45915445764637
-38.091157,168,699.945712,1.0,0.04996193725616982,2249.6867732394458,13.044131029659985,13.390992697853843
-28.042907,148,700.045083,1.0,0.04902936144079642,1754.2436536782639,10.071712407608969,11.852997659988269
-30.385439,155,700.147766,1.0,0.04994630106987641,1602.9293962625172,9.278018356510167,10.341479975887207
-33.521436,138,700.239291,1.0,0.04669525268473374,779.5257296199716,4.85415107625877,5.6487371711592145
-152.746659,200,700.365819,0.0,0.5862159738846228,2816.404694214041,15.901114358875073,14.082023471070205
-146.708518,200,700.491351,0.0,0.6103147612324171,2793.4547044280885,16.564504068443984,13.967273522140442
-158.407646,200,700.619379,0.0,0.6270617532472251,2753.308894234563,16.05517883030361,13.766544471172814
-61.951659,195,700.745409,1.0,0.04655803459964919,2291.1342146998118,13.258629801828762,11.749406229229804
-33.635909,200,701.221444,0.0,0.21772056749604818,2241.006810314687,13.374133686856714,11.205034051573435
-123.098217,200,701.373966,0.0,0.3283053286204277,1966.066640464788,11.470072173396186,9.83033320232394
-130.359007,200,701.504999,0.0,0.5243529685094434,2591.192268693756,15.675704426101401,12.955961343468779
-9.497274,89,701.559005,1.0,0.047940534414460355,1259.8004280107318,7.344519437576384,14.155060988884626
-11.078217,96,701.62252,1.0,0.044533527484487356,1096.519416181012,6.499667202412551,11.422077251885542
-148.642409,200,701.753039,0.0,0.6016408583208461,2502.933099142749,14.84391130035353,12.514665495713746
-104.211656,200,701.878556,0.0,0.2405863031070215,2530.792132751293,14.541535511715155,12.653960663756466
-34.150445,200,702.006606,0.0,0.2936790118529256,2479.3643428032387,14.411822449906104,12.396821714016193
-136.657929,200,702.134141,0.0,0.5529588459629512,2591.313770051761,15.436788069161393,12.956568850258805
-101.107655,200,702.263973,0.0,0.24563873068769568,2299.0639848237347,12.831104637620232,11.495319924118673
-44.886889,178,702.378135,1.0,0.043916803936676706,2314.78428615119,13.506876007194444,13.004406101972977
-73.331159,200,702.831353,0.0,0.20189716789648374,2379.6297122086185,13.680969606267896,11.898148561043092
-11.190004,95,702.898863,1.0,0.0489934067663851,1116.0605648829107,6.083555010075952,11.748005946135903
-53.131253,200,703.035387,0.0,0.09309504642790853,2558.332252773121,14.076005144114397,12.791661263865606
-20.238482,126,703.117939,1.0,0.045518320428183885,1439.2013869175642,8.252607139744404,11.422233229504478
-106.929434,200,703.244455,0.0,0.2791353828470394,1993.510771519301,11.832722712340175,9.967553857596505
-53.333802,167,703.354046,1.0,0.04857574795077922,975.9603663657565,6.081641298502852,5.84407405009435
-33.162388,146,703.449584,1.0,0.04930949586238179,1103.3254677907053,6.7181939601616065,7.557023751991132
-141.084234,200,703.57498,0.0,0.6106338406917005,2528.5868837410335,14.701060264653478,12.642934418705167
-114.587149,200,703.701033,0.0,0.29246813904834906,1686.1415147222729,9.758605936375668,8.430707573611365
-34.583862,156,703.804563,1.0,0.048747869131496646,1953.6489544826698,10.988415327771513,12.523390733863268
-124.918942,200,703.931119,0.0,0.4782524047657265,2445.415747543426,14.384515693420221,12.227078737717129
-72.751781,200,704.058651,0.0,0.13286933942203563,2605.193521915203,15.142568700354735,13.025967609576014
-34.364643,153,704.497292,1.0,0.048240322103326516,1557.2243561365021,8.657943870820935,10.177936968212432
-64.473942,200,704.641872,0.0,0.13035110137083916,2341.4738570154127,13.40803295571565,11.707369285077064
-72.599753,200,704.773886,0.0,0.1425806772509411,2508.9861146087505,14.14005132273746,12.544930573043752
-128.740664,200,704.899912,0.0,0.353540574957047,1379.6564041113404,8.597227368832908,6.898282020556702
-87.862217,200,705.025441,0.0,0.16115673366159142,2122.517121644034,12.39568079074962,10.61258560822017
-58.848148,181,705.14397,1.0,0.04905396481908657,1167.7174451524863,7.128184237448643,6.451477597527549
-29.181226,200,705.273494,0.0,0.2857857071968593,2322.922070601586,13.30343540154167,11.61461035300793
-114.665147,200,705.39654,0.0,0.3228903825812847,2745.0528960366983,16.094070165827933,13.72526448018349
-57.584083,186,705.512069,1.0,0.04625892492397623,1711.7820729824211,10.007186036283304,9.203129424636673
-14.20997,111,705.581065,1.0,0.042576153968920005,997.6280241396059,6.11468641412509,8.987639857113567
-4.19772,23,705.596573,1.0,0.046726090224000975,71.81539994490053,0.5040519872552974,3.122408693256545
-91.901798,200,705.723108,0.0,0.170543118678123,2426.165913075342,14.355676796538297,12.13082956537671
-50.473576,200,706.188655,0.0,0.11712841988101234,2127.9347470528087,12.39723643300671,10.639673735264044
-37.744913,200,706.334694,0.0,0.29333650203354894,970.6084368980829,5.720886277561513,4.853042184490414
-33.144374,200,706.46421,0.0,0.18353946487457787,2589.74371187464,15.192460067531616,12.948718559373201
-90.287062,200,706.596741,0.0,0.1651391478683138,2061.5249615648213,12.067418470365643,10.307624807824107
-77.409026,200,706.73028,0.0,0.08478303668261075,1686.223135302347,9.848048120801286,8.431115676511734
-27.140004,139,706.816887,1.0,0.048367393379707795,1585.1949436430614,8.839549310338594,11.404280170093967
-124.455362,200,706.94442,0.0,0.3568192253222814,1840.6627081633465,11.088367049470326,9.203313540816731
-27.262083,200,707.070943,0.0,0.3139424867410191,2212.1341007203073,12.40848789631563,11.060670503601536
-17.564335,121,707.145462,1.0,0.04652854922167528,1696.6924827744772,9.494809316102932,14.02225192375601
-83.393404,200,707.269984,0.0,0.14699064861321187,2475.7332277132705,13.958471330075033,12.378666138566352
-132.331612,200,707.399012,0.0,0.33945481886557066,1207.7830433424629,7.510718137932996,6.038915216712314
-75.015229,200,707.829515,0.0,0.10085172096318842,2618.1988017925046,15.44532012505197,13.090994008962523
-37.420712,119,707.917023,1.0,0.04889015191678738,120.5301280592543,1.0075569483920586,1.0128582189853301
-111.774504,200,708.04754,0.0,0.28961047775827153,2637.01543190082,15.600322902187541,13.1850771595041
-59.366323,200,708.171049,0.0,0.12238363748224167,2297.5380718623833,13.563103490472415,11.487690359311916
-20.059265,127,708.250523,1.0,0.04942837450518251,1435.4997118467752,8.331181682445688,11.303147337376183
-107.246822,200,708.375044,0.0,0.38252979937192894,2643.039841116864,14.942832694429475,13.21519920558432
-138.350882,200,708.508118,0.0,0.5339468195272555,2705.7626857578643,15.780237817071523,13.528813428789322
-102.88471,200,708.633646,0.0,0.24643761206448767,2699.9778762091055,14.519374064613396,13.499889381045527
-8.61313,86,708.690651,1.0,0.04689300929443289,803.4968197182073,4.700104259865608,9.342986275793109
-33.371715,127,708.773164,1.0,0.048989004870822965,363.45408682057956,2.3873734472361554,2.86184320331165
-30.702868,154,708.875736,1.0,0.047851744076357235,2111.85132005697,12.218936846141164,13.713320260110196
-62.650033,196,709.00435,1.0,0.04842687917984027,2316.929010345483,13.2922599255603,11.82106637931369
-130.230208,200,709.458401,0.0,0.4969357064097079,2543.5343526104593,15.207860530478193,12.717671763052296
-33.214298,149,709.573916,1.0,0.049225603381450385,1732.354752971312,9.874795866496795,11.626541966250416
-68.299878,200,709.708945,0.0,0.09442650230126319,2659.2698711233556,15.011107603018928,13.296349355616778
-44.3037,170,709.820473,1.0,0.04886563810211148,1767.5298699423759,10.274792044799822,10.397234529072799
-34.808437,164,709.929005,1.0,0.048463201640511946,1756.2296685126369,10.537770234047356,10.708717490930713
-93.993082,200,710.055515,0.0,0.23024844998730942,2705.138081326317,15.819913898963959,13.525690406631586
-81.873821,200,710.186045,0.0,0.10364524830587622,1173.6142497917779,7.217655045083661,5.8680712489588895
-59.924473,200,710.315921,0.0,0.10400322093366844,2412.2255682689747,14.571219952970559,12.061127841344874
-11.220739,104,710.383934,1.0,0.04998711789688201,1152.6464555726864,6.866943638812327,11.083138995891215
-81.634548,200,710.511981,0.0,0.12785392951728564,1730.9585094478653,10.348221195251082,8.654792547239326
-85.947051,200,710.641499,0.0,0.1500620090837554,2804.8204308223458,16.0738022178097,14.024102154111729
-59.902911,191,711.098475,1.0,0.04889855958188652,1750.2235719223938,10.371160870436873,9.163474198546565
-144.293126,200,711.236127,0.0,0.4974727115302727,2734.9463760432554,15.58404341577263,13.674731880216278
-141.766156,200,711.372638,0.0,0.4484355986235491,2393.823439272296,13.995380798710816,11.96911719636148
-11.416557,97,711.441163,1.0,0.04749157244875514,1524.941833776997,8.527475402622153,15.721049832752547
-23.449354,138,711.529704,1.0,0.04864632847781225,1999.978152101455,11.851859589058707,14.492595305083007
-81.642639,200,711.661735,0.0,0.19016100556798946,2503.791785071864,14.001924395182089,12.518958925359321
-105.808044,200,711.792282,0.0,0.30934180759400876,2517.2259338309623,14.618119448069791,12.586129669154811
-21.993524,123,711.872805,1.0,0.04690730112709927,1515.558079908982,8.512668445667257,12.321610405764082
-9.609069,57,711.910322,1.0,0.04921814459901582,56.37992395003293,0.4550779737061605,0.9891214728075953
-78.307196,200,712.034883,0.0,0.16059882264083775,2513.054200775499,14.53649051441406,12.565271003877495
-17.038717,71,712.078883,1.0,0.048290760300488046,69.0505165678058,0.605311345596729,0.9725424868705043
-56.138988,200,712.208973,0.0,0.10393128310382173,2629.959370162377,14.924148386017867,13.149796850811885
-29.233954,139,712.295979,1.0,0.04964986959831414,1650.3482261699717,9.420776243307474,11.873008821366703
-98.735867,200,712.421046,0.0,0.2173976451937788,1781.0748971822802,10.539136543587963,8.905374485911402
-53.278694,176,712.858098,1.0,0.049328026131310244,1320.8564624400822,8.23743822124715,7.504866263864103
-14.659895,72,712.910607,1.0,0.04922152571919545,83.1769322763321,0.7901613376394053,1.1552351705046124
-108.444385,200,713.042587,0.0,0.21041649438086685,1244.4977910562402,7.943205787618254,6.222488955281201
-150.865393,200,713.175112,0.0,0.5323037862108843,2951.341063880565,17.043761955739814,14.756705319402824
-112.670663,200,713.307443,0.0,0.2528380253336498,1444.0578936311372,9.066395079282536,7.220289468155686
-142.516255,200,713.436975,0.0,0.4504291838676021,2225.0224703621125,12.731305361995968,11.125112351810563
-60.316327,191,713.566497,1.0,0.04804893901401685,2151.517442812311,12.687288731755874,11.264489229383827
-114.220659,200,713.696033,0.0,0.3271971664895421,2546.8918760008946,14.71585273100714,12.734459380004473
-32.361177,200,713.826081,0.0,0.374652628544662,2516.062672202505,14.263176894828822,12.580313361012525
-132.928373,200,713.954598,0.0,0.4363048374081127,2386.107565687561,13.377844723455715,11.930537828437805
-8.009767,31,713.975598,1.0,0.04382406811087979,31.839026767281588,0.2588708066837851,1.0270653795897287
-63.506498,200,714.424269,0.0,0.14281596575581862,2132.0787112572366,12.249984450209693,10.660393556286182
-53.274348,181,714.561784,1.0,0.04844861004625774,1905.2081169291919,10.949354543279492,10.526011695741392
-80.300586,200,714.691307,0.0,0.12461410013160397,2635.1971605372637,14.819223231272515,13.175985802686318
-127.497898,200,714.820354,0.0,0.35360341191562633,2253.7772284720522,12.882726853994237,11.26888614236026
-45.127368,200,714.943226,0.0,0.1975727714261669,1185.775907268909,7.221564143771495,5.928879536344544
-85.726333,200,715.075753,0.0,0.22562623117004202,2039.3976974341492,12.088185569983775,10.196988487170746
-5.955247,28,715.095763,1.0,0.04400796984113094,75.50397805519515,0.5382019614558817,2.696570644828398
-111.035878,200,715.223799,0.0,0.24016596823809022,1847.5974432917496,11.257875289642945,9.237987216458748
-76.51838,200,715.354318,0.0,0.09105884924281069,1689.3655775416676,9.883723378381703,8.446827887708338
-69.461337,200,715.487113,0.0,0.1458437257452356,2391.938514920499,13.849328210395148,11.959692574602496
-47.345446,200,715.613718,0.0,0.11287225354104558,2668.32715116073,15.180298198022,13.34163575580365
-58.18437,185,715.724734,1.0,0.049298477664252494,1575.6195799662194,9.31334486331904,8.516862594411997
-104.457922,200,716.186315,0.0,0.20799438131646228,1029.672743566135,6.380582987158725,5.148363717830676
-141.730678,200,716.333353,0.0,0.4236095063903438,2437.4783773873974,14.285001918506394,12.187391886936986
-149.706792,200,716.461878,0.0,0.46132671124591956,2753.2517268749098,15.406169712203754,13.766258634374548
-74.341791,200,716.592412,0.0,0.0885991200822392,1481.0898254839299,8.487547113740952,7.405449127419649
-17.766019,120,716.671571,1.0,0.04909957675217292,1570.5302054639994,8.890345154316822,13.087751712199996
-25.739244,131,716.753083,1.0,0.04853315888346109,1163.0662824357203,6.955616530369135,8.878368568211606
-35.916078,200,716.880601,0.0,0.22089873038136082,1619.631825705497,9.423511319684025,8.098159128527485
-107.624116,200,717.002634,0.0,0.23405200674104376,1552.3358359145911,8.868414867483537,7.761679179572956
-21.094627,86,717.057464,1.0,0.047469017449602406,25.405147788344596,0.22278118367426794,0.29540869521330926
-92.64469,200,717.184604,0.0,0.1436801835149655,999.1634118918834,6.082465713764078,4.995817059459417
-69.346827,177,717.292147,1.0,0.04881284098894569,607.8842243330673,3.874350729963772,3.4343741487743915
-47.166259,200,717.750013,0.0,0.11556034690077845,2700.658016341376,15.37631695465516,13.50329008170688
-110.309536,200,717.895524,0.0,0.2723519888688905,2667.083183865483,15.457917561992891,13.335415919327415
-127.840813,200,718.029545,0.0,0.3225509386026208,1045.592016179876,6.629906838936606,5.22796008089938
-141.14692,200,718.163071,0.0,0.4112624277171093,2243.4279821721307,13.07359241393984,11.217139910860654
-46.945537,200,718.292594,0.0,0.14598584049555322,1389.679460651792,8.326254237786776,6.94839730325896
-77.374631,200,718.418112,0.0,0.10056549470809849,2406.561837837169,14.019616332960625,12.032809189185846
-115.504639,200,718.541633,0.0,0.2818269033804242,2084.087516041461,12.166436962367863,10.420437580207306
-94.274844,200,718.670155,0.0,0.18345556467469876,2490.812991017864,14.005240635675932,12.45406495508932
-15.681694,111,718.741696,1.0,0.04546644630536209,1469.3498907684084,8.127672160236434,13.237386403318995
-53.993187,179,718.854223,1.0,0.0457373038302117,1436.892528030049,8.145551542982536,8.02733255882709
-149.953396,200,718.98575,0.0,0.4745864764673575,2330.8543775391886,13.647704291761023,11.654271887695943
-80.989569,200,719.436327,0.0,0.08672689836867599,1293.791511821702,7.551471429756223,6.46895755910851
-30.218543,200,719.573834,0.0,0.2648119975278565,2354.6110663473364,13.492718196366155,11.773055331736682
-48.657694,163,719.682367,1.0,0.04567912953866667,620.7304245622056,3.8509426874560457,3.808162113878562
-33.005312,142,719.773379,1.0,0.04773395264005698,1553.7796963111919,8.783623125251538,10.94211053740276
-137.427799,200,719.90396,0.0,0.38154403911125284,1550.3920035906463,9.65926133963579,7.751960017953231
-73.991027,200,720.027141,0.0,0.1465463264150739,2326.7033919941805,13.7176968710593,11.633516959970903
-120.264684,200,720.155663,0.0,0.30752274140203534,2093.787525014954,12.189040866402175,10.468937625074771
-45.329305,136,720.23918,1.0,0.049705789522198784,81.87255718635576,0.6186934904899685,0.6020040969584982
-117.32434,200,720.368728,0.0,0.27331905770581616,1615.8443633084194,9.445611586834172,8.079221816542097
-83.71053,200,720.48926,0.0,0.15426720122467488,2287.5546030727105,13.350404594837803,11.437773015363552
-9.742423,56,720.523722,1.0,0.0453908429539782,67.9425705976909,0.4934015570904834,1.2132601892444803
-16.734394,112,720.594725,1.0,0.04899759712034351,1556.2311902933961,8.684240017435298,13.894921341905322
-14.706817,102,720.655689,1.0,0.04758383444788912,1236.539427463707,6.944935022018316,12.122935563369676
-18.300871,78,721.05421,1.0,0.04861588930903673,41.81307176805422,0.35312661863109945,0.5360650226673618
-31.048399,200,721.201228,0.0,0.33800647725576033,2093.7587805984385,12.1922410915052,10.468793902992193
-138.805486,200,721.334757,0.0,0.3912079328660646,1568.6905020252796,9.129387730898948,7.843452510126398
-43.302488,171,721.45027,1.0,0.04951847145485537,1766.605462760008,10.121074256148004,10.331026098011744
-102.504099,200,721.582797,0.0,0.16027823598321606,1082.0155551151922,6.757004821225965,5.410077775575961
-36.472733,144,721.67432,1.0,0.0479749008222221,468.8775969918485,2.7185695822664893,3.2560944235545035
-12.269114,113,721.749841,1.0,0.049359808555979295,1656.7296073846287,9.821582670531589,14.661323959156006
-48.324058,200,721.881362,0.0,0.0948118852783397,2351.2841556909266,13.789707106051507,11.756420778454633
-122.325834,200,722.00942,0.0,0.23199312910008138,803.4852550314399,5.057807121018125,4.0174262751572
-57.871586,200,722.133611,0.0,0.10625680277826546,2322.229376183731,12.975523370903858,11.611146880918655
-53.163258,200,722.26414,0.0,0.09789932621153685,2455.253626691357,13.881784823801537,12.276268133456785
-33.060956,200,722.387673,0.0,0.32535615011762103,2361.912144288022,13.458225428139752,11.809560721440109
-121.351501,200,722.82692,0.0,0.29302330314846425,1574.021456540941,9.244201390874634,7.870107282704705
-12.619536,61,722.86992,1.0,0.047628259240181194,53.993229383916876,0.5068924966992154,0.8851349079330636
-112.066104,200,723.00195,0.0,0.21197190942972124,1018.9466981582588,6.141552473082395,5.094733490791294
-51.082784,200,723.129477,0.0,0.08630829059573875,2491.9484203778984,14.175412379639779,12.459742101889493
-12.646342,89,723.186475,1.0,0.04797875668654255,1074.9020667319228,6.252911974561713,12.077551311594638
-18.721686,127,723.265999,1.0,0.04822045044454257,1656.757028280401,9.620426646787822,13.045330931341741
-32.415964,200,723.394522,0.0,0.2707862288794195,1935.5467649950006,11.221249351678814,9.677733824975002
-59.970903,175,723.501046,1.0,0.04972348296935713,725.1669006402653,4.623690854883355,4.1438108608015165
-109.820526,200,723.628083,0.0,0.2887981407301028,2601.6475401964126,15.145098188167639,13.008237700982063
-67.261173,186,723.749609,1.0,0.04828349991295964,913.2025274238721,5.800555160467934,4.909691007655226
-64.939381,200,723.880008,0.0,0.08351507502934513,2297.429968757222,13.429875625533189,11.48714984378611
-19.641787,82,723.929479,1.0,0.04926075011588414,44.84198770211456,0.3931945547384663,0.5468535085623727
-86.728982,200,724.379415,0.0,0.1747464704633684,2643.95034110347,15.534846711023897,13.219751705517348
-32.772427,200,724.536459,0.0,0.3866588300773763,1880.258859135762,11.207257583218146,9.40129429567881
-23.455563,119,724.616989,1.0,0.048621591245801364,1087.8926455094797,6.199928518814381,9.141955004281343
-20.383886,135,724.706505,1.0,0.0470359242327994,1513.099576745308,8.908154716023624,11.208145012928208
-123.353829,200,724.832021,0.0,0.3233246329798852,2613.18517248101,15.26117575024784,13.065925862405049
-76.785691,189,724.955549,1.0,0.04751266745369421,662.6526572666731,4.092439870962453,3.5060987156966834
-36.20411,200,725.088074,0.0,0.16494403064309382,2762.415546410753,15.836107424703581,13.812077732053766
-103.615076,200,725.214571,0.0,0.24273522402749642,2397.9297350904935,13.274502105305803,11.989648675452468
-11.626768,104,725.278568,1.0,0.04517535900912473,1128.7208710945683,6.5540646959570905,10.853085298986233
-24.652015,125,725.355093,1.0,0.04960305134896311,1158.9725040265675,7.128178875122637,9.27178003221254
-104.706649,200,725.477612,0.0,0.14730800236091648,734.4698404222498,4.700736627673832,3.672349202111249
-84.316202,200,725.603632,0.0,0.08726982574211718,1249.9881740398544,7.676204345047491,6.249940870199271
-121.230921,200,726.083218,0.0,0.32384739528640516,2584.2949297408695,15.094451622058711,12.921474648704347
-47.009188,200,726.233247,0.0,0.16657910743519086,2199.1597954493213,13.002315464190604,10.995798977246606
-66.842186,200,726.366887,0.0,0.05104991182580357,1822.7033428253542,10.603406059410107,9.11351671412677
-21.790239,121,726.444903,1.0,0.04866669859662457,1165.753841941648,6.885507637148891,9.634329272245026
-124.700855,200,726.57587,0.0,0.3984277215816138,2452.0079592064317,13.845119440350368,12.260039796032158
-91.721474,200,726.704887,0.0,0.17193342936637723,2738.801087891754,15.762517884956164,13.69400543945877
-30.156831,200,726.826438,0.0,0.27630654012185574,2364.8547987357347,13.740296425213394,11.824273993678673
-130.363126,200,726.953988,0.0,0.38993815372453067,2575.8034986762495,14.63103844439877,12.879017493381248
-134.683636,200,727.07853,0.0,0.40348756257814766,2506.331467244692,14.37002307482581,12.531657336223459
-38.481897,200,727.203146,0.0,0.22114116805514358,1495.8404689406213,8.49471932356877,7.479202344703107
-138.370119,200,727.332187,0.0,0.4336811723911115,2650.9332859264473,15.561445314447134,13.254666429632236
-35.937158,200,727.795295,0.0,0.19741409641685176,2332.8224756269274,13.682005251943481,11.664112378134638
-86.134602,200,727.934376,0.0,0.09464530944398002,1308.7736779487877,7.873855793275601,6.543868389743938
-120.295761,200,728.06291,0.0,0.29004499959105334,1927.7307110961958,12.101854419458157,9.638653555480978
-77.871858,191,728.187427,1.0,0.045988880923349004,803.4823366639632,5.158150937971581,4.206713804523368
-57.177099,200,728.317477,0.0,0.15924530672473786,2308.5315665496996,12.95975237022989,11.542657832748498
-84.724929,200,728.446943,0.0,0.2281283157396614,1975.7563293253957,11.865047222417425,9.878781646626978
-100.816091,200,728.578202,0.0,0.23228999684831025,2498.0209297165075,14.636452636120534,12.490104648582538
-118.349566,200,728.704905,0.0,0.2674555990669891,1101.8807625773918,6.6832518955358395,5.509403812886959
-69.663372,200,728.833858,0.0,0.06431726696687098,1887.0742058551602,11.614508625003687,9.435371029275801
-140.03556,200,728.963382,0.0,0.4605648253462961,2336.341075053412,13.089450501035643,11.681705375267061
-111.829835,200,729.411998,0.0,0.21792727601201786,1086.6433591199047,6.810029950247644,5.433216795599524
-130.667063,200,729.564512,0.0,0.4358613897372101,2275.0973193225827,12.701983413679033,11.375486596612914
-33.480196,200,729.694059,0.0,0.2675522432837556,1735.930144862906,9.79031181600598,8.67965072431453
-19.535898,129,729.775572,1.0,0.049464919334238834,1326.4154849388303,7.532243538950697,10.282290580921165
-38.049172,200,729.903102,0.0,0.17100939306531218,2642.8444119413507,15.38120471665236,13.214222059706753
-126.077667,200,730.0389,0.0,0.24125884869315573,650.4305440035787,4.128486948651231,3.2521527200178935
-105.396703,200,730.163437,0.0,0.33619634003743754,2196.748079228825,12.811424023239814,10.983740396144126
-113.507717,200,730.290981,0.0,0.20905894269650901,1062.0101101051282,6.739462414553019,5.3100505505256415
-95.830029,200,730.415023,0.0,0.28786169339456197,1953.114076163097,11.517086668795027,9.765570380815484
-37.959847,200,730.538543,0.0,0.17474185706188186,2572.3978424009133,14.21374807264604,12.861989212004566
-93.721461,200,730.666847,0.0,0.16010298771105086,2082.3949617808,12.085639791873977,10.411974808903999
-128.511887,200,731.142649,0.0,0.4240152036506635,2276.333228433485,12.86408215735179,11.381666142167425
-48.834705,200,731.282231,0.0,0.0983056447178688,2206.915387246216,12.560700368953766,11.034576936231081
-75.18748,200,731.408255,0.0,0.09585634163635495,2516.1973527051664,14.295023436505286,12.580986763525832
-55.809419,200,731.537719,0.0,0.10507127536963058,2569.5747015734637,14.489425349681946,12.847873507867318
-114.602733,200,731.667248,0.0,0.2535144582583545,1755.5439340305702,10.830681376045677,8.777719670152852
-112.358127,200,731.795791,0.0,0.349306776024677,2274.391387171537,13.418561051772281,11.371956935857686
-65.207197,200,731.92086,0.0,0.17702948929496481,2142.7972389815604,12.823817308802646,10.713986194907802
-71.132909,200,732.050005,0.0,0.06697414274839161,1927.2779742252967,11.379993777036223,9.636389871126484
-128.72161,200,732.176594,0.0,0.3353865326287916,1649.8058707370374,9.64080479541031,8.249029353685186
-54.381522,200,732.303195,0.0,0.13239918810797666,2454.760957208551,13.825353340062142,12.273804786042756
-13.972762,104,732.690037,1.0,0.049258855620946625,1431.3166426515922,8.059542587371512,13.762660025496078
-98.686366,200,732.835083,0.0,0.1520019313056436,1174.2884368953803,7.009259887766195,5.871442184476901
-114.745852,200,732.969367,0.0,0.1918143633808842,638.5429994205144,4.080386637416141,3.192714997102572
-127.57715,200,733.099132,0.0,0.3348086658629065,1816.1998570388052,10.49354821243755,9.080999285194027
-31.710297,200,733.226143,0.0,0.35233269570995246,2334.004682420771,13.52906900885969,11.670023412103856
-73.883504,200,733.357434,0.0,0.050124412113396175,1566.678883945805,9.272401484178227,7.833394419729025
-61.904375,158,733.458996,1.0,0.04871401266084407,138.34541698689213,0.8930365236056373,0.8756039049803299
-145.517327,200,733.58446,0.0,0.44531355221276697,2381.9974243217594,13.620373630201467,11.909987121608797
-65.351998,200,733.709506,0.0,0.13108641884933425,2193.7659004521956,13.106519874367374,10.968829502260979
-125.199351,200,733.835031,0.0,0.42613487976661496,2560.474316930676,14.75743774259173,12.80237158465338
-106.832805,200,733.961508,0.0,0.22515649549532207,2041.03791913347,12.125089246225885,10.20518959566735
-28.00152,134,734.395523,1.0,0.04735487577306147,1138.5655546691173,6.672250517108321,8.496757870665055
-104.185455,200,734.548545,0.0,0.3145008491229288,2086.4344732220775,12.34025808990832,10.432172366110388
-67.116802,200,734.681063,0.0,0.0864240082547402,2448.61828744659,13.604353930442175,12.24309143723295
-41.468847,200,734.811105,0.0,0.23275950600045484,1161.502237287197,7.066242267186106,5.807511186435985
-53.938408,200,734.939636,0.0,0.4757856116449049,1062.185471636347,6.40933623138263,5.310927358181735
-39.978747,200,735.067159,0.0,0.14896380166894893,2371.3779389254364,13.993314524361653,11.856889694627181
-75.042334,178,735.182193,1.0,0.04850842941177357,468.1495971303583,3.218841265962246,2.6300539164626873
-34.344649,200,735.305717,0.0,0.3081654475003603,1532.8784986322948,9.220429556774858,7.664392493161475
-5.075762,26,735.323224,1.0,0.042971989268329916,113.18843780637754,0.7915769559172767,4.353401454091443
-70.509692,200,735.453758,0.0,0.08128261326920957,2464.638824413011,14.031373991504868,12.323194122065056
-67.345504,200,735.581386,0.0,0.06982503560012189,1857.3094786350384,10.868921874785396,9.286547393175193
-37.877253,152,735.675897,1.0,0.049170394396520704,822.7500131502371,4.818312070172242,5.412829033883139
-113.10456,200,736.138947,0.0,0.22190473362187388,1099.9874903286934,6.90937773067907,5.499937451643467
-12.290555,103,736.21646,1.0,0.048824424629348925,1147.0939044882523,6.387040476199649,11.136834024157789
-9.377477,91,736.275463,1.0,0.04551761737787867,1249.571982813986,7.091072690125647,13.731560250703144
-53.698608,152,736.376008,1.0,0.049505217113625974,236.50507631215302,1.3193074842590204,1.5559544494220594
-98.111919,200,736.502507,0.0,0.22004884508683162,2911.893153079557,16.730531445269254,14.559465765397785
-67.642775,200,736.625544,0.0,0.15138840697124467,2162.855821069142,12.18653293078157,10.814279105345712
-115.476694,200,736.755019,0.0,0.3443886010454762,2089.684662239405,11.548706307145366,10.448423311197025
-56.193795,200,736.87954,0.0,0.13666072110232488,2247.6533868497877,12.49008433179987,11.238266934248939
-89.329008,200,737.005104,0.0,0.11222974130125667,1249.2968257068594,7.402297928858762,6.246484128534297
-136.649353,200,737.12913,0.0,0.3854115856009725,1778.4745807698412,10.477214937846279,8.892372903849205
-40.035547,200,737.256676,0.0,0.18491206364202498,1474.8636497773307,8.537403333084718,7.374318248886653
-97.747427,200,737.72407,0.0,0.21042138833889132,2539.9554531637937,13.842198710346082,12.699777265818968
-82.866901,200,737.873626,0.0,0.11158513473351363,1823.2298630605203,10.394947980488611,9.116149315302602
-120.112139,200,738.005047,0.0,0.3483350242081839,2227.866183849873,12.686528035531955,11.139330919249364
-67.997026,200,738.136091,0.0,0.13312775426973278,2175.498086653841,12.578238858708348,10.877490433269204
-86.272976,200,738.262606,0.0,0.15797190699941482,2647.635292303202,14.873439776870534,13.238176461516009
-45.07753,167,738.366097,1.0,0.0492441576146335,1724.7420127091843,10.129160732936283,10.327796483288529
-10.663395,90,738.422633,1.0,0.049299875205368104,1086.2172462756314,6.363566488508749,12.069080514173683
-59.447415,164,738.527704,1.0,0.049524574173900146,232.5439884439927,1.7087374729173876,1.417951149048736
-66.022674,200,738.651209,0.0,0.1386102179696121,2269.6820925999623,12.962311197931317,11.348410462999812
-88.845892,200,738.784733,0.0,0.09626207007253125,1103.3730598980774,6.704323398229457,5.516865299490387
-77.147097,200,738.911141,0.0,0.12116040611996758,2308.5578137617404,13.255447480022179,11.542789068808702
-131.345381,200,739.346232,0.0,0.4438789593630301,2189.669182346167,12.665610590388546,10.948345911730835
-97.230981,200,739.507137,0.0,0.2524193241595025,2336.7777765093783,13.18549133461295,11.683888882546892
-19.909137,121,739.589192,1.0,0.04843060471337329,1845.1510779645198,10.28186278321859,15.249182462516693
-47.445277,200,739.716301,0.0,0.12962131458645795,2333.067478064024,13.439482342039902,11.665337390320119
-36.093316,200,739.841812,0.0,0.3594287325205348,1777.6138842271746,10.509278364991738,8.888069421135873
-108.961028,200,739.967336,0.0,0.17639530140232834,836.4348389879842,4.992501985631782,4.182174194939921
-50.938292,200,740.094905,0.0,0.075093279205541,2139.3452798026788,12.415594307320614,10.696726399013393
-108.517104,200,740.218999,0.0,0.33337500029226785,2020.874648950633,11.405629042650926,10.104373244753164
-107.262893,200,740.345478,0.0,0.24399673145324072,2566.104607556091,14.732743141149875,12.830523037780456
-49.624805,200,740.472028,0.0,0.09760319111673346,2599.210497608204,14.322566226688593,12.996052488041022
-46.554004,200,740.596507,0.0,0.11262517966800917,2355.740072575987,13.373881311486972,11.778700362879936
-124.514669,200,741.038093,0.0,0.3683789158406365,2440.8413471629215,14.139027765611324,12.204206735814607
-100.590929,200,741.181526,0.0,0.24525143017600376,2320.4173930146426,13.41097832628813,11.602086965073212
-48.434343,182,741.298077,1.0,0.04803925949347787,1851.6820154671543,10.474314226028024,10.174077008061287
-6.161868,70,741.342615,1.0,0.048427645600966476,1057.753814934954,5.823819047824443,15.110768784785058
-76.935753,184,741.461142,1.0,0.04929336630710193,567.0111917633534,3.7196683520101343,3.0815825639312684
-38.59793,200,741.585722,0.0,0.20985716901613963,1756.970816529264,10.220573839647551,8.784854082646321
-39.58395,156,741.688817,1.0,0.04463724298313211,1620.761454301622,9.470095237460633,10.389496501933476
-97.602899,200,741.809952,0.0,0.29851483635576753,2047.888950658667,11.603175633398077,10.239444753293334
-39.56898,200,741.939546,0.0,0.2170674533354877,1243.260714644339,7.496028837772136,6.216303573221695
-12.273142,103,742.00455,1.0,0.046292924553724274,1313.2156369112943,7.467590969565526,12.749666377779556
-44.660954,200,742.130614,0.0,0.1498461763483825,2050.081710961391,12.107377246112401,10.250408554806954
-50.983222,200,742.260103,0.0,0.4402676733195541,871.3405050079268,5.191233874386342,4.356702525039634
-132.58643,200,742.733689,0.0,0.32348796509139827,970.9123215206508,5.7148895399721855,4.854561607603254
-84.403372,188,742.863166,1.0,0.04910903573089174,315.6803760624559,2.213172358913347,1.6791509365024249
-90.573026,200,742.99164,0.0,0.22640256649001567,2341.7947327876727,13.842585531741669,11.708973663938364
-70.13986,181,743.110717,1.0,0.04581783698098589,654.0095313929936,4.041510345443962,3.613312328138086
-58.187531,200,743.237251,0.0,0.0803967268380628,2388.712046377587,14.068316442013133,11.943560231887934
-56.880727,184,743.353898,1.0,0.04850915358738378,1709.9749855630187,9.574861360092134,9.293342312842492
-110.127504,200,743.479419,0.0,0.22680805902161988,1596.9532014426625,9.511293341332694,7.984766007213312
-120.674897,200,743.605969,0.0,0.2760033319497372,1342.0658123652245,7.979263641458946,6.710329061826123
-143.107104,200,743.72999,0.0,0.44158576973293173,2680.77661923907,15.042495013958755,13.40388309619535
-117.697953,200,743.858245,0.0,0.384736308554377,2195.5456183632614,12.122981908149283,10.977728091816306
-58.289304,155,744.295902,1.0,0.047479874604351525,198.60675344107656,1.4896310081049624,1.2813338931682359
-33.970506,200,744.447891,0.0,0.29172820260614274,1939.4025377571293,11.171766813884807,9.697012688785646
-86.041516,200,744.585405,0.0,0.14157918690113092,2488.2782737934685,14.269724466794191,12.441391368967343
-42.207019,176,744.69575,1.0,0.04118512823846423,2390.020573301561,13.56617857468042,13.579662348304323
-23.443745,89,744.754277,1.0,0.04789573036065869,30.920919364481996,0.26756167261395614,0.3474260602750786
-35.709855,200,744.878806,0.0,0.29659379196716296,2419.894705464418,14.279573812557189,12.099473527322091
-6.853469,68,744.922355,1.0,0.04940360500545726,825.5966750520796,5.10268899677936,12.141127574295288
-99.583526,200,745.04888,0.0,0.12108579431297191,824.1994923097344,5.309524956752813,4.120997461548672
-80.3164,200,745.171401,0.0,0.16265584077479237,2135.8866424050443,12.576627827635203,10.679433212025222
-96.366205,200,745.297227,0.0,0.1872926137201023,2325.5387830486566,13.615169737025415,11.627693915243283
-104.86812,200,745.422238,0.0,0.1538153909087594,816.0111878773549,5.196901062974022,4.080055939386774
-30.085764,142,745.508263,1.0,0.04746740242460117,1714.086508752451,9.716500304285532,12.071031751777824
-113.558074,200,745.944822,0.0,0.24307569260510256,1410.9377045167482,8.353526250319154,7.054688522583741
-47.039039,200,746.103117,0.0,0.10369750694195942,2377.7357514265286,13.218912541000138,11.888678757132643
-15.032281,106,746.176198,1.0,0.047766577465912854,1522.7085144334492,8.67333333352609,14.365174664466501
-30.505973,200,746.306285,0.0,0.3519105553503774,2022.685535624292,11.713452269542366,10.113427678121461
-86.991046,200,746.433367,0.0,0.13894974937020693,2649.77298367669,14.892644771146642,13.248864918383449
-107.658907,200,746.563904,0.0,0.23034504895873575,1806.022372905486,10.836827447703905,9.03011186452743
-47.323932,176,746.674425,1.0,0.04772178028833475,2311.6185091092825,12.803702314308575,13.13419607448456
-36.11236,154,746.773897,1.0,0.04883946422685136,1772.6687365248022,9.808143606402457,11.510835951459754
-27.878777,133,746.858424,1.0,0.048821535378152495,800.4350059247141,4.888196114257573,6.018308315223415
-48.657415,200,746.982979,0.0,0.10496935736156414,2345.5019661603096,13.479593701704786,11.727509830801548
-39.098983,200,747.108065,0.0,0.27310289391079556,1435.9761053905677,8.30685315868072,7.1798805269528385
-39.178379,167,747.213129,1.0,0.04709379947085682,1913.1259857988491,10.627271457400303,11.455844226340414
-56.584809,200,747.682197,0.0,0.08994794895552911,2271.59319779762,12.914334754853504,11.3579659889881
-114.936226,200,747.823176,0.0,0.2997292656741368,2398.510893619133,13.523170925815585,11.992554468095665
-77.287479,200,747.951755,0.0,0.12870825949414486,2772.222338568181,15.777797859977987,13.861111692840904
-44.858122,200,748.078278,0.0,0.3462136043605475,1883.247373392203,10.85943965629661,9.416236866961015
-83.611585,200,748.207804,0.0,0.10136663005601265,1453.731149752854,8.50828520078455,7.26865574876427
-62.135978,200,748.334043,0.0,0.07129421574759205,2613.504679331464,14.59276806543014,13.06752339665732
-45.289866,166,748.436164,1.0,0.0486150387544992,1049.058561354593,6.088674776612709,6.31962988767827
-65.53533,200,748.559654,0.0,0.07375192539403398,1531.5965840943977,9.37400207146721,7.657982920471989
-59.25929,153,748.655183,1.0,0.04655096411939068,154.46793953727507,1.049147533251858,1.0095943760606214
-121.76399,200,748.782686,0.0,0.3306629157881939,2511.1372921120847,14.533556889025977,12.555686460560423
-79.335724,200,749.242644,0.0,0.14456095802041918,2124.381475992905,12.524624532567467,10.621907379964526
-80.471181,200,749.386159,0.0,0.14583648475720748,2438.6788815510895,13.820172906974308,12.193394407755447
-20.992402,128,749.471682,1.0,0.047041463927868,1708.631036324235,9.917798358198016,13.348679971283087
-37.637407,200,749.605217,0.0,0.3205882541545746,1347.3890675981577,7.934033402619253,6.736945337990789
-47.122643,200,749.731241,0.0,0.1887310020258994,1043.4137337913173,6.331889765479538,5.217068668956586
-94.058312,200,749.860635,0.0,0.20632688672680774,2605.8699719117512,14.724499696995464,13.029349859558756
-28.40555,136,749.946144,1.0,0.04674671744133409,1555.411126541067,9.181986085866525,11.436846518684316
-52.157998,182,750.059679,1.0,0.04801255908285965,1390.9965416841787,8.21286595753799,7.642838141121861
-58.650024,156,750.153199,1.0,0.048916080388448004,164.61985581022245,1.135327590299698,1.0552554859629644
-129.029292,200,750.281667,0.0,0.3434013190878353,1546.9981145866432,8.986667267440497,7.734990572933216
-42.652596,166,750.383206,1.0,0.04683419719488799,1619.0075032664276,9.295928177019203,9.753057248592938
-122.681103,200,750.510631,0.0,0.22605646423535644,753.991512513943,4.8442872108857875,3.769957562569715
-134.13145,200,751.010773,0.0,0.3794262993093677,2225.7591698115684,12.880374378023765,11.128795849057843
-33.361491,156,751.124549,1.0,0.04977769817270879,1546.8231849013723,9.28501023268832,9.915533236547258
-124.052706,200,751.253079,0.0,0.3273659353551709,2555.1794582179446,14.668221404801464,12.775897291089723
-32.839732,200,751.381588,0.0,0.26922220795161605,2183.4000864211775,12.352159396483346,10.917000432105887
-99.77712,200,751.511123,0.0,0.19366388750402078,2108.717072020792,12.281896656370922,10.54358536010396
-57.367148,200,751.64214,0.0,0.07905941274132623,2546.693782435965,14.092792582636188,12.733468912179825
-46.624243,200,751.771657,0.0,0.12480157127432014,1852.4001824538004,11.06283158462385,9.262000912269002
-26.081597,130,751.853175,1.0,0.048421164459472234,1245.9489798147476,7.477853153359429,9.584222921651905
-41.32801,173,751.961708,1.0,0.04306917254409349,1963.2898540863976,10.915235500016673,11.348496266395362
-104.454698,200,752.086226,0.0,0.22315630679009665,2215.808869970812,12.858808212446434,11.07904434985406
-118.703561,200,752.211717,0.0,0.3480339684754893,2425.1793865068,13.841523662864756,12.125896932534
-136.943198,200,752.671666,0.0,0.3910179942418647,2171.565698786504,12.519945196468969,10.857828493932521
-61.32017,200,752.820215,0.0,0.10805433325877938,2537.3235826596942,15.021437471856535,12.686617913298472
-105.69283,200,752.946752,0.0,0.2222459899873991,2131.9504541589795,12.509860662938852,10.659752270794897
-99.642529,200,753.0713,0.0,0.20579272691677208,2380.2655975392126,13.489213546384676,11.901327987696064
-57.802809,200,753.194817,0.0,0.13342364382170482,2266.5831960105947,12.897611064448967,11.332915980052974
-46.896927,200,753.320431,0.0,0.20625920940933318,1050.1177753139518,6.419779637034474,5.2505888765697595
-88.919506,200,753.446982,0.0,0.17420325254313904,2536.8591059234127,14.826315567008882,12.684295529617064
-56.862851,152,753.544503,1.0,0.047096523283178905,177.8500178500833,1.2764341015552438,1.1700659069084427
-57.794952,182,753.65702,1.0,0.049253702082535204,1045.3948969768417,6.2532546648316405,5.743928005367262
-125.783094,200,753.785542,0.0,0.3266434784815453,2243.4588909463946,13.449084245846505,11.217294454731974
-27.910011,137,753.870805,1.0,0.04825873615391734,1599.5287892411425,9.304477554434012,11.675392622198121
-64.322861,188,754.341373,1.0,0.045094814492864135,1168.797795471282,6.98694118834778,6.217009550379159
-97.012256,200,754.474889,0.0,0.23562628541723224,2370.591541222035,12.938387554000363,11.852957706110177
-86.810495,200,754.601437,0.0,0.15660336634142094,2362.271004336291,12.993797982911959,11.811355021681454
-42.755168,200,754.732527,0.0,0.26522022704448434,1148.0252679999228,6.9268419435995945,5.740126339999614
-51.652984,200,754.862164,0.0,0.09679722335552428,2378.320885124914,13.715888270226987,11.891604425624571
-128.183924,200,754.989839,0.0,0.39298269979275374,2277.0334965462876,13.203102911848303,11.385167482731438
-52.03878,200,755.116798,0.0,0.42777180024427114,719.297061692615,4.660428766339286,3.596485308463075
-35.08538,200,755.246346,0.0,0.2503575168869079,1887.2609114420306,11.195845111593034,9.436304557210153
-19.970771,118,755.320868,1.0,0.0462981806391117,1195.4264007498027,6.665361587865452,10.13073220974409
-29.111818,200,755.44739,0.0,0.3092835854512439,1927.4258888231454,11.204805418521177,9.637129444115727
-98.099793,200,755.902515,0.0,0.19199475760150758,2402.579407167498,14.42366743443487,12.01289703583749
-32.296683,111,755.984026,1.0,0.049234197444994424,50.00271868554197,0.4425758927266418,0.45047494311299074
-31.85653,200,756.123942,0.0,0.3430594973536719,1622.69448226441,9.649658265917559,8.11347241132205
-33.057592,200,756.257432,0.0,0.2608013929900773,1855.5418764039232,10.927181656409129,9.277709382019616
-37.397424,200,756.385967,0.0,0.3389894756069381,1538.3066159097732,9.3013731708107,7.691533079548866
-39.233579,160,756.485423,1.0,0.048216456782836925,2159.262756377593,11.75763746739871,13.495392227359957
-34.757752,200,756.611951,0.0,0.26973156193889597,1704.171288350054,10.165171156981405,8.52085644175027
-39.29523,160,756.709473,1.0,0.04707554003109363,1691.2798995775347,9.61266961842121,10.570499372359592
-93.577237,200,756.833528,0.0,0.15678067876336588,1905.587140282208,11.052380326807725,9.52793570141104
-70.034321,172,756.945016,1.0,0.04814502189850233,316.5612048673133,1.9660503552197925,1.8404721213215889
-40.286169,120,757.021996,1.0,0.04959463563567979,35.28377406697704,0.30506649789818147,0.294031450558142
-130.638639,200,757.152992,0.0,0.2937713413225282,900.5322662414723,5.631149100431333,4.502661331207361
-68.48753,200,757.59371,0.0,0.05512837075070258,2599.4035611198065,14.939425654354991,12.997017805599032
-46.777838,200,757.741739,0.0,0.11037023716127102,2682.3684163632624,15.52133604081553,13.411842081816312
-65.163874,200,757.869898,0.0,0.07915551428380939,2761.760216750672,15.610139896448894,13.80880108375336
-89.307184,200,757.997616,0.0,0.055142919940740075,721.4963488640367,4.51523682763425,3.6074817443201836
-43.037717,200,758.127595,0.0,0.3986026041725676,2274.479604897288,13.097928065081398,11.37239802448644
-15.709048,128,758.205603,1.0,0.04858759105445398,1717.3874954763462,9.434436417168087,13.417089808408955
-36.041408,162,758.311124,1.0,0.04198917478277669,2016.649495498482,11.944374855624357,12.448453675916555
-50.242713,200,758.440185,0.0,0.14640854672385814,1189.2761799824343,7.221125580368537,5.946380899912172
-55.147541,200,758.563729,0.0,0.08688406870452511,2820.3527746591126,16.23442913188166,14.101763873295562
-56.923883,183,758.679245,1.0,0.04731931173556693,1512.188518203594,8.69717588378565,8.263325236085214
-24.599794,92,758.738768,1.0,0.04738242955330331,25.46098145752228,0.22333952037437654,0.27674979845132913
-9.88769,81,758.78977,1.0,0.04958414404378123,702.4537238086416,4.247542500185197,8.672268195168416
-57.078891,179,759.2497,1.0,0.049906914852127705,1253.736274291157,7.574441635945454,7.004113264196408
-21.87537,131,759.347164,1.0,0.049147085597115975,1694.5865453717395,9.934160839156352,12.93577515550946
-16.251303,108,759.418695,1.0,0.04581047335800206,1229.164289153165,6.74016139507216,11.38115082549227
-67.248499,200,759.551273,0.0,0.08925725537873329,2428.0764579222655,13.663614322963612,12.140382289611328
-54.13627,200,759.674799,0.0,0.474011052276094,629.6660088355912,3.886353453804962,3.148330044177956
-44.73721,177,759.787378,1.0,0.04445894791761934,2389.618686634305,13.85634908840397,13.500670545956526
-13.816902,105,759.851893,1.0,0.04805934518839264,1246.3195457400375,7.08724651703313,11.869709959428928
-64.814669,200,759.983427,0.0,0.09356209792194034,2477.8815851504596,13.816484713540875,12.389407925752298
-113.897522,200,760.105951,0.0,0.29189486377023327,2308.0648061706056,12.864320705537434,11.540324030853029
-35.573798,143,760.194422,1.0,0.04863068395949509,1344.309335984484,7.590440692515411,9.400764587304085
-101.09018,200,760.322561,0.0,0.21992113418621642,2666.1047733711675,15.226338043305226,13.330523866855838
-78.271439,200,760.447086,0.0,0.10110465770043284,2141.1895162776605,12.025243479922674,10.705947581388303
-99.151156,200,760.917093,0.0,0.19799509456968184,2515.3722872437643,14.690095732050104,12.576861436218822
-11.283608,98,760.991544,1.0,0.04636421919695727,1237.52684012765,6.647939759866937,12.627824899261736
-66.426457,200,761.124951,0.0,0.09566058717435233,2724.4005091428867,15.388431190475131,13.622002545714434
-81.135641,200,761.256504,0.0,0.09933133317764639,1981.3654442332038,11.552061491788702,9.906827221166019
-90.465082,200,761.38502,0.0,0.20561911163978194,2419.129756663057,13.345898719581953,12.095648783315285
-52.061653,200,761.515866,0.0,0.08726512119093378,2060.529003897917,12.103374332326954,10.302645019489585
-21.01093,123,761.592049,1.0,0.0498967969937772,1454.0568085188813,8.644939628689885,11.821600069259198
-40.55059,170,761.698554,1.0,0.04463687877865135,2199.845154033933,12.863579918518154,12.94026561196431
-69.230207,168,761.80412,1.0,0.04900027130791015,262.699601739928,1.8318503382275568,1.5636881055948098
-10.99528,75,761.850653,1.0,0.04664224828333132,290.6145190502368,1.8147137616227103,3.8748602540031576
-8.993312,33,761.871651,1.0,0.04863997975326851,31.871767337927864,0.25919820990708564,0.9658111314523595
-86.151981,200,761.998178,0.0,0.13607659378760115,2092.9773956948293,11.854162759922742,10.464886978474146
-42.512041,170,762.102629,1.0,0.048840212481857374,2002.036615680341,11.363803253502752,11.77668597459024
-32.264144,149,762.542314,1.0,0.0469885791547895,2048.040952938901,11.539125205487109,13.745241294891951
-77.85765,200,762.681828,0.0,0.06378969869931156,1516.8599616616102,8.90605367626973,7.584299808308051
-30.565955,152,762.781368,1.0,0.046932479249280956,1262.3448310497827,7.557717788712308,8.304900204274887
-106.013117,200,762.909885,0.0,0.2652923513825977,2436.9894462721563,14.062941815782619,12.184947231360782
-32.904424,115,762.984403,1.0,0.04789792606227643,69.03774277400593,0.506227777633597,0.6003281980348342
-67.71462,200,763.113964,0.0,0.05189118269040377,2597.8747293722813,15.26190777644086,12.989373646861406
-85.141076,200,763.245996,0.0,0.1449365265266647,2660.488467561351,15.028884690567745,13.302442337806756
-34.198297,144,763.333504,1.0,0.048552239861081474,1562.9292657557053,9.062114516288549,10.853675456636843
-95.030681,200,763.459805,0.0,0.24863727198990246,2375.08971807731,13.73999494923428,11.875448590386549
-29.994501,143,763.546326,1.0,0.04719414856417567,1923.237113819643,10.617094370273357,13.449210586151349
-112.424809,200,763.672544,0.0,0.2724340787223468,2709.569792062085,15.21552419409405,13.547848960310425
-62.807545,200,763.799099,0.0,0.1449055803348176,2059.2191857769435,12.194620068731254,10.296095928884718
-41.296582,160,764.220779,1.0,0.04976858941292402,1209.2827703113169,7.011830396672181,7.55801731444573
-122.175338,200,764.356295,0.0,0.36739704818679214,2573.501907439311,14.9508150005636,12.867509537196554
-12.327279,93,764.416303,1.0,0.049334948489167064,498.35930413272524,2.794492519617958,5.358702194975541
-19.844266,94,764.477832,1.0,0.04859765902245395,46.88332092797434,0.2828852759353967,0.49875873327632275
-39.825712,200,764.603352,0.0,0.2611702482077082,1410.9567872304767,8.536892743117601,7.054783936152384
-107.251809,200,764.728394,0.0,0.2569353041665386,2519.8691199146806,14.064110216075306,12.599345599573404
-71.125276,200,764.858361,0.0,0.1279087953185556,2387.7067358586987,13.974157926899238,11.938533679293494
-96.426962,200,764.984875,0.0,0.23206497894498448,2322.0611980056287,13.440251834839547,11.610305990028143
-47.880462,172,765.094325,1.0,0.049870606288270315,1044.262343512591,6.1433846125994265,6.071292694840646
-46.340064,200,765.21689,0.0,0.21161068325587837,1006.7423233879632,6.1693633733011115,5.033711616939816
-126.334708,200,765.3419,0.0,0.32990119383587463,2043.7457370465963,11.899507897114411,10.218728685232982
-81.776789,200,765.799447,0.0,0.06812711449656325,1045.569756136432,5.928077454228617,5.2278487806821605
-40.61439,200,765.963215,0.0,0.2737672570006003,1237.3392219741838,7.485533318841419,6.186696109870919
-140.074183,200,766.100723,0.0,0.46953613036226827,2414.0686426823268,14.11038376881645,12.070343213411634
-129.105684,200,766.235363,0.0,0.2418785621746641,454.96172325954416,2.929429683420621,2.2748086162977206
-119.365145,200,766.362889,0.0,0.204783045198349,737.865089708542,4.690575472979212,3.68932544854271
-29.566992,200,766.487428,0.0,0.3450994586204431,2141.155594936582,12.113524220910302,10.70577797468291
-33.795237,200,766.611892,0.0,0.38154369908791474,2420.7182622938158,13.944379262274534,12.10359131146908
-14.553152,105,766.679423,1.0,0.04913184599128897,1489.6838540505428,8.126952874031284,14.187465276671835
-7.769324,31,766.699404,1.0,0.04731372456186019,50.74171383265249,0.4176912727927937,1.6368294784726611
-51.195662,200,766.82945,0.0,0.10713266823671258,2128.7545291041965,12.398962441388981,10.643772645520983
-46.979838,200,766.952979,0.0,0.38895051339871184,2407.871300958846,13.403762504829716,12.03935650479423
-48.886079,200,767.075556,0.0,0.4410027050569044,1120.5319954091303,6.769346536494656,5.6026599770456516
-33.018513,200,767.560255,0.0,0.3457755211209145,1688.7821947937086,10.035057701558951,8.443910973968544
-135.654848,200,767.710833,0.0,0.42457433568630487,2409.1603867693198,13.36309879606862,12.0458019338466
-72.183441,200,767.839934,0.0,0.12485703624811827,2302.0056821103326,13.290950515242235,11.510028410551662
-86.793008,200,767.972487,0.0,0.1069224392784153,1403.1227544223393,8.461277398545871,7.0156137721116965
-112.859101,200,768.109025,0.0,0.15793902586812952,286.88209404622097,1.8902448903970102,1.434410470231105
-106.114195,200,768.232115,0.0,0.2245772139516293,2065.5494365600925,11.859119571437407,10.327747182800463
-36.302323,200,768.356686,0.0,0.2585987499868843,1503.7498474661265,8.380500084183987,7.518749237330633
-52.704406,200,768.485209,0.0,0.41495093194690674,789.8319953501224,4.852630933767379,3.949159976750612
-76.265755,200,768.607704,0.0,0.15559177966639023,2383.6905538886954,13.728079550648477,11.918452769443476
-43.0826,170,768.71723,1.0,0.04881097216520624,2003.3945085812695,11.652902698337314,11.784673579889821
-117.562196,200,769.15501,0.0,0.3512425712980464,2487.477314632813,14.388097773364827,12.437386573164066
-16.146938,119,769.240539,1.0,0.04861301822456358,973.5611184141446,5.701826041512805,8.181185869026425
-72.912155,200,769.382059,1.0,0.04641335260103603,1695.905252230001,9.946021903250765,8.479526261150005
-45.724942,200,769.50661,0.0,0.20118089599273992,996.4432682557797,5.814414860970292,4.982216341278899
-59.79539,200,769.636685,0.0,0.06326179002131395,2513.535727396135,14.330586016540975,12.567678636980675
-18.257298,118,769.713658,1.0,0.0479814375037202,1282.3867869744104,7.364020180997798,10.867684635376358
-25.842255,130,769.79417,1.0,0.04946267306677139,1273.4944222544161,7.365247331800321,9.796110940418586
-37.80134,116,769.863694,1.0,0.04577931423156847,47.35899986062997,0.41840107793298176,0.4082672401778446
-41.699925,200,769.988203,0.0,0.2329505791993951,1257.7655277093243,7.343962062381946,6.288827638546621
-140.569982,200,770.112734,0.0,0.4509799850466479,2493.7398511582774,14.28055289885452,12.468699255791387
-125.651551,200,770.247523,0.0,0.3395117547854215,2192.4468354828027,12.813273663813021,10.962234177414013
-83.199869,200,770.36927,0.0,0.1103166828307409,2128.2043371724835,12.106687375470768,10.641021685862418
-17.456032,113,770.439771,1.0,0.04852321953650043,1511.3666964661877,8.631288789999042,13.37492651739989
-45.530585,175,770.885801,1.0,0.04701848106318978,1779.5289206912314,10.09436935715997,10.168736689664179
-134.590054,200,771.027893,0.0,0.38310386953835585,2598.2874731421603,15.171358423849501,12.991437365710802
-55.887189,200,771.15616,0.0,0.10058242548641248,2469.127519971319,13.628918264268982,12.345637599856595
-84.782173,200,771.28871,0.0,0.14328125169305841,2388.677063632557,13.084711038930502,11.943385318162784
-9.785718,88,771.347172,1.0,0.04709593195510553,1143.0335774753523,6.731590390295278,12.989017925856276
-128.976966,200,771.47369,0.0,0.38911182929011484,2356.3055314093026,13.632141471821114,11.781527657046514
-51.80824,143,771.564626,1.0,0.04897362055059146,101.74184760473244,0.7855202539836814,0.7114814517813457
-136.969149,200,771.690084,0.0,0.4209720706932953,2490.1025471878215,13.75522335406891,12.450512735939107
-41.502032,160,771.792608,1.0,0.04944781154979924,2009.8904351318945,11.32268722885388,12.56181521957434
-78.500182,200,771.920138,0.0,0.13952936226868684,2224.165731112094,12.52996610574584,11.12082865556047
-114.788557,200,772.050133,0.0,0.3226160563487115,2464.0948864951256,14.235832759783273,12.320474432475628
-60.466848,189,772.508523,1.0,0.049532906531819285,1869.1135271432427,10.827942181958264,9.889489561604458
-35.582316,200,772.656105,0.0,0.3437745389514664,1542.2633039152443,9.196955876083395,7.711316519576221
-38.765938,200,772.785635,0.0,0.28370773009973865,1410.3854665030558,8.263819420711767,7.051927332515279
-137.913547,200,772.91781,0.0,0.3763840791565896,1704.8778771247332,10.470976465990566,8.524389385623666
-64.771401,193,773.044595,1.0,0.04888978228686355,1491.2976131554192,9.04676126518084,7.72693063811098
-33.249236,200,773.170183,0.0,0.2832362907104306,1951.0587420567356,11.349608989614126,9.755293710283677
-30.949791,146,773.263706,1.0,0.0471444162495598,1881.5251440452037,10.879480757718893,12.88715852085756
-69.543452,195,773.384244,1.0,0.04856083337097121,1517.366943340798,9.294785383127063,7.78136894020922
-56.429546,186,773.50275,1.0,0.04922710963078985,2279.0579791198834,12.686113293742277,12.252999887741309
-131.786996,200,773.628755,0.0,0.4126018901388699,2351.2647517111695,13.622124952748228,11.756323758555848
-120.865238,200,773.754263,0.0,0.34408327758816143,2442.022447284938,13.992095892142222,12.21011223642469
-64.511883,195,774.214348,1.0,0.04607979377886756,1843.043098209303,10.990575557074154,9.451503067740015
-23.820217,124,774.309742,1.0,0.04605365482913714,1482.8616603438159,8.71631426855806,11.958561776966256
-118.038071,200,774.435798,0.0,0.2896560138427369,2182.7024707926007,12.655318967045961,10.913512353963004
-7.957454,86,774.490814,1.0,0.0456365388500975,1091.5597472988281,6.025671508774929,12.692555201149164
-20.147476,82,774.544405,1.0,0.048314341236716754,27.49353720995059,0.24209082576504729,0.3352870391457389
-29.713851,102,774.610033,1.0,0.04966098836916519,25.554037572818427,0.22427008154122435,0.25052978012567084
-18.49835,118,774.68422,1.0,0.04442716668786315,1450.7072071443702,8.442931501086544,12.294128874104832
-49.132651,200,774.809342,0.0,0.1187495223457592,2299.0431286164417,13.28878624083843,11.495215643082208
-37.760076,150,774.903868,1.0,0.04878300621377314,1606.3936843319696,8.980453887487464,10.709291228879797
-42.63646,200,775.033919,0.0,0.14959119906453316,1706.12794947308,9.859650975613327,8.5306397473654
-33.627991,149,775.128397,1.0,0.04891843510490217,1726.342021424156,10.248112033028457,11.586188063249368
-91.290394,200,775.253916,0.0,0.14935257089405363,1891.5062249472662,11.16915222102849,9.457531124736331
-20.539304,86,775.305911,1.0,0.04883984488223952,25.405147788344596,0.22278118367426794,0.29540869521330926
-88.422937,200,775.756968,0.0,0.15318268028402743,2871.8017468539088,16.181798925030716,14.359008734269544
-76.860541,200,775.905488,0.0,0.14478982092868234,2611.035018364052,15.099896615725662,13.05517509182026
-21.986921,90,775.979004,1.0,0.04939831150864895,25.997502653245665,0.2285920336845001,0.2888611405916185
-127.20623,200,776.10554,0.0,0.23027486833650032,479.6406868545374,3.0956181497338027,2.3982034342726872
-108.092758,200,776.236535,0.0,0.2276744154221726,1693.824334155696,10.05649403811101,8.469121670778481
-68.283705,189,776.358062,1.0,0.047694243457410745,1013.986426661411,6.209033493514398,5.365007548473074
-131.293932,200,776.482639,0.0,0.37907334656866787,2723.1640109427854,14.917498081603508,13.615820054713927
-21.085322,120,776.556186,1.0,0.049996099635742475,1306.80160108685,7.578260679169934,10.890013342390416
-56.294986,200,776.684719,0.0,0.08411508054196927,1258.2164669822946,7.075842467816946,6.291082334911473
-36.248147,200,776.81716,0.0,0.3839393410333833,2433.236209359934,13.753160692939186,12.16618104679967
-30.895908,145,776.910998,1.0,0.04876406881885642,1994.175301423666,11.373879319643699,13.752933113266662
-28.598929,100,776.971126,1.0,0.04561751407825205,25.5354263497592,0.2240839693078548,0.255354263497592
-122.895314,200,777.42013,0.0,0.31208017600076987,1931.1448693002071,10.557407259987237,9.655724346501035
-101.334465,200,777.575155,0.0,0.14680170075614116,912.1917836597991,5.519882072083568,4.560958918298995
-60.399916,200,777.707669,0.0,0.06428080094377861,2202.8779746375108,12.586140065790717,11.014389873187554
-40.047616,121,777.787221,1.0,0.049967558156158325,38.69524588071005,0.33179344493527924,0.3197954205017359
-50.033975,164,777.894762,1.0,0.049221092631801404,675.7953345251851,3.957171273534569,4.120703259299909
-53.235745,200,778.023293,0.0,0.1276261932025923,904.7527342038239,5.4204457300850715,4.52376367101912
-13.499517,99,778.08481,1.0,0.04909789731888924,1389.7886192248934,7.8971387098996235,14.03826888105953
-59.042044,193,778.205334,1.0,0.04148328967456248,1567.6261518924591,9.28456103407979,8.12241529477958
-34.76991,200,778.32938,0.0,0.1942692504910994,2075.6304542804396,11.837298395765226,10.378152271402199
-40.446771,200,778.456572,0.0,0.3409778325661882,2254.1640323031725,13.451867142800051,11.270820161515863
-35.794593,138,778.546071,1.0,0.049437439219505226,1308.8043398865984,7.233331285520426,9.484089419468104
-40.896758,166,778.646619,1.0,0.04854784430119462,2267.9968792745135,12.943139566536493,13.662631802858515
-62.483444,184,779.100143,1.0,0.0485478656972534,903.8750798650225,5.209056662541877,4.912364564483818
-100.234264,200,779.247736,0.0,0.15923248854154404,1116.9847815613236,6.638961178790222,5.584923907806618
-94.569644,200,779.383285,0.0,0.05588240238850205,390.40223507677103,2.4784919598163886,1.9520111753838552
-41.715385,200,779.511789,0.0,0.34462393938423114,2376.74364414669,13.488265747012685,11.88371822073345
-70.196677,200,779.643802,0.0,0.07124788609878151,2662.4201951664204,14.853890695828609,13.312100975832102
-74.540358,182,779.759313,1.0,0.047070577555243326,451.1127000972092,2.65642050733446,2.478641209325325
-36.75039,200,779.885826,0.0,0.29827891403763906,2262.483522666381,12.391179913924217,11.312417613331904
-92.929031,200,780.010334,0.0,0.16296198834001696,2155.779158724425,12.323655845484785,10.778895793622125
-36.13237,200,780.138377,0.0,0.2446903762791072,1520.5159926532033,8.792046989214223,7.602579963266017
-111.608839,200,780.261842,0.0,0.15369822635943264,493.98312608280816,3.13224616590467,2.469915630414041
-55.663384,190,780.379384,1.0,0.04915056360825391,2512.4636281096023,14.504418064776473,13.223492779524223
-79.881735,200,780.826993,0.0,0.18375493784268201,2154.2837574463624,11.967007066575404,10.771418787231813
-45.215618,165,780.943569,1.0,0.049685607366624696,2072.4821575207075,11.731898278429469,12.560497924367924
-38.268605,200,781.072072,0.0,0.38800488707551517,2345.274205932037,13.602880396747103,11.726371029660186
-107.476373,200,781.2025,0.0,0.23505612117868677,2777.378682874327,15.868452187043491,13.886893414371634
-8.284966,87,781.259674,1.0,0.04580491900298771,1103.1403921143765,6.705370757228156,12.679774622004327
-34.785496,200,781.385777,0.0,0.23651445130269663,1735.8191143354315,10.638116347155634,8.679095571677157
-98.949467,200,781.510312,0.0,0.20618154101896943,2642.8970540518317,15.497648896333903,13.214485270259159
-27.021322,135,781.597851,1.0,0.04722570897541037,1701.6239112382673,9.536115487090044,12.604621564727905
-127.271548,200,781.730963,0.0,0.3621185054106404,2545.077643882087,14.120738861593365,12.725388219410435
-88.120203,200,781.865463,0.0,0.16081119023828966,2641.3058191485925,14.931711968531873,13.206529095742962
-60.124729,190,781.989002,1.0,0.047332930247472565,1693.334184651985,9.914238804820174,8.912285182378868
-49.442758,138,782.419069,1.0,0.047397908947510295,25.88903958788453,0.22762010174187597,0.18760173614409079
-106.823093,200,782.568032,0.0,0.30903146175861296,2053.755091845489,11.94087157401995,10.268775459227445
-68.200761,200,782.704549,0.0,0.060550344386941214,2006.4647186518089,11.814465749890458,10.032323593259044
-93.918308,200,782.835573,0.0,0.16527347701324063,1905.1773087193492,11.092632936474638,9.525886543596746
-11.184271,94,782.896574,1.0,0.04436164873272138,1174.860121484236,6.925056581252444,12.498511930683362
-129.642919,200,783.018115,0.0,0.32435055916172656,1421.8401365975828,8.530381018998781,7.109200682987915
-43.656544,200,783.146715,0.0,0.15187454989218932,1608.2991907644196,9.12402334802906,8.041495953822098
-32.464201,152,783.243266,1.0,0.046570529496853,2389.258721542497,13.59505767748083,15.718807378569059
-116.456098,200,783.376093,0.0,0.16392778351180767,388.512677950832,2.535601149637095,1.94256338975416
-126.728017,200,783.502823,0.0,0.3997559434636314,2201.9765954548184,12.586046117562423,11.009882977274092
-104.008349,200,783.628847,0.0,0.18377470629325388,840.9518922325989,4.929162213782919,4.204759461162994
-29.568832,161,783.729351,1.0,0.04707490703385233,2256.8227930361495,12.663677517257645,14.017532876000928
-40.110847,200,784.175725,0.0,0.30776048515231336,2402.6101511712272,13.557280349651052,12.013050755856137
-85.512776,200,784.312357,0.0,0.131009083079533,1773.243492896655,10.707817692468732,8.866217464483276
-117.140985,200,784.444435,0.0,0.3325520451820584,2268.971829509109,13.164689260866316,11.344859147545543
-54.906007,200,784.570902,0.0,0.06730457000112738,1802.2815919203672,10.30143023619212,9.011407959601836
-44.002733,135,784.659421,1.0,0.04933516679758369,98.7006327512575,0.6562271714593869,0.731115798157463
-41.509879,158,784.75695,1.0,0.04795534826934666,1958.766113801173,11.520283675185789,12.397253884817552
-36.279771,200,784.88453,0.0,0.28790483870512773,2488.011491699988,14.016358150011332,12.44005745849994
-92.263627,200,785.005723,0.0,0.10748196755881546,876.5222401325437,5.298498616783238,4.382611200662719
-15.577217,105,785.073294,1.0,0.049943406375317814,1262.1303693496848,7.1364858060970615,12.02028923190176
-9.75249,36,785.09728,1.0,0.04999465787129856,31.92087819389728,0.2596893147420365,0.8866910609415911
-122.065495,200,785.221493,0.0,0.32141044192964463,2848.758080974021,15.772354294643058,14.243790404870106
-21.188817,86,785.274024,1.0,0.04743847242951073,25.405147788344596,0.22278118367426794,0.29540869521330926
-93.348371,200,785.74158,0.0,0.1373814511168319,1309.1185911176437,7.865270655730239,6.545592955588218
-101.382226,200,785.905094,0.0,0.2467897437382815,2506.2862004731205,14.476922126110225,12.531431002365602
-64.867398,200,786.037143,0.0,0.053944523030939294,2336.0106909414917,13.164727838957344,11.680053454707458
-54.94475,200,786.161667,0.0,0.1029663719016505,1198.9277316132427,7.119147216538177,5.994638658066213
-37.759338,200,786.290823,0.0,0.24394340431784078,1496.779763090927,8.39913916365978,7.483898815454634
-94.995361,200,786.420352,0.0,0.18868292454677243,2754.055193218741,15.477325595352859,13.770275966093704
-6.153082,28,786.437876,1.0,0.0463085728813323,31.78991591131218,0.25837970184883424,1.1353541396897207
-102.739046,200,786.560965,0.0,0.27324289830058784,2450.1239344673745,13.844373353653497,12.250619672336873
-31.327262,105,786.624976,1.0,0.04713105190188033,30.01859292024148,0.2621224169877107,0.28589136114515695
-36.212907,153,786.723496,1.0,0.04994518536797217,1804.9018805369606,10.511722185411648,11.796744317235037
-125.074369,200,786.846526,0.0,0.36111041069351585,2315.9157550924792,13.29122141016133,11.579578775462396
-81.823075,200,786.969049,0.0,0.13890047265594208,2685.955491867151,15.333363071110941,13.429777459335755
-33.185172,200,787.443637,0.0,0.3473246145452542,1827.423081801182,10.2688101436259,9.13711540900591
-16.498015,109,787.53016,1.0,0.04850022696880935,1263.8411269790877,7.355631874224129,11.594872724578787
-14.062069,105,787.600162,1.0,0.047932036052299114,1263.6211199660315,7.136995171291011,12.034486856819347
-37.910724,200,787.734208,0.0,0.16877175800006028,2370.2091449736363,13.912253883793568,11.85104572486818
-94.907971,200,787.869454,0.0,0.15186535626135297,1399.9779948146265,8.528387073319728,6.999889974073133
-125.472426,200,788.0002,0.0,0.2925249991435137,1047.0253297531954,6.251961954883538,5.235126648765977
-96.388177,200,788.130243,0.0,0.19332293684724353,2544.620175109384,14.730695517363444,12.72310087554692
-39.275288,200,788.260467,0.0,0.15968767400146566,2012.7511823066036,11.584335086545618,10.063755911533018
-11.212884,93,788.32147,1.0,0.047213449293162305,1325.7255596524694,7.679937000641313,14.255113544650209
-32.8641,200,788.447499,0.0,0.358149497119146,1985.8360375556551,11.88858666863952,9.929180187778275
-14.093722,116,788.516507,1.0,0.046536898611533456,1475.6487382062626,8.428524610610097,12.721109812122954
-118.502929,200,788.641502,0.0,0.35349912799037325,2252.1668717643997,12.66879754807419,11.260834358821999
-25.151758,119,788.715504,1.0,0.04917292285902041,256.49764314030267,1.506979452650454,2.1554423793302746
-12.930189,99,789.119564,1.0,0.04784334084017899,1365.595655595666,7.4988950113378365,13.793895511067332
-38.097666,158,789.23859,1.0,0.04804056230009322,2175.6123229780205,11.968015277886183,13.769698246696333
-55.896076,185,789.369784,1.0,0.046066256057701184,2371.702573367469,13.38682609792904,12.820013910094428
-36.087091,200,789.497307,0.0,0.22080358646722084,2476.2709522844007,14.186845176528662,12.381354761422003
-35.141184,166,789.60182,1.0,0.04710305860469376,1452.7990634024172,8.715639900507451,8.75180158676155
-84.975038,200,789.728097,0.0,0.12761358191539177,2041.7117411857676,11.372549594632618,10.208558705928837
-17.695165,77,789.779608,1.0,0.04616469685734369,25.321397284578065,0.221943678624105,0.3288493153841307
-39.068704,152,789.878134,1.0,0.04612524366361513,1546.5236585684268,8.76429514549599,10.174497753739649
-37.644782,200,790.014484,0.0,0.1737283425009582,1914.6644268087798,10.947608828922538,9.573322134043899
-39.894128,161,790.116638,1.0,0.04891429557268382,1892.2759254550833,10.693226099308655,11.753266617733436
-139.661721,200,790.246668,0.0,0.39809588490223896,2170.2174557469366,12.661923394377816,10.851087278734683
-124.946617,200,790.374187,0.0,0.3258109963333953,2476.9093612168886,14.236587930637715,12.384546806084442
-70.815574,195,790.82972,1.0,0.049554809135607024,1367.4559469566987,8.18712814581761,7.012594599777942
-49.738059,177,790.963238,1.0,0.04929432922159747,2465.770741314624,13.48222935477155,13.930908143020474
-16.568326,112,791.05176,1.0,0.04885586981109197,1553.282340047816,8.867113037071803,13.8685923218555
-30.765112,104,791.118766,1.0,0.045105261370676,25.572648795877654,0.2244561937745939,0.2458908538065159
-43.578245,166,791.220821,1.0,0.04450334718688437,2094.6264295907545,12.033004416957354,12.618231503558762
-43.765112,167,791.328349,1.0,0.049783439999070436,2328.016993024779,12.872721548858001,13.940221515118436
-36.433879,156,791.425867,1.0,0.04495807231200011,1883.8496724073225,10.590712746486853,12.075959438508477
-62.718458,200,791.550644,0.0,0.0980966929871376,2266.7252826371155,12.750765508142633,11.333626413185577
-25.939457,134,791.63216,1.0,0.048206860348187115,1644.7025762048852,9.501008478168956,12.273899822424516
-88.866074,200,791.760679,0.0,0.14676520840725432,2376.7794291342034,13.31365284211776,11.883897145671018
-95.855458,200,791.888196,0.0,0.2524117890800663,2081.776680941957,11.586424407808583,10.408883404709783
-74.146072,200,792.021472,0.0,0.12122108449870997,2515.90686792832,14.259567732839217,12.5795343396416
-31.804375,145,792.435658,1.0,0.04961751852047077,1775.828236815408,10.501708697759334,12.247091288382125
-119.838246,200,792.603174,0.0,0.3022122155655139,2823.487157920294,16.085526650733605,14.11743578960147
-78.486678,200,792.732282,0.0,0.12047392148291765,2595.099804489235,14.734423611375076,12.975499022446174
-110.445732,200,792.85781,0.0,0.3026773254705803,2219.7622129153183,12.39418237044908,11.09881106457659
-116.544261,200,792.983015,0.0,0.24581700615369165,1147.4803158453137,6.932215027554736,5.737401579226568
-61.821602,200,793.113544,0.0,0.08860575603680158,2462.5781197989854,13.626370052421976,12.312890598994928
-32.555153,160,793.217113,1.0,0.04638186083084497,1305.1279660742987,7.3660163667384575,8.157049787964366
-105.131136,200,793.340116,0.0,0.24138574829867537,2589.672343119417,14.709275089017078,12.948361715597084
-60.279402,197,793.461462,1.0,0.04636781980402415,2505.275579537779,14.429912180977098,12.717134921511567
-14.440277,68,793.506459,1.0,0.04887854494283422,25.237646780811545,0.22110617357394213,0.3711418644236992
-101.430906,200,793.634504,0.0,0.27012842741279425,2410.2405672427158,13.345761982991625,12.051202836213578
-67.337141,190,793.749021,1.0,0.048858123584118764,936.9495929431736,5.433498982648173,4.931313647069334
-26.131019,135,794.181085,1.0,0.0476555512247712,1742.4559116803298,9.76265658717867,12.907080827261701
-32.983588,143,794.292595,1.0,0.04944105268193199,1789.489763266793,10.226896080190501,12.513914428439112
-125.640495,200,794.429763,0.0,0.1988471085983273,304.4065494807828,2.0821079025747276,1.5220327474039141
-99.771714,200,794.557433,0.0,0.2188984898677652,2653.9411032771377,15.050334201338488,13.269705516385688
-42.519816,200,794.688958,0.0,0.3189746847887033,2006.162103931835,11.320682030972776,10.030810519659175
-42.371778,200,794.813654,0.0,0.26616006261131403,2411.1858631393798,13.35017096516094,12.055929315696899
-15.381438,71,794.862211,1.0,0.04839856445541785,56.25111181617302,0.4502187469840312,0.7922691805094791
-65.870324,200,794.985727,0.0,0.10171980524820885,2323.200401256749,13.338105879986506,11.616002006283745
-35.095923,159,795.080251,1.0,0.04770597556477942,1742.8122414533163,9.868274138460917,10.961083279580606
-35.039503,200,795.208773,0.0,0.36637862557325795,2496.0502117088527,13.530948807895026,12.480251058544264
-41.103656,200,795.338684,0.0,0.35415383112938753,2485.5209638835254,14.305741698871579,12.427604819417628
-51.940608,180,795.750736,1.0,0.04586097725281465,2441.235684302364,14.052935954554847,13.562420468346467
-71.464701,200,795.889248,0.0,0.062699188750863,2467.5886414418974,14.08215896914916,12.337943207209486
-105.447941,200,796.030777,0.0,0.2255960007738626,2758.1542215822697,16.044540395660768,13.790771107911349
-56.572997,181,796.149163,1.0,0.048584848346288026,1455.2811277128492,8.505166518788556,8.040227224932869
-33.696099,200,796.27669,0.0,0.2602012081442521,1695.7449802879296,9.809532857442914,8.478724901439648
-121.110654,200,796.40521,0.0,0.26999081260367813,1117.9169047864361,6.710382199885176,5.589584523932181
-125.688711,200,796.532976,0.0,0.3256113451216834,2609.937661733571,14.244793988040323,13.049688308667855
-45.746363,200,796.660078,0.0,0.12115556714457862,1630.1994047785056,9.302322925854464,8.150997023892527
-111.521288,200,796.787601,0.0,0.2677317522779265,2793.48512742743,15.913944907673969,13.96742563713715
-45.206997,163,796.891128,1.0,0.03948723155897115,1801.8181708222514,10.279256989752271,11.054099207498474
-52.0293,179,797.009657,1.0,0.0482332377098495,2477.60715199497,13.703902803374866,13.841380737402067
-48.321912,166,797.435247,1.0,0.04794877076088737,1978.7982458797553,10.697494277425728,11.920471360721418
-52.576226,200,797.572673,0.0,0.4142404945995294,781.3765809350582,4.756181268387589,3.906882904675291
-68.297138,199,797.703183,1.0,0.046419091437427396,2105.725782753584,12.151247336813343,10.581536596751679
-133.880925,200,797.828715,0.0,0.38697008017430695,2498.316425774918,14.242263659106442,12.49158212887459
-133.158326,200,797.96076,0.0,0.36337405772284664,2088.668794941163,12.321666014098287,10.443343974705815
-52.05274,178,798.079275,1.0,0.045084550029451304,2598.791279939024,14.206613455192992,14.599951010893394
-127.828174,200,798.205834,0.0,0.343380550781395,2394.2364913236734,13.460687929282109,11.971182456618367
-18.485112,116,798.275357,1.0,0.047342439702521916,1697.8019845579358,9.988986257420141,14.636224004809792
-33.735842,149,798.369808,1.0,0.04443105403112999,915.5312706186481,5.465463622543186,6.144505171937236
-99.208549,200,798.500353,0.0,0.22586918411727855,2212.406955119106,12.69333475006267,11.06203477559553
-87.112982,200,798.623751,0.0,0.13498933718329925,2683.437063377637,14.935879954073362,13.417185316888185
-132.528035,200,799.069152,0.0,0.36190682718744,2103.2073610723714,12.428572639401837,10.516036805361857
-81.242085,200,799.212661,0.0,0.12468079045935161,2471.903080131638,14.114469708264705,12.35951540065819
-37.114356,200,799.346704,0.0,0.19425948539379367,1764.8701027806776,10.072040859112425,8.824350513903388
-122.09702,200,799.476226,0.0,0.31908362130317974,2437.6736313042,13.694476247337748,12.188368156521001
-134.471163,200,799.600736,0.0,0.3745863213084968,2401.719318865101,13.414504878444761,12.008596594325503
-124.31515,200,799.725256,0.0,0.3384523977946939,2735.2375657109797,15.20960479812891,13.676187828554898
-125.875099,200,799.853755,0.0,0.3268799126795912,1796.0732570150367,10.104917762805089,8.980366285075183
-34.540891,153,799.952274,1.0,0.04852897390867266,1996.0011779709778,11.23798173770079,13.045759333143646
-105.948848,200,800.079789,0.0,0.23327911597796078,2709.70291122385,14.768979483963358,13.548514556119251
-106.255387,200,800.202853,0.0,0.24329816903091198,2371.95736411989,13.411160536101807,11.85978682059945
-48.599892,173,800.315374,1.0,0.049140820799335024,2400.635331458836,13.9053998923101,13.876504806120439
-43.077893,153,800.755964,1.0,0.04871836349601518,1520.1723929394072,8.81869940506124,9.935767274113774
-47.414159,200,800.90368,0.0,0.220346064807739,834.2445727164825,4.848275381895941,4.171222863582412
-47.84002,200,801.037434,0.0,0.09563951641462796,2306.017779610909,13.17001311275074,11.530088898054546
-130.088361,200,801.163571,0.0,0.34770021184438926,2240.4726608076617,13.320488732439838,11.202363304038307
-9.640143,89,801.22257,1.0,0.04812455552744768,1370.5568243063647,7.656607652566699,15.399514879846794
-18.111904,77,801.269597,1.0,0.047707158113892076,25.321397284578065,0.221943678624105,0.3288493153841307
-50.426505,176,801.382124,1.0,0.045287667072064226,2569.1072401954725,15.063528849323747,14.597200228383366
-36.162643,151,801.480649,1.0,0.047488321017086686,1748.927265276383,9.722584676285582,11.58229977004227
-112.050216,200,801.606194,0.0,0.25882169194423327,2131.800981635905,12.331627807119256,10.659004908179524
-22.730468,137,801.694745,1.0,0.049042017275907346,1901.9006498169986,10.807449405565876,13.882486495014588
-12.447998,62,801.731724,1.0,0.04965267364440305,25.18181311163386,0.22054783687383353,0.40615827599409454
-49.587736,200,801.860769,0.0,0.24050814164680925,670.6743430226195,3.8940983143023913,3.3533717151130973
-144.102641,200,801.989287,0.0,0.42402026695817224,2532.7705308478785,14.946597102441785,12.663852654239392
-115.544653,200,802.459867,0.0,0.15605244668217905,292.4721607696745,1.89001490453024,1.4623608038483724
-104.387932,200,802.602381,0.0,0.23028850527646394,2456.893623811009,13.66226304803801,12.284468119055045
-119.229438,200,802.733914,0.0,0.30944892028151927,2786.6210896489547,15.839264209400683,13.933105448244774
-104.170642,200,802.859714,0.0,0.24437520880334362,2562.4036461215564,14.875518857121428,12.812018230607782
-33.590469,151,802.957242,1.0,0.04750839233753482,2114.9878905792198,11.903713578654838,14.006542321716687
-64.734955,191,803.082768,1.0,0.048285988376909394,2634.4296122517376,15.05572894517515,13.792825195035276
-49.480043,200,803.213067,0.0,0.10347618318325826,1370.284316806973,7.719326311140875,6.851421584034865
-59.919672,176,803.321238,1.0,0.048092277015537234,551.1310822118057,3.317957741956971,3.131426603476169
-92.61683,200,803.451285,0.0,0.17043169571538314,2790.857139358671,15.996385092648616,13.954285696793354
-49.75583,172,803.557808,1.0,0.04960989823930116,2150.9765458086385,11.602286536162204,12.50567759191069
-34.474536,200,803.680334,0.0,0.284546510602484,1292.8711032640963,7.778313893964604,6.464355516320482
-67.290628,198,804.132401,1.0,0.0488837770464438,2669.3343466758183,15.05860359988242,13.48148659937282
-34.970256,200,804.27012,0.0,0.3098911670782727,1737.4986017562221,10.351888045636795,8.68749300878111
-102.367998,200,804.406968,0.0,0.18674580533997964,1152.2871364202747,6.383800585447671,5.761435682101373
-32.398248,200,804.535485,0.0,0.2820490021171511,2466.883337730034,13.16377027957655,12.334416688650169
-46.655791,138,804.619997,1.0,0.0471831194709104,114.18608729902206,0.8597249337617893,0.8274354152103048
-69.158236,200,804.746046,1.0,0.047471325518262025,2732.755639809273,15.788319400833077,13.663778199046364
-79.915252,200,804.871568,0.0,0.11839949500374679,2453.264291334399,14.01019922858405,12.266321456671994
-131.018418,200,805.0021,0.0,0.3542268601992714,2543.6343824222595,14.986501006062067,12.718171912111297
-85.529381,200,805.132625,0.0,0.08174190690419755,973.2071340292996,5.444087484579138,4.866035670146498
-40.906422,200,805.259644,0.0,0.3187487623764271,2263.4263938694153,13.00248059570332,11.317131969347077
-36.326857,200,805.722872,0.0,0.40903197209209274,2641.280732737427,15.167350341412284,13.206403663687135
-87.377417,200,805.860898,0.0,0.11225561163235234,1276.6881603088607,7.321783461087003,6.383440801544303
-34.324846,200,805.995415,0.0,0.3417192963527302,1632.9235478299126,9.178991898662469,8.164617739149563
-92.543245,200,806.12394,0.0,0.16408448825210986,2906.719820922213,16.01829469015373,14.533599104611064
-40.691129,122,806.197451,1.0,0.048380591305144514,41.684768525888956,0.3849289620701712,0.3416784305400734
-31.686312,200,806.318974,0.0,0.3490320462105893,2589.470442978134,14.327461539843048,12.947352214890671
-71.49441,173,806.427514,1.0,0.047918742645440174,109.08584554996126,0.8427401739179589,0.6305540205200073
-31.569151,148,806.522022,1.0,0.04770251224182326,1687.8207623890614,9.712109176045486,11.404194340466631
-15.452899,74,806.569547,1.0,0.04930972942762759,68.11007160522398,0.49507656719080906,0.9204063730435673
-46.813139,163,806.670074,1.0,0.04713273060525347,1519.733713047644,8.57444408141206,9.323519711948736
-53.227297,200,806.794581,0.0,0.415392037831611,2296.0845428329126,13.50152754271247,11.480422714164563
-44.354417,200,806.92111,0.0,0.17494918172021867,2168.1910033027734,12.134238342244071,10.840955016513867
-128.66496,200,807.388957,0.0,0.34706470100234477,2346.975358184144,13.27050391230125,11.73487679092072
-129.371331,200,807.539228,0.0,0.2465144788657095,512.2682172223658,3.41782745399041,2.5613410861118293
-50.659657,177,807.653261,1.0,0.04963634412311747,2387.629167729809,13.237252833625032,13.489430326157114
-128.566137,200,807.778784,0.0,0.33242387165516935,1653.9995591436534,9.660805820720364,8.269997795718266
-66.294073,181,807.892298,1.0,0.04999837577776389,707.5783664368878,4.254645433659991,3.9092727427452365
-39.277137,158,807.995821,1.0,0.049404875491470726,2318.092787472952,12.589291386504165,14.671473338436405
-54.336155,183,808.108349,1.0,0.047291833671935644,1935.3458042309,11.268022750136963,10.57566013240929
-10.454278,97,808.167874,1.0,0.04783554652745974,1209.821944452757,6.750679804223904,12.47239117992533
-53.457014,183,808.28639,1.0,0.04877423716534417,2243.6802823982275,12.466613500489425,12.260547991247146
-40.215838,200,808.411933,0.0,0.2569028061265104,1220.0443371635176,6.8749386848094165,6.100221685817588
-43.139441,167,808.518449,1.0,0.04870581611923743,1076.6882064524693,6.056672781369523,6.447234769176463
-35.354402,155,808.621973,1.0,0.04875019193447902,1910.0511686971856,10.810618723864236,12.322910765788295
-52.316948,200,809.138351,0.0,0.19188092198930995,756.906876930095,4.7520473382673964,3.784534384650475
-33.933399,151,809.249008,1.0,0.047436367189791426,1877.3957230806154,10.444323557988318,12.433084258812023
-99.825728,200,809.37752,0.0,0.1103870223177219,779.2317271712517,5.003223225703369,3.8961586358562585
-146.315795,200,809.503062,0.0,0.43939093075502655,2660.044646815564,14.567492350549891,13.300223234077821
-10.91345,59,809.542581,1.0,0.04905377384861,25.153896277045014,0.2202686685237792,0.42633722503466126
-7.926253,78,809.59458,1.0,0.049504386646523686,1037.4923869636843,5.758785668345097,13.301184448252362
-47.411732,200,809.723759,0.0,0.39129022187973395,2368.4738405617995,13.003243209852764,11.842369202808998
-50.252901,170,809.837003,1.0,0.048450206300741545,1831.8441504939403,10.14045265158369,10.775553826434944
-77.183437,200,809.965058,0.0,0.08645586980585192,2288.045292058541,13.307918539493057,11.440226460292704
-41.306173,163,810.069564,1.0,0.0480078333643116,2112.293352843601,12.069920432849079,12.958854925420866
-125.412913,200,810.196069,0.0,0.2498405605826957,885.8465795496472,5.688712378576046,4.4292328977482365
-21.522171,86,810.251624,1.0,0.04686229704165841,25.405147788344596,0.22278118367426794,0.29540869521330926
-36.698369,160,810.352825,1.0,0.048503583059885384,1139.6480121921102,6.3710457842370705,7.122800076200688
-110.026951,200,810.821929,0.0,0.30076046860216493,2299.5285941144866,13.164621736742442,11.497642970572434
-59.282039,189,810.951883,1.0,0.04571115877587064,2306.745127161827,13.21323758316044,12.205000672813899
-123.312949,200,811.085096,0.0,0.35170489552913664,2363.675653692782,13.312349410541215,11.81837826846391
-22.561566,128,811.168637,1.0,0.04850723960038814,1089.3852109445631,6.410857481274158,8.5108219605044
-30.774571,200,811.29315,0.0,0.2952365667798059,2483.7783790788667,14.0028011025656,12.418891895394333
-109.118726,200,811.419217,0.0,0.24603384934643033,2492.0293285643143,14.427581315194791,12.460146642821572
-78.501008,200,811.547282,0.0,0.0916862712903903,2624.2710679175716,14.597844865236153,13.121355339587858
-87.371524,200,811.675811,0.0,0.13813526034932272,2647.8167867357624,14.934736706209339,13.239083933678812
-129.239608,200,811.80037,0.0,0.33766776417644967,2649.4800618512354,14.78021884110129,13.247400309256177
-125.766235,200,811.926189,0.0,0.22087547206370478,519.4333081613007,3.301402311525829,2.5971665408065037
-77.805282,200,812.385364,0.0,0.10909275106310011,2024.931475813779,11.612091790093091,10.124657379068895
-37.227535,117,812.470003,1.0,0.046172010210346406,29.09438665076745,0.2556724724200062,0.24866997137408078
-81.726895,200,812.609548,0.0,0.09057168017453837,2425.639037349334,13.531901587220446,12.128195186746671
-22.473586,127,812.694585,1.0,0.0492472017818005,1615.3642150608277,9.165455022491175,12.719403268195494
-120.165839,200,812.822092,0.0,0.27892787961381954,1085.6693194414015,6.5733770649315515,5.428346597207008
-45.125985,171,812.928735,1.0,0.04612498987781965,2153.635347168643,12.136447243796484,12.59435875537218
-38.236034,200,813.053771,0.0,0.1751268848709757,1811.4400613491514,10.788719313058476,9.057200306745758
-126.700917,200,813.176293,0.0,0.3263550001422408,1944.32258581455,11.532078951333483,9.72161292907275
-105.470952,200,813.304808,0.0,0.22628384075997537,2747.3847785755142,15.493204031171272,13.736923892877572
-57.86139,200,813.426336,0.0,0.48207890675353576,2452.2756888496065,13.355725273742678,12.261378444248033
-39.638755,156,813.527857,1.0,0.04433968911181722,872.7742106259901,5.138650346247932,5.594706478371732
-76.831516,200,813.658897,0.0,0.07983018679479603,2713.871927881272,15.222327321266937,13.56935963940636
-30.066756,142,814.088355,1.0,0.048432724894105175,1909.6278306972908,10.87896732934567,13.448083314769654
-46.097059,172,814.209987,1.0,0.04959281436646647,2062.2755064048943,11.891867120934947,11.98997387444706
-49.132869,200,814.343058,0.0,0.14424712910574378,2340.700989953376,13.229407969747598,11.703504949766879
-103.128121,200,814.467583,0.0,0.2567664115391127,2339.2161076520465,12.977400483153154,11.696080538260233
-54.632427,182,814.584121,1.0,0.04763560222348114,2404.6615419103655,13.518723044726261,13.212426054452557
-36.168606,125,814.66326,1.0,0.04954146122927252,89.98838604062713,0.5591820724693833,0.719907088325017
-30.026702,200,814.79181,0.0,0.3072190745569739,2185.872634852541,12.486398524920391,10.929363174262706
-110.815107,200,814.922334,0.0,0.25486679960590236,2712.776236498061,15.286398979793985,13.563881182490304
-109.816607,200,815.051371,0.0,0.1835451898803151,1008.7468684590626,6.0916680241091,5.043734342295313
-47.177092,161,815.155903,1.0,0.04921609361840818,1775.9813449768071,9.959165921649255,11.030940030911845
-110.591649,200,815.281279,0.0,0.27289531076005685,2628.8822228814943,14.962100919113263,13.144411114407472
-117.726666,200,815.72237,0.0,0.19110920905839454,482.31629314405706,3.037249796701304,2.4115814657202854
-29.704782,200,815.854392,0.0,0.3546936421736141,2678.110586244781,14.819013271285906,13.390552931223906
-27.481278,200,815.988916,0.0,0.3293007674580532,2897.073801376672,16.790239173986734,14.485369006883358
-39.21958,200,816.124441,0.0,0.20894574878192398,1460.624267416718,8.389210831451246,7.30312133708359
-107.756957,200,816.25509,0.0,0.24156210120760316,2212.3427531792013,12.918694589599689,11.061713765896007
-105.051968,200,816.384701,0.0,0.22059605662793375,2429.4651722619537,13.881976092028445,12.147325861309769
-7.228845,29,816.404701,1.0,0.04912961779348037,82.06913205352188,0.601632657510504,2.8299700708110995
-118.813001,200,816.533248,0.0,0.2415807926477273,995.0943449183359,5.9631948921655455,4.97547172459168
-5.537017,64,816.576131,1.0,0.04962834742487747,662.1196997178057,3.7939735028877974,10.345620308090714
-109.343319,200,816.70767,0.0,0.21988312142340288,1324.912615694019,7.87840796549906,6.624563078470095
-41.780587,200,816.835222,0.0,0.23232499114346936,2263.02795722319,12.146590030401088,11.31513978611595
-33.188246,200,816.961292,0.0,0.28143252368200944,2778.215478539577,15.969879159677376,13.891077392697884
-101.366912,200,817.407342,0.0,0.21063012211501556,2666.190156396956,14.99477783952828,13.330950781984779
-14.387487,72,817.457855,1.0,0.04832576817930168,25.27486922693,0.2214783980406812,0.3510398503740278
-40.622626,200,817.592377,0.0,0.3487293051360967,2723.3816515750364,15.187509732383411,13.616908257875181
-138.003131,200,817.722893,0.0,0.39040342514678916,2236.955901062425,12.871869249927157,11.184779505312124
-39.095203,156,817.818408,1.0,0.04984737586860634,1111.447033395756,6.392854323192121,7.124660470485616
-123.812368,200,817.943966,0.0,0.31054738389834047,2874.4857970212374,16.239748239616556,14.372428985106188
-106.776398,200,818.067473,0.0,0.1377936820248536,594.2239728827888,3.529233245009997,2.971119864413944
-130.041866,200,818.196002,0.0,0.3473572779892312,2722.668455642072,14.802293960597037,13.613342278210359
-13.723567,111,818.267527,1.0,0.04841272494201155,1570.715025128782,9.0409246957244,14.150585811971009
-61.682626,180,818.38305,1.0,0.047443906607419706,2299.51908717733,12.859390524957519,12.775106039874057
-76.982551,198,818.512295,1.0,0.049100345535892174,1069.2690862227673,6.497993354249178,5.400348920317007
-81.024262,200,818.952474,0.0,0.09381930419182814,2769.6278530167883,15.110582238115303,13.848139265083942
-50.383231,170,819.066983,1.0,0.048077643169826295,1070.5106607786313,5.995854912009335,6.297121533991949
-49.283526,200,819.203498,0.0,0.44711466518608234,1201.819407354187,7.081567543754643,6.009097036770935
-125.149155,200,819.332708,0.0,0.2107934345998642,423.9740108541779,2.73285173221072,2.1198700542708893
-52.054532,200,819.465752,0.0,0.42680798667646874,632.1823436773785,3.6082899626754745,3.1609117183868927
-51.718736,168,819.570281,1.0,0.04736507375941179,1706.0524742469324,9.588958004671074,10.155074251469836
-79.589962,200,819.701812,0.0,0.12178546651495921,1770.4474317012448,10.125192584118526,8.852237158506224
-46.012216,200,819.827341,0.0,0.2549473977402132,2651.302547182502,14.548440508671119,13.25651273591251
-51.363702,177,819.935494,1.0,0.04926164097910894,1851.0845332525091,10.376323119763683,10.458104707641294
-33.788554,147,820.02601,1.0,0.0495425286272037,924.9008315710213,5.385566346907226,6.291842391639601
-101.210173,200,820.152007,0.0,0.19557204373695244,2317.8919284340345,13.288742151928133,11.589459642170173
-36.395327,200,820.622357,0.0,0.19466801007697582,2825.508859390071,15.751598745513675,14.127544296950354
-67.421116,186,820.765402,1.0,0.04853656960207828,987.8259301411026,5.956911860056413,5.310892097532809
-34.112119,200,820.903882,0.0,0.3688008008660458,3183.709645155103,17.139139379165595,15.918548225775515
-49.12534,174,821.014407,1.0,0.046739076634807156,2020.3226689216629,11.195641398163085,11.611049821388868
-32.581239,200,821.137934,0.0,0.36236657359641966,2721.530124948354,15.358598626546732,13.60765062474177
-46.139674,171,821.247957,1.0,0.0465520801876391,2574.444271669296,14.396175673146303,15.055229658884773
-42.701906,200,821.374503,0.0,0.29425847311857145,2420.291877055964,13.217940111070416,12.10145938527982
-115.873481,200,821.500983,0.0,0.28040258298561954,2559.6847794245523,14.674846215547465,12.798423897122762
-40.341925,200,821.626502,0.0,0.2914512317402685,2551.577632687972,14.229055674445354,12.757888163439858
-93.783635,200,821.752721,0.0,0.11953358596326175,1034.0597288444308,6.2198137871402635,5.170298644222154
-139.430377,200,821.880235,0.0,0.39566635478461093,2786.5734120821594,15.473875319000735,13.932867060410796
-103.360968,200,822.333236,0.0,0.2211402773840104,1737.1348857760518,9.547372959302011,8.685674428880258
-47.815334,200,822.49026,0.0,0.18218110434735213,2558.189979839911,13.578160270074134,12.790949899199553
-31.622403,200,822.621792,0.0,0.2877071147184287,2875.449248714233,16.137491439092834,14.377246243571165
-46.523469,200,822.747836,0.0,0.34251694294920637,2346.653069963448,13.54765569129311,11.733265349817241
-129.811502,200,822.886496,0.0,0.25527237756120336,454.91609452908506,2.52872674239507,2.2745804726454253
-77.309448,200,823.018273,0.0,0.07421115996815801,1588.5443524656182,9.312110860829662,7.942721762328091
-46.781208,168,823.127802,1.0,0.0473276329254517,2197.0607003898103,12.900257948487207,13.077742264225062
-106.712999,200,823.253867,0.0,0.15072655716069872,647.65905042852,3.9652438683883937,3.2382952521426
-107.348494,200,823.377788,0.0,0.22913369477741258,2755.269553848215,15.260126872896317,13.776347769241074
-43.696462,200,823.503308,0.0,0.19231456681589865,2434.7914688783603,13.873562302170818,12.173957344391802
-101.811171,200,823.973897,0.0,0.21115929170832284,2576.2873765506165,14.651696711158735,12.881436882753082
-97.905774,200,824.125411,0.0,0.18631761415678402,1660.7586772950235,9.407832615270232,8.303793386475117
-81.857209,200,824.256445,0.0,0.1101020517685547,1884.7258269036097,10.896816299225726,9.423629134518048
-69.674344,191,824.379979,1.0,0.04969064522853894,2212.314233981522,12.082051670245898,11.582797036552472
-103.329893,200,824.505502,0.0,0.21553242363892627,2679.804612756837,15.166544690177693,13.399023063784185
-72.908122,200,824.630044,1.0,0.049565159451846884,1624.1822990268965,9.510433189653593,8.120911495134482
-34.597696,149,824.725949,1.0,0.04825700073033848,1602.2848278914528,8.941490565648907,10.753589448935925
-38.208739,200,824.853474,0.0,0.2949830058247796,1218.2068574358736,7.107546381425622,6.091034287179368
-90.534115,191,824.968997,1.0,0.04807886428212807,187.37783731628974,1.424952961252178,0.9810357974674856
-119.030205,200,825.098939,0.0,0.2948795435061899,2580.107016590475,14.898166464908524,12.900535082952374
-140.688638,200,825.227895,0.0,0.3999143398116667,2937.572446572053,16.190461264582346,14.687862232860265
-36.017599,154,825.642669,1.0,0.04646557063269839,2219.882430863843,12.328827990782976,14.414820979635346
-50.306731,200,825.790342,0.0,0.1775192929983354,893.5665129053083,5.280131622456139,4.4678325645265415
-123.668908,200,825.91887,0.0,0.21052487152415927,547.2359765383397,3.574025514903839,2.7361798826916988
-41.071663,200,826.046928,0.0,0.25632398230777864,2630.471640240876,14.28070851958266,13.152358201204379
-43.887522,142,826.136833,1.0,0.046512629330691044,133.40286186229258,0.8292282888527738,0.9394567736781168
-37.332032,200,826.266838,0.0,0.18025040589901212,2840.0575058203494,15.821921139319823,14.200287529101747
-65.282229,200,826.390963,1.0,0.049109478113061156,2650.3170093279723,14.923621158926126,13.251585046639862
-119.931155,200,826.514517,0.0,0.29806368460192817,2337.284087108907,13.349292077087782,11.686420435544536
-38.235358,200,826.643887,0.0,0.30567189948833356,1358.6647538424286,7.958661223867249,6.793323769212143
-22.211916,88,826.699383,1.0,0.049387105839242905,25.423759011403824,0.22296729590763747,0.28890635240231616
-36.787051,200,826.823905,0.0,0.31609665119345615,1466.6976919357726,8.227889196488169,7.333488459678863
-77.06238,200,827.281894,0.0,0.07376468189309901,1662.4581136635707,9.157551789674612,8.312290568317854
-126.770259,200,827.433604,0.0,0.334996328127835,2914.026026651306,16.07259009059784,14.57013013325653
-116.981001,200,827.570623,0.0,0.2850831075626318,2388.85167461289,13.72577669552454,11.94425837306445
-101.409648,200,827.700151,0.0,0.20543504450437128,2757.3164311660657,14.883504228068483,13.78658215583033
-66.53375,177,827.812701,1.0,0.046339296843049896,586.2816753683519,3.8166455997369453,3.3123258495387113
-117.478081,200,827.937129,0.0,0.2902960316637407,2280.211036165727,13.120982009881878,11.401055180828635
-46.9131,171,828.041651,1.0,0.047198465370092306,2530.975692638,13.761097594166356,14.801027442327486
-82.335412,200,828.165693,0.0,0.10719493388032444,2579.583834866487,14.478377303083883,12.897919174332435
-78.87941,200,828.28617,0.0,0.08467785280308275,1583.9460637357527,9.290902300520717,7.919730318678763
-31.114032,150,828.380702,1.0,0.0491172213646662,1996.9266476911455,11.012264687941459,13.31284431794097
-47.627262,176,828.490227,1.0,0.04959055850747878,2246.015039907324,12.490231796739746,12.761449090382524
-9.935195,95,828.550749,1.0,0.04886489933327047,1032.9100176230038,5.665156695152768,10.872737027610567
-48.464516,177,829.024929,1.0,0.04986921641307197,2660.8168462644667,15.147203002791695,15.032863538217326
-121.991941,200,829.156964,0.0,0.3080082993423337,2868.891826801468,16.01514710553326,14.34445913400734
-64.307931,191,829.279438,1.0,0.0480848305806178,2563.158064336902,14.503221199338554,13.419675729512576
-42.822329,200,829.412096,0.0,0.13304325990148042,1776.0210935419038,10.171840488734553,8.88010546770952
-31.469777,200,829.539784,0.0,0.3531451712767962,3030.8474117887363,16.60321932276155,15.154237058943682
-31.85782,200,829.66836,0.0,0.27097653117949744,1986.7309586332017,11.105552523370529,9.933654793166008
-143.475379,200,829.796831,0.0,0.4268294518812137,2085.0912579747464,11.92442047157479,10.425456289873733
-124.64988,200,829.922355,0.0,0.3193907526361981,2948.7027100291302,16.648660221026265,14.743513550145652
-91.937581,200,830.047391,0.0,0.1431342720838714,1532.957188554674,8.733010121070077,7.664785942773371
-20.633871,134,830.1314,1.0,0.046415132319084056,1767.769202779795,9.870135357423385,13.192307483431307
-52.077011,200,830.560231,0.0,0.08021681643462399,2377.044001490277,13.155841280119333,11.885220007451386
-106.49822,200,830.70975,0.0,0.23221119983075075,2140.4974199275052,12.117358465949856,10.702487099637526
-96.608805,200,830.846217,0.0,0.16619658572891047,1439.130347135987,8.118937106018258,7.1956517356799345
-8.093799,78,830.897729,1.0,0.046083593176255926,961.7690753941928,5.566335648433459,12.33037276146401
-89.180798,200,831.026248,0.0,0.13674163317496743,3140.5049029441025,17.58268054247708,15.702524514720512
-78.493649,200,831.156281,0.0,0.08166666452211228,2683.50172524654,15.278892596974357,13.4175086262327
-93.649913,200,831.278802,0.0,0.1671140959709413,2631.101109855983,14.909219829393278,13.155505549279916
-63.207494,188,831.399344,1.0,0.04855227705803191,1470.4976190034474,8.72511210837853,7.821795845763019
-73.403184,200,831.526866,0.0,0.06131746722206787,3141.652948026762,17.45708310818474,15.708264740133808
-91.716001,200,831.654425,0.0,0.14547978817444776,2602.0788003561615,14.475230344536776,13.010394001780808
-51.888821,200,831.781139,0.0,0.3878920913051997,2186.572548552159,12.402581307706132,10.932862742760795
