#{"t_start": 1776691094.4284482, "env_id": null}
r,l,t,is_success,final_distance,tau_sum_total,episode_energy,episode_mean_tau_sum
-101.168296,200,1.247225,0.0,0.4296386633108572,3341.057618856663,20.471151858418686,16.705288094283315
-85.111313,200,1.368808,0.0,0.4270404675429837,3246.7422982473513,19.55391776380606,16.233711491236757
-119.916379,200,1.487931,0.0,0.5764108187479029,3530.4401854375615,20.422913209174137,17.652200927187806
-117.807422,200,1.610115,0.0,0.5880288987520448,3315.563575612509,18.84875064844603,16.577817878062543
-45.26286,200,1.730659,0.0,0.2724509790846617,3491.8096587475297,20.320428121910194,17.45904829373765
-58.968015,200,1.845366,0.0,0.26656494713098083,3601.894205280245,20.28380509577597,18.009471026401226
-135.084273,200,1.964842,0.0,0.6389728797077256,3388.614031073532,18.83273091385562,16.94307015536766
-189.540155,200,2.081362,0.0,0.9222716327251809,3420.576698478946,19.707370039090407,17.10288349239473
-189.017632,200,2.197843,0.0,0.952846302301833,3667.6746368120903,20.613579642541364,18.33837318406045
-73.936182,200,2.314362,0.0,0.31229470231041434,3521.987673253338,20.16473148455808,17.60993836626669
-64.625007,200,2.730173,0.0,0.3504166647911131,3518.471160217469,20.678849407101776,17.592355801087344
-84.687111,200,2.86924,0.0,0.3458710255359679,3631.4509303168466,20.199059206320285,18.157254651584232
-106.013377,200,2.994783,0.0,0.3761347484889245,3101.9054802715796,18.990744332488717,15.509527401357898
-126.341257,200,3.115278,0.0,0.6106982223527879,3476.3911499176043,19.686846099966758,17.38195574958802
-157.073443,200,3.242306,0.0,0.7156274185971389,3413.0991768141907,20.32618254618919,17.065495884070955
-111.630737,200,3.369427,0.0,0.6001699310640213,3514.333554666679,19.946844200642317,17.571667773333395
-46.28972,200,3.509943,0.0,0.20138069741293171,3226.5928659936462,18.828440241016068,16.13296432996823
-170.192302,200,3.636977,0.0,0.8331020278297253,3432.8771424280453,19.33147817179573,17.164385712140227
-171.20578,200,3.75947,0.0,0.8565369958310203,3478.4455127135298,20.047295759540113,17.392227563567648
-41.148833,200,3.883258,0.0,0.18105360209404675,3400.4252115136055,19.967798058895205,17.002126057568027
-164.687284,200,4.327937,0.0,0.7277733383232594,3261.1079250503262,19.910933030597747,16.30553962525163
-113.135884,200,4.476954,0.0,0.5638152371909275,3680.461426203274,21.162362394417457,18.40230713101637
-157.909152,200,4.601478,0.0,0.7840273359139555,3227.4113290223872,19.135597825766105,16.137056645111937
-147.752047,200,4.726955,0.0,0.8895873619469825,3347.368737070549,20.240024283319087,16.736843685352746
-105.648019,200,4.848006,0.0,0.6722029744315469,3293.0727859504427,19.453281865947947,16.465363929752215
-159.998212,200,4.971536,0.0,0.7998825677346618,3214.719205156572,18.970240891385746,16.073596025782862
-81.60872,200,5.094065,0.0,0.5324912865761755,3355.6694338060984,19.127456065288126,16.778347169030493
-196.136254,200,5.217628,0.0,1.0372998394352666,3354.9729027046756,20.040188434243934,16.77486451352338
-48.341917,200,5.344495,0.0,0.2528196501551805,3371.0786823694925,19.569701197047248,16.855393411847462
-136.442391,200,5.462769,0.0,0.7038450428477433,3123.8909521186724,18.863351898726023,15.619454760593362
-57.352891,200,5.885668,0.0,0.3578369791120578,3276.0673983899783,19.62692865166915,16.380336991949893
-144.057776,200,6.030243,0.0,0.8360217767586392,3410.4831881829696,19.68060160466433,17.052415940914848
-140.487728,200,6.163404,0.0,0.9521352394186999,3383.811110366773,19.313684280338922,16.919055551833864
-120.405925,200,6.28552,0.0,0.583550616818831,3679.735717836401,20.545727977727513,18.398678589182005
-107.151913,200,6.406606,0.0,0.46990282414625667,3108.8462104721007,18.52152168717021,15.544231052360503
-80.046967,200,6.533911,0.0,0.5239786057181309,3530.966174733808,20.95747930913557,17.65483087366904
-138.133769,200,6.652946,0.0,0.6887193179583141,3209.1211670590533,18.261734583624918,16.045605835295266
-171.453793,200,6.773555,0.0,0.8317434890836947,3396.075971059651,19.692542284576493,16.980379855298253
-94.601569,200,6.89663,0.0,0.45485755048464405,3119.3155449706856,17.850702141110972,15.596577724853427
-202.389286,200,7.015145,0.0,0.9740230248641156,3418.1388251927656,19.23817351227018,17.09069412596383
-42.094104,200,7.44028,0.0,0.17219068691443518,3483.659352933817,20.61756848994625,17.418296764669083
-111.438535,200,7.579739,0.0,0.500660254742878,3482.040976392831,19.57324815004081,17.410204881964155
-137.729935,200,7.711261,0.0,0.6581126997858073,3435.7601566694457,20.71227249621129,17.178800783347228
-134.665965,200,7.834775,0.0,0.6965603011755568,3285.717724773177,18.701769745334115,16.428588623865885
-62.233639,200,7.955783,0.0,0.2656685027513863,3380.468473803025,19.899145956044098,16.902342369015127
-38.213229,200,8.076312,0.0,0.22294195624099206,3369.053318111348,19.512075420339027,16.84526659055674
-88.945584,200,8.196534,0.0,0.3513390413923626,3337.6470734171057,19.483286980832144,16.68823536708553
-138.390292,200,8.320787,0.0,0.679009822201317,3297.621583161637,19.05761290988387,16.488107915808186
-107.368867,200,8.44197,0.0,0.6483745277294395,3301.560569212857,19.726696498855787,16.507802846064283
-108.724764,200,8.561451,0.0,0.5191741479534684,3237.564151837609,19.363405975678898,16.187820759188046
-80.053564,200,8.678977,0.0,0.31151346868035384,3182.713662069397,19.14483862706996,15.913568310346983
-95.819297,200,9.133656,0.0,0.43655140813353965,3249.3216473715715,19.457938924539896,16.246608236857856
-136.012333,200,9.275431,0.0,0.6584996742482333,3180.7480646566387,19.17352620730857,15.903740323283193
-181.268308,200,9.398802,0.0,0.9009000072915296,3606.820204428721,20.277665634073784,18.034101022143606
-116.935714,200,9.520301,0.0,0.5748960963611,3348.1624442987786,19.174137519613783,16.740812221493893
-172.347169,200,9.645212,0.0,0.8629799879325935,3061.58135158495,18.195535812158028,15.30790675792475
-108.131047,200,9.766733,0.0,0.5306746855342898,3152.549398455304,19.22940033452306,15.76274699227652
-130.176208,200,9.889279,0.0,0.6334606382375179,3427.9854526984536,20.369772950290645,17.139927263492268
-185.67346,200,10.011752,0.0,0.926853980349309,3350.536197764742,19.09452759688666,16.752680988823712
-138.459444,200,10.13228,0.0,0.6739472978191784,3439.1395780999355,20.144753258332635,17.195697890499677
-116.800285,200,10.249329,0.0,0.5205338467890948,3270.698349676351,20.066143246445915,16.353491748381757
-135.288861,200,10.710948,0.0,0.575076469171386,3283.8617862798815,18.713418868685416,16.419308931399407
-91.879097,200,10.849017,0.0,0.31550510343675736,3397.8711311985608,19.87984101627457,16.989355655992803
-158.753382,200,10.973576,0.0,0.7921258459355202,3446.7572437938647,19.994699256903647,17.233786218969325
-74.727473,200,11.099096,0.0,0.35002271002900653,3494.4672669723236,20.149569059860895,17.47233633486162
-72.51822,200,11.223643,0.0,0.39126376613153807,3370.0920369082055,19.701938972799102,16.850460184541028
-83.649308,200,11.344668,0.0,0.38969467398822943,3370.165088557689,19.71673436650087,16.850825442788445
-78.818561,200,11.46451,0.0,0.4123977279945441,3249.199673814086,19.161847844829417,16.24599836907043
-146.412,200,11.588602,0.0,0.7067710337821536,3207.622779587318,18.32939951877256,16.03811389793659
-40.497315,200,11.712159,0.0,0.22295303214620518,3495.238069476968,19.983595734928556,17.47619034738484
-132.501116,200,11.832708,0.0,0.6365226733406757,3332.3185174841956,19.27526767111611,16.661592587420976
-174.146373,200,12.252489,0.0,0.8455579644298673,3516.5126382169537,20.061473768792343,17.58256319108477
-100.940768,200,12.391998,0.0,0.3401138209485902,3289.4674166687587,18.852777617490208,16.447337083343793
-71.144874,200,12.518576,0.0,0.32068303127272474,3488.9869393068593,20.740614460197744,17.444934696534297
-98.253143,200,12.645208,0.0,0.4287623573315623,3215.5481699758284,19.139503287984578,16.07774084987914
-56.251921,200,12.768707,0.0,0.23535244039319975,3271.460243910167,19.278252994608014,16.357301219550834
-107.795413,200,12.891011,0.0,0.546815030734052,3291.39257776811,19.25334167403373,16.45696288884055
-122.027243,200,13.013535,0.0,0.5913647047332128,3295.6978876082,19.455336170816654,16.478489438041
-128.04529,200,13.138068,0.0,0.5373399032649983,3541.252001422587,20.277152575496967,17.706260007112935
-144.348899,200,13.263099,0.0,0.6131533516905735,3690.7481879365546,20.531561883257165,18.453740939682774
-46.061984,200,13.385627,0.0,0.18914966151728455,3601.400622008715,20.988671802312332,18.007003110043573
-83.352243,200,13.829442,0.0,0.3308779926289427,3342.016321696383,19.067675589285766,16.710081608481914
-93.418113,200,13.959458,0.0,0.44728137124381045,3476.9474302496083,20.450301104686993,17.384737151248043
-25.03283,167,14.065976,1.0,0.04889843873960643,2750.6414270503737,16.41999411854185,16.470906748804634
-198.994299,200,14.188497,0.0,0.9259432753459185,3135.5285928865283,19.190129035521505,15.677642964432641
-106.625546,200,14.308011,0.0,0.5316189855345225,3276.7497877527803,19.04059821304046,16.3837489387639
-169.840734,200,14.43255,0.0,0.8593286018544342,3351.8651189032294,19.471881435896776,16.759325594516145
-107.415251,200,14.558588,0.0,0.5526003826175478,3580.94691333536,20.590350880614128,17.9047345666768
-109.071918,200,14.686118,0.0,0.5012167272099524,3358.522683633062,19.2416402952431,16.79261341816531
-114.862992,200,14.815032,0.0,0.5897729446028132,3371.73127370196,19.45297378791136,16.858656368509802
-60.01322,200,14.95145,0.0,0.26968861929662186,3300.250287875564,19.039993106628806,16.50125143937782
-65.59991,200,15.080163,0.0,0.3572637161547921,3289.263514315028,18.806061588202045,16.44631757157514
-37.397817,200,15.568573,0.0,0.15212483250778053,3346.4798683160034,20.092329284596765,16.732399341580017
-89.717541,200,15.720094,0.0,0.42786821314715384,3267.732572892978,19.61664759910486,16.33866286446489
-74.804185,200,15.854034,0.0,0.29139720837551997,3392.127892617853,18.57676439626161,16.960639463089265
-110.16824,200,15.983544,0.0,0.5312976923821459,3369.0612298203587,19.34965798035413,16.845306149101795
-150.242551,200,16.115068,0.0,0.568508073936866,3309.5851914032196,20.070679732326333,16.547925957016098
-95.157426,200,16.251124,0.0,0.46202426823908577,3333.6759377901285,18.92078021947572,16.668379688950644
-122.793009,200,16.38164,0.0,0.5470064103103879,3261.1976708090474,18.888873849296758,16.305988354045237
-46.089383,200,16.508162,0.0,0.24765303386486495,3474.4379544221397,20.143235830097986,17.372189772110698
-168.170087,200,16.630688,0.0,0.818904889405171,3399.6439888148457,20.469733498188067,16.99821994407423
-65.732942,200,16.753721,0.0,0.2708737017577095,3218.4149839816328,18.441524785757185,16.092074919908164
-109.216193,200,17.224316,0.0,0.5082471251105136,3224.3557530522858,19.410491350942063,16.12177876526143
-112.33127,200,17.373901,0.0,0.5076682702517314,3203.7068995164177,19.08218770203792,16.01853449758209
-104.697338,200,17.516967,0.0,0.5671519389448296,3220.1043065567414,18.407310065968186,16.100521532783706
-69.949998,200,17.660025,0.0,0.3290000324115387,3498.898317620065,20.52646899950071,17.494491588100324
-116.668663,200,17.805548,0.0,0.4180322138490012,3656.0376227300776,20.834925472841174,18.28018811365039
-106.876533,200,17.938073,0.0,0.5404495782989251,3464.6779742260046,20.15138671616594,17.323389871130022
-125.557886,200,18.075564,0.0,0.5121984373004684,3404.3856553046007,19.733553607487806,17.021928276523003
-81.665091,200,18.200087,0.0,0.47715833357978277,3395.137755549119,20.120516148701725,16.975688777745596
-172.906948,200,18.319624,0.0,0.839068924326965,3371.133714935867,18.928215567678787,16.855668574679335
-132.700838,200,18.438131,0.0,0.5211856664762968,3143.102352562799,18.10505527499861,15.715511762813994
-155.863123,200,18.880351,0.0,0.73153332560036,3571.7010247372577,21.09233952545878,17.85850512368629
-166.933067,200,19.013872,0.0,0.7521770095811651,3207.8262904922344,19.344849871586895,16.039131452461174
-60.877816,200,19.140416,0.0,0.14563128849057938,3418.6849656157124,19.624217862902988,17.09342482807856
-125.308757,200,19.266407,0.0,0.5978166418259107,3226.721933701184,19.15058162545326,16.13360966850592
-144.898524,200,19.391565,0.0,0.6341666557291182,3084.2492050699657,18.601803234336078,15.421246025349829
-137.803133,200,19.514462,0.0,0.6861594874734648,3354.8619202928553,19.06140593365359,16.774309601464278
-162.697137,200,19.641987,0.0,0.7475031548505494,3226.4186868434895,19.818936702197604,16.13209343421745
-160.439305,200,19.76506,0.0,0.7318299939359076,3236.7721351803907,19.686147645819165,16.183860675901954
-161.987084,200,19.885582,0.0,0.7888969442566879,3144.7481281653836,18.890921289125433,15.723740640826918
-42.818763,200,20.009103,0.0,0.2521078054327223,3600.861763017183,20.8013783936995,18.004308815085913
-73.097479,200,20.130639,0.0,0.31566806793694513,3233.2720447919205,19.348820604204477,16.166360223959604
-147.199654,200,20.568261,0.0,0.7243980420437317,3645.7373530982372,21.069218502627233,18.228686765491187
-167.881762,200,20.693727,0.0,0.6941832846059945,3587.9986459271563,20.737219916646634,17.939993229635782
-101.591754,200,20.81725,0.0,0.38085883955117994,3261.953202831127,19.218267091059044,16.309766014155635
-129.742033,200,20.941702,0.0,0.5090653811920669,3188.18932405565,18.66039258157005,15.94094662027825
-70.967031,200,21.061953,0.0,0.3245018485045978,3534.4675611525677,18.920716716262746,17.672337805762837
-159.82771,200,21.184474,0.0,0.7392229151977773,3388.5320638989447,19.64393126547407,16.942660319494724
-119.486377,200,21.307019,0.0,0.45832823223383434,3348.3481656102203,19.565078546208206,16.741740828051103
-178.021101,200,21.424536,0.0,0.850152913188877,3429.060137755433,19.33926471555934,17.145300688777166
-125.925227,200,21.548692,0.0,0.6270191818459077,3233.7540113330665,19.149797889714442,16.168770056665334
-154.198571,200,21.670463,0.0,0.7722097378689695,3117.1502079068678,19.580380473336554,15.585751039534339
-116.388997,200,22.096089,0.0,0.45571646321358694,3367.388306015376,19.607726105475287,16.83694153007688
-113.988408,200,22.232611,0.0,0.43619549269688757,3300.3058745357343,19.4106419433498,16.50152937267867
-165.996218,200,22.357197,0.0,0.763201528638616,3491.2228053689214,20.094969059233815,17.456114026844606
-76.088058,200,22.479742,0.0,0.41237035645060754,3336.8887836922067,19.229205621030797,16.684443918461035
-143.520149,200,22.604299,0.0,0.685647978038547,3497.8289572175017,20.329562270886466,17.489144786087508
-124.045298,200,22.729757,0.0,0.5181740485356997,3161.760355538334,18.78796245964468,15.80880177769167
-62.255927,200,22.85084,0.0,0.37824535692118016,3157.3958097297873,18.442296026367174,15.786979048648936
-63.724552,200,22.970312,0.0,0.21438519259412137,3269.2464044831795,18.80685408052517,16.346232022415897
-51.02881,200,23.09379,0.0,0.10343145336070642,3304.9966992274585,18.749121932855882,16.524983496137292
-170.08549,200,23.214313,0.0,0.8496864933846594,3228.877491730839,18.9170924175991,16.144387458654197
-43.794078,200,23.642732,0.0,0.0952183668524888,3320.4395758812625,18.731988785550957,16.60219787940631
-46.985266,200,23.778941,0.0,0.2614624274998049,3476.7847014397557,19.86748706802391,17.38392350719878
-45.401609,140,23.86848,1.0,0.046282674699028054,2229.859342290273,13.641556438584667,15.927566730644807
-150.082303,200,23.990997,0.0,0.7368248019720377,3317.974770043991,19.67520570176388,16.589873850219956
-55.105162,200,24.11455,0.0,0.3247063225052997,3352.4176244683417,18.67622213119475,16.76208812234171
-178.714565,200,24.239076,0.0,0.7829554606547297,2913.958689147139,17.36352349553122,14.569793445735694
-55.080241,200,24.36008,0.0,0.102274180535372,3411.4017551286192,19.6859327880314,17.057008775643098
-72.89416,200,24.483677,0.0,0.15238958136613504,3386.683519641818,18.784503737179495,16.93341759820909
-45.440906,200,24.606191,0.0,0.12379125973353476,3421.0498214278095,19.45560070974233,17.10524910713905
-145.009904,200,24.727973,0.0,0.7410138619465023,3387.228006912641,18.822628725727018,16.936140034563206
-76.152324,200,24.847543,0.0,0.2949392850333764,3369.2315595355553,19.00739559561718,16.846157797677776
-60.35528,200,25.295061,0.0,0.2832595395296899,3372.7639791460115,19.1783209350043,16.863819895730057
-133.003142,200,25.427613,0.0,0.5467249144106235,3261.5295074487167,18.96491103607563,16.307647537243582
-51.075396,200,25.552034,0.0,0.12654946636737757,3432.875371157155,19.451260155572005,17.164376855785775
-153.517791,200,25.672564,0.0,0.7593330428074894,3377.4732536372585,19.816341137755252,16.88736626818629
-38.558344,200,25.795095,0.0,0.2203722743732513,3360.475606730994,18.941693308087906,16.80237803365497
-36.776196,200,25.922935,0.0,0.1118352273218807,3248.383490098533,19.09563350705503,16.241917450492664
-75.511656,200,26.056152,0.0,0.24047305899862148,3258.4257103958435,19.64745666716147,16.292128551979218
-92.42677,200,26.18067,0.0,0.24445016292333419,3291.1374136275526,18.28318248311936,16.455687068137763
-44.352995,200,26.302094,0.0,0.12551894714169975,3363.9407538725486,19.71633308986368,16.819703769362743
-151.759582,200,26.423595,0.0,0.7003357132904179,3423.763956997988,19.93517108921655,17.118819784989938
-101.941523,200,26.844632,0.0,0.4523449733261804,3394.2118761927777,19.857520048578518,16.97105938096389
-81.393798,200,26.976681,0.0,0.3615804211914519,3322.042864153154,19.56595335040589,16.61021432076577
-66.002425,200,27.101205,0.0,0.4490765797494722,2953.6502225831705,17.573896662601534,14.768251112915852
-115.626642,200,27.224297,0.0,0.49367541140992466,3337.4854500667984,19.105343022105956,16.687427250333993
-110.821317,200,27.348021,0.0,0.5108517706675911,3255.7892674422683,19.054327430932357,16.27894633721134
-45.206788,200,27.471554,0.0,0.2446708726050961,3208.430357837353,18.302498479713183,16.042151789186764
-77.064375,200,27.592741,0.0,0.32758573979069827,3068.702484616687,17.637881136546973,15.343512423083434
-83.560286,200,27.714771,0.0,0.4137459165355957,3402.1590487243593,19.561757677374658,17.010795243621796
-131.68784,200,27.836305,0.0,0.5776181585762596,3453.5773702939196,20.237504829656423,17.267886851469598
-154.588981,200,27.954375,0.0,0.6286172241226503,3070.6647023031896,17.444581644801044,15.353323511515947
-53.555593,200,28.393409,0.0,0.18847989215194802,3208.057918156869,18.23988682235354,16.040289590784347
-73.931114,200,28.525919,0.0,0.32397365712026943,3363.307519465774,19.054753935061715,16.81653759732887
-108.537361,200,28.65598,0.0,0.43974917462135,3210.5536972528826,19.191100430628826,16.052768486264412
-80.670924,200,28.780448,0.0,0.20422469644970162,3174.793325747645,18.835976733463365,15.873966628738225
-164.881179,200,28.907009,0.0,0.7368456293050211,3077.6130669994354,17.714968338917377,15.388065334997178
-55.824165,200,29.027543,0.0,0.1926425417645962,3346.1914081322843,19.654485392507695,16.730957040661423
-80.549353,200,29.149099,0.0,0.39476155642983257,3179.2931689502834,18.82595303161039,15.896465844751416
-68.303146,200,29.271075,0.0,0.17754117488888854,3285.350668451345,19.134670892900324,16.426753342256724
-115.45609,200,29.396214,0.0,0.5284431994070716,3525.374283552802,20.146713109475353,17.626871417764008
-63.115398,200,29.516741,0.0,0.14207472539876867,3426.6056048853607,19.75615357391397,17.133028024426803
-99.477362,200,29.94259,0.0,0.4688443372892519,3351.8342852826345,20.156171757585316,16.75917142641317
-128.646937,200,30.065679,0.0,0.5656787486970454,3287.7261700464237,18.539630246689754,16.43863085023212
-53.544427,200,30.302521,0.0,0.22948090394526768,3422.188181809139,20.010174860948958,17.110940909045695
-157.315363,200,30.57337,0.0,0.7461823278840362,3369.460383017009,20.263653779758485,16.847301915085044
-121.347538,200,30.805059,0.0,0.48882670337409595,3530.7255473721752,20.263880507686864,17.653627736860876
-110.049128,200,31.038108,0.0,0.5307782072615264,3439.905817213009,19.97101004958293,17.199529086065045
-52.496173,200,31.191135,0.0,0.36538078145704567,3411.4530992659056,20.4039291454404,17.057265496329528
-92.983356,200,31.339193,0.0,0.28645926125266086,3416.2000207539463,18.778640320529135,17.081000103769732
-52.771871,200,31.487304,0.0,0.19299882231636276,3473.3143016689946,19.973384481139107,17.366571508344972
-41.675111,147,31.606823,1.0,0.04968231164204188,2379.4399656397454,13.442177091671951,16.186666432923438
-44.398151,200,31.755851,0.0,0.24830002041733695,3200.485412087986,19.000494237940334,16.002427060439928
-49.711813,200,32.54466,0.0,0.35953906864138274,3070.1296874061873,18.11971564022926,15.350648437030936
-140.455715,200,32.829608,0.0,0.6676933225310354,3551.0128573342863,20.256880355850445,17.75506428667143
-139.575144,200,33.03865,0.0,0.4887114230767233,3221.079288060148,18.28835105348093,16.10539644030074
-39.713096,200,33.23005,0.0,0.14639300052283988,3181.108355867478,18.670594107977212,15.90554177933739
-131.543612,200,33.439108,0.0,0.5416177631289718,3022.7828265171106,17.595013179933776,15.113914132585553
-91.876516,200,33.633043,0.0,0.421338598389945,3312.320901747916,19.838965353439907,16.56160450873958
-167.416305,200,33.797089,0.0,0.7428610900654308,3188.7741288228112,18.074837479677,15.943870644114057
-88.457447,200,33.968128,0.0,0.39639755284375666,3267.131501070821,18.39296867853941,16.335657505354103
-40.173093,200,34.09268,0.0,0.1548185070657797,3201.4392720978685,18.504141211783537,16.007196360489342
-98.360001,200,34.21455,0.0,0.46086759499210994,3498.862255355604,20.641083520648476,17.49431127677802
-157.581474,200,34.645918,0.0,0.7720123098241729,3348.9524516212864,19.489255694546582,16.744762258106434
-172.340964,200,34.795246,0.0,0.815398441433161,3268.212369852253,19.014563474767677,16.341061849261266
-140.10995,200,34.930231,0.0,0.6637056942023438,3393.717743796732,19.63514690272774,16.96858871898366
-29.451605,91,34.99133,1.0,0.04832051185856715,1485.5886829126152,8.405567013865099,16.32515036167709
-153.991093,200,35.123832,0.0,0.6774862334891558,3332.0906899994384,19.202177423537506,16.660453449997192
-57.677812,200,35.261374,0.0,0.32370217444768074,3172.644180446001,18.987748769912816,15.863220902230005
-60.053765,200,35.384883,0.0,0.12066645799798066,3254.518684029555,18.366687409859743,16.272593420147775
-37.003529,200,35.512661,0.0,0.1319066549723707,3317.7907536946523,19.516001936992495,16.58895376847326
-88.710659,200,35.636792,0.0,0.35948287425768305,3183.3116941532435,18.473798453431744,15.916558470766217
-145.316959,200,35.762293,0.0,0.6506804229759439,3228.4510052071687,18.703784362057572,16.142255026035844
-157.523457,200,35.8844,0.0,0.7769168369391696,3430.102114303523,20.074446317164426,17.150510571517614
-34.796763,135,36.297476,1.0,0.043322961976918505,2323.1466040088208,13.507659291841124,17.208493363028303
-55.657961,200,36.446794,0.0,0.1439141636787565,3195.306851812163,19.122655154124093,15.976534259060816
-146.170982,200,36.569812,0.0,0.606088628113659,3284.0587349225743,19.256224004153317,16.42029367461287
-50.676173,200,36.696335,0.0,0.13826164675465233,3268.880683373102,19.208581184366587,16.34440341686551
-86.582473,200,36.830855,0.0,0.3404414278084926,3351.0268118964227,19.82444760203503,16.755134059482113
-58.915017,200,36.96556,0.0,0.2949928634658522,3261.959961927089,18.755676716640075,16.309799809635443
-83.922016,200,37.100745,0.0,0.21153314077094737,3508.065710701215,20.007948024024543,17.540328553506075
-43.54661,200,37.235145,0.0,0.1170961007055306,3232.338607856027,19.050754248070294,16.161693039280134
-19.117336,177,37.345833,1.0,0.04921546660507756,2995.085809071934,17.01120128377318,16.921388751818835
-100.387499,200,37.476468,0.0,0.29881220755117976,3334.232481733831,19.90642850008456,16.671162408669154
-65.734553,200,37.921393,0.0,0.3261686600958572,3441.16353349579,19.797941881401254,17.20581766747895
-67.786726,200,38.056486,0.0,0.13332439543281369,3278.008906115044,18.18937385968664,16.39004453057522
-73.868238,200,38.189042,0.0,0.31106647535913745,3549.447848744504,21.288220942912826,17.747239243722518
-50.506798,200,38.315593,0.0,0.27959937435690424,3382.1889583568695,18.802155205127708,16.91094479178435
-46.042649,200,38.442956,0.0,0.22624971442344943,3147.7368418651886,18.817567596946628,15.738684209325942
-159.676578,200,38.56493,0.0,0.6610549800369956,3279.7522878336895,18.39277189854106,16.398761439168446
-82.872962,200,38.685478,0.0,0.4168450491674323,3398.2947126513495,18.968871652189456,16.991473563256747
-38.471297,200,38.807909,0.0,0.16890148971805313,3402.5771979435026,20.076279880585076,17.012885989717514
-137.362451,200,38.928451,0.0,0.550927791978324,3179.748251039231,18.946910987443886,15.898741255196155
-122.271008,200,39.04803,0.0,0.5921617859957397,3397.827218254749,19.568128437561697,16.989136091273746
-134.112499,200,39.166068,0.0,0.6516775838822133,3433.7968039093635,20.490849451237736,17.168984019546816
-124.951472,200,39.656955,0.0,0.5601047291773152,3526.637029250321,20.04854592230023,17.633185146251606
-85.463778,200,39.811837,0.0,0.3785579136286654,3398.726759054421,19.836043633912247,16.993633795272107
-105.905256,200,39.946995,0.0,0.34153347810007134,3421.8690337855373,19.899964921695624,17.109345168927685
-33.041107,200,40.067995,0.0,0.2082882203281008,3248.9653433987723,18.683284099965796,16.244826716993863
-81.600867,200,40.192554,0.0,0.27450818717515435,3220.0093158722602,18.67495018516,16.1000465793613
-163.028272,200,40.318121,0.0,0.6833239829845258,3457.8016146501923,19.99495603387723,17.28900807325096
-71.373967,200,40.44056,0.0,0.3403192500954976,3219.8390846469206,18.80280970745162,16.099195423234605
-109.603974,200,40.559575,0.0,0.5532217521858946,3445.855308851167,20.476630354886268,17.229276544255836
-30.917002,200,40.677092,0.0,0.2496825764840133,3450.7488025337757,20.051153841787478,17.25374401266888
-78.020404,200,40.793685,0.0,0.32765688260751225,3346.807375969435,19.81160263569177,16.734036879847174
-164.456325,200,41.21876,0.0,0.7278235424808088,3272.3816986185548,19.333843587757404,16.361908493092773
-31.589107,200,41.368785,0.0,0.11311609573960146,3179.1812414158176,18.534547824728943,15.895906207079088
-71.685248,200,41.495311,0.0,0.26011593596382115,3317.489594912114,19.009463765260158,16.587447974560572
-50.669241,200,41.620657,0.0,0.23911329483754967,2941.771481375859,17.636930304534495,14.708857406879295
-163.427187,200,41.745193,0.0,0.8141942860265855,3323.8178781336446,18.738338150834362,16.619089390668222
-12.794605,61,41.782757,1.0,0.04792822030807157,1018.6409576009684,5.643564687977891,16.699032091819152
-34.520454,200,41.904764,0.0,0.14190820366912088,3438.7195182447845,19.85807165517136,17.193597591223924
-57.96018,180,42.016324,1.0,0.047972583028093166,2989.6335514974444,16.703370762440176,16.609075286096914
-80.572895,200,42.13871,0.0,0.16663767650600106,3151.665289981827,18.29548548238888,15.758326449909134
-92.364558,200,42.261733,0.0,0.44151821605528996,3390.7314565215474,20.39329677539514,16.953657282607736
-85.346721,200,42.383263,0.0,0.4172511379066895,3362.7739671403037,20.15607770587061,16.813869835701517
-128.365761,200,42.821097,0.0,0.4672866849855835,3286.4530004814974,19.044374209296475,16.432265002407487
-46.176634,200,42.965183,0.0,0.2645476254954937,3205.089628538136,18.178876197164634,16.025448142690678
-89.84458,200,43.090722,0.0,0.31829560195014384,3513.5331355221315,20.007504668408323,17.56766567761066
-138.412278,200,43.2124,0.0,0.6074355456041238,3349.9195372303557,19.65762333390096,16.749597686151777
-37.15627,200,43.335924,0.0,0.19062510628702348,3122.958143316096,17.70857135244911,15.61479071658048
-64.070415,200,43.459922,0.0,0.28321433704566124,3144.812857478643,18.789697832375822,15.724064287393213
-157.221828,200,43.587806,0.0,0.7648314355465115,3366.7233058507622,19.474313987421073,16.83361652925381
-125.891769,200,43.711748,0.0,0.5285572357195149,3073.1133058891633,17.744322660777385,15.365566529445816
-49.989035,200,43.836013,0.0,0.41199761201866947,2983.658797097128,16.88189281284721,14.91829398548564
-121.743004,200,43.951513,0.0,0.4835674593781553,3124.4183540770996,18.37034803701967,15.622091770385499
-136.817586,200,44.388246,0.0,0.6399215175667506,3501.5369389727634,20.22532540634765,17.507684694863816
-80.468278,200,44.519764,0.0,0.2668041871682321,3033.728247949177,17.82026274647302,15.168641239745885
-75.104989,200,44.672148,0.0,0.3158316253132437,3131.406067833291,18.470511606257055,15.657030339166456
-112.677492,200,44.802671,0.0,0.5204423020402075,3376.6659034776476,19.35247431254125,16.883329517388237
-15.756212,101,44.867194,1.0,0.04933013893171429,1762.250917125035,9.938432530639654,17.448028882426087
-53.851076,200,44.987712,0.0,0.20804426685941513,3215.743434624044,18.226246835494607,16.078717173120218
-79.453618,200,45.112247,0.0,0.325275672081635,3217.8475756091766,19.4286565935195,16.089237878045882
-43.743955,200,45.234748,0.0,0.30093666984320944,3340.381223527332,18.979835126287526,16.70190611763666
-67.57431,200,45.357731,0.0,0.2381749896994043,3055.9549063344393,18.46397502677587,15.279774531672196
-78.009672,200,45.481855,0.0,0.3392698021035518,3179.613095803677,18.43892042461478,15.898065479018385
-88.645561,200,45.600812,0.0,0.3980211694343629,3378.8873829962963,20.074323326630296,16.894436914981483
-54.722601,200,46.05512,0.0,0.20666089428059026,2862.962413955452,17.743355670774342,14.314812069777261
-48.798441,200,46.196173,0.0,0.10811240816783409,3172.98910741644,18.48620279324659,15.864945537082201
-101.519759,200,46.322624,0.0,0.4391890109107524,3139.690935412369,19.118963062918706,15.698454677061845
-69.716086,200,46.443162,0.0,0.3188276300002541,3472.518943972225,19.974362204602546,17.362594719861125
-45.768974,200,46.5652,0.0,0.1127114673899291,3104.83936033326,17.987987287419532,15.524196801666301
-69.335734,200,46.686502,0.0,0.3121705087168521,3046.8388494305764,17.949511609809065,15.234194247152882
-88.61852,200,46.809027,0.0,0.26540639257597054,3290.123475831516,19.1671760676598,16.450617379157578
-59.340816,200,46.932648,0.0,0.43218820997492363,3272.4524307625506,18.874245577324547,16.362262153812754
-143.879274,200,47.055687,0.0,0.5254221017807287,3186.644307319959,18.350377079169004,15.933221536599795
-39.477923,200,47.176479,0.0,0.14035939245731466,3056.7496036330126,17.59942263661823,15.283748018165063
-154.160754,200,47.629069,0.0,0.5980184880657844,3001.4705697602353,17.775861770790115,15.007352848801176
-151.423866,200,47.762099,0.0,0.634968937925898,3305.774110978982,19.16687090532486,16.52887055489491
-39.582707,200,47.890579,0.0,0.1708990216985883,3275.132416291545,19.73672189868755,16.375662081457723
-137.249143,200,48.015629,0.0,0.6544177376229706,3520.566917004606,20.061458337456084,17.60283458502303
-145.694809,200,48.145179,0.0,0.6842146555543809,3290.790199786365,19.245701077234507,16.453950998931827
-88.204009,200,48.268873,0.0,0.35548430197569164,3167.743339408103,18.390632008916313,15.838716697040516
-12.657303,66,48.310412,1.0,0.0489789237306758,933.7779511154337,5.54921753184248,14.148150774476267
-72.151051,200,48.431839,0.0,0.3272821186247802,2976.282072993724,18.34862951126256,14.88141036496862
-42.269824,200,48.552959,0.0,0.14497445591157,3060.6215451253743,17.851174891578356,15.303107725626871
-30.765249,200,48.67399,0.0,0.12576286130221934,3093.8273371755236,18.221710261264885,15.469136685877618
-109.903831,200,48.792531,0.0,0.262682442159137,2969.164286703515,17.356804911174116,14.845821433517575
-116.246051,200,49.225127,0.0,0.5829017636706637,3520.70095742352,20.534221729251488,17.6035047871176
-128.879319,200,49.351686,0.0,0.6166858590750918,3304.2390834675716,18.9775220224678,16.521195417337857
-83.742125,200,49.481733,0.0,0.1766230952973471,3345.779589119107,19.093727631019505,16.728897945595534
-113.237403,200,49.604986,0.0,0.4813532274928874,3269.5056883048146,18.82790436331411,16.347528441524073
-36.890336,159,49.703522,1.0,0.04819926624492866,2395.949310294986,14.184034378551646,15.068863586760918
-65.92675,200,49.830035,0.0,0.27106220419791954,3343.816342414959,19.600559781091327,16.719081712074793
-86.228215,200,49.949625,0.0,0.33274459920348465,3153.00101770199,19.14267225047822,15.76500508850995
-78.275286,200,50.074636,0.0,0.19641247848160506,3465.206334531738,19.29786188158065,17.32603167265869
-30.547924,200,50.196159,0.0,0.09926383346439653,3150.4141029385746,18.23091292285316,15.752070514692873
-180.275954,200,50.31893,0.0,0.8804050144967245,3256.5035388168926,18.950705029775577,16.28251769408446
-96.224711,200,50.436681,0.0,0.430300152529183,3326.3623349300174,18.95809339204162,16.631811674650088
-119.555484,200,50.886368,0.0,0.4754873963126301,3480.1424333005357,19.831884700153633,17.40071216650268
-160.99798,200,51.016858,0.0,0.7445008651247585,3397.049093697723,19.633628438007385,16.985245468488614
-169.847591,200,51.147398,0.0,0.7714851998967882,3344.634118332331,19.186282789536396,16.723170591661656
-77.557803,200,51.268961,0.0,0.0845813074584374,3062.8906772041814,17.47530018293433,15.314453386020908
-63.058443,200,51.391555,0.0,0.377133475784107,3385.108044205465,19.211633946989895,16.925540221027326
-68.572554,200,51.515045,0.0,0.29580953584186204,3347.698697861479,18.85185325084211,16.738493489307395
-66.28554,200,51.63572,0.0,0.23923496866773358,3159.596653723972,19.110001158378097,15.79798326861986
-107.103181,200,51.757198,0.0,0.46012425165448423,3224.5752141332523,18.705529955612118,16.122876070666262
-19.458586,73,51.800714,1.0,0.04889873654602238,1119.57287961072,6.675897767990806,15.336614789187946
-137.933754,200,51.922235,0.0,0.48730564187838454,3064.3297574889284,18.133939267336654,15.321648787444643
-32.07066,200,52.360513,0.0,0.05331631422528924,3385.6461233614214,19.79955588588635,16.928230616807106
-54.938298,200,52.511472,0.0,0.112636879842491,3107.9721545772636,18.197198880911078,15.539860772886318
-134.358018,200,52.636184,0.0,0.5835974559602604,3411.744478964447,20.011563368765174,17.058722394822233
-165.132353,200,52.762205,0.0,0.72216350104643,3319.306350890997,18.95087078772974,16.596531754454983
-90.794607,200,52.886232,0.0,0.3235157828122395,3264.3192302262255,18.503514433484312,16.32159615113113
-139.668941,200,53.00971,0.0,0.455643225768311,3047.832669152516,17.98402248382697,15.239163345762579
-125.106269,200,53.131255,0.0,0.3855744810650051,3281.2552261093742,18.925532163169827,16.40627613054687
-85.52614,200,53.251278,0.0,0.25472008594446416,3068.4082843365527,17.44182982390282,15.342041421682763
-138.912042,200,53.375349,0.0,0.5421910018489264,3015.782246034833,17.20740551028617,15.078911230174164
-119.651962,200,53.496848,0.0,0.4925407470423977,3331.898116984531,19.667738002615152,16.659490584922654
-80.460088,200,53.613224,0.0,0.19591390932680708,3169.311875104333,18.20473763709329,15.846559375521664
-89.390525,200,54.052309,0.0,0.42208884760217746,3033.318528310992,18.384809204574097,15.16659264155496
-170.742955,200,54.177295,0.0,0.8209367677123584,3427.055902758173,19.374333991798842,17.135279513790866
-67.080263,200,54.298833,0.0,0.16770320967131136,3548.06650912443,18.860780551776447,17.74033254562215
-140.131236,200,54.422312,0.0,0.5271372681754276,3091.5727286173505,18.101998329867723,15.457863643086753
-166.728505,200,54.548849,0.0,0.8041145204622393,3608.477766775311,21.254119272399816,18.042388833876554
-34.852103,200,54.677503,0.0,0.19514414426194523,3311.1537836702846,19.377426522548006,16.555768918351422
-43.080407,200,54.808224,0.0,0.2897800042821803,3316.8592335462613,18.994847272828682,16.584296167731306
-98.980633,200,54.928241,0.0,0.4109336870759674,3530.7923298953915,19.85293430803078,17.65396164947696
-21.510652,79,54.974746,1.0,0.04804997178899149,1149.9055289403132,7.661209018330045,14.555766189117888
-151.137198,200,55.097268,0.0,0.7504504589874813,3448.265744261956,20.381271560266672,17.24132872130978
-111.828838,200,55.216799,0.0,0.27729971404488885,3326.264198475705,18.82425207187654,16.631320992378527
-126.340265,200,55.659183,0.0,0.5457314827202628,3173.0912708366513,18.925774881412128,15.865456354183257
-52.189095,200,55.791202,0.0,0.23660201292861902,3324.5219330466157,19.2939820534154,16.622609665233078
-83.572665,200,55.914747,0.0,0.38648475962963397,3108.7658510899414,19.48469963070989,15.543829255449706
-92.309195,200,56.039226,0.0,0.31181786750545515,3393.2331667143712,19.562110487959714,16.966165833571857
-98.090853,200,56.162786,0.0,0.27885187952635504,3040.720470693461,18.13886642985509,15.203602353467303
-154.873214,200,56.295777,0.0,0.7602226974748509,3285.4247616825246,19.70759351518237,16.427123808412624
-104.073588,200,56.430335,0.0,0.364315994194655,2958.3361376536955,18.16350773074177,14.791680688268478
-98.676957,200,56.552881,0.0,0.36531278913008497,3326.005052823829,18.83149659415833,16.630025264119144
-53.597108,200,56.669617,0.0,0.1928077139091647,3149.211942891129,18.869725942383,15.746059714455646
-91.019408,200,56.78714,0.0,0.2986667054243647,3371.6697220205997,18.997385101707938,16.858348610102997
-73.918059,200,57.230698,0.0,0.3611561392876725,3217.1526853865676,18.077744094277133,16.08576342693284
-81.570099,200,57.362219,0.0,0.4996389307745017,3068.2004945826716,18.69640987585351,15.341002472913358
-131.935358,200,57.485264,0.0,0.5327963169610193,3257.0087521033756,18.766049233732314,16.285043760516878
-75.852522,200,57.612668,0.0,0.15805444446124575,3315.230459941632,18.651344073884104,16.57615229970816
-67.739868,200,57.747194,0.0,0.5015770092292365,2916.1170907204573,17.796630899148887,14.580585453602287
-57.392968,200,57.877771,0.0,0.11409447902129125,3439.0409671166067,19.73145577235886,17.195204835583034
-138.620442,200,58.007336,0.0,0.5756653699245375,3057.462854923326,18.425516571383902,15.28731427461663
-64.271994,200,58.128843,0.0,0.45959276294284973,3035.6499058358672,18.645601776501156,15.178249529179336
-144.908491,200,58.245358,0.0,0.3933644409581494,3286.9475046401385,18.239204834964067,16.434737523200692
-147.317201,200,58.365415,0.0,0.5537009205165601,3273.55262185709,18.911458224473044,16.36776310928545
-132.476756,200,58.824634,0.0,0.5246432020927009,3189.3645531176076,18.605130584763074,15.946822765588038
-38.617372,200,58.954166,0.0,0.3380172982454269,3219.611982660277,18.436414712620152,16.098059913301384
-125.437398,200,59.081844,0.0,0.3992222688073317,2892.7881968970364,18.00326701210243,14.463940984485182
-103.58966,200,59.208737,0.0,0.4704923570368039,3230.1282337511093,18.58346355251155,16.150641168755545
-132.961106,200,59.333632,0.0,0.6361183644488604,3573.9538877646974,21.174504000114325,17.869769438823486
-59.238402,200,59.458555,0.0,0.2750063476949214,3384.731752089192,19.753728816989643,16.92365876044596
-146.659132,200,59.57689,0.0,0.5819174079824645,3201.840119220436,18.49578907228003,16.00920059610218
-98.591673,200,59.698415,0.0,0.4027294651620306,3120.8303269471976,18.230511076337375,15.604151634735988
-73.881312,200,59.818608,0.0,0.3619658509320454,3268.9037241370943,18.66562858273779,16.34451862068547
-30.81148,168,59.91614,1.0,0.045809454085773096,2717.5112103431816,16.046006750699394,16.175661966328462
-79.596943,200,60.346204,0.0,0.4656097492589083,3123.66481949489,18.779518099155204,15.61832409747445
-59.939308,200,60.485231,0.0,0.35529426414549997,3306.6034524869306,18.735274423968058,16.533017262434655
-64.514633,200,60.625745,0.0,0.3721091601056987,3158.5490047966423,18.026449795192917,15.792745023983212
-96.805961,200,60.748307,0.0,0.4395409716986735,3245.85485234302,18.74903769739004,16.2292742617151
-126.102736,200,60.868353,0.0,0.49490384926452,2923.294300160919,17.104937371116307,14.616471500804597
-41.773868,200,60.988903,0.0,0.08381764095729916,2816.247885770478,16.708387671345537,14.081239428852392
-78.518479,200,61.110423,0.0,0.25798038349830354,3036.2672400257256,17.925387745505056,15.181336200128628
-102.623152,200,61.231965,0.0,0.5038318222783822,3203.3550337740808,19.0894626433616,16.016775168870403
-166.408683,200,61.35873,0.0,0.7439619200379575,3160.425406650302,18.60929176466774,15.80212703325151
-23.619811,100,61.416898,1.0,0.03864562695315042,1721.0203318185045,9.162708661819455,17.210203318185044
-101.549987,200,61.533441,0.0,0.30496164206900345,3255.1677475622,18.513929485191955,16.275838737811
-101.263346,200,61.945851,0.0,0.5414600201317308,2893.491902433748,17.859121490385423,14.46745951216874
-106.299254,200,62.085563,0.0,0.480554767614134,2997.9934741741454,18.039277476731385,14.989967370870726
-67.728146,200,62.211097,0.0,0.4686227824928195,2794.7035762428104,16.43686545963136,13.973517881214052
-55.955078,200,62.331638,0.0,0.257940757653274,3376.6953087580673,19.404981035639217,16.883476543790337
-161.975022,200,62.457138,0.0,0.729075096589685,3230.790157231719,19.187345194883196,16.153950786158596
-142.362053,200,62.581228,0.0,0.6329195540885814,3361.874113802492,19.54605404934494,16.80937056901246
-121.411572,200,62.704777,0.0,0.42326852741302534,2893.676482261485,18.12181676291833,14.468382411307426
-169.486678,200,62.8253,0.0,0.7990619151129263,3496.9869944089005,20.34369838255558,17.484934972044503
-156.229227,200,62.948853,0.0,0.6594409878786065,3157.039367530894,18.26454610196193,15.785196837654471
-43.91058,200,63.070749,0.0,0.12401448693152509,3048.2283691924226,18.256552721130866,15.241141845962114
-32.672018,199,63.512348,1.0,0.04410286285361096,3304.169489136171,19.07681812860349,16.60386677957875
-149.287846,200,63.65185,0.0,0.7294243906543105,3483.6160817942405,20.05659755978707,17.418080408971203
-121.20561,200,63.778935,0.0,0.5587049821520051,3391.511369824811,18.747988294152737,16.957556849124057
-159.300474,200,63.903473,0.0,0.774028984825175,3379.8754541468275,20.340290204389266,16.89937727073414
-61.560709,200,64.024489,0.0,0.5113486409224388,3198.2154016000272,17.913216855085192,15.991077008000136
-94.937447,200,64.146015,0.0,0.2754450654221772,2949.8458126617434,16.917696785375632,14.749229063308716
-86.777033,200,64.265594,0.0,0.6122621371058512,2949.2239770265437,18.591912238273796,14.74611988513272
-149.974013,200,64.388597,0.0,0.6306098998802507,3262.291818864586,18.064787085643918,16.311459094322927
-19.812587,68,64.429596,1.0,0.04775033758062771,1013.9661779096409,6.057642321229904,14.911267322200601
-23.663027,104,64.491119,1.0,0.044666552468639945,1771.686427219526,10.08559994729673,17.035446415572366
-112.357827,200,64.610672,0.0,0.41396516319713667,2943.2783539614693,17.24937546799312,14.716391769807347
-130.95074,200,64.724194,0.0,0.5978949755999249,3477.363151838587,19.93999665243029,17.386815759192935
-166.382925,200,65.150282,0.0,0.7846081451334241,3078.753373971633,18.540128904152674,15.393766869858165
-58.443454,200,65.294346,0.0,0.34883968662551645,3144.8384656777275,18.984264006638668,15.724192328388638
-69.733255,200,65.416866,0.0,0.4714177450412979,3269.777918864362,18.760141712053425,16.34888959432181
-53.843736,200,65.539381,0.0,0.5560102695744774,3188.434198840014,18.315092958464618,15.942170994200069
-115.685007,200,65.664285,0.0,0.46560135336366476,3332.2181702589637,19.381168253492884,16.66109085129482
-129.897375,200,65.787792,0.0,0.508343262795543,3428.267167554047,19.00114641710862,17.141335837770235
-82.397025,200,65.913201,0.0,0.39107435010606584,2970.834332078643,17.725659815922143,14.854171660393215
-90.22246,200,66.033722,0.0,0.4573346340376741,3182.2695118794104,18.992181156759337,15.911347559397052
-145.20593,200,66.156204,0.0,0.7125887062442894,3275.922444005715,19.239411024661955,16.379612220028577
-92.701345,200,66.277226,0.0,0.43657473684073744,3291.2060012614343,18.990459804829236,16.45603000630717
-80.462586,200,66.707334,0.0,0.38514022707407697,3039.1285542492933,17.50082643272721,15.195642771246467
-74.27529,200,66.83585,0.0,0.34625653551689206,2875.9136333024358,16.98125549120338,14.379568166512179
-128.998169,200,66.965387,0.0,0.46366460908109924,3113.0197068112275,17.793203013733105,15.565098534056137
-147.91776,200,67.087402,0.0,0.6581326546544847,2944.321673949555,18.228018000339276,14.721608369747775
-47.280328,200,67.210933,0.0,0.38870444728938486,3026.692028914937,17.206011231686233,15.133460144574686
-140.603817,200,67.332398,0.0,0.6917263689511353,3412.4467005376955,20.004791495889055,17.06223350268848
-154.532315,200,67.455919,0.0,0.6677713292535681,3115.5641986562346,18.444421955637193,15.577820993281172
-17.605042,76,67.500796,1.0,0.04338849386663589,1035.7045900150188,6.398674606046829,13.627691973881825
-77.947926,200,67.624707,0.0,0.32159932222885523,2962.3605287243004,16.586842390382255,14.811802643621501
-141.027411,200,67.745228,0.0,0.5637461287468964,3211.149943014968,18.479592215388138,16.05574971507484
-140.263104,200,67.864065,0.0,0.6894379823339574,3413.1285578781954,19.391975790013543,17.065642789390978
-135.247193,200,68.285705,0.0,0.6594307494667316,3171.76475754326,18.856396750147333,15.8588237877163
-81.257354,200,68.416246,0.0,0.36381320345708384,3190.005128168846,18.453685194171698,15.950025640844231
-98.295987,200,68.540751,0.0,0.425858160512041,3112.0900923472327,18.275185238462534,15.560450461736163
-112.083875,200,68.666886,0.0,0.4389006278178717,2996.954135060256,17.2757966615208,14.984770675301279
-123.942692,200,68.792037,0.0,0.36890149650454673,2669.48983278982,15.443998088984802,13.3474491639491
-121.998084,200,68.914115,0.0,0.5678430770120342,3186.3119864591854,19.5735674193576,15.931559932295928
-95.594002,200,69.037546,0.0,0.40583454077349673,3398.6972205101797,19.831228480302375,16.9934861025509
-106.148158,200,69.160605,0.0,0.4377721685744224,3414.4559437597563,18.948878857263054,17.072279718798782
-42.733995,200,69.283682,0.0,0.21421886676095997,3491.379770533322,20.417314978258258,17.45689885266661
-172.684914,200,69.404188,0.0,0.849453357690779,3375.164374936075,19.424834905884886,16.875821874680376
-60.882327,200,69.840466,0.0,0.3343559182038674,3471.4427807581546,20.068292931382626,17.357213903790772
-100.85692,200,69.98032,0.0,0.3342810066274315,2977.919329344422,17.848638516897772,14.88959664672211
-91.400834,200,70.115106,0.0,0.42230109504346114,3348.4244314700263,18.98751447375256,16.74212215735013
-136.774181,200,70.239886,0.0,0.5314214080053388,3378.2293831077495,20.04110470313291,16.891146915538748
-49.047029,200,70.361249,0.0,0.31738305707547826,3393.4399347678723,19.544434171822658,16.96719967383936
-38.171815,200,70.48524,0.0,0.16450451774862884,3441.7580542366118,19.888505130572675,17.20879027118306
-163.252831,200,70.608759,0.0,0.7721750730658371,3272.922265047101,19.046181681298116,16.364611325235504
-138.849389,200,70.729343,0.0,0.6117438590204768,3056.5748215339545,17.119604914022784,15.282874107669773
-140.077047,200,70.848672,0.0,0.5343336556023691,3280.751354283404,18.54084665548566,16.40375677141702
-157.376603,200,70.970205,0.0,0.7781011202301409,3217.7566322860007,19.906691324974698,16.088783161430005
-69.667924,200,71.415786,0.0,0.4591475646692107,3194.970505806517,18.2298868191276,15.974852529032585
-117.13649,200,71.566312,0.0,0.5463010647044577,3109.1361221402344,17.879471739410562,15.545680610701172
-107.885358,200,71.691056,0.0,0.5057148422747395,3036.8081080460797,17.89274403209393,15.184040540230399
-110.425657,200,71.822588,0.0,0.5234837731954012,3453.0127409377133,19.915495293120507,17.265063704688565
-112.404315,200,71.945078,0.0,0.36724501006305693,2987.139865582392,17.38792249403918,14.935699327911959
-70.965948,200,72.067628,0.0,0.38648570555357276,2912.0425033388296,17.77935813658654,14.560212516694149
-53.294276,200,72.190668,0.0,0.22374591161127222,3301.5157699718748,19.488910281465284,16.507578849859375
-133.000808,200,72.319798,0.0,0.600563826737856,3291.6075525630786,18.825785993443493,16.458037762815394
-128.99882,200,72.443553,0.0,0.5923926523111273,3131.4419901285764,18.56313084692824,15.657209950642882
-52.192534,200,72.562097,0.0,0.27491862680827633,2864.9835052392305,17.58306030493222,14.324917526196153
-54.759062,200,72.680176,0.0,0.2579436691529882,2994.1927778794297,17.96982442462161,14.970963889397149
-72.052835,200,73.103907,0.0,0.40447618082548253,2948.413573402043,18.209064835961097,14.742067867010213
-111.860102,200,73.240204,0.0,0.4843869096485099,3256.391032397468,19.0400017488769,16.28195516198734
-9.893377,42,73.2702,1.0,0.04495667573800937,428.9861388995913,3.2087136587296112,10.213955688085507
-128.897759,200,73.394179,0.0,0.6079133037380734,3057.0084019256865,18.578270103075823,15.285042009628432
-125.115702,200,73.515924,0.0,0.602899238571752,3265.9931692857745,18.850479178105196,16.329965846428873
-58.037934,200,73.638987,0.0,0.25046281721078834,3132.8435147370383,17.618548339486665,15.66421757368519
-106.585416,200,73.761565,0.0,0.5301305672993329,3057.3383987603265,18.45281587326051,15.286691993801632
-89.827485,200,73.887577,0.0,0.410689377290453,3305.3343426927577,19.42269325633591,16.526671713463788
-95.153996,200,74.009646,0.0,0.44726645390826064,3054.6325150143634,17.77653003076384,15.273162575071817
-87.997457,200,74.129219,0.0,0.3959592113943191,3264.3690392368003,18.608256131408254,16.321845196184
-100.642202,200,74.252738,0.0,0.4701137525998132,2887.454904413918,17.102770742856535,14.43727452206959
-157.227821,200,74.729292,0.0,0.702104362778732,3235.7973393147886,19.118553040199973,16.178986696573944
-11.499148,47,74.774437,1.0,0.048776566478430414,402.82886886619167,2.8527062805594228,8.570826997153015
-56.982209,200,74.912005,0.0,0.46574274970744217,3006.279967892871,18.27049000991149,15.031399839464354
-133.837991,200,75.042541,0.0,0.5515140963911329,3282.7688698230836,19.559747480760972,16.41384434911542
-57.167429,200,75.170105,0.0,0.27822601040689476,3170.6715905653136,18.20116895720192,15.853357952826569
-71.283968,200,75.303062,0.0,0.3592088569024065,3353.387623880215,19.24060633560321,16.766938119401075
-155.350997,200,75.432647,0.0,0.692937495604357,3290.2755802179486,19.431159440556407,16.451377901089742
-148.614242,200,75.562178,0.0,0.6829087637989117,3389.1705098783304,19.442427047072925,16.945852549391653
-74.139819,200,75.694803,0.0,0.3339605290190034,3367.7317639063963,19.392586838311892,16.838658819531982
-78.847743,200,75.823323,0.0,0.42372856346201293,3347.01677813311,19.002397950635885,16.73508389066555
-161.005469,200,75.948852,0.0,0.7635629911546967,3304.5510158494617,18.90681689963113,16.522755079247307
-90.246221,200,76.456425,0.0,0.4278886663413395,3398.4348949587798,19.82786181787095,16.9921744747939
-81.27395,200,76.594457,0.0,0.34826897557719033,3233.3901800049616,18.466696615325315,16.16695090002481
-41.371732,200,76.726671,0.0,0.21645761710037958,2678.673562245039,16.53400377231084,13.393367811225197
-138.391518,200,76.85041,0.0,0.5736922514454957,3103.0222180544874,18.09321926040135,15.515111090272438
-105.127174,200,76.972594,0.0,0.4939209213230968,2953.0815530568925,18.465664411959555,14.765407765284463
-156.730297,200,77.092642,0.0,0.7327662689733991,3375.9167931385036,19.837236761071857,16.879583965692518
-121.185747,200,77.219086,0.0,0.5061191979400883,3370.88889970357,18.977534365825644,16.85444449851785
-77.511255,200,77.338626,0.0,0.4671676339010272,3019.9833291526056,18.269203191735308,15.099916645763027
-67.042586,200,77.470167,0.0,0.19400149280724685,3035.6375683077827,17.569805358037204,15.178187841538913
-99.875552,200,77.602498,0.0,0.466976250685506,2834.649428545982,17.670821678153143,14.173247142729911
-58.230446,200,78.075074,0.0,0.3783909119514945,3164.0210703006446,17.879232036831635,15.820105351503223
-92.514035,200,78.210591,0.0,0.3739571523780891,3178.9926619893126,18.584549335244816,15.894963309946563
-60.662801,200,78.336131,0.0,0.5696525236505118,2730.353056939532,16.84675294015993,13.65176528469766
-48.735054,200,78.459502,0.0,0.20910064170923226,3089.567000773262,17.205824056437855,15.44783500386631
-174.461439,200,78.581547,0.0,0.8267810905326005,3267.128691061633,19.384498592773575,16.335643455308166
-106.488419,200,78.70709,0.0,0.5025911217097038,3247.987636716993,19.163629155058057,16.239938183584965
-35.633506,200,78.833609,0.0,0.1468624100801424,3020.732826475559,18.06757134611884,15.103664132377794
-118.60488,200,78.960751,0.0,0.4588936613544132,3020.15302809424,17.989141172341125,15.100765140471202
-71.819982,200,79.083431,0.0,0.4859868407749892,2815.977741824565,17.120077592627347,14.079888709122825
-136.52881,200,79.200953,0.0,0.6565612040336518,3412.9922986003453,19.695692497926164,17.064961493001725
-172.919492,200,79.63202,0.0,0.8430742354227551,3547.4709705221658,20.262493022649043,17.737354852610828
-82.598023,200,79.766192,0.0,0.34552217175820543,3227.891759111733,18.34901076110493,16.139458795558664
-153.431213,200,79.893209,0.0,0.6746977909364607,3392.499377481664,18.759827042554473,16.96249688740832
-15.420737,58,79.932204,1.0,0.04706310564223031,619.9708121724757,3.995011080190305,10.689151934008201
-139.121472,200,80.052754,0.0,0.6665289270786824,3266.8195936097586,18.98391108521148,16.334097968048795
-125.750806,200,80.174215,0.0,0.6178765292679774,3374.2759726419613,19.113392354765395,16.871379863209807
-91.512854,200,80.297232,0.0,0.48060996195228717,3357.30317317509,19.70773086893484,16.786515865875447
-44.765232,200,80.41973,0.0,0.1930926969616246,3359.6202160279145,19.932552088999728,16.798101080139574
-149.442482,200,80.54118,0.0,0.7073501968069684,3183.826981515042,18.574820581619026,15.91913490757521
-148.124227,200,80.662757,0.0,0.530154022375791,3397.108434811213,19.436241863568327,16.985542174056064
-80.052651,200,80.780739,0.0,0.3821430260876862,2736.655027297536,16.48986605225004,13.68327513648768
-74.160784,200,81.244716,0.0,0.3222899660712019,2938.2218512139652,17.529098151317346,14.691109256069826
-118.811557,200,81.380697,0.0,0.5936272527755067,3240.72773022254,19.05609110842535,16.203638651112698
-59.566615,200,81.50818,0.0,0.2595416074700663,3116.6027686043117,17.98600387741913,15.583013843021558
-124.839941,200,81.632703,0.0,0.4957813888769645,3151.9850653249296,18.89639117306605,15.759925326624648
-127.229521,200,81.761405,0.0,0.5035780148502983,3409.64941693699,19.58833644057573,17.04824708468495
-11.322224,48,81.790919,1.0,0.04615019183914801,479.8283149588168,3.4126312553441225,9.996423228308684
-59.258237,200,81.918449,0.0,0.30337076734344004,3683.7455787144386,19.686638220244443,18.418727893572193
-54.415439,200,82.043009,0.0,0.5202528147309453,2963.4343121009533,17.925963355209582,14.817171560504766
-99.018824,200,82.162517,0.0,0.3229492149725947,3036.1704067357023,16.665752371630724,15.180852033678512
-28.646318,200,82.289559,0.0,0.15721294980528666,3194.308379574173,18.35453907541593,15.971541897870866
-104.098415,200,82.408072,0.0,0.4892117582549574,3280.3505194270347,19.248536552958893,16.40175259713517
-149.485238,200,82.829147,0.0,0.6743829535058126,3460.88126146203,19.754567323348244,17.30440630731015
-42.713021,200,82.978186,0.0,0.17608126423191958,3253.9111872582853,18.892385913133666,16.269555936291425
-108.984372,200,83.100804,0.0,0.3476714153462259,3018.034357321135,17.593164647777783,15.090171786605675
-47.926542,200,83.223331,0.0,0.41330743332916436,3303.319138782467,18.06437116034457,16.516595693912333
-61.646105,200,83.355644,0.0,0.4508416240997432,3050.33910499588,17.697593495584222,15.2516955249794
-135.403742,200,83.481225,0.0,0.5977981330242997,3156.4633453073343,17.59002402958747,15.78231672653667
-45.931701,200,83.602141,0.0,0.24909094687913913,3460.9743371503655,20.19313790475182,17.304871685751827
-90.856821,200,83.727669,0.0,0.3743923298522238,3255.2025605435356,19.114734487822474,16.276012802717677
-154.640363,200,83.851195,0.0,0.7286799850811388,3378.2321834856252,19.791093028657055,16.891160917428127
-30.208931,200,83.972724,0.0,0.10088613818597102,3215.1762851030744,18.410690328854137,16.075881425515373
-33.604102,200,84.394266,0.0,0.12047431907190082,2936.6790217645134,17.94899924092016,14.683395108822568
-110.815774,200,84.536306,0.0,0.37379050519286106,3243.0494536546125,18.76971363904493,16.215247268273064
-165.582171,200,84.660827,0.0,0.8190177148613064,3366.6844433517294,18.960208313592602,16.83342221675865
-89.702379,200,84.789502,0.0,0.3249584706775309,2764.265256550738,15.980178889398214,13.82132628275369
-63.906954,200,84.91807,0.0,0.5433525423843723,2519.020570170725,15.887984233806366,12.595102850853625
-83.581208,200,85.047612,0.0,0.39396692803078304,3074.8830167944684,18.276307040861614,15.374415083972343
-122.635714,200,85.175073,0.0,0.4557490133309045,3380.6930677043365,19.356373134568123,16.903465338521684
-60.312427,200,85.306098,0.0,0.27022854152056053,3052.4424178491445,18.30350849745843,15.262212089245722
-71.418883,200,85.435621,0.0,0.4466378324526699,2932.392800397008,17.784551862021708,14.66196400198504
-94.13587,200,85.557827,0.0,0.24377631770181382,3145.6596265933617,18.439871085120267,15.728298132966808
-152.624001,200,85.679739,0.0,0.7203034413205692,3440.9823366607447,19.788779229103024,17.204911683303724
-158.251851,200,86.107863,0.0,0.6979184394317234,3394.711532322188,20.491582797520607,16.97355766161094
-83.477048,200,86.237331,0.0,0.3133700535950576,2811.448991376178,17.318780841878286,14.05724495688089
-175.613994,200,86.359886,0.0,0.8335495070710184,3262.7827713473866,19.273430637831957,16.31391385673693
-51.424772,200,86.491949,0.0,0.19217590128584502,3264.97184901156,19.04982348804265,16.3248592450578
-168.209041,200,86.632441,0.0,0.8334819720594727,3725.343923710158,21.774270641681507,18.62671961855079
-53.455251,200,86.756961,0.0,0.23556894240780413,3206.1767101241076,19.438703997675407,16.030883550620537
-66.950585,200,86.88004,0.0,0.38181132945921886,3120.92154698759,17.934998795579375,15.60460773493795
-87.84233,200,86.99959,0.0,0.392531039956801,3281.114565010428,18.946270871838237,16.40557282505214
-135.314689,200,87.118075,0.0,0.6427000763046311,3218.709070143052,19.011699419749483,16.09354535071526
-162.615051,200,87.237653,0.0,0.7930501827703133,3259.4622070628284,19.49059962486835,16.29731103531414
-145.091654,200,87.702507,0.0,0.6010067333519382,3379.219358791959,20.09417315005935,16.896096793959796
-136.577354,200,87.830194,0.0,0.6097378678123734,2991.427467306372,17.54265249121844,14.95713733653186
-74.435799,200,87.955707,0.0,0.3449601957416743,3327.5731196535257,19.048438646765657,16.637865598267627
-15.289061,119,88.029251,1.0,0.04927969085073742,2041.6232855972678,11.277066630123482,17.15649819829637
-52.886686,200,88.152769,0.0,0.4143873041212579,3328.7711389416336,18.53738884467618,16.64385569470817
-134.812021,200,88.274356,0.0,0.5662348871825484,3129.1974607218003,18.70940933073284,15.645987303609001
-118.348081,200,88.393409,0.0,0.5228312530097131,3503.526095459685,19.89926320191095,17.517630477298425
-111.62126,200,88.517972,0.0,0.5250929169820026,3400.5614250553285,20.398886216358218,17.002807125276643
-136.220638,200,88.637439,0.0,0.6473129546103906,3107.770692916293,17.89960103774268,15.538853464581464
-122.630055,200,88.753978,0.0,0.5411892909121239,2879.022556075327,17.71736589705769,14.395112780376635
-39.494153,200,89.178555,0.0,0.15662704334620767,3209.903084268178,18.774065369180605,16.049515421340892
-79.611269,200,89.318071,0.0,0.3704737436907764,3228.8436899877543,18.793664081994944,16.144218449938773
-132.72373,200,89.446356,0.0,0.6020052351561298,3119.1408991958547,18.616576998939895,15.595704495979273
-167.28183,200,89.57288,0.0,0.8288986272971381,3152.330985278056,18.67531029109908,15.761654926390278
-172.080933,200,89.696374,0.0,0.790084811660394,3490.2313323960143,19.297034520075552,17.45115666198007
-116.560723,200,89.820965,0.0,0.2625917728911904,2856.0128054980505,17.193668344043978,14.280064027490253
-69.960095,200,89.94824,0.0,0.4799612138489298,2656.416152796563,16.244925240433215,13.282080763982815
-67.940712,200,90.074563,0.0,0.22615203360365735,3012.7672737548864,17.246451498422367,15.063836368774432
-60.459759,200,90.197666,0.0,0.2703255242738165,3258.025150079985,18.432785896798173,16.290125750399923
-129.47383,200,90.318182,0.0,0.6043120998466565,3240.535235795758,19.68763297145025,16.20267617897879
-33.54736,200,90.435044,0.0,0.19088629441837635,3438.496754791096,20.052088706295464,17.19248377395548
-82.981163,200,90.873148,0.0,0.21478459940392697,3150.5360932714843,18.00493681945678,15.752680466357422
-110.601918,200,91.012024,0.0,0.4847720691468275,3325.9597598949426,19.398361555617385,16.629798799474713
-79.771029,200,91.136551,0.0,0.2533260652835809,3031.3516815242233,17.454376198811456,15.156758407621117
-110.230466,200,91.263083,0.0,0.5370552239801588,2957.1936674750327,17.245437007211432,14.785968337375163
-50.605257,200,91.387153,0.0,0.3895592312453607,3457.4367037799075,19.168998833540428,17.28718351889954
-167.76213,200,91.512594,0.0,0.7865418676905166,3274.487399763037,19.795496586686745,16.372436998815186
-58.996072,200,91.636116,0.0,0.2824113579478421,2809.989838753023,17.13403116168641,14.049949193765114
-82.528665,200,91.758353,0.0,0.37589592852991527,3355.301349403121,19.5069787225065,16.776506747015606
-42.452179,200,91.880375,0.0,0.1493181504748268,3336.1007833914837,19.58500521849008,16.68050391695742
-117.300285,200,92.00286,0.0,0.47478811826877965,3433.498518304251,18.985777610936932,17.167492591521253
-47.457135,200,92.459792,0.0,0.14032933670110728,3336.1067478892674,19.07329301112066,16.680533739446336
-66.882092,200,92.595835,0.0,0.2492074424147325,3392.847763742101,19.649850024121,16.964238818710506
-113.309941,200,92.721422,0.0,0.5183220254688797,3270.361073313212,19.110096489072237,16.351805366566058
-175.21747,200,92.844963,0.0,0.8613173197151166,3471.971858545265,19.698740251675332,17.359859292726327
-108.790213,200,92.966467,0.0,0.3687302456419678,3170.413292291077,18.23875043920321,15.852066461455387
-163.331248,200,93.090548,0.0,0.7167255821263766,3329.1233336616538,19.259821712605003,16.645616668308268
-107.199685,200,93.212073,0.0,0.4195647279598337,2527.6918081319463,15.788363687929234,12.638459040659733
-103.94925,200,93.336643,0.0,0.3949507140708751,3003.512902015658,18.214316223736827,15.017564510078289
-93.0789,200,93.461143,0.0,0.3997708670434979,3504.7766876976975,19.51128551742164,17.523883438488486
-49.692907,200,93.582215,0.0,0.25379409295836686,3253.9635664598804,18.489492026347982,16.269817832299402
-84.839079,200,93.996933,0.0,0.25866944451113744,3070.190097100337,18.020065151316356,15.350950485501684
-99.104959,200,94.148,0.0,0.46264494428746905,3155.826982458811,19.029514511515757,15.779134912294055
-88.11166,200,94.27484,0.0,0.38710838908044587,3141.6517836102366,18.964175826695428,15.708258918051182
-156.364628,200,94.402136,0.0,0.7741604323836572,3405.7412262310163,19.97198738772037,17.028706131155083
-83.470369,200,94.526255,0.0,0.37651552773132474,3495.1784228457177,20.14812671386139,17.47589211422859
-57.686212,200,94.649744,0.0,0.32399278339993715,2893.248770896252,17.674756501067453,14.466243854481261
-159.330286,200,94.773268,0.0,0.7552663605027767,3143.3175463363586,18.535336459619003,15.716587731681793
-138.033941,200,94.896792,0.0,0.6022435064272869,3304.9660455593166,19.38759863269213,16.524830227796585
-134.141524,200,95.017292,0.0,0.591544007416914,3599.900253776554,20.037737086677005,17.99950126888277
-122.721627,200,95.136352,0.0,0.4144327809064489,2933.208656953896,16.766115431979077,14.66604328476948
-127.321867,200,95.571384,0.0,0.5410509568806655,3233.5056775745225,18.646704763164966,16.16752838787261
-14.279653,129,95.658528,1.0,0.04999968177591132,2112.200225272798,12.161634927720934,16.373645157153472
-49.979142,200,95.78855,0.0,0.23798083412469304,3079.359103048165,18.309221352718428,15.396795515240823
-63.681003,200,95.915083,0.0,0.2461354111483853,3160.4654363295194,18.216963705884627,15.802327181647597
-131.211594,200,96.036697,0.0,0.6155279114512026,3254.2613602303686,19.34105225046262,16.271306801151844
-110.293422,200,96.15917,0.0,0.33866971627042214,3077.895519689002,17.7117049954337,15.38947759844501
-57.659599,200,96.285228,0.0,0.2858688028948825,3231.3637963873975,19.020589405935446,16.156818981936986
-88.755408,200,96.411494,0.0,0.29296196118646606,2991.7397024661323,17.06975556595072,14.958698512330662
-52.138822,200,96.540718,0.0,0.2205747416593359,3296.8637819479895,18.96963203854993,16.484318909739947
-162.566934,200,96.664526,0.0,0.7972004044710908,3396.192879025629,19.720319238387788,16.980964395128144
-103.400953,200,96.781073,0.0,0.4293479053960132,2768.899079041223,16.789828517433705,13.844495395206115
-57.382757,200,97.223017,0.0,0.333815097981186,2926.7785253458587,17.600602664523002,14.633892626729294
-130.849821,200,97.351551,0.0,0.5924346638686192,3454.8475891363414,19.208795372758555,17.27423794568171
-109.744237,200,97.478094,0.0,0.46845162684141906,3560.0019788485274,20.683727435454184,17.80000989424264
-71.908379,200,97.606754,0.0,0.5150126885053328,2854.8158403084717,17.76318368168298,14.274079201542358
-70.351911,200,97.730511,0.0,0.24229509458104267,3377.0327786740704,19.47356104245854,16.88516389337035
-106.979028,200,97.856021,0.0,0.4648106638981539,3242.2236277331917,18.979118059377416,16.21111813866596
-66.431692,200,97.983554,0.0,0.42193042376497003,3047.15325168184,18.01375904617271,15.235766258409202
-108.170492,200,98.115645,0.0,0.44719076372018535,3237.640453727888,19.444453713609064,16.18820226863944
-169.59127,200,98.238075,0.0,0.8294008240505786,3485.0434061682695,19.652167136297496,17.42521703084135
-95.255418,200,98.356605,0.0,0.4299655421888915,2846.2078856103954,16.9233681674814,14.231039428051977
-143.955659,200,98.794085,0.0,0.711147494706626,3405.3842563498574,19.1299198978648,17.02692128174929
-152.187834,200,98.928597,0.0,0.6947282135360473,3265.0952895154956,18.679731552426915,16.32547644757748
-30.079673,200,99.056138,0.0,0.16331948747144243,3289.897199665031,18.42244352997275,16.449485998325155
-103.98342,200,99.185417,0.0,0.43961217067127345,3194.5131969127146,18.865642266621514,15.972565984563573
-114.911732,200,99.307827,0.0,0.3921307923730852,3354.998065735852,19.71143953999206,16.77499032867926
-50.424537,200,99.428392,0.0,0.19279928319427486,3409.0368500006443,19.761681787247507,17.04518425000322
-136.931114,200,99.550536,0.0,0.6429313315542452,3078.7794686180805,18.069608155493402,15.393897343090403
-82.346153,200,99.673046,0.0,0.3481583933363878,3361.699558225234,19.341125079592125,16.808497791126168
-105.743143,200,99.797678,0.0,0.46670867374040675,3112.62882620931,18.968045477073847,15.563144131046549
-101.219185,200,99.910152,0.0,0.3342007733747153,3057.42866048665,17.85600669408508,15.28714330243325
-62.15438,200,100.325083,0.0,0.2644597318818563,2915.1665182932734,17.56525471469652,14.575832591466368
-91.741751,200,100.459778,0.0,0.4158412600349884,3223.608960510972,18.60744825929666,16.11804480255486
-81.841421,200,100.594808,0.0,0.35947074365786325,3158.451553395904,18.81042646312636,15.79225776697952
-118.544581,200,100.720327,0.0,0.44185713161490586,2917.39216017607,17.205850343370486,14.58696080088035
-107.695809,200,100.843591,0.0,0.5275383197296253,3181.454382017793,18.735273776946304,15.907271910088964
-134.374381,200,100.975605,0.0,0.6616580098910008,3723.4292650999037,21.423585204543773,18.61714632549952
-109.545567,200,101.100937,0.0,0.5253406870147395,3097.1293662632993,18.53550219055135,15.485646831316496
-72.594408,200,101.226451,0.0,0.2911235118294942,2892.7391359895455,17.58668519853742,14.463695679947728
-64.944634,200,101.349003,0.0,0.3012642551276497,2726.0549356572665,16.73141486919515,13.630274678286332
-112.588196,200,101.465532,0.0,0.551542444674251,3409.1862644362013,19.918877921676177,17.045931322181005
-136.417773,200,101.584635,0.0,0.608310615482613,3306.4017822607,19.565992039242854,16.5320089113035
-160.577881,200,102.029244,0.0,0.7839493173441255,3371.704980370087,19.39203108956406,16.858524901850434
-49.41591,200,102.162753,0.0,0.17099770036046602,3157.453541818727,18.508516810681392,15.787267709093635
-97.753239,200,102.28629,0.0,0.46604938340695456,3250.905491170393,19.67980439871874,16.254527455851964
-86.740329,200,102.409862,0.0,0.4156653000084453,3270.3218696725494,19.38288085946448,16.351609348362746
-45.780657,200,102.532423,0.0,0.23891360591707175,3327.1049845871844,18.72281358373897,16.63552492293592
-123.635147,200,102.652006,0.0,0.5773210217027345,3248.7236346863847,19.246953967980367,16.243618173431923
-58.439578,200,102.773574,0.0,0.35962332397649105,3109.601262982053,18.525060019218003,15.548006314910264
-116.427076,200,102.898617,0.0,0.45648477358448947,3177.3057564117917,18.984449163309034,15.886528782058958
-138.722548,200,103.01717,0.0,0.605313297364512,2945.752230600452,17.84913095492682,14.72876115300226
-85.225066,200,103.142724,0.0,0.3161630151778428,2647.03453448778,16.074465495302473,13.2351726724389
-68.354142,200,103.585688,0.0,0.2984385964492071,2907.986468202053,17.343356971013645,14.539932341010264
-141.116345,200,103.727775,0.0,0.6066459733757474,3127.833617853608,18.12222750147442,15.63916808926804
-93.28329,200,103.852327,0.0,0.36947133486222,2839.171481773723,16.74316107198285,14.195857408868614
-81.077543,200,103.976854,0.0,0.33968581506461415,2999.515512398394,18.228261118570845,14.997577561991971
-62.771205,200,104.105157,0.0,0.3198988251815217,2862.134245566096,17.145890505790742,14.31067122783048
-112.960727,200,104.230683,0.0,0.4824998115976239,3196.206168642838,18.888226042936886,15.981030843214189
-100.384373,200,104.351233,0.0,0.3460082303814495,2996.9458086643667,17.58400200905366,14.984729043321833
-147.856804,200,104.472841,0.0,0.6539241017385673,3276.23262315948,19.5770936967667,16.381163115797403
-109.139318,200,104.595807,0.0,0.44853248951809505,3002.290432474368,17.92908355590754,15.01145216237184
-104.538598,200,104.718336,0.0,0.48316332099842463,3351.0042239538984,19.513862766297528,16.75502111976949
-62.541177,200,105.144125,0.0,0.3425536553686887,2965.009053384989,17.57283725164542,14.825045266924944
-115.281788,200,105.294678,0.0,0.4867732877651073,3065.597408709684,18.19520432844713,15.327987043548418
-102.813404,200,105.425608,0.0,0.49065710492783166,3303.8963058166614,19.4935335430396,16.519481529083308
-108.252494,200,105.554632,0.0,0.4275204907267803,2725.6395338533644,16.454784333743685,13.628197669266822
-121.494547,200,105.678219,0.0,0.5304164904036845,3122.430306957909,18.623712833443076,15.612151534789545
-56.337759,200,105.803128,0.0,0.2797089282737427,3002.0754636913434,17.518243800046882,15.010377318456717
-128.701251,200,105.924661,0.0,0.5548165127996718,3110.4521049856244,18.39174958496341,15.552260524928123
-33.012108,200,106.044192,0.0,0.0738616200243338,3183.664094264002,19.237624595876667,15.91832047132001
-87.047465,200,106.170718,0.0,0.3986477577030189,3473.2993819937737,19.839089926694147,17.36649690996887
-84.486694,200,106.297502,0.0,0.5903255734057983,2874.7142281267734,16.906469663482056,14.373571140633867
-85.773082,200,106.707334,0.0,0.3805835549148351,2633.2126109512024,16.256005483432077,13.166063054756012
-144.399775,200,106.847838,0.0,0.7108431334994816,3161.3635600180132,19.08827492048514,15.806817800090066
-51.557951,200,106.975265,0.0,0.2745250911848647,3439.6055215216797,19.100012383882405,17.1980276076084
-39.837083,200,107.100286,0.0,0.27435239435165876,3248.227648059496,17.93492206838551,16.24113824029748
-57.647678,200,107.221833,0.0,0.23644353627858186,3626.046066854909,20.907068483261465,18.130230334274543
-96.575647,200,107.344317,0.0,0.4679245873247277,3540.942386386349,20.136550764798045,17.704711931931744
-93.655762,200,107.468862,0.0,0.44756733960842815,3139.4826227999038,18.381320796523184,15.697413113999518
-118.251265,200,107.601018,0.0,0.5066907386214501,2921.95997239447,17.546856829773063,14.609799861972348
-128.073902,200,107.727097,0.0,0.5389771247214656,3153.2699249365846,18.044385942490155,15.766349624682924
-138.563401,200,107.845304,0.0,0.681343381131581,3136.372238264574,18.15383097992919,15.681861191322872
-40.287425,200,107.966396,0.0,0.18105529542763735,3494.4784810838346,20.382815219362715,17.47239240541917
-128.349575,200,108.405422,0.0,0.5063690612224638,2782.653403792771,16.986107861276697,13.913267018963854
-177.218201,200,108.534936,0.0,0.8719163637761709,3286.66842285112,18.788333088007906,16.4333421142556
-150.850945,200,108.659469,0.0,0.7351484905393582,3146.7476437364667,18.91647831448101,15.733738218682333
-59.93447,200,108.784091,0.0,0.3500154306477737,2504.576668107798,15.622036345041588,12.52288334053899
-83.70924,200,108.905746,0.0,0.3763150384192385,3187.2343351304157,18.767459375910146,15.936171675652078
-48.587208,200,109.025271,0.0,0.14955155797628578,3120.70467740335,18.15656028591448,15.60352338701675
-179.23278,200,109.146792,0.0,0.877380033999895,3508.827748362748,20.353830605575556,17.54413874181374
-59.11789,200,109.274274,0.0,0.39709272738330903,2945.5910626453365,17.664638668297158,14.727955313226682
-92.231986,200,109.394373,0.0,0.4820380340166611,3246.090485451906,18.78647802794503,16.23045242725953
-86.24816,200,109.514906,0.0,0.4409186542127163,2914.234060305503,16.952801589847017,14.571170301527516
-94.935251,200,109.948709,0.0,0.43998497842114337,3202.930403271018,19.201660388345612,16.01465201635509
-62.992161,200,110.087219,0.0,0.18117593807159066,2643.57397946329,16.32532225307851,13.21786989731645
-170.187002,200,110.211236,0.0,0.8273922929373033,3253.533633575559,18.874306732961436,16.267668167877797
-42.783119,200,110.336747,0.0,0.15726850702948056,3168.893630529053,18.323598800995832,15.844468152645266
-105.20489,200,110.46378,0.0,0.45842957320303146,2979.3392379910724,17.375325576605167,14.896696189955362
-147.437606,200,110.587305,0.0,0.6565999665535216,2945.502425249662,17.778144129622152,14.727512126248309
-92.298507,200,110.713349,0.0,0.3971375178029104,3015.766356186223,17.6829171768085,15.078831780931116
-156.609787,200,110.836337,0.0,0.7764059701333812,3118.1521771886078,18.413813349443398,15.59076088594304
-85.245386,200,110.958858,0.0,0.4488149492557077,3237.281270431345,19.099572896122453,16.186406352156727
-68.992774,200,111.079463,0.0,0.332864567005717,2951.084667091558,17.79211242042626,14.75542333545779
-105.967141,200,111.514665,0.0,0.49706651797458423,2995.472892424702,18.53210443033078,14.97736446212351
-84.867135,200,111.644187,0.0,0.3126750967311615,2940.016335115627,17.82047218234138,14.700081675578135
-167.740675,200,111.770179,0.0,0.7771316870660137,3429.300789325992,19.51125454376496,17.14650394662996
-130.941537,200,111.89723,0.0,0.6320663617203989,3475.2865794582167,19.96803394789642,17.37643289729108
-70.205416,200,112.029077,0.0,0.5043260988590833,2772.2172909327924,16.576160560302124,13.861086454663962
-64.105482,200,112.158609,0.0,0.3871254366486999,2801.6195256232804,16.70771474213768,14.008097628116403
-51.538981,200,112.280151,0.0,0.3308245519159268,3383.439743898046,19.677226662680045,16.91719871949023
-164.1191,200,112.401154,0.0,0.7161932789573446,3442.6701763483443,19.93519279048364,17.21335088174172
-146.367741,200,112.519697,0.0,0.7232058100387775,3202.8920489744,18.846955354680667,16.014460244872
-126.247041,200,112.643198,0.0,0.5476466548276361,2735.0460884365816,16.66197959664615,13.675230442182908
-54.522412,200,113.07007,0.0,0.18683485821170978,2796.1292993587917,16.765896831653667,13.980646496793959
-48.353074,200,113.216837,0.0,0.36524701394922804,3274.338083510081,19.22865493260797,16.371690417550404
-149.834112,200,113.346356,0.0,0.6956516248541063,3115.512026270321,19.059785408922377,15.577560131351603
-178.128303,200,113.472903,0.0,0.8790905294805123,3517.1080262940127,20.418889693195545,17.585540131470065
-112.070699,200,113.599932,0.0,0.4851464353235767,2679.731586664392,16.49207063988462,13.39865793332196
-126.589162,200,113.722455,0.0,0.48607420434341014,2664.309800010764,16.583713565746173,13.32154900005382
-122.083812,200,113.847628,0.0,0.4233741278478338,2842.138978530552,16.605708519531934,14.210694892652759
-63.932445,200,113.969143,0.0,0.1669466222594857,3175.4501721827196,18.47179085557269,15.877250860913598
-127.260087,200,114.090723,0.0,0.5870797888369826,3059.4815877766587,18.007718321110364,15.297407938883293
-81.247045,200,114.218271,0.0,0.3547501913717979,2633.0127546002736,15.925382358000231,13.165063773001368
-78.813339,200,114.339383,0.0,0.3809651850782133,2737.211275488597,16.727262795149482,13.686056377442986
-29.916989,200,114.771626,0.0,0.27172920959606256,3104.0860669610715,17.5014565804308,15.520430334805358
-46.830706,200,114.90321,0.0,0.2616631132293639,3241.7549854467147,18.901604042147863,16.208774927233573
-83.016177,200,115.02748,0.0,0.21472390578373565,2228.6577152090636,13.271706915624884,11.143288576045318
-51.650044,200,115.150023,0.0,0.4536761291588164,3183.295483512991,18.76104215206776,15.916477417564954
-94.684204,200,115.275539,0.0,0.3295846616967898,2484.56672976728,15.755092164702866,12.422833648836399
-51.028194,200,115.399584,0.0,0.31633453620415103,3342.0189091411794,19.23134040431139,16.710094545705896
-23.590839,106,115.461585,1.0,0.04659602032639852,1137.7984451319933,7.4476250898068255,10.733947595584842
-67.052088,200,115.584821,0.0,0.3366114067292396,3285.0714905972645,18.85581585840711,16.425357452986322
-102.887441,200,115.708435,0.0,0.4370041748150125,3184.877869070923,18.479800692895335,15.924389345354616
-71.772097,200,115.827948,0.0,0.22713993724349313,2714.4423476970164,16.42462713668173,13.572211738485082
-15.699063,121,115.90248,1.0,0.04593055500159369,1824.8190463361866,10.752664239154871,15.081149143274269
-86.974634,200,116.346347,0.0,0.29412569605824423,2724.2436085642166,16.62176455282432,13.621218042821083
-95.753438,200,116.475633,0.0,0.3685725791255103,3104.741462396134,17.96632684491615,15.52370731198067
-125.583201,200,116.59999,0.0,0.5801078615590323,3171.0446800985187,18.135111458202108,15.855223400492594
-42.596696,195,116.72353,1.0,0.04769623495358545,2823.2648183539545,16.044000809881275,14.478281119763869
-119.129942,200,116.864059,0.0,0.44908261662465815,3111.807369634721,17.64403441445994,15.559036848173605
-43.97497,200,116.990595,0.0,0.32876235532105424,2348.200242230108,14.60142418459906,11.74100121115054
-16.103549,68,117.03308,1.0,0.04603605324519194,770.3043888097293,4.856077094037459,11.328005717790136
-50.045526,200,117.155613,0.0,0.09497363547161583,2792.2743613021185,16.742384405338086,13.961371806510591
-31.592055,200,117.279858,0.0,0.15195903065865687,2234.098015215765,13.943540671380827,11.170490076078824
-9.872835,37,117.304316,1.0,0.045163489285478774,418.82310978837864,2.687044864405059,11.319543507794018
-60.326264,200,117.42285,0.0,0.5138756678735572,2932.279566814601,17.01714378087107,14.661397834073005
-131.526209,200,117.85129,0.0,0.5608696154120637,3303.8049084983168,19.755649077195848,16.519024542491582
-81.42546,200,117.996302,0.0,0.2931471072561691,2858.0956884101474,16.970830063225808,14.290478442050738
-149.286039,200,118.126808,0.0,0.6345640552347024,3144.4983194960187,18.06614332552833,15.722491597480094
-73.456651,200,118.25233,0.0,0.1868092015831645,2557.348830332438,15.403119733558013,12.78674415166219
-65.752158,200,118.374849,0.0,0.21870164315311208,2990.8677858521323,16.754769964777324,14.954338929260661
-83.144427,200,118.499881,0.0,0.43626480799275585,3108.9770350104964,18.287575533245665,15.544885175052482
-80.65274,200,118.625669,0.0,0.27553106432549346,2834.135509379995,17.30429068163554,14.170677546899974
-124.222826,200,118.754646,0.0,0.5160343485339326,2916.7210047957897,17.739791823176223,14.583605023978949
-105.654757,200,118.877175,0.0,0.37517330304525587,2649.720941020816,15.705436805986045,13.24860470510408
-77.622415,200,119.001223,0.0,0.2559756793710374,2633.4641579364265,16.47174156429928,13.167320789682133
-168.550879,200,119.121749,0.0,0.7787948417359302,3152.7348610290496,18.311846656575277,15.763674305145248
-111.680199,200,119.56464,0.0,0.48470291077667765,3208.978757071459,19.03304195033987,16.044893785357296
-74.945639,200,119.715673,0.0,0.21352146982770895,2878.1122213684835,16.97409496973321,14.390561106842418
-165.895619,200,119.857197,0.0,0.7698425177447824,3560.798450445949,20.635459589143583,17.803992252229747
-65.267856,200,119.982717,0.0,0.20715736308525645,2676.084421552406,16.379692428483477,13.380422107762032
-70.762954,200,120.106744,0.0,0.5711134876037824,2929.8148303019284,16.929016001482925,14.649074151509643
-28.989815,173,120.214285,1.0,0.049696627158360304,2372.995625829757,14.111854269359329,13.716737721559289
-16.167636,139,120.299808,1.0,0.049361629629065235,1937.0808762153608,11.510367218646156,13.935833641837128
-39.623785,200,120.423327,0.0,0.19318101817614425,2864.7262697101633,16.313027878813983,14.323631348550816
-112.85607,200,120.54285,0.0,0.44393039104992205,3457.333449242091,19.330270739073505,17.286667246210456
-79.419373,200,120.659349,0.0,0.6421690923056959,2994.53618911758,17.34072958274409,14.9726809455879
-145.497538,200,121.087487,0.0,0.6375051077085357,3195.3751049499997,19.009976300648074,15.976875524749998
-65.853677,200,121.224039,0.0,0.24607017817048832,3043.267551443259,17.82647688605392,15.216337757216294
-144.547144,200,121.354582,0.0,0.6630237451255372,2785.694436005425,17.147146056516785,13.928472180027125
-102.845623,200,121.482145,0.0,0.359615491953866,2490.9459553831425,15.277527850578343,12.454729776915713
-108.539645,200,121.607167,0.0,0.46238926833408606,3272.556594886312,19.18804609738316,16.36278297443156
-94.32329,200,121.729703,0.0,0.36767538248971693,3243.0820552975033,18.99378904201374,16.215410276487518
-125.137371,200,121.850561,0.0,0.5572904547769217,3263.3742854199695,19.018179258785317,16.316871427099848
-150.935363,200,121.973082,0.0,0.637355478623568,3046.302461294541,17.732349619882097,15.231512306472705
-80.63795,200,122.094614,0.0,0.6297648591492551,2682.32975101577,15.21812150970031,13.41164875507885
-139.769796,200,122.215606,0.0,0.5668661154308352,3230.494919716009,18.793357724017547,16.152474598580046
-143.004702,200,122.337123,0.0,0.5980164970784431,3408.9500745881123,19.478776381978214,17.044750372940562
-154.01639,200,122.762716,0.0,0.6843573748404267,3053.249006559861,17.678735682373855,15.266245032799304
-165.60217,200,122.895276,0.0,0.7601930812185028,3201.847215657916,18.463456332861874,16.00923607828958
-100.810742,200,123.022294,0.0,0.46597830554647807,3047.980952669128,18.158264104805742,15.23990476334564
-47.881944,200,123.145644,0.0,0.21549347612691566,3213.249789874684,17.20740706255674,16.06624894937342
-59.066681,200,123.269144,0.0,0.46361775744532246,1834.7727667988033,11.908122641507191,9.173863833994016
-35.131989,200,123.393727,0.0,0.15798687670001782,2913.2393711437485,17.080407087682378,14.566196855718742
-80.536618,200,123.5158,0.0,0.40684205255410055,2857.013885125264,17.177599386600466,14.28506942562632
-152.069691,200,123.638282,0.0,0.6144174567832142,3230.9387286611145,18.96854852260946,16.154693643305574
-17.042871,60,123.676265,1.0,0.04992841072061885,494.83279421366404,3.770048979828359,8.247213236894401
-73.580327,200,123.797834,0.0,0.5781965357646458,2734.0886980491646,15.741420652474563,13.670443490245823
-81.133357,200,123.924849,0.0,0.2774319806620074,2822.3754252780673,15.960053051918837,14.111877126390336
-55.337353,200,124.359491,0.0,0.4320875528290156,3374.939629277335,18.35588813229712,16.874698146386674
-59.812562,200,124.498577,0.0,0.14662906896581765,2715.063990675784,15.64711398246365,13.575319953378921
-80.051728,200,124.623139,0.0,0.28534586919058375,2282.4218127166773,14.948749709050642,11.412109063583387
-125.431461,200,124.744662,0.0,0.4708771970228462,2958.587095960446,16.66652465326754,14.79293547980223
-120.97477,200,124.869226,0.0,0.5352259317748034,2702.157703251938,16.939847781209586,13.51078851625969
-146.60353,200,124.993767,0.0,0.693681069863214,3219.8653639183644,18.75503181975421,16.099326819591823
-111.692944,200,125.116776,0.0,0.3615295546227916,2783.4826440389716,16.755729189380105,13.917413220194858
-106.786498,200,125.243587,0.0,0.39719697178664787,2813.1278071145516,16.57082766480959,14.065639035572758
-122.409569,200,125.366725,0.0,0.46485256959426535,2596.3214589739914,16.080184908656758,12.981607294869956
-121.431166,200,125.486284,0.0,0.4907451499036237,2845.8011285721172,17.189385138409268,14.229005642860587
-144.252753,200,125.90724,0.0,0.593153550133372,3383.5460908978566,19.70695114046024,16.917730454489284
-160.835053,200,126.050771,0.0,0.7214794119087745,3250.974583261665,19.37339893033336,16.254872916308326
-113.657434,200,126.172881,0.0,0.5041704067164503,3402.163068099669,19.68200985895179,17.010815340498347
-75.357446,200,126.297446,0.0,0.22162371105791953,2658.4401461128405,15.810247255201585,13.292200730564202
-89.199013,200,126.424003,0.0,0.17391145680036302,2834.8104994193573,16.60067699805023,14.174052497096786
-70.195197,200,126.546373,0.0,0.3238476469407637,2872.894903945914,16.297773195763646,14.36447451972957
-94.715512,200,126.674668,0.0,0.2760333315162623,3100.264406130574,17.603644639905617,15.50132203065287
-62.274398,200,126.803755,0.0,0.22458918372879044,3165.19500410627,18.214161237499216,15.82597502053135
-84.737558,200,126.924275,0.0,0.26143711512038886,3037.8273287746224,17.136080321167107,15.189136643873113
-103.460523,200,127.041805,0.0,0.3866448427672881,2823.2321542570276,16.831544412378673,14.116160771285138
-112.25923,200,127.478094,0.0,0.38657736979807156,3253.8977437031026,18.850689891872914,16.269488718515515
-46.975257,200,127.622981,0.0,0.0963574948665036,3393.869258259348,19.253707510919394,16.96934629129674
-113.756893,200,127.750447,0.0,0.42443781620864723,2733.755502695462,16.807387857852955,13.668777513477309
-93.452178,200,127.874084,0.0,0.31938336227212827,2520.0851043905463,15.916572346801717,12.600425521952731
-115.334571,200,128.001059,0.0,0.4743645235062584,2829.7418298342077,17.1874715700489,14.148709149171038
-164.758443,200,128.122595,0.0,0.7215612054315772,2984.1180159820756,18.02173273887522,14.920590079910378
-92.682125,200,128.246124,0.0,0.2500980189822058,2834.1983684512534,16.121286502446953,14.170991842256267
-56.444012,200,128.367635,0.0,0.22864814448346052,2618.642167294351,15.445722488144662,13.093210836471755
-55.872669,200,128.490255,0.0,0.21225934072934738,2487.3156051414826,14.947732582822237,12.436578025707412
-98.565366,200,128.611287,0.0,0.39681234699997386,2931.535311000352,17.195549885346512,14.65767655500176
-40.740827,177,129.032382,1.0,0.04930814159645209,2433.845573612942,14.728483468834606,13.750539963914928
-97.121691,200,129.180643,0.0,0.430207956573673,3154.294970206716,19.24545542189513,15.77147485103358
-170.950089,200,129.307682,0.0,0.7499133010697013,3112.253109054992,18.18884472476844,15.56126554527496
-65.185541,200,129.433213,0.0,0.3650547499725616,2252.0938187774195,14.505492675794757,11.260469093887098
-63.860244,200,129.558562,0.0,0.3207903376060558,2935.0530316874765,17.94975130532228,14.675265158437382
-107.331515,200,129.684425,0.0,0.3700098401649465,3228.8037268854105,18.217799978346953,16.144018634427052
-143.678498,200,129.808136,0.0,0.6553648825164958,3310.4306856192843,19.008057705059485,16.55215342809642
-153.914991,200,129.930044,0.0,0.7095393329992796,2934.070495002505,17.93062444570881,14.670352475012526
-124.131814,200,130.05533,0.0,0.4598308377464189,3010.629779768476,16.731672633106086,15.05314889884238
-95.874998,200,130.178793,0.0,0.5078280441287016,2436.766805149577,15.306303323177943,12.183834025747885
-70.450343,200,130.296357,0.0,0.1722165497330547,2690.26404969694,15.810911001239358,13.4513202484847
-101.872909,200,130.728954,0.0,0.3640788719931685,3085.9712230342234,17.130142543355714,15.429856115171116
-25.525916,172,130.841469,1.0,0.04504512355107951,2569.3838498377395,15.280336508808213,14.938278196731044
-84.872074,200,130.965961,0.0,0.42012693802021206,2677.8802718582947,15.75479051074673,13.389401359291474
-161.177028,200,131.088507,0.0,0.7898323643520859,3563.0452701341383,20.239461180027213,17.81522635067069
-29.400002,165,131.189102,1.0,0.047763475633205314,2181.338607314992,13.970739718360978,13.220233983727223
-102.597175,200,131.312709,0.0,0.3804091884598961,3176.3832968297447,18.156332305795555,15.881916484148723
-137.50617,200,131.434962,0.0,0.6150826416450709,3334.3778478666113,18.766635045760825,16.671889239333055
-114.722036,200,131.556071,0.0,0.4391671600572684,3008.752911861904,17.579153693340785,15.04376455930952
-42.12932,200,131.678229,0.0,0.2562470985378852,3394.2338926771304,18.572081127338933,16.971169463385653
-114.359933,200,131.800672,0.0,0.543266179123277,3276.377259297198,19.40229536811528,16.38188629648599
-84.790866,200,132.21449,0.0,0.3829978768314331,3014.048753301482,17.19113693943076,15.07024376650741
-15.325749,122,132.30603,1.0,0.04748283253892852,1802.4830117253869,10.696589702790341,14.774450915781859
-75.598509,200,132.442604,0.0,0.3410939261324981,2584.9304161378063,15.936674327157506,12.924652080689032
-104.490766,200,132.565977,0.0,0.44175990741873084,3221.1366688250782,18.559464606033654,16.105683344125392
-96.698343,200,132.691508,0.0,0.4471622308958307,2553.5155771289333,14.939859767279597,12.767577885644666
-121.392895,200,132.815503,0.0,0.5690338167138604,2600.8078798073666,16.782527370444335,13.004039399036833
-125.530314,200,132.936047,0.0,0.5829606040869264,3149.717511955624,18.731486463004313,15.748587559778121
-7.925979,33,132.958047,1.0,0.04396141014581272,204.46304192823672,1.5189721635933158,6.195849755401113
-166.298659,200,133.084227,0.0,0.7606299511824368,3130.186980444687,17.81081532367164,15.650934902223435
-13.246062,50,133.117707,1.0,0.049389044489399216,519.2342204811441,3.6017999582039537,10.384684409622883
-141.124301,200,133.241225,0.0,0.6800385151195439,2923.2937653856593,17.474729908187776,14.616468826928296
-93.94663,200,133.36079,0.0,0.6211687740656994,2489.4539355656466,15.427570325763206,12.447269677828233
-178.493784,200,133.779875,0.0,0.8774887609925263,3068.6993095372313,18.403541872623073,15.343496547686156
-165.029477,200,133.914865,0.0,0.7716450673759939,3118.2103663332173,17.951423485172263,15.591051831666086
-139.654839,200,134.049667,0.0,0.5988880241038231,2824.1644720467907,17.4818959755778,14.120822360233953
-84.443313,200,134.177466,0.0,0.5506320742817907,2766.1967675944584,15.801849838496462,13.830983837972292
-46.7838,200,134.302015,0.0,0.3338827276492281,3287.9875041498003,18.25890090673959,16.439937520749
-102.295935,200,134.425052,0.0,0.467943790460184,2825.428002296986,17.542316418641846,14.127140011484931
-124.371232,200,134.548108,0.0,0.39670448468899844,2547.9722026035633,15.47436750751197,12.739861013017817
-136.005709,200,134.673443,0.0,0.6492226842226082,3442.7141089152883,20.140151028652667,17.21357054457644
-74.757356,200,134.802988,0.0,0.3135080907436285,3272.5472997809347,18.283632268350974,16.362736498904674
-31.542442,200,134.92899,0.0,0.17574634652592788,3054.1295498942413,17.795355625664833,15.270647749471207
-114.013931,200,135.054516,0.0,0.44563279122509936,3027.8260371435927,17.871194948645293,15.139130185717963
-74.28695,200,135.577154,0.0,0.27324168065037635,2891.7542960581795,15.956940470408718,14.458771480290897
-83.352083,200,135.726392,0.0,0.28376413051538274,3081.9680632971895,18.13259586954117,15.409840316485948
-88.621762,200,135.863915,0.0,0.4172864296763641,3078.149824427151,18.050903849500447,15.390749122135755
-31.41654,200,135.995448,0.0,0.11531176223814561,2701.068023209435,15.298435905781048,13.505340116047176
-45.171506,200,136.135079,0.0,0.4157116406248496,2641.183749469861,16.265226032146,13.205918747349306
-91.997384,200,136.268171,0.0,0.6790182520526316,2696.8338412454846,15.347717196151445,13.484169206227422
-44.688648,200,136.405269,0.0,0.26316558487283803,2590.7941839662617,15.499305871608833,12.953970919831308
-60.489172,200,136.536882,0.0,0.19856351555672752,3032.060449508115,18.10993411783008,15.160302247540576
-151.722317,200,136.655421,0.0,0.6455276054281098,2915.9589771815263,17.092128985082496,14.579794885907631
-104.506035,200,136.772364,0.0,0.43353382173406296,2604.5247858753028,15.047005495056807,13.022623929376515
-151.231608,200,137.227073,0.0,0.6844064749875469,3148.092113769432,18.217026257028703,15.740460568847162
-126.729887,200,137.357624,0.0,0.6078919385001015,3443.8331376531546,18.800785340276132,17.21916568826577
-15.175111,56,137.393633,1.0,0.048151602866405525,578.1904886460261,4.128697999280924,10.324830154393323
-14.429284,50,137.428249,1.0,0.048873582958281835,398.69219546528365,3.1199946593164554,7.973843909305673
-19.86228,142,137.525778,1.0,0.048956949630759396,2232.0434516176133,12.15937970495051,15.718615856462065
-57.864172,200,137.660227,0.0,0.09194005734616445,2637.702358620835,14.904274546018978,13.188511793104176
-79.118131,200,137.792754,0.0,0.5109312977854188,2632.3208303940983,15.65287141448816,13.161604151970492
-57.331305,200,137.934951,0.0,0.4445824132452704,3113.5882711817226,17.356974741053392,15.567941355908612
-49.100904,200,138.05947,0.0,0.21730346757261715,2639.975675337977,15.930191609676445,13.199878376689885
-159.701225,200,138.181072,0.0,0.7587227692227343,3089.7785197255134,18.682632986979662,15.448892598627568
-142.328942,200,138.302612,0.0,0.6386060501784208,3043.98749012425,18.195470100344316,15.21993745062125
-93.254518,200,138.426335,0.0,0.5076388799563731,2871.7050532093576,17.490994603838264,14.358525266046788
-134.562893,200,138.867586,0.0,0.48241040815057146,3049.105111294176,17.58671258678637,15.245525556470879
-13.83777,57,138.905585,1.0,0.04808088528259555,606.7633341823973,3.9655197191014078,10.644970775129778
-62.261461,200,139.035634,0.0,0.18240130173056374,2642.990938464672,15.635015751883708,13.21495469232336
-134.666561,200,139.163142,0.0,0.5328747487748634,3129.0015891898543,17.672503633524272,15.64500794594927
-120.103331,200,139.285675,0.0,0.3982003720563356,3147.5158987297887,18.143787254263163,15.737579493648944
-52.893253,200,139.410461,0.0,0.18102351599247832,2863.557348053124,16.84384516218177,14.31778674026562
-63.859923,200,139.534995,0.0,0.43713671088711364,2845.588558414319,16.021791407122645,14.227942792071595
-95.098741,200,139.660518,0.0,0.3137476175803474,2882.9106377537455,16.453824283110695,14.414553188768728
-146.05079,200,139.782024,0.0,0.5019377668388633,3224.787654345669,18.335103257409095,16.123938271728345
-105.917229,200,139.901322,0.0,0.5076071934893928,2984.324853945601,17.725045366370647,14.921624269728005
-88.888913,200,140.019313,0.0,0.5073569936167438,3015.8760940005263,17.81200215810854,15.079380470002631
-84.162119,200,140.457316,0.0,0.5741899758619894,2724.5703861007287,15.86151922389908,13.622851930503643
-144.813991,200,140.590165,0.0,0.5729531755501514,3016.855831661516,17.188713310177917,15.084279158307579
-162.317312,200,140.716696,0.0,0.8015376174086339,3594.183579156187,20.299848211920388,17.970917895780936
-133.898799,200,140.840792,0.0,0.4735734549472458,3300.7125087854356,18.72124664906064,16.503562543927178
-134.311656,200,140.964287,0.0,0.6149828645943669,3358.875090627153,19.467417166110074,16.794375453135764
-64.557097,200,141.086806,0.0,0.16213711740967363,3417.8850364529776,19.518077569541266,17.08942518226489
-135.365825,200,141.206305,0.0,0.45081659038719823,2937.194269727961,17.325811804703907,14.685971348639805
-100.168984,200,141.330332,0.0,0.42443915278594607,2610.142872796529,16.09638665502379,13.050714363982644
-74.773956,200,141.450876,0.0,0.25636241389229153,2561.868732678722,14.639804779992494,12.80934366339361
-166.637579,200,141.567435,0.0,0.7008694142327866,2977.9076407486828,17.210827209706725,14.889538203743413
-76.50469,200,142.005135,0.0,0.2662779945690897,3167.830862223855,18.277056148388994,15.839154311119275
-94.45511,200,142.153179,0.0,0.3003070693760035,3020.595190227213,17.27258453458581,15.102975951136067
-125.600432,200,142.28706,0.0,0.3986205202047662,2837.872512162062,17.04558307552483,14.18936256081031
-64.511499,200,142.406585,0.0,0.40110503415373683,3015.403483511902,17.995641635742757,15.07701741755951
-88.388868,200,142.532661,0.0,0.44034349032891307,2640.2250249716567,14.888622799418883,13.201125124858283
-90.899744,200,142.659235,0.0,0.20776580253259339,2783.64090211771,15.720544965774758,13.91820451058855
-118.934125,200,142.793339,0.0,0.4276557860697411,3010.9134173706834,17.253125152580964,15.054567086853417
-38.853144,200,142.916625,0.0,0.16781193521709964,2853.0444686086266,15.951050594656415,14.265222343043133
-114.416864,200,143.044209,0.0,0.4894926823568878,3009.6894549716726,17.98296047886634,15.048447274858363
-74.986821,200,143.163778,0.0,0.4409325718344965,3116.800154719558,17.999853269344154,15.58400077359779
-100.707967,200,143.5879,0.0,0.35028776878304985,3098.3500329787207,17.03920916495819,15.491750164893604
-132.784332,200,143.729934,0.0,0.3863015370159626,2713.940658269229,15.559139094639638,13.569703291346146
-80.769184,200,143.860978,0.0,0.5645962193348395,2742.0612721165726,16.19332363747771,13.710306360582862
-92.67681,200,143.984309,0.0,0.4052747748201896,2718.8326361255054,15.581398552406565,13.594163180627527
-63.284726,200,144.110343,0.0,0.3651601280775247,2374.666142479622,14.359271856574027,11.87333071239811
-9.737687,36,144.132348,1.0,0.04453554728881311,303.750763342645,2.166285564055814,8.43752120396236
-127.460646,200,144.255898,0.0,0.5371826505813073,3334.4761400531206,18.58661680730503,16.672380700265602
-101.677772,200,144.375413,0.0,0.32009200264748194,3121.3347040264794,18.362469728849238,15.606673520132397
-84.277963,200,144.498957,0.0,0.3118640507070145,2852.6348610291307,16.037482512089625,14.263174305145654
-84.297823,200,144.621014,0.0,0.5371850165179782,2643.7475462171155,15.659136184935253,13.218737731085577
-42.61532,200,144.740132,0.0,0.24510007677999773,2821.305259793153,15.769400329916307,14.106526298965765
-115.644873,200,145.184069,0.0,0.3037183781535948,2846.4255913969946,16.625385046336298,14.232127956984973
-125.236249,200,145.326102,0.0,0.46760044371259163,2900.2000057421646,17.419597952437854,14.501000028710823
-52.897021,200,145.456635,0.0,0.21148125048005617,2902.2803541923568,17.335181486416275,14.511401770961784
-115.774322,200,145.583151,0.0,0.32367967160513145,2991.0832179099884,16.307032406336518,14.955416089549942
-76.642447,200,145.705662,0.0,0.4580928555528061,3196.6074483906486,18.60306789873875,15.983037241953243
-83.951844,200,145.828235,0.0,0.309248545211045,3118.2748899418793,18.72624361270342,15.591374449709397
-131.915377,200,145.952469,0.0,0.6099686904599632,3311.862443350243,19.05218926642436,16.559312216751216
-74.130652,200,146.077987,0.0,0.633837095125294,2491.093346673529,16.447017413958985,12.455466733367645
-59.783064,200,146.197512,0.0,0.36652092685834403,2632.953943959241,15.057600149686012,13.164769719796205
-97.29996,200,146.318553,0.0,0.3156376202931847,2679.01789285616,15.916495835137843,13.3950894642808
-66.109299,200,146.441081,0.0,0.5151957056428993,2590.9384387576793,16.169485871043214,12.954692193788397
-48.457374,200,146.878489,0.0,0.15516521233898264,2811.763785130802,16.66401917545648,14.058818925654009
-17.065417,133,146.967513,1.0,0.04169803492612625,1748.9577079906655,10.409963589400189,13.150057954817035
-96.681465,200,147.101078,0.0,0.1990238076202598,2638.998964593106,15.512548329373447,13.19499482296553
-68.633312,200,147.232848,0.0,0.2505986554443088,3043.225586321422,17.47143006366052,15.21612793160711
-141.387195,200,147.364032,0.0,0.5128225245605043,2861.5631803489678,16.402480379392653,14.307815901744839
-120.210437,200,147.489544,0.0,0.4675432510956939,3237.4677851315005,19.105306984696533,16.187338925657503
-66.576033,200,147.609129,0.0,0.5556583293036879,2522.645247494203,14.764318690842366,12.613226237471014
-65.541739,200,147.731167,0.0,0.36980269782255015,3003.540895172529,16.668705187118203,15.017704475862645
-76.048501,200,147.856752,0.0,0.43387277017695997,2643.521930213605,15.25252244388453,13.217609651068026
-37.033712,191,147.972251,1.0,0.04968528249032871,2924.8285896977195,16.8432878656552,15.313238689516856
-69.320659,200,148.393076,0.0,0.46954126562743537,3063.4365828618347,17.192884593336583,15.317182914309173
-119.13883,200,148.521683,0.0,0.3365475816542752,3045.157483569147,17.108217626094515,15.225787417845735
-31.564958,200,148.64823,0.0,0.1976803089065768,2407.537750153857,13.951435814961215,12.037688750769284
-143.308081,200,148.772742,0.0,0.5146329843527893,2938.5931852136514,17.43254615839395,14.692965926068258
-45.260409,175,148.878262,1.0,0.0464790753581311,2387.499793788969,13.752655739042742,13.642855964508394
-41.588029,200,149.002377,0.0,0.12810762099345913,2994.9630723830924,16.990166034165693,14.974815361915462
-92.923822,200,149.126382,0.0,0.30506336832956643,2874.021457724225,17.087419397860653,14.370107288621124
-58.586839,200,149.244918,0.0,0.22511981148180066,2813.565684116181,16.01059489579169,14.067828420580904
-93.43408,200,149.367354,0.0,0.7153290800618208,2470.835371498343,13.860704249935683,12.354176857491716
-89.53662,200,149.492011,0.0,0.7553900864562569,2706.8663572112123,15.712173512074981,13.534331786056061
-128.945488,200,149.615395,0.0,0.42314588473048725,3014.3290401619056,17.51537321490024,15.071645200809527
-81.28859,200,150.065011,0.0,0.2634879617334169,3270.7285203565666,18.25398989676044,16.353642601782834
-114.892811,200,150.191501,0.0,0.4184381594097655,3015.9201763958254,17.362094854831092,15.079600881979127
-75.091941,200,150.316505,0.0,0.4294735732767749,2728.586019522104,15.198822142459164,13.64293009761052
-76.760285,200,150.444046,0.0,0.43411926128016876,2563.341454096775,14.168563025117628,12.816707270483876
-136.203099,200,150.566562,0.0,0.47986293746052583,2995.0714226176,17.205910973389862,14.975357113088
-87.79821,200,150.68908,0.0,0.2829071370868609,3137.209269891935,18.082962832104883,15.686046349459675
-73.548858,200,150.813122,0.0,0.5388877563456802,2699.092032711496,15.280236833470276,13.49546016355748
-142.653092,200,150.935595,0.0,0.45694425210117784,2963.028056864575,16.640712812714693,14.815140284322874
-75.335322,200,151.052138,0.0,0.5860700042191265,2467.920096924177,14.250862134528498,12.339600484620885
-80.527725,200,151.167667,0.0,0.4003209066809732,2549.4196532409155,14.214727981754063,12.747098266204578
-67.089961,200,151.621469,0.0,0.2578887206286976,2644.399635178893,15.34866501575358,13.221998175894464
-80.246617,200,151.752158,0.0,0.2987761387754987,3028.8801313335184,17.422156999595245,15.144400656667592
-145.789203,200,151.876679,0.0,0.7193736062526502,3409.471984228459,19.937546569512907,17.047359921142295
-43.351595,200,151.999594,0.0,0.3185658085788256,3075.0452419061417,16.96681650062644,15.375226209530709
-99.373285,200,152.123046,0.0,0.29959707673174624,3157.167059722583,17.76807446352377,15.785835298612914
-105.897317,200,152.244579,0.0,0.4839419984004149,3220.069429704366,19.094775368265054,16.10034714852183
-113.718246,200,152.368456,0.0,0.3299684846730184,2884.3034369985066,16.494354486981504,14.421517184992533
-134.90479,200,152.49068,0.0,0.4756531754731586,3036.315515386175,17.214504040030892,15.181577576930874
-58.055341,200,152.611208,0.0,0.3368057739205432,2714.6088677225134,15.535492856162834,13.573044338612567
-168.029345,200,152.73264,0.0,0.790741819013566,3358.0275453813747,19.287208034321353,16.790137726906874
-58.542948,200,153.144789,0.0,0.15353113443500702,3030.528338593342,16.82241536055522,15.15264169296671
-63.562571,200,153.310322,0.0,0.254854448537106,3096.4263003971237,18.11487617066884,15.482131501985618
-58.467313,200,153.441019,0.0,0.1489744988925975,2883.1407246751987,17.326145706302903,14.415703623375993
-64.722683,200,153.564489,0.0,0.29570629635534323,2754.6251560880296,16.44941032788617,13.773125780440148
-94.537242,200,153.689071,0.0,0.16554353956958895,2607.131274743716,15.308795315254109,13.035656373718579
-99.453216,200,153.814308,0.0,0.43922327974052777,3283.6783089197033,18.59422323218537,16.418391544598517
-45.195448,200,153.93756,0.0,0.11949964185917447,2687.7419364754223,15.32022940607198,13.438709682377112
-71.542943,200,154.058724,0.0,0.08497314762265137,2429.100599878899,13.761578474872936,12.145502999394497
-75.078654,200,154.183997,0.0,0.1768200708699521,2769.0727271336455,15.988198314078781,13.845363635668228
-13.211378,50,154.214078,1.0,0.045995396943322664,506.5855728575265,3.2937986538465354,10.13171145715053
-134.048384,200,154.335654,0.0,0.4811475303088764,2914.138437245529,16.371059918520178,14.570692186227646
-126.092792,200,154.780314,0.0,0.41940141532259834,3256.7512520414652,18.22133976143737,16.283756260207326
-101.632241,200,154.924353,0.0,0.19041172085099559,2636.399987638478,15.685882265538165,13.181999938192389
-131.442134,200,155.049614,0.0,0.41722539525047403,3086.6273394190466,17.081543331741468,15.433136697095232
-82.841202,200,155.173106,0.0,0.19121675736577354,2747.0135310526234,15.818195699086509,13.735067655263117
-160.088475,200,155.294628,0.0,0.6054294933514973,2772.522226683002,16.344097368368317,13.86261113341501
-80.315304,200,155.416691,0.0,0.16000440839081526,2968.042568756799,16.83244015578247,14.840212843783995
-79.275603,200,155.541871,0.0,0.19079266512009746,2564.862363894089,14.790054363734003,12.824311819470445
-84.509983,200,155.6644,0.0,0.2123300147906136,2944.5242281358073,16.731444465357868,14.722621140679037
-51.893049,200,155.786953,0.0,0.2922726267634111,2874.196194662893,17.21858024733148,14.370980973314465
-70.796361,200,155.896522,0.0,0.20524663851352878,2903.834833019516,16.5635492000052,14.51917416509758
-68.50724,200,156.340007,0.0,0.05143412902792411,2688.99147879487,14.821034681654348,13.44495739397435
-61.477677,200,156.493418,0.0,0.3539546278551163,2515.0789692842122,14.800958498234934,12.57539484642106
-53.370138,200,156.623467,0.0,0.3377881631486703,2940.779510722501,17.355345548738565,14.703897553612505
-95.240746,200,156.744999,0.0,0.17897539752214858,2536.2252693978667,14.600253802773397,12.681126346989334
-76.262664,200,156.864532,0.0,0.5496247755913546,3033.7497092605186,17.126360852566798,15.168748546302593
-48.166802,200,156.986069,0.0,0.41923159549223565,2906.839837213092,16.21919472319785,14.53419918606546
-29.445615,200,157.107237,0.0,0.2644245702135805,2930.2375800028653,17.031026116124416,14.651187900014326
-87.783915,200,157.231266,0.0,0.15416671596053708,2523.1618582722335,14.14574528878924,12.615809291361167
-121.624638,200,157.354251,0.0,0.34530769380376936,2839.1226096595938,16.781418152264077,14.195613048297968
-164.749029,200,157.476312,0.0,0.6671797529116488,3111.601433650567,17.496640646564085,15.558007168252834
-49.38727,200,157.598322,0.0,0.16666405904754777,2460.9025247177665,14.244618221581206,12.304512623588833
-108.007753,200,158.042243,0.0,0.2511666236416531,2951.313487964689,16.797601112716396,14.756567439823446
-168.479693,200,158.179292,0.0,0.7981495853754499,3416.5142922789005,19.93029194023655,17.0825714613945
-48.428384,200,158.304964,0.0,0.2814300966454593,3095.491050451364,17.56913298637755,15.47745525225682
-42.435021,200,158.427525,0.0,0.11349429171747788,2756.8155496506906,16.482833892461787,13.784077748253454
-71.792254,200,158.553044,0.0,0.1552093844518031,2444.49193156009,14.213981105087514,12.22245965780045
-148.611161,200,158.672194,0.0,0.6055404109977506,2992.721459188443,18.086253856825067,14.963607295942216
-60.246161,200,158.793313,0.0,0.14063090325837385,2818.920866720456,16.042311424490407,14.09460433360228
-68.459531,200,158.917301,0.0,0.13147279703110845,2570.161702592472,15.66439021194783,12.85080851296236
-38.635303,167,159.019787,1.0,0.04757227928148587,2395.210207470849,14.087649738532349,14.342576092639815
-160.862776,200,159.135313,0.0,0.7654186097152226,3315.337117353957,19.132246247739772,16.576685586769784
-91.007952,200,159.585462,0.0,0.32451733075021844,3033.085043303923,17.58715359349292,15.165425216519616
-34.884588,200,159.717221,0.0,0.15620083566763265,2507.3468301809576,15.51391279443214,12.536734150904788
-82.774886,200,159.843766,0.0,0.09071339481521608,2780.417426592791,15.526584581597133,13.902087132963954
-132.384222,200,159.970915,0.0,0.5591269514096987,2980.2569794454553,17.571301649812042,14.901284897227276
-167.748783,200,160.094417,0.0,0.7428489736943413,3225.336049699418,18.321527453251637,16.126680248497088
-116.58657,200,160.216954,0.0,0.3256125061988367,2809.6898831450617,15.932959394877125,14.048449415725308
-72.985536,200,160.339939,0.0,0.17372585016783504,2495.270614063866,14.129563561462238,12.47635307031933
-39.023676,164,160.445818,1.0,0.04705690692105017,2283.019288624764,13.365601414546123,13.920849320882708
-132.311133,200,160.567248,0.0,0.40416193331968087,3204.882223577266,17.70979189775076,16.02441111788633
-48.367973,194,160.685768,1.0,0.04996876888265225,2732.548043632531,15.962667755814783,14.085299193982118
-45.130359,200,161.115807,0.0,0.3436378866080855,2529.4609789399587,14.302911469336706,12.647304894699793
-111.791434,200,161.241785,0.0,0.37174164186031633,3092.844790415574,17.65431510789231,15.464223952077871
-88.042588,200,161.371327,0.0,0.17967886249701825,2512.5838607582514,14.60092033654758,12.562919303791256
-86.551881,200,161.497573,0.0,0.15063666996282365,2635.598739870408,14.96038167333382,13.177993699352038
-95.798205,200,161.620591,0.0,0.11226256472240433,2987.7768287024355,17.238703131713862,14.938884143512178
-116.535206,200,161.744803,0.0,0.3013912376308561,2820.6847803363817,16.622747292123957,14.103423901681909
-69.278095,200,161.867329,0.0,0.10294608882373783,3019.671444236178,17.489385772566735,15.09835722118089
-60.753998,191,161.982995,1.0,0.04715113141952553,2418.3290634096793,13.962987226461703,12.6614087089512
-30.416048,200,162.105506,0.0,0.2714919238541835,2606.9807457502834,14.240426116836794,13.034903728751416
-34.486557,171,162.21103,1.0,0.04654444389437547,2206.6446594620375,13.224822530484206,12.904354733696126
-54.983483,200,162.325076,0.0,0.2955734219627912,2894.6381875634906,16.54781940825298,14.473190937817453
-112.567589,200,162.769296,0.0,0.24028254780179634,2877.3486444185723,16.416842610664965,14.386743222092862
-156.753222,200,162.915363,0.0,0.5487100900703794,3152.8185726849324,17.340372735856338,15.764092863424661
-48.082714,200,163.039402,0.0,0.3258850585653217,2907.179828608397,16.478483915650653,14.535899143041986
-154.644882,200,163.162828,0.0,0.5535711260842504,3046.5733919712893,17.328495767278604,15.232866959856446
-77.924814,200,163.284376,0.0,0.1065445553784332,2766.0975800601946,15.495277916850405,13.830487900300973
-67.921047,200,163.406825,0.0,0.05839309171251947,2545.7747937904323,14.563989114705821,12.728873968952161
-112.096074,200,163.527871,0.0,0.303653078926574,2692.1439034106943,15.705844747958864,13.460719517053471
-51.491741,189,163.645412,1.0,0.04705501975035245,2725.0501875333257,15.126442231136144,14.418254960493787
-30.058171,151,163.737951,1.0,0.04888800180723308,2013.5315295514552,11.931602302713973,13.33464589106924
-37.754907,200,163.857471,0.0,0.2924928400527864,2605.0578596968408,15.132034898894512,13.025289298484203
-76.405557,200,164.270116,0.0,0.1585835307856824,2719.155545592995,15.573771041198286,13.595777727964975
-43.280781,200,164.407636,0.0,0.1351190887603254,2927.0719368026857,16.432718016097027,14.635359684013428
-49.703393,200,164.53644,0.0,0.16528233902187311,2580.78167225073,15.162339702729598,12.90390836125365
-72.798399,195,164.660755,1.0,0.04866110000826553,2493.2802568774696,14.62184392987677,12.786052599371638
-49.661505,200,164.7812,0.0,0.11311843445817966,2685.936767673712,14.450660215640257,13.42968383836856
-30.138829,200,164.911762,0.0,0.2091381542086091,2468.0569829158467,14.08395024811586,12.340284914579234
-67.986373,200,165.034014,0.0,0.3061498509355006,2948.6465290497345,17.706757599933436,14.743232645248673
-158.754643,200,165.156532,0.0,0.7381837827012273,3237.5835834474537,18.09179888774447,16.187917917237268
-135.785606,200,165.278053,0.0,0.3951252334441612,3243.4676332893055,17.80092013509219,16.217338166446527
-75.858638,200,165.404578,0.0,0.17484924085383785,2548.626426529887,15.242859404595702,12.743132132649434
-54.138223,170,165.509096,1.0,0.04954867736055794,2425.984844221117,13.396889232031722,14.270499083653629
-67.64412,197,165.937558,1.0,0.04943608714455227,2878.7392122091865,16.44012977058084,14.612889402077089
-111.465046,200,166.068147,0.0,0.37672632452484833,3009.4893419552477,17.0459226783161,15.047446709776239
-98.851884,200,166.193741,0.0,0.3323164359620034,2905.839896252482,17.10968364842621,14.52919948126241
-83.07399,200,166.318182,0.0,0.24746853152218848,2737.306790634842,15.97172786542898,13.68653395317421
-93.476659,200,166.442283,0.0,0.26434589176180656,2589.254560338625,15.04259398662413,12.946272801693127
-58.061067,197,166.560812,1.0,0.048230157528848995,2745.342904842414,15.783845774327858,13.935750786002101
-66.317413,200,166.685291,0.0,0.07542330823127391,2651.92104511258,15.075947731706178,13.2596052255629
-77.39561,200,166.806839,0.0,0.1893450129083476,2829.347118887411,16.328591831907545,14.146735594437054
-107.279409,200,166.927746,0.0,0.4059846410773035,2906.974741875038,16.350231155212278,14.53487370937519
-99.958959,200,167.050841,0.0,0.14953676081969455,2736.634214534388,15.468886403930092,13.68317107267194
-67.49117,200,167.483316,0.0,0.09820069088257002,3002.73080995302,17.30132134442862,15.013654049765101
-180.693093,200,167.618845,0.0,0.8884528781053852,3335.8728697836814,19.301788325567184,16.67936434891841
-57.376845,200,167.745485,0.0,0.058492357697541734,2580.455986144661,15.026655285364287,12.902279930723305
-76.51599,200,167.869982,0.0,0.25599691221283233,3134.4070766498544,17.831608830733774,15.672035383249272
-84.056632,200,167.995944,0.0,0.31097193827000796,2735.7275850251103,15.999690065319346,13.678637925125551
-69.064463,200,168.123084,0.0,0.09954604667803496,2430.526358561659,14.622558697223825,12.152631792808295
-32.380641,200,168.240597,0.0,0.21846057039663588,2876.9317143107805,16.30785292506397,14.384658571553903
-155.114525,200,168.364122,0.0,0.5903139875011163,3089.95866138705,17.754745063549986,15.44979330693525
-54.546653,200,168.496702,0.0,0.17362172021531846,2776.1537644331565,15.655542238205486,13.880768822165782
-82.263404,200,168.614238,0.0,0.13920715740058523,3136.132107389385,17.02817941079079,15.680660536946926
-118.904343,200,169.017254,0.0,0.3341001816705839,2882.4978802345795,17.019669886200557,14.412489401172898
-70.436811,200,169.157289,0.0,0.1634837838188359,2969.1108537370546,16.640859982607775,14.845554268685273
-9.254368,35,169.182294,1.0,0.03951446494880114,369.41506024084924,2.4434808598693953,10.554716006881407
-48.280095,200,169.311464,0.0,0.3858730166857248,3176.0503649116417,17.589762898693248,15.880251824558208
-94.624652,200,169.437826,0.0,0.398780707463745,3074.7471348318063,17.755978760817747,15.37373567415903
-62.668256,200,169.561345,0.0,0.16378491097797343,2748.5815895621467,15.634194132534628,13.742907947810734
-68.057312,200,169.682869,0.0,0.42106210082748924,3183.3140494920376,18.715618614639496,15.916570247460188
-60.355872,190,169.799406,1.0,0.04930327638719571,2612.46912687361,15.269297839463848,13.749837509861106
-119.706088,200,169.921453,0.0,0.5452396603284537,2982.3870364429154,17.40722616530636,14.911935182214577
-41.796063,176,170.030933,1.0,0.048748926901019035,2294.654385160216,13.53329614145523,13.037809006592136
-55.144504,200,170.152449,0.0,0.1568992919775261,2784.74724120838,15.89733162484171,13.9237362060419
-169.512455,200,170.272976,0.0,0.7307370736901694,3106.069520359004,17.352428947281233,15.53034760179502
-62.635536,200,170.724773,0.0,0.12683722050663399,2890.9924120957253,17.455489726119236,14.454962060478627
-113.408391,200,170.853336,0.0,0.4369890044412644,2946.7389933133277,17.446440180437516,14.733694966566638
-70.306431,200,170.985866,0.0,0.24003703287451522,3089.2807010283127,17.856586882378537,15.446403505141564
-123.531304,200,171.110313,0.0,0.3595495628326992,2947.4330732168632,16.994115598465648,14.737165366084316
-101.714313,200,171.234299,0.0,0.1976969702729527,2696.612138120561,15.603688869833185,13.483060690602805
-148.673008,200,171.353836,0.0,0.7042876792351873,3219.5888194366044,18.98567690109486,16.09794409718302
-80.624678,200,171.48512,0.0,0.22197034491586,2748.112258730188,15.733868105122955,13.74056129365094
-101.326807,200,171.625406,0.0,0.30987859822606795,2993.7116553640403,17.521922014712697,14.968558276820202
-71.694747,200,171.745893,0.0,0.16767608081430455,2508.14269438559,14.586414559392058,12.54071347192795
-52.662566,200,171.862415,0.0,0.17100484675091748,2519.8108666838607,14.713218245124635,12.599054333419303
-98.957757,200,172.287106,0.0,0.13609819370870896,2750.596009202959,15.39624588284015,13.752980046014795
-65.546212,200,172.424094,0.0,0.4649509745258093,3024.322842079723,17.371717807833928,15.121614210398615
-105.532357,200,172.550812,0.0,0.2872880309681997,3077.6791286397915,16.717089538472138,15.388395643198958
-119.11328,200,172.675318,0.0,0.3388399432643303,3041.3877843832124,17.304007420863602,15.206938921916063
-76.467981,200,172.799843,0.0,0.2008295792822722,3177.770955453521,18.2511534928626,15.888854777267603
-37.726526,200,172.921913,0.0,0.3050995608320887,2912.786419767695,16.154711637263162,14.563932098838475
-86.618466,200,173.041955,0.0,0.07924020550050315,2984.5492717981597,16.988011223102664,14.922746358990798
-145.637699,200,173.163151,0.0,0.47745112123314004,3192.6462341012375,18.331754176561567,15.963231170506187
-119.493126,200,173.2902,0.0,0.3585680045324146,2541.9139595810266,15.296241882548966,12.709569797905132
-28.177763,200,173.4118,0.0,0.22319915679917254,2571.4987933508573,14.768998105634784,12.857493966754287
-64.057876,200,173.871294,0.0,0.1265732141169052,2745.346036594947,16.20745420365239,13.726730182974734
-70.95125,200,174.02528,0.0,0.2757178564192442,2630.8220360866503,15.43926744027175,13.154110180433252
-73.734551,200,174.157718,0.0,0.3719057271410608,2654.370529436762,15.70596582269885,13.27185264718381
-67.190521,200,174.28421,0.0,0.4189485047377453,3024.1683853482327,16.9343478522787,15.120841926741164
-58.961707,200,174.408731,0.0,0.34450372226471165,2652.7772480280646,15.7178191854485,13.263886240140323
-11.115139,55,174.443253,1.0,0.048425554115685304,681.7086153861885,4.251685981532392,12.3947020979307
-86.990659,200,174.56777,0.0,0.4266448978983478,2890.538795326648,17.589443646526874,14.45269397663324
-164.591705,200,174.693288,0.0,0.7027362234795348,3117.648131879595,18.19250317401375,15.588240659397975
-130.383582,200,174.814403,0.0,0.6011652597565855,3252.6161251337526,19.289430324174937,16.263080625668763
-46.493382,194,174.932423,1.0,0.0460536875403911,3020.694050401433,17.28371382565787,15.570587888667179
-137.389222,200,175.051011,0.0,0.4243703925894073,2778.561322066656,16.339976151707432,13.89280661033328
-84.823503,200,175.481652,0.0,0.37647416727424393,3335.860509865737,19.170406960238413,16.679302549328686
-130.88441,200,175.618207,0.0,0.4825143755631372,3113.764677883535,17.20199200536077,15.568823389417675
-96.741097,200,175.741988,0.0,0.1007278901399109,2993.5051485194995,16.647726372221364,14.967525742597497
-66.56408,200,175.869526,0.0,0.1760438916141107,2916.2292375456395,16.990093249802655,14.581146187728198
-46.44099,185,175.987235,1.0,0.04589989510615649,2847.975224021734,16.007069608850987,15.394460670387751
-82.733641,200,176.112815,0.0,0.1720699479391455,2687.6127155491513,15.283500223160313,13.438063577745757
-119.053598,200,176.233616,0.0,0.4334410499843053,2908.40917359544,17.19993778448716,14.5420458679772
-131.226313,200,176.356118,0.0,0.3545689611638015,3344.1096541426896,18.75902881048476,16.720548270713447
-118.375709,200,176.480641,0.0,0.37521799317726007,3272.72042650261,18.808775970266087,16.363602132513048
-60.236529,200,176.601173,0.0,0.1338658920015395,3087.6912545894866,18.584410253925835,15.438456272947432
-52.075681,200,177.037776,0.0,0.1450868711085176,2956.452530140254,16.658397810888932,14.78226265070127
-44.693634,200,177.176259,0.0,0.16053149242867626,2783.258727464695,16.440933029432887,13.916293637323474
-116.542489,200,177.31783,0.0,0.4453629675474203,3036.7902667896146,17.495083296727934,15.183951333948073
-103.380635,200,177.456813,0.0,0.3624898371168798,2786.4167567568275,15.959109777576172,13.932083783784137
-68.493152,200,177.581363,0.0,0.06126763816522604,2815.231140009293,15.949709860000143,14.076155700046465
-78.281598,200,177.704894,0.0,0.5223493151492614,2908.5205435106286,16.524475671244637,14.542602717553143
-65.587243,200,177.830679,0.0,0.3787607745734256,2952.90115143619,16.509341016184514,14.76450575718095
-85.658055,200,177.952187,0.0,0.2553362679610939,2730.571710848662,16.01837633890641,13.65285855424331
-97.439371,200,178.07813,0.0,0.397465486673993,3065.9942122278444,17.592638380575572,15.329971061139222
-62.875754,200,178.196854,0.0,0.552475564014087,2916.428000774512,16.394332615034266,14.58214000387256
-159.417395,200,178.315901,0.0,0.6960286217633123,3426.005639439319,19.329198584433705,17.130028197196594
-40.664759,200,178.75105,0.0,0.097878660585161,2868.4389791430067,16.427701001714837,14.342194895715034
-56.805537,200,178.879512,0.0,0.09282600518854188,2880.5991169233157,15.896589637896726,14.402995584616578
-13.654251,107,178.947039,1.0,0.04987277904452291,1530.2068834433094,8.649708932689297,14.300998910685134
-44.730068,170,179.05455,1.0,0.047774524686012496,2425.443738272632,14.008084087823525,14.26731610748607
-73.992447,200,179.178076,0.0,0.24043403747338485,2861.009634477814,16.843920207246914,14.30504817238907
-30.980558,200,179.300696,0.0,0.27761746171521556,2357.3558143705623,13.885049998456987,11.786779071852811
-159.180181,200,179.421196,0.0,0.7112814041054214,2962.6473540913685,17.24409256425553,14.813236770456843
-79.820975,200,179.542237,0.0,0.4151753029591993,3009.280200434407,18.144808511503687,15.046401002172036
-53.328316,200,179.665305,0.0,0.33293692810721504,2536.1279012367677,14.573127911617647,12.680639506183839
-116.545365,200,179.787918,0.0,0.24689321667839914,2716.4983337025387,15.357449884207329,13.582491668512693
-65.399504,200,180.211519,0.0,0.20794018296863082,2547.2835055372816,15.602948907662126,12.736417527686408
-103.330266,200,180.361779,0.0,0.2751628082332039,2872.6785011816073,16.70230145041225,14.363392505908037
-46.997185,200,180.494009,0.0,0.26943875505897835,2743.517572745882,15.568736986642918,13.71758786372941
-113.440706,200,180.620496,0.0,0.41364329983476306,3141.494929353373,17.6875468033844,15.707474646766865
-85.147791,200,180.746455,0.0,0.6540830813078351,2888.143842389356,17.464875177299405,14.44071921194678
-77.651297,200,180.866977,0.0,0.4475478433792301,2774.9628228874176,16.349997995134977,13.874814114437088
-95.380997,200,180.99047,0.0,0.26212157586443674,2887.0687891149223,16.5103927713623,14.435343945574612
-111.039596,200,181.111965,0.0,0.23684999855860825,2416.786388040052,14.334091573766342,12.083931940200259
-91.913382,200,181.232944,0.0,0.18868105118871042,2818.075531279448,16.830413179852638,14.09037765639724
-94.730296,200,181.356506,0.0,0.07430743039756688,2589.006006557367,14.618836939449999,12.945030032786836
-62.04413,200,181.477032,0.0,0.37909025588450457,2790.0582602232125,15.704942613058643,13.950291301116062
-75.994662,200,181.931629,0.0,0.22928864450408581,2654.63285666277,15.783464214081274,13.27316428331385
-79.044759,200,182.060017,0.0,0.4663872596757631,2497.3434366496267,15.351707770098331,12.486717183248134
-33.147695,200,182.184204,0.0,0.17583659790646083,2890.4966842757126,16.781617857158526,14.452483421378563
-116.317391,200,182.304668,0.0,0.29191166156830645,2644.4318593614244,15.594069979988507,13.222159296807122
-77.20339,200,182.429702,0.0,0.24099184392612252,2859.0508551767252,16.05250395538254,14.295254275883627
-105.685307,200,182.560051,0.0,0.34944239830070667,3073.320945191851,17.689402208113112,15.366604725959256
-53.260644,200,182.680171,0.0,0.34747344386072104,2903.5555732272537,16.460170125673045,14.517777866136269
-77.54389,200,182.800693,0.0,0.12111947498925896,2927.9429957958587,16.582328154299105,14.639714978979294
-61.63347,200,182.92624,0.0,0.40297245312444946,2603.238060823226,14.685183910129833,13.01619030411613
-100.995271,200,183.043278,0.0,0.395958801348184,2965.770145354927,16.658520077236297,14.828850726774636
-51.98643,200,183.469914,0.0,0.3205212004773723,2504.6126901100142,14.003118107424541,12.52306345055007
-34.808532,200,183.605959,0.0,0.14088506844584978,3117.5072267466144,17.461404582507576,15.587536133733073
-130.425198,200,183.730893,0.0,0.40368519250893037,2674.8657925055318,15.80053758941019,13.37432896252766
-149.87678,200,183.855415,0.0,0.6567399710355579,3183.6090720887128,18.546760243934962,15.918045360443564
-70.441803,200,183.980936,0.0,0.5325084973785457,2325.8439225307993,13.836812114322196,11.629219612653996
-8.852181,34,184.001959,1.0,0.04976352913553879,250.00734216313018,1.7666020722262092,7.353157122445005
-55.702269,200,184.124043,0.0,0.3633305170037072,2860.8398873678925,16.9253511118571,14.304199436839463
-86.956971,200,184.247046,0.0,0.06706324913042253,2484.225659956306,13.74175428760036,12.42112829978153
-74.123628,200,184.36758,0.0,0.2646831666333913,2885.1247125207165,17.015797939232964,14.425623562603583
-90.537825,200,184.498094,0.0,0.26519545467397987,2646.1474782715704,15.967558288131903,13.230737391357852
-121.47227,200,184.614613,0.0,0.4686457579886604,3043.556494944286,17.46464341143357,15.21778247472143
-42.616827,200,185.059172,0.0,0.26361215931718374,2874.828659729121,16.318385327469873,14.374143298645604
-62.479409,200,185.201711,0.0,0.4154084093266496,3154.0810454635493,18.82073248999771,15.770405227317747
-87.986732,200,185.325308,0.0,0.10679449204786294,2899.516790582948,16.191811513607615,14.49758395291474
-102.504473,200,185.453903,0.0,0.28483245201827595,2765.074459024557,16.09710486784868,13.825372295122786
-76.203292,200,185.577419,0.0,0.3955260249224658,2694.2122447677407,15.66406067006929,13.471061223838703
-30.441206,177,185.687931,1.0,0.04874401141933413,2400.4334492547155,13.569355238044109,13.561770899744156
-92.062302,200,185.807444,0.0,0.18792983718704875,2734.3922160140114,15.676937902839764,13.671961080070057
-74.7049,200,185.937177,0.0,0.35383783231882804,2620.6834868932424,15.387600768425166,13.103417434466213
-157.698125,200,186.059616,0.0,0.5607928574184655,2976.78895379352,17.26348560109385,14.883944768967599
-122.669485,200,186.18111,0.0,0.33425106773459096,2694.486859364876,15.514270291226417,13.472434296824382
-144.768424,200,186.610792,0.0,0.703613158525717,3362.8074424378083,19.806924725015048,16.814037212189042
-48.973255,200,186.761799,0.0,0.3099822042476735,2906.6357155410074,16.211588766806997,14.533178577705037
-71.385745,200,186.898648,0.0,0.3894488889396057,2950.1218602466256,16.866825422727313,14.750609301233128
-105.872067,200,187.021335,0.0,0.35728740432593153,3159.9030037508087,17.752491148484026,15.799515018754043
-112.894813,200,187.145192,0.0,0.5158370207745321,3316.017637806483,18.431160843352476,16.580088189032416
-105.402883,200,187.274735,0.0,0.22853815795854399,2645.544466048679,15.120197996944064,13.227722330243395
-13.860883,108,187.346284,1.0,0.048154367418467535,1742.732889422284,9.692410844489087,16.136415642798926
-66.087397,200,187.465768,0.0,0.16884032747058375,2633.6370282637054,14.752366230307812,13.168185141318526
-119.049242,200,187.587321,0.0,0.3854079742961569,3024.701473471405,17.62364684756543,15.123507367357025
-81.91963,200,187.705835,0.0,0.13731378525972382,2874.2832969075057,16.324670740867063,14.371416484537528
-58.526198,200,187.826775,0.0,0.5143538410096202,2979.7444960833045,16.73138406841285,14.898722480416522
-78.525295,200,188.255842,0.0,0.16602152506833667,2798.657396267586,15.792335833735157,13.993286981337931
-109.612442,200,188.399363,0.0,0.2116871001431628,2831.543767976019,16.099119626833655,14.157718839880095
-96.412896,200,188.523412,0.0,0.26227605155411043,2504.656168552268,15.09505844803804,12.52328084276134
-40.469691,174,188.628657,1.0,0.049564991993302436,2372.840718365411,13.769150735788719,13.637015622789717
-85.567579,200,188.758273,0.0,0.07271904845399384,2883.989879123179,15.67205295852235,14.419949395615895
-63.72244,200,188.888801,0.0,0.333605461942321,3179.074669947569,18.51233573145051,15.895373349737845
-106.744943,200,189.016288,0.0,0.22456310249544673,2634.60854294612,15.011786308199149,13.1730427147306
-51.300934,200,189.146264,0.0,0.12333850848313116,3048.9246993554725,17.095845298227474,15.244623496777363
-109.486931,200,189.268403,0.0,0.27929164670368073,3116.087710634092,17.78241917497616,15.580438553170461
-145.291353,200,189.385922,0.0,0.5146108225532172,2950.025493637864,16.907069369997597,14.750127468189321
-6.694196,34,189.407919,1.0,0.049601079058958476,295.0807350018808,1.9890992216984091,8.67884514711414
-64.489379,200,189.841336,0.0,0.5037562745022581,2911.21428454668,15.843294871267275,14.556071422733401
-138.72629,200,189.993833,0.0,0.46786370931526733,2909.114085216845,16.65432882677065,14.545570426084225
-167.723873,200,190.121592,0.0,0.6852147939813628,3212.469621040587,18.475371837241564,16.062348105202933
-94.802212,200,190.247632,0.0,0.2773624236874598,2934.726691798268,16.990626158485373,14.67363345899134
-68.318971,200,190.368204,0.0,0.09136601026657659,3199.705551282776,17.648831465264934,15.99852775641388
-84.076525,200,190.494725,0.0,0.25398767238826603,3074.8976263926625,17.67967814866657,15.374488131963313
-70.874492,200,190.618218,0.0,0.21775270650570727,2780.201149831128,15.967084644770317,13.90100574915564
-85.066049,200,190.745939,0.0,0.12770167181764747,2809.711472001978,16.05465122184184,14.048557360009891
-77.494802,200,190.871464,0.0,0.17454472681651143,2788.3164530393533,15.925534766564109,13.941582265196766
-71.918148,200,190.987982,0.0,0.20633125151838097,2869.84000738975,16.925355525756185,14.349200036948751
-107.773107,200,191.41746,0.0,0.24293823449962487,2745.4494876217905,15.79574309904379,13.727247438108952
-100.868716,200,191.557089,0.0,0.16738493999793017,2819.8602922254663,16.718831241077172,14.099301461127332
-126.352545,200,191.68663,0.0,0.3182920476122842,2734.5534756453553,15.580335843513009,13.672767378226776
-73.954894,200,191.810189,0.0,0.07432590171693844,3026.8869673063173,17.25211765666745,15.134434836531586
-141.431321,200,191.930721,0.0,0.6238220889935201,3229.423953576371,19.11364794108003,16.147119767881854
-71.513554,200,192.05342,0.0,0.4281449268167001,2742.0833484925092,16.08977907532088,13.710416742462547
-58.411518,200,192.184003,0.0,0.10516433850445603,2770.920928200068,15.76762012644456,13.85460464100034
-47.24325,200,192.302485,0.0,0.08005896769252879,3374.5119821329977,18.66501632770347,16.87255991066499
-62.053502,200,192.425033,0.0,0.15464281648770764,2582.9961723796237,15.101942046480213,12.914980861898119
-172.160996,200,192.546033,0.0,0.7531952595584961,3133.035471684335,17.81956681104263,15.665177358421674
-88.49874,200,192.664531,0.0,0.42488049664717004,3369.3713901561123,19.191195603331085,16.846856950780563
-51.137911,200,193.076457,0.0,0.23424362485672998,3098.3494049914502,16.860840834921323,15.49174702495725
-44.228928,200,193.222997,0.0,0.30822060725923295,2801.9655434807755,15.51946712619916,14.009827717403878
-46.872049,200,193.348003,0.0,0.36361969964323315,3436.063375095345,19.876584817272878,17.180316875476723
-124.360695,200,193.470808,0.0,0.3214073959642722,2922.52258913486,16.7359197834947,14.6126129456743
-26.654336,152,193.567619,1.0,0.04641125839846181,2172.841872409171,12.144517870113146,14.295012318481389
-70.012365,200,193.688701,0.0,0.0634961136467083,2960.0809340132146,16.64933677421754,14.800404670066072
-88.790586,200,193.813728,0.0,0.23951614762533086,3163.1516114799147,17.825628449111754,15.815758057399574
-117.037388,200,193.934774,0.0,0.2753280581176658,2724.916447637748,15.688307474372472,13.624582238188742
-54.347561,200,194.059872,0.0,0.2773054169806988,3206.899395640823,19.324961427201462,16.034496978204114
-28.592189,166,194.164839,1.0,0.04991255766378848,2415.6989758888108,14.017227487075605,14.552403469209704
-115.968509,200,194.624984,0.0,0.5462211419872129,3114.280564042112,17.83944536225165,15.57140282021056
-52.116374,200,194.779319,0.0,0.11507063267955561,3083.812612689866,17.41037943603185,15.41906306344933
-94.512851,200,194.914906,0.0,0.11150026416091993,2789.694851537394,16.010418495316497,13.94847425768697
-76.081987,200,195.044963,0.0,0.13515202501245827,2963.367448087089,17.249343855032592,14.816837240435445
-68.1318,200,195.176481,0.0,0.09832489917754288,2712.8193360380883,15.205360357062162,13.564096680190442
-134.876239,200,195.311006,0.0,0.6082302137500979,3350.2904304241342,19.335084186687066,16.75145215212067
-121.511816,200,195.443047,0.0,0.3371609861116797,2835.76453505922,16.404965394501733,14.1788226752961
-129.485787,200,195.57558,0.0,0.458834722668089,3146.0577082287846,17.73549594862254,15.730288541143922
-86.430834,200,195.709506,0.0,0.06755503654331159,2756.8795239754018,15.98756749593963,13.784397619877009
-76.148702,200,195.839825,0.0,0.13902598280309814,2830.642092273052,16.023888836227925,14.15321046136526
-72.463756,200,195.966339,0.0,0.1873436696726911,3165.0558896159782,17.85809387141365,15.825279448079892
-79.822778,200,196.476502,0.0,0.10006011185459751,2622.608700049758,14.955658949303526,13.113043500248791
-55.726484,184,196.613016,1.0,0.049736655326287106,2805.956306372231,16.000738811746004,15.24976253463169
-57.979399,200,196.74738,0.0,0.08681006924221933,2881.3111286729727,17.059910450210563,14.406555643364863
-57.96874,200,196.896906,0.0,0.15519864401687697,3191.3515898170085,18.50400876709987,15.956757949085043
-71.444678,200,197.041027,0.0,0.11110912187454991,2957.8589336292157,17.634816475325152,14.789294668146079
-65.99522,200,197.17868,0.0,0.14047309920045264,2426.8179568637893,14.595107295090227,12.134089784318947
-63.802653,200,197.320283,0.0,0.26095928365854626,2832.6978228435773,16.98717330122878,14.163489114217887
-45.405229,200,197.444198,0.0,0.14395239830742323,2726.1253001360365,14.678839997754343,13.630626500680183
-52.161448,200,197.576447,0.0,0.17158769189158532,3164.971215884858,18.66324731038302,15.82485607942429
-121.051553,200,197.70396,0.0,0.31219068488120283,2985.7794289546364,16.654852173167082,14.928897144773181
-65.295032,200,198.198675,0.0,0.4946608679421299,3076.578103781339,16.876051824134258,15.382890518906695
-44.268257,200,198.337819,0.0,0.1973466880158405,2917.7554127726476,16.946319482500495,14.588777063863239
-68.24217,200,198.465328,0.0,0.5175949817783044,3010.6611471306937,17.143031267122918,15.053305735653469
-156.101193,200,198.59084,0.0,0.5508953974117445,3110.9740823103034,18.327741950335295,15.554870411551518
-93.917182,200,198.712355,0.0,0.19572975031185247,2752.294195975513,16.00043684022026,13.761470979877565
-68.856007,200,198.836937,1.0,0.047122706519586215,2657.503013071076,15.802950171889272,13.28751506535538
-81.091315,200,198.957954,0.0,0.07996354696728424,2740.2551586295303,15.49318711827691,13.701275793147651
-31.746018,200,199.081485,0.0,0.08613461136196014,3091.4936438962022,18.407116616053667,15.457468219481012
-149.362755,200,199.206526,0.0,0.507922758477347,2926.372374351487,16.74673163898197,14.631861871757435
-44.151281,200,199.324129,0.0,0.20320031731036864,2703.6497492160183,14.932954687592563,13.518248746080092
-87.313062,200,199.735664,0.0,0.13992832786351306,2742.1532161200303,15.981263252968848,13.710766080600152
-74.553872,200,199.882174,0.0,0.30496486176092275,3155.5187557906715,18.492699416237052,15.777593778953358
-113.659182,200,200.011699,0.0,0.27749554604389814,2892.031395747486,16.192772646166226,14.46015697873743
-89.408868,200,200.13918,0.0,0.16514686927923586,2829.626015061863,16.49472434260759,14.148130075309316
-60.092803,200,200.264875,0.0,0.42957686806783124,2933.37369498008,16.058262642368653,14.6668684749004
-64.315433,200,200.392998,0.0,0.3763387604108782,2728.6774624458394,15.720212890465154,13.643387312229198
-112.385257,200,200.520489,0.0,0.33573146263207543,2894.032948991838,16.64227981647607,14.47016474495919
-87.03008,200,200.640564,0.0,0.15330754705557664,2704.9608136700854,15.618764056574687,13.524804068350427
-99.480773,200,200.76612,0.0,0.4324048357937252,3343.377592945108,18.710102511269678,16.71688796472554
-97.539112,200,200.880617,0.0,0.18104651187300075,2636.7880528098503,14.862789448112016,13.183940264049252
-125.535137,200,201.342226,0.0,0.3717405407836894,2852.324721874406,16.23299380231102,14.26162360937203
-142.741702,200,201.483778,0.0,0.5431877978005032,2682.906024938609,15.89435758398093,13.414530124693044
-65.551681,200,201.612297,0.0,0.23443101512245668,3002.8471849567195,17.71887370631239,15.014235924783598
-16.487432,120,201.687827,1.0,0.04692856996311779,1708.5457576580409,9.441406128779446,14.237881313817008
-99.434403,200,201.817354,0.0,0.10798388298564725,2834.1849401400304,15.807604869172739,14.170924700700152
-104.848412,200,201.942364,0.0,0.23123392428620704,2749.891797278805,15.678669598723934,13.749458986394025
-110.67346,200,202.065454,0.0,0.34812564710534677,2941.9475554873457,16.926669968309188,14.709737777436729
-147.502276,200,202.196752,0.0,0.520372118289211,2940.6251778590395,16.91431321734513,14.703125889295197
-116.439063,200,202.318284,0.0,0.29511967792587857,2770.0328584624312,15.90351754886093,13.850164292312156
-68.962658,200,202.442652,0.0,0.1089154939523256,2553.8643904273977,14.882425899454534,12.769321952136988
-115.678688,200,202.562178,0.0,0.29867216976721567,2567.276656235035,14.807007680405958,12.836383281175173
-97.93108,200,202.990276,0.0,0.4522856104392248,3290.202952474073,19.16425058050847,16.451014762370363
-54.702418,200,203.152323,0.0,0.17654088708812343,2643.3708708529557,15.447957145465582,13.216854354264779
-95.65653,200,203.276846,0.0,0.30282021506261153,3043.2718626352435,17.357462987376774,15.216359313176218
-83.538265,200,203.398362,0.0,0.09732504025457543,2953.9659701225023,16.715317781991274,14.769829850612512
-138.4688,200,203.521262,0.0,0.413141741984552,2828.066555016252,16.017748777708334,14.14033277508126
-108.761416,200,203.645024,0.0,0.2538915214639576,2819.323225880235,16.110944261231083,14.096616129401175
-30.336995,167,203.750564,1.0,0.044919976783509195,2552.93255865262,14.090381514220267,15.287021309297128
-46.708657,200,203.871644,0.0,0.29101937130750594,2811.739926396894,16.238383233916963,14.05869963198447
-46.105241,200,203.999154,0.0,0.1481044254276075,2820.8702562960148,16.8391490815097,14.104351281480074
-64.36493,190,204.111478,1.0,0.04962888933955661,2559.2496541621745,14.540731542785494,13.469735021906182
-100.740637,200,204.230504,0.0,0.14359598523449454,2804.9125643862785,16.149482030293377,14.024562821931392
-101.032002,200,204.771817,0.0,0.2058019228824927,3075.398742333549,18.097217319006937,15.376993711667744
-99.179347,200,204.90536,0.0,0.3837789014916458,2834.2530186553377,16.531467218839495,14.171265093276688
-62.427065,200,205.029885,0.0,0.2977809718342055,3239.3407728854745,18.222746694310423,16.196703864427374
-113.588116,200,205.150925,0.0,0.35452363680513893,2912.1819081937424,15.941993000278048,14.560909540968712
-131.470733,200,205.279027,0.0,0.3702399376682789,2823.867838997367,15.77192684144751,14.119339194986836
-21.343635,136,205.366578,1.0,0.04909393401500766,1669.2291585733733,9.892009293064286,12.27374381303951
-49.174523,200,205.490115,0.0,0.219302962816242,2771.873517077556,15.259836013965138,13.85936758538778
-70.453775,200,205.616583,0.0,0.2937574083782162,2907.536120859068,17.07656406855924,14.537680604295339
-33.211652,165,205.717129,1.0,0.04794159226890622,2310.3982126971455,12.779242612358601,14.00241341028573
-94.237519,200,205.837203,0.0,0.12544319895214262,2916.8899737227084,16.610547596210637,14.584449868613541
-81.526305,200,206.263805,0.0,0.09638416667919637,2652.1722607536576,15.010114041834438,13.260861303768287
-101.57086,200,206.395326,0.0,0.33605075144467994,3077.2919357441056,17.957645085614786,15.386459678720527
-133.716754,200,206.525867,0.0,0.44272736401384205,2825.531020692398,16.684885465365817,14.127655103461992
-70.820254,200,206.65295,0.0,0.28273667787316775,2706.762115513081,15.908918274737427,13.533810577565404
-79.336156,194,206.778075,1.0,0.04639141288281826,2246.227599387952,12.923520654333503,11.578492780350269
-147.61243,200,206.905155,0.0,0.5615766203327918,2965.7012795259293,16.94559388495622,14.828506397629646
-95.7811,200,207.028694,0.0,0.2555190110776223,2704.237658556051,15.838556047862905,13.521188292780256
-95.865963,200,207.160767,0.0,0.20765985205503523,2717.858978668503,16.188561205872645,13.589294893342515
-38.146656,156,207.257295,1.0,0.049316352187858126,2434.0324387467804,13.420829096658094,15.602772043248592
-111.33543,200,207.380814,0.0,0.2665754671323643,2850.31546880949,16.357624984922047,14.251577344047451
-63.932043,200,207.500325,0.0,0.09596404237428517,2540.693078596271,14.720690972278428,12.703465392981354
-44.731169,173,207.937931,1.0,0.0496120019665183,2096.6521469375725,12.070920903900355,12.119376571893483
-27.996807,200,208.064467,0.0,0.2540618700998907,2802.974914978388,15.504285007954516,14.01487457489194
-150.235769,200,208.191575,0.0,0.6676780305106852,2994.0389452423383,17.703546488875403,14.970194726211691
-142.766998,200,208.316114,0.0,0.5291708114005896,3105.090073067951,17.628498123754756,15.525450365339754
-100.390725,200,208.439171,0.0,0.16303838502525414,2892.3771638648464,16.45955915643912,14.461885819324232
-113.967468,200,208.559752,0.0,0.2710736789565742,2861.8103811861765,15.946539491285135,14.309051905930882
-108.382457,200,208.681263,0.0,0.387266029182531,2989.6916170538943,17.097735694179253,14.948458085269472
-52.948672,200,208.799838,0.0,0.0888147499726224,2721.3477984237547,15.675712157576912,13.606738992118773
-73.947998,200,208.924338,0.0,0.4550592920063575,3136.9607334125812,18.524456629091684,15.684803667062907
-16.372693,116,208.99873,1.0,0.04860111104645374,1775.9815043354977,9.796652712728262,15.310185382202565
-134.246417,200,209.120371,0.0,0.44867628860357556,2851.8269626068313,16.38213442415856,14.259134813034157
-67.704893,200,209.580436,0.0,0.2026074944127717,2882.92279429575,17.260210361720198,14.414613971478751
-94.282537,200,209.705182,0.0,0.13691744869715997,2719.396425253064,15.336010744043568,13.59698212626532
-137.501001,200,209.828711,0.0,0.5639976610907752,3154.4595438345605,18.074550969904813,15.772297719172803
-60.720372,200,209.954768,0.0,0.12525623971007518,2633.0045616232555,15.327357963865168,13.165022808116278
-108.200708,200,210.077302,0.0,0.37463583515813603,2866.345688104666,17.039104370910927,14.33172844052333
-113.992495,200,210.198925,0.0,0.38418881218206413,2818.716482272452,15.991367533691907,14.093582411362261
-114.241712,200,210.322448,0.0,0.2715862855967456,2626.4635800892625,15.341852727646604,13.132317900446312
-45.738794,200,210.445494,0.0,0.3668700371705711,2579.197424963032,14.736050617163547,12.89598712481516
-156.488367,200,210.570046,0.0,0.7306048031457089,3394.2159473467327,19.196660551242612,16.971079736733664
-102.266612,200,210.69158,0.0,0.33428005779437353,3160.285223867532,17.620693386951473,15.801426119337659
-84.244205,200,211.12968,0.0,0.40545752434321425,3356.1894353286816,19.590817258292383,16.78094717664341
-142.712378,200,211.28273,0.0,0.5035863426019476,2845.7401852221024,16.378573892772664,14.228700926110513
-110.605049,200,211.409261,0.0,0.2795839670338551,2879.6491651853253,16.78915150850081,14.398245825926626
-123.770853,200,211.530804,0.0,0.5125654549367907,3058.8757568518886,17.669063125005895,15.294378784259443
-164.288173,200,211.657418,0.0,0.7354931498984949,3275.965720240477,18.824391493405134,16.379828601202384
-49.417152,200,211.777945,0.0,0.30530853986834305,2455.6569390036293,14.149563664639865,12.278284695018147
-45.183914,200,211.900464,0.0,0.27231241807170276,2697.4578843525187,15.78406731102735,13.487289421762593
-153.816727,200,212.022674,0.0,0.6759782938806876,3280.673982840437,18.466711803857834,16.403369914202184
-68.718828,200,212.145177,0.0,0.3180504647939197,2572.165612283606,14.888818795062774,12.860828061418031
-104.754431,200,212.266749,0.0,0.27043083764204234,2669.3183843339843,15.427440120617135,13.346591921669921
-129.093966,200,212.705888,0.0,0.37254023676841247,2697.7428909350106,15.801166909705707,13.488714454675053
-39.393644,156,212.807798,1.0,0.04769325855341215,2032.362684740847,11.905622122707909,13.027965927825942
-44.301432,200,212.937311,0.0,0.16640718643430857,2740.7788533403937,15.906501578737448,13.703894266701969
-65.511719,200,213.064368,0.0,0.08609396248502588,2746.011859394674,15.848855047482623,13.730059296973371
-86.837165,200,213.194886,0.0,0.125616294932114,2593.8515213649725,15.160527012025739,12.969257606824863
-77.976754,200,213.323413,0.0,0.39454743538539033,2195.253813938148,12.898479473138039,10.97626906969074
-82.569508,200,213.4564,0.0,0.2177888933867668,2740.9815178068425,15.202010774160634,13.704907589034212
-87.750744,200,213.580051,0.0,0.2473193031894979,2809.6182725560634,15.793507299905535,14.048091362780317
-142.534618,200,213.705093,0.0,0.5372700117896663,3093.578460407575,17.671776529063973,15.467892302037876
-41.572238,200,213.827655,0.0,0.16511647021299325,2683.4808780088183,15.405475504462142,13.41740439004409
-39.27929,200,214.253233,0.0,0.2958877962834366,2758.0721881182753,15.398523038520416,13.790360940591377
-106.293435,200,214.389754,0.0,0.3309063574152902,2811.4019294058276,16.300495508702955,14.057009647029139
-60.5413,200,214.526746,0.0,0.36392336306027623,3237.582058230403,18.049876043437358,16.187910291152015
-66.167239,200,214.653488,0.0,0.22900995025360177,2845.9015048265683,15.980700185728034,14.229507524132842
-140.91885,200,214.776069,0.0,0.5014663687230715,2886.8408570143565,17.1795289824929,14.434204285071782
-69.324081,200,214.900092,1.0,0.049653494219161466,2472.209717760062,14.866591865441833,12.36104858880031
-76.955994,200,215.021607,0.0,0.15372906406415188,2740.673832057009,15.8219278690107,13.703369160285044
-64.843952,200,215.14364,0.0,0.25557876023268145,2257.980357621387,13.160546026291229,11.289901788106937
-88.180993,200,215.267162,0.0,0.21529208759815022,2797.6495106881284,16.30217727686813,13.988247553440642
-118.314329,200,215.384631,0.0,0.3393579436023622,2704.405050057516,15.478663115222774,13.522025250287578
-65.766425,200,215.506174,0.0,0.31294180936669497,2335.132987151384,13.425997811884645,11.67566493575692
-139.798766,200,215.980986,0.0,0.5262682944749257,3105.9590202246295,18.09989318020242,15.529795101123147
-56.123184,200,216.119508,0.0,0.1304592080627791,2619.456919275637,14.807144167126427,13.097284596378186
-138.56356,200,216.242764,0.0,0.5378201732241721,2782.851680496943,16.285296535959848,13.914258402484716
-71.15181,200,216.367871,0.0,0.22532700277583428,2763.453567412096,15.397951547033276,13.81726783706048
-64.378109,188,216.483341,1.0,0.04894865893972233,2324.490273998847,13.604745608886914,12.364309968078974
-79.627899,200,216.602858,0.0,0.5448782910070816,2392.7618462952387,14.105554579216117,11.963809231476194
-79.186951,200,216.721409,0.0,0.2900256149677289,2520.7300176500817,14.803396312122345,12.603650088250408
-96.25557,200,216.843311,0.0,0.19723386173107094,2380.356762046024,13.90568068318834,11.90178381023012
-35.374194,200,216.965807,0.0,0.2681559518151749,2778.989465440432,16.31933861958663,13.89494732720216
-93.460491,200,217.088347,0.0,0.21519143789287817,2742.2362748429014,16.458610059608272,13.711181374214506
-77.9625,200,217.522475,0.0,0.5928672934713981,2723.578382794444,15.646844504980438,13.61789191397222
-52.528895,200,217.650534,0.0,0.36091803577819576,3190.6668253844437,17.646142601583204,15.953334126922218
-69.155137,200,217.776107,0.0,0.20253526725207976,2811.904868170242,15.532804674402868,14.05952434085121
-132.644764,200,217.904089,0.0,0.4097078928142319,2583.502697939079,14.533963478020214,12.917513489695395
-115.266195,200,218.028174,0.0,0.39113405602003193,3125.2688560217575,18.262576875181797,15.626344280108787
-82.079374,200,218.160736,0.0,0.6095707364516398,2522.8090389648055,14.283798859673125,12.614045194824028
-111.493034,200,218.281156,0.0,0.2583127025996936,2681.5759716271095,14.994889049546282,13.407879858135548
-64.857731,200,218.404685,0.0,0.3061592236643873,2797.25080140181,16.18506525815223,13.98625400700905
-108.358077,200,218.531211,0.0,0.27363342331249285,2880.188158521541,16.439997147712997,14.400940792607706
-142.258713,200,218.649239,0.0,0.6583259510104875,3312.199744935645,19.526585690014034,16.560998724678225
-76.683358,200,219.079198,0.0,0.5267674948812854,2586.0448194407977,15.211783226306569,12.930224097203988
-50.064757,200,219.218737,0.0,0.43042637618093094,2185.3972431372117,12.898719046545114,10.926986215686059
-46.441227,156,219.318264,1.0,0.04963122380872134,1864.895838044313,10.893357053032197,11.954460500284057
-113.248336,200,219.448303,0.0,0.5421512225074342,3178.7234556828043,18.964790777515,15.893617278414021
-98.820796,200,219.569803,0.0,0.30315254391979374,2981.989238283215,16.496439238453576,14.909946191416076
-15.593533,61,219.606807,1.0,0.048624323760598435,694.7444225718681,3.820658810186991,11.389252829047019
-74.674868,200,219.729871,0.0,0.1635119928974025,2829.598107176694,16.353417978195328,14.147990535883471
-139.282296,200,219.855676,0.0,0.5092866355220436,2541.19895780522,15.355985765830626,12.7059947890261
-78.628243,200,219.980222,0.0,0.3183075429500576,2431.0166352145047,14.54882649176062,12.155083176072523
-87.139798,200,220.104658,0.0,0.17421337854807786,2634.4728812189123,15.378939961980837,13.172364406094562
-73.863254,200,220.226676,0.0,0.27026687913408526,3041.141605085817,17.08954108939289,15.205708025429084
-67.282918,200,220.667677,0.0,0.3059295683988463,2648.830459152633,15.411928390097483,13.244152295763165
-52.031768,200,220.803199,0.0,0.17937349657839136,2828.969570648907,15.777225603944647,14.144847853244535
-158.710745,200,220.93274,0.0,0.6716305281405044,3039.66061233784,17.856976412560698,15.1983030616892
-38.727131,200,221.057811,0.0,0.27272246715064064,2586.8120247090997,14.968556024084922,12.934060123545498
-73.711289,200,221.183319,0.0,0.35914303802290964,2806.5694681532846,16.281318404797467,14.032847340766423
-33.498842,136,221.269475,1.0,0.04837808074369458,1835.5371415761483,9.98125762012742,13.496596629236384
-118.158391,200,221.392991,0.0,0.2804292432082683,2829.3322562751796,16.30241213979167,14.146661281375899
-82.004994,200,221.518801,0.0,0.11883777319541436,2815.1536200541723,15.847119746023983,14.075768100270862
-77.590499,200,221.640328,0.0,0.513866102890726,2608.060782956288,14.825488266293345,13.040303914781441
-8.516526,33,221.661843,1.0,0.04728840892558841,302.27691978688097,1.9435545806980685,9.159906660208515
-20.559597,88,221.716846,1.0,0.04746500995041132,1058.6104941711872,5.695550306240263,12.029664706490763
-38.762785,155,221.810369,1.0,0.0476929574972377,2489.8175039771413,14.205496807877926,16.063338735336394
-134.740415,200,221.930939,0.0,0.46376457701950086,3111.6453942651283,17.54780683440937,15.558226971325642
-119.523727,200,222.40005,0.0,0.5801054416711936,3310.1605008106085,19.260862049447233,16.550802504053042
-10.697059,61,222.444564,1.0,0.04950712224917757,985.2542336668024,5.627112594462593,16.151708748636104
-120.157113,200,222.572107,0.0,0.28657476342112365,2788.0033303601494,15.683534440390625,13.940016651800747
-89.074886,200,222.698597,0.0,0.23652492748374981,2452.5020643040175,14.458597415377389,12.262510321520088
-65.401427,200,222.823096,0.0,0.39141937069000476,2688.287838558292,15.275518099734546,13.44143919279146
-104.775617,200,222.950182,0.0,0.3259505760930547,2825.91259850338,16.432410808053586,14.1295629925169
-90.752487,200,223.079692,0.0,0.2098322547072505,2957.142861993108,16.451324424825152,14.78571430996554
-129.534211,200,223.202924,0.0,0.3895523492363355,2746.3665209076867,15.858723191127586,13.731832604538432
-74.032983,200,223.326445,0.0,0.14249549452456958,2837.1662494599095,16.612382110058096,14.185831247299548
-50.958233,163,223.422964,1.0,0.04931080650102733,2365.207411649385,13.61287248541182,14.510474918094387
-119.557595,200,223.539515,0.0,0.3049652304962674,2741.6843724143464,15.530324862022656,13.708421862071733
-132.078089,200,223.973117,0.0,0.36983319384752633,2632.883514682143,15.145465100632565,13.164417573410715
-33.995163,161,224.080595,1.0,0.04207546372265606,2329.7117429371733,13.326572183557957,14.470259272901698
-93.702689,200,224.206239,0.0,0.15430844035261432,2763.093613268419,15.564974315542463,13.815468066342095
-96.494849,200,224.329755,0.0,0.26071990675150153,2927.8488929352134,16.82646885579184,14.639244464676066
-142.651218,200,224.457636,0.0,0.6669132192514128,3429.605145317706,19.12292655738009,17.14802572658853
-72.673461,200,224.583755,0.0,0.2233705644299481,2517.0441264064057,15.098918330130376,12.585220632032028
-98.00595,200,224.705202,0.0,0.3072641594087347,2741.998620814907,15.957566085576206,13.709993104074535
-134.402826,200,224.834717,0.0,0.47770436419790874,2917.296932621751,16.937531986552187,14.586484663108754
-112.702338,200,224.957864,0.0,0.5281508161980019,3214.539438852228,18.508400641317284,16.072697194261142
-96.738668,200,225.075415,0.0,0.6582755097496483,2379.8720315339724,13.592499708781462,11.899360157669863
-95.840192,200,225.520084,0.0,0.7542264778026948,2456.3882302480497,13.862827460321231,12.281941151240249
-54.879279,200,225.663051,0.0,0.1341895061693368,2495.990115134662,14.214582674722969,12.47995057567331
-100.543579,200,225.787584,0.0,0.18861615340756097,2730.84392372127,15.613886751744092,13.654219618606351
-71.220878,200,225.911131,0.0,0.16535643693136706,2502.110984765814,14.446312427512016,12.51055492382907
-40.059899,150,226.001656,1.0,0.049696607180240424,2015.5845797613713,11.326397823556876,13.437230531742475
-98.252647,200,226.124187,0.0,0.32279459642075664,2954.019625694672,17.131111125036636,14.770098128473359
-69.190666,200,226.25161,0.0,0.22001685971507562,3007.530974956152,16.88701840988399,15.03765487478076
-137.513908,200,226.373133,0.0,0.5099695544173786,3024.598419240548,17.480095873966174,15.12299209620274
-100.75742,200,226.496543,0.0,0.2908652939489033,2798.0721152344504,16.603989300481786,13.990360576172252
-91.390566,200,226.618274,0.0,0.5279779650964765,2678.740348059054,15.234579520455515,13.39370174029527
-47.79858,200,226.737624,0.0,0.14006609664834638,2643.0237066303175,15.679122193998905,13.215118533151587
-130.313202,200,227.198273,0.0,0.3894815201935809,2709.530869518795,15.650636013309581,13.547654347593975
-79.483467,200,227.32679,0.0,0.08061905475858608,2808.678850117718,15.697579896336302,14.04339425058859
-35.973586,139,227.413348,1.0,0.04744341524930688,1975.8352207183348,11.68583581507808,14.214641875671473
-47.984967,200,227.53888,0.0,0.25503982007755804,2817.1750272650825,15.882787686613685,14.085875136325413
-64.231994,200,227.662597,0.0,0.21361343108780792,2368.923986714627,13.919229223713508,11.844619933573135
-140.362532,200,227.784443,0.0,0.6087231403658085,3120.7295294797223,17.71859500236883,15.603647647398612
-76.464805,200,227.90897,0.0,0.4808889183600023,2524.349310114779,13.998555618380076,12.621746550573896
-173.668331,200,228.034581,0.0,0.8131542991713423,3314.17462146914,19.16531474679198,16.5708731073457
-84.327017,200,228.155338,0.0,0.12446607100099952,3012.9121745806306,16.949654144129802,15.064560872903153
-73.658552,200,228.272883,0.0,0.5013577922840516,2717.6698999811697,15.540107673785213,13.58834949990585
-84.408706,200,228.709895,0.0,0.19829495695932955,2677.045386216902,14.762415436568347,13.38522693108451
-91.782533,200,228.857411,0.0,0.22897083803021986,2698.346569292603,15.06018272811333,13.491732846463014
-37.783328,200,228.985231,0.0,0.3695623050216996,2412.0429302977263,14.672536036239674,12.060214651488632
-150.105681,200,229.107757,0.0,0.5269470035628545,2816.1570109313743,16.173238361409872,14.080785054656872
-111.948519,200,229.234317,0.0,0.36816755960674397,2621.4979545028636,15.680690171428795,13.107489772514318
-64.763541,200,229.357363,0.0,0.2108508283681175,2744.550212996119,16.228533245460408,13.722751064980596
-57.78315,200,229.47869,0.0,0.1433614926507574,2762.6816334172468,16.35609226358064,13.813408167086234
-32.354667,143,229.567249,1.0,0.0484797310003293,2148.706414372393,12.357799082173164,15.025918981625125
-140.303057,200,229.687802,0.0,0.595834283615305,3195.864870879241,18.177420524866303,15.979324354396205
-89.186008,200,229.804336,0.0,0.17025244020530986,2647.821399183386,15.076797233491403,13.239106995916929
-67.295668,200,229.925566,0.0,0.2758369699844903,2251.297058132471,12.915450048514723,11.256485290662356
-67.213596,200,230.354293,0.0,0.2738747869532265,2625.039865134314,15.107726310228141,13.12519932567157
-45.508032,200,230.491359,0.0,0.24714257332100997,2476.8426844500063,14.23894067360781,12.384213422250031
-72.080058,200,230.61987,0.0,0.17587248897526223,2602.249188412894,15.502172215803027,13.01124594206447
-9.648895,58,230.65639,1.0,0.04965774015017506,880.2720775362841,5.059733644388804,15.177104785108346
-56.607187,200,230.777856,0.0,0.298587005148695,3319.2942552853947,19.04649446560187,16.596471276426975
-46.488583,200,230.900412,0.0,0.3342268448408052,2488.4854816537695,14.248459212123091,12.442427408268848
-121.890765,200,231.030475,0.0,0.35854777663849197,2695.272135158748,15.488801531036877,13.476360675793739
-91.421306,200,231.157327,0.0,0.29792339139066615,2894.9038648376663,17.309115468545905,14.474519324188332
-110.585929,200,231.283405,0.0,0.2155588222188389,2415.054001749867,13.808904665135959,12.075270008749335
-55.535566,200,231.402972,0.0,0.30655376983986427,2805.65349204644,16.39289043999348,14.0282674602322
-73.709471,200,231.522442,0.0,0.07354749412218813,2884.877497933171,16.882483892064776,14.424387489665856
-80.505019,200,231.970072,0.0,0.17285171989801876,2399.5170409578864,13.793068177234462,11.997585204789432
-104.413261,200,232.108586,0.0,0.33548842418350955,2917.2098468575955,16.348958177333298,14.586049234287977
-52.303321,200,232.236083,0.0,0.311172704803169,2767.592747557776,16.79534714614441,13.83796373778888
-91.425576,200,232.362098,0.0,0.056328321833599905,2543.8701046532497,14.15618049516462,12.719350523266248
-75.716634,200,232.48363,0.0,0.4808778263173253,2792.219578580158,15.602186064547816,13.96109789290079
-148.396062,200,232.605965,0.0,0.7383495908483843,3333.557200721792,19.012557265252408,16.66778600360896
-41.843861,175,232.714492,1.0,0.0467109829429414,2524.3809910864716,14.401279709457242,14.425034234779838
-76.512701,200,232.836075,0.0,0.09412059989622772,3046.7171525992053,17.613768295397197,15.233585762996027
-77.36626,200,232.958091,0.0,0.4194572204940801,2583.496835681847,14.26511704295436,12.917484178409236
-96.119866,200,233.072616,0.0,0.24936391137129454,2790.17095293091,15.775963413108162,13.95085476465455
-85.745596,200,233.522646,0.0,0.5278799197904865,2278.9024165566707,12.846368338477951,11.394512082783354
-92.73793,200,233.657671,0.0,0.5517578125728659,2449.540382750589,14.706249404867117,12.247701913752945
-11.724346,66,233.699673,1.0,0.049331846985482465,1048.751219753834,6.011997365424027,15.890169996270211
-8.271739,34,233.720671,1.0,0.04398975349414296,206.02993218023937,1.487049520436245,6.059703887654099
-100.663299,200,233.850211,0.0,0.6718425777830188,2390.5958664239583,13.730843576648548,11.952979332119792
-128.268021,200,233.976277,0.0,0.3793883696029326,2668.5914534217827,15.485633210477863,13.342957267108913
-66.127136,200,234.098768,0.0,0.15534021660618152,2017.8156186005763,11.735453566009674,10.08907809300288
-137.631183,200,234.226283,0.0,0.4587959848202386,2788.01163766534,15.069280836833341,13.9400581883267
-67.955205,200,234.34613,0.0,0.3035545843370824,2643.685373709739,14.92157749521314,13.218426868548695
-71.017953,200,234.468171,0.0,0.13018021106019975,2820.8206252544987,16.39266103237559,14.104103126272493
-115.807595,200,234.58831,0.0,0.45429607069342737,3049.9715199914767,17.412196810513315,15.249857599957384
-142.295011,200,234.702708,0.0,0.6356916233662626,3127.796234196416,17.71275692687101,15.638981170982081
-68.078413,200,235.115761,0.0,0.05947396660022846,2207.535118002639,13.095156217896337,11.037675590013196
-84.315272,200,235.25679,0.0,0.19715387270509752,2736.444719815595,16.12435006027112,13.682223599077975
-11.994639,51,235.289792,1.0,0.0421780573191208,735.1785555091201,4.243248198605754,14.415265794296472
-56.276742,200,235.415467,0.0,0.2211911864931692,2354.953742894758,13.704813195480641,11.774768714473788
-69.656445,200,235.55302,0.0,0.35452883017428194,2629.4025917805448,15.690845825858991,13.147012958902724
-58.641558,173,235.663726,1.0,0.048411462342046734,2356.062856398059,13.56572484809522,13.618860441607277
-64.672769,200,235.784315,0.0,0.29317748093512896,2582.0858265994348,15.037977318436383,12.910429132997173
-112.337688,200,235.90628,0.0,0.26360376751771514,2851.7355602205516,16.346279955389246,14.258677801102758
-46.782299,200,236.025782,0.0,0.10272709423876147,2563.395342612537,14.849730430584373,12.816976713062687
-76.008393,200,236.147316,0.0,0.21069663907840383,2364.725714067586,13.845635484763534,11.823628570337931
-52.213949,176,236.25217,1.0,0.04326961926758195,2234.540019343219,12.56046177501147,12.696250109904652
-142.799703,200,236.660174,0.0,0.450636477444209,2750.8641899062554,15.872324850758543,13.754320949531277
-10.068814,61,236.704174,1.0,0.04909659400266001,916.6256831350512,5.114875530993649,15.02665054319756
-69.98228,200,236.839711,0.0,0.25538436538435555,2869.031561004818,16.69393170696074,14.345157805024089
-104.651382,200,236.966761,0.0,0.230801935428798,2669.486714895958,15.949420104378328,13.347433574479789
-116.216688,200,237.094277,0.0,0.32688796816694987,3151.82914195683,17.822700080001574,15.75914570978415
-125.761744,200,237.218794,0.0,0.45493734386171286,2706.8456398284325,15.572610865705506,13.534228199142163
-103.72539,200,237.34332,0.0,0.47260372098318043,2919.4600049758274,17.025504280464197,14.597300024879138
-32.883774,200,237.470368,0.0,0.31032743890813075,2733.8888374470594,16.052550281278485,13.669444187235296
-54.147355,200,237.595894,0.0,0.08299511444544974,2863.258846853502,16.150552903970244,14.31629423426751
-36.557007,200,237.723735,0.0,0.2537373956308377,2688.6869107432685,15.34414773011364,13.443434553716342
-82.371705,200,237.85149,0.0,0.4836313588725925,2389.1699881645427,13.798980462067936,11.945849940822713
