#{"t_start": 1774118946.0772288, "env_id": null}
r,l,t,is_success,final_distance
-133.46968,200,1.301385,0.0,0.8759407989444243
-208.221209,200,1.42942,0.0,1.1304002826958113
-214.922159,200,1.558913,0.0,1.2884189995489712
-167.68444,200,1.682432,0.0,0.9366984621173853
-90.185363,200,1.810962,0.0,0.08825770368924281
-108.150941,200,1.937992,0.0,0.7036576305132485
-144.110472,200,2.052122,0.0,0.5028955814944521
-196.253248,200,2.163676,0.0,0.8172090920736682
-157.597638,200,2.276186,0.0,0.886390498728376
-167.744597,200,2.389709,0.0,0.5579424328780719
-220.830185,200,2.876528,0.0,1.5635492195731981
-158.903786,200,3.019566,0.0,1.0232927023920142
-181.886194,200,3.147134,0.0,0.3836239116023935
-202.416179,200,3.266099,0.0,1.513664279688705
-197.573993,200,3.398568,0.0,0.6668341220121691
-158.4111,200,3.527904,0.0,1.278190375358762
-105.728188,200,3.643435,0.0,0.8365627527181974
-70.220936,136,3.72195,1.0,0.03378329106843019
-79.985477,200,3.838741,0.0,0.6357395509648612
-128.363914,200,3.96826,0.0,1.337532849265008
-175.557389,200,4.38782,0.0,0.7587809852497991
-37.919165,109,4.464339,1.0,0.04441703300814582
-136.859466,200,4.594823,0.0,0.8016954934460969
-203.67887,200,4.712131,0.0,0.8389953915834121
-203.873914,200,4.828158,0.0,0.9484800180275121
-150.203745,200,4.941713,0.0,0.6739151497503537
-198.952947,200,5.053244,0.0,1.6622525261448247
-148.229658,200,5.166823,0.0,0.8138252868647998
-183.903067,200,5.28135,0.0,0.9276180580732243
-110.737309,200,5.394902,0.0,0.4633256814623436
-157.689047,200,5.509441,0.0,0.4640442720138205
-145.214009,200,5.997472,0.0,1.4467497508304874
-109.751698,200,6.149973,0.0,0.7676394906334709
-111.246333,200,6.267028,0.0,0.8708290715595437
-165.986474,200,6.383613,0.0,0.7295686272564063
-1.379073,15,6.392612,1.0,0.03227910151494545
-147.807189,200,6.510156,0.0,0.7164166125429811
-223.510005,200,6.624274,0.0,1.6517652556820885
-204.208391,200,6.735723,0.0,0.913659743975113
-120.830768,200,6.850245,0.0,0.3215965316163907
-165.483292,200,6.964802,0.0,1.5796699643493852
-169.634231,200,7.07735,0.0,1.3534440739902531
-91.293155,200,7.516469,0.0,0.36720405834278935
-124.859488,200,7.663507,0.0,0.44014920104264976
-65.903617,128,7.742067,1.0,0.02689078241431335
-202.606878,200,7.863585,0.0,0.747552197746863
-129.86821,200,7.977107,0.0,0.5932809569841051
-19.667022,22,7.99112,1.0,0.024414913038464145
-144.725811,200,8.107666,0.0,0.8465579785083376
-18.115047,22,8.121186,1.0,0.03739795598682249
-155.445307,200,8.235725,0.0,1.041101409521503
-52.831482,112,8.301725,1.0,0.048654011531534536
-126.171716,200,8.427815,0.0,0.6013163898863111
-147.634965,200,8.563308,0.0,0.8773408411672948
-129.164105,200,8.701865,0.0,0.21403725891289752
-99.722722,200,9.152237,0.0,0.265177883702666
-124.583944,200,9.289785,0.0,0.7742174929501934
-138.876404,200,9.405105,0.0,0.7703543033478826
-62.672003,59,9.438619,1.0,0.039350669801518794
-102.418881,200,9.554154,0.0,0.5840726854937596
-139.195378,200,9.6697,0.0,0.3796021233003115
-126.621329,200,9.788195,0.0,0.4392288213798581
-99.703373,200,9.899689,0.0,0.3665933502547632
-153.61855,200,10.015185,0.0,0.7979101164946814
-111.960926,200,10.127239,0.0,0.6825060021106351
-155.834155,200,10.242004,0.0,0.75688514362324
-31.943597,29,10.260012,1.0,0.044722030241136086
-109.430134,200,10.679103,0.0,0.7292337983761564
-112.398433,200,10.821863,0.0,0.5447626461317426
-166.291172,200,10.941608,0.0,0.8019711622434141
-97.887857,200,11.059127,0.0,0.6174380671971863
-71.797576,200,11.182312,0.0,0.15907352096079871
-84.636454,200,11.307806,0.0,0.3706074889702271
-106.76288,200,11.434676,0.0,0.37359860810825496
-111.891921,200,11.553463,0.0,0.3794215183060225
-98.732623,200,11.672821,0.0,0.5245071431658798
-126.117784,200,11.79055,0.0,0.5096019874897536
-133.196972,200,12.228142,0.0,0.752198568487899
-0.36669,3,12.23114,1.0,0.004051075485920118
-81.04408,200,12.36565,0.0,0.23973768072844856
-183.967289,200,12.484776,0.0,1.169432594955827
-92.460653,200,12.601299,0.0,0.53841788478867
-102.399848,200,12.721293,0.0,0.5666383908893392
-90.199337,200,12.830812,0.0,0.35813955778235745
-72.554909,200,12.946287,0.0,0.2935803599064384
-189.591938,200,13.056817,0.0,0.9835395723953372
-101.497722,200,13.171892,0.0,0.7243042620158877
-136.976791,200,13.28541,0.0,0.7706493221255485
-101.205888,200,13.694624,0.0,0.37449222652769076
-85.398229,200,13.831228,0.0,0.2177918251425542
-67.404233,126,13.917244,1.0,0.04966232933289494
-0.052262,1,13.918237,1.0,0.0321206533264591
-118.019866,200,14.05035,0.0,0.7028012663897479
-107.913602,200,14.179414,0.0,0.4938288531952225
-99.315399,200,14.297361,0.0,0.25333068475140846
-92.322187,200,14.419596,0.0,0.7640555396475931
-99.410747,200,14.536807,0.0,0.4768333467440853
-103.871156,200,14.651329,0.0,0.48518740787061015
-83.506434,200,14.76685,0.0,0.7286443273946568
-112.920008,200,14.884009,0.0,0.45352348129191444
-127.334355,200,15.313082,0.0,0.8408008329759601
-121.174587,200,15.450049,0.0,0.6395223698233858
-153.51231,200,15.565623,0.0,0.8864139473910807
-80.902734,200,15.684042,0.0,0.5663102756521733
-99.119685,200,15.800616,0.0,0.6969462936298032
-152.292256,200,15.917019,0.0,0.5619340807030442
-151.424068,200,16.035997,0.0,0.6408799329447799
-145.780758,200,16.146531,0.0,0.8499998676627576
-0.223155,2,16.148511,1.0,0.037733884324805546
-98.850657,200,16.263029,0.0,0.3131597326629669
-115.435241,200,16.377572,0.0,0.6884120102274249
-113.505086,200,16.845682,0.0,0.5551847580486441
-122.450966,200,17.002038,0.0,0.865895678221339
-116.11301,200,17.123123,0.0,0.22136576421533016
-35.976234,92,17.182734,1.0,0.04539210651274644
-125.562732,200,17.297836,0.0,0.2919443118051096
-1.834069,8,17.303838,1.0,0.040645357484550254
-82.879261,200,17.421652,0.0,0.5151572670642841
-0.033017,1,17.422659,1.0,0.0128868186376121
-146.570119,200,17.541207,0.0,0.8851781860837585
-30.64038,31,17.560221,1.0,0.0408702102601639
-107.160497,200,17.673743,0.0,0.23686915947667928
-115.141796,200,17.789297,0.0,0.7120039063279295
-69.451209,200,17.904831,0.0,0.15277846007858256
-82.295524,200,18.020306,0.0,0.27973842658468423
-87.408844,200,18.487728,0.0,0.32678684208783465
-76.206219,135,18.579317,1.0,0.03591340587403565
-99.874873,200,18.697801,0.0,0.37575384039257836
-100.728707,200,18.814363,0.0,0.43105364419435066
-121.170328,200,18.931416,0.0,0.7913781955703756
-155.771083,200,19.047937,0.0,0.6437348636350314
-95.429839,159,19.139506,1.0,0.03878501369409736
-141.412772,200,19.25603,0.0,0.8072319241600674
-112.946598,200,19.370809,0.0,0.34572203460339124
-94.38605,200,19.497326,0.0,0.504212987579567
-0.513193,3,19.49934,1.0,0.03969894987931823
-101.319272,200,19.966041,0.0,0.6121087007985675
-107.502909,200,20.096107,0.0,0.6018251999856717
-2.711958,9,20.10211,1.0,0.04536169318487731
-101.320227,200,20.229245,0.0,0.46508538956045986
-43.360895,84,20.281218,1.0,0.042897769452708
-128.91856,200,20.400793,0.0,0.5115424211105244
-141.875071,200,20.517268,0.0,0.43703829445863607
-12.125918,23,20.530794,1.0,0.04766575277299641
-118.16063,200,20.645254,0.0,0.5500039785746156
-104.076116,200,20.761777,0.0,0.41317728653511177
-80.198739,200,20.877983,0.0,0.2783755002534451
-117.608961,200,20.993457,0.0,0.7854845535107223
-107.67637,200,21.108986,0.0,0.7504839851778576
-89.598289,200,21.529393,0.0,0.4941754745698467
-111.645632,200,21.664911,0.0,0.6905021874118592
-7.357884,17,21.674913,1.0,0.03223124030432482
-112.456693,200,21.792432,0.0,0.7816547726753225
-123.62395,200,21.906997,0.0,0.6977421224510806
-0.17465,2,21.909006,1.0,0.040742368920943024
-102.674432,200,22.021561,0.0,0.6988754270788237
-145.519867,200,22.140296,0.0,0.863972417958848
-90.640493,200,22.264886,0.0,0.44253034174423517
-103.080065,200,22.391125,0.0,0.6479483525909971
-129.081899,200,22.52092,0.0,0.5574879936401205
-109.191742,200,22.641608,0.0,0.707145299652734
-131.132385,200,23.063886,0.0,0.5961374830459021
-162.656384,200,23.229019,0.0,0.8353459189590903
-112.049582,200,23.344524,0.0,0.8937181278809674
-91.249725,200,23.464062,0.0,0.9100289812458968
-85.736922,200,23.584584,0.0,0.2659893661268133
-65.951881,200,23.694229,0.0,0.18438766131272843
-96.075575,200,23.806858,0.0,0.6340250641629512
-96.946554,200,23.922338,0.0,0.703271226454964
-166.075326,200,24.034345,0.0,0.9449790405094091
-97.80844,200,24.151891,0.0,0.596436072244255
-97.792422,200,24.564864,0.0,0.4986052123337812
-19.353715,66,24.62087,1.0,0.04297221120123548
-109.942247,200,24.766902,0.0,0.7321286670364314
-130.43726,200,24.892032,0.0,0.8359722158545119
-73.613437,200,25.019596,0.0,0.363879832578347
-32.797999,67,25.06316,1.0,0.04902259984634832
-94.781974,200,25.188169,0.0,0.3486033600410655
-16.315844,56,25.221175,1.0,0.0494000647892926
-78.09898,200,25.339602,0.0,0.33705237871296695
-104.931584,200,25.457131,0.0,0.5290667886529872
-85.640904,200,25.573286,0.0,0.5547050540200645
-118.226883,200,25.6898,0.0,0.6436552934019973
-70.274564,200,25.813318,0.0,0.28202782723087855
-88.577349,200,26.236084,0.0,0.660310589730389
-17.12948,81,26.294078,1.0,0.045389478702833684
-83.386813,200,26.417609,0.0,0.7509790916237236
-10.307325,49,26.448148,1.0,0.04987546666457035
-103.136936,200,26.562561,0.0,0.8958141624748672
-103.606729,200,26.679081,0.0,0.639998546724809
-82.842135,200,26.794017,0.0,0.4297355228627512
-97.739059,200,26.907073,0.0,0.6905182488585424
-91.989458,200,27.020374,0.0,0.4488844409516096
-94.212112,200,27.133412,0.0,0.14119700950680766
-124.840713,200,27.245949,0.0,0.8115572943657707
-85.200169,200,27.691705,0.0,0.27529673798057525
-0.541326,3,27.695704,1.0,0.045486551990616526
-42.180038,78,27.76123,1.0,0.034834497692752944
-96.701222,200,27.911617,0.0,0.40220592618027745
-105.291956,200,28.032683,0.0,0.9073458636764262
-40.298621,74,28.076651,1.0,0.04468332394451138
-123.571685,200,28.196557,0.0,0.7516027155543411
-38.172174,96,28.252731,1.0,0.03537273633096218
-113.790929,200,28.365211,0.0,0.16939434165614078
-88.026824,200,28.478725,0.0,0.5550381219162664
-13.669462,48,28.505725,1.0,0.04166637627399169
-67.924422,200,28.622257,0.0,0.2650054292024518
-102.918668,200,28.738054,0.0,0.5155943069986841
-145.848971,200,28.853573,0.0,0.8831688368628866
-83.320189,200,29.275302,0.0,0.20341800917566427
-74.108527,200,29.417792,0.0,0.2286189078645571
-23.872565,77,29.464312,1.0,0.04683716883174534
-135.781328,200,29.580828,0.0,0.898430024191193
-138.728208,200,29.697349,0.0,0.7740416430644759
-112.154,200,29.815412,0.0,0.7373674640176902
-101.960708,200,29.931458,0.0,0.6910073038043066
-142.706393,200,30.045009,0.0,0.8829800439106126
-73.962914,200,30.161492,0.0,0.30362931276130395
-33.710703,117,30.229003,1.0,0.03735570634647741
-132.290441,200,30.343513,0.0,0.8803646681336927
-120.981977,200,30.821994,0.0,0.8136265850247493
-40.720673,78,30.882508,1.0,0.038153378434892596
-77.088865,200,31.026731,0.0,0.24151718809786066
-89.278711,200,31.14731,0.0,0.36813105734934687
-90.018835,200,31.264846,0.0,0.30774268579805286
-79.247067,200,31.38293,0.0,0.35023561283290006
-91.823431,200,31.496406,0.0,0.25365665804820936
-0.192603,2,31.498405,1.0,0.03222849323202478
-85.633955,200,31.609926,0.0,0.45433048667959675
-60.18405,103,31.669082,1.0,0.03180628618701643
-95.878577,200,31.784563,0.0,0.37037351813457164
-95.04706,153,31.873091,1.0,0.0354990265643313
-12.107119,50,31.903086,1.0,0.04663639124718605
-83.072312,200,32.016349,0.0,0.4052694154379667
-85.908068,200,32.449902,0.0,0.5138034192273647
-34.895805,72,32.505901,1.0,0.04316356052055372
-33.498995,60,32.54942,1.0,0.03212224340230392
-87.035906,200,32.666921,0.0,0.4577700045418151
-81.222187,200,32.784475,0.0,0.5819893235991626
-104.832513,200,32.899948,0.0,0.638259464626825
-107.117756,200,33.016524,0.0,0.6981677563769901
-89.223514,200,33.132994,0.0,0.41265327727276613
-21.092126,64,33.171975,1.0,0.043694650098895046
-131.484704,200,33.299513,0.0,0.8251311416561015
-107.692983,200,33.427688,0.0,0.786528665174651
-159.404458,200,33.548663,0.0,0.8901718908307095
-108.564551,200,33.986583,0.0,0.5846609606612961
-2.720815,9,33.99358,1.0,0.02107160182099722
-124.599062,200,34.12511,0.0,0.8032299008119016
-101.266674,200,34.244162,0.0,0.6333175968872372
-94.822124,200,34.359695,0.0,0.27353369195536154
-14.291705,60,34.394698,1.0,0.022631424042794293
-100.226052,200,34.51024,0.0,0.4543911959602656
-135.969207,200,34.6227,0.0,0.8544171098386231
-20.534106,63,34.661222,1.0,0.035421881934673334
-134.475696,200,34.777374,0.0,0.7969824297743178
-109.703883,200,34.891924,0.0,0.4316847529180584
-94.257272,200,35.004444,0.0,0.51701445601225
-89.840914,200,35.11495,0.0,0.4013623558374986
-94.160386,200,35.546508,0.0,0.5497405810260516
-92.497474,200,35.667023,0.0,0.5065042408604581
-108.701294,200,35.783546,0.0,0.49934623203339173
-1.555897,6,35.787547,1.0,0.04131797190093508
-9.536027,43,35.813544,1.0,0.03291836774004282
-98.864795,200,35.946505,0.0,0.598589156631153
-32.269312,77,35.999506,1.0,0.04227992452503063
-92.247033,200,36.127692,0.0,0.5056655575182468
-85.589099,200,36.247697,0.0,0.8087899710531739
-146.123011,200,36.368125,0.0,0.9553870431766169
-131.519769,200,36.485599,0.0,0.6877347617714391
-49.370075,99,36.542676,1.0,0.04010127160531534
-115.096497,200,36.653215,0.0,0.7686365892265185
-76.406163,200,37.081375,0.0,0.2842321189347089
-30.152445,77,37.132904,1.0,0.0381219927809612
-91.967282,200,37.251462,0.0,0.45735092837791247
-108.660642,200,37.366553,0.0,0.7658381378118524
-82.31007,200,37.479294,0.0,0.33259841458345674
-34.797053,56,37.512305,1.0,0.043452160579271974
-81.735581,200,37.626857,0.0,0.3947215475545842
-13.589517,28,37.643368,1.0,0.04572559677699573
-92.794598,200,37.759847,0.0,0.5208780462999167
-129.805185,200,37.875399,0.0,0.8707992245844225
-29.865086,61,37.911363,1.0,0.04884950285704349
-135.154254,200,38.025836,0.0,0.8632729471937023
-10.285332,32,38.044348,1.0,0.040073201041123836
-119.20401,200,38.157876,0.0,0.7600053823310291
-85.308635,200,38.591618,0.0,0.19446300752310197
-99.118215,200,38.728673,0.0,0.6077948600801212
-27.355505,32,38.75015,1.0,0.018460730233908276
-113.927294,200,38.88501,0.0,0.6716783974120898
-29.057685,49,38.917017,1.0,0.04786268655386139
-102.846953,200,39.035764,0.0,0.7567437665589796
-125.383781,200,39.155471,0.0,0.6498078079550081
-149.357135,200,39.274503,0.0,0.8788955475098197
-112.158958,200,39.387027,0.0,0.5463854243335969
-4.917109,21,39.400036,1.0,0.04170494369806918
-102.168097,200,39.514511,0.0,0.5276352974972566
-114.595803,200,39.629062,0.0,0.5925189114530128
-164.831652,200,40.050669,0.0,0.9652519082962823
-92.979113,200,40.188071,0.0,0.4570401307142613
-122.18167,200,40.316532,0.0,0.718416365763805
-122.781715,200,40.434565,0.0,0.6862395949793554
-13.27079,39,40.458564,1.0,0.03713375884986036
-87.544269,200,40.573091,0.0,0.5738315781992515
-145.454559,200,40.683553,0.0,0.7232500467734635
-83.561606,200,40.800095,0.0,0.39961041773117906
-98.618152,200,40.916235,0.0,0.4861042603984979
-4.063653,17,40.926462,1.0,0.049516404993581904
-98.408261,200,41.041433,0.0,0.5469740431742195
-6.87235,26,41.057433,1.0,0.049340176578117706
-106.677646,200,41.168964,0.0,0.6774202017762201
-89.935051,200,41.601906,0.0,0.4188114414893087
-135.975552,200,41.753917,0.0,0.8138337037606836
-154.729217,200,41.878425,0.0,0.8972236151834935
-30.898629,60,41.916098,1.0,0.03953240239745287
-122.234225,200,42.03028,0.0,0.7964559111518266
-81.535138,200,42.14888,0.0,0.2731279115367425
-24.329413,50,42.178879,1.0,0.026739943103459195
-123.456657,200,42.294415,0.0,0.7487400846294205
-119.741595,200,42.406941,0.0,0.774657924199677
-64.037763,200,42.521464,0.0,0.20262897953156922
-89.830345,200,42.634485,0.0,0.38957289806062306
-141.094431,200,42.746009,0.0,0.8650712817797431
-155.211856,200,43.166574,0.0,0.8878222291200459
-27.548312,53,43.198579,1.0,0.028809677359532705
-3.819904,19,43.211579,1.0,0.04298456803850854
-139.425802,200,43.342661,0.0,0.8827670684682959
-100.000935,200,43.463991,0.0,0.5383556983558087
-103.268987,200,43.578534,0.0,0.5379460651456881
-23.698549,52,43.609535,1.0,0.03465729139965451
-32.156663,55,43.641008,1.0,0.042008166093773475
-172.003024,200,43.756532,0.0,0.947549622769764
-12.816003,41,43.780532,1.0,0.036204642881527194
-73.976216,200,43.894995,0.0,0.3084221699816447
-121.87724,200,44.007551,0.0,0.7105758361440573
-118.849515,200,44.123978,0.0,0.23518000768671285
-82.904961,200,44.251044,0.0,0.3622449280180927
-106.455425,200,44.718732,0.0,0.5841241396552709
-97.091115,200,44.853022,0.0,0.5700806409220164
-94.74375,200,44.972534,0.0,0.5421832976567538
-16.362207,26,44.988511,1.0,0.0321767111828271
-126.579704,200,45.102056,0.0,0.6940423649182108
-25.57787,55,45.134563,1.0,0.02402639890168098
-100.401486,200,45.250144,0.0,0.5433859624329552
-28.329957,46,45.277145,1.0,0.03492320045735848
-172.470288,200,45.391704,0.0,0.9598018762551604
-97.567469,200,45.507242,0.0,0.42084633449646824
-78.757159,200,45.622518,0.0,0.3800793877345273
-89.69214,200,45.737556,0.0,0.4548483747649286
-3.150436,11,45.744557,1.0,0.04038593907487921
-75.203704,200,45.860698,0.0,0.3021886274096125
-84.421563,200,46.294152,0.0,0.4374179309394786
-9.356449,39,46.318152,1.0,0.03719229625359789
-6.462568,33,46.33766,1.0,0.048862321579541124
-100.836324,200,46.463187,0.0,0.4826706013627125
-90.866908,200,46.581712,0.0,0.46895243690806
-100.915354,200,46.699283,0.0,0.5646696596155235
-121.128147,200,46.814804,0.0,0.7031464957774664
-126.262838,200,46.934003,0.0,0.6480885607899753
-170.889261,200,47.05947,0.0,0.9410868625729784
-141.059403,200,47.190987,0.0,0.8136082789615463
-78.948514,200,47.307513,0.0,0.4065873256849421
-31.522507,57,47.340627,1.0,0.04720481925181271
-38.608296,69,47.387169,1.0,0.04751316147048166
-159.836713,200,47.809966,0.0,0.9182693084897418
-119.986643,200,47.945016,0.0,0.5828754258310549
-127.978322,200,48.062516,0.0,0.7852766815223048
-83.323153,200,48.179007,0.0,0.3958934417503903
-163.997634,200,48.294482,0.0,0.8899777859671106
-109.330894,200,48.409399,0.0,0.5790097747622154
-2.152374,8,48.415399,1.0,0.029840892632519146
-132.84093,200,48.535396,0.0,0.794586919321645
-89.66748,200,48.660913,0.0,0.4689410363785163
-86.577801,200,48.78043,0.0,0.4272765375037769
-190.095134,200,48.892187,0.0,0.9633437092934447
-92.888824,200,49.294315,0.0,0.2612587549874816
-154.283892,200,49.44439,0.0,0.8863777888900937
-54.402168,200,49.564651,0.0,0.15693048789342623
-95.866273,200,49.690136,0.0,0.5076325675271653
-156.715603,200,49.822711,0.0,0.8434340425315472
-150.425215,200,49.946758,0.0,0.8577928210617239
-68.526227,200,50.06421,0.0,0.34249259183388137
-22.890589,43,50.092347,1.0,0.030505892851263542
-161.164414,200,50.212199,0.0,0.9213121599320186
-74.221928,200,50.324275,0.0,0.3622279926951502
-113.09344,200,50.441328,0.0,0.6516533714790663
-112.251157,200,50.866019,0.0,0.5320411833770688
-98.384835,200,51.003737,0.0,0.5875234504861498
-11.652136,47,51.03173,1.0,0.041447165715486685
-53.478876,89,51.086245,1.0,0.047963610326056456
-82.436052,200,51.203409,0.0,0.4039047984208275
-183.906462,200,51.318983,0.0,0.9654999686493426
-18.115559,45,51.344499,1.0,0.030037662442751342
-1.192552,6,51.348499,1.0,0.031053544264234536
-131.746118,200,51.465034,0.0,0.7997596924312361
-59.242143,200,51.580587,0.0,0.20395970068438596
-31.665311,65,51.619595,1.0,0.04549718918287538
-61.859473,200,51.732737,0.0,0.20916372430955027
-26.297577,50,51.762217,1.0,0.03976525918812658
-0.155339,2,51.763218,1.0,0.04706814959625695
-12.712331,40,51.787249,1.0,0.03831098015960769
-99.120999,200,51.900736,0.0,0.550814107019411
-70.0314,200,52.012974,0.0,0.3061786415544641
-33.109809,85,52.386295,1.0,0.04971586007783762
-8.607532,32,52.406294,1.0,0.03750223702393538
-150.844655,200,52.557335,0.0,0.8781921176528701
-85.067338,200,52.686543,0.0,0.4278993689409613
-125.384195,200,52.803094,0.0,0.7597791828930982
-149.910204,200,52.922209,0.0,0.8557052392079327
-43.541392,200,53.039382,0.0,0.11729151556655679
-1.834346,7,53.044382,1.0,0.025517628744845592
-97.941377,200,53.1589,0.0,0.505979527770601
-148.791844,200,53.273486,0.0,0.8640125581817185
-163.91836,200,53.38501,0.0,0.9723598125311986
-2.51658,10,53.392013,1.0,0.032344842516979416
-87.477711,200,53.507505,0.0,0.2477212170562802
-93.009317,200,53.953848,0.0,0.453983393138567
-0.867795,4,53.958851,1.0,0.038096048049325766
-34.092091,59,54.00285,1.0,0.0398867648890808
-6.238677,28,54.021854,1.0,0.03869504523117288
-121.280708,200,54.156897,0.0,0.7113371192868019
-109.959655,200,54.274426,0.0,0.6307319469353105
-115.477023,200,54.389914,0.0,0.6816859576168519
-18.389434,44,54.415914,1.0,0.042511061802359945
-137.229054,200,54.532454,0.0,0.8288798689854959
-116.267215,200,54.648511,0.0,0.6774191740346931
-88.982236,200,54.764969,0.0,0.45547973096120736
-0.913667,4,54.767967,1.0,0.049166934550619434
-69.635969,200,54.883486,0.0,0.24151956920597997
-30.913898,55,54.915489,1.0,0.041001283730023756
-96.745855,200,55.032791,0.0,0.4999014020604479
-94.594757,200,55.470158,0.0,0.5294253863668493
-27.482112,49,55.514154,1.0,0.04167419823484299
-82.58862,200,55.666021,0.0,0.3996203686556746
-80.187739,200,55.787323,0.0,0.4047330559577429
-117.18152,200,55.902485,0.0,0.7234624181385553
-1.97641,8,55.90851,1.0,0.03377550608754037
-91.332954,200,56.024107,0.0,0.49658204890522145
-10.810318,34,56.044618,1.0,0.0319317693068338
-1.454398,9,56.050617,1.0,0.03923038861671958
-124.673439,200,56.161165,0.0,0.7365749826371483
-18.569308,41,56.186166,1.0,0.03547000738389407
-0.328565,3,56.188162,1.0,0.037747660369629815
-148.463623,200,56.298698,0.0,0.8927400919474484
-137.481702,200,56.415161,0.0,0.7795581681264704
-90.661921,200,56.529512,0.0,0.5105659994253681
-136.401267,200,56.640546,0.0,0.777759431273573
-52.695449,200,57.070646,0.0,0.18695423865213104
-90.769314,200,57.198164,0.0,0.4267189134541543
-5.883016,16,57.20919,1.0,0.04021706359879574
-112.884661,200,57.32673,0.0,0.6368913536186416
-129.28018,200,57.442766,0.0,0.7664496979900189
-133.724255,200,57.559292,0.0,0.8158022841935513
-93.097959,200,57.674813,0.0,0.5254436468809601
-111.300752,200,57.788348,0.0,0.6401294887642364
-155.917925,200,57.906563,0.0,0.9028573066683191
-15.448421,36,57.929573,1.0,0.04466437342781703
-127.045517,200,58.060621,0.0,0.7825455964923002
-124.495875,200,58.191141,0.0,0.7355759354599265
-108.791855,200,58.627076,0.0,0.6613557083234451
-99.113526,200,58.763657,0.0,0.45633430721446255
-123.963454,200,58.886188,0.0,0.4263514305533329
-77.466303,200,59.001656,0.0,0.32062292242858825
-0.175619,2,59.003656,1.0,0.026702796541746263
-103.64839,200,59.1192,0.0,0.5631551817174929
-124.05442,200,59.23462,0.0,0.6788779392142443
-135.57166,200,59.348656,0.0,0.8275132113631101
-95.335269,200,59.461179,0.0,0.5733497570849113
-103.026469,200,59.575237,0.0,0.5888952205742484
-20.992035,50,59.605234,1.0,0.04619999704369274
-98.493362,200,59.720288,0.0,0.4066688297856122
-116.292433,200,60.159302,0.0,0.6561337122988161
-152.158256,200,60.301815,0.0,0.9343279829560733
-70.420784,200,60.42034,0.0,0.2498985443996328
-98.943474,200,60.536011,0.0,0.5812253917378434
-8.241663,23,60.550519,1.0,0.038184658757784394
-126.931525,200,60.676049,0.0,0.726744069865754
-87.585611,200,60.805568,0.0,0.43352952453461796
-75.050426,200,60.929161,0.0,0.37619306795207513
-146.03122,200,61.04792,0.0,0.8716086253363317
-111.685839,200,61.165074,0.0,0.6498545680704663
-129.669896,200,61.282155,0.0,0.8051277303272136
-136.704964,200,61.71024,0.0,0.8169109780006323
-54.725001,200,61.843276,0.0,0.2622463302878661
-77.129161,200,61.963131,0.0,0.4026436238077404
-165.126299,200,62.081707,0.0,0.9594838071823606
-80.387479,200,62.197004,0.0,0.33593656016526213
-7.236009,29,62.215011,1.0,0.048443147335435026
-86.903409,200,62.331548,0.0,0.19855199584069236
-10.477298,36,62.353079,1.0,0.04443398887258382
-110.906646,200,62.467209,0.0,0.6450723640324781
-72.117252,200,62.576691,0.0,0.2909111848055155
-100.44766,200,62.692265,0.0,0.5432135022321984
-100.229311,200,62.805789,0.0,0.598552100143906
-108.314164,200,63.21789,0.0,0.5159458268435344
-75.523586,200,63.368605,0.0,0.3747464169244909
-92.419989,200,63.496152,0.0,0.17512143726590243
-71.205328,200,63.627686,0.0,0.2835973904894465
-161.170504,200,63.746074,0.0,0.9054028605316556
-91.983085,200,63.867417,0.0,0.5275280503310524
-118.299539,200,63.984154,0.0,0.44329758701584737
-93.76912,200,64.09762,0.0,0.5181017588440625
-127.797202,200,64.21017,0.0,0.7417681950862184
-10.46153,29,64.229214,1.0,0.039300935215659076
-142.606564,200,64.343186,0.0,0.8364134894008785
-100.176205,200,64.774093,0.0,0.5516892994422811
-105.858147,200,64.922611,0.0,0.627862600703962
-132.221821,200,65.039166,0.0,0.8231818829837249
-89.464158,200,65.159201,0.0,0.4447284403011168
-92.420208,200,65.279948,0.0,0.3799284256986109
-94.434097,200,65.393502,0.0,0.3465949528827699
-41.468233,78,65.438475,1.0,0.041484969460547264
-91.917004,200,65.55356,0.0,0.5004612792261667
-124.319517,200,65.668062,0.0,0.771618530883303
-90.747361,200,65.784631,0.0,0.475423481959176
-90.53737,200,65.90116,0.0,0.45538272956491943
-95.374647,200,66.371659,0.0,0.5508416055617514
-89.766993,200,66.517627,0.0,0.532054963236588
-76.779407,200,66.641653,0.0,0.33712125532861836
-103.709435,200,66.761563,0.0,0.5225604942726297
-104.444464,200,66.876721,0.0,0.5418567702223069
-106.861702,200,66.995247,0.0,0.6138065402795375
-3.574756,16,67.00525,1.0,0.049888348018467525
-126.875496,200,67.122798,0.0,0.49641251737745057
-9.546822,30,67.141783,1.0,0.023389701425162463
-82.870592,200,67.255844,0.0,0.36394309385425483
-145.324359,200,67.372355,0.0,0.829311851807997
-110.517946,200,67.487865,0.0,0.41592161589399196
-3.20221,13,67.496865,1.0,0.04470391120469371
-111.596318,200,67.946382,0.0,0.7039654840582087
-113.975203,200,68.078914,0.0,0.5430612927816624
-145.136174,200,68.205046,0.0,0.8519575695572984
-127.71517,200,68.320323,0.0,0.7723531015436693
-4.566307,19,68.332359,1.0,0.04913841679392384
-109.481429,200,68.44842,0.0,0.4071964407006062
-83.696363,200,68.558948,0.0,0.48895988948498775
-110.908417,200,68.675478,0.0,0.6396625839260454
-112.417966,200,68.792744,0.0,0.10849468475598481
-146.671642,200,68.918867,0.0,0.8902879199238174
-115.156864,200,69.044415,0.0,0.5472683329202793
-106.967509,200,69.517402,0.0,0.5455312356989199
-76.557618,200,69.644917,0.0,0.27318050379487036
-141.855178,200,69.768983,0.0,0.859350001709376
-82.586324,200,69.888534,0.0,0.3236463324881962
-127.830875,200,70.005058,0.0,0.7255447095040166
-0.030686,1,70.006059,1.0,0.010544456143272207
-127.434753,200,70.121666,0.0,0.8275145433733483
-96.185723,200,70.236005,0.0,0.512650112022762
-92.534526,200,70.353051,0.0,0.2721816014692131
-110.315861,200,70.469574,0.0,0.6510375845397153
-123.39523,200,70.583042,0.0,0.7437214185849769
-108.924101,200,71.009118,0.0,0.5255465129551146
-102.731318,200,71.143629,0.0,0.5768943345554215
-90.636889,200,71.262284,0.0,0.32492611531996085
-3.196988,12,71.270285,1.0,0.04301937450120017
-27.726496,50,71.299287,1.0,0.04168684301537272
-118.510785,200,71.41483,0.0,0.42656046819401106
-0.190862,2,71.416805,1.0,0.020353843751177988
-109.675884,200,71.531285,0.0,0.6812123145751956
-132.376404,200,71.667278,0.0,0.8609859553459424
-105.906985,200,71.796804,0.0,0.38479268551690593
-110.188031,200,71.931328,0.0,0.6808632941335968
-94.573455,200,72.049371,0.0,0.5350698828759747
-74.847476,200,72.167938,0.0,0.30805165590134637
-24.420852,54,72.198516,1.0,0.04755585189732774
-103.11166,200,72.645634,0.0,0.2948317668012919
-111.257365,200,72.777666,0.0,0.6426091529901116
-107.991375,200,72.897624,0.0,0.6479557020586711
-110.222904,200,73.016147,0.0,0.664931351276618
-144.969611,200,73.133682,0.0,0.7933870877733544
-121.48823,200,73.24874,0.0,0.7628741187529028
-80.087947,200,73.36626,0.0,0.30701280244732426
-35.373955,82,73.41426,1.0,0.04855214680763037
-97.133206,200,73.528371,0.0,0.5259206152275894
-0.724173,4,73.531368,1.0,0.041970388368237674
-80.06328,200,73.645889,0.0,0.24619480830305776
-136.436438,200,73.762853,0.0,0.8694801925027729
-106.007606,200,74.186879,0.0,0.6547118157363638
-145.203867,200,74.328871,0.0,0.8599406433072522
-82.267809,200,74.461567,0.0,0.3624707853913173
-138.619146,200,74.588122,0.0,0.8334296263341762
-4.268789,14,74.598122,1.0,0.03490649786373437
-126.016967,200,74.719641,0.0,0.7778560601600714
-102.155318,200,74.843231,0.0,0.7450231027864532
-11.459266,42,74.870962,1.0,0.04077816165056287
-106.21025,200,74.990615,0.0,0.43169738212445413
-4.179621,29,75.008582,1.0,0.04640905524253877
-8.620443,36,75.029582,1.0,0.047959524410944226
-81.685209,200,75.144144,0.0,0.4095364432024714
-130.860999,200,75.256244,0.0,0.8494245562918805
-141.604381,200,75.681967,0.0,0.9500763591374359
-160.903417,200,75.828484,0.0,0.8276275027728139
-100.647058,200,75.956101,0.0,0.5700892533234473
-0.432975,3,75.959071,1.0,0.029333347016786648
-73.826976,200,76.076576,0.0,0.2396808893042395
-20.008779,55,76.108575,1.0,0.041324182248144464
-81.720684,200,76.225127,0.0,0.5015505913300853
-88.633602,200,76.343665,0.0,0.4307978085276754
-86.789296,200,76.460662,0.0,0.4569474622615745
-104.727744,200,76.573135,0.0,0.6091335282486497
-138.416536,200,76.688661,0.0,0.8486290148726454
-92.542731,200,76.804827,0.0,0.5264811464617789
-12.063369,28,76.819841,1.0,0.048613310886522515
-56.461086,200,77.25136,0.0,0.13448014785269305
-149.599355,200,77.403584,0.0,0.8807435899775327
-3.330188,14,77.415583,1.0,0.04060255794010137
-123.757269,200,77.536137,0.0,0.7909878493838104
-160.867408,200,77.65825,0.0,0.8779716370728616
-100.305302,200,77.775084,0.0,0.5269675420735702
-98.221858,200,77.892627,0.0,0.5829596086791724
-131.364581,200,78.008181,0.0,0.7933004474289507
-84.811854,200,78.124733,0.0,0.33995507409830245
-97.08741,200,78.239277,0.0,0.588992123920714
-93.818834,200,78.355291,0.0,0.5572500546026397
-125.020401,200,78.769417,0.0,0.7841533276486429
-91.386367,200,78.912938,0.0,0.5394358135984512
-41.848405,72,78.962449,1.0,0.04276748764488869
-111.873766,200,79.084908,0.0,0.7421431763823694
-0.193676,2,79.08691,1.0,0.010066483313476423
-83.46547,200,79.200434,0.0,0.4627903650546428
-0.419353,3,79.202429,1.0,0.023591663411950507
-81.156123,200,79.318901,0.0,0.40357729049056534
-112.799293,200,79.43743,0.0,0.2694987572411476
-1.368837,6,79.441429,1.0,0.046113215556922285
-85.339231,200,79.555437,0.0,0.4749330799798314
-23.551912,63,79.592462,1.0,0.04914414483350459
-125.761634,200,79.706352,0.0,0.7756856460129012
-0.238799,2,79.708352,1.0,0.049025767421401925
-66.628647,200,79.825816,0.0,0.12492009081674418
-99.530706,200,79.951855,0.0,0.4921410742697198
-0.175613,2,79.954855,1.0,0.040779465579038165
-95.805577,200,80.439784,0.0,0.5354358017388154
-84.348981,200,80.577387,0.0,0.4261334784837623
-77.347015,200,80.694909,0.0,0.37181790862930414
-103.310486,200,80.811021,0.0,0.6141075650997112
-125.557893,200,80.92715,0.0,0.7452041888152854
-14.135072,31,80.946187,1.0,0.045754291324675546
-90.950539,200,81.063519,0.0,0.1412567954907929
-6.873198,24,81.077511,1.0,0.048976383640598226
-118.632563,200,81.188611,0.0,0.6693749358006763
-92.756916,200,81.303751,0.0,0.5295152370569113
-74.972912,200,81.41885,0.0,0.405343898502867
-90.139837,200,81.53494,0.0,0.48280500028384304
-23.020227,51,81.862003,1.0,0.04566824954979689
-84.166167,200,82.017503,0.0,0.7100819357573204
-88.723727,200,82.142483,0.0,0.5723014666088387
-92.588849,200,82.257461,0.0,0.5358474361192364
-31.07041,68,82.295447,1.0,0.037354914049128676
-100.627001,200,82.414559,0.0,0.44802993004832853
-25.997688,56,82.44658,1.0,0.0382613938551045
-82.606624,200,82.56665,0.0,0.43897445250238243
-116.485964,200,82.69018,0.0,0.7119852535826962
-16.525577,45,82.718198,1.0,0.04319500688571694
-95.638605,200,82.844711,0.0,0.5580619736438097
-86.199662,200,82.962172,0.0,0.3784223386425594
-35.563339,108,83.028171,1.0,0.044587549301388626
-159.356358,200,83.455838,0.0,0.8965833151570933
-0.709855,4,83.45884,1.0,0.02197858042234623
-91.591995,200,83.603359,0.0,0.5382245184276386
-89.923147,200,83.727953,0.0,0.45888365441242174
-14.039865,54,83.760192,1.0,0.04924876053745859
-105.920578,200,83.875754,0.0,0.7216041758649118
-92.352978,200,83.989216,0.0,0.38216244677369693
-120.026755,200,84.107708,0.0,0.770256872005557
-35.377311,90,84.160218,1.0,0.049388911082175586
-95.348889,200,84.277825,0.0,0.5077060432222396
-151.756564,200,84.395305,0.0,0.9777861110950293
-70.923802,200,84.508832,0.0,0.2669989139759669
-86.826239,200,84.623301,0.0,0.6290651303988164
-90.019703,200,85.055906,0.0,0.5762476033928501
-36.310498,76,85.11366,1.0,0.03793738380443003
-0.702088,4,85.118662,1.0,0.03376248742619109
-35.544071,75,85.170185,1.0,0.04403495569814466
-63.955968,200,85.29274,0.0,0.1728673457602205
-91.932592,200,85.422285,0.0,0.3029853779567316
-0.638476,4,85.425287,1.0,0.04862400504234148
-0.241793,3,85.428284,1.0,0.0221393880136358
-97.262085,200,85.557305,0.0,0.6087886793461597
-88.749126,200,85.681848,0.0,0.4678563041585623
-82.60015,200,85.812613,0.0,0.6314317578907644
-17.088115,25,85.828614,1.0,0.0468416467007128
-93.988234,200,85.945277,0.0,0.5229194739484972
-113.511717,200,86.061328,0.0,0.805897370018445
-0.357679,3,86.063313,1.0,0.04715695224197703
-92.081701,200,86.177841,0.0,0.40765516740553914
-110.161162,200,86.617671,0.0,0.6791983221852517
-19.617351,49,86.647681,1.0,0.039436749037164105
-19.745828,31,86.667192,1.0,0.02059690855885549
-108.771887,200,86.790727,0.0,0.6377752378265559
-88.385825,200,86.91028,0.0,0.46954729311813254
-0.997754,5,86.914252,1.0,0.03167932350661744
-0.157346,2,86.916281,1.0,0.048100878762100424
-10.030418,40,86.942264,1.0,0.04427473122684667
-14.717069,51,86.972731,1.0,0.03634122241075029
-11.327919,22,86.985717,1.0,0.03645371530534584
-120.804947,200,87.102268,0.0,0.7699306276155141
-55.182665,142,87.183805,1.0,0.02778977674013329
-81.707294,200,87.300317,0.0,0.3612691673964313
-69.102096,200,87.415839,0.0,0.2841300248590622
-15.469531,28,87.432842,1.0,0.04390173150400864
-66.778711,200,87.546362,0.0,0.282027147437329
-6.046145,18,87.55752,1.0,0.021915071201114
-91.780656,200,87.672003,0.0,0.36037501239578906
-94.868586,200,88.134285,0.0,0.43855263764242836
-30.683314,62,88.192554,1.0,0.038799731854704166
-102.78648,200,88.354588,0.0,0.49030366964072714
-98.035203,200,88.485114,0.0,0.5474926583654082
-122.128054,200,88.608934,0.0,0.7530749028335719
-20.61007,43,88.638015,1.0,0.046450170309641395
-108.565871,200,88.753516,0.0,0.705463953229819
-95.013336,200,88.870127,0.0,0.4581499398307686
-85.694556,200,88.984646,0.0,0.5473600713733278
-118.570409,200,89.099138,0.0,0.7118535149520259
-25.714151,67,89.140153,1.0,0.049646280974244804
-6.632313,22,89.152155,1.0,0.045811215145828886
-109.878423,200,89.268216,0.0,0.4274537173397228
-82.950573,200,89.386721,0.0,0.34665593267448186
-0.401195,3,89.389721,1.0,0.01388896945044792
-40.566303,88,89.747097,1.0,0.034437222918361446
-146.426324,200,89.886621,0.0,0.852840110121069
-17.107102,52,89.917619,1.0,0.025741415019162658
-154.514846,200,90.038094,0.0,0.7957439300941289
-36.180752,72,90.081617,1.0,0.024021611675641732
-92.378584,200,90.198128,0.0,0.322471304774644
-30.550691,57,90.231135,1.0,0.03954310988839994
-109.743817,200,90.346677,0.0,0.6754880633324043
-97.365501,200,90.459699,0.0,0.44849894134642965
-27.793968,75,90.502716,1.0,0.030345140482595873
-84.973911,200,90.616065,0.0,0.49743209822192963
-90.873612,200,90.731193,0.0,0.5724596578274432
-115.950941,200,90.84937,0.0,0.6332139926617505
-96.702144,200,91.325603,0.0,0.5879589013969351
-46.291252,79,91.391876,1.0,0.04117316534992539
-83.454698,200,91.527392,0.0,0.6002769445566178
-88.352404,200,91.645509,0.0,0.39358292786233834
-61.509459,200,91.761513,0.0,0.20695478772529102
-93.388887,200,91.874033,0.0,0.5630621414782028
-16.167494,29,91.890036,1.0,0.0413536549266364
-81.051953,200,92.00262,0.0,0.6611554756920264
-148.830323,200,92.118141,0.0,0.7173445328424704
-100.682978,200,92.233648,0.0,0.6011008236540086
-113.799972,200,92.351218,0.0,0.5976390998877443
-22.170507,61,92.386758,1.0,0.04338531265418305
-101.467725,200,92.497278,0.0,0.53014818732143
-169.499134,200,92.915323,0.0,0.9802170051194173
-31.674748,63,92.95738,1.0,0.04102768458216958
-98.749778,200,93.078865,0.0,0.6384001563267796
-0.19038,2,93.080865,1.0,0.024666808466227503
-2.17127,9,93.086864,1.0,0.03472542688865095
-41.684621,67,93.124863,1.0,0.035670489430246685
-19.80703,44,93.151868,1.0,0.04996101160980621
-87.955623,200,93.267879,0.0,0.3792137279811137
-5.263165,23,93.281907,1.0,0.04889725508980868
-0.864685,8,93.287634,1.0,0.03987698119553095
-3.341075,18,93.307608,1.0,0.03094644197518723
-3.957385,22,93.319604,1.0,0.04988189098068398
-112.311841,200,93.434128,0.0,0.7081505920195537
-0.757696,4,93.438105,1.0,0.03650917638739281
-87.320764,200,93.553623,0.0,0.39527486060598077
-161.800784,200,93.682209,0.0,0.8900692119894376
-77.066842,200,93.805719,0.0,0.23799502424438856
-83.607165,200,93.931176,0.0,0.32437990780306974
-74.72724,200,94.355945,0.0,0.4146042405181687
-77.027429,200,94.493547,0.0,0.2714690961716031
-77.61285,200,94.615041,0.0,0.3833829732066862
-79.539376,200,94.735878,0.0,0.4405461974226998
-97.437983,200,94.853462,0.0,0.573439314186229
-78.327007,200,94.969484,0.0,0.4399405862499589
-93.94563,200,95.086007,0.0,0.5089007366560356
-108.730048,200,95.197558,0.0,0.7792856723810236
-111.57752,200,95.314076,0.0,0.7299485902018398
-89.750926,200,95.428213,0.0,0.4679509140865844
-34.06512,69,95.468689,1.0,0.0386393774111113
-81.451951,200,95.872772,0.0,0.31482045844037143
-135.865169,200,96.013929,0.0,0.7354622159943968
-69.61146,200,96.145665,0.0,0.35141091299064064
-87.732959,200,96.263672,0.0,0.4196905089952899
-16.37534,27,96.279675,1.0,0.03769241175418016
-87.049019,200,96.398337,0.0,0.4490012257751889
-15.91418,44,96.42634,1.0,0.04070265348772403
-91.444041,200,96.552902,0.0,0.45952495293152523
-117.968452,187,96.671963,1.0,0.039411234064305745
-78.710057,200,96.78948,0.0,0.4792261386236199
-21.498425,66,96.828362,1.0,0.03559155231172708
-22.050103,48,96.857795,1.0,0.04594662746012899
-43.611216,86,96.908419,1.0,0.02878314938821465
-24.713496,64,96.946109,1.0,0.0493540308255735
-105.372167,200,97.061785,0.0,0.6286558785630145
-17.647585,52,97.093788,1.0,0.03723597764845674
-84.054711,200,97.526327,0.0,0.4660167143577004
-73.058845,200,97.661373,0.0,0.41869402034491854
-109.776646,200,97.781894,0.0,0.690488908909712
-60.975159,200,97.900452,0.0,0.14382209150662012
-96.401185,200,98.019976,0.0,0.17123245565741968
-46.257559,77,98.0655,1.0,0.04244711794000685
-87.29282,200,98.178589,0.0,0.647400908709759
-74.293109,200,98.294118,0.0,0.5203231012063328
-120.901294,200,98.408669,0.0,0.9113368433555884
-124.124524,200,98.52282,0.0,0.7188957796976351
-116.643144,200,98.632364,0.0,0.879693629893129
-111.407527,200,99.070488,0.0,0.6462388356121354
-1.41029,6,99.075488,1.0,0.026527296241871254
-85.647448,200,99.216043,0.0,0.5804622051218699
-80.618841,200,99.349623,0.0,0.4986464694901943
-114.27854,200,99.473281,0.0,0.6575068679819766
-5.258189,18,99.485281,1.0,0.048006467238540976
-7.504809,46,99.513292,1.0,0.040997409478293355
-94.379333,200,99.635822,0.0,0.6331031083361957
-26.547622,68,99.675978,1.0,0.043741111995616304
-90.102082,200,99.798506,0.0,0.511874558812202
-104.597474,200,99.913069,0.0,0.8997746311980473
-137.809194,200,100.022624,0.0,0.7414798887931119
-132.695422,200,100.138866,0.0,0.9317583936360083
-15.399857,35,100.157901,1.0,0.04746866396918898
-96.371965,200,100.577543,0.0,0.5853861496907119
-77.548811,200,100.721055,0.0,0.4726742057812939
-6.328003,24,100.738055,1.0,0.0432905268998025
-101.457538,200,100.857527,0.0,0.33756825702241355
-88.960089,200,100.973568,0.0,0.37818184200189864
-81.569743,200,101.087946,0.0,0.32096807586580167
-79.507381,200,101.202499,0.0,0.4871022647164309
-78.809317,200,101.320035,0.0,0.35000568704263474
-92.213395,200,101.430561,0.0,0.5736484923636951
-81.089571,200,101.542674,0.0,0.46765845350676705
-22.237117,84,101.592184,1.0,0.0363053775478847
-34.83136,64,101.630156,1.0,0.049737513926712155
-129.185584,200,102.069913,0.0,0.7412177366633697
-3.607582,12,102.081893,1.0,0.04767232445991653
-14.689354,57,102.126889,1.0,0.04949869956895503
-0.093379,2,102.129886,1.0,0.002789025908286134
-23.857015,71,102.188396,1.0,0.041149852720435115
-81.085149,200,102.32491,0.0,0.5607279468731509
-88.14965,200,102.445551,0.0,0.5570601822641574
-36.227422,96,102.503671,1.0,0.04495566729052442
-84.269184,200,102.617781,0.0,0.2658648250658404
-123.277691,200,102.734361,0.0,0.7044648475633911
-120.417241,200,102.85525,0.0,0.21396604037631062
-140.292495,200,102.97026,0.0,0.6754980476596825
-64.814296,200,103.085395,0.0,0.4263889837450016
-135.019052,200,103.200886,0.0,0.7336693758275992
-23.581052,46,103.227886,1.0,0.04688600268604216
-74.690593,200,103.632239,0.0,0.39640759339268045
-74.283645,200,103.778273,0.0,0.21130466150024615
-48.356182,153,103.871804,1.0,0.04857462234610552
-33.002722,134,103.94981,1.0,0.026050620394586103
-10.898057,38,103.97329,1.0,0.04181971520549234
-49.086718,200,104.088822,0.0,0.23385567989885567
-69.773405,200,104.205688,0.0,0.12727012471246943
-65.762364,200,104.323227,0.0,0.319918938605394
-36.928986,114,104.390766,1.0,0.03908305489217705
-97.889302,200,104.503271,0.0,0.7671825370913544
-67.997452,111,104.568599,1.0,0.04190420028793738
-14.307273,47,104.595608,1.0,0.03359572939334642
-68.729705,200,104.726119,0.0,0.5083426136954484
-78.569398,200,105.201095,0.0,0.4421450713146639
-85.340466,158,105.304158,1.0,0.04314472027269966
-74.212313,200,105.441678,0.0,0.6948454292029433
-42.963526,89,105.495204,1.0,0.04721542921044932
-38.716204,119,105.562892,1.0,0.04425907261611508
-60.063844,200,105.678867,0.0,0.21999837331768357
-106.28759,200,105.791434,0.0,0.30256095322845755
-62.648751,200,105.906667,0.0,0.45971124380664424
-88.218183,200,106.021181,0.0,0.2093837472978738
-74.169658,200,106.137157,0.0,0.586109544245351
-136.656483,200,106.248673,0.0,0.5430871115731025
-35.318098,160,106.339168,1.0,0.0425679698667155
-77.524406,200,106.747256,0.0,0.1510442061753972
-84.128421,200,106.89029,0.0,0.16099707620771136
-1.926227,9,106.897291,1.0,0.048610042466934233
-129.067467,200,107.01554,0.0,0.6508566362139471
-102.6917,200,107.130074,0.0,0.3869300431952346
-72.729694,200,107.244582,0.0,0.08387421527290442
-76.787462,200,107.368288,0.0,0.39356521975436815
-116.556856,200,107.496437,0.0,0.5648102300860912
-25.948815,92,107.554443,1.0,0.04534891115581344
-67.913514,200,107.678483,0.0,0.41944987579773135
-173.433455,200,107.794567,0.0,0.790800161766935
-74.183634,200,107.920034,0.0,0.08903464010135838
-46.331278,200,108.37266,0.0,0.08652789677189661
-82.072198,200,108.49975,0.0,0.30514604704295784
-73.334735,200,108.614302,0.0,0.12219256414326592
-47.828174,167,108.707859,1.0,0.046665588138169546
-125.040871,200,108.82308,0.0,0.30127855250718094
-83.701321,200,108.945594,0.0,0.4474219728250049
-93.911535,200,109.058148,0.0,0.550384567997905
-40.481549,200,109.177205,0.0,0.4221649871799784
-50.263842,200,109.30278,0.0,0.19141738323808194
-86.081241,200,109.421294,0.0,0.5581429595756713
-152.193459,200,109.833851,0.0,0.4743097626059211
-50.214589,200,109.977878,0.0,0.4754189833820172
-110.419301,200,110.107695,0.0,0.14542753283875365
-44.939971,165,110.213284,1.0,0.049918251080988005
-73.659664,200,110.340769,0.0,0.40154437707387464
-63.151839,200,110.464278,0.0,0.3610413546789351
-63.853577,200,110.58245,0.0,0.1061427321627966
-73.02147,200,110.696181,0.0,0.15828457823770642
-92.553566,200,110.810658,0.0,0.5412363653049818
-61.446909,200,110.926214,0.0,0.2757183615520024
-20.691656,143,111.012247,1.0,0.03994105352413722
-105.618979,200,111.458388,0.0,0.35193750279746583
-62.194596,200,111.586969,0.0,0.4103517475863524
-45.504923,200,111.710495,0.0,0.344133390662381
-26.651675,78,111.758545,1.0,0.044344131305950905
-73.620506,200,111.875889,0.0,0.6879281296670179
-44.543784,147,111.960901,1.0,0.04309173078203273
-62.518512,186,112.067922,1.0,0.04846081417346779
-43.744933,112,112.13293,1.0,0.04443091828304052
-70.770199,200,112.245446,0.0,0.28384764879637153
-53.851014,200,112.357015,0.0,0.09650850718162189
-5.396176,46,112.383859,1.0,0.04386667220700855
-47.865138,200,112.499379,0.0,0.15211270634650778
-36.672418,84,112.548378,1.0,0.043297112756527985
-72.300635,200,113.010967,0.0,0.5115461128247469
-18.317922,55,113.054967,1.0,0.044853456513441206
-46.233877,191,113.187771,1.0,0.04244732294196206
-94.535416,200,113.306285,0.0,0.5990506760504571
-68.374911,200,113.425347,0.0,0.06000164651481135
-81.984557,200,113.547148,0.0,0.39088724864058827
-48.146796,119,113.611664,1.0,0.03268313356861304
-25.89573,81,113.659671,1.0,0.0447158559980979
-91.617392,200,113.774561,0.0,0.3391281236011123
-70.41869,200,113.900085,0.0,0.3256453248494611
-75.778681,200,114.020493,0.0,0.3429333062249345
-8.034574,53,114.051494,1.0,0.04454380415561801
-41.226786,200,114.165019,0.0,0.07550787588545321
-53.960543,115,114.524154,1.0,0.03615350527435168
-0.554881,4,114.527154,1.0,0.026126845320444587
-79.910294,200,114.665671,0.0,0.3415583899205829
-18.039423,27,114.683193,1.0,0.04223931835232001
-3.754866,27,114.699193,1.0,0.04449867294167853
-92.677848,200,114.819725,0.0,0.19942829990503647
-94.339214,200,114.93824,0.0,0.3745459047622807
-109.383376,200,115.056802,0.0,0.5588987094976571
-31.011208,125,115.129606,1.0,0.049984072960955556
-22.195505,127,115.204105,1.0,0.046695173936094486
-76.946992,200,115.318623,0.0,0.3749018319185277
-44.055441,200,115.434099,0.0,0.1426522831548018
-23.794258,79,115.481624,1.0,0.04016555256401666
-25.046256,93,115.536621,1.0,0.04346652632990636
-24.418701,76,115.584124,1.0,0.04993024194739175
-52.432409,200,116.0588,0.0,0.19479576464453974
-60.434629,128,116.160295,1.0,0.04234110879357235
-26.454369,85,116.218356,1.0,0.04768720816234077
-73.483671,200,116.344498,0.0,0.24053257349987295
-0.179007,2,116.346497,1.0,0.020543009832374472
-70.871777,200,116.464673,0.0,0.3824174696175453
-41.765929,112,116.530187,1.0,0.046309305301161216
-48.324927,200,116.645685,0.0,0.12312674672444532
-52.868329,200,116.763244,0.0,0.22465691910237803
-73.936045,200,116.874282,0.0,0.3128801111874585
-10.758037,52,116.904282,1.0,0.03347767958450684
-16.598798,67,116.944279,1.0,0.041986379728807754
-48.340123,200,117.06183,0.0,0.17368586153170296
-55.880335,200,117.170862,0.0,0.2789476240796454
-58.368808,200,117.602549,0.0,0.15180546713863527
-18.777251,41,117.631554,1.0,0.047502344884446504
-1.084289,6,117.63555,1.0,0.04909628851955129
-34.709299,92,117.688058,1.0,0.04267412799735803
-62.629574,200,117.818582,0.0,0.24497329105416654
-80.677816,200,117.939689,0.0,0.4169304963335359
-50.72703,149,118.030151,1.0,0.04247013772952639
-79.291723,200,118.14767,0.0,0.27076388447364935
-0.136753,2,118.149669,1.0,0.014385776195837866
-21.749457,83,118.199185,1.0,0.04782432315527384
-62.74901,157,118.287378,1.0,0.04904249115980837
-0.146072,2,118.289381,1.0,0.0243283684864944
-34.245888,86,118.350382,1.0,0.04710123897111117
-32.414528,109,118.4209,1.0,0.043723662547312886
-25.017228,109,118.491986,1.0,0.048389189042003185
-49.697212,200,118.618951,0.0,0.3123367419231
-18.884885,53,118.652948,1.0,0.04941946500355026
-32.248321,71,118.693472,1.0,0.034784343806149365
-63.089532,200,118.809015,0.0,0.42727806480387365
-86.187024,200,119.232706,0.0,0.40918373392264007
-15.941827,64,119.270712,1.0,0.040132310557588764
-83.191566,200,119.39874,0.0,0.24994128441645255
-19.021149,64,119.43774,1.0,0.0474066104085036
-54.885257,200,119.556797,0.0,0.3901118268277698
-54.857169,153,119.646336,1.0,0.04020151493908963
-10.388858,57,119.679823,1.0,0.045608951426071666
-20.773674,99,119.737823,1.0,0.04429992217825713
-65.936788,200,119.854285,0.0,0.42714040143463317
-79.155115,200,119.968844,0.0,0.3557427216343263
-28.523286,119,120.040364,1.0,0.049598557580276544
-66.55674,200,120.152888,0.0,0.48863751146120415
-51.241341,200,120.267418,0.0,0.2866979573544482
-0.141733,2,120.269414,1.0,0.04953250352420163
-36.595374,90,120.320949,1.0,0.04275159657595787
-91.464526,200,120.750036,0.0,0.38600985143760647
-25.717693,64,120.790552,1.0,0.049209165599703064
-61.727814,200,120.922076,0.0,0.4659124733207878
-22.869871,118,120.991595,1.0,0.046581281640804585
-5.008454,24,121.011596,1.0,0.047716840560083615
-24.912677,66,121.056597,1.0,0.0463326462973612
-25.021918,111,121.127548,1.0,0.03573906631635506
-52.177726,200,121.255254,0.0,0.14643811265836496
-46.202195,200,121.388327,0.0,0.31309501811016816
-59.867447,200,121.503377,0.0,0.1581492031821597
-0.042599,1,121.504378,1.0,0.029568005693531487
-17.522526,72,121.548695,1.0,0.0347818841937387
-8.505057,32,121.568126,1.0,0.046566051297169106
-87.771202,200,121.685601,0.0,0.22239448971916487
-59.156447,200,121.803077,0.0,0.2713466787163683
-42.793652,98,121.860095,1.0,0.04912349676427885
-95.10321,200,122.265161,0.0,0.25264087043036776
-12.383117,61,122.301672,1.0,0.03919591332200596
-52.850337,200,122.428188,0.0,0.2703419851049349
-9.209328,26,122.444191,1.0,0.03778632784467007
-16.689962,61,122.482749,1.0,0.04189347135343359
-65.926221,200,122.598322,0.0,0.22928333593574465
-19.558567,60,122.634319,1.0,0.04335185673216007
-13.176354,51,122.663349,1.0,0.0479019962277001
-25.463705,87,122.711864,1.0,0.04927888856520387
-51.348472,200,122.827393,0.0,0.08046625037812054
-0.206374,2,122.83039,1.0,0.041749098828598535
-56.647167,200,122.944935,0.0,0.23270082322421268
-79.868996,200,123.057157,0.0,0.2805939332549735
-53.50817,200,123.171677,0.0,0.2301293904146042
-56.992647,200,123.286316,0.0,0.1656555906176492
-86.030387,200,123.402788,0.0,0.37193685699534945
-50.068923,200,123.848926,0.0,0.46752977369196586
-21.121506,58,123.893442,1.0,0.040985557174975755
-106.150658,200,124.035982,0.0,0.7541457245250607
-72.979571,200,124.173514,0.0,0.16411481149984555
-0.191424,2,124.175039,1.0,0.047515742236393786
-67.23199,200,124.293556,0.0,0.2680593967848293
-73.470146,200,124.412147,0.0,0.20238042209859325
-53.321845,182,124.517892,1.0,0.04383519600979016
-18.306773,78,124.563896,1.0,0.04791780658481458
-49.38889,128,124.640419,1.0,0.046330128223833686
-20.473252,74,124.68299,1.0,0.045174365579131064
-37.561669,116,124.74999,1.0,0.04538015531152397
-17.371268,54,124.781463,1.0,0.04856852730803969
-72.892716,200,124.897004,0.0,0.10146533750312532
-37.484495,122,124.966072,1.0,0.0436665672991843
-15.008616,58,125.000553,1.0,0.04800305969282488
-0.048307,1,125.001583,1.0,0.035036975768509504
-44.098105,156,125.409303,1.0,0.04694360696592794
-30.66335,82,125.467307,1.0,0.04252948833297543
-88.195264,200,125.595347,0.0,0.39493070901591854
-74.294629,200,125.713832,0.0,0.351607108697305
-12.960977,53,125.743833,1.0,0.03290511864877207
-4.224896,16,125.753833,1.0,0.0455384051285085
-12.869111,29,125.770839,1.0,0.048212952738619246
-33.427363,156,125.863385,1.0,0.04758602766458804
-66.5391,200,125.980498,0.0,0.1266089989107183
-54.031811,200,126.09624,0.0,0.2636027108886294
-7.569251,42,126.124215,1.0,0.04682734638989578
-24.121764,111,126.187735,1.0,0.045731175893948796
-73.629864,200,126.303228,0.0,0.39059886661896015
-0.123655,2,126.305228,1.0,0.01876878542181786
-3.89998,26,126.320225,1.0,0.04762255959928405
-24.652908,105,126.381745,1.0,0.04711199817333445
-39.591607,86,126.432778,1.0,0.04825414721995154
-10.855795,66,126.470776,1.0,0.04973447995610771
-54.331793,200,126.943447,0.0,0.22024780513445327
-45.396694,200,127.104472,0.0,0.26256927557828047
-7.072345,46,127.136148,1.0,0.04001011855066607
-37.638574,200,127.256146,0.0,0.3563544573546892
-12.440019,47,127.284653,1.0,0.034343048715252844
-52.847753,200,127.403906,0.0,0.39864891402673913
-54.545382,200,127.520455,0.0,0.31916724294687543
-28.869552,89,127.572422,1.0,0.04505670931421609
-16.326887,56,127.605556,1.0,0.048737726083444004
-16.096746,40,127.627566,1.0,0.04544579173879835
-5.992396,34,127.649543,1.0,0.037727913781537246
-64.562217,200,127.765681,0.0,0.2086056816428767
-9.775658,31,127.784147,1.0,0.03708015580236275
-32.450875,112,127.848145,1.0,0.04470821218249627
-4.35023,29,127.866154,1.0,0.04683209066610169
-19.84594,56,127.899661,1.0,0.04960645279786271
-11.301318,20,127.911665,1.0,0.039463363382086405
-24.560339,52,127.942664,1.0,0.04728017239655104
-77.926993,200,128.056185,0.0,0.0763019945701099
-55.12202,200,128.456451,0.0,0.26606173555293733
-59.807841,200,128.605496,0.0,0.3774819348334737
-70.927443,200,128.730563,0.0,0.4435757492874012
-19.396353,75,128.774575,1.0,0.03947248338996098
-26.518456,98,128.83209,1.0,0.031024442794208906
-6.307324,43,128.85709,1.0,0.047046584210148526
-20.493636,61,128.894601,1.0,0.04993993597930159
-5.450159,16,128.904586,1.0,0.04481058737451949
-13.804537,41,128.928588,1.0,0.04338770331179113
-0.101983,2,128.93059,1.0,0.010910379072875556
-19.967915,69,128.968592,1.0,0.04999601097028165
-30.383427,115,129.036103,1.0,0.0475822095615096
-63.855317,200,129.149566,0.0,0.234015459880452
-32.361073,166,129.247084,1.0,0.044931173218029474
-33.20059,121,129.316574,1.0,0.04998464214152366
-60.024013,200,129.437087,0.0,0.2943859508780709
-4.801955,30,129.456084,1.0,0.043000661048869716
-22.383096,46,129.487279,1.0,0.04940804316301611
-2.451941,17,129.498279,1.0,0.049972395624378045
-53.511232,200,129.624842,0.0,0.24132115287109002
-11.65328,32,129.645826,1.0,0.0436875889838058
-13.250081,39,129.673831,1.0,0.04398704907655672
-66.957472,200,130.12678,0.0,0.21971444287370764
-72.583744,200,130.265309,0.0,0.23708205546383088
-23.701701,66,130.306796,1.0,0.04782009078982667
-12.824419,59,130.341808,1.0,0.042729617069433644
-0.06423,1,130.342795,1.0,0.04797094415205868
-77.677229,200,130.45732,0.0,0.12369660325655388
-17.345527,32,130.475328,1.0,0.04284868444020844
-7.561462,21,130.488381,1.0,0.03231325125656631
-42.708877,190,130.595916,1.0,0.04524045252525155
-22.43318,62,130.632893,1.0,0.04937816704923948
-61.950704,200,130.750413,0.0,0.2482168024865109
-6.786538,39,130.773422,1.0,0.04852793994453992
-35.641143,116,130.837868,1.0,0.046471753943125714
-14.635895,39,130.860868,1.0,0.04996214712066424
-47.310127,200,130.976399,0.0,0.3761409207329851
-78.638895,200,131.092273,0.0,0.3252563385408268
-15.767349,55,131.124274,1.0,0.03207871002722673
-43.097672,168,131.223195,1.0,0.03956418595177499
-68.000324,200,131.667742,0.0,0.23130430833832946
-7.718963,40,131.692247,1.0,0.04781393175278634
-55.944862,200,131.816762,0.0,0.3078566346410482
-48.615053,144,131.90223,1.0,0.0488930800350123
-44.509113,200,132.020778,0.0,0.16888056780563906
-45.767407,185,132.131244,1.0,0.046501983995713904
-44.536868,200,132.266817,0.0,0.3163692630549751
-17.729777,100,132.330308,1.0,0.04632742183776484
-4.479269,33,132.351308,1.0,0.047138430069306576
-10.476784,20,132.36432,1.0,0.01987461955038766
-65.715771,200,132.482981,0.0,0.2183923205795304
-63.409102,200,132.602487,0.0,0.10212482010810728
-15.65841,85,132.655478,1.0,0.04767497102377791
-37.440996,172,132.752337,1.0,0.04948390059051331
-44.242639,200,133.17246,0.0,0.2596479516116431
-37.647468,173,133.287505,1.0,0.04866293875506632
-43.194693,140,133.372527,1.0,0.04436238316719926
-18.132742,54,133.405032,1.0,0.04655702663260885
-72.657979,200,133.522553,0.0,0.17619531975941213
-33.045609,194,133.635103,1.0,0.04995609525790618
-2.960744,22,133.649105,1.0,0.04563716014483031
-51.592423,200,133.762623,0.0,0.21355374160758128
-46.664647,200,133.877617,0.0,0.22593015962011975
-42.380131,200,133.993169,0.0,0.16401844166536508
-20.882129,76,134.037147,1.0,0.04924437583774836
-79.046984,200,134.151683,0.0,0.2834972985006235
-49.091161,200,134.265249,0.0,0.1844336786992305
-52.289774,200,134.664654,0.0,0.16962870447852557
-7.203758,34,134.688159,1.0,0.043158986943478306
-44.155069,200,134.831897,0.0,0.33055175092551736
-16.01472,64,134.874891,1.0,0.043745847653626886
-0.115625,2,134.876891,1.0,0.0316225566489741
-50.051409,158,134.980932,1.0,0.04836514334291331
-55.560377,200,135.109475,0.0,0.323642924133723
-43.763854,169,135.209284,1.0,0.04714520697655033
-82.932122,200,135.330071,0.0,0.4366818985375977
-46.834406,200,135.446616,0.0,0.07934584534367589
-6.577781,33,135.467217,1.0,0.03586838586262447
-37.737161,188,135.572742,1.0,0.04665136521176279
-6.909979,18,135.584126,1.0,0.037228200259640284
-104.797325,200,135.697645,0.0,0.4515881661583178
-5.661628,19,135.708662,1.0,0.04631861286919728
-6.466929,19,135.719645,1.0,0.04698412966961026
-44.508041,130,135.793183,1.0,0.04367786966280078
-39.24471,151,136.180029,1.0,0.031893028228330976
-0.818951,5,136.183023,1.0,0.02977507140958355
-21.058715,81,136.243024,1.0,0.04852238565793628
-69.133838,200,136.386113,0.0,0.4252521363061655
-16.034756,62,136.423148,1.0,0.03698239445352757
-24.399385,101,136.484226,1.0,0.04977724346269235
-41.371234,169,136.58375,1.0,0.04503548705562196
-66.818761,200,136.696276,0.0,0.2214925362186173
-92.644681,200,136.813387,0.0,0.5879416382532273
-68.185458,200,136.929151,0.0,0.45675392943607673
-19.313674,85,136.978154,1.0,0.02481525222574766
-8.218331,36,137.000665,1.0,0.04960279728903409
-5.414347,23,137.013668,1.0,0.044651707470251975
-16.558582,49,137.042668,1.0,0.04778073491769652
-25.42402,64,137.080819,1.0,0.03144299371552669
-36.735564,200,137.194292,0.0,0.08673241723619027
-6.139364,22,137.2083,1.0,0.04936160911319642
-78.138591,200,137.324869,0.0,0.4547809867862063
-22.237351,36,137.346845,1.0,0.049489688135031205
-54.235031,200,137.806571,0.0,0.3083310388296452
-77.715735,200,137.946095,0.0,0.22587182233871775
-75.461828,200,138.064561,0.0,0.24514813966118817
-13.48623,20,138.075569,1.0,0.027955872451489592
-4.980326,24,138.089789,1.0,0.04666313053199326
-43.275196,147,138.177913,1.0,0.047589682106583577
-17.082549,70,138.219928,1.0,0.049849524529278016
-35.703112,200,138.337022,0.0,0.1812413222641419
-26.378789,110,138.401481,1.0,0.04403337121985234
-65.566704,200,138.518012,0.0,0.27010580368280024
-54.511849,200,138.634503,0.0,0.07985218993496301
-26.480497,56,138.667503,1.0,0.04931517145312246
-1.503624,10,138.673485,1.0,0.04293212299861883
-64.611138,200,138.791531,0.0,0.1850629028094063
-19.972581,44,138.815531,1.0,0.04420369196035519
-9.113873,30,138.833531,1.0,0.04844181011006027
-17.924679,98,138.891056,1.0,0.04295857655305405
-49.487238,200,139.28806,0.0,0.18765245815218284
-78.294918,200,139.449577,0.0,0.25772935115514856
-55.165368,175,139.563092,1.0,0.04571368486170936
-18.778916,46,139.593614,1.0,0.04228584008195247
-9.900496,51,139.626615,1.0,0.047218258905346436
-19.553231,108,139.69003,1.0,0.038507541773005964
-73.995394,200,139.808568,0.0,0.2983601923857598
-59.988746,200,139.924109,0.0,0.20531359522251957
-29.688477,44,139.948134,1.0,0.047308145080007635
-23.995523,92,140.001424,1.0,0.04999888935952733
-49.842768,200,140.118042,0.0,0.19229266411665835
-59.62647,200,140.232576,0.0,0.3727766769036835
-18.922224,56,140.265569,1.0,0.036513865190553725
-19.577465,112,140.332107,1.0,0.04156870903344528
-36.262262,95,140.392612,1.0,0.04087870705409797
-2.872203,14,140.401612,1.0,0.04691116932474983
-64.543151,200,140.876002,0.0,0.3151302036154733
-50.991036,200,141.005452,0.0,0.20601062477371376
-21.98861,55,141.040059,1.0,0.03385812851046906
-46.559634,200,141.164574,0.0,0.2609521308324079
-15.395515,47,141.193104,1.0,0.04105541884575878
-48.302139,200,141.307629,0.0,0.17755527160637782
-25.074244,104,141.36765,1.0,0.04171932795183352
-46.18471,200,141.482776,0.0,0.19161658055857747
-60.210091,200,141.599296,0.0,0.2490095594467275
-33.666349,112,141.662317,1.0,0.04991483854070168
-21.23257,57,141.694816,1.0,0.04705606961766784
-20.312731,45,141.720819,1.0,0.03323984063264648
-43.385109,187,141.828341,1.0,0.047963085359895456
-56.642815,200,141.941903,0.0,0.11330585015616965
-96.595501,200,142.057442,0.0,0.3261134565052565
-4.338754,25,142.072431,1.0,0.04312995688460289
-43.078248,200,142.503651,0.0,0.20058344356826463
-59.435996,200,142.628194,0.0,0.27436889921021945
-43.365607,200,142.746745,0.0,0.27448951545323824
-25.661822,84,142.795264,1.0,0.04710836416845426
-69.490082,200,142.911784,0.0,0.25879779974057526
-10.855966,38,142.934782,1.0,0.04227050394325215
-24.143129,56,142.966813,1.0,0.04390775081558053
-12.604809,40,142.991335,1.0,0.039066728111653966
-4.272458,23,143.005349,1.0,0.045301766937302375
-81.192571,200,143.123398,0.0,0.589119159145768
-14.539629,53,143.156398,1.0,0.04993273278897033
-0.062838,1,143.157398,1.0,0.043055571182982935
-21.822525,28,143.175404,1.0,0.035399007656958234
-63.790004,200,143.300459,0.0,0.45970539914752395
-26.304805,79,143.349444,1.0,0.047313995628810133
-6.204887,52,143.385019,1.0,0.0498540691500672
-0.544534,7,143.390019,1.0,0.04892696628349491
-12.821843,43,143.418021,1.0,0.042480532765671764
-5.228852,18,143.429019,1.0,0.0422002391913182
-14.532904,39,143.452019,1.0,0.03830531954583358
-5.069996,17,143.462016,1.0,0.04811975508753733
-9.792438,27,143.478028,1.0,0.027692313401022853
-11.090767,52,143.508168,1.0,0.04917397007743686
-23.988675,64,143.546168,1.0,0.047206212557777016
-39.110088,177,143.958414,1.0,0.035979702063548946
-53.225774,200,144.090447,0.0,0.2569646634982663
-62.656111,200,144.213953,0.0,0.2978329407271478
-88.17042,200,144.330474,0.0,0.4507871777187467
-21.34532,71,144.372483,1.0,0.043473054491194776
-34.973516,99,144.429,1.0,0.041978724544667195
-15.268665,53,144.461001,1.0,0.04462210656340635
-12.218227,41,144.486566,1.0,0.039651481201512705
-12.668113,43,144.511593,1.0,0.045553843199490025
-14.082346,47,144.539569,1.0,0.04964065181239202
-24.494243,47,144.567568,1.0,0.04543336541722417
-34.627895,115,144.631107,1.0,0.04997957116807109
-17.038894,84,144.680126,1.0,0.04869631486612948
-62.618709,200,144.792089,0.0,0.4505755850755864
-18.087065,82,144.84012,1.0,0.04919340773296939
-26.494143,163,144.936609,1.0,0.043103511178547424
-23.07723,63,144.973616,1.0,0.03828215144121557
-0.85715,6,144.978615,1.0,0.034740560716524135
-54.620245,200,145.088978,0.0,0.20658676132954568
-42.834,200,145.499843,0.0,0.16673816046717213
-69.477851,200,145.628353,0.0,0.4681199285932089
-56.950335,200,145.750869,0.0,0.15768754948685215
-14.932013,46,145.778437,1.0,0.035387883004581275
-47.880939,200,145.905468,0.0,0.20797944372502813
-17.806591,89,145.965468,1.0,0.04768149515407765
-9.761491,32,145.986984,1.0,0.024958954396537576
-10.975119,43,146.014984,1.0,0.04574347888466495
-24.245206,93,146.07399,1.0,0.03633724538214235
-14.250985,48,146.106504,1.0,0.04919051313375918
-20.429762,84,146.156507,1.0,0.0388232893781992
-33.515946,108,146.220513,1.0,0.04679934584696955
-90.070235,200,146.342248,0.0,0.3021420374229273
-9.481062,25,146.358248,1.0,0.04356154087168396
-10.861973,29,146.376257,1.0,0.03514742820164103
-29.980873,95,146.432419,1.0,0.04347880397239311
-73.017359,200,146.550695,0.0,0.4115211490681003
-49.320465,200,146.668221,0.0,0.17997550319789027
-31.444048,99,147.01832,1.0,0.043631130783964404
-10.040935,40,147.042322,1.0,0.039755069853323124
-74.733754,200,147.19635,0.0,0.5497756441007599
-59.980256,200,147.312882,0.0,0.20371615296210355
-72.599812,200,147.430409,0.0,0.42469341604493266
-17.506106,40,147.454409,1.0,0.049474008880402674
-20.30007,66,147.491918,1.0,0.04979501701147899
-34.398465,122,147.561919,1.0,0.04127160768263519
-63.450201,200,147.674442,0.0,0.22965541564754652
-24.869641,67,147.712936,1.0,0.0298547803151183
-4.71362,28,147.729936,1.0,0.04079491050448481
-12.899414,48,147.756937,1.0,0.04601364949996906
-63.094137,200,147.871532,0.0,0.24937207864652924
-7.087148,29,147.889043,1.0,0.04890719552504399
-114.849539,200,148.003569,0.0,0.5094959707932117
-18.210998,27,148.01957,1.0,0.04200347967334478
-55.814486,200,148.132603,0.0,0.29273315876361494
-7.085074,28,148.149111,1.0,0.04657426497530652
-43.785144,200,148.571382,0.0,0.16003372890688392
-16.367456,35,148.597889,1.0,0.03672860211929601
-27.936488,128,148.685403,1.0,0.04510617225177916
-19.845495,49,148.719404,1.0,0.046364094882115126
-75.204908,200,148.84893,0.0,0.36203344718590125
-61.049192,200,148.98245,0.0,0.11817786786972542
-19.59371,91,149.036618,1.0,0.03891978081265484
-5.743599,38,149.061682,1.0,0.048206360037653044
-53.368216,200,149.180341,0.0,0.14231063547101994
-19.276454,46,149.207852,1.0,0.04828560844032867
-65.562836,200,149.324957,0.0,0.3403738668280743
-77.445813,200,149.43951,0.0,0.3875098102049606
-18.581325,26,149.455523,1.0,0.04397889053929513
-50.885813,200,149.568059,0.0,0.22564238420580274
-8.360146,36,149.589576,1.0,0.040717173505709234
-23.63251,54,149.620576,1.0,0.03380781169758794
-14.118886,22,149.634579,1.0,0.04329785247625163
-34.646042,117,149.702107,1.0,0.03289374001298617
-29.568996,154,150.114162,1.0,0.04795477257766008
-17.532939,84,150.172164,1.0,0.0296057336546496
-55.94948,200,150.306192,0.0,0.2184035675341882
-17.067669,40,150.331192,1.0,0.04254856778646973
-16.729312,41,150.356191,1.0,0.049477566649932844
-14.320385,58,150.391708,1.0,0.03970701155162279
-15.044822,30,150.409709,1.0,0.04896341356272192
-5.491458,25,150.425709,1.0,0.04218066586213641
-24.448759,64,150.463709,1.0,0.0462420322822798
-19.714721,58,150.500226,1.0,0.04787659803767112
-31.118325,189,150.608318,1.0,0.04486011521414335
-56.730718,200,150.720847,0.0,0.31054459468928536
-18.514568,92,150.775855,1.0,0.04663553053682547
-46.971288,185,150.883383,1.0,0.0486062774376913
-7.664047,32,150.901901,1.0,0.03616987467214416
-11.158717,30,150.919902,1.0,0.02980915638694143
-28.840545,82,150.968902,1.0,0.047912003734236285
-10.043288,22,150.981906,1.0,0.04046009048141435
-14.773877,68,151.019416,1.0,0.045587306751473995
-28.261509,87,151.069416,1.0,0.048403917599787565
-21.702824,29,151.086934,1.0,0.04976828323663455
-64.306579,200,151.203373,0.0,0.32677875171736387
-58.478162,200,151.676445,0.0,0.22781961386656355
-59.035552,200,151.844779,0.0,0.41341456597083465
-70.938177,200,151.971332,0.0,0.28697958041455063
-43.210004,200,152.091362,0.0,0.22363806774090206
-17.891329,73,152.133362,1.0,0.04718657353076526
-16.314856,80,152.181368,1.0,0.037675028619174676
-10.558149,33,152.20088,1.0,0.03841020130303899
-49.25036,200,152.317401,0.0,0.14918836894623994
-13.804137,52,152.347397,1.0,0.03948103638224725
-24.668651,57,152.382406,1.0,0.03976567193628742
-54.31132,200,152.49643,0.0,0.14177195643082394
-0.918547,5,152.49943,1.0,0.03413053038752833
-13.797243,60,152.53543,1.0,0.044059051880725245
-17.737741,60,152.571441,1.0,0.04699365479578124
-27.159575,101,152.62996,1.0,0.043056081625233666
-20.034278,63,152.66696,1.0,0.04597586625733636
-6.801514,28,152.683969,1.0,0.044368275027015784
-7.932441,46,152.710487,1.0,0.03747672098823992
-10.558508,22,152.724488,1.0,0.04290430218448463
-46.22914,200,152.840001,0.0,0.2623642370488225
-68.218636,200,153.265908,0.0,0.28610369884393955
-14.14117,46,153.29442,1.0,0.04591586274780588
-26.329155,49,153.32742,1.0,0.04004406991206618
-39.680445,127,153.40493,1.0,0.048167381131086234
-78.601889,200,153.532458,0.0,0.35218557924043836
-24.250451,61,153.569458,1.0,0.04652898005856109
-90.487827,200,153.686492,0.0,0.39585131327981454
-60.457169,200,153.800049,0.0,0.29839875465727306
-42.754814,200,153.913576,0.0,0.13797138863408132
-55.347848,200,154.028091,0.0,0.4436493932719568
-20.876635,27,154.045095,1.0,0.03536597006356341
-15.986179,46,154.075101,1.0,0.04991634721828107
-15.721266,42,154.101616,1.0,0.030191540051787213
-3.103908,14,154.111617,1.0,0.04820303162215991
-11.814316,44,154.139618,1.0,0.045062056595030583
-56.82516,200,154.270138,0.0,0.17073905770179504
-51.191563,200,154.394963,0.0,0.17395897877568414
-48.119686,200,154.850418,0.0,0.18039006032962981
-86.770978,200,155.003455,0.0,0.4928043817393339
-10.725717,27,155.019447,1.0,0.035206372444731945
-21.251429,56,155.054448,1.0,0.04545366835192422
-15.173533,47,155.083451,1.0,0.047809746233309094
-7.883298,38,155.106963,1.0,0.02788366589354547
-49.133196,200,155.22448,0.0,0.16169318802450877
-24.637873,137,155.301992,1.0,0.047321854532244266
-12.955968,43,155.326998,1.0,0.04542653763213139
-16.436536,33,155.347016,1.0,0.047009524970296944
-14.088592,70,155.386,1.0,0.048942054861625575
-17.013471,56,155.418511,1.0,0.03459450834025374
-13.843888,41,155.442511,1.0,0.04213278192884086
-48.566892,200,155.560029,0.0,0.142863264280954
-24.487278,71,155.603546,1.0,0.04598981505483821
-30.205094,153,155.692064,1.0,0.04960986359681057
-47.844266,183,155.793595,1.0,0.03448740030833617
-12.851854,38,155.816594,1.0,0.04016139842488091
-18.661293,44,155.842594,1.0,0.04219938587895996
-20.455611,26,155.858594,1.0,0.03660628485491644
-26.423446,69,155.899121,1.0,0.037769534624530865
-24.32382,69,155.939121,1.0,0.03851726308136136
-2.371833,19,155.95012,1.0,0.04791536597051021
-37.006907,200,156.359815,0.0,0.09101796816991992
-6.834486,30,156.37882,1.0,0.04765638355228782
-63.011149,200,156.505836,0.0,0.2810927982934208
-24.179907,82,156.555842,1.0,0.041961580547278526
-5.126561,31,156.574845,1.0,0.038432276510577935
-76.019288,200,156.694875,0.0,0.40735330610632914
-50.072241,200,156.817751,0.0,0.2101067951867067
-10.178994,39,156.844754,1.0,0.044520751573923954
-60.907003,200,156.976291,0.0,0.34499840652762725
-53.17372,200,157.105331,0.0,0.3061431620719233
-6.224989,31,157.128331,1.0,0.04543388124999965
-26.623404,86,157.178332,1.0,0.04760035895512013
-13.195852,50,157.206844,1.0,0.03578895717369416
-8.295251,24,157.220844,1.0,0.038367484307039026
-70.085308,200,157.341247,0.0,0.3458354551351639
-22.983427,56,157.373255,1.0,0.04004366122318636
-77.96566,200,157.487899,0.0,0.29128328166586476
-82.696536,200,157.919966,0.0,0.4260736218900718
-64.827571,200,158.044476,0.0,0.3035423173730093
-75.941714,200,158.170991,0.0,0.21737159572491488
-13.741127,36,158.193503,1.0,0.04349547617914701
-73.881865,200,158.309034,0.0,0.2944965063959096
-18.306418,45,158.336034,1.0,0.04562663637959467
-4.706167,34,158.356034,1.0,0.04113062039314089
-55.145124,200,158.46956,0.0,0.1637489114280663
-44.017591,187,158.580086,1.0,0.04295946112606715
-10.772404,59,158.6126,1.0,0.044721043291309964
-16.006017,77,158.657602,1.0,0.049163771092875695
-64.439772,200,158.76767,0.0,0.2584130774552476
-73.370089,200,158.881207,0.0,0.38478089012553174
-30.12246,98,158.938725,1.0,0.049463885505197605
-16.077833,79,158.982729,1.0,0.04488275061801628
-53.812405,200,159.098764,0.0,0.12734577113295556
-59.324635,200,159.528804,0.0,0.20305466922065485
-55.606432,200,159.668316,0.0,0.18782811386711837
-28.258199,95,159.730835,1.0,0.04608791639680949
-62.345334,200,159.861355,0.0,0.2723756334532009
-2.03814,18,159.872542,1.0,0.04450025133021576
-50.075073,200,159.992316,0.0,0.13106264178665697
-10.148303,22,160.005316,1.0,0.03402659092383613
-27.87388,122,160.080685,1.0,0.048641126344639296
-9.341401,36,160.1042,1.0,0.04498013971220957
-55.794257,200,160.222099,0.0,0.19197896780260987
-37.576232,167,160.321618,1.0,0.04919588106098422
-11.098367,27,160.337617,1.0,0.04932493152393357
-9.485194,22,160.351617,1.0,0.04378594992614124
-49.496028,200,160.466156,0.0,0.22762580107290015
-10.792609,24,160.480169,1.0,0.044412185806338565
-49.104388,200,160.593154,0.0,0.2863214133634503
-4.373479,25,160.609154,1.0,0.04280860356931831
-46.991343,200,161.035929,0.0,0.1153943406831791
-7.00798,20,161.048929,1.0,0.02952838616381975
-0.045945,1,161.049929,1.0,0.03723937516315317
-42.267948,172,161.153443,1.0,0.04854694305245865
-14.586771,39,161.179443,1.0,0.02504579244531997
-59.342575,200,161.30005,0.0,0.28070771721869175
-12.576268,50,161.33105,1.0,0.048342074949655575
-52.148814,200,161.444568,0.0,0.20196203392511672
-24.047416,70,161.483568,1.0,0.049759102352388174
-15.430748,43,161.509079,1.0,0.04265683902567106
-56.123706,200,161.626597,0.0,0.25846756188426906
-52.402879,200,161.738143,0.0,0.22144659293205593
-73.188281,200,161.854682,0.0,0.39931442545607454
-15.63596,53,161.886688,1.0,0.049944561979004425
-0.062183,1,161.888192,1.0,0.046404762346175736
-5.23007,23,161.902199,1.0,0.040585169065996324
-58.086565,200,162.014779,0.0,0.2998803223784351
-32.12903,186,162.118327,1.0,0.047889981875848024
-6.607904,39,162.141328,1.0,0.03682556652258365
-42.8161,178,162.547946,1.0,0.04477529521629794
-8.159825,57,162.593474,1.0,0.039759767713211776
-14.197941,70,162.650474,1.0,0.028612720130001962
-22.914767,53,162.688003,1.0,0.043695816967327904
-44.611622,200,162.812449,0.0,0.127027876817096
-4.403296,24,162.830556,1.0,0.04540998818697322
-67.020618,200,162.951464,0.0,0.3154901234129437
-16.214863,88,163.000486,1.0,0.04805475127155863
-3.616914,24,163.015483,1.0,0.03942347699761052
-84.296298,200,163.133004,0.0,0.47171251716197843
-33.610754,164,163.228532,1.0,0.044457338599402714
-49.772155,200,163.343082,0.0,0.129654503141917
-3.800366,16,163.353082,1.0,0.04750872031508431
-32.590718,200,163.462562,0.0,0.12251054826694353
-17.630231,81,163.510144,1.0,0.04909938549926305
-54.237089,200,163.62165,0.0,0.2170714672994258
-23.908393,78,163.666647,1.0,0.04380452953647661
-12.817519,37,163.689163,1.0,0.045163395039745556
-44.117505,180,164.124221,1.0,0.04278048770160295
-14.476445,29,164.149221,1.0,0.042800720425640475
-63.962538,200,164.286537,0.0,0.20401481979657887
-0.0495,1,164.288536,1.0,0.03500573642127197
-31.044038,118,164.360662,1.0,0.04404289782812792
-72.363993,200,164.473188,0.0,0.31622124696443954
-12.402467,73,164.515734,1.0,0.04052947700546926
-44.359152,200,164.631236,0.0,0.05456269490490234
-4.910289,19,164.643205,1.0,0.02620126775651649
-1.762657,17,164.653206,1.0,0.04148241286399214
-13.144981,36,164.67521,1.0,0.04913889060792951
-44.616624,200,164.786731,0.0,0.21281509694678108
-31.071369,127,164.858192,1.0,0.046424947058174626
-56.842066,200,164.973711,0.0,0.18815402638444967
-27.074597,91,165.026219,1.0,0.0457352439684842
-8.017092,18,165.037867,1.0,0.04145811475498826
-4.781567,26,165.053869,1.0,0.048816123998242006
-23.377908,70,165.095349,1.0,0.04737034538682521
-20.228179,66,165.136343,1.0,0.04137948681193834
-36.265254,117,165.211884,1.0,0.045820186797784816
-33.166379,200,165.700232,0.0,0.2759090901135737
-34.549845,105,165.776818,1.0,0.043338710048040754
-32.04223,184,165.888839,1.0,0.048983353494107436
-57.314445,200,166.006346,0.0,0.21289541767697356
-23.409181,82,166.054343,1.0,0.04701422041004072
-20.964982,64,166.091871,1.0,0.04997719129038783
-14.413759,82,166.138871,1.0,0.04536124135163851
-9.943528,38,166.160871,1.0,0.04838305637731243
-18.897546,41,166.18388,1.0,0.0432440093645638
-21.758973,26,166.200301,1.0,0.03797034996389505
-38.886393,120,166.271909,1.0,0.049165974966262654
-45.997995,200,166.387474,0.0,0.1613626253398234
-4.718831,20,166.399992,1.0,0.04982496665660869
-7.877097,46,166.42699,1.0,0.04300691729943479
-13.148499,37,166.448989,1.0,0.04045863483214241
-19.156335,80,166.495531,1.0,0.04338365943355153
-90.881992,200,166.612051,0.0,0.30242402263755314
-32.763692,141,166.693521,1.0,0.0462411564729859
-26.200616,82,166.740525,1.0,0.04853001513601243
-24.662581,102,166.797042,1.0,0.04621353617479707
-13.723026,33,166.817065,1.0,0.04275847245884762
-18.85288,67,167.149928,1.0,0.04561961366383544
-17.49822,27,167.171923,1.0,0.03500291690472196
-26.764058,155,167.276437,1.0,0.04549465667054945
-12.779754,48,167.30952,1.0,0.04060718877554405
-42.497577,200,167.432112,0.0,0.08905068810049431
-0.05032,1,167.434117,1.0,0.036940503216416655
-4.348333,15,167.444117,1.0,0.0462499753571857
-3.862178,21,167.457127,1.0,0.04957242052236627
-47.391492,200,167.57364,0.0,0.17530479736484939
-11.896549,39,167.596774,1.0,0.04099396483662684
-28.429561,93,167.651773,1.0,0.049986782065344335
-0.132655,2,167.653776,1.0,0.015497919075378085
-13.272331,38,167.676805,1.0,0.04658976210686508
-70.498601,200,167.800066,0.0,0.2947739259214038
-21.076301,41,167.826067,1.0,0.040273055916683446
-10.63164,43,167.854067,1.0,0.04064717567712618
-29.106585,123,167.937472,1.0,0.037210535251564605
-10.468812,40,167.967511,1.0,0.04280628510741676
-11.529578,55,168.007991,1.0,0.04572398536139782
-5.083296,23,168.024988,1.0,0.04729578688808578
-4.435768,31,168.048991,1.0,0.04520336708299708
-40.833059,177,168.177136,1.0,0.03962396709507301
-35.310454,156,168.277067,1.0,0.0433298571223941
-51.144274,200,168.423781,0.0,0.07911900187151168
-12.673733,44,168.453377,1.0,0.03735063160824609
-55.142564,200,168.984649,0.0,0.3178593216515381
-16.209698,78,169.050159,1.0,0.042730101660763964
-1.895717,12,169.061159,1.0,0.04892122676334503
-25.649857,104,169.133686,1.0,0.045318224515480746
-23.338328,57,169.174685,1.0,0.046018755849403944
-31.286095,152,169.281208,1.0,0.03942999522832915
-14.686454,55,169.316716,1.0,0.041708620239541576
-16.450576,34,169.338714,1.0,0.04768714681072113
-0.031039,1,169.339717,1.0,0.020597023528091916
-36.129364,118,169.413267,1.0,0.049497571200942794
-9.700748,42,169.440236,1.0,0.04478219449554013
-33.832668,123,169.519762,1.0,0.04715951207162069
-17.399858,51,169.549759,1.0,0.04982676180140382
-49.072521,200,169.668437,0.0,0.2007399847312259
-10.616771,50,169.699967,1.0,0.04517475937157562
-22.427248,127,169.776972,1.0,0.035225949682599136
-15.488736,54,169.817527,1.0,0.04962545303392193
-62.318574,200,169.967621,0.0,0.20974521299988055
-24.477472,64,170.01014,1.0,0.04898655259502935
-51.406681,200,170.13659,0.0,0.20292103208171972
-24.973638,83,170.1911,1.0,0.047791450077048624
-14.344859,49,170.225106,1.0,0.04702324284528675
-63.700888,200,170.750959,0.0,0.29957304500365617
-11.100188,27,170.774961,1.0,0.0412850168717508
-15.198942,26,170.803476,1.0,0.04222575524520005
-35.570671,200,170.974023,0.0,0.06746719036558134
-53.256184,200,171.120403,0.0,0.13454772536939089
-9.113693,29,171.139626,1.0,0.04814073161697035
-39.867938,200,171.269635,0.0,0.13107805422332197
-7.480635,17,171.282289,1.0,0.024750324083247344
-51.600837,200,171.406334,0.0,0.33374987752785823
-60.244721,200,171.522868,0.0,0.1582921342324217
-18.591845,53,171.554867,1.0,0.04719642052997722
-63.32037,200,171.672371,0.0,0.27589358923187074
-18.074591,64,171.711918,1.0,0.048412875179202466
-29.851508,73,171.757918,1.0,0.04911330322542946
-7.070229,30,171.777925,1.0,0.03211890980290821
-17.456106,66,171.823168,1.0,0.04166059830491861
-18.08102,52,171.856169,1.0,0.047592268749304986
-8.849539,40,171.882175,1.0,0.03976615670087605
-62.66492,200,172.0092,0.0,0.36853741459399597
-77.828187,200,172.526204,0.0,0.27583246262754957
-1.135005,6,172.532203,1.0,0.039862628939326045
-17.701222,66,172.577204,1.0,0.04158878238027882
-32.820503,159,172.676726,1.0,0.043345467486253925
-2.011222,15,172.686733,1.0,0.043648410202966684
-21.386546,54,172.721251,1.0,0.047426263562179494
-0.281242,3,172.723251,1.0,0.02415323172844085
-44.383736,200,172.844794,0.0,0.10134343731325776
-17.098626,73,172.889782,1.0,0.049526478021071955
-10.062533,47,172.916297,1.0,0.04574732804768335
-0.404344,4,172.919304,1.0,0.04785809591664166
-20.99641,70,172.958325,1.0,0.04980254469145167
-28.106899,107,173.018831,1.0,0.043400044631799674
-38.384166,200,173.135352,0.0,0.2456052088080222
-0.649943,7,173.141352,1.0,0.04518691180446664
-59.083564,200,173.258816,0.0,0.23645962635507406
-47.698079,200,173.38205,0.0,0.31282811311912784
-57.034005,200,173.52408,0.0,0.09993877796805163
-39.617911,200,173.659601,0.0,0.18542987708958128
-49.343288,200,174.196624,0.0,0.15784745958275165
-41.505612,200,174.335135,0.0,0.27819442387541826
-9.614046,42,174.36014,1.0,0.048143275460867156
-22.891193,60,174.393144,1.0,0.0424953494296381
-20.028884,28,174.41061,1.0,0.04664824275696217
-50.237428,200,174.534168,0.0,0.2932088715876606
-22.617375,66,174.575264,1.0,0.04694795035945484
-8.064546,22,174.589258,1.0,0.0397981427116103
-42.165475,200,174.696308,0.0,0.16109677562355904
-11.561179,57,174.727297,1.0,0.04639570378344015
-62.856751,200,174.844388,0.0,0.11368906899866829
-4.768582,42,174.872389,1.0,0.041561357426620114
-16.344136,117,174.957428,1.0,0.04945886717921277
-0.041987,1,174.959428,1.0,0.029354119063314314
-21.57582,120,175.036947,1.0,0.04453633915285025
-21.620548,79,175.082968,1.0,0.0399611031994695
-46.196266,200,175.20495,0.0,0.1456834612320317
-6.473017,26,175.21995,1.0,0.04272001793930455
-14.898587,53,175.249959,1.0,0.049227815630817115
-14.915468,33,175.26995,1.0,0.04302115335852111
-17.746329,38,175.290955,1.0,0.049682614518215776
-29.15756,72,175.331469,1.0,0.04949693322211973
-21.615192,106,175.748634,1.0,0.045729466143148566
-24.469876,69,175.809984,1.0,0.04591355663286946
-6.211557,31,175.837982,1.0,0.04791217862643202
-13.163801,39,175.870982,1.0,0.048300533725267825
-31.181551,126,175.960689,1.0,0.04828237155911352
-1.588747,9,175.96669,1.0,0.043258387371472605
-18.115196,41,175.992695,1.0,0.04970326729271583
-0.127228,2,175.9942,1.0,0.03154466522068857
-21.709793,126,176.072207,1.0,0.04520213813382471
-8.028239,31,176.092215,1.0,0.04544308967920149
-21.59544,82,176.144731,1.0,0.04607940751184033
-27.664961,154,176.244269,1.0,0.0419144366853409
-67.244945,200,176.37546,0.0,0.19205083969630915
-15.867435,53,176.417972,1.0,0.04344804252191871
-0.458834,4,176.42097,1.0,0.024178516802600778
-31.498146,167,176.547137,1.0,0.044261742650861836
-38.684013,200,176.673331,0.0,0.13804379909667971
-1.148969,6,176.678328,1.0,0.04911495162847679
-21.954647,112,176.746842,1.0,0.041415166677425744
-6.614084,39,176.769842,1.0,0.04132515721170741
-9.623504,48,176.800366,1.0,0.04850568082667597
-2.548404,15,176.809366,1.0,0.04582903381517603
-56.412524,200,176.946877,0.0,0.28514759981130944
-16.335955,58,176.984904,1.0,0.048370198400934046
-40.356618,200,177.439483,0.0,0.2034152904946875
-22.426509,87,177.504994,1.0,0.04684541027628091
-45.157979,200,177.656506,0.0,0.18525410498237513
-49.396788,200,177.76476,0.0,0.10458708079072611
-63.794111,200,177.897163,0.0,0.23110885906914558
-7.042387,21,177.918163,1.0,0.048369242235056266
-25.942217,95,177.985167,1.0,0.04305800008135196
-11.38131,48,178.012709,1.0,0.049573131595861956
-18.782561,70,178.052709,1.0,0.0491226017564364
-7.557744,67,178.089716,1.0,0.0411367991154961
-8.488138,42,178.11325,1.0,0.046804581331407816
-18.925781,165,178.210354,1.0,0.0496388666796823
-13.612137,39,178.232355,1.0,0.04156438451500729
-43.465559,200,178.345905,0.0,0.1226805437904718
-29.930256,130,178.419422,1.0,0.04552479009026772
-5.774178,45,178.446423,1.0,0.04320503419845276
-29.416679,108,178.504938,1.0,0.04918297144603727
-66.435202,200,178.616997,0.0,0.3449514530121505
-8.992261,25,178.630994,1.0,0.04777158190179437
-36.680557,200,179.119657,0.0,0.2019767941245943
-14.346922,33,179.150659,1.0,0.049175589296075406
-4.948837,29,179.176512,1.0,0.037185941588767965
-41.617287,200,179.312737,0.0,0.23126399624183128
-41.753824,200,179.42858,0.0,0.24010450159225136
-17.686023,46,179.455583,1.0,0.037448850683122356
-21.775026,107,179.514093,1.0,0.040885254280712977
-22.805744,69,179.552094,1.0,0.041515348879784066
-19.169717,50,179.581101,1.0,0.04771087738571218
-48.539511,200,179.695647,0.0,0.1548564392805671
-47.343263,200,179.801679,0.0,0.3545646669328304
-21.614293,71,179.84168,1.0,0.04909015162347558
-16.782756,43,179.868683,1.0,0.045947094129839654
-11.184563,41,179.89169,1.0,0.04700953377545524
-55.926777,200,180.007725,0.0,0.17591192946207326
-18.008734,84,180.052725,1.0,0.04848455409366604
-14.738724,55,180.085498,1.0,0.049020736136595223
-9.370435,43,180.109055,1.0,0.04913685501863962
-22.764733,114,180.171012,1.0,0.04450471539483675
-11.835635,43,180.196023,1.0,0.04986885173134575
-44.514151,200,180.643602,0.0,0.14012777363819542
-18.166091,66,180.697125,1.0,0.045077705437740645
-19.530136,47,180.735125,1.0,0.042708229241620675
-19.591383,66,180.787134,1.0,0.04358362804879423
-9.400142,48,180.823223,1.0,0.04675372784662383
-11.539479,39,180.847223,1.0,0.047275453844104316
-69.9289,200,180.964739,0.0,0.3736035230402125
-2.86188,15,180.97474,1.0,0.035259233256573284
-7.304215,33,180.992747,1.0,0.04817849871724352
-17.386169,112,181.056263,1.0,0.04473180776875053
-3.907837,32,181.076263,1.0,0.04401044738556971
-27.343523,63,181.117276,1.0,0.04586106281391888
-3.225856,24,181.131276,1.0,0.047804418344046
-14.654893,50,181.161278,1.0,0.04732726707021741
-38.766621,200,181.268874,0.0,0.13264230480686087
-7.275379,49,181.294883,1.0,0.03426687135518739
-37.891979,200,181.406941,0.0,0.07029861097404212
-18.031239,36,181.429939,1.0,0.04469212089176867
-87.058003,200,181.54849,0.0,0.42496256354170153
-72.729023,200,181.68303,0.0,0.31575103965721424
-1.117172,6,181.688027,1.0,0.04098329799447199
-3.279788,17,181.700541,1.0,0.03423624672379844
-36.96685,151,181.796547,1.0,0.04027745891433596
-16.905725,48,181.828783,1.0,0.038327976878522595
-13.186377,45,181.864783,1.0,0.049732259858591726
-73.658853,200,182.403965,0.0,0.29359790618368803
-5.835536,19,182.421967,1.0,0.04730655972306769
-63.099218,200,182.550002,0.0,0.27600231556067495
-44.209016,200,182.662141,0.0,0.14917293346153182
-19.485419,104,182.720671,1.0,0.04975694563606708
-54.032909,200,182.828196,0.0,0.2182876432398873
-54.387497,200,182.944312,0.0,0.2308199728328965
-20.162744,41,182.968294,1.0,0.046653671936441175
-12.512068,30,182.987307,1.0,0.03555695114682191
-26.226067,51,183.018363,1.0,0.048929735070388225
-54.961359,200,183.126778,0.0,0.32604872622623066
-22.990546,79,183.170778,1.0,0.049455106295925005
-55.828764,200,183.279346,0.0,0.2651224110022922
-21.477265,53,183.308876,1.0,0.04437345520510587
-52.494759,200,183.41638,0.0,0.21870370577413545
-17.127005,57,183.446401,1.0,0.04720023003580225
-45.275462,200,183.923761,0.0,0.18013290923847933
-10.524495,39,183.953764,1.0,0.049007488464429524
-58.671788,200,184.078277,0.0,0.205569285551014
-45.699752,200,184.192013,0.0,0.2755129003538783
-14.709558,34,184.213531,1.0,0.04881923481073316
-50.364953,200,184.337093,0.0,0.180041273034978
-13.354444,53,184.371073,1.0,0.04235259560646084
-1.311575,9,184.377073,1.0,0.03461293588908169
-11.201901,27,184.395081,1.0,0.035858680029194255
-22.679263,68,184.439563,1.0,0.04711001306894674
-10.312094,37,184.462538,1.0,0.04515411880136237
-40.728955,200,184.591644,0.0,0.2055955414728245
-19.847815,66,184.641156,1.0,0.04989558016279136
-17.327741,46,184.670886,1.0,0.04955894932215449
-17.452548,60,184.704634,1.0,0.047871942369212654
-4.414297,14,184.712637,1.0,0.039430547111009774
-47.216971,200,184.823332,0.0,0.1365454394723056
-1.040455,6,184.827351,1.0,0.0405446962693442
-4.259079,29,184.84333,1.0,0.0482064303839694
-45.339731,200,184.962797,0.0,0.11924181363610946
-17.985472,40,184.9968,1.0,0.04863737779279346
-41.606865,200,185.4012,0.0,0.1169973190410183
-34.581747,167,185.530264,1.0,0.04678144106868849
-6.644712,32,185.554266,1.0,0.046402766144308535
-36.384451,200,185.665779,0.0,0.09740194840207127
-7.891888,38,185.687784,1.0,0.03175211952202375
-6.959253,21,185.699331,1.0,0.043161366640195764
-18.911317,106,185.7583,1.0,0.0470965682228524
-15.171675,64,185.793311,1.0,0.04850810362962625
-58.37823,200,185.900774,0.0,0.3073506645218277
-25.311807,106,185.959772,1.0,0.04793540961943869
-29.323016,136,186.034327,1.0,0.04861396193580595
-7.257515,26,186.050328,1.0,0.02935300030859033
-14.675464,46,186.077353,1.0,0.045092990171915655
-26.600748,102,186.131896,1.0,0.047159657746486325
-6.572491,29,186.147869,1.0,0.03662433608719026
-13.369759,68,186.18587,1.0,0.04839949336773723
-2.751368,15,186.193871,1.0,0.03361938119380156
-21.928048,66,186.229381,1.0,0.0366675917406645
-19.615378,62,186.265419,1.0,0.048665758976104305
-15.932749,83,186.310857,1.0,0.04641590254025232
-87.767082,200,186.417365,0.0,0.38371909923743974
-70.808525,200,186.528882,0.0,0.2878947200793656
-17.665112,84,186.901757,1.0,0.03860020317446767
-45.384792,200,187.061269,0.0,0.0944544669728568
-13.940572,68,187.106796,1.0,0.04725943885424626
-19.632888,105,187.173693,1.0,0.042511380907777285
-10.992502,34,187.196699,1.0,0.03519810972665393
-4.646785,24,187.21421,1.0,0.04117897757848469
-12.946168,54,187.256211,1.0,0.04897362580801027
-9.386396,24,187.275213,1.0,0.04581026176397029
-14.258918,86,187.339746,1.0,0.04799177008672948
-45.265517,200,187.451529,0.0,0.1862738848891656
-34.596055,200,187.56457,0.0,0.15080553578015404
-6.877679,20,187.577571,1.0,0.03584119507352908
-15.363851,51,187.605127,1.0,0.04812234396194534
-14.538832,70,187.64313,1.0,0.04906912974249882
-6.836862,24,187.657128,1.0,0.043679349380274436
-52.800929,200,187.767598,0.0,0.14350171360457337
-60.075226,200,187.878183,0.0,0.21709037295148212
-63.909791,200,187.98568,0.0,0.2744253076553994
-1.440968,8,187.991662,1.0,0.03380595430229405
-43.956058,200,188.102751,0.0,0.14304869132562975
-14.907551,41,188.44669,1.0,0.04793078869926909
-0.418231,3,188.449688,1.0,0.04891296490819092
-1.614229,10,188.458688,1.0,0.04037579760992552
-12.680831,31,188.483688,1.0,0.04327418690344714
-19.229532,67,188.537205,1.0,0.03987364381634055
-44.345623,200,188.675714,0.0,0.13135339059878243
-10.003532,44,188.700956,1.0,0.042239644474745534
-4.877888,31,188.728241,1.0,0.04525008593752725
-7.136411,34,188.747241,1.0,0.047092378398518604
-7.910985,25,188.761246,1.0,0.03778876554490966
-39.598593,200,188.870771,0.0,0.1422910051097172
-6.876773,31,188.88878,1.0,0.04777500353801464
-18.270039,34,188.906285,1.0,0.03271617723613436
-8.425964,31,188.923285,1.0,0.048405193251618135
-35.780427,200,189.039839,0.0,0.07415207579236956
-11.520252,32,189.058827,1.0,0.040493255467811365
-11.474532,31,189.075817,1.0,0.04477345312553076
-4.721345,40,189.097822,1.0,0.04501281593885821
-6.524943,33,189.115333,1.0,0.041908414660665486
-13.742651,41,189.138333,1.0,0.04861168523515432
-42.750998,200,189.247859,0.0,0.17507109873154245
-15.090648,78,189.292756,1.0,0.04920828238058241
-9.928933,45,189.318287,1.0,0.04668819077414391
-44.738682,198,189.422868,1.0,0.04570660956668061
-21.891143,89,189.472868,1.0,0.04494922833323929
-19.75755,86,189.522385,1.0,0.047637535737757274
-13.381992,43,189.549706,1.0,0.049077647860179326
-1.810484,18,189.560709,1.0,0.04490848525705962
-39.728296,200,190.037179,0.0,0.18771121577426747
-15.557588,25,190.05947,1.0,0.02650902754226839
-38.989469,200,190.210865,0.0,0.14455652041676995
-14.669441,57,190.24445,1.0,0.04946676607766662
-47.131733,200,190.356001,0.0,0.21059800145385343
-56.549844,200,190.463521,0.0,0.15677498010770377
-6.667263,28,190.479527,1.0,0.04185399954831153
-53.430542,200,190.599045,0.0,0.2029647458005486
-51.562604,200,190.708012,0.0,0.2579485199647869
-0.381616,3,190.710012,1.0,0.025413188944305946
-16.65247,61,190.744009,1.0,0.043372508812599325
-1.470433,9,190.749012,1.0,0.048910613498758033
-17.120134,50,190.777009,1.0,0.04693102833430226
-54.911596,200,190.889556,0.0,0.3070829877649614
-5.969181,17,190.899556,1.0,0.0499832743530348
-45.6424,200,191.0126,0.0,0.10445735882127741
-7.262108,38,191.0346,1.0,0.045404553149786725
-40.143519,200,191.148697,0.0,0.08666789432397042
-3.181395,16,191.158695,1.0,0.04680249206820435
-10.841364,57,191.192717,1.0,0.04568166474830381
-50.021792,200,191.654081,0.0,0.18090250551210713
-10.106745,44,191.687083,1.0,0.04317128573941161
-19.654558,69,191.733592,1.0,0.045450800393358075
-60.670084,200,191.853125,0.0,0.25236575263670974
-1.777854,8,191.85912,1.0,0.0369638090715388
-36.63998,200,191.97565,0.0,0.16826631091485755
-0.244039,3,191.97765,1.0,0.02531767339797189
-69.11389,200,192.091165,0.0,0.2572641478025945
-23.407658,62,192.127684,1.0,0.04979101595326256
-34.943842,200,192.240985,0.0,0.1340144366787725
-44.260309,200,192.363485,0.0,0.11575581001805624
-51.986955,200,192.488034,0.0,0.1553632283605433
-20.275561,42,192.516121,1.0,0.04256698218117183
-27.071927,154,192.614639,1.0,0.04143437988979495
-21.030202,108,192.699653,1.0,0.048099972107624706
-4.850063,18,192.716169,1.0,0.04551128712952775
-28.778994,200,193.180252,0.0,0.06660843102245535
-27.18022,132,193.284768,1.0,0.045020970420382674
-15.176827,82,193.349279,1.0,0.046858777396535344
-6.823699,20,193.36428,1.0,0.04843788855399657
-8.172082,49,193.396305,1.0,0.04044253125333882
-83.660167,200,193.504249,0.0,0.39206473624759
-14.968633,75,193.546246,1.0,0.04458505724001124
-0.053424,1,193.547249,1.0,0.03777851617468319
-65.334856,200,193.666775,0.0,0.28748103720115964
-2.83674,15,193.679775,1.0,0.0462367268268917
-15.048464,71,193.721302,1.0,0.04427008189133937
-8.024764,21,193.7343,1.0,0.045333717302402765
-31.231223,107,193.792336,1.0,0.04129419765361091
-50.331222,200,193.902383,0.0,0.17529236271258644
-15.536461,73,193.945389,1.0,0.042180295871879284
-16.327522,39,193.96839,1.0,0.047526190334399185
-0.057412,1,193.969392,1.0,0.0441702487856032
-5.726593,31,193.98739,1.0,0.04933111143095696
-46.829739,200,194.10842,0.0,0.17589143259737222
-8.984591,23,194.123421,1.0,0.019679314463511552
-23.082753,58,194.156422,1.0,0.049124307162841156
-45.040936,200,194.269012,0.0,0.24728275207452155
-20.161916,55,194.299015,1.0,0.04963475498293396
-24.872243,108,194.358532,1.0,0.04608103660652259
-5.871307,52,194.388565,1.0,0.04946509814883221
-15.724247,39,194.746605,1.0,0.04918123856310379
-32.014979,161,194.86312,1.0,0.041517322432522596
-66.51802,200,195.017162,0.0,0.24949977306804152
-21.543462,57,195.056161,1.0,0.04078668665314894
-20.039396,116,195.132723,1.0,0.04569190405416018
-10.815176,27,195.15172,1.0,0.047191184529851944
-38.97589,200,195.282263,0.0,0.07389928717740293
-12.037681,32,195.308765,1.0,0.04369837880062008
-70.78952,200,195.458835,0.0,0.26212661176568197
-11.395052,49,195.489262,1.0,0.027035549217291104
-11.8621,49,195.51682,1.0,0.04233570660214272
-19.944326,52,195.547822,1.0,0.0434121520328925
-47.573689,200,195.670604,0.0,0.13413498355017528
-35.512431,200,195.782184,0.0,0.19942534971438236
-5.183023,33,195.800158,1.0,0.045948046299679385
-7.300377,33,195.818685,1.0,0.048392528880684474
-51.115538,200,195.927219,0.0,0.22881308676109152
-2.427705,19,195.939219,1.0,0.04836466593540956
-12.637155,55,195.970277,1.0,0.038805446612267654
-8.664727,36,195.99029,1.0,0.04075115733987065
-48.718317,200,196.435361,0.0,0.12224988381866334
-9.506472,45,196.475358,1.0,0.03830499237661784
-21.164359,57,196.520879,1.0,0.04531350999155509
-34.64956,200,196.649394,0.0,0.15528054302022784
-10.566669,25,196.665395,1.0,0.03307147633560475
-14.429975,29,196.683392,1.0,0.043572687382486784
-18.166949,48,196.714914,1.0,0.04877748462332664
-11.027959,85,196.763913,1.0,0.045969966074253174
-44.119355,200,196.876433,0.0,0.14196293717491268
-13.244934,47,196.904655,1.0,0.045818144411205616
-16.85874,62,196.94365,1.0,0.049326872215243095
-18.804253,103,197.009166,1.0,0.047166812482532544
-80.837935,200,197.118627,0.0,0.3790296286294272
-45.640541,200,197.233153,0.0,0.27472010830271915
-0.057918,1,197.235151,1.0,0.041027928557033896
-52.470347,200,197.347695,0.0,0.12905579117861798
-42.652001,200,197.460201,0.0,0.15772145746974203
-41.331857,200,197.572721,0.0,0.09612062215060632
-9.402957,20,197.583721,1.0,0.034653338848315736
-29.131303,122,198.009296,1.0,0.04688629390442406
-32.045777,200,198.169809,0.0,0.228571709768796
-59.937853,200,198.285074,0.0,0.2519010386527835
-32.326586,144,198.374157,1.0,0.04320760145503085
-10.625618,60,198.410691,1.0,0.04900057053386961
-10.603241,48,198.439673,1.0,0.03961768609850987
-56.194189,200,198.562849,0.0,0.18980862478167243
-11.476785,59,198.594854,1.0,0.041491246606460926
-6.468968,38,198.61637,1.0,0.040540583922376895
-16.044319,39,198.638371,1.0,0.04965733197534055
-55.569425,200,198.762917,0.0,0.18346029369722014
-12.488288,31,198.780916,1.0,0.0475800827158657
-49.939137,200,198.899442,0.0,0.19784351645761705
-44.354385,200,199.012474,0.0,0.13751177952366778
-7.690853,43,199.037472,1.0,0.04817559822466813
-41.200663,200,199.147997,0.0,0.20670890349787324
-10.314373,29,199.164997,1.0,0.049174894470185894
-37.481368,200,199.650284,0.0,0.1050608961300525
-46.338886,200,199.789803,0.0,0.19747404902469573
-17.650685,41,199.813316,1.0,0.030598984307881785
-3.367525,13,199.821315,1.0,0.04234750581706644
-13.857535,76,199.863314,1.0,0.04511458279996479
-36.199307,200,199.982459,0.0,0.13387273223970106
-12.345674,29,200.004466,1.0,0.04704394863406097
-5.93917,27,200.024285,1.0,0.04769256698305904
-49.74575,200,200.173509,0.0,0.1419344450724158
-67.13927,200,200.314554,0.0,0.3623548819037384
-7.213625,20,200.338536,1.0,0.047439761324974704
-0.221549,3,200.343537,1.0,0.045225006777438854
-10.643392,50,200.433061,1.0,0.04971776227499378
-11.443156,33,200.47206,1.0,0.049666115227443984
-20.996708,44,200.514583,1.0,0.037993222440806114
-44.326687,200,201.040222,0.0,0.09147092963351582
-59.505837,200,201.504728,0.0,0.27532231000815516
-5.494373,38,201.573476,1.0,0.04564781942134217
-4.843459,31,201.618999,1.0,0.043687390344973584
-13.513399,45,201.681669,1.0,0.04447088154768969
-63.16208,200,201.95903,0.0,0.27997776400721114
-15.427072,75,202.058562,1.0,0.04644208896169023
-27.069903,146,202.756504,1.0,0.04627329147965275
-39.051315,200,202.956543,0.0,0.20283739532208628
-6.731457,37,202.996552,1.0,0.042756425888926586
-66.86162,200,203.174215,0.0,0.24152139677321757
-9.231437,48,203.220405,1.0,0.042415375153383374
-5.904411,31,203.245409,1.0,0.042282927212141344
-19.200946,66,203.309462,1.0,0.04466631182181158
-7.077642,26,203.331454,1.0,0.040515455268983994
-46.378403,200,203.519468,0.0,0.24514293482260077
-6.865388,40,203.561185,1.0,0.049758782880311755
-83.153147,200,203.795247,0.0,0.4650876766916968
-31.740916,200,204.028806,0.0,0.1794033002118448
-58.624241,200,204.20014,0.0,0.24069359995681947
-7.738848,51,204.244654,1.0,0.041703530303009315
-24.027441,155,204.377561,1.0,0.040744858489586686
-13.576688,31,204.399572,1.0,0.04414561384496011
-4.239034,33,204.422691,1.0,0.04781043127510629
-4.837732,26,204.442685,1.0,0.041072116856656356
-7.397694,27,204.467687,1.0,0.04735406993627922
-17.509184,56,204.520816,1.0,0.043186086246486954
-20.362936,119,204.978874,1.0,0.04803923919100176
-45.571767,200,205.136349,0.0,0.23709961529561244
-12.448979,27,205.157348,1.0,0.041821229640387564
-9.723493,52,205.186349,1.0,0.048719524063064894
-13.944945,43,205.224398,1.0,0.043670818194340766
-4.695358,29,205.248394,1.0,0.046810582118222914
-55.748621,200,205.389918,0.0,0.1615953820846691
-44.320058,200,205.525475,0.0,0.24052733271837612
-8.345742,44,205.553477,1.0,0.045453173873921004
-9.464259,61,205.590477,1.0,0.04830201983260383
-13.120707,52,205.634005,1.0,0.04512334813052984
-50.923134,200,205.821006,0.0,0.1906381691856243
-69.540292,200,206.015636,0.0,0.2984817661782591
-33.993457,200,206.225197,0.0,0.126499650691091
-71.623159,200,206.435794,0.0,0.320402852926938
-33.200125,200,206.612535,0.0,0.10929840050939488
-0.507051,4,206.617535,1.0,0.045405010177561246
-35.465344,177,207.237809,1.0,0.047457030205452916
-13.073539,47,207.272357,1.0,0.04997946800362895
-8.58044,56,207.313879,1.0,0.04893752876576897
-11.879487,52,207.35745,1.0,0.04673336519736074
-26.757031,120,207.437961,1.0,0.04451835864575868
-65.557279,200,207.556054,0.0,0.29546804615550576
-3.15814,21,207.56808,1.0,0.04640334117218011
-5.86516,32,207.587057,1.0,0.043918699189520724
-20.158548,55,207.619546,1.0,0.04748378216859841
-9.576547,32,207.63753,1.0,0.04041459849123389
-9.577573,84,207.686531,1.0,0.044224210165952266
-45.660264,200,207.801397,0.0,0.22157744491203749
-30.991112,166,207.895921,1.0,0.04265997679332413
-14.082914,40,207.919163,1.0,0.04564253604025695
-59.680875,200,208.033675,0.0,0.19000289725183858
-13.737653,42,208.058677,1.0,0.04838047922614828
-10.469847,78,208.10168,1.0,0.046335435236711804
-9.981189,53,208.133238,1.0,0.04618734943442636
-37.780155,200,208.248317,0.0,0.12551142355148528
-6.669635,32,208.267317,1.0,0.046958738640220314
-7.795443,32,208.28532,1.0,0.03825904606171086
-25.708126,158,208.375844,1.0,0.04960726352326831
-8.350976,27,208.390844,1.0,0.04466879085429321
-12.676147,58,208.748523,1.0,0.04909553004488584
-43.680161,200,208.905014,0.0,0.1463674019123368
-9.361468,28,208.926525,1.0,0.04337127559481139
-13.581739,29,208.944523,1.0,0.046786925772887615
-14.753925,81,208.992526,1.0,0.04786678226199513
-74.887012,200,209.111557,0.0,0.41245489625828247
-0.466752,3,209.114555,1.0,0.04842435172805458
-14.294514,66,209.15156,1.0,0.043014233904084535
-7.54999,20,209.163558,1.0,0.03857204844426271
-13.875095,56,209.196588,1.0,0.0463267737857351
-85.1113,200,209.316597,0.0,0.4350803816991512
-17.716725,117,209.3906,1.0,0.042632178179562066
-11.80596,43,209.423767,1.0,0.03937635782558288
-46.016903,200,209.555327,0.0,0.17888511051369985
-13.398882,42,209.584324,1.0,0.0477354151044693
-39.045972,200,209.706858,0.0,0.1654163196886551
-76.940683,200,209.857505,0.0,0.3056299907716435
-26.105776,116,209.931519,1.0,0.04925276172905695
-40.664436,200,210.053092,0.0,0.24448699564429965
-16.322934,24,210.067092,1.0,0.02879798813944281
-11.788059,40,210.425444,1.0,0.04989005948731731
-35.918066,200,210.58654,0.0,0.15779224470621236
-33.159451,200,210.716266,0.0,0.17370165830782444
-29.987028,200,210.83379,0.0,0.13481158244295013
-47.634954,200,210.951046,0.0,0.1597141466186065
-1.579325,9,210.957044,1.0,0.04914534101537692
-58.242467,200,211.07711,0.0,0.24475016593281707
-5.728055,33,211.096134,1.0,0.04938918388919616
-56.007206,200,211.208269,0.0,0.19750449309306103
-10.343511,59,211.240768,1.0,0.04724856133541827
-4.112321,45,211.265755,1.0,0.048584711199796744
-75.045221,200,211.374517,0.0,0.3413914898407133
-9.588102,40,211.397522,1.0,0.042910982530039304
-13.544203,42,211.420032,1.0,0.03827058777313854
-7.169285,35,211.441032,1.0,0.04477298523154865
-8.436175,41,211.467032,1.0,0.04841679388184198
-9.355493,29,211.483032,1.0,0.03839614013472134
-14.621036,40,211.50504,1.0,0.043969580423012085
-3.141837,16,211.514563,1.0,0.04920165327909604
-4.697428,33,211.536556,1.0,0.04881630305167968
-4.353389,19,211.548554,1.0,0.04143279031351492
-57.319956,200,211.977771,0.0,0.17940448679879936
-41.774647,200,212.140652,0.0,0.25154679212318587
-19.850813,59,212.182652,1.0,0.04890935600013656
-8.917426,60,212.221768,1.0,0.04464331655450327
-9.744571,27,212.240768,1.0,0.03631515415520369
-15.113263,54,212.276768,1.0,0.04877105748723463
-48.691551,200,212.405885,0.0,0.1502317528966879
-16.395568,77,212.457916,1.0,0.04344559984344428
-15.109049,61,212.50189,1.0,0.04517834111449108
-0.279596,3,212.50489,1.0,0.04646056856873951
-5.391325,21,212.522402,1.0,0.03794666465689471
-28.987872,183,212.639421,1.0,0.04909409015046354
-26.453856,104,212.697027,1.0,0.04884025160989537
-30.895506,189,212.807132,1.0,0.04946620422238838
-14.460699,39,212.828643,1.0,0.04833262319109049
-37.839788,200,212.9402,0.0,0.11914544986329953
-83.091367,200,213.055664,0.0,0.35615500895445973
-35.625848,200,213.170183,0.0,0.18795970895792743
-22.02763,63,213.204211,1.0,0.04318064120008675
-5.907149,24,213.218714,1.0,0.04369908127301954
-14.44595,36,213.238715,1.0,0.04538649099795849
-16.797479,50,213.600252,1.0,0.03572119189867241
-4.480989,15,213.612758,1.0,0.03628687783528754
-51.145034,200,213.765268,0.0,0.14812759263322553
-13.673627,30,213.786269,1.0,0.0459002834937976
-0.057682,1,213.787267,1.0,0.04630001599152086
-16.753763,42,213.811274,1.0,0.04520557069138455
-55.659272,200,213.922993,0.0,0.2753177307011255
-10.607063,34,213.941994,1.0,0.03890889025648826
-69.547624,200,214.051565,0.0,0.20618308207770378
-41.292478,200,214.163973,0.0,0.11881416679318296
-44.762581,200,214.273508,0.0,0.12193311410854443
-2.779803,17,214.282531,1.0,0.041605033067666296
-28.066965,103,214.340033,1.0,0.049505019019753196
-40.295199,200,214.449558,0.0,0.1777984475708842
-6.66352,38,214.470556,1.0,0.047140950459381124
-5.890352,34,214.490559,1.0,0.04542419689002708
-35.250306,200,214.606084,0.0,0.13998944030562124
-56.062483,200,214.714141,0.0,0.2379049644745897
-17.73407,49,214.742143,1.0,0.04087213272019274
-17.4659,95,215.15594,1.0,0.04511911589074114
-8.277147,24,215.176941,1.0,0.044527996182977425
-54.212529,200,215.337311,0.0,0.2917514383079613
-16.011751,59,215.372312,1.0,0.04984516503062535
-2.996322,16,215.381315,1.0,0.04650673946220501
-47.52443,200,215.493023,0.0,0.12244612382635692
-11.923337,28,215.508028,1.0,0.04502123423209406
-14.345698,53,215.539539,1.0,0.04517522550880015
-58.273287,200,215.658097,0.0,0.19168610204814107
-19.374581,77,215.701252,1.0,0.047045850341926466
-0.559629,4,215.704245,1.0,0.02304614887365137
-20.103212,54,215.734759,1.0,0.04687679870289889
-54.897608,200,215.840329,0.0,0.22388141108697804
-39.364685,200,215.949848,0.0,0.19140309223111526
-10.924485,35,215.970028,1.0,0.04933499257508985
-21.148285,89,216.022094,1.0,0.043329702445259306
-5.275542,22,216.034096,1.0,0.04774592546894227
-25.33148,92,216.086094,1.0,0.04720650561108166
-5.92694,29,216.103102,1.0,0.049738930868761466
-35.899763,200,216.211621,0.0,0.11820722098713657
-8.880741,40,216.235133,1.0,0.04999192443383034
-0.704557,8,216.240133,1.0,0.04636653648082993
-61.493983,200,216.717749,0.0,0.2291811037305173
-17.760067,57,216.766747,1.0,0.04836630400416638
-22.455019,104,216.845703,1.0,0.04821062696821414
-14.197126,86,216.910708,1.0,0.04011430354427811
-0.019966,1,216.911709,1.0,0.0072583548742473246
-6.561259,30,216.930219,1.0,0.04381561713984132
-14.007684,97,216.988221,1.0,0.04232399383731968
-4.932589,37,217.010227,1.0,0.044114633564641535
-9.120459,31,217.027702,1.0,0.03663011570916975
-12.182138,42,217.0517,1.0,0.04611376164508191
-1.46796,16,217.060698,1.0,0.04148635102653739
-11.501784,21,217.072699,1.0,0.044693814398244505
-10.495981,48,217.10075,1.0,0.04266085329845715
-2.648073,21,217.113251,1.0,0.04432598787152607
-23.222183,124,217.180257,1.0,0.04678987901043391
-60.571235,200,217.291782,0.0,0.17768427765228292
-53.122805,200,217.406483,0.0,0.20545710161722217
-63.588927,200,217.519504,0.0,0.25223127515089755
-12.370451,28,217.537508,1.0,0.04932090186527478
-43.038371,200,217.667022,0.0,0.2573453853586861
-11.500094,48,217.698031,1.0,0.03357870702841181
-55.668996,200,217.825088,0.0,0.22485324194656436
-26.453007,151,217.938323,1.0,0.043885911924258655
-7.835373,36,217.967323,1.0,0.04817039296305017
-21.027382,103,218.373634,1.0,0.048683393437994944
-46.802656,200,218.521677,0.0,0.177538445427108
-46.681561,200,218.637206,0.0,0.10660632163973084
-43.05247,200,218.749598,0.0,0.1270190440921225
-0.128522,2,218.750598,1.0,0.04627560582139023
-6.410491,26,218.766598,1.0,0.04986566563020632
-15.886849,87,218.815117,1.0,0.04777877063499836
-16.887629,43,218.839123,1.0,0.04869764551665553
-40.980364,192,218.943972,1.0,0.04442698210259289
-16.977029,84,218.989413,1.0,0.04565537546123974
-19.709465,92,219.039931,1.0,0.0444895972750862
-11.707237,59,219.071929,1.0,0.04974855192110853
-21.557208,115,219.136444,1.0,0.04446679928195967
-4.975921,19,219.146444,1.0,0.04528357190700182
-48.543888,200,219.254965,0.0,0.16295895038279562
-37.368332,200,219.372008,0.0,0.15860786680469974
-44.193366,200,219.494526,0.0,0.1441065295728174
-43.636947,200,219.976085,0.0,0.15789583770231397
-14.861295,62,220.025608,1.0,0.03322136993420306
-31.612991,127,220.113618,1.0,0.03667262529156345
-5.300197,29,220.129132,1.0,0.04611424701886436
-20.289313,94,220.186134,1.0,0.04984989025226513
-38.508987,200,220.316775,0.0,0.1574962349971392
-61.216202,200,220.451298,0.0,0.2935466293839158
-8.173827,25,220.468295,1.0,0.04722065217790629
-44.67554,200,220.608823,0.0,0.20978032260575993
-54.996505,200,220.743688,0.0,0.20832153027535857
-30.794319,200,220.861357,0.0,0.06287343030242737
-2.366233,13,220.870353,1.0,0.027237204688438706
-0.031959,1,220.871353,1.0,0.01943500922394125
-64.046053,200,221.004885,0.0,0.19893703299506976
-16.494798,24,221.019396,1.0,0.044265314558730604
-14.715405,71,221.062142,1.0,0.04916957622658342
-45.300412,200,221.175654,0.0,0.14767020427025604
-17.233385,83,221.579576,1.0,0.03816063733916294
-15.782132,45,221.618096,1.0,0.041929626330448166
-24.485286,59,221.664097,1.0,0.04691524665145329
-37.524524,200,221.810614,0.0,0.13720947781572249
-33.66697,200,221.926639,0.0,0.06924960243931734
-36.189834,200,222.036147,0.0,0.12064401067806002
-5.336685,16,222.04715,1.0,0.03939794235123404
-12.364158,25,222.063147,1.0,0.045529411836792835
-2.37494,16,222.073147,1.0,0.0494287011632495
-48.548776,200,222.197669,0.0,0.17828823402159732
-34.072806,200,222.312195,0.0,0.1611900462002083
-64.212324,200,222.424233,0.0,0.2508153399534209
-23.065555,66,222.461236,1.0,0.04875639649292896
-4.948205,40,222.483266,1.0,0.04445366081859402
-9.696389,31,222.503238,1.0,0.04940032359109055
-18.538579,41,222.527759,1.0,0.04840425803954806
-38.780306,200,222.639282,0.0,0.16548966981902624
-13.144165,59,222.674281,1.0,0.04733845536970288
-4.765754,23,222.687281,1.0,0.03900082439695375
-44.355938,200,222.805741,0.0,0.1935236666975475
-94.723891,200,223.330179,0.0,0.3597086580248813
-10.255185,29,223.356179,1.0,0.041778230399390374
-60.822604,200,223.480958,0.0,0.18686969106773826
-16.73189,38,223.503641,1.0,0.0433617413644627
-50.258304,200,223.617317,0.0,0.16982410805491566
-9.93714,45,223.643323,1.0,0.047941796680049865
-5.744776,39,223.665321,1.0,0.04859542437763341
-16.041881,77,223.707323,1.0,0.045758138493769106
-37.931488,200,223.827359,0.0,0.10617116014857227
-16.228975,38,223.849359,1.0,0.04979448434686058
-43.958239,200,223.958867,0.0,0.20463488444150188
-0.138004,2,223.960868,1.0,0.03277942137090192
-73.238465,200,224.072434,0.0,0.25685258799965516
-33.52197,200,224.184663,0.0,0.11238097034575807
-25.406222,77,224.231182,1.0,0.04461697428438632
-5.011253,25,224.245185,1.0,0.04915866752069788
-15.726902,53,224.274185,1.0,0.04905039687978194
-3.200021,13,224.282186,1.0,0.03716700972522799
-13.786238,70,224.319736,1.0,0.0463466973141143
-31.620926,105,224.37776,1.0,0.04795162426555505
-9.772045,60,224.753831,1.0,0.04661225911747024
-8.33705,36,224.782831,1.0,0.04918749500079882
-10.520004,46,224.81935,1.0,0.045804851775470334
-11.120939,69,224.87235,1.0,0.04468586140773773
-1.137357,14,224.88535,1.0,0.04517193401135879
-13.279792,57,224.931871,1.0,0.045139431366327684
-50.829352,200,225.052387,0.0,0.20426553084830504
-16.618016,26,225.068388,1.0,0.04878921349458791
-24.815398,95,225.120905,1.0,0.04837304251274309
-39.338804,200,225.230417,0.0,0.13076885122787238
-25.782933,101,225.28844,1.0,0.046555018903027316
-5.219,30,225.306456,1.0,0.04742404125923854
-11.223244,47,225.33387,1.0,0.029595946227826662
-13.617079,59,225.36888,1.0,0.04177205732794061
-45.029373,200,225.479402,0.0,0.18942604702957175
-20.477443,60,225.513225,1.0,0.044524953002606144
-12.343431,44,225.538741,1.0,0.04502330611164713
-11.269184,38,225.559741,1.0,0.04904016864286918
-11.121776,60,225.595742,1.0,0.049996423751039694
-1.088554,8,225.600741,1.0,0.043865021335385584
-49.228257,200,225.721784,0.0,0.2673143681656079
-24.44863,69,225.767788,1.0,0.044869131529007046
-8.908838,39,225.792788,1.0,0.047057840465162495
-14.550039,38,225.815788,1.0,0.04325083426894127
-41.220781,200,225.94082,0.0,0.18889118666272825
-13.968456,46,225.977819,1.0,0.04902610423740276
-12.713506,46,226.014827,1.0,0.04391355709491243
-72.375279,200,226.49748,0.0,0.39680342816848657
-41.131789,200,226.626515,0.0,0.08099023278324946
-13.057073,55,226.661517,1.0,0.04522290955521318
-32.730108,200,226.789028,0.0,0.18660103602186762
-6.998865,17,226.800028,1.0,0.03455047263626202
-10.061799,29,226.825551,1.0,0.048753849189243186
-16.266967,56,226.858765,1.0,0.047205437170892955
-57.895388,200,226.968287,0.0,0.1803762233021515
-11.355699,33,226.987286,1.0,0.04562671007387327
-25.623327,79,227.029802,1.0,0.0483837206681902
-6.306791,29,227.046803,1.0,0.03907112311578867
-21.82825,97,227.101802,1.0,0.04882480620540814
-5.766244,45,227.126317,1.0,0.04982709016435214
-9.849942,29,227.142317,1.0,0.039773776017928274
-21.070357,49,227.169317,1.0,0.045040556251698664
-72.830943,200,227.28083,0.0,0.35697323305304707
-11.047025,48,227.308834,1.0,0.047977994925548176
-12.01451,70,227.347385,1.0,0.041632506741943874
-75.148472,200,227.459764,0.0,0.35267017392618744
-9.325226,19,227.470764,1.0,0.045304238878966105
-64.25691,200,227.578279,0.0,0.2387441312931182
-15.009979,49,227.93435,1.0,0.049546775550018594
-68.989676,200,228.08487,0.0,0.28017163972212067
-57.048144,200,228.19939,0.0,0.22976113895694156
-14.320784,50,228.231781,1.0,0.04979113848741627
-17.864408,52,228.275491,1.0,0.04396405711914983
-0.813809,5,228.279491,1.0,0.04604511836754551
-9.782828,39,228.310491,1.0,0.047204689475695456
-19.134014,38,228.344005,1.0,0.04890052815895698
-7.371685,19,228.358005,1.0,0.04489334808932826
-55.770963,200,228.500529,0.0,0.21632556330247682
-32.25762,196,228.651301,1.0,0.0495478807028706
-14.904788,41,228.684301,1.0,0.048447082429613444
-19.970504,76,228.743816,1.0,0.045749384632699494
-6.391253,34,228.770818,1.0,0.041840503347204405
-4.196411,37,228.79759,1.0,0.04789569447017315
-13.88509,59,228.840282,1.0,0.04225964708678311
-8.551756,34,228.863286,1.0,0.0453315043982872
-52.369245,200,228.982946,0.0,0.22183941031014645
-17.622285,40,229.004953,1.0,0.04496698557882218
-20.355475,68,229.043464,1.0,0.043027418362363644
-8.356048,40,229.066467,1.0,0.036462888931766
-16.349364,43,229.090476,1.0,0.040434043243593426
-19.375829,80,229.136989,1.0,0.04366562351364166
-14.397181,55,229.166989,1.0,0.04246965077024523
-1.887595,14,229.17699,1.0,0.04463141947942836
-5.653485,22,229.190989,1.0,0.04159998544662731
-13.019113,46,229.217997,1.0,0.04180046831948271
-10.071049,24,229.235507,1.0,0.02809088055175649
-6.620641,18,229.246506,1.0,0.04707217290262134
-18.721671,53,229.27651,1.0,0.038855246279216035
-7.273906,42,229.708714,1.0,0.04938052650157405
-63.810937,200,229.873749,0.0,0.303279379839164
-14.73847,53,229.911753,1.0,0.04924915411784291
-61.913549,200,230.025787,0.0,0.2598790311359686
-0.172929,2,230.027787,1.0,0.028945163835954395
-12.311842,48,230.060786,1.0,0.04825394593652111
-16.930977,67,230.102477,1.0,0.047074620425039224
-34.836776,200,230.225033,0.0,0.14160982685655948
-11.825781,73,230.273033,1.0,0.04881044304980108
-39.161927,200,230.447695,0.0,0.06119166009399198
-10.587119,31,230.471696,1.0,0.04617104631221962
-18.079368,51,230.509707,1.0,0.046406763542992654
-43.858484,200,230.64774,0.0,0.16740982415773029
-17.953975,75,230.690739,1.0,0.039743346869707284
-9.990879,29,230.707756,1.0,0.04422863399472469
-16.035592,52,230.740262,1.0,0.03846823078465421
-12.097114,42,230.764257,1.0,0.04958564614349994
-51.390559,200,230.88735,0.0,0.20566016880177446
-70.477379,200,231.01189,0.0,0.38735970755815335
-4.173718,28,231.031405,1.0,0.04997027170416121
-5.203655,37,231.055404,1.0,0.04994400391592892
-3.168241,16,231.067406,1.0,0.0482348639894888
-8.726117,20,231.080405,1.0,0.04341242445409881
-41.509214,200,231.702459,0.0,0.15669283623524527
-2.597533,18,231.717468,1.0,0.042629339075492635
-15.917989,49,231.74908,1.0,0.044606552670155473
-19.92614,61,231.784077,1.0,0.04677054152270309
-12.274708,30,231.802694,1.0,0.03886332184183814
-8.346303,43,231.829229,1.0,0.046001769160279996
-9.855407,47,231.864231,1.0,0.04077283350719409
-63.151995,200,231.992789,0.0,0.28386211654716775
-22.645273,94,232.049335,1.0,0.04673999033034765
-7.716862,36,232.077327,1.0,0.04545493958928981
-8.101623,25,232.097332,1.0,0.04878108193635616
-75.424691,200,232.246456,0.0,0.36580356815839343
-47.995906,200,232.368987,0.0,0.2592438080280733
-8.584142,34,232.389984,1.0,0.04078038456402586
-19.492302,112,232.452441,1.0,0.047685271052481736
-4.285655,26,232.467441,1.0,0.04913416470696689
-10.031951,33,232.485441,1.0,0.04374859054102478
-10.538369,37,232.508448,1.0,0.04107140519534004
-12.809145,40,232.530956,1.0,0.03487210812790265
-57.297649,200,232.640511,0.0,0.3245592689585428
-40.492899,200,232.751049,0.0,0.09061843581349742
-14.163873,29,232.771025,1.0,0.027949975655100948
-7.217356,20,232.782025,1.0,0.03981580350315633
-7.852345,35,232.802028,1.0,0.04173404339810056
-11.572583,34,232.820036,1.0,0.04638111685345965
-2.806288,25,232.834331,1.0,0.02967810277768376
-11.545531,30,233.192266,1.0,0.04479700342746625
-17.993448,45,233.228777,1.0,0.049828555302664494
-13.188867,44,233.262777,1.0,0.04801432876798025
-52.987348,200,233.413315,0.0,0.22002160603695628
-57.220658,200,233.526339,0.0,0.17226240859616693
-9.788817,46,233.552339,1.0,0.04499215901896699
-10.368846,71,233.593339,1.0,0.03795338381365294
-55.193921,200,233.710422,0.0,0.1867756427552609
-18.966741,67,233.745942,1.0,0.046694160266143085
-14.382995,37,233.765944,1.0,0.04376167004208124
-4.167558,42,233.789942,1.0,0.045848916385003546
-47.151148,200,233.913474,0.0,0.2284561860622774
-53.431895,200,234.050539,0.0,0.2435339550436317
-49.315024,200,234.182067,0.0,0.07148096318661391
-13.292796,50,234.219107,1.0,0.047803901222661226
-21.172426,52,234.259598,1.0,0.04598774466625024
-43.702587,200,234.384712,0.0,0.16266794866348175
