#{"t_start": 1776691819.0997407, "env_id": null}
r,l,t,is_success,final_distance,tau_sum_total,episode_energy,episode_mean_tau_sum
-145.652425,200,1.273414,0.0,0.7284425993964456,3508.8574114654934,20.160450768207355,17.544287057327466
-100.430406,200,1.392944,0.0,0.4694853519538279,3433.584452419203,19.385186357502636,17.167922262096013
-119.605996,200,1.518157,0.0,0.5702654263388381,3499.7115314690127,20.56170801339939,17.498557657345064
-146.999939,200,1.642181,0.0,0.7067067563765206,3381.9258633518252,19.342133858357272,16.909629316759126
-144.191949,200,1.763718,0.0,0.7674399064877853,3346.763713212299,19.094594735323312,16.733818566061494
-81.276192,200,1.87924,0.0,0.4120182712870765,3442.2616639772323,19.732703806519194,17.21130831988616
-158.261458,200,1.9948,0.0,0.7855877402390758,3581.5531826792308,19.62373708649452,17.907765913396155
-168.592771,200,2.11535,0.0,0.8739303427251268,3274.717203340395,19.167317439493218,16.373586016701974
-44.338806,200,2.244474,0.0,0.22834648577181796,3555.383607938005,20.119571145017215,17.776918039690024
-122.018349,200,2.364022,0.0,0.6820203600376324,3558.903055699074,20.54901436658414,17.794515278495368
-129.361604,200,2.799613,0.0,0.5376292945834652,3637.556923589,20.321022948923037,18.187784617945
-69.410904,200,2.945674,0.0,0.46683325667498293,3311.1567134050492,19.44590593703115,16.555783567025244
-161.706233,200,3.073175,0.0,0.8115390603720943,3240.937026024693,18.743981103336107,16.204685130123465
-61.657563,200,3.199738,0.0,0.2606164027100295,3413.0558663384054,19.419069919782235,17.065279331692025
-100.424148,200,3.330571,0.0,0.6339733915801555,3528.793712007806,20.156400406458676,17.643968560039028
-179.206272,200,3.473006,0.0,0.8837092821031893,3372.682200588372,18.8404579236603,16.86341100294186
-80.736157,200,3.598521,0.0,0.4232199844558411,3414.412510207295,19.886088728647756,17.072062551036474
-61.558063,200,3.724036,0.0,0.31875613498575,3591.8292946541314,20.109079825747518,17.959146473270657
-121.884682,200,3.856069,0.0,0.5905715301219536,3678.4072027187594,21.01455332610913,18.392036013593795
-179.422161,200,3.9746,0.0,0.8926078135922225,3488.061439083056,20.511162043665152,17.44030719541528
-145.082826,200,4.432196,0.0,0.7211688275847337,3354.522698198208,19.452022500108995,16.77261349099104
-122.733431,200,4.572976,0.0,0.825642977943307,3292.3481133669256,19.70503326747975,16.461740566834628
-50.721552,200,4.700099,0.0,0.3124731077215008,3394.113260810809,19.43423011920894,16.970566304054046
-107.121319,200,4.820689,0.0,0.43145479960391175,3397.803519397479,20.221674716830165,16.989017596987395
-74.033815,200,4.951245,0.0,0.3634042766814901,3349.5252689317576,19.14568207029278,16.747626344658787
-53.737891,200,5.072403,0.0,0.18434440590192344,3519.467946096112,20.378287007608897,17.59733973048056
-96.555475,200,5.192477,0.0,0.620580763346694,3263.3460312351776,19.757637266838454,16.31673015617589
-103.702367,200,5.317002,0.0,0.5525648029105131,3517.488126569663,20.435008323216298,17.587440632848317
-174.016914,200,5.438665,0.0,0.898536551452783,3522.8716631589314,20.445859758362268,17.614358315794657
-108.166636,200,5.560952,0.0,0.40014463785769105,3497.558330570145,20.11292384800807,17.487791652850724
-81.461248,200,5.980037,0.0,0.4730791691701135,3452.1709384519763,20.197412874130112,17.260854692259883
-108.501477,200,6.136067,0.0,0.5487587311095133,3289.3863883633367,19.202186497479172,16.446931941816683
-105.109185,200,6.258988,0.0,0.5504046838857111,3429.084407472953,19.514007534165394,17.145422037364764
-60.421404,200,6.384466,0.0,0.31621313209106705,3162.9257782038294,18.44306020264094,15.814628891019147
-108.152741,200,6.509994,0.0,0.4373676949279397,3182.8188549332854,18.58450779425127,15.914094274666427
-85.636244,200,6.633998,0.0,0.38406292061483066,3352.4905864554307,19.094743960719576,16.762452932277153
-116.732869,200,6.760834,0.0,0.6455325954885613,3209.6285344462112,19.23392890360343,16.048142672231055
-92.659803,200,6.880804,0.0,0.38438024003129895,3291.694246832957,19.05582510684596,16.458471234164787
-61.612253,200,7.004324,0.0,0.2572096085201986,3307.310551689138,19.975013570598396,16.53655275844569
-42.695771,200,7.119857,0.0,0.2003495186061097,3345.281642432754,19.418994643382288,16.72640821216377
-133.441528,200,7.551825,0.0,0.6631060741674599,3438.5465701313524,19.83195306707569,17.19273285065676
-175.554583,200,7.691339,0.0,0.8391551095484345,3636.0547191811847,20.411735381460403,18.180273595905923
-101.843219,200,7.827378,0.0,0.5261319945308028,3531.356545179097,20.90440108800018,17.656782725895486
-123.121036,200,7.951867,0.0,0.6072920814716438,3400.9226822650653,19.897489148152687,17.004613411325327
-87.857066,200,8.077364,0.0,0.33065214927481623,3379.9587257949383,19.89692790845361,16.89979362897469
-172.541521,200,8.20146,0.0,0.8626908499321516,3461.0186594594516,20.16192496381755,17.305093297297258
-116.713321,200,8.331456,0.0,0.5770017373158671,3491.9667428119333,20.72429036124699,17.459833714059666
-106.942823,200,8.455971,0.0,0.4244234158969283,3269.892475954576,19.129579141629296,16.34946237977288
-70.430904,200,8.579484,0.0,0.35738126254653335,3122.5568914508667,18.402322866651506,15.612784457254334
-120.538525,200,8.700004,0.0,0.6136715708896594,3474.657537085283,19.88554044609039,17.373287685426416
-60.522411,200,8.822535,0.0,0.27979105408372384,3551.3813699524885,20.69595569087005,17.756906849762444
-78.867973,200,9.277804,0.0,0.36409752034568016,3487.004972792433,19.985658320137418,17.435024863962166
-133.418917,200,9.417329,0.0,0.7330063524429122,3422.68540387598,20.297761967456157,17.1134270193799
-73.861804,200,9.542966,0.0,0.3360378971358953,3323.873914680862,19.402902181497723,16.61936957340431
-166.702901,200,9.666244,0.0,0.7636698182476124,3340.048860390095,19.38237418177171,16.700244301950473
-117.639345,200,9.795761,0.0,0.6328672659951112,3653.413852166177,21.053615452615436,18.267069260830887
-68.18185,200,9.930467,0.0,0.2565585559116678,3498.1095909164424,20.878675721627435,17.490547954582212
-127.078906,200,10.061972,0.0,0.6408427338330047,3090.5273642792545,18.999900134438235,15.452636821396272
-43.154247,200,10.195492,0.0,0.11859467385297405,3530.0151790617874,20.319248984161874,17.650075895308937
-72.055839,200,10.318436,0.0,0.2979025570111376,3370.2829291940816,19.68230593962629,16.851414645970408
-132.058603,200,10.441503,0.0,0.6518292443772709,3351.3225486598903,19.69814272328118,16.756612743299453
-56.833802,200,10.9378,0.0,0.2075732493845723,3630.318029513041,20.870396198409573,18.151590147565205
-150.725248,200,11.088629,0.0,0.7507218017551903,3562.0084490211148,20.59711223820703,17.810042245105574
-95.259817,200,11.225368,0.0,0.3647085685082688,3489.205544984123,19.90255786951515,17.446027724920615
-97.772376,200,11.360392,0.0,0.47532081198184745,3315.5808405895323,19.549786859541385,16.57790420294766
-85.245805,200,11.495911,0.0,0.41465209910149686,3417.1136494775556,19.697709376522212,17.085568247387776
-45.597878,200,11.628156,0.0,0.35947440713775203,3266.1051263578265,19.820830192807097,16.330525631789133
-105.413629,200,11.762188,0.0,0.43127864786325715,3303.5757661288044,19.336824561553186,16.517878830644023
-90.821861,200,11.888549,0.0,0.409166217038302,3392.0413933174286,20.397929883565844,16.960206966587144
-115.693554,200,12.01207,0.0,0.5688854723063946,3498.46445491656,20.748417996906603,17.4923222745828
-63.332834,200,12.135106,0.0,0.30728116933745947,3338.45683656259,19.449727660867346,16.69228418281295
-43.674573,200,12.580189,0.0,0.19503011817782512,3488.3814014880672,20.537166134894758,17.441907007440335
-108.18533,200,12.715729,0.0,0.447393805806473,3244.525897947284,19.286015167474574,16.22262948973642
-36.624953,200,12.866548,0.0,0.13838713416095993,3255.9269387504573,19.462130450935817,16.279634693752286
-35.725332,200,13.001623,0.0,0.17777665150228278,3366.11662408576,19.369396908309714,16.830583120428802
-26.481382,200,13.132667,0.0,0.17090848123259691,3269.440435944994,18.89144922172207,16.34720217972497
-158.367634,200,13.272583,0.0,0.7576631970753388,3228.586308231693,18.948044278797475,16.142931541158465
-159.822022,200,13.403393,0.0,0.6826459565108358,3189.1491179967575,18.79504644213132,15.945745589983787
-68.534797,200,13.528904,0.0,0.2604304385089025,3124.104811603061,18.28317908462988,15.620524058015306
-116.261322,200,13.648726,0.0,0.44919430587908504,3431.77666909986,19.004865221067828,17.1588833454993
-106.952618,200,13.773297,0.0,0.37201391701932307,3581.1220452353537,21.233708214805375,17.90561022617677
-63.972849,200,14.201511,0.0,0.3593027141290976,3523.118483748672,20.853640845711674,17.61559241874336
-78.674245,200,14.347556,0.0,0.37697746376045743,3389.1264118723007,19.269140763813912,16.945632059361504
-104.48057,200,14.483068,0.0,0.434546365458917,3143.3127807394994,19.327792936043046,15.716563903697498
-67.232503,200,14.604601,0.0,0.24936068031329148,3606.714853594609,19.99757910467495,18.033574267973044
-150.575242,200,14.728132,0.0,0.5751435038705965,3377.942955646668,19.894672154451865,16.88971477823334
-61.817193,200,14.849172,0.0,0.23987002980825783,3374.555642244844,19.933519520349744,16.87277821122422
-67.730391,200,14.972691,0.0,0.24480073026103785,3548.3495481895993,20.559508863928755,17.741747740947996
-79.741665,200,15.101033,0.0,0.40087295265778505,3123.7878262742306,18.627582002577554,15.618939131371153
-127.683839,200,15.22459,0.0,0.6310161956785333,3478.929462950555,19.282927953823293,17.394647314752774
-138.347944,200,15.346629,0.0,0.5678958083186857,3428.140438610558,20.302051744023178,17.14070219305279
-68.881943,200,15.470818,0.0,0.3344000698211469,3501.330911048104,20.528146252752677,17.50665455524052
-54.893935,200,15.912272,0.0,0.17393502406578656,3376.4245598130856,19.75259979562032,16.882122799065428
-85.38514,200,16.052082,0.0,0.2801606011936385,3295.8110790246496,19.57881816077319,16.479055395123247
-155.953188,200,16.182568,0.0,0.5712102705074056,3120.4493667243373,18.13866890337565,15.602246833621686
-125.01554,200,16.308145,0.0,0.5736360390925443,3353.4721798261417,19.748012788052748,16.767360899130708
-68.811104,200,16.432221,0.0,0.2196308760147603,3346.7950824064874,19.898623000526115,16.733975412032436
-114.749335,200,16.556753,0.0,0.468236535414976,3424.0666893580005,19.655485571277637,17.120333446790003
-170.921477,200,16.688287,0.0,0.8225789460441308,3317.448848259899,18.95786236845107,16.587244241299494
-152.876752,200,16.81252,0.0,0.783708779163529,3243.9853932440797,19.090447505532765,16.2199269662204
-104.090329,200,16.934579,0.0,0.47393436302924613,3155.241093679116,18.74046701268022,15.776205468395581
-33.958758,122,17.008587,1.0,0.048772740535856264,2077.2227827561233,11.625584621119904,17.02641625209937
-51.435995,200,17.475951,0.0,0.17678150234488663,3373.750578035761,20.297076003274213,16.868752890178804
-52.655352,200,17.610623,0.0,0.1928592635340491,3404.4996479295187,19.86654920509998,17.022498239647593
-128.876371,200,17.745287,0.0,0.47652123987664685,3369.4978903798506,19.31159550985545,16.847489451899254
-64.407099,200,17.873978,0.0,0.486001655388032,3239.516163834425,19.07744381969716,16.197580819172124
-153.402611,200,17.997487,0.0,0.7523307975631263,3306.738662454048,19.617471588666813,16.53369331227024
-131.701651,200,18.121543,0.0,0.5369664396692275,3129.8548098215606,18.467711884412235,15.649274049107802
-135.400341,200,18.244521,0.0,0.6695418634934214,3555.4209096924037,20.93761336863681,17.77710454846202
-66.248035,200,18.370044,0.0,0.29830304157670895,3395.0086604140984,19.615261579466157,16.975043302070493
-65.597279,200,18.49159,0.0,0.38843203639333584,3522.8020450252816,20.18227585915825,17.614010225126407
-130.343874,200,18.611072,0.0,0.6469812400523912,3268.571647876738,19.058431981526642,16.34285823938369
-111.264633,200,18.732575,0.0,0.5429435097078207,3131.3048911281517,18.864954358421926,15.656524455640758
-170.535447,200,19.18727,0.0,0.7489140143959834,3458.4230252466214,19.829942928569224,17.292115126233107
-79.816693,200,19.317795,0.0,0.29577452925416786,3127.280434519756,18.40494635716694,15.63640217259878
-87.135034,200,19.442138,0.0,0.24586166410249463,3197.0399114622282,18.427840817534616,15.985199557311141
-119.552437,200,19.565021,0.0,0.5494602254650817,3161.998491511731,19.17347711389479,15.809992457558655
-91.946848,200,19.691511,0.0,0.42354249497588237,3301.3282761263254,19.27750409779106,16.506641380631628
-111.047975,200,19.812255,0.0,0.38907233501035887,3357.347077597128,19.3819957322713,16.78673538798564
-46.434582,200,19.943369,0.0,0.19843687132637805,3540.0227425100793,20.660830326445886,17.700113712550397
-112.627345,200,20.068534,0.0,0.3323801189310246,3368.4048686464653,19.634523585897323,16.842024343232325
-125.358989,200,20.195056,0.0,0.5159100962420355,3284.2043805524117,18.99469921857465,16.42102190276206
-99.410421,200,20.320588,0.0,0.3828412853852585,3326.496035076464,19.388723936649864,16.63248017538232
-124.366961,200,20.755662,0.0,0.6032837793017521,3340.3434690887157,19.100555398482346,16.70171734544358
-58.236009,200,20.890193,0.0,0.2994894052788461,3444.0372036927283,19.872242842396723,17.220186018463643
-73.983919,200,21.015223,0.0,0.2710849556553563,3345.9847966392513,18.935942277396652,16.729923983196258
-176.836684,200,21.139308,0.0,0.7547351046997733,3472.4050239443977,20.423450725018316,17.362025119721988
-49.280483,200,21.261095,0.0,0.3222548305067263,3127.5985220308808,18.2274557531938,15.637992610154404
-86.684615,200,21.381559,0.0,0.3857000140981076,3321.9765632302565,19.443973748852876,16.609882816151284
-179.53073,200,21.508079,0.0,0.8579465437518742,3265.902636670359,19.044960655279503,16.329513183351793
-175.296042,200,21.630028,0.0,0.8313322851327399,3073.6377837181494,18.8264342348047,15.368188918590747
-52.935907,200,21.749793,0.0,0.243409518593648,3094.706367512187,18.52824956723963,15.473531837560936
-81.155017,200,21.872316,0.0,0.3911657810264811,3369.1727733182543,20.608570716740168,16.845863866591273
-155.778022,200,22.31461,0.0,0.6178495437154362,3273.541233190747,19.50303657000617,16.367706165953734
-166.584265,200,22.45465,0.0,0.7434393348281189,3535.8844869444947,20.41899966666405,17.679422434722472
-70.202132,200,22.586135,0.0,0.33363614817174125,3757.4291309601886,20.87493639091739,18.78714565480094
-61.33055,200,22.708661,0.0,0.30741928728954226,3185.100790610156,18.366032903899928,15.925503953050779
-43.309838,200,22.833194,0.0,0.1415775560515128,3506.784669922056,20.4590776348212,17.53392334961028
-143.670689,200,22.956988,0.0,0.5847628560769678,3152.049506421348,18.554404971791975,15.760247532106739
-118.820859,200,23.079523,0.0,0.4712201628089665,3128.524944071825,18.64022866693592,15.642624720359125
-120.784451,200,23.203065,0.0,0.5751558570713847,2967.0614798404704,17.328330754719243,14.835307399202351
-149.230244,200,23.335115,0.0,0.5640014189287146,3378.8931782345035,19.31057939764396,16.894465891172516
-54.927164,200,23.45458,0.0,0.32196198521725133,3452.3059628940186,20.389202402222654,17.261529814470094
-130.539006,200,23.917128,0.0,0.655223338066335,3323.787638568169,19.9352276624531,16.618938192840844
-127.222441,200,24.071192,0.0,0.6321914530812671,3425.8669344372533,20.327251568471176,17.129334672186268
-172.097889,200,24.198628,0.0,0.8450184773049491,3300.2028786404844,18.63390208346968,16.50101439320242
-164.665735,200,24.320982,0.0,0.8054536406275051,3137.383424363906,19.24597222193556,15.686917121819532
-71.071006,200,24.44953,0.0,0.35383635804548563,3525.298553018002,20.49869455735813,17.62649276509001
-42.349276,200,24.573627,0.0,0.1977513899601724,3642.8796636499346,21.069027209915692,18.214398318249675
-118.14721,200,24.70109,0.0,0.5043402746198546,3690.962581784506,20.841252811440388,18.45481290892253
-53.658785,200,24.82065,0.0,0.25202211036644834,3483.4594902133854,20.020081939906532,17.417297451066926
-56.566142,200,24.943304,0.0,0.3011434155740961,3408.9165038906526,20.244088180524734,17.044582519453265
-91.358421,200,25.063831,0.0,0.3480898370837185,3133.955542205782,19.151043365395466,15.66977771102891
-106.548385,200,25.483529,0.0,0.48397651912762724,3467.2122784642534,20.08142618121045,17.336061392321266
-101.854188,200,25.627094,0.0,0.4184563454892828,3474.4546755340853,20.590775580247005,17.372273377670425
-39.238911,200,25.767149,0.0,0.17803212465606316,3408.567721739755,19.570515929684934,17.042838608698776
-170.671184,200,25.888227,0.0,0.8166987855112885,3452.6443552370038,19.729501652218595,17.26322177618502
-130.728752,200,26.014413,0.0,0.5066987391190877,3353.9366604662237,19.060746666093312,16.769683302331117
-50.83003,200,26.137126,0.0,0.2576664955510668,3402.569701312998,20.025430826015437,17.01284850656499
-107.174846,200,26.265204,0.0,0.43277626110081135,3066.9161694587906,18.876581890787225,15.334580847293953
-168.869625,200,26.389754,0.0,0.7850764077438008,3237.519197080966,19.229418100871424,16.18759598540483
-124.442123,200,26.515691,0.0,0.6017330375378149,3008.127043070067,18.019859398967142,15.040635215350335
-45.701802,200,26.641529,0.0,0.18214957914467406,3239.2616466982654,19.0955332604445,16.196308233491326
-151.650624,200,26.76474,0.0,0.6670878092506628,3555.8899932433824,20.444138265332086,17.779449966216912
-99.384863,200,27.216775,0.0,0.41213403580434216,3490.5985135397577,20.371609595894085,17.45299256769879
-161.674285,200,27.354824,0.0,0.7842435939392819,3397.5735554130315,19.47330940317064,16.98786777706516
-21.945318,200,27.480348,0.0,0.11275705444683921,3484.826118883841,20.746630421682486,17.424130594419204
-77.819992,200,27.608641,0.0,0.39674626867181745,3332.368051489892,19.384539511537007,16.66184025744946
-66.899004,200,27.741685,0.0,0.26869613278818727,3528.4623565249835,20.216020434347584,17.64231178262492
-158.825997,200,27.868196,0.0,0.7358609461986425,3553.029958858512,20.196377258868736,17.76514979429256
-147.064617,200,27.995722,0.0,0.7403956208776377,3500.5827326363524,20.03557281266586,17.50291366318176
-99.094529,200,28.118266,0.0,0.4619467517342018,3594.238760055338,20.273158436799527,17.97119380027669
-36.940469,200,28.236616,0.0,0.19120038384225002,3207.6051315121736,18.956574144097345,16.03802565756087
-127.956279,200,28.3587,0.0,0.5063117409886883,3264.554225655407,19.28986747771493,16.322771128277036
-79.123473,200,28.811147,0.0,0.3144312885170746,3450.8661797177647,20.338862983105898,17.254330898588822
-149.48844,200,28.956352,0.0,0.72565191830436,3545.2206770409953,20.924478000533494,17.726103385204976
-147.238344,200,29.084909,0.0,0.5209995534447205,3211.6978482587433,19.62223242223417,16.058489241293717
-126.528665,200,29.21243,0.0,0.5600146751358607,3318.841312845106,19.040271494509646,16.59420656422553
-135.783703,200,29.334967,0.0,0.6274882206617526,3367.338269349593,19.43800778570905,16.836691346747966
-50.616882,200,29.469999,0.0,0.21953606468969458,3461.5201749133826,19.943522369585946,17.307600874566912
-74.637869,200,29.596078,0.0,0.3037961345117917,3373.1532034859374,19.3650037341451,16.86576601742969
-171.78617,200,29.725505,0.0,0.8688178545918261,3376.292666060791,19.42946914003905,16.881463330303955
-43.780045,200,29.845581,0.0,0.219425984133229,3346.1559736352215,19.361819344268675,16.730779868176107
-69.893475,200,29.975106,0.0,0.31154166764487384,3317.0941634998044,20.48599914971517,16.585470817499022
-118.81211,200,30.397144,0.0,0.43850136434034687,3473.9498971658413,19.79979741590818,17.369749485829207
-84.528782,200,30.545186,0.0,0.3600008761296391,3379.5996072301105,19.646475323560736,16.897998036150554
-78.038478,200,30.672764,0.0,0.33885459532180456,3280.057334517343,19.207473956681408,16.400286672586716
-110.298388,200,30.804312,0.0,0.48408440534157904,3055.148948774445,18.408845598040756,15.275744743872226
-151.188294,200,30.923192,0.0,0.7315639806076868,3235.9451326892813,19.251701368037494,16.179725663446405
-96.828925,200,31.049685,0.0,0.4033279935824341,3252.321364704135,19.430581512602956,16.261606823520673
-151.452677,200,31.173374,0.0,0.6433263820093604,3451.969630277642,19.84387469618406,17.25984815138821
-113.015491,200,31.297088,0.0,0.554815417951924,3308.5775762360568,19.321327215556636,16.542887881180285
-69.75606,200,31.42615,0.0,0.3516848604699388,3460.5235775605197,19.670499322656376,17.302617887802597
-119.916776,200,31.549206,0.0,0.5177502248929493,3138.412400112102,18.753239193301297,15.692062000560512
-35.726923,200,31.965189,0.0,0.16542301594325023,3357.964939134164,19.779596535991814,16.78982469567082
-67.600703,200,32.114704,0.0,0.24262319258211087,3362.7071838578986,20.046894948523086,16.813535919289492
-74.375124,200,32.244749,0.0,0.31901676103142484,3364.66594986457,19.581451520775726,16.82332974932285
-128.453679,200,32.370285,0.0,0.6430430229410783,3469.8378916987363,19.627307732197107,17.349189458493683
-87.575075,200,32.49577,0.0,0.390475572855904,3337.8602073486372,19.280240857005076,16.689301036743185
-54.350883,200,32.622141,0.0,0.267301872261719,3380.246988372565,19.46676091957639,16.901234941862825
-128.973548,200,32.746239,0.0,0.572246871105195,3519.7289990317404,20.084703401622527,17.5986449951587
-131.021535,200,32.868333,0.0,0.5169089951451316,3198.109735735043,18.86838688648298,15.990548678675216
-72.72695,200,32.988816,0.0,0.3110701970397898,3437.2012560343383,19.912186803498624,17.186006280171693
-46.036633,200,33.111337,0.0,0.2629385932633429,3450.605525006546,20.310902848570095,17.25302762503273
-55.451171,200,33.234929,0.0,0.29224410147285435,3443.0053411350546,19.979875558884416,17.21502670567527
-165.507012,200,33.675911,0.0,0.8208268216500605,3510.6593678841705,20.38651236835966,17.553296839420852
-175.220721,200,33.803437,0.0,0.8681945479175615,3335.236310130151,19.615131017164508,16.676181550650757
-142.130562,200,33.927994,0.0,0.7045922876276587,3391.1932801131184,19.703834076126558,16.955966400565593
-148.4775,200,34.051937,0.0,0.7421744532771227,3429.5672106825764,19.911464932998605,17.14783605341288
-44.410701,200,34.177162,0.0,0.35108676445811177,3469.3288567424834,19.83507784427004,17.34664428371242
-89.402687,200,34.306684,0.0,0.42773106349687273,3208.5165236400135,18.7107126067762,16.04258261820007
-64.802876,200,34.432232,0.0,0.3106537381247137,3348.7347811938475,19.542824503597096,16.74367390596924
-130.236422,200,34.556301,0.0,0.5921217398425751,3321.835677948334,19.652312732243743,16.60917838974167
-70.004311,200,34.677846,0.0,0.34569180068070526,3434.0965877922813,19.98657496639947,17.170482938961406
-83.370687,200,34.797901,0.0,0.4273447137967495,3371.1347042280286,19.590682223067674,16.855673521140144
-29.956139,200,35.224923,0.0,0.18186788653976285,3280.4102353433477,19.966477258994278,16.40205117671674
-147.050921,200,35.363729,0.0,0.618504942670632,3365.3580115976397,19.441466572656232,16.826790057988198
-160.122716,200,35.492434,0.0,0.764342819919722,3273.704460492651,18.52248726391792,16.368522302463255
-29.225168,124,35.568631,1.0,0.04876943203604043,1888.2597893585335,11.089585684361536,15.227901527084947
-166.689245,200,35.694553,0.0,0.8350850550299995,3596.3450864742176,20.262997774035007,17.98172543237109
-76.526034,200,35.818116,0.0,0.4527914559013325,3456.152717013029,20.21253322895265,17.280763585065145
-58.219807,200,35.942136,0.0,0.3263241389342738,3155.713889369135,18.85631369841601,15.778569446845674
-129.282825,200,36.066693,0.0,0.6333663410685924,3472.2532618879,19.98917222866607,17.3612663094395
-124.16809,200,36.188209,0.0,0.5303202708902848,3362.394197866245,20.156920573122086,16.811970989331225
-75.873561,200,36.309267,0.0,0.30993682813647117,3334.7535542896658,19.933871672581805,16.67376777144833
-29.703012,155,36.403405,1.0,0.04596761431692863,2576.095262669352,15.200946714819688,16.619969436576465
-92.886411,200,36.849514,0.0,0.3439080847823065,3454.9718487675887,20.064247736727573,17.274859243837945
-154.127888,200,36.992161,0.0,0.7609605078015392,3381.278613788415,19.558030986436496,16.906393068942076
-37.585283,200,37.116709,0.0,0.3206827988900707,3337.89458577149,19.12240316596937,16.689472928857448
-82.543878,200,37.240172,0.0,0.39854760509916537,3425.0458899447476,20.110927963212845,17.125229449723737
-171.672906,200,37.366236,0.0,0.8454367550995903,3551.2420877108007,20.43351946023498,17.756210438554003
-27.80617,200,37.485714,0.0,0.12532518222923145,3362.442129292792,19.51683386011205,16.81221064646396
-125.533527,200,37.61392,0.0,0.6044556571973924,3163.937640574639,18.868533368722154,15.819688202873195
-131.235198,200,37.737592,0.0,0.6360508481713795,3373.1655468106,19.12416320182811,16.865827734053
-61.095423,200,37.86259,0.0,0.4188486811796858,3543.706628261306,20.505275884009066,17.71853314130653
-154.538851,200,37.987118,0.0,0.7709885567019399,3325.7626640882154,19.644008586427177,16.628813320441076
-85.243186,200,38.456728,0.0,0.3312508271180441,3536.780074410363,20.108363159498456,17.683900372051813
-142.054262,200,38.590247,0.0,0.687245231484722,3171.9077249676316,19.36233900824486,15.859538624838159
-144.047562,200,38.716769,0.0,0.6285313059522062,3305.9977322453083,19.378989563650087,16.52998866122654
-142.161857,200,38.843808,0.0,0.7060883624557506,3306.7705544359364,19.184066981494766,16.53385277217968
-127.946554,200,38.969347,0.0,0.5832591859163989,3457.7620492371666,19.39229560852311,17.288810246185832
-124.260277,200,39.092862,0.0,0.46135540914536977,3323.796078126459,19.309634250099446,16.618980390632295
-71.303356,200,39.21939,0.0,0.27516738830708243,3221.1186317793645,19.190182987377444,16.105593158896824
-166.118587,200,39.345435,0.0,0.8342157425480284,3470.9665509695615,19.60930281782059,17.354832754847806
-30.419406,200,39.468953,0.0,0.19200968324723663,3363.340172957843,20.14661429354122,16.816700864789215
-25.236956,88,39.520956,1.0,0.04890893735494341,1379.7550714963882,8.110106785559246,15.679034903368047
-174.097243,200,39.636527,0.0,0.6581342048988527,3125.4304477243727,18.469940712062208,15.627152238621864
-174.623893,200,40.104835,0.0,0.860859901514278,3562.209645482562,20.343879064407997,17.811048227412808
-111.136463,200,40.245881,0.0,0.5351813020930822,3200.7717320370625,18.564593127423624,16.003858660185312
-16.893223,79,40.297875,1.0,0.04510554703491414,1235.1075031439298,7.136631622683739,15.634272191695313
-67.213539,200,40.420399,0.0,0.33304513281648607,3577.076561897941,20.26903986621847,17.885382809489705
-162.818654,200,40.54646,0.0,0.8083536017710516,3281.865131000064,19.4974253186409,16.40932565500032
-80.459929,200,40.673985,0.0,0.38501170583163347,3566.9594478584213,20.28798081174491,17.834797239292108
-41.686173,200,40.801515,0.0,0.22035449713544278,3810.212128672895,22.52676818032126,19.051060643364472
-25.123301,200,40.931048,0.0,0.10393206909508428,3327.7358373514235,19.571464164840272,16.638679186757116
-167.278422,200,41.05071,0.0,0.7453244008465165,3316.634016175019,19.371024631219704,16.583170080875096
-23.253548,200,41.170235,0.0,0.12314382973720099,3324.8182339980294,20.02183818173324,16.624091169990148
-112.132187,200,41.28775,0.0,0.5223847683008781,3487.533655134145,20.714010485496544,17.437668275670728
-53.379382,200,41.752584,0.0,0.16891925243860423,3415.647232962075,19.360311926885814,17.078236164810377
-43.096678,200,41.879661,0.0,0.2532988211990393,3210.650635794927,18.709497055152916,16.053253178974636
-102.623092,200,42.009508,0.0,0.5076037693525163,3439.7722152391243,19.986542004496545,17.198861076195623
-70.105081,200,42.135154,0.0,0.2667684914250452,3286.7034699462056,19.349922571289273,16.433517349731027
-77.395702,200,42.260209,0.0,0.34011218317678393,3117.3757456305843,18.447780188756102,15.586878728152922
-167.29833,200,42.386755,0.0,0.806771847638666,3311.9118692169604,19.82799500575428,16.559559346084804
-152.715972,200,42.512255,0.0,0.7689277793983983,3325.0476072678143,19.59183930955128,16.62523803633907
-74.090935,200,42.637792,0.0,0.329610261749883,3509.710087248429,20.378399336859477,17.548550436242145
-91.41042,200,42.758833,0.0,0.4540871785092546,3423.365837239179,19.712227774899635,17.116829186195897
-41.258048,200,42.878368,0.0,0.20609105708375638,3305.6724017560327,19.599909802955548,16.528362008780164
-42.476855,200,43.311485,0.0,0.1530193185695602,3408.0143032985143,19.74064767696006,17.04007151649257
-109.679879,200,43.446577,0.0,0.5507863899070888,3513.718186246109,20.01508350303072,17.568590931230545
-24.32528,200,43.569092,0.0,0.11463254206047568,3320.2092570444615,19.279234770438716,16.601046285222306
-82.178426,200,43.691522,0.0,0.41111005013689894,3321.1097559446157,19.60977534104575,16.60554877972308
-28.310674,200,43.815049,0.0,0.15356856587684695,3291.632282408535,18.83310039710877,16.458161412042674
-170.685353,200,43.936212,0.0,0.8515954314538182,3704.4931831207196,21.445109934346497,18.522465915603597
-130.902366,200,44.06025,0.0,0.6542996088759324,3396.4238261942523,19.092485865747157,16.982119130971263
-45.443993,200,44.187117,0.0,0.219226633766942,3451.928111651794,19.604060373260396,17.25964055825897
-52.956994,200,44.311857,0.0,0.32149187784826516,3519.6403566696504,20.17976460662552,17.59820178334825
-100.432101,200,44.433413,0.0,0.3953133361845117,3453.1381371988873,19.48924225899307,17.265690685994436
-53.342977,200,44.862596,0.0,0.18986977048452156,3213.375867136804,18.60365282210065,16.06687933568402
-31.526347,200,45.006119,0.0,0.24469999826252292,3276.517562533944,19.307269242882523,16.38258781266972
-63.461136,200,45.134653,0.0,0.2722763878035034,2938.564289637323,18.007037858139082,14.692821448186614
-126.938025,200,45.265724,0.0,0.5886987071722315,3461.9245144170777,20.350029155023446,17.309622572085388
-129.730346,200,45.388209,0.0,0.6699713680300544,3233.090168874534,19.067050306725545,16.16545084437267
-134.043257,200,45.512729,0.0,0.6164099624444538,3192.505178370661,18.703974158345478,15.962525891853304
-156.864284,200,45.636197,0.0,0.7635656898338057,3348.5329848069928,19.425233663318203,16.742664924034965
-88.854033,200,45.760814,0.0,0.4324809570061734,3205.0988770033728,18.717800375454615,16.025494385016863
-137.740487,200,45.882326,0.0,0.6659893520794322,3353.9874493379234,19.146112475381543,16.76993724668962
-92.792887,200,46.001851,0.0,0.43097256589682953,3239.2546470048314,19.069814732400417,16.196273235024158
-55.876182,200,46.432367,0.0,0.265371207657779,3195.2133301829826,19.29913947569266,15.976066650914913
-80.42334,200,46.571891,0.0,0.4016802937365917,3554.5914479266626,20.447654351951744,17.772957239633314
-40.060577,200,46.704434,0.0,0.2869378004523451,3088.565523955342,18.376764944773942,15.442827619776711
-27.878732,200,46.830387,0.0,0.11823014821885384,3301.908342359498,19.36751881051187,16.50954171179749
-76.588135,200,46.95945,0.0,0.3260379086883155,3156.4068089883535,18.50735150364319,15.782034044941767
-39.33506,200,47.085316,0.0,0.11438939205269359,3280.8282218740405,19.242193219590053,16.4041411093702
-137.542028,200,47.208521,0.0,0.5380957958977005,3197.27875796347,18.21848770557924,15.98639378981735
-74.186652,200,47.335087,0.0,0.36353769656133134,3366.2696666380807,18.884414011379068,16.831348333190405
-123.001216,200,47.456687,0.0,0.555954863956102,3268.728703157178,19.531663750250768,16.343643515785892
-108.22858,200,47.575235,0.0,0.5217350708861862,3352.8422298483206,20.03521024586113,16.764211149241603
-134.313654,200,47.696262,0.0,0.6462644453497328,3367.6187075194625,19.219620000442397,16.838093537597313
-29.494267,200,48.125403,0.0,0.19589673079114572,3543.025453676103,20.199548777844896,17.715127268380517
-63.969142,200,48.254432,0.0,0.2652998759966926,3114.357577582651,17.75412057503667,15.571787887913256
-88.959888,200,48.379898,0.0,0.435421170304324,3400.726437448257,19.822685123519257,17.003632187241283
-102.124876,200,48.501418,0.0,0.4695660213157707,3341.5161089042103,19.126301044730216,16.70758054452105
-128.094479,200,48.636062,0.0,0.6448308599064945,3329.6885434865817,19.348905399961975,16.648442717432907
-92.012027,200,48.7602,0.0,0.4517713098808844,3499.0891025186183,20.588156081494734,17.495445512593093
-114.144201,200,48.882433,0.0,0.5560454522657243,3367.534893135301,19.877223479898593,16.837674465676503
-116.029588,200,49.007031,0.0,0.5322097864058655,3237.033907125716,18.87394072781708,16.185169535628578
-149.878036,200,49.127492,0.0,0.6432291954564157,3257.3873109549,19.510740440689226,16.2869365547745
-166.434172,200,49.245059,0.0,0.7862912852461178,3433.064943025927,20.096039023526828,17.165324715129636
-132.045906,200,49.714928,0.0,0.6329313461446707,3523.427899086173,20.57795848393712,17.617139495430866
-150.144881,200,49.847971,0.0,0.7098296815325271,3394.658123060849,19.703761751830648,16.973290615304244
-144.334557,200,49.975525,0.0,0.6460784116044705,3472.96732803706,20.097398239598604,17.3648366401853
-151.92692,200,50.099045,0.0,0.7084835761883913,3304.999576586295,19.83547801014659,16.524997882931476
-28.883031,200,50.221594,0.0,0.11875592302278863,3288.36879118724,19.25854449003083,16.4418439559362
-82.535786,200,50.343757,0.0,0.40840032108457425,3497.6266187876095,19.45467236533028,17.488133093938046
-56.120097,200,50.468693,0.0,0.26108596265065037,3649.1190836254777,20.64993809819075,18.24559541812739
-53.99977,200,50.595163,0.0,0.2248674472819092,3223.4203953351002,18.605005439038784,16.1171019766755
-142.754133,200,50.714687,0.0,0.7141966588856253,3256.270671336869,19.537351661010202,16.281353356684345
-156.74893,200,50.838563,0.0,0.7195602211386413,3219.4645627754426,18.735260571322637,16.097322813877213
-22.152332,200,51.263417,0.0,0.15770638317383956,3536.3458312699263,19.849688203750624,17.681729156349633
-96.334507,200,51.390465,0.0,0.4735405377018501,3189.1174371470574,18.690185666439984,15.945587185735286
-123.221242,200,51.51478,0.0,0.6111496917138374,3208.487863514434,18.54790093678552,16.04243931757217
-142.904711,200,51.643317,0.0,0.6785714956186305,3204.2712163004485,19.289491559809697,16.021356081502244
-77.414112,200,51.771862,0.0,0.290151714023129,3283.461797303723,19.850549543660144,16.417308986518616
-148.309162,200,51.892354,0.0,0.7400710010327567,3415.5244913958472,19.326843888242788,17.077622456979235
-149.482328,200,52.016951,0.0,0.7421787926642904,3609.923842091648,20.747401016931626,18.04961921045824
-174.474839,200,52.138993,0.0,0.8457155250229434,3346.053845289323,19.894753553233596,16.730269226446616
-162.225411,200,52.261145,0.0,0.7489385176378307,3375.97673386022,20.601418552099393,16.8798836693011
-144.13577,200,52.385725,0.0,0.7166017207393465,3564.7141819191743,20.395736300913256,17.823570909595873
-53.340608,200,52.800771,0.0,0.25183578934234885,3645.1897096537946,21.241575862180337,18.225948548268974
-144.515376,200,52.949823,0.0,0.6628756056952264,2973.5546487550905,17.86468619575534,14.867773243775453
-65.422864,200,53.090077,0.0,0.30838683025673286,3486.255388805232,20.596171224988957,17.43127694402616
-134.422957,200,53.217162,0.0,0.647301229318014,3216.272080022018,19.462348445008825,16.08136040011009
-147.150594,200,53.341728,0.0,0.7405025985424885,3411.1632384357636,19.59122695881289,17.055816192178817
-134.167058,200,53.464764,0.0,0.6686861863248034,3524.7791689190403,20.085778566258405,17.6238958445952
-26.369118,200,53.591274,0.0,0.12082802318604344,3316.7770657231536,18.870707644926725,16.583885328615768
-33.353014,200,53.719793,0.0,0.14328475606989793,3440.3184877389094,19.788836776647123,17.201592438694547
-57.214505,200,53.853614,0.0,0.2830728117068821,3547.44664801349,19.896981862123972,17.73723324006745
-137.597969,200,53.975141,0.0,0.6825713461126647,3518.955152109566,19.648676404525133,17.59477576054783
-57.814386,200,54.094664,0.0,0.2683157516543159,3434.190361841,19.862760771574216,17.170951809205
-51.310446,200,54.537758,0.0,0.24643663914352903,3494.219261348451,20.44224928902939,17.471096306742254
-156.067179,200,54.669739,0.0,0.7773183582430883,3436.48159801583,19.971648083843,17.18240799007915
-145.566953,200,54.796269,0.0,0.6611402961206091,3339.816488502093,19.628415492594577,16.699082442510463
-163.194502,200,54.921389,0.0,0.7707233075967799,3416.7631872077905,20.043966959977826,17.083815936038953
-85.89231,200,55.048908,0.0,0.41589934964937014,3198.071508393396,18.942647752988545,15.99035754196698
-134.759357,200,55.172943,0.0,0.6110342148935105,3408.2294981248956,19.466687160239797,17.04114749062448
-81.55164,200,55.303655,0.0,0.4089366655978353,3440.5149548874165,20.35086667910854,17.202574774437082
-60.776573,200,55.429801,0.0,0.19608534876843442,3323.237555594993,19.109989179524817,16.616187777974964
-121.165426,200,55.545289,0.0,0.5676063687492421,3564.5458125884734,21.1439602693886,17.82272906294237
-114.598572,200,55.669287,0.0,0.49240327658676614,3379.6972216386876,19.90866343512217,16.89848610819344
-109.205663,200,56.108104,0.0,0.5433351913662183,3437.7272895429996,20.60866319656907,17.188636447714998
-132.454142,200,56.253562,0.0,0.6423167949116426,3082.728507541287,18.322274658531803,15.413642537706435
-56.818528,200,56.381142,0.0,0.26563728096198747,3315.2949854968524,18.912774786809983,16.576474927484263
-38.659266,200,56.504713,0.0,0.14764756199214138,3455.3553940286565,19.245680941937053,17.27677697014328
-63.05203,200,56.627198,0.0,0.26925199804111427,3222.579585118398,18.951187904036974,16.11289792559199
-135.505771,200,56.748719,0.0,0.677609132661073,3202.901813215718,18.889446176512404,16.01450906607859
-34.752486,200,56.875305,0.0,0.13296444202841268,3202.516963274201,18.692399376272892,16.012584816371003
-84.301397,200,56.998826,0.0,0.346706659353052,3345.05199880472,19.294827827126692,16.7252599940236
-102.353641,200,57.117375,0.0,0.4552526972482103,3413.5928547247513,19.672965477244684,17.06796427362376
-101.182514,200,57.236466,0.0,0.5048574221085748,3220.1826131812045,19.362815564673713,16.100913065906024
-58.259609,200,57.70684,0.0,0.2949623488492312,3489.714108307279,20.09184941392855,17.448570541536395
-91.077125,200,57.85587,0.0,0.4495599968750585,3430.38600263767,20.240925234203083,17.151930013188352
-145.49224,200,57.990336,0.0,0.7210586627417835,3358.006919526542,20.230524542645412,16.790034597632708
-113.394213,200,58.120858,0.0,0.5759812800016327,3538.6140263305106,20.48915733191702,17.693070131652554
-99.345091,200,58.248002,0.0,0.39452235838003424,3122.3853515574897,18.685169762410936,15.61192675778745
-129.723682,200,58.373877,0.0,0.6367421112852532,3459.5437778054206,19.733557652669216,17.297718889027102
-62.729224,200,58.496379,0.0,0.31390718642050247,3056.9626681520945,17.959515187101477,15.284813340760472
-72.602181,200,58.621871,0.0,0.3647364895981448,3301.4422028941094,19.80378551382931,16.507211014470546
-62.149667,200,58.750405,0.0,0.2912735134506154,3266.4459090408527,19.136616768317577,16.332229545204264
-94.74199,200,58.872046,0.0,0.4773900430296873,3286.1969251488854,19.374538693330443,16.430984625744426
-38.901406,200,59.30665,0.0,0.16408328339944972,3608.9720424122534,20.601171185893993,18.044860212061266
-46.58856,200,59.442705,0.0,0.25399520245973667,3154.9582390476676,18.591082206859348,15.774791195238338
-151.068684,200,59.580203,0.0,0.7143157739223132,3315.187032345134,18.84253066225758,16.57593516172567
-70.617368,200,59.710762,0.0,0.38458484751001637,3302.9295992296256,18.368354701391432,16.514647996148128
-57.201591,200,59.835877,0.0,0.2966257291506589,3418.647415788311,20.066103756470962,17.093237078941556
-114.719292,200,59.964772,0.0,0.5939427411404506,3413.077099566505,19.81858462758914,17.065385497832523
-167.205948,200,60.090297,0.0,0.818296657591752,3380.7101319846306,19.69296675954421,16.90355065992315
-59.172895,200,60.211739,0.0,0.31652170397249013,3007.788969329213,17.60308783338874,15.038944846646066
-60.073505,200,60.334275,0.0,0.3463170809080093,2981.540727676273,17.737622997653574,14.907703638381365
-36.160077,200,60.453307,0.0,0.18677899010897625,3439.5005666710654,20.218544160865367,17.197502833355326
-77.13889,200,60.575776,0.0,0.40960312198183846,3414.078099513497,19.93718951779084,17.070390497567484
-67.564286,200,61.023376,0.0,0.3278482935831493,3312.175610828839,20.1132847025827,16.560878054144197
-135.224835,200,61.148913,0.0,0.5974868142048025,3136.4495060195204,19.036745596136107,15.682247530097602
-96.933097,200,61.276962,0.0,0.4876578359719246,3317.7037328861193,18.9854978996291,16.588518664430595
-144.818449,200,61.403491,0.0,0.6317036413976298,2954.609489952477,18.518863765311117,14.773047449762384
-168.535439,200,61.526749,0.0,0.8125341371309945,3257.5502738485648,19.345943600023702,16.287751369242823
-119.003079,200,61.651284,0.0,0.4537536437711709,3179.9270827088485,19.113730946535856,15.899635413544242
-24.865626,96,61.709815,1.0,0.04641213936330328,1579.5985788991404,9.423389962282165,16.45415186353271
-125.886938,200,61.84201,0.0,0.6259658978438966,3490.075940649565,19.590686724106973,17.450379703247826
-68.350792,200,61.963554,0.0,0.5621084009498554,2828.5300194457473,17.08640828843082,14.142650097228737
-82.821526,200,62.083071,0.0,0.37131260481487394,3279.2496939060397,19.174504378873426,16.3962484695302
-54.080116,200,62.510669,0.0,0.3561918675187511,3477.8037927178952,19.49702958421239,17.389018963589475
-156.443344,200,62.645702,0.0,0.753599237085086,3428.3379715606984,20.149929338422847,17.14168985780349
-138.848284,200,62.778757,0.0,0.5806871880608385,3246.9778384328447,19.207803372950426,16.234889192164225
-49.255152,200,62.902279,0.0,0.32903358045210945,3168.876926495173,19.424311812003786,15.844384632475865
-127.951645,200,63.022672,0.0,0.6237589760540979,3206.3336605722984,19.002488191725718,16.03166830286149
-66.205825,200,63.149196,0.0,0.3176757922037787,3555.3562778618993,20.317277818847845,17.776781389309498
-125.719058,200,63.276262,0.0,0.5507067755725545,3381.1021058912493,19.989089135111097,16.905510529456247
-94.338417,200,63.401806,0.0,0.4134521124806851,3288.4139485459154,18.982611277345956,16.442069742729576
-16.501327,83,63.454349,1.0,0.04555797055274223,1181.4990212293324,7.054848266157574,14.234927966618462
-171.294258,200,63.574905,0.0,0.8668851220772597,3216.514187618496,18.800763560706738,16.08257093809248
-47.841646,200,63.699457,0.0,0.3870495651440987,3373.898243864151,19.232636873589872,16.869491219320754
-125.556476,200,64.145539,0.0,0.6181417837661274,3285.917430014665,19.35854412161799,16.429587150073324
-116.477747,200,64.302201,0.0,0.5613524238775222,3181.4606318944093,18.468439380958905,15.907303159472047
-47.423692,200,64.429667,0.0,0.16166345405192087,3366.197670746298,19.18236441046596,16.83098835373149
-54.520048,200,64.556149,0.0,0.33135091145209566,3483.5214570722724,19.586959436551115,17.417607285361363
-71.593538,200,64.679644,0.0,0.3321744305893321,2877.4286064776984,17.982112683238896,14.387143032388492
-82.741782,200,64.802174,0.0,0.34333980007801557,3205.753054977467,18.279087837822498,16.028765274887334
-30.367772,200,64.927737,0.0,0.1887531758194246,3597.133671511347,20.74987457952803,17.985668357556737
-66.595135,200,65.051266,0.0,0.4600600035381496,2828.609551513768,17.43519826875326,14.14304775756884
-83.480435,200,65.174294,0.0,0.3272980725550774,3272.9706723457716,19.256633077131447,16.36485336172886
-69.706178,200,65.290824,0.0,0.49916723004102925,2979.0551502530666,18.13103005979082,14.895275751265332
-148.181457,200,65.729722,0.0,0.7270485568488082,3198.080980200178,18.947355651034684,15.990404901000892
-76.033088,200,65.8727,0.0,0.5740272044464979,3147.723085485266,17.781867397633242,15.73861542742633
-52.268914,200,66.001951,0.0,0.3828177457989605,3298.2975972262075,19.36391456037534,16.491487986131038
-130.45245,200,66.128428,0.0,0.4644127023185402,2968.526481709898,18.106756070643513,14.84263240854949
-133.195282,200,66.259741,0.0,0.6659995963180034,3429.3131195518868,20.070863288209317,17.146565597759434
-70.245174,200,66.386098,0.0,0.2884900598047819,3413.1482022261926,19.026799519071123,17.065741011130964
-164.767885,200,66.511624,0.0,0.8136106440503564,3179.909142485419,18.341588337826494,15.899545712427095
-74.566863,200,66.634149,0.0,0.42514217473711896,3049.738407033109,18.613377219063878,15.248692035165545
-88.268498,200,66.76019,0.0,0.4410746330823474,3184.822654172932,18.368142534367482,15.924113270864659
-159.049028,200,66.878739,0.0,0.7232419698079757,3207.763847334107,19.83689690334307,16.038819236670534
-96.690431,200,66.995274,0.0,0.46883479227320457,3207.8352887864285,18.779239309508874,16.039176443932142
-110.938953,200,67.447278,0.0,0.569920925436321,3310.195397991055,19.555270267725774,16.550976989955274
-39.735866,200,67.581813,0.0,0.31703045775070177,3268.1474060006244,20.105748115429606,16.340737030003122
-101.15808,200,67.706316,0.0,0.5090720820368188,3453.8742722073102,20.315809274026556,17.26937136103655
-48.140668,200,67.828501,0.0,0.3314276810817491,3563.0278635061095,20.596495436383748,17.815139317530548
-171.687256,200,67.951062,0.0,0.8508529270375171,3224.0014193394545,18.56251646006661,16.12000709669727
-176.234883,200,68.072036,0.0,0.864702380403049,3547.196738173777,20.27868151747238,17.735983690868885
-138.683578,200,68.194892,0.0,0.5746329751503877,3217.833358711839,18.843096591659258,16.089166793559194
-151.052582,200,68.317476,0.0,0.7476238341008588,3415.4107113300233,19.444080444052375,17.077053556650117
-59.220886,200,68.440306,0.0,0.3261037162468607,3136.0750804246723,18.546423014238957,15.680375402123362
-40.324155,200,68.566402,0.0,0.13335839649068765,3458.1676353280045,19.786314957211058,17.290838176640023
-138.676009,200,68.999467,0.0,0.6995126261976494,3428.8523482855926,20.07334358514183,17.144261741427965
-135.96072,200,69.14001,0.0,0.5511564412039938,3159.7155853573195,18.455984366199015,15.798577926786598
-171.281779,200,69.268065,0.0,0.8457845541381815,3440.2379288819134,20.1334034347948,17.201189644409567
-160.448411,200,69.391569,0.0,0.790510959100186,3412.123207107292,19.77679511382186,17.06061603553646
-134.860904,200,69.518094,0.0,0.6317654331525884,3511.9223131574536,20.22923502158461,17.559611565787268
-112.131255,200,69.64167,0.0,0.5763143718681742,3540.8569795435947,20.388266833321097,17.704284897717972
-72.653167,200,69.762709,0.0,0.5752287014338802,2916.3965106712385,16.98493271698613,14.581982553356193
-92.599799,200,69.894799,0.0,0.4203160690553008,3309.4747744296847,18.945505876415453,16.547373872148423
-138.324626,200,70.020328,0.0,0.635534844164824,3347.0756326396568,19.558221264915634,16.735378163198284
-130.753555,200,70.147855,0.0,0.6532056213465453,3454.0953536337506,20.803540394484564,17.270476768168752
-70.386105,200,70.681789,0.0,0.4803893005567008,3035.351002927709,17.672885799288863,15.176755014638545
-116.565319,200,70.844498,0.0,0.5287147244722676,3343.4963483632037,19.267199369795954,16.71748174181602
-99.140135,200,70.977503,0.0,0.5316525922066216,2985.3588452475265,17.514233647984025,14.926794226237632
-105.134841,200,71.114049,0.0,0.4710662920005167,2978.141675627159,18.348298558485606,14.890708378135797
-109.19102,200,71.24857,0.0,0.5489697640160899,3383.31535576877,19.304777460877315,16.91657677884385
-98.448486,200,71.38264,0.0,0.48302934804695963,3140.8335941681858,18.300322076660652,15.70416797084093
-73.869479,200,71.517167,0.0,0.4548331340059872,3100.4063879842247,18.241903214128765,15.502031939921123
-65.500372,200,71.646699,0.0,0.37737099659220086,3105.9643939000352,18.569361147275966,15.529821969500176
-82.574393,200,71.771713,0.0,0.487785033131189,3255.784370542604,19.47405310833262,16.27892185271302
-94.958964,200,71.895576,0.0,0.4432744938443527,3281.6072693897886,19.313269864799054,16.408036346948943
-146.479058,200,72.324666,0.0,0.6957304443414313,3123.3504471616807,18.6759871318614,15.616752235808404
-109.486559,200,72.466656,0.0,0.5602181296628224,3423.1868168735004,20.084252846226136,17.115934084367503
-135.991603,200,72.595201,0.0,0.6408612625678581,3450.0095368737925,20.194422861632614,17.250047684368962
-161.256803,200,72.728698,0.0,0.7800550113368101,3403.933584851522,20.114358469400038,17.01966792425761
-69.969324,200,72.879774,0.0,0.30486194582856724,3114.4568253954026,18.604237756002046,15.572284126977014
-113.200299,200,73.015979,0.0,0.49864199571313855,3172.1367496911344,18.68061924193162,15.860683748455672
-49.400553,200,73.149564,0.0,0.3660173995045967,3265.5624300792433,19.508684633154125,16.327812150396216
-116.60846,200,73.284853,0.0,0.5771698564928942,3633.6700245431093,20.586968167894806,18.168350122715548
-11.554235,53,73.318855,1.0,0.04573295431231435,699.9472400071983,4.385013417487672,13.206551698249024
-66.579381,200,73.443395,0.0,0.33044767258805724,3257.952217753805,17.97143729278312,16.289761088769026
-70.208119,200,73.567468,0.0,0.4293085888216334,2931.200808226391,17.734056794121223,14.656004041131956
-74.65616,200,74.005605,0.0,0.38060007335323975,3458.0088620676365,20.12030247554799,17.290044310338182
-115.96158,200,74.139106,0.0,0.4412490606478903,3200.376412754179,18.511949013920702,16.001882063770896
-61.480261,200,74.268108,0.0,0.2976619402502429,3139.1195090488186,18.583451555448722,15.695597545244093
-62.008574,200,74.392601,0.0,0.2935779722938913,3415.4140759205225,19.969246859551202,17.077070379602613
-52.917891,200,74.519123,0.0,0.3993442815190602,3225.959584611319,18.605487698341513,16.129797923056593
-64.348494,200,74.640591,0.0,0.33488761857656857,3408.5327996045417,19.324881386076022,17.042663998022707
-60.789279,200,74.762244,0.0,0.26432266109510766,3013.5025567920825,18.37046772063467,15.067512783960412
-139.82623,200,74.883724,0.0,0.6921865319475722,3441.222136962324,19.673924531554324,17.20611068481162
-133.956489,200,75.008247,0.0,0.6668769869121836,3463.8523992279042,19.64899001277068,17.31926199613952
-53.477607,200,75.134729,0.0,0.25076699711437367,3302.8176087986462,19.59349062652521,16.51408804399323
-126.635578,200,75.257844,0.0,0.5171469962161679,2993.926723567873,17.910101798549196,14.969633617839365
-91.921254,200,75.705381,0.0,0.39843670391980235,3373.9961040593853,19.074318866766333,16.869980520296927
-142.062034,200,75.841863,0.0,0.6380888869742732,3335.6639041185344,19.72080384407157,16.678319520592673
-52.619856,200,75.972656,0.0,0.3472760744909639,3055.1621930142333,18.880518104475975,15.275810965071166
-158.571032,200,76.094216,0.0,0.7737055797420647,3449.040669275269,20.01184093139309,17.245203346376346
-154.694158,200,76.216746,0.0,0.766360772735788,3288.44051799142,20.415865697577143,16.442202589957102
-112.859737,200,76.342263,0.0,0.5648093618381463,3343.961898989615,19.195793244762513,16.719809494948073
-60.329589,200,76.467227,0.0,0.45880128691082417,3252.194331417802,19.105255332424274,16.26097165708901
-121.677442,200,76.594748,0.0,0.5811299034923556,3426.710712521513,19.543884228238944,17.133553562607563
-49.10166,200,76.716223,0.0,0.2463284901690285,3245.948375769277,19.193806394886067,16.229741878846383
-52.522127,200,76.832765,0.0,0.3138294750299615,3589.1788228959745,20.188646332727014,17.945894114479874
-36.378914,200,77.301246,0.0,0.3145667781856288,3003.2159431925697,18.00860587009835,15.01607971596285
-113.220313,200,77.442506,0.0,0.5678855998572786,3567.0525251805093,20.15710260013802,17.835262625902548
-131.021134,200,77.564523,0.0,0.6466330406613683,3458.9357883361636,20.34670713429382,17.294678941680818
-100.581844,200,77.690023,0.0,0.4425540509718523,3362.8548976948323,19.1813344196893,16.81427448847416
-57.294831,200,77.813547,0.0,0.27837131107318586,3091.888858435762,18.023077629948293,15.459444292178809
-137.699486,200,77.936958,0.0,0.6428328096543393,3353.681202220151,19.657539812253617,16.768406011100755
-96.031065,200,78.06355,0.0,0.49503034716026484,3555.1245182296593,20.453611177788147,17.775622591148295
-137.368778,200,78.188028,0.0,0.6947520626880517,3459.195605081928,19.486202732371734,17.29597802540964
-103.160055,200,78.311089,0.0,0.5138938755925989,3389.1771561783366,19.480689031875944,16.945885780891683
-94.429927,200,78.432652,0.0,0.4642507305324837,3294.0049792913246,19.835568388037046,16.47002489645662
-109.553338,200,78.890003,0.0,0.48731341944818957,3067.294672157917,18.3325159648847,15.336473360789585
-119.769171,200,79.024495,0.0,0.581881604860711,3345.2834363350703,19.516941121099567,16.72641718167535
-96.182211,200,79.153073,0.0,0.4642094248269594,3141.5215923089495,18.63814503935417,15.707607961544747
-154.803259,200,79.278932,0.0,0.7766749682559702,3437.8379496189427,19.759276504519946,17.189189748094712
-163.833814,200,79.404491,0.0,0.7752292576252928,3461.883362786223,19.775147312668988,17.309416813931115
-43.899243,200,79.533309,0.0,0.2104663282825793,3439.2969795391004,19.969356377929756,17.196484897695502
-92.581746,200,79.659358,0.0,0.467007912311817,3516.5258905156434,20.41171846443801,17.582629452578217
-58.581274,200,79.783056,0.0,0.2829904549607541,3341.0475125820963,18.936576141215113,16.705237562910483
-133.827579,200,79.907226,0.0,0.6679367507389719,3338.2357991097256,19.787936306502438,16.69117899554863
-37.989839,200,80.026773,0.0,0.18738629007841345,3247.1466417333168,19.227046523958688,16.235733208666584
-69.802024,200,80.466864,0.0,0.308251060904657,3337.4112616333646,20.02490837550177,16.687056308166824
-104.625299,200,80.635382,0.0,0.5287824829921046,3667.1253198051295,21.143508524241,18.335626599025648
-147.989694,200,80.77244,0.0,0.7298923286501074,3235.8412376870674,19.009172073647587,16.179206188435337
-35.133644,200,80.901002,0.0,0.15413502891027656,3176.691999515158,18.342393007771193,15.88345999757579
-102.191235,200,81.0265,0.0,0.5154223436782174,3251.0277104356637,19.23532453820915,16.25513855217832
-59.449618,200,81.154088,0.0,0.3166631662091956,3113.2550763386776,18.729367012530396,15.566275381693387
-163.203425,200,81.273855,0.0,0.8044206699037132,3451.5456485789305,20.107728859247914,17.257728242894654
-119.663144,200,81.398409,0.0,0.5346260167580374,2798.886590433423,16.808024628970244,13.994432952167115
-10.313567,40,81.42441,1.0,0.04761244397817716,239.31985346685033,2.0286883937366276,5.982996336671258
-40.961742,200,81.547728,0.0,0.32315924311272376,3309.26978348583,19.297094369859987,16.54634891742915
-52.861372,200,81.669581,0.0,0.25241183190206606,3100.7204543971256,18.456172738727737,15.503602271985628
-124.352161,200,82.121689,0.0,0.572275199212406,2945.3931276899516,17.91178814377649,14.726965638449759
-112.503983,200,82.261227,0.0,0.5579760999233943,3406.5860076053164,19.685060531244595,17.03293003802658
-68.22389,200,82.39387,0.0,0.37719585609255624,2780.7915318078954,17.22974773888503,13.903957659039477
-74.753604,200,82.518399,0.0,0.3075617222267704,2753.411547504303,17.457899316348893,13.767057737521515
-155.980137,200,82.64692,0.0,0.7758989156543213,3285.472384743259,19.10033162700173,16.427361923716298
-69.197845,200,82.771928,0.0,0.3354752262139878,3416.9599962236143,20.152304962060626,17.08479998111807
-96.95096,200,82.894112,0.0,0.421014390366929,2835.7165351453127,17.067493866404064,14.178582675726563
-56.4381,200,83.01658,0.0,0.28370001072565615,3349.13053111025,19.37173672113446,16.74565265555125
-108.023172,200,83.137126,0.0,0.5481872377286295,3342.249049297597,19.17035291696077,16.711245246487987
-66.886605,200,83.25574,0.0,0.4703185545295899,3071.5574436547663,18.515604022370376,15.357787218273831
-77.447313,200,83.37827,0.0,0.38209877431694306,3695.4704508685268,21.42605727199364,18.477352254342634
-90.330296,200,83.803864,0.0,0.44818123333350357,2853.6174089495594,16.96080149977833,14.268087044747796
-166.364055,200,83.949799,0.0,0.8312507174559182,3739.46261552977,20.87115026983777,18.69731307764885
-158.917514,200,84.075481,0.0,0.7933976509119257,3607.239304206962,20.413246681905235,18.03619652103481
-77.502412,200,84.20066,0.0,0.3801196971579532,3234.7847652150767,19.182084218770367,16.173923826075384
-154.031105,200,84.324203,0.0,0.7675556071767559,3275.885019209324,18.691234874992993,16.37942509604662
-95.725339,200,84.447747,0.0,0.4206762843822932,2594.1482520197073,16.45402694548906,12.970741260098537
-74.821812,200,84.572782,0.0,0.4038462929469442,2713.1417102554883,16.532349187462078,13.565708551277442
-63.086449,200,84.69525,0.0,0.3190865498143222,3418.4736103763166,19.137442752018273,17.092368051881582
-54.651434,200,84.818772,0.0,0.5064943687284311,2840.885700521939,16.94298941345453,14.204428502609694
-60.93658,200,84.934298,0.0,0.46741178361971364,3049.8944630570577,17.949301977043582,15.249472315285288
-76.155169,200,85.36233,0.0,0.37794072635375364,2953.819232973308,17.60225337570338,14.76909616486654
-66.609142,200,85.498364,0.0,0.31239658894470984,3125.2150395419317,18.17219608849033,15.626075197709659
-57.543474,200,85.62388,0.0,0.3067316557836151,3462.8927108025878,19.77624495582651,17.31446355401294
-129.82141,200,85.750431,0.0,0.5286865650903677,3157.2174951115553,18.306175061507883,15.786087475557776
-43.325541,200,85.873555,0.0,0.2113418273130913,3314.0896289773195,20.083723001161964,16.570448144886598
-130.094525,200,85.99987,0.0,0.63117592076554,3468.1095101428177,20.20130094647257,17.34054755071409
-86.328612,200,86.128308,0.0,0.3986501997689374,3069.8578605606995,18.302733734298876,15.349289302803497
-76.818405,200,86.252139,0.0,0.38350308967995894,3581.211549208705,21.213613785606185,17.906057746043526
-137.580618,200,86.380714,0.0,0.621999630085776,2993.6262035390205,17.844862926025105,14.968131017695102
-111.672748,200,86.504236,0.0,0.5489286100759952,3580.6229454907416,19.99849383748733,17.90311472745371
-160.989828,200,86.930342,0.0,0.8141067617260094,3420.0375818456287,20.060720442914448,17.100187909228143
-78.421111,200,87.063869,0.0,0.4337524095604415,3138.1678023261275,18.452678125105997,15.690839011630636
-140.254657,200,87.189884,0.0,0.7000265982102437,3354.8645209306737,19.425692140824303,16.774322604653367
-80.965716,200,87.314417,0.0,0.39375634273824334,3647.036028043384,20.572017540201546,18.23518014021692
-45.588011,200,87.438919,0.0,0.2881869087922208,3113.3226420209435,18.288944249162093,15.566613210104718
-67.068367,200,87.563499,0.0,0.3163260711608588,3234.4032578858955,18.831909518862446,16.17201628942948
-131.32365,200,87.681537,0.0,0.5811767747827168,3320.8453165605206,18.897415205399128,16.604226582802603
-96.558486,200,87.806004,0.0,0.4772997855638849,3473.3997916242697,20.386187397790444,17.36699895812135
-62.625152,200,87.930243,0.0,0.357138877063001,3381.1467743746,20.46911037761389,16.905733871873
-83.574594,200,88.049773,0.0,0.4407204771540814,2946.895001851863,17.99769767916202,14.734475009259315
-146.322473,200,88.517432,0.0,0.7177735299779603,3492.139594141046,20.20878429403212,17.46069797070523
-52.724474,200,88.661503,0.0,0.24786110061200195,3526.175382716113,20.062396343504854,17.630876913580565
-86.136504,200,88.789606,0.0,0.37621357028269165,2747.2911301826634,16.91577011488971,13.736455650913317
-165.677532,200,88.914108,0.0,0.8262220515358389,3634.1715346476412,20.922018547185125,18.170857673238206
-7.281032,32,88.934106,1.0,0.04650571673204209,236.1448132955512,1.5223227486432733,7.379525415485975
-48.760186,200,89.061662,0.0,0.3836364824505228,3187.5871008397976,18.85784375339365,15.937935504198988
-72.098485,200,89.183761,0.0,0.43166071823302526,3190.373968384785,18.70417348632506,15.951869841923925
-97.947709,200,89.30728,0.0,0.4668917774498547,3147.1940020388693,18.631363692444157,15.735970010194347
-102.401041,200,89.43077,0.0,0.47969866479030243,2911.8787205428134,17.004680136160733,14.559393602714067
-77.1303,200,89.555321,0.0,0.39353769387981696,2944.652550971444,17.344585659157975,14.723262754857219
-156.533443,200,89.674979,0.0,0.7550007476883667,3137.5131544480373,19.0148136810034,15.687565772240186
-154.525463,200,90.104084,0.0,0.7676114175647206,3376.219290054552,19.084035277060106,16.88109645027276
-117.253327,200,90.244605,0.0,0.5856744377252153,3398.8327126654713,19.441578510574058,16.994163563327355
-85.546104,200,90.370648,0.0,0.42564200259406504,3158.2787414921627,18.88090912172179,15.791393707460813
-109.566123,200,90.498504,0.0,0.4241965447374112,2915.8461602936327,16.794635488626724,14.579230801468164
-168.469073,200,90.625236,0.0,0.8571797789319604,3393.1697087399248,19.04685532412865,16.965848543699625
-68.424184,200,90.748717,0.0,0.34152324331559136,3371.5945319013,19.82066358146059,16.8579726595065
-158.675175,200,90.870779,0.0,0.7938210043431856,3167.5918227043994,18.478777323200543,15.837959113521997
-51.972858,200,90.998374,0.0,0.38552015420317276,3292.087414790282,18.996186729448223,16.46043707395141
-121.004167,200,91.122005,0.0,0.5979364416080811,3453.693957030721,19.229938970531066,17.268469785153606
-66.531683,200,91.239508,0.0,0.37677848865798164,3362.344290915286,19.51146004622007,16.81172145457643
-86.497202,200,91.359977,0.0,0.40158782133308113,3299.2111220317124,19.086246635738735,16.496055610158564
-95.62223,200,91.800075,0.0,0.48627578159419155,3037.5791019473304,17.823740724414236,15.187895509736652
-8.622127,33,91.82106,1.0,0.04620956304961138,128.92304402558293,0.8921305687597261,3.906758909866149
-106.16907,200,91.951615,0.0,0.5287021688764179,3329.7021172342875,19.120928340463973,16.648510586171437
-9.00945,39,91.978802,1.0,0.03526474473735172,371.0734255619005,2.398923590064243,9.51470321953591
-172.001862,200,92.106363,0.0,0.8572624039428526,3543.0159118097604,20.63937266811748,17.715079559048803
-93.158641,200,92.228863,0.0,0.41244407312845577,2756.4000138941296,16.332753397527924,13.782000069470648
-67.92669,200,92.353424,0.0,0.48677012877544407,2902.1304657241208,17.604541463567152,14.510652328620603
-92.054356,200,92.476326,0.0,0.4561222902182529,3267.6301413312003,18.780939122945377,16.338150706656002
-161.283243,200,92.598853,0.0,0.8036078916521117,3426.5779024782014,19.669885239877654,17.132889512391007
-143.805986,200,92.726413,0.0,0.6698114806719295,3015.440260326563,18.34766919748005,15.077201301632815
-27.32755,200,92.847133,0.0,0.14967090642871791,3382.4739344594827,19.9059300328231,16.912369672297412
-45.664802,200,93.26127,0.0,0.22342211013789723,3204.6761638852367,18.60646954241521,16.023380819426183
-107.774557,200,93.400298,0.0,0.5428491016603141,3275.822709195625,19.629729595378926,16.379113545978125
-57.238566,200,93.544349,0.0,0.294940164040104,3771.7193309384998,20.86383683588669,18.858596654692498
-90.281812,200,93.670936,0.0,0.4123174237557117,3163.8729398146843,19.15331249152703,15.819364699073422
-144.505317,200,93.800494,0.0,0.6775170635771061,3077.951535650552,18.249192443574852,15.38975767825276
-65.220125,200,93.919374,0.0,0.37023015600010956,3195.804811722388,18.544808657199532,15.97902405861194
-77.917021,200,94.04297,0.0,0.3671535226652523,3344.2502759014737,19.454411174141928,16.72125137950737
-86.833433,200,94.168505,0.0,0.437197371220651,3065.9793518268625,18.4631977005796,15.329896759134312
-99.818091,200,94.294148,0.0,0.49627976976664845,3329.777926389519,19.603036770959314,16.648889631947597
-90.569908,200,94.414701,0.0,0.537408497383207,2619.64533705647,15.613713421119432,13.09822668528235
-63.916354,200,94.530196,0.0,0.4691879567158538,2944.617369468965,17.078843213676304,14.723086847344826
-38.146013,200,94.987463,0.0,0.20213672004509467,3304.8592300480204,19.313120646732525,16.5242961502401
-40.093985,200,95.115579,0.0,0.21476071162017482,3548.941259265714,19.642022066374107,17.74470629632857
-108.686112,200,95.243885,0.0,0.5395359676372662,3271.026286649456,19.252372952841522,16.35513143324728
-73.371242,200,95.366348,0.0,0.4621907165133278,3151.2890992651264,18.713029117943517,15.756445496325632
-59.982272,200,95.49045,0.0,0.29906947241078663,3437.397107016276,19.630410782033238,17.18698553508138
-130.942957,200,95.618968,0.0,0.5863893611605457,3173.551566299842,18.283629354066246,15.86775783149921
-81.191023,200,95.739496,0.0,0.49656352116362196,3076.6567218787363,18.423267357999848,15.383283609393681
-97.64364,200,95.863045,0.0,0.4968169526751275,3509.9508383751345,20.28344446976521,17.54975419187567
-142.706896,200,95.983456,0.0,0.6966151283125249,3217.470920097309,18.810267449646275,16.087354600486545
-165.489256,200,96.106024,0.0,0.7907611974637259,3429.68726613992,19.628943365218806,17.1484363306996
-151.201148,200,96.546548,0.0,0.7463762933496728,3391.5345117516595,20.103234995359117,16.957672558758297
-118.330265,200,96.693609,0.0,0.5862374629580379,3294.0285675704927,19.83096439671176,16.470142837852464
-73.064583,200,96.824161,0.0,0.6216574919294947,2834.1391031673334,16.838643549960675,14.170695515836666
-59.711095,200,96.95102,0.0,0.37320413394100166,3098.979798216522,18.800395728127985,15.494898991082609
-133.08941,200,97.074085,0.0,0.6238002217747549,3107.0282695627902,17.763346356925208,15.535141347813951
-82.958296,200,97.205294,0.0,0.27721025952126266,2789.817210843879,16.292865206599764,13.949086054219395
-62.315828,200,97.331105,0.0,0.29423114214324775,3630.0084824123614,21.394694667181803,18.150042412061808
-66.769777,200,97.452562,0.0,0.33615018765202803,3247.9080798729065,18.64810671745989,16.239540399364532
-76.244241,200,97.577661,0.0,0.4990918557444172,3109.956922635206,18.43212839038349,15.54978461317603
-104.659084,200,97.702215,0.0,0.5032577205950389,3001.4050738848964,18.12376234693114,15.007025369424483
-116.700999,200,98.12472,0.0,0.4178197290168264,2712.9735566334016,15.916119565004802,13.564867783167008
-99.58367,200,98.272784,0.0,0.3916511749742357,2462.7942960433547,14.49608107264475,12.313971480216773
-66.64,200,98.398259,0.0,0.3485773398750888,3293.87738192697,18.872121105732706,16.46938690963485
-46.760772,200,98.525738,0.0,0.2736811716651732,3184.845765951033,19.08568077858428,15.924228829755165
-96.752968,200,98.647018,0.0,0.29124742915650914,2893.547535049442,16.48470554997642,14.46773767524721
-117.210494,200,98.770548,0.0,0.587252048673205,3350.2493070277346,20.031680257667947,16.751246535138673
-143.981521,200,98.895051,0.0,0.5902281765016789,2965.2141115322324,17.721368357748567,14.826070557661161
-64.107825,200,99.015509,0.0,0.3922896636819978,3311.6686864139438,19.288079193752978,16.55834343206972
-64.578265,200,99.138655,0.0,0.3990056994161017,3159.9680359022495,18.20374785033052,15.799840179511248
-123.424929,200,99.259629,0.0,0.5901709161024733,3340.2838026899826,19.825694284759656,16.701419013449915
-81.615044,200,99.699048,0.0,0.6186935492718174,3089.992982487923,18.00340694247234,15.449964912439617
-53.142334,200,99.830571,0.0,0.46938976996925985,3285.4649934205263,19.15192373465669,16.42732496710263
-112.866919,200,99.961209,0.0,0.4507785893262891,2967.044199485779,16.91586727568987,14.835220997428895
-102.185,200,100.085175,0.0,0.5075139868938218,3473.5933634799244,20.2476141262423,17.367966817399623
-80.209176,200,100.213122,0.0,0.4516586091942418,2589.1966322708035,15.059649648904633,12.945983161354018
-112.873276,200,100.33869,0.0,0.3850827586241274,2533.523180236578,14.701357756253605,12.66761590118289
-110.515517,200,100.460846,0.0,0.5444198458571429,3224.9637761793847,18.8640754254256,16.124818880896925
-8.041033,35,100.483365,1.0,0.0456104750526215,328.8864881755284,2.139372177461963,9.396756805015098
-95.264596,200,100.607886,0.0,0.27218476831145694,2730.445567066174,16.503145600796543,13.652227835330871
-71.138212,200,100.732381,0.0,0.45936138114589103,2715.798754381254,16.250906809063387,13.578993771906271
-86.842188,200,100.856926,0.0,0.4281625917557566,3339.723341426631,19.80709138077713,16.698616707133155
-40.070515,200,101.290521,0.0,0.2639854142615812,3381.292924943605,19.83811360943338,16.906464624718026
-111.116618,200,101.435001,0.0,0.5543548113438836,3552.150904565918,20.715082224847695,17.76075452282959
-123.115499,200,101.569068,0.0,0.517596251622122,3153.50849403388,18.26293075023603,15.767542470169401
-67.499998,200,101.697608,0.0,0.3975134288702174,3274.5976960179482,19.316613698897942,16.37298848008974
-82.871306,200,101.824116,0.0,0.5807123924682511,2880.5496195489823,16.74706536448288,14.402748097744912
-72.814468,200,101.951064,0.0,0.40500868479690644,3078.885397609766,18.709135590796336,15.394426988048831
-85.369727,200,102.074156,0.0,0.41941722610121623,3458.6618668386936,20.291707966075627,17.293309334193466
-148.927905,200,102.195672,0.0,0.6115367343047634,3037.9587687723297,17.53510451341517,15.189793843861649
-34.780268,200,102.32216,0.0,0.25199001284647093,3367.2270354463612,19.488738782363303,16.836135177231807
-124.921774,200,102.44471,0.0,0.6090578169350326,3400.7450613754613,19.7421767609077,17.003725306877307
-128.075954,200,102.566313,0.0,0.520557684164044,3218.6890217258556,18.963304729792632,16.09344510862928
-62.16358,200,103.003891,0.0,0.34100765600113003,3470.1352937830015,19.739750405976437,17.350676468915008
-151.069203,200,103.134406,0.0,0.7365344204425064,3443.7553925722623,20.162750799877063,17.218776962861313
-102.701523,200,103.261939,0.0,0.4709862678779902,3495.694835111832,20.366125006601692,17.47847417555916
-119.191231,200,103.390131,0.0,0.5443591606683035,3286.425074397649,19.197583243325578,16.432125371988246
-10.038998,43,103.418131,1.0,0.043544707281859225,479.09991489601106,3.000869250672455,11.141858485953746
-62.341633,200,103.543499,0.0,0.3405359622767269,3272.0169758091647,18.61177743054052,16.360084879045825
-130.009322,200,103.666578,0.0,0.6177483037605447,3290.597047469564,18.98517780042962,16.45298523734782
-66.697079,200,103.796966,0.0,0.3599414552716055,2816.2893503825144,15.852403302281592,14.081446751912573
-45.219149,200,103.920484,0.0,0.21703400840929463,3388.8912786471246,20.091171365731547,16.944456393235622
-132.669005,200,104.045432,0.0,0.6545725582008571,3350.0355995436767,19.581546488179374,16.75017799771838
-77.145522,200,104.169,0.0,0.528057945031261,2840.8377395131884,16.154099084288248,14.204188697565941
-61.7027,200,104.626613,0.0,0.3055733200641363,3363.2561766887284,19.478798205660162,16.816280883443643
-168.136578,200,104.759741,0.0,0.790291552548871,3440.4754442275175,19.86602677926101,17.20237722113759
-80.95266,200,104.88579,0.0,0.23163789856132294,2876.5760636953733,17.839039244570042,14.382880318476866
-101.084656,200,105.010904,0.0,0.36215840699356694,2738.7150810807825,15.743083577354787,13.693575405403912
-123.626225,200,105.133452,0.0,0.6105319804174361,3430.2269392030316,20.02314135864841,17.15113469601516
-125.60809,200,105.258448,0.0,0.5269316082517632,3105.32576497363,18.457676449693942,15.526628824868151
-65.882258,200,105.382509,0.0,0.42564312328863724,2988.17464982904,17.462980741640816,14.9408732491452
-126.608387,200,105.506027,0.0,0.4601313931898623,3140.394712069652,17.548520656584405,15.70197356034826
-128.215649,200,105.624487,0.0,0.44386963764819026,2961.7769301588232,17.10753005318315,14.808884650794116
-119.780328,200,105.742284,0.0,0.5914540223692583,3671.781896383786,20.91659106633168,18.35890948191893
-61.253465,200,106.203174,0.0,0.37345498428528784,2899.1583391116883,17.086736790044682,14.495791695558442
-57.381757,200,106.351706,0.0,0.34818980067284916,3126.992311604938,18.400282300588767,15.63496155802469
-85.062879,200,106.476714,0.0,0.27754000961311764,2943.7219899314946,17.31189673017119,14.718609949657473
-36.767776,200,106.602216,0.0,0.19365277514511026,3248.0240919713997,18.871174292415915,16.240120459857
-63.186077,200,106.725739,0.0,0.4633365357881282,3054.3638116523684,17.948633010244983,15.271819058261842
-60.091119,200,106.84804,0.0,0.3896942195708878,2749.9942591234308,16.043151665677314,13.749971295617154
-44.503737,200,106.971568,0.0,0.29896523705435973,3343.1410030882075,19.434053318410545,16.71570501544104
-56.977919,200,107.093676,0.0,0.36873480759466,3220.4690130779527,18.659051663560373,16.102345065389763
-92.848847,200,107.216219,0.0,0.461473645833731,3318.6832555301053,19.3088158604841,16.593416277650526
-40.735267,200,107.339723,0.0,0.21938334786715294,3227.871428421132,18.794613352411407,16.13935714210566
-97.96299,200,107.772812,0.0,0.44907460944974764,3064.5581101181397,18.417298017134513,15.322790550590698
-56.624087,200,107.902787,0.0,0.36980665283675856,3196.181345255969,17.9318633482772,15.980906726279846
-61.685421,200,108.038032,0.0,0.3005519815975034,2826.1490027206287,16.203416810870863,14.130745013603143
-110.485654,200,108.173804,0.0,0.5328744483582315,3421.3376742442,19.99170463426895,17.106688371221
-57.474161,200,108.297962,0.0,0.4457509264083604,2804.1992781834647,16.100782723911298,14.020996390917324
-97.816887,200,108.431405,0.0,0.25040214337014005,2765.106905078518,16.32184795355206,13.825534525392591
-90.48397,200,108.558748,0.0,0.3811556657283552,3404.199199264572,18.82788873287345,17.02099599632286
-70.071941,200,108.678835,0.0,0.2518614212727241,2580.1010674552012,15.173854980441064,12.900505337276007
-46.597916,200,108.802361,0.0,0.22652345073035773,3518.091660013474,20.900735589013852,17.59045830006737
-86.494155,200,108.92288,0.0,0.22169256893075048,3087.8686581690617,17.29929416365657,15.439343290845308
-80.045441,200,109.360523,0.0,0.4044235555920455,3279.8995042763004,18.96114474289008,16.3994975213815
-73.682122,200,109.501067,0.0,0.414499005012472,3537.5720528650777,20.33909043337619,17.687860264325387
-66.005267,200,109.636628,0.0,0.3904361737759237,2946.645029696031,17.061488005478793,14.733225148480155
-175.727296,200,109.762167,0.0,0.8795785061873249,3384.7493879204767,20.086011691512017,16.923746939602385
-73.80503,200,109.884165,0.0,0.2854655920883698,3206.19346236907,18.211849933729937,16.030967311845348
-136.764964,200,110.01218,0.0,0.4240824119262208,3046.378577006096,17.405214403153554,15.23189288503048
-98.338139,200,110.131707,0.0,0.49192738110560763,3364.242419393447,19.50409804773038,16.821212096967237
-58.384336,200,110.254268,0.0,0.30572797373837596,3318.2289096189097,19.531987403466402,16.591144548094547
-67.172282,200,110.37913,0.0,0.2657753577694452,3130.7600257788395,18.224696188978587,15.653800128894197
-41.940212,200,110.507055,0.0,0.23186510004899713,3416.5910812509646,18.849369667742277,17.082955406254822
-53.981844,200,110.626581,0.0,0.37733072796533174,2989.8439471980164,17.080587805051774,14.949219735990082
-74.371924,200,111.065678,0.0,0.30989878679292215,3527.3361524157945,20.024116099650648,17.63668076207897
-124.175651,200,111.201715,0.0,0.4503738195149628,3150.9678559123495,18.381688908475784,15.754839279561747
-99.686711,200,111.32823,0.0,0.2903112975755545,2841.897846344127,16.94707943209059,14.209489231720635
-108.504902,200,111.451313,0.0,0.4380468124750427,3229.429026222256,18.744911342933626,16.14714513111128
-40.997152,200,111.576888,0.0,0.2070244672318059,3212.8043902509617,18.97282186247701,16.06402195125481
-165.21109,200,111.700974,0.0,0.8250725256216215,3687.20706927521,19.510472211306446,18.43603534637605
-59.63714,200,111.826515,0.0,0.3095718326269537,3115.052991115573,18.28321706312646,15.575264955577866
-44.988303,200,111.953585,0.0,0.21940934486263888,3569.9928483898743,20.490598816377485,17.849964241949372
-142.156741,200,112.074159,0.0,0.6944356681416329,3394.208835037554,19.867714611611344,16.97104417518777
-74.51472,200,112.19625,0.0,0.23727782691700397,2850.9797313742088,16.684612758099426,14.254898656871044
-141.978134,200,112.671791,0.0,0.6062506968088316,3107.21649933661,18.49029798859561,15.53608249668305
-62.032995,200,112.824422,0.0,0.3980241360900981,3019.082946716931,17.39003736675118,15.095414733584654
-71.481836,200,112.947993,0.0,0.3353516584077626,2977.42579810198,17.071478755667385,14.8871289905099
-56.124537,200,113.076534,0.0,0.3230814773449063,3104.28893724114,18.08274598729864,15.521444686205701
-151.882784,200,113.20219,0.0,0.7426312996189935,3377.8013831562034,19.87685631098585,16.889006915781017
-29.685485,200,113.324715,0.0,0.225528719812534,3382.3498355104057,19.254597397932056,16.91174917755203
-135.94399,200,113.447186,0.0,0.5094573341104119,3365.6869116759262,19.22384211566045,16.82843455837963
-129.617057,200,113.57178,0.0,0.49202222243711813,3084.627555514266,17.534789977649922,15.42313777757133
-83.216803,200,113.715646,0.0,0.17182620050224157,2478.5406520039937,14.182356059377451,12.39270326001997
-67.132449,200,113.83719,0.0,0.29365586156634466,3649.015062265538,20.60749704343079,18.24507531132769
-60.264715,200,114.272509,0.0,0.4278278931986088,2965.0685378288745,17.065787442943822,14.825342689144373
-55.399959,200,114.410046,0.0,0.29359329469579676,3375.6672749676673,19.353771994923548,16.878336374838337
-107.018057,200,114.54618,0.0,0.4110534297283906,3103.4313549756903,18.311902779867328,15.517156774878451
-117.628035,200,114.670917,0.0,0.5498812979184207,3239.830811954495,18.685345727441607,16.199154059772475
-64.000214,200,114.800454,0.0,0.33201653193379266,3045.388825152395,17.6233980225273,15.226944125761975
-124.406247,200,114.925252,0.0,0.6049725887683342,3386.86877500632,19.567225080109885,16.9343438750316
-79.199531,200,115.052776,0.0,0.36420241039363177,3391.3763327663346,19.509461008769716,16.956881663831673
-103.239911,200,115.180082,0.0,0.2621130068467583,2662.981151747547,16.123993019779622,13.314905758737734
-130.053931,200,115.302119,0.0,0.5622970393447914,3232.3030757477145,19.02528801543939,16.16151537873857
-106.707814,200,115.420601,0.0,0.41401113319069327,3042.858325865795,17.47778060353642,15.214291629328976
-61.501041,200,115.857666,0.0,0.3021970551629421,2844.2470897094413,16.62892299501539,14.221235448547207
-78.357802,200,116.002638,0.0,0.24820257378161725,2803.553949508637,16.996312505221063,14.017769747543184
-23.791328,200,116.132154,0.0,0.15798427074414054,3468.809071401105,19.88997331242473,17.344045357005527
-54.372304,200,116.260684,0.0,0.4543199587501375,3153.5195589556097,18.257494851498947,15.767597794778048
-51.353158,200,116.388252,0.0,0.2922654717282059,3443.222563146563,19.681737182040674,17.216112815732814
-63.555943,200,116.512774,0.0,0.33266002057911004,3202.050335034043,19.422474116700805,16.010251675170217
-114.596702,200,116.636289,0.0,0.5888258573018136,3364.12618986661,20.003276010141654,16.82063094933305
-109.520685,200,116.759905,0.0,0.46718718245308016,3509.812113692389,19.408394378128374,17.549060568461947
-101.971255,200,116.883959,0.0,0.31128335481693586,2930.985135729733,16.96964898830783,14.654925678648665
-44.565396,200,117.009946,0.0,0.3415487783148467,2976.901846840378,17.137330789053234,14.88450923420189
-87.055608,200,117.131717,0.0,0.4173657274344514,3203.3052746289,18.952709206882577,16.0165263731445
-96.964066,200,117.568732,0.0,0.46985323235017273,3184.878154806069,18.50779791729645,15.924390774030345
-50.582258,200,117.703796,0.0,0.4368059954420925,3138.3377753516515,18.47078702004063,15.691688876758258
-143.730069,200,117.828315,0.0,0.6425302885532705,3375.089638381116,19.418668721099078,16.87544819190558
-130.734464,200,117.954428,0.0,0.5130648494852846,3293.9641066937056,19.2385544431037,16.46982053346853
-76.356138,200,118.076767,0.0,0.3747357591984932,3558.0415429791574,20.047582821307845,17.790207714895786
-135.657247,200,118.199855,0.0,0.44961287688963564,3014.433984690803,17.79359978855868,15.072169923454014
-55.192842,200,118.325374,0.0,0.26351860501178,3447.170889190587,20.776188428658518,17.235854445952935
-82.720053,200,118.455959,0.0,0.23176878756548522,2759.667839463361,16.137947922409573,13.798339197316805
-134.922357,200,118.584764,0.0,0.6730989900541607,3420.6840923821733,20.079545166821912,17.103420461910865
-174.782359,200,118.712283,0.0,0.8564662408811952,3360.907863976109,19.522414621455063,16.804539319880547
-66.255677,200,119.161069,0.0,0.25002910974186876,3137.633036565513,17.642477443295412,15.688165182827566
-43.458843,200,119.299645,0.0,0.28862931185390006,3331.551826670441,19.110954563247418,16.657759133352204
-60.657205,200,119.424165,0.0,0.3741773556487399,2862.144402982781,17.1118126160916,14.310722014913903
-120.301314,200,119.547695,0.0,0.5165989964894722,3243.6090339557877,18.1083629306374,16.21804516977894
-87.213167,200,119.673728,0.0,0.25193305169955543,2853.6782249700204,16.222243335474257,14.268391124850103
-62.532748,200,119.800052,0.0,0.49350741216969246,2901.971619864777,16.603568396852616,14.509858099323885
-30.596485,200,119.92209,0.0,0.12425551927942877,3166.1242252677835,18.252053210016985,15.830621126338917
-132.642317,200,120.045572,0.0,0.44430829427914537,3047.4462038393353,17.078809076433313,15.237231019196678
-62.883596,200,120.170119,0.0,0.3382435871071131,3160.4396396840057,18.683250001809398,15.802198198420028
-157.072349,200,120.293136,0.0,0.6591216117706299,3299.438305616072,18.613421729795913,16.49719152808036
-62.292659,200,120.72769,0.0,0.3034565614725725,3000.9029154760096,16.655863545422985,15.004514577380048
-72.133908,200,120.86521,0.0,0.37073094495022235,3430.7088453854585,20.101163504001093,17.15354422692729
-105.512648,200,120.996248,0.0,0.47496679078465287,3135.592614202465,18.239546004197532,15.677963071012325
-86.031838,200,121.120753,0.0,0.42599160297458116,3491.2953948223894,19.556222376064447,17.456476974111947
-65.285281,200,121.243293,0.0,0.2844825368993143,2942.8352238549637,17.361415074374687,14.714176119274818
-60.217872,200,121.375809,0.0,0.27208023825691996,3315.805703379219,18.82742825509978,16.579028516896095
-124.428508,200,121.495892,0.0,0.4711824377026481,3285.890263459963,18.803541892246837,16.429451317299815
-42.109548,200,121.62041,0.0,0.16729898060251414,3380.2412996954704,19.36005254120227,16.90120649847735
-89.465329,200,121.747958,0.0,0.20604463371354087,2787.5149105577475,15.946453901986555,13.937574552788737
-55.395235,200,121.871487,0.0,0.4330445035931303,3061.1688942310684,16.817327447851465,15.305844471155343
-89.202565,200,122.318677,0.0,0.27123235598529116,2736.4356170386004,15.330077477951729,13.682178085193001
-74.054636,200,122.473235,0.0,0.19935076251686704,2861.855676537723,16.54932097337507,14.309278382688614
-10.700565,42,122.508752,1.0,0.04427364852713226,463.27141607496833,2.8242226780157673,11.03027181130877
-65.831268,200,122.634263,0.0,0.30453203380341004,3407.1022858709825,18.651379271222417,17.035511429354912
-83.647685,200,122.759782,0.0,0.2666610258033516,3341.7987440696465,19.00497505617558,16.708993720348232
-152.862893,200,122.884845,0.0,0.7392636867123556,3244.2666434214398,19.377060799055183,16.221333217107198
-151.080143,200,123.005331,0.0,0.7106689729751435,3188.2845894031493,19.080704491544363,15.941422947015747
-127.774302,200,123.125847,0.0,0.44582677863886616,3293.700597349585,19.194454834047885,16.468502986747925
-81.89958,200,123.250315,0.0,0.25797112532229866,3305.2764295406378,19.621944783220435,16.52638214770319
-105.373977,200,123.371867,0.0,0.42427592817689275,3195.8490123073425,19.056939875612304,15.979245061536712
-119.198182,200,123.488935,0.0,0.4327093590279463,3014.1531974646464,17.63767858821062,15.070765987323233
-51.367405,200,123.924016,0.0,0.19072907461181962,2920.5537706750865,17.063141859757476,14.602768853375432
-102.542442,200,124.055175,0.0,0.24342690691152352,2873.1779790922997,16.28401364401332,14.365889895461498
-102.177709,200,124.18172,0.0,0.49138835274483017,3345.009040135632,18.840990513491143,16.72504520067816
-101.045943,200,124.310809,0.0,0.49965725776560893,3258.406903785177,19.436745173792083,16.292034518925885
-71.087367,200,124.436332,0.0,0.28364338207491274,2672.154434511383,15.160780789983216,13.360772172556915
-100.333961,200,124.560856,0.0,0.4517681398326266,3397.7715461524613,18.956188100750367,16.988857730762305
-83.773087,200,124.685035,0.0,0.27841557536315825,3098.8809967720244,18.01799902421569,15.494404983860122
-66.995576,200,124.808633,0.0,0.5096622408504747,2910.507707221423,17.360406535257965,14.552538536107114
-73.309454,200,124.933216,0.0,0.21739914456212095,2938.424800827862,16.459247384930347,14.692124004139309
-148.035545,200,125.05274,0.0,0.682618319303105,3372.2981376415296,19.794627122616127,16.86149068820765
-115.235873,200,125.17484,0.0,0.2728378591788187,2727.600313264108,15.95625387163519,13.63800156632054
-61.305758,200,125.619077,0.0,0.32030785192151745,3182.1511128668776,18.28478169618414,15.910755564334387
-108.3493,200,125.75345,0.0,0.49595037191358643,3199.1644797118165,19.196921385513264,15.995822398559083
-143.36776,200,125.879527,0.0,0.5308860684353574,2883.1243469523447,16.603625273025393,14.415621734761723
-105.592717,200,126.007201,0.0,0.48682954913751975,3306.922198457225,19.228900184763155,16.534610992286126
-84.975262,200,126.13149,0.0,0.4005911834677567,3192.35354460375,18.578084209319314,15.961767723018749
-55.863026,200,126.254014,0.0,0.34421754385519193,2990.4701568287414,17.921118292560593,14.952350784143707
-173.194123,200,126.383741,0.0,0.8401313557078453,3420.572661310577,19.82059985549489,17.102863306552887
-36.259433,200,126.505733,0.0,0.18712561502870362,3363.8935190406473,18.77012809515918,16.819467595203236
-70.658804,200,126.630237,0.0,0.2514084325903155,2955.8138880952847,16.715665803345818,14.779069440476423
-76.709094,200,126.74776,0.0,0.4501077501808882,2709.6000379376696,15.70717718998904,13.548000189688349
-59.780026,200,127.162588,0.0,0.2607710869541165,3357.377037970335,19.664865681010358,16.786885189851674
-92.065596,200,127.290625,0.0,0.21641497637965074,2647.545823809449,15.13770788513448,13.237729119047245
-168.789209,200,127.415165,0.0,0.8126071060921972,3212.8958869675735,18.993704448480916,16.064479434837867
-78.504076,200,127.53943,0.0,0.14522102142424295,2573.7660619992807,14.77816518639264,12.868830309996405
-92.232229,200,127.66395,0.0,0.1154269975378536,2753.5039886853133,15.705079904062803,13.767519943426567
-41.838899,200,127.789993,0.0,0.27234499197736545,3123.384270649686,18.47771011616975,15.616921353248431
-66.520894,200,127.915229,0.0,0.2384092047336173,3056.316029150801,17.109323442921255,15.281580145754006
-51.163274,200,128.043571,0.0,0.44470602240854357,3054.081524815846,17.722192177824994,15.27040762407923
-127.934855,200,128.167733,0.0,0.4402587407117714,3160.964966222996,17.65695367441992,15.80482483111498
-62.316894,200,128.287335,0.0,0.35076321683515943,3078.7797105094915,17.932314957711743,15.393898552547457
-86.732012,200,128.716034,0.0,0.4346987404315356,3117.733188751453,18.22029100840379,15.588665943757265
-149.082871,200,128.857095,0.0,0.6268604497565234,3425.0537277402373,19.440948677786487,17.125268638701186
-52.203488,200,128.982389,0.0,0.2608564969535576,3108.2474696906247,18.330213776755247,15.541237348453123
-94.55603,200,129.108318,0.0,0.3497706122975409,3320.3163323773074,18.843730141828434,16.601581661886538
-128.818682,200,129.227773,0.0,0.47878237867651924,2869.120653002859,16.56524824521432,14.345603265014296
-23.03818,200,129.350317,0.0,0.09048135713425474,3425.0601732498712,18.97816742787104,17.125300866249358
-53.315578,200,129.476604,0.0,0.49482647048429607,3181.7840173837594,18.061766087031064,15.908920086918798
-95.447773,200,129.597649,0.0,0.19178167602093005,2767.653399766952,15.547528836195916,13.838266998834762
-72.207265,200,129.723192,0.0,0.30095978061611167,3020.7786869210336,17.631613880773518,15.103893434605167
-104.572026,200,129.846711,0.0,0.47544357020274297,3237.9753545140743,18.916010968868612,16.189876772570372
-70.769444,200,130.365476,0.0,0.32081890234472354,3145.1452062558637,18.03123661365645,15.725726031279319
-36.306373,200,130.529031,0.0,0.1609238945840725,3308.5285810233563,19.530628725641066,16.542642905116782
-152.421491,200,130.66353,0.0,0.7650656535085093,3635.6864158148474,19.905138266248713,18.178432079074238
-50.851793,200,130.795751,0.0,0.477507497294664,2925.242800779841,16.282114137439443,14.626214003899205
-110.957868,200,130.930281,0.0,0.4726689076066519,3393.6384017278315,19.326793266037,16.968192008639157
-65.779513,200,131.066831,0.0,0.24464086075433197,3120.98899525002,17.178273040326,15.6049449762501
-73.724451,200,131.211863,0.0,0.21296151230184285,2857.427097383625,16.122366961097963,14.287135486918125
-67.941288,200,131.340419,0.0,0.5209862554584068,2793.091336669524,16.479500905839505,13.96545668334762
-59.901587,200,131.469947,0.0,0.5928745202263034,3249.1761249848796,18.250034816683506,16.245880624924396
-75.609377,200,131.594984,0.0,0.36838864749329214,3138.434805385544,18.25879603665757,15.692174026927722
-122.628909,200,131.721511,0.0,0.3619827409693824,2817.044756730834,16.316098818317965,14.085223783654168
-54.39872,200,132.204956,0.0,0.23692530304978288,3244.13242526748,19.25459106604665,16.2206621263374
-77.703685,200,132.337525,0.0,0.5800657581218115,2857.9800631831513,16.9017060240465,14.289900315915757
-58.845169,200,132.466921,0.0,0.3592365065937562,2772.5875775007235,16.610653536075496,13.862937887503618
-64.82991,200,132.595574,0.0,0.31294862837565596,3174.640012587441,19.301017324708138,15.873200062937206
-19.48249,154,132.694166,1.0,0.045245199785183265,2512.2597517077534,14.641693967449172,16.313375011089306
-56.007728,200,132.830684,0.0,0.3400944774803663,3027.6553974702606,17.958767452996646,15.138276987351302
-157.739984,200,132.966638,0.0,0.6178195209924671,3091.269259871514,17.538295135425273,15.45634629935757
-72.641547,200,133.095675,0.0,0.5566728268707231,2710.3527463472624,16.090031256894157,13.551763731736312
-59.312751,200,133.221551,0.0,0.2953415784058766,3145.2739314729306,18.234744225024393,15.726369657364653
-57.167301,200,133.352044,0.0,0.3536923649754308,3189.925989520381,18.502827937223994,15.949629947601904
-54.492619,200,133.807636,0.0,0.45703857663517833,2950.71344272031,16.939480405846062,14.75356721360155
-70.069938,200,133.94115,0.0,0.23273178051710242,3164.045539475333,17.690045446724067,15.820227697376666
-113.970592,200,134.069981,0.0,0.5308702634543344,3342.3175977337055,19.47477179983472,16.711587988668526
-128.105935,200,134.195112,0.0,0.3715352442285224,2609.655992682161,15.256291169529955,13.048279963410804
-107.708782,200,134.319673,0.0,0.29231906419919024,3018.1312263672753,17.861880934223425,15.090656131836376
-55.634381,200,134.440873,0.0,0.2753328589080008,3382.0291821778287,19.904094044481816,16.910145910889142
-41.617127,200,134.568395,0.0,0.3639451563830087,3178.587907813624,18.294639312050272,15.89293953906812
-84.624162,200,134.693306,0.0,0.178815019282107,2707.6684046617925,15.340506592380523,13.538342023308962
-46.498739,200,134.816396,0.0,0.29331179382413913,3161.1217386403296,18.632804412533545,15.805608693201648
-152.852024,200,134.938968,0.0,0.6744593629730397,3469.561181823997,19.608707428508946,17.347805909119984
-91.536548,200,135.372621,0.0,0.12494396987566224,2664.6661455012145,15.252616187994347,13.323330727506072
-88.255155,200,135.516178,0.0,0.3723542179235636,3049.6367860108735,17.775701815289683,15.248183930054367
-70.661146,200,135.644587,0.0,0.29468883314100575,2940.323921739966,17.028303946685337,14.70161960869983
-69.135687,200,135.769091,0.0,0.26150770317636296,3210.0543007329507,18.5402926969012,16.050271503664753
-41.42269,200,135.896106,0.0,0.23166117201788494,3254.9138455571383,18.75752740404168,16.27456922778569
-48.09294,200,136.022015,0.0,0.3534770130207887,3297.091922601678,18.642011493537716,16.48545961300839
-6.946694,78,136.073014,1.0,0.046379161428064294,1278.4119765594992,7.105967797031971,16.389897135378195
-64.73863,200,136.19602,0.0,0.25342994425908083,3362.069200509737,18.913792705309778,16.810346002548684
-67.122588,200,136.320541,0.0,0.3471125646851271,3199.5493536133395,18.98625887229944,15.997746768066698
-110.905245,200,136.443062,0.0,0.4422737003667567,3387.7057561281476,19.542580729753244,16.938528780640738
-54.148877,200,136.567607,0.0,0.24277223954030952,3026.8387660976377,17.729671366425027,15.134193830488188
-61.254552,200,137.009465,0.0,0.23008283448805833,3224.026991388983,18.029456792738884,16.120134956944913
-102.085509,200,137.143979,0.0,0.20831590769669883,2496.733645932528,14.378248744383614,12.483668229662639
-102.961652,200,137.277213,0.0,0.19498694950525924,2651.3712126350138,14.731504207945225,13.25685606317507
-142.165049,200,137.398197,0.0,0.5621124770501553,2997.9676578252115,17.369453361536653,14.989838289126057
-36.179034,200,137.522669,0.0,0.1518047030288993,3071.947774982168,19.11799234875399,15.35973887491084
-71.321657,200,137.645185,0.0,0.3342875031781348,3354.056932630121,19.558379218161022,16.770284663150605
-58.04252,200,137.768748,0.0,0.2671759295132052,2916.3637307709705,16.303830736037973,14.581818653854853
-106.968171,200,137.898772,0.0,0.4771575529601427,3041.860728215946,17.559941087701656,15.20930364107973
-140.4902,200,138.020348,0.0,0.6006750665810062,3173.4804030643986,18.11323317248186,15.867402015321993
-72.353101,200,138.143818,0.0,0.2629834028190492,2808.218919253868,15.74752951318558,14.04109459626934
-54.227258,200,138.577661,0.0,0.20724009986922648,3136.1609992983385,18.149156028225445,15.680804996491693
-70.114379,200,138.71572,0.0,0.32266984288192857,3319.4834617426304,18.979999570093497,16.59741730871315
-77.113663,200,138.839218,0.0,0.28363014052636765,3231.3661130897685,18.34485028465763,16.156830565448843
-57.80951,200,138.964746,0.0,0.264652668303778,3297.3924859536605,18.58996913281376,16.4869624297683
-161.552532,200,139.093191,0.0,0.7682758169416635,3217.6430062917766,18.60392297405699,16.088215031458883
-60.918839,200,139.223838,0.0,0.1458140638355124,3140.5345161469972,17.722744910991935,15.702672580734987
-74.654179,200,139.349343,0.0,0.21018550594700067,3119.7968244115837,18.068381323581868,15.598984122057919
-64.091168,200,139.473867,0.0,0.20488990328202178,3031.648855897828,17.57734616890966,15.158244279489141
-32.922356,200,139.59759,0.0,0.18633875567044852,3203.926519024996,18.081347972786407,16.019632595124982
-93.695469,200,139.726066,0.0,0.4536367585004342,3584.0684377304206,20.675059774283206,17.920342188652103
-104.653796,200,139.842613,0.0,0.30943936716438997,3201.1825914675487,17.83246080797883,16.005912957337742
-152.398549,200,140.301441,0.0,0.7450114010746053,3242.1735768007197,18.96708636244159,16.210867884003598
-116.51179,200,140.437524,0.0,0.4218592433413676,3202.331308037902,18.710339237522334,16.01165654018951
-108.812437,200,140.566902,0.0,0.2813575203237063,3085.9757639122845,17.060101159430474,15.429878819561422
-161.340196,200,140.70248,0.0,0.7320982386527556,3149.3670225163,18.563691923449504,15.7468351125815
-11.190529,64,140.747478,1.0,0.049497358356008804,1134.4650795924845,6.19676103200671,17.72601686863257
-110.382674,200,140.868707,0.0,0.5335911157181037,3346.4146687199895,20.137026669452677,16.732073343599946
-117.023669,200,140.993233,0.0,0.5409890974713681,3337.031681875279,19.34918837915781,16.685158409376395
-39.478436,200,141.116318,0.0,0.22533406465650616,3079.031172038755,17.303283392548014,15.395155860193775
-86.244331,200,141.246107,0.0,0.2713627696083579,3188.600142368165,18.623140839233248,15.943000711840826
-64.213762,200,141.364957,0.0,0.3759816691543088,2943.5509964086755,16.86322170387607,14.717754982043378
-43.085367,200,141.49049,0.0,0.12501247327273637,3520.0708423704104,20.46743593029867,17.600354211852054
-46.501437,200,141.936323,0.0,0.14104783069099372,3225.3229146865256,17.840292504507076,16.12661457343263
-66.577451,200,142.065368,0.0,0.511953608453571,2931.3843609304704,17.45188830472116,14.656921804652352
-43.715767,200,142.192552,0.0,0.09974415433062339,2967.8231066992007,16.669629380182677,14.839115533496004
-20.822777,152,142.287803,1.0,0.04815204871754012,2524.0672934379018,14.174687493711952,16.605705877880933
-80.747666,200,142.413846,0.0,0.34491718423545487,3563.1195980313146,19.55456730233809,17.815597990156572
-84.882565,200,142.537367,0.0,0.0836146621522556,3211.527183828846,17.814808856814274,16.05763591914423
-169.307387,200,142.659897,0.0,0.8244831459071617,3345.630981820339,18.596490176168906,16.728154909101693
-118.08215,200,142.78215,0.0,0.29344155305870073,3116.8229688334204,16.607719433713854,15.584114844167102
-52.269287,200,142.905175,0.0,0.14693126303445503,3237.6788855043715,18.442406680222128,16.188394427521857
-62.925908,200,143.028649,0.0,0.32661264495502645,3015.740899699206,18.138182471722875,15.078704498496029
-58.344508,200,143.458162,0.0,0.3271540001911763,3200.101032546396,18.88238914651087,16.00050516273198
-91.690455,200,143.604703,0.0,0.26295606795475734,2871.1437184913743,16.630919998789487,14.355718592456872
-57.051238,200,143.737161,0.0,0.14448066584391034,3116.037006211376,17.369115219480374,15.58018503105688
-58.32631,200,143.86974,0.0,0.21071832779476185,3076.9323296167718,18.031591970143733,15.384661648083858
-140.021136,200,143.999634,0.0,0.6885948306727812,3075.422867850051,18.397681845658084,15.377114339250253
-86.966152,200,144.124493,0.0,0.32172426161749906,3124.3578981919127,18.471165473255517,15.621789490959564
-150.076304,200,144.251951,0.0,0.6191988544446311,3412.5481855472344,18.82644411129935,17.062740927736172
-137.853369,200,144.374478,0.0,0.6417296393694641,3285.90756752212,18.649598652781584,16.4295378376106
-40.86467,158,144.472007,1.0,0.04595816343729424,2443.1174321586655,13.959254873693178,15.462768557966237
-168.292514,200,144.591537,0.0,0.8069180854481414,3175.6204587931816,19.191788001042816,15.878102293965908
-94.586066,200,144.712635,0.0,0.25645780638570187,3006.8050613837345,17.403591935256067,15.034025306918672
-51.862833,200,145.16374,0.0,0.2338844768565449,3073.626007847304,17.39529047577677,15.36813003923652
-149.68761,200,145.293223,0.0,0.7437337715251314,3202.8208797581433,18.70338210018025,16.014104398790717
-149.221364,200,145.420837,0.0,0.6808198215448196,3361.9176337310655,19.087658927888864,16.809588168655328
-124.089093,200,145.54537,0.0,0.35988061121550186,3056.5248979126577,17.197992053179444,15.282624489563288
-152.25763,200,145.674123,0.0,0.708738853963665,3183.564248615165,18.54701815226136,15.917821243075826
-34.028948,200,145.800525,0.0,0.1856216587078129,3382.0345178523194,19.13317633923273,16.910172589261595
-119.595484,200,145.924556,0.0,0.3743231326650724,3221.952546827506,17.929760412917148,16.10976273413753
-95.925452,200,146.048127,0.0,0.2979996132101456,3087.9769186078684,17.1332631844764,15.439884593039341
-82.762363,200,146.16803,0.0,0.1453605852913492,2829.876957216839,16.668755589513754,14.149384786084195
-127.225761,200,146.290587,0.0,0.5774126560407756,3290.297077843995,19.69056911201798,16.451485389219975
-66.548553,200,146.74333,0.0,0.1937479863179713,3390.7715752322165,18.885718481791283,16.95385787616108
-147.730673,200,146.874851,0.0,0.703974851475493,3238.415391513374,18.418592620918808,16.19207695756687
-65.918285,200,147.000912,0.0,0.14285266440920633,2694.895585042622,14.267795250651208,13.47447792521311
-93.468912,200,147.12744,0.0,0.375306353132658,3410.0541482421663,19.007691319655827,17.05027074121083
-62.392811,200,147.248957,0.0,0.46642947123499123,2854.478149540322,16.319185025157804,14.27239074770161
-143.992985,200,147.374513,0.0,0.7214440202882945,3505.332305890527,20.1682265855234,17.526661529452635
-60.379541,200,147.499077,0.0,0.32286455765917954,2777.879226168882,16.530438339584183,13.889396130844409
-149.056765,200,147.624044,0.0,0.5935558462099693,3375.083313053785,19.496621635618567,16.875416565268925
-117.93362,200,147.743529,0.0,0.5348222643672801,3319.1175314819575,18.892204460909312,16.595587657409787
-140.435857,200,147.868568,0.0,0.5206257748999997,3265.5830329566957,17.943763713090597,16.327915164783477
-95.329077,200,148.313261,0.0,0.21746052011137937,3233.5124165615953,17.982678004546944,16.167562082807976
-52.117715,200,148.452783,0.0,0.2104493377141101,3186.5755988126707,18.041319925786635,15.932877994063354
-46.388762,200,148.578304,0.0,0.16361685116664143,2930.1625535311878,16.852207312432135,14.650812767655939
-50.055374,200,148.717995,0.0,0.28417825852363177,2947.665860780704,17.33048940764188,14.73832930390352
-47.754982,200,148.847604,0.0,0.1802379512617171,3060.6621325339243,17.62766933861863,15.303310662669622
-44.854909,200,148.972067,0.0,0.20824265430325367,3411.3753307781926,19.689714148203755,17.056876653890964
-143.509975,200,149.097608,0.0,0.6832582915750147,3408.97639019974,19.094628239426736,17.0448819509987
-47.25622,200,149.223501,0.0,0.28728218764467106,2841.1474353159974,16.056210381463718,14.205737176579987
-137.418736,200,149.34603,0.0,0.6818533888167932,3336.7084176093194,18.947449866409965,16.683542088046597
-74.601122,200,149.464547,0.0,0.05563994080086433,2857.5483403627313,16.408179880060665,14.287741701813657
-67.854765,200,149.878687,0.0,0.24332855220911406,3092.1597069738814,17.944903884035476,15.460798534869406
-75.441951,200,150.036255,0.0,0.1853511544893131,2961.9331576853724,17.462461618837597,14.809665788426862
-170.138183,200,150.165361,0.0,0.8362419225601728,3371.316094667617,19.326460612970305,16.856580473338084
-66.720942,200,150.291917,0.0,0.10131934962486791,3135.1337932052243,17.687926932892587,15.675668966026121
-60.667629,200,150.418132,0.0,0.0974896506407213,2955.772119334017,15.903570060714067,14.778860596670086
-48.867716,200,150.545606,0.0,0.28879314045128895,2882.8944614601937,17.25907959692349,14.414472307300969
-115.809174,200,150.671129,0.0,0.5044487357907287,2956.2839340929872,17.214700722877723,14.781419670464937
-122.715195,200,150.794697,0.0,0.4285780666258784,3029.309814538002,18.246632784773947,15.146549072690009
-75.18865,200,150.917911,0.0,0.3213787406110391,2819.3450379335286,17.12114593462844,14.096725189667643
-40.238718,200,151.040431,0.0,0.1503009735596938,3282.8913000167754,18.69293229957651,16.414456500083876
-6.967469,40,151.065433,1.0,0.04659499323757048,510.8615355923876,3.0673347381204574,12.77153838980969
-21.091018,106,151.131547,1.0,0.049214388660723286,1545.094849426305,9.057438635181605,14.576366504021745
-111.097087,200,151.587211,0.0,0.5393081193839749,3426.990747633863,19.55602597553368,17.134953738169315
-64.693417,200,151.732807,0.0,0.08975042249017388,2889.651470532575,16.35826234995939,14.448257352662875
-34.889723,200,151.860856,0.0,0.12196146431781522,3496.7844835472524,20.477526082534446,17.483922417736263
-118.565378,200,151.985364,0.0,0.5887695845929414,3229.9262872230474,18.774026921601575,16.149631436115236
-45.368554,200,152.109455,0.0,0.17617749748378814,3069.9258323825634,17.930720982618695,15.349629161912818
-102.466109,200,152.237788,0.0,0.22177641171362783,3241.777762219982,17.963710227062467,16.20888881109991
-113.420679,200,152.363503,0.0,0.5404863779886756,3341.431764701344,19.463064590097016,16.70715882350672
-126.828583,200,152.485041,0.0,0.3492388266824479,2845.4274135007067,16.913689860907077,14.227137067503534
-45.874198,200,152.610033,0.0,0.21139290331065372,3268.695346628248,19.303705525010834,16.34347673314124
-112.072174,200,152.727407,0.0,0.27635456707657674,3090.7590917130124,18.267563044049933,15.453795458565061
-175.684318,200,153.149385,0.0,0.8428943539574003,3300.914527529558,19.326788294706613,16.50457263764779
-91.078465,200,153.298911,0.0,0.4291598495561,3241.3207104071153,18.04206039234353,16.206603552035578
-31.538404,159,153.40192,1.0,0.04997383891000694,2655.110101347194,15.129593539968457,16.698805668850277
-141.482635,200,153.527393,0.0,0.5200042144332434,3132.1546447052247,17.92547564706656,15.660773223526123
-113.610482,200,153.652915,0.0,0.25217047391864433,3052.4844845054486,17.014093215629522,15.262422422527242
-128.014329,200,153.775402,0.0,0.3589708102787719,3041.3627265436626,17.226420672047308,15.206813632718314
-139.820724,200,153.902449,0.0,0.7044466742445423,3564.5184816354895,20.598801100280273,17.822592408177446
-66.230905,200,154.023006,0.0,0.41649722833725783,2810.2659783982335,16.441914884963797,14.051329891991168
-73.40043,200,154.148436,0.0,0.329607267086766,3385.5746514558464,18.965834826803217,16.92787325727923
-77.888772,200,154.267977,0.0,0.3587268817692728,3402.31883009469,19.143596272459916,17.01159415047345
-56.427237,200,154.688757,0.0,0.19735178585533752,3138.8607798984513,18.23966040599696,15.694303899492256
-55.3898,200,154.824773,0.0,0.14245708734338816,2959.093194025149,16.721103990971017,14.795465970125745
-120.095306,200,154.954294,0.0,0.29559864965639404,2975.952435807263,16.9610632526348,14.879762179036316
-132.429705,200,155.077824,0.0,0.6640876711134621,3492.1265067589534,19.68779849002203,17.460632533794765
-148.940409,200,155.20035,0.0,0.6993050246248029,3494.8710626597785,19.511198908693917,17.474355313298894
-58.687381,200,155.325329,0.0,0.14426215082262825,2779.717028447835,15.561445279456121,13.898585142239176
-177.824467,200,155.450868,0.0,0.8218355333139115,3182.357236638068,18.265257539835133,15.91178618319034
-71.51441,200,155.576404,0.0,0.14110769290503108,2744.5529969013,15.747089248760812,13.722764984506501
-69.136333,200,155.698948,0.0,0.28326230843049804,3442.062990873301,19.949123869744284,17.210314954366503
-160.065337,200,155.819027,0.0,0.6764057240544809,3361.5698285714825,19.55274756606114,16.807849142857414
-123.390535,200,155.945552,0.0,0.48051840679602,3009.455043069616,18.119903668166195,15.04727521534808
-86.663558,200,156.399726,0.0,0.28616670590126303,3231.2458428097852,17.710116272498357,16.156229214048928
-37.616365,200,156.542834,0.0,0.3092418776940752,3081.8525377336837,16.843030683422942,15.409262688668418
-40.363042,200,156.68104,0.0,0.19343201490596917,2883.6581492500322,17.04439561700341,14.418290746250161
-176.927696,200,156.804034,0.0,0.8609061140605255,3345.017024952481,19.075798665795457,16.725085124762405
-106.533429,200,156.927547,0.0,0.3251153031939636,2890.1973397507077,17.094538095991044,14.450986698753539
-132.195207,200,157.051067,0.0,0.5409994360047637,3287.052985416017,18.71867770394524,16.435264927080084
-30.426789,200,157.178614,0.0,0.19020917905748178,3225.0728161774737,18.20967511461738,16.12536408088737
-8.466253,33,157.200584,1.0,0.048910952786384035,131.68132306493285,0.9328075109567449,3.9903431231797835
-16.522052,73,157.249097,1.0,0.04885377032015275,988.5453586367458,5.516820138030009,13.541717241599258
-78.366295,200,157.377657,0.0,0.25112409965588484,3061.3890128631942,17.658776025583403,15.306945064315972
-147.313446,200,157.500211,0.0,0.6155713273085366,3054.8221922034095,18.123919988073595,15.274110961017048
-47.296062,200,157.955308,0.0,0.18910834175505573,2886.335503004727,16.885790332786883,14.431677515023635
-110.624242,200,158.086821,0.0,0.3497564544541098,2979.671406854821,17.376232718381065,14.898357034274104
-53.732869,200,158.220633,0.0,0.36570856149455877,2822.0829271607795,15.94140535167941,14.110414635803897
-164.493146,200,158.344121,0.0,0.8353464045532342,3259.089196691141,19.572029515570424,16.295445983455703
-84.16995,200,158.470652,0.0,0.2257050011046571,2921.836350250518,16.757821987176015,14.60918175125259
-96.916709,200,158.604726,0.0,0.44409216019849596,3333.142626674386,19.58901219347583,16.66571313337193
-108.515031,200,158.730226,0.0,0.3547705084326985,3243.3968792575897,19.010189881325974,16.21698439628795
-50.680489,200,158.855906,0.0,0.36889770269305816,2727.7770605605647,16.290107906482127,13.638885302802823
-79.317831,200,158.983681,0.0,0.21156973276002874,3173.5563726957803,16.95387460486027,15.867781863478902
-106.067354,200,159.102212,0.0,0.25279644981327193,2977.827187437319,16.845971016787082,14.889135937186595
-62.501834,200,159.226206,0.0,0.1519445684923727,3002.4911415919614,17.62943134917382,15.012455707959807
-57.713539,200,159.667295,0.0,0.13353149866458341,3097.9782186781113,17.7922222913436,15.489891093390556
-129.659471,200,159.800842,0.0,0.6604263763543567,3348.302709352364,19.330340111889367,16.741513546761823
-169.764271,200,159.92743,0.0,0.7680874204549601,3159.24007793646,18.062535944759315,15.7962003896823
-86.897144,200,160.051952,0.0,0.35397275270506323,3168.688226658048,18.292028299754218,15.84344113329024
-58.393912,200,160.181563,0.0,0.1934777574429611,3159.477912907273,18.439423143757583,15.797389564536365
-101.096557,200,160.307158,0.0,0.38293315099329983,3271.3906928378037,18.482204499394978,16.35695346418902
-136.32409,200,160.431383,0.0,0.4255668104112359,3060.4834640773997,16.726622259990638,15.302417320386999
-125.843122,200,160.556908,0.0,0.5838278674988397,3649.968570535772,20.98180851771054,18.24984285267886
-45.2125,200,160.679425,0.0,0.1516120763114351,3140.358599819699,18.41993561969426,15.701792999098496
-13.631925,122,160.755942,1.0,0.04572385821806517,1713.9513527242395,10.060531175284925,14.048781579706882
-165.074671,200,161.225763,0.0,0.7027696739046112,3107.2582949210796,17.429871692775258,15.536291474605399
-160.868165,200,161.369285,0.0,0.7362259386266476,3395.8795835120895,20.254674789218186,16.979397917560448
-44.5715,200,161.49635,0.0,0.2225975145412458,2867.16654488397,16.31111602709361,14.33583272441985
-55.575648,200,161.623429,0.0,0.29551033206699906,3113.082176637198,18.13974654707035,15.565410883185988
-76.611384,199,161.757948,1.0,0.04762665304244629,2851.083758763054,16.173825661061183,14.32705406413595
-158.249124,200,161.883415,0.0,0.7282098971862487,3259.806628049795,18.8215786025599,16.299033140248977
-42.916852,200,162.008089,0.0,0.10171875165772676,3141.400411312331,18.12953483976778,15.707002056561656
-82.164065,200,162.134621,0.0,0.26113664114566904,3257.7780738050806,19.038991508150403,16.288890369025403
-8.970829,37,162.158651,1.0,0.04048111473925906,309.15818763785893,2.1017805904445988,8.355626692915106
-53.945812,200,162.283183,0.0,0.16915663596231262,2991.205787778964,17.209862807479453,14.95602893889482
-23.563979,173,162.390721,1.0,0.04984884296679847,2545.5936527732665,14.736568769576445,14.714414177880153
-95.769838,200,162.809515,0.0,0.2724770659401225,3122.533431403662,18.02745719618314,15.61266715701831
-15.638423,133,162.896523,1.0,0.04721621714465286,1815.1384780600758,10.402163097885184,13.647657729775005
-25.19089,150,163.000048,1.0,0.04767316976583129,2232.694780212633,12.682686292533438,14.884631868084218
-55.423657,200,163.127042,0.0,0.32134575873428384,2751.1575016468714,16.517829319207863,13.755787508234357
-40.31912,200,163.256446,0.0,0.35756826938620484,2807.22641039259,16.344540159758743,14.03613205196295
-44.234402,200,163.383182,0.0,0.23903353032650745,3059.308168470102,17.42461858806881,15.29654084235051
-11.071545,89,163.439734,1.0,0.04545024549664161,1412.3130697250233,8.067617841470884,15.868686176685655
-101.914292,200,163.565233,0.0,0.4159651414491139,3302.6284994670536,19.065297819670548,16.513142497335267
-157.628976,200,163.685745,0.0,0.7458910459111873,3007.3556548340785,17.717214224688433,15.036778274170393
-113.655009,200,163.81189,0.0,0.47481676671844797,2961.4721292900276,17.59335759908331,14.807360646450139
-58.437221,200,163.936377,0.0,0.16515004891863105,3039.592265051742,16.500167423469442,15.19796132525871
-119.861039,200,164.058899,0.0,0.47054402107570187,3061.642070636909,17.788353359151543,15.308210353184545
-77.189728,200,164.513885,0.0,0.10680751677979676,2991.342934868417,17.189597572379586,14.956714674342086
-62.908163,200,164.649408,0.0,0.09116361178564904,2455.854744611326,13.80992650299411,12.279273723056631
-44.661013,200,164.775943,0.0,0.10981687511405692,3022.170287561082,16.920458330998056,15.110851437805412
-39.341532,200,164.901489,0.0,0.07523900292477839,3002.7726446377683,17.532009975478328,15.013863223188842
-20.029954,134,164.986006,1.0,0.04815048748752307,1949.6621379629285,12.076859115663568,14.549717447484541
-123.863012,200,165.112091,0.0,0.5738627492318558,3352.113637780522,19.63690767974034,16.76056818890261
-91.965604,200,165.237592,0.0,0.22135254314682878,3085.972946729538,18.214871085732305,15.429864733647689
-172.322798,200,165.362115,0.0,0.7921775848079835,3565.2437306978027,19.36253986545408,17.826218653489015
-58.443463,200,165.49288,0.0,0.2536614324187147,3022.3860350483096,18.13102002107068,15.111930175241548
-139.408142,200,165.614515,0.0,0.579049742496581,3178.94986998999,18.267962817805188,15.89474934994995
-82.79834,200,166.029666,0.0,0.35200142201003953,3036.917202687011,18.09224840701024,15.184586013435055
-143.149414,200,166.181185,0.0,0.5961181118079556,3099.4234193788348,17.412497051190908,15.497117096894174
-54.769061,200,166.313275,0.0,0.1773165199163875,2453.281634424153,14.237199635967254,12.266408172120764
-74.435453,200,166.437356,0.0,0.3022007345521675,3217.81567619166,18.960443520661165,16.0890783809583
-36.276881,200,166.559609,0.0,0.24207040428526294,2835.0723510291705,16.444758344137725,14.175361755145852
-63.370084,200,166.68465,0.0,0.3464103818070609,2660.56565200073,15.400294670021818,13.30282826000365
-127.492178,200,166.807232,0.0,0.33541470135063695,2878.0132264691497,16.260075901622653,14.390066132345748
-31.457565,148,166.89677,1.0,0.04806526931692651,2183.4530564280067,12.161360108494751,14.753061192081127
-117.678134,200,167.019831,0.0,0.3306938281394026,3194.6596913380163,18.68528480572341,15.973298456690081
-60.3827,200,167.144352,0.0,0.36514901050706966,2799.7768062357727,17.032318707672154,13.998884031178864
-13.031989,121,167.219416,1.0,0.048094253861115106,1420.8794464045623,8.180648470964817,11.742805342186465
-172.008058,200,167.644205,0.0,0.7897049399313248,3236.7880526654394,19.608978919801444,16.183940263327198
-76.956988,200,167.803086,0.0,0.2516386525624661,3106.400546462703,18.077975146753772,15.532002732313515
-72.724277,200,167.933161,0.0,0.21999710994979202,3241.0719104332234,18.043755572737236,16.205359552166115
-126.015266,200,168.058688,0.0,0.31922094151854324,3046.043531284314,16.92675964215881,15.230217656421571
-47.397957,200,168.184846,0.0,0.17913517031343412,2587.930794032917,14.496027102817635,12.939653970164587
-82.493041,200,168.310891,0.0,0.3527764176390268,3070.6605385947037,18.70192745673008,15.353302692973518
-130.020658,200,168.435426,0.0,0.47366423162276855,2817.006988547663,16.87100950180332,14.085034942738314
-69.519589,200,168.566936,0.0,0.23441936132273278,2968.837088506743,17.105077879798394,14.844185442533714
-88.194098,200,168.694526,0.0,0.4122167673929066,2991.855231182183,17.846087756108798,14.959276155910915
-35.568904,200,168.820613,0.0,0.21464756786093442,2990.4085324788316,18.50161978121495,14.952042662394158
-33.720345,200,168.939155,0.0,0.18831990575189148,2933.0475558683015,16.457156447191338,14.665237779341508
-8.03445,35,169.283428,1.0,0.046658759766542074,528.6489950018793,3.1222453791735925,15.104257000053693
-116.225561,200,169.420474,0.0,0.3470104664963959,2874.7253375351297,16.032799881556286,14.373626687675648
-92.990422,200,169.548572,0.0,0.14262071763871295,2984.3611636077862,16.257049864620598,14.921805818038932
-102.098237,200,169.67609,0.0,0.1504079538440776,2644.7146791948653,15.205573517118514,13.223573395974327
-16.449468,116,169.749621,1.0,0.04903899418296286,1632.3569983093728,9.037621723505863,14.072043088873903
-100.338748,200,169.875571,0.0,0.316923046606929,2939.1426680997192,17.37500412557615,14.695713340498596
-136.564244,200,170.000315,0.0,0.37149764060417806,2816.4067572717386,15.85196805451364,14.082033786358693
-91.877204,200,170.127096,0.0,0.140053076454209,2917.1001615722203,15.711927910431417,14.585500807861102
-79.866269,200,170.250689,0.0,0.2933818334478071,3072.9950122106616,17.67979126964525,15.364975061053308
-133.427976,200,170.372213,0.0,0.4826233002937877,2985.7774926352877,16.86783696081804,14.928887463176439
-143.56165,200,170.495707,0.0,0.452630937827761,3017.430323538147,16.977703637991727,15.087151617690736
-92.489065,200,170.924325,0.0,0.19478636995472778,2871.8293914688315,16.090994208770297,14.359146957344159
-14.663098,68,170.977325,1.0,0.04081400554791699,1121.8445852614232,6.278603854878741,16.497714489138577
-62.404129,186,171.109372,1.0,0.04894880924151233,2901.7604442401816,15.729350627819395,15.600862603441836
-13.201278,125,171.18938,1.0,0.04888059825897382,1792.1296174895208,10.439894454658457,14.337036939916166
-14.39792,92,171.248908,1.0,0.04646925709736565,1331.8915373605516,7.425178350497716,14.477081927832083
-137.973848,200,171.372442,0.0,0.6025398547114069,3198.174597719331,18.22847246530113,15.990872988596655
-122.965358,200,171.493972,0.0,0.28927414065177415,3148.205160578287,17.65747594923495,15.741025802891436
-92.517617,200,171.618026,0.0,0.3096370730560226,3321.984315242425,19.087147408091997,16.609921576212127
-112.390522,200,171.740505,0.0,0.5114329825302557,3289.242225263655,18.510700434293323,16.446211126318275
-64.812672,200,171.864495,0.0,0.3810236050319351,2792.16187645766,16.40336931183,13.9608093822883
-134.956239,200,171.987535,0.0,0.5657945180678908,3312.0319736648817,19.02605148019035,16.56015986832441
-122.405582,200,172.114197,0.0,0.4271489930777495,3135.534914598493,18.404430397792797,15.677674572992464
-65.337745,200,172.582863,0.0,0.28286661449761363,2950.261452709467,17.310398294268367,14.751307263547336
-42.812998,200,172.713907,0.0,0.20144965303539136,3149.73919728428,17.5394008675175,15.748695986421401
-37.654108,200,172.843437,0.0,0.3253087272013637,3268.1473491336787,17.466003393678072,16.340736745668394
-57.036115,200,172.969958,0.0,0.20105429655219792,2949.895497049708,16.42433971144393,14.74947748524854
-89.766079,200,173.09649,0.0,0.06473154258818552,2965.8070944058145,16.277553947208055,14.829035472029073
-30.02955,167,173.201018,1.0,0.04849133340102854,2631.141369264006,14.856582229317803,15.755337540503028
-47.685821,200,173.32406,0.0,0.083909129813772,2934.2385696581755,17.54994233994772,14.671192848290877
-13.199085,64,173.364058,1.0,0.04717971707721732,1025.656404159723,5.700367192552414,16.025881314995672
-122.758144,200,173.488607,0.0,0.3524118649433885,2982.7581302081876,17.210834946380928,14.913790651040937
-95.682446,200,173.61141,0.0,0.05065372140254474,2783.54330703208,15.5743222894632,13.9177165351604
-48.438505,200,173.733906,0.0,0.20450672554425314,2949.3127056893054,16.908309715604215,14.746563528446528
-44.008941,200,174.173044,0.0,0.12172012922533272,2858.472292308669,16.225006301376354,14.292361461543344
-70.446188,200,174.325868,0.0,0.2860276925756269,2984.8676349066964,17.309653997073227,14.924338174533482
-40.486079,200,174.453589,0.0,0.1837865770166665,3091.976313994003,17.55469546344343,15.459881569970014
-47.723828,200,174.579108,0.0,0.1836867208496279,3156.4751544852047,17.831436109742388,15.782375772426024
-108.341072,200,174.704309,0.0,0.34768327200407245,2892.976827222341,16.100700384060232,14.464884136111705
-74.985261,200,174.834378,0.0,0.2611652495989543,2952.0108115249177,17.9238493071417,14.760054057624588
-62.38043,200,174.955906,0.0,0.3977859141687976,2991.735054348263,17.45448591132567,14.958675271741315
-123.61677,200,175.079424,0.0,0.5775892783831623,3417.683570291805,20.20533286778905,17.088417851459027
-55.954779,200,175.200992,0.0,0.3442817244209766,2983.1458740662774,16.284689393735913,14.915729370331388
-71.393832,200,175.321028,0.0,0.18388902582301644,3079.2188137815774,17.61178673172829,15.396094068907887
-77.557138,200,175.764348,0.0,0.24800759470470346,3034.705085906139,17.50614058088756,15.173525429530695
-29.655168,108,175.842904,1.0,0.04789995281744916,1725.567726261572,9.672104287529672,15.977478946866407
-95.761537,200,175.969381,0.0,0.4465916719076047,3198.8363123464155,18.99107764425726,15.994181561732077
-22.831103,137,176.058926,1.0,0.046061413318808996,1796.1451010190901,10.146661568273489,13.110548182621097
-120.718615,200,176.182411,0.0,0.4138586923462514,3215.0924773240295,17.975633482540303,16.075462386620146
-86.227775,200,176.304976,0.0,0.17313016194504505,3222.5846417659086,18.511518552052387,16.112923208829542
-50.668672,200,176.427655,0.0,0.1769206355537853,2707.464537559158,16.15518759816438,13.53732268779579
-22.821493,133,176.521964,1.0,0.048120769940923465,2017.8841215551781,11.674484711483096,15.172061064324648
-73.989301,200,176.646762,0.0,0.3072124878639008,3102.6432266023085,18.82866459906343,15.513216133011543
-68.120075,200,176.769241,0.0,0.18090245518613352,2824.763228521906,16.18424887926868,14.123816142609531
-147.018371,200,176.892338,0.0,0.6711947024401219,3189.1044155416207,18.48639692480531,15.945522077708103
-79.267797,200,177.012906,0.0,0.09831702634765264,3341.26052800662,17.988991904147774,16.7063026400331
-73.826922,200,177.496207,0.0,0.05144345561853076,3008.1284574912247,17.101621984803305,15.040642287456123
-138.424551,200,177.627369,0.0,0.41753441009196646,3035.7579120257083,16.875292829109156,15.178789560128541
-38.962453,200,177.749849,0.0,0.19613152997163893,2564.584282375074,15.617432743207985,12.82292141187537
-129.312375,200,177.874413,0.0,0.5124208774412276,2898.9885511112234,16.344858219852032,14.494942755556117
-36.459245,200,177.998524,0.0,0.175222522981876,2429.5163122996532,14.251654040773328,12.147581561498265
-18.344744,111,178.066998,1.0,0.04953363629503148,1461.702791775795,8.232006393094295,13.168493619601756
-142.415278,200,178.196546,0.0,0.4298330575480666,3109.1085779685777,17.075197281525853,15.545542889842888
-64.111427,200,178.324644,0.0,0.09261842309243125,3170.6538287167773,17.55578512417092,15.853269143583887
-19.273025,110,178.397646,1.0,0.038977214699709224,1621.7255433310593,9.187108178363504,14.74295948482781
-73.714144,200,178.516677,0.0,0.1687940198416112,2787.1677551341036,16.04365488784411,13.935838775670518
-101.051399,200,178.635201,0.0,0.4806566579782018,3073.817448088108,18.293906686873317,15.36908724044054
-49.351184,200,179.128764,0.0,0.14114220890485685,2888.3914794719685,16.598291839366397,14.441957397359843
-15.150853,93,179.188763,1.0,0.04156440806707221,1377.1033445567496,7.936798937639714,14.807562844696232
-105.309506,200,179.315785,0.0,0.4082846129168876,2985.0879187643554,17.621624209291713,14.925439593821777
-72.326554,200,179.444309,0.0,0.23583220223383922,2685.744759136943,15.897689210639728,13.428723795684714
-44.152538,200,179.571851,0.0,0.2057847265048093,3021.8408212636873,16.207775410579767,15.109204106318437
-36.664199,200,179.696377,0.0,0.31132230276539585,3039.515835739132,17.302105841702144,15.19757917869566
-70.579904,200,179.819434,0.0,0.13856360355730216,2690.011129511439,15.249294655689356,13.450055647557194
-55.2254,200,179.946952,0.0,0.1620015406710976,2775.936239003507,16.168511752743076,13.879681195017536
-48.781444,200,180.069135,0.0,0.100824363648436,2641.415872485729,15.6845488287236,13.207079362428644
-103.170186,200,180.18966,0.0,0.2818749013024787,2793.000032736007,15.413042067481989,13.965000163680036
-149.881477,200,180.600213,0.0,0.6442453884562406,3122.2264772367607,18.608609808710515,15.611132386183804
-101.613535,200,180.735245,0.0,0.23672596480875172,3014.2638003994193,17.144440055265527,15.071319001997097
-123.055994,200,180.868989,0.0,0.4595046820295754,3183.18061074297,18.13444255896605,15.915903053714851
-19.463705,80,180.923525,1.0,0.04884555473428817,1093.305406839933,6.273734349425027,13.666317585499163
-17.790156,83,180.979032,1.0,0.04795262401624144,1077.8357194925957,6.0131735293848,12.985972524007177
-164.432432,200,181.103566,0.0,0.8002796067163246,3313.2057312257593,18.77043406920527,16.566028656128797
-110.297012,200,181.226604,0.0,0.3468967230732329,2981.273754534598,17.343463566273883,14.906368772672991
-45.952515,200,181.348155,0.0,0.08872725480605703,2651.973059061108,16.11081048125972,13.25986529530554
-154.082711,200,181.471702,0.0,0.5744073995799526,3184.143746051772,17.932012390709353,15.920718730258859
-145.47532,200,181.5962,0.0,0.69677627135649,3174.407953373961,18.41661393200372,15.872039766869804
-64.093922,200,181.722245,0.0,0.08496116584796869,2707.860030075218,15.24486350446554,13.539300150376091
-113.077428,200,181.844793,0.0,0.24134933092283195,2991.569052127774,16.839886968453683,14.95784526063887
-63.049278,200,182.278521,0.0,0.3179016748765126,2307.4528547585887,14.120024931750834,11.537264273792944
-101.161447,200,182.430146,0.0,0.16947867351114337,2705.388207035179,15.328124272210928,13.526941035175897
-69.264741,200,182.555272,0.0,0.37441552554455776,2576.7576325111118,15.28288675721983,12.88378816255556
-11.649777,93,182.615287,1.0,0.04738338872597692,1063.02778493401,6.818124804390739,11.43040628961301
-147.10652,200,182.738283,0.0,0.6758043481816297,2959.387708615524,17.502061691073624,14.79693854307762
-158.015123,200,182.867805,0.0,0.762250591856955,3170.6142976832957,19.043484664620138,15.853071488416479
-35.16365,200,182.989332,0.0,0.24798943651172525,2918.8450901323504,16.93812093644816,14.594225450661751
-125.910069,200,183.11726,0.0,0.5025729772589091,3061.3362396299995,16.933431300145546,15.306681198149997
-134.794415,200,183.243008,0.0,0.6376692115935955,2973.2722943124636,17.902068939856232,14.866361471562318
-49.790371,200,183.362483,0.0,0.287833891169409,3104.4135283746286,17.0360829820387,15.522067641873143
-58.121122,200,183.482005,0.0,0.09176852826730977,2756.4241916475185,15.355001288925644,13.782120958237591
-151.403672,200,183.906004,0.0,0.6433414890266922,2884.750327995444,17.94192651647095,14.423751639977219
-46.662319,200,184.041864,0.0,0.10573241888081472,2875.1709430970086,16.857093830910916,14.375854715485042
-38.467169,200,184.169416,0.0,0.3946569499910322,3052.971900275911,16.643602282286647,15.264859501379556
-38.008894,200,184.292355,0.0,0.34401773432296945,2805.1863275736864,15.767217729260302,14.025931637868432
-98.371191,200,184.421453,0.0,0.29585332150394483,2833.2901211144517,16.378115995950754,14.166450605572258
-44.091331,180,184.53157,1.0,0.048674881114279665,2212.735687551446,13.51615989069935,12.292976041952478
-109.042266,200,184.655116,0.0,0.36767969186160293,2988.881862356632,17.197410208312682,14.944409311783161
-23.689802,148,184.74766,1.0,0.04936004920629167,1549.1548687488942,9.28493678658464,10.467262626681718
-16.664881,73,184.790659,1.0,0.046520900331682616,949.3923950058042,5.396372574134905,13.005375274052113
-45.08928,200,184.912228,0.0,0.18058397756193081,3199.8359524550688,17.50498889579716,15.999179762275343
-96.955191,200,185.035242,0.0,0.2970677399088508,2681.0354777970706,15.760755439499272,13.405177388985352
-109.125719,200,185.509555,0.0,0.21920881424026112,3067.8664368698837,17.35861650884445,15.339332184349418
-76.307155,200,185.648073,0.0,0.10393521135972948,2957.7341378140286,16.852754435348274,14.788670689070143
-89.033881,200,185.779619,0.0,0.27296551191960045,2640.2220200469833,15.644814875879188,13.201110100234917
-57.918718,200,185.905174,0.0,0.10866790437628969,2847.044818111402,15.838834503968437,14.23522409055701
-95.189122,200,186.032269,0.0,0.19236841990233397,2891.43414436534,15.584015496311176,14.457170721826701
-92.629054,200,186.155827,0.0,0.13171479933794106,2892.803189500146,16.273211125793903,14.46401594750073
-89.842603,200,186.277174,0.0,0.2562172179696574,2823.9918596753664,16.792850453113207,14.119959298376832
-56.265225,200,186.398665,0.0,0.13660887415234976,2906.3190085054416,15.61249265079572,14.531595042527208
-64.747745,200,186.525249,0.0,0.0796364415937601,2950.305079680026,16.606047647410033,14.751525398400132
-72.801193,200,186.647831,0.0,0.18824302522525263,2614.5664689789605,15.829617492730739,13.072832344894803
-146.370549,200,187.083946,0.0,0.4621967230094992,2919.2584599080787,16.575312403980178,14.596292299540394
-48.539509,200,187.219485,0.0,0.0840939505903997,2834.6589628037154,16.028465182340796,14.173294814018577
-10.741088,48,187.250551,1.0,0.04715595345438344,248.25462791794234,1.900186865382364,5.171971414957132
-41.379457,164,187.356074,1.0,0.048841521454960214,2297.2254382965557,13.023471489247067,14.007472184735096
-124.785433,200,187.488657,0.0,0.3233466662063542,3009.411814996146,16.43837177647016,15.04705907498073
-118.574818,200,187.610333,0.0,0.2929409722631092,3009.630884593337,16.516812327819164,15.048154422966686
-81.919276,200,187.7345,0.0,0.1878753991116844,2570.89473587932,14.770028451086777,12.854473679396598
-131.851003,200,187.85803,0.0,0.32848740363084916,2982.5497215940372,16.67301143235477,14.912748607970187
-12.087628,113,187.927548,1.0,0.049155669179905506,1056.4596301790948,6.133469969780375,9.349200267071636
-35.655322,200,188.047088,0.0,0.19719567516419573,2439.1001297567386,15.416081037295067,12.195500648783693
-95.460851,200,188.171559,0.0,0.1389103301388638,3028.3182711351337,17.55769183251523,15.141591355675668
-75.282437,200,188.29172,0.0,0.19094227815167403,2469.719706021245,14.651276754648533,12.348598530106226
-97.840529,200,188.757363,0.0,0.26200584305758845,2760.120660235223,15.96841394355842,13.800603301176116
-68.496435,200,188.897912,0.0,0.10036052478698287,2784.3931412144148,15.905599777184337,13.921965706072074
-112.374853,200,189.036042,0.0,0.42633558216258444,3068.8816379296827,18.048958045270023,15.344408189648414
-111.674908,200,189.160716,0.0,0.384544440433219,2713.925175690631,16.106271544914748,13.569625878453156
-96.511138,200,189.284858,0.0,0.1775609185189392,3039.0143053371567,17.03455638790574,15.195071526685783
-84.84247,200,189.411419,0.0,0.06817739351405805,2752.1740015339346,15.819977891045854,13.760870007669673
-113.861564,200,189.535523,0.0,0.38092072342931943,2638.006269021448,15.547040742464072,13.19003134510724
-45.731585,200,189.662902,0.0,0.11697399720087122,2673.539916360147,15.39985580516031,13.367699581800734
-45.474931,200,189.793283,0.0,0.23161172621873455,3087.2890525699336,17.51714901808849,15.436445262849668
-113.483801,200,189.91881,0.0,0.5363047417056904,2681.478723883621,16.39320198156738,13.407393619418105
-99.615166,200,190.431179,0.0,0.18010213939633207,3047.737017023116,16.748610970631262,15.23868508511558
-62.856769,194,190.588702,1.0,0.04965891532895291,2368.1089227423936,13.57526343278311,12.206747024445328
-104.098897,200,190.720241,0.0,0.33929924723334237,3020.642642030089,17.303874233226445,15.103213210150445
-31.561688,200,190.852276,0.0,0.36374498401099636,2910.4475353947782,16.22520805214262,14.552237676973892
-102.855428,200,190.990801,0.0,0.18974622491312193,3055.941751738289,17.327132722991337,15.279708758691445
-20.311106,126,191.074688,1.0,0.04831073287267311,1330.6470384045426,7.676678240772785,10.560690780988434
-33.047287,148,191.17618,1.0,0.04939268690038389,2227.6438375436765,12.14165652129024,15.051647550970786
-157.977658,200,191.310722,0.0,0.5470210813407036,2830.9249163469854,15.784540134866228,14.154624581734927
-82.501836,200,191.444591,0.0,0.2510882932377801,2220.7326426145037,13.631974573319361,11.103663213072519
-96.328967,200,191.575122,0.0,0.1775463608965244,2872.487095362582,16.84278593451591,14.362435476812909
-29.549562,200,191.70265,0.0,0.22646177837788156,2606.4748968283375,14.688089537148825,13.032374484141688
-104.988604,200,192.153954,0.0,0.22712593200433695,2662.1012640123095,14.964407037632325,13.310506320061547
-155.489339,200,192.287958,0.0,0.5247869981026876,2660.843277687479,14.804961469554144,13.304216388437395
-75.551696,200,192.416509,0.0,0.24570867428911275,2617.595215924922,15.50861488344859,13.087976079624609
-103.828455,200,192.539231,0.0,0.22582854261796947,3114.7661088897466,17.57071891675415,15.573830544448732
-110.681274,200,192.661299,0.0,0.40989945532754324,2639.7464339446497,15.961378835867752,13.198732169723248
-85.299197,200,192.787934,0.0,0.30305589180075,2720.202875965516,16.735085768554036,13.60101437982758
-59.225146,200,192.926404,0.0,0.08285609012663887,2927.5914603666224,16.773418313115116,14.637957301833112
-40.514278,200,193.058925,0.0,0.2040254239671683,2764.209440033489,15.520686407109,13.821047200167445
-13.354835,90,193.119927,1.0,0.049197135184336604,1314.230473716547,7.409753544640643,14.602560819072746
-135.487354,200,193.251714,0.0,0.41705868631691323,2820.4031683959633,16.41596525902891,14.102015841979817
-105.276266,200,193.378826,0.0,0.19819473427540335,2715.8012502503366,14.748965527279829,13.579006251251682
-101.630394,200,193.804029,0.0,0.18735750703630888,2643.952237238259,15.02008045364709,13.219761186191295
-47.513864,200,193.938087,0.0,0.43596965490035455,1605.1364947233005,10.252459009990408,8.025682473616502
-87.933553,200,194.064798,0.0,0.22223820113164935,2530.1815260121107,15.101679387632531,12.650907630060553
-69.190556,200,194.191709,0.0,0.05401105681125179,2741.971910715373,15.61810588951687,13.709859553576864
-94.36756,200,194.31649,0.0,0.2763345016827453,2589.1306480484004,15.52121606767338,12.945653240242002
-40.498572,200,194.442082,0.0,0.32571759563712255,3085.2920614679674,17.343872870866864,15.426460307339838
-149.39541,200,194.56163,0.0,0.4915906758874104,2571.8516913588355,14.714649193879165,12.859258456794178
-36.414937,200,194.685161,0.0,0.3579526873655302,1828.5980631530583,10.74898409923322,9.142990315765292
-94.183346,200,194.808686,0.0,0.1237695406417342,2807.4295701709184,16.02120469132428,14.037147850854591
-104.041096,200,194.935682,0.0,0.22297929878530343,2862.6973224390294,16.161726371092385,14.313486612195147
-84.42906,200,195.396742,0.0,0.31761611557300473,2937.807751233938,17.148399263146,14.689038756169689
-141.224592,200,195.53178,0.0,0.5809905062778714,2852.4931531179577,17.419298722692076,14.262465765589788
-77.8339,200,195.659347,0.0,0.07829036898048043,2923.330327906248,16.64019468954919,14.61665163953124
-82.693916,200,195.786848,0.0,0.13243275593961706,2207.1933702482847,13.350949430074687,11.035966851241424
-50.060815,195,195.909381,1.0,0.049079648180929386,2020.7727040118632,12.313051596878568,10.362936943650581
-39.21878,200,196.031432,0.0,0.2083522195468019,3310.513812230337,18.555273856393597,16.552569061151686
-75.252901,200,196.154955,0.0,0.06353563597447179,2929.1853597418044,16.195261170121054,14.645926798709022
-12.513961,76,196.202953,1.0,0.04422198761664222,1082.080836274305,6.013660321211815,14.237905740451382
-32.043982,200,196.32997,0.0,0.209703064836719,2430.51600060267,13.910281274591306,12.15258000301335
-36.368847,200,196.454031,0.0,0.25130170160306914,3044.5406828792866,17.32157080085659,15.222703414396433
-73.883307,200,196.57655,0.0,0.12147309213687052,2736.705875166732,16.19217119202308,13.68352937583366
-85.133997,200,197.031635,0.0,0.3033645767302165,2359.844036819258,14.246504558374747,11.799220184096288
-52.356388,180,197.149148,1.0,0.04274262793347434,2629.223133006597,15.1706296804914,14.606795183369984
-81.438901,200,197.278698,0.0,0.1156749473953389,2604.161566468358,14.995623273011704,13.020807832341792
-23.459571,136,197.365191,1.0,0.04027798087745416,1679.8916170174257,9.66862586372484,12.35214424277519
-15.118292,92,197.42322,1.0,0.04399631997556873,1311.5497180354375,7.624864717911975,14.255975196037365
-13.287646,74,197.468732,1.0,0.04994413727614357,1055.1738669662107,5.650301805472048,14.259106310354198
-65.459776,200,197.593258,0.0,0.30218137584139254,2302.3528819360768,14.55654751407906,11.511764409680383
-115.003555,200,197.714312,0.0,0.3740938245058175,2511.5958221798955,14.838021799189526,12.557979110899478
-103.756714,200,197.844255,0.0,0.21239367092558442,2850.173093270788,15.746560206805496,14.25086546635394
-85.044258,200,197.965292,0.0,0.3411030594874719,2630.5717488098358,16.196555590988233,13.152858744049178
-97.192091,200,198.087867,0.0,0.18715040363782467,2666.299883938827,14.751942355065625,13.331499419694135
-66.656399,200,198.210398,0.0,0.2786643665545857,2556.5259261966326,15.310977359037112,12.782629630983163
-45.695328,158,198.634558,1.0,0.048545355919138534,2291.0260558355367,12.93754254667179,14.500164910351497
-35.360067,200,198.770073,0.0,0.2947089503286095,2113.708654860661,12.693627688657193,10.568543274303305
-51.435882,179,198.883591,1.0,0.04727830292115617,2164.2585926701095,12.426225249400888,12.090830126648656
-75.433227,200,199.011163,0.0,0.09730844779853151,2719.092579837698,15.642323989139056,13.59546289918849
-29.804826,130,199.091564,1.0,0.04793753042428937,1966.357277910975,10.358497972068031,15.125825214699807
-50.228388,159,199.195081,1.0,0.04798072491784287,2557.420769843004,14.203344745112343,16.08440735750317
-62.740021,200,199.322515,0.0,0.32139036285252803,2346.369413093118,14.447583854288117,11.73184706546559
-113.214456,200,199.444564,0.0,0.2677102943441162,2830.1613410370423,16.482783002749375,14.15080670518521
-132.074961,200,199.568074,0.0,0.4743317469264194,2299.8836661745395,13.692685409024698,11.499418330872697
-162.758191,200,199.691981,0.0,0.6505875161330221,2914.815999300761,16.491966969371244,14.574079996503805
-42.935961,155,199.782546,1.0,0.048293709801351184,2145.171857063309,12.1187375902425,13.839818432666508
-99.821853,200,200.208503,0.0,0.19645256984355833,2839.9461671752615,16.00776996108456,14.199730835876307
-56.668901,188,200.345415,1.0,0.04633324620713105,2021.1472204913584,11.810782827490453,10.750783087719991
-135.589526,200,200.471918,0.0,0.36743153864715966,2953.886560548232,16.641873571481785,14.769432802741159
-53.511035,200,200.605447,0.0,0.11341553285824647,2016.630395549227,12.6833656357843,10.083151977746134
-35.359113,200,200.745046,0.0,0.2904212708766199,2555.7983490798174,14.763094856537633,12.778991745399088
-9.652241,40,200.772047,1.0,0.04857409733266539,189.68496361385206,1.6231011776870434,4.742124090346302
-37.707537,200,200.898781,0.0,0.22048047239739457,2052.749493055218,12.59120750780592,10.26374746527609
-101.32058,200,201.02684,0.0,0.19202023647492453,2635.749710735624,14.899735817721815,13.178748553678119
-34.906857,200,201.151375,0.0,0.31815372253048446,2056.1661816153523,12.2285331012,10.280830908076762
-71.169019,200,201.275904,0.0,0.07288140329245246,2445.9319757531944,14.23478472295522,12.229659878765972
-112.552774,200,201.395431,0.0,0.5072525671294904,2647.3824768286563,15.07243548606571,13.236912384143281
-71.900221,200,201.819617,0.0,0.48800598488943125,2142.210857009813,13.397038862777107,10.711054285049066
-33.348094,200,201.962238,0.0,0.29958689115042453,2931.385788941194,16.445153802276973,14.65692894470597
-65.877448,200,202.086754,0.0,0.06073396858372937,2324.393405908787,13.642908046508346,11.621967029543935
-148.316311,200,202.213232,0.0,0.6437933007130526,2611.714604202069,15.79149893492124,13.058573021010345
-57.245379,185,202.328227,1.0,0.04769152315262802,2497.009677232231,14.327413738394192,13.497349606660707
-36.03177,147,202.419259,1.0,0.04891553824335527,2123.6558309997818,12.065859593685877,14.446638306120965
-136.272462,200,202.541251,0.0,0.45323565646461556,2546.871356152659,15.420700759558834,12.734356780763294
-11.984682,61,202.581232,1.0,0.04503363171844082,926.2511901193376,5.1485049621755605,15.184445739661273
-86.409075,200,202.704163,0.0,0.16535703741334587,2164.443062457487,12.644057066129575,10.822215312287435
-64.176038,191,202.823721,1.0,0.04944502185477264,2495.278173649537,14.384966544768298,13.06428363167297
-148.054871,200,202.952902,0.0,0.48913376884037374,2565.2912023082436,15.5413727758157,12.826456011541218
-120.579272,200,203.394273,0.0,0.30354671087604307,2382.2886850844056,13.856948343913244,11.911443425422028
-81.954653,200,203.534304,0.0,0.12690151393816693,2415.8470069291807,14.363002715157037,12.079235034645903
-44.152549,200,203.671533,0.0,0.13776487081123961,1775.7619283051188,11.0916732937966,8.878809641525594
-40.575715,200,203.797052,0.0,0.31146843081898384,2744.7769242458335,15.741675017508033,13.723884621229168
-93.132059,200,203.922582,0.0,0.17875801950431514,2266.6476796437883,13.644146424960882,11.333238398218942
-87.034967,200,204.049193,0.0,0.15423333353744906,2656.196630346275,15.21487547997066,13.280983151731375
-77.279554,200,204.171734,0.0,0.119489895597806,2914.4254018751662,16.63045824884413,14.572127009375832
-28.58197,140,204.258252,1.0,0.04983774984130936,1793.6467172062378,9.914022457636678,12.81176226575884
-80.950565,200,204.381622,0.0,0.0844283968485165,2684.6464431246854,15.221048097485182,13.423232215623427
-112.367373,200,204.502148,0.0,0.42842052515660034,2448.645885222048,15.224249544178175,12.24322942611024
-27.82828,200,204.620671,0.0,0.3273541763524832,2676.7334694495266,15.34204066402501,13.383667347247632
-60.013972,188,205.055016,1.0,0.047077282249862275,2480.1655350977517,13.612664547726274,13.192369867541233
-61.813029,200,205.203453,0.0,0.05101505167371783,2577.7470626674653,14.863569970209346,12.888735313337326
-92.697952,200,205.328332,0.0,0.15812020958611428,2679.0435743826424,15.07473406243224,13.395217871913212
-57.954147,200,205.455835,0.0,0.07734553208369879,2614.14770895811,15.130886215233389,13.070738544790549
-50.541235,200,205.576386,0.0,0.1832701481756064,1721.7523678818382,10.795430935836865,8.60876183940919
-72.285561,200,205.698893,0.0,0.0648763805861199,2828.2020933881117,15.608265126812125,14.141010466940559
-57.15836,172,205.804415,1.0,0.04577586093005212,2657.2826886613657,14.638805872296349,15.449317957333522
-17.797205,115,205.876615,1.0,0.04835694011334583,1616.619802776272,9.408927782768119,14.057563502402365
-75.557463,200,206.001115,0.0,0.0757175609575689,2843.038270713408,16.136353156258465,14.215191353567041
-115.454496,200,206.125639,0.0,0.3296652383377342,2268.8787462060627,13.938421452691292,11.344393731030314
-47.988064,158,206.226153,1.0,0.04969713133078995,2118.1795439236093,11.79982864976419,13.406199645086135
-98.365757,200,206.683252,0.0,0.27454568539405466,2441.8308809554414,14.509420101956257,12.209154404777207
-68.79922,200,206.816807,0.0,0.16194820740929708,2077.10572697305,12.95443992626459,10.38552863486525
-68.889676,200,206.947831,0.0,0.12714150420132517,2269.660191184948,13.611713699301498,11.34830095592474
-130.681223,200,207.076366,0.0,0.36213545320009555,2740.8540831531304,15.922435873567483,13.704270415765652
-77.450356,200,207.199898,0.0,0.08829372064474054,2720.577268334242,15.561891423906967,13.60288634167121
-84.261381,200,207.323409,0.0,0.10723984770222088,2311.3166573326166,13.166136506459868,11.556583286663082
-42.302954,200,207.453104,0.0,0.18394055668788364,2020.9384850286817,12.748537273301112,10.104692425143408
-40.56328,150,207.544257,1.0,0.04706900789375243,1911.3756386854527,10.830754775438548,12.742504257903018
-33.335189,200,207.666809,0.0,0.2698751150864192,2164.9149653685263,12.567041232983724,10.824574826842632
-136.48911,200,207.79138,0.0,0.4109997053655221,2287.9451425747,13.671311058096254,11.439725712873502
-40.93738,168,207.890875,1.0,0.04839326642999445,2347.8560244591745,13.644922078379297,13.975333478923657
-30.345626,200,208.324464,0.0,0.24917972438197722,2677.3746873440814,15.30147479817299,13.386873436720407
-67.734191,200,208.449541,0.0,0.05807002295380484,2332.0591887175524,13.63858200043178,11.660295943587762
-47.556788,200,208.580036,0.0,0.35693960326276275,1634.495268345598,10.625761414762815,8.172476341727991
-29.465117,200,208.708557,0.0,0.29078779906843877,2837.0488252771224,16.116987915307618,14.185244126385612
-142.846803,200,208.838138,0.0,0.41576943744881883,2858.4127103428036,16.136871721458764,14.292063551714017
-48.657751,200,208.96372,0.0,0.4093287314368132,2749.5119746739665,15.697957510501617,13.747559873369832
-68.343191,200,209.089067,0.0,0.057987994470197014,2644.3188143894104,15.17554552984314,13.221594071947052
-51.978472,186,209.213587,1.0,0.04867497304477893,1737.9748669191151,10.399912739769361,9.343950897414597
-42.87263,179,209.340188,1.0,0.04770199888597927,1885.8773315578806,11.435795967883724,10.535627550602685
-45.389958,200,209.465736,0.0,0.30851967686319565,2820.729545184218,15.733074433106918,14.103647725921089
-26.196385,133,209.857271,1.0,0.04780097066475469,1860.1353296479797,10.612021612122103,13.98597992216526
-37.343022,200,209.998394,0.0,0.3003519743776447,2807.585355561876,15.710140271436387,14.03792677780938
-110.53073,200,210.136345,0.0,0.25080360596797396,2703.5657220398343,15.507922979162238,13.517828610199171
-79.859775,200,210.264917,0.0,0.09188966335407524,3019.8640252270907,16.67515044367531,15.099320126135453
-53.815802,200,210.39433,0.0,0.24375436861688984,2729.927295777185,15.344060418189486,13.649636478885926
-91.524211,200,210.513861,0.0,0.09462429463467056,2600.70676268867,14.24628910220475,13.003533813443351
-108.906756,200,210.638952,0.0,0.24157600289104242,2581.632821736833,14.660905579948993,12.908164108684167
-58.316278,200,210.763454,0.0,0.15018465872726905,1975.5081352272996,12.602767292834288,9.877540676136498
-65.578757,200,210.88696,0.0,0.07086949823962539,2601.954561484038,14.761144974105855,13.009772807420191
-42.14196,200,211.009481,0.0,0.2860458595847527,1675.4966527278968,10.946575530407205,8.377483263639483
-11.550457,106,211.070539,1.0,0.04178492013840995,688.0256468724299,4.19102896701054,6.490807989362546
-37.246744,200,211.493659,0.0,0.322710188384699,2651.833118613058,14.953605281523403,13.25916559306529
-43.68196,200,211.643694,0.0,0.10431338220024108,1688.7519460154335,10.257946557568212,8.443759730077169
-86.355492,200,211.774755,0.0,0.16835838936803496,2787.761291727387,15.47687764433352,13.938806458636934
-95.628721,200,211.903828,0.0,0.20748606377196738,1980.4353051654841,11.881710148462872,9.902176525827421
-111.177829,200,212.027375,0.0,0.2546234372490185,2638.7764622639156,15.21843482349015,13.193882311319578
-18.715908,119,212.10389,1.0,0.04616562795053655,1802.3309662653955,9.969345859657953,15.145638371978114
-49.083884,200,212.230422,0.0,0.11765291872409471,2703.5307564287136,15.334682022788575,13.517653782143569
-145.198765,200,212.351287,0.0,0.4427640326377246,2317.5977330435503,13.692194164949067,11.587988665217752
-24.364671,133,212.43535,1.0,0.04613433661461454,1873.969806117002,10.523309469890679,14.089998542233097
-80.264386,200,212.557881,0.0,0.23872437324245332,2152.7695757883953,13.256097045280224,10.763847878941977
-42.218829,200,212.677416,0.0,0.2632514323616946,2764.282766715768,15.242514961272372,13.82141383357884
-100.026661,200,213.115201,0.0,0.33110452185652617,2135.0344706628343,13.120383776472412,10.675172353314172
-117.606912,200,213.264267,0.0,0.2511644522842599,2707.78139599117,15.270015832794897,13.53890697995585
-13.877415,113,213.336226,1.0,0.04855257258761133,1385.1875626488022,7.870191933630674,12.25829701459117
-63.54684,200,213.460484,0.0,0.055113260872882895,2236.0103958954564,13.108063603374756,11.180051979477282
-28.397148,200,213.587521,0.0,0.3292669885291854,2776.2182805461775,15.585584554019352,13.881091402730888
-112.755611,200,213.710108,0.0,0.28647251586213773,2390.7059222378443,14.002347082747054,11.953529611189222
-101.53306,200,213.833146,0.0,0.3570897564582518,2305.8451274572776,13.846580226479128,11.529225637286387
-53.563469,200,213.959549,0.0,0.05996362759839663,1838.9218413914205,10.988299226020262,9.194609206957102
-113.431799,200,214.084084,0.0,0.43282810159542046,2173.904168147786,13.661592526313601,10.86952084073893
-31.084841,148,214.172625,1.0,0.04811479046376431,2160.071763577057,12.31186947528502,14.595079483628764
-106.563603,200,214.290142,0.0,0.22535157170227718,2884.470392964094,15.974561178092301,14.422351964820471
-54.538941,181,214.716805,1.0,0.04704044522204589,2356.996263345193,13.701218522083074,13.022078803012114
-127.307102,200,214.846805,0.0,0.3375790823322509,2560.015756825457,14.923403982544487,12.800078784127287
-48.855601,200,214.974203,0.0,0.17209120340075587,2807.4708080537957,16.189500552139542,14.037354040268978
-71.415861,200,215.101751,0.0,0.07824484269675351,1984.6228915083163,11.611762619525795,9.923114457541582
-113.625459,200,215.224244,0.0,0.3585121579698712,2242.1577247906453,13.080847563136002,11.210788623953226
-132.212083,200,215.347271,0.0,0.47367805188892786,2075.98492948546,12.53248974960983,10.379924647427298
-149.010257,200,215.472819,0.0,0.4980400299188091,2537.5202570882266,15.182810767955212,12.687601285441133
-84.333145,200,215.595371,0.0,0.20395543265136173,1830.9917453995577,11.504929564753652,9.154958726997789
-29.560895,200,215.721914,0.0,0.3352558683207256,2477.618956871249,14.378835137151805,12.388094784356245
-91.833918,200,215.840946,0.0,0.1313917107371047,2778.046011124507,15.968544019642597,13.890230055622535
-120.139881,200,216.274431,0.0,0.3009679587907886,2698.9246581710095,14.652492153377707,13.494623290855047
-24.354618,138,216.367618,1.0,0.04443413718601059,1772.6486397689882,9.9534171473567,12.845279998326001
-31.970643,200,216.498728,0.0,0.3681352973057057,2619.8572239913,15.324801388916356,13.099286119956501
-52.980377,179,216.610285,1.0,0.04820532575820791,1889.5298417660904,11.091066593355684,10.556032635564751
-90.482,200,216.736341,0.0,0.18166807286011205,1732.7515166103708,10.827354742486063,8.663757583051854
-70.577806,200,216.861393,0.0,0.19566125449415128,1626.3620161470672,10.006730741623961,8.131810080735336
-78.886916,200,216.987511,0.0,0.09925288404807746,2344.0587787691234,13.408443215981341,11.720293893845616
-57.287443,200,217.110042,0.0,0.43651329905944736,2775.072530679946,15.813274453226882,13.87536265339973
-36.066077,200,217.236739,0.0,0.2432838464605827,2381.8104602140943,13.855168124015629,11.90905230107047
-127.516831,200,217.361269,0.0,0.4498749154115412,2067.965245664968,12.767565308269706,10.339826228324839
-86.33328,200,217.48379,0.0,0.1369937608970317,2127.4639474480337,12.300934153280622,10.637319737240169
-68.59482,200,217.912702,0.0,0.05713761233770328,2324.9337180913662,13.789477904295085,11.624668590456832
-35.726184,200,218.047736,0.0,0.2903155350251464,2828.0684152219446,15.815206171990708,14.140342076109723
-39.171241,200,218.173192,0.0,0.3454551657643159,1550.3300848060442,9.775614601306303,7.75165042403022
-96.782893,200,218.299712,0.0,0.17950592753797587,3016.088513434575,17.00018822058413,15.080442567172874
-79.010602,200,218.425863,0.0,0.09456519328852808,3138.578437009275,17.92596209511548,15.692892185046375
-143.41429,200,218.55103,0.0,0.5244565056938535,2069.8338104485847,12.80731274255295,10.349169052242923
-11.01248,49,218.582562,1.0,0.04853569145059656,227.90309239886187,1.8172573163268306,4.6510835183441195
-123.691385,200,218.707207,0.0,0.32252528586509,2432.609032057249,13.825686755349555,12.163045160286245
-50.914458,184,218.819765,1.0,0.04559068829727396,2755.8043215942826,15.767324339131601,14.977197399968928
-82.338345,200,218.943302,0.0,0.17835346612626463,2021.3932284230957,12.701246123398603,10.106966142115478
-10.309267,41,218.969326,1.0,0.042785811179315354,365.1258865982954,2.2643906377963954,8.905509429226717
-131.635408,200,219.09478,0.0,0.36548173105621784,2130.0924848780187,12.009557102366477,10.650462424390094
-57.155852,200,219.536369,0.0,0.28818184146988546,1692.6215695298463,10.41994631312041,8.463107847649232
-37.52922,200,219.668887,0.0,0.25274872134011556,1907.3142429610696,11.420831081288206,9.536571214805347
-37.935527,155,219.770407,1.0,0.046977584978782405,2281.287353040913,12.23906174584922,14.7179829228446
-81.832925,200,219.902605,0.0,0.12442338648329165,2443.5325903231906,13.951454107226258,12.217662951615953
-58.117387,200,220.029219,0.0,0.2500374194153809,1393.2907593091281,8.92517421394778,6.966453796545641
-33.617855,200,220.15511,0.0,0.3405532923496853,1945.4556657126896,11.330605614131828,9.727278328563449
-39.170264,200,220.283036,0.0,0.1748412324861169,1959.5297270695316,11.2820865989394,9.797648635347658
-39.365587,200,220.40557,0.0,0.318389137003971,1577.8283250622333,9.65034634224755,7.889141625311166
-132.492695,200,220.527109,0.0,0.3700391202987383,2517.900267854483,14.328892560982851,12.589501339272415
-148.715258,200,220.652272,0.0,0.4612149020527351,2408.1079452584554,14.095020459099935,12.040539726292277
-78.218437,200,221.083371,0.0,0.0913707368814171,3166.0752080101156,18.43599842128945,15.830376040050577
-39.783663,165,221.194888,1.0,0.0485663731947405,2351.688657919525,12.972958753236997,14.252658532845608
-27.611618,139,221.287424,1.0,0.04951275083594063,1710.159440421552,9.53628417642941,12.303305326773756
-45.602092,200,221.413889,0.0,0.3234441502120234,2533.8195626816814,14.582661162626788,12.669097813408406
-150.185521,200,221.538962,0.0,0.4799196387061531,2704.033388580447,15.697534610908363,13.520166942902236
-120.130021,200,221.663481,0.0,0.3023198586087292,2804.3667472579205,16.2460271074691,14.021833736289603
-77.389921,200,221.788083,0.0,0.10131841226403969,2721.2009335830285,15.317861292889965,13.606004667915142
-55.496363,200,221.912589,0.0,0.2913820905494306,2396.015267175833,14.258316238051057,11.980076335879165
-135.152385,200,222.033117,0.0,0.41172477263932405,1997.1331298366147,12.246246976039343,9.985665649183073
-105.400386,200,222.155142,0.0,0.21618034518763402,2293.0549816308735,13.076759601622486,11.465274908154367
-40.639986,200,222.276682,0.0,0.378419458801225,1767.2744799629836,10.950676428104865,8.836372399814918
-58.343946,200,222.711708,0.0,0.42569446866560334,1293.001415419615,8.147472776833306,6.4650070770980745
-46.687362,200,222.854629,0.0,0.2760778036862795,1965.7227913843035,12.023562966087223,9.828613956921517
-35.86792,200,222.981696,0.0,0.2908605919339187,2650.3539521218445,14.669784151313678,13.251769760609223
-52.162304,200,223.108227,0.0,0.10313313567221853,2425.508766791577,13.947694379614202,12.127543833957883
-31.733502,142,223.202725,1.0,0.049917931139569126,1736.3285650733646,9.73126111097687,12.227665951220878
-44.053167,200,223.324263,0.0,0.29513087399364724,1485.3170669475946,9.268695157526775,7.4265853347379736
-56.601078,179,223.434793,1.0,0.04986985731715706,2454.389179888579,13.446512648665305,13.71167139602558
-96.1231,200,223.558215,0.0,0.2746025029808233,1585.7110233757908,10.248758867319024,7.928555116878954
-48.798396,200,223.680686,0.0,0.4028255278238798,2531.501628660155,13.877678712279698,12.657508143300774
-50.926802,200,223.798773,0.0,0.14867274203501588,2648.4670239572024,15.280114373695172,13.242335119786013
-109.726028,200,223.918304,0.0,0.27967217960058033,1616.8473480848472,9.902009123125021,8.084236740424236
-121.90295,200,224.356931,0.0,0.3081733259722594,1795.9288991603503,11.392649643965589,8.979644495801752
-74.145626,200,224.502892,0.0,0.1644362090805742,1910.001294382489,11.696520671128619,9.550006471912445
-80.82569,200,224.629462,0.0,0.11503713540370232,2014.467811313949,12.146506262431497,10.072339056569744
-127.973467,200,224.749578,0.0,0.3214226542548264,2898.454762269248,16.049601966020333,14.49227381134624
-35.925934,200,224.873636,0.0,0.3397759853576147,2024.7802244931602,12.279213729297405,10.123901122465801
-48.155372,200,225.00165,0.0,0.2999987616913186,1430.9837439207547,9.004033568542777,7.154918719603773
-48.553145,200,225.127939,0.0,0.278760870025446,1196.6850224682369,7.592636472123208,5.983425112341184
-139.792984,200,225.25051,0.0,0.4015611803779492,2700.9471236669874,15.180258645203056,13.504735618334937
-91.925836,200,225.371032,0.0,0.15128938658346425,2700.033117668191,15.616822037073536,13.500165588340955
-33.505391,200,225.492542,0.0,0.2753969785599585,2826.546963375193,15.768358581799767,14.132734816875965
-53.951524,200,225.931474,0.0,0.15340280569410283,1555.722026543571,9.566738079669138,7.778610132717855
-98.5112,200,226.068508,0.0,0.19679706927919008,2708.5853488363728,15.69780391342704,13.542926744181864
-97.339472,200,226.195031,0.0,0.11296004129139997,2480.621949828222,14.199041763273334,12.40310974914111
-54.405185,200,226.321557,0.0,0.41120152395445037,2578.2306185241287,15.050251700665976,12.891153092620643
-50.428066,200,226.44289,0.0,0.07660655836011707,2577.3350566751838,14.545800521418284,12.886675283375919
-133.614314,200,226.569281,0.0,0.3772528085389218,2649.6220902307355,15.353571904120365,13.248110451153677
-58.777221,200,226.694803,0.0,0.09086511342119416,3010.4157124322023,16.790476613796997,15.052078562161011
-9.402297,37,226.7198,1.0,0.04483009579574231,123.7553200969298,1.1612303417314065,3.3447383809981024
-134.022365,200,226.846697,0.0,0.36975833563335664,2828.910133245604,16.26128575172852,14.14455066622802
-131.702902,200,226.973221,0.0,0.48254053344186065,1886.6535736572157,12.059452474277887,9.433267868286078
-82.045078,200,227.092703,0.0,0.1214174925043957,2037.862464868825,12.559110562049788,10.189312324344126
-129.412636,200,227.529967,0.0,0.36478527541902234,2438.404742735802,14.58536695117586,12.19202371367901
-45.626043,159,227.628494,1.0,0.04803017952830229,1932.0875269796866,11.030020934853699,12.151493880375387
-45.565633,200,227.758536,0.0,0.30973342681809674,2752.8810780011395,15.214496451997174,13.764405390005697
-117.225852,200,227.886068,0.0,0.2717338557964907,2660.5741073848512,15.71746097575833,13.302870536924257
-70.006395,200,228.012642,0.0,0.0848881821100282,2656.5889172826037,15.435435493931971,13.282944586413018
-104.504868,200,228.137127,0.0,0.22441376004177405,2396.8421205992963,13.24233283240724,11.984210602996482
-35.378719,162,228.23975,1.0,0.039894939273942,2195.972753051073,12.399354095548135,13.555387364512796
-123.056054,200,228.366307,0.0,0.3246425553849554,2319.114803279805,13.662759592290406,11.595574016399025
-23.673124,121,228.439527,1.0,0.046864389391913015,2010.1009834260242,10.984946151282195,16.61240482170268
-44.558062,200,228.570314,0.0,0.24226261148982844,1958.9754772013914,11.66223554149155,9.794877386006958
-107.567741,200,228.689894,0.0,0.23197096435935788,2689.1612652929352,14.917978137100722,13.445806326464677
-101.292036,200,229.151799,0.0,0.19475067548057862,2559.341402083885,14.92338460980572,12.796707010419425
-40.519964,200,229.282324,0.0,0.3719359162462865,2860.3181705534457,15.743263754559514,14.301590852767228
-32.518289,154,229.381204,1.0,0.04767526150446908,2098.410589086576,11.50771658113122,13.626042786276466
-116.56225,200,229.513697,0.0,0.33093925169200994,1619.0716953528147,10.41127689792374,8.095358476764073
-125.919756,200,229.644768,0.0,0.33022779084298065,2748.2260654908255,15.89249921025003,13.741130327454128
-137.190612,200,229.764315,0.0,0.390777450436861,2043.9521856261065,11.554178277185992,10.219760928130533
-66.337509,200,229.890833,0.0,0.262913140672675,1105.2587511394524,7.506966702050464,5.526293755697262
-34.909986,200,230.014371,0.0,0.38133755129655605,2811.1765981302633,15.323915729107647,14.055882990651316
-49.798796,200,230.139907,0.0,0.10552924728020398,2614.025012188803,14.628845887818938,13.070125060944015
-38.328838,200,230.263268,0.0,0.2862152437675699,2688.485838198579,15.44085756887676,13.442429190992895
-34.908999,160,230.358791,1.0,0.04330722141708497,2460.2354556172545,14.005374546098391,15.376471597607841
-144.752531,200,230.814366,0.0,0.42767592448142233,2766.7670661420684,15.834466989887744,13.833835330710341
-80.059902,200,230.949156,0.0,0.1585530204080801,2040.7407861879087,12.214257459908218,10.203703930939543
-56.622656,200,231.08063,0.0,0.13507515309656787,2619.8312741155946,14.514653473137017,13.099156370577973
-54.591332,200,231.202187,0.0,0.524466296131451,920.2951552234988,6.3139713732285365,4.601475776117494
-45.364434,166,231.304677,1.0,0.04946652601634428,2254.807716310434,11.869455044301821,13.583179013918278
-44.639233,200,231.427241,0.0,0.3979722715900711,2726.314657072927,15.611190712283197,13.631573285364635
-102.468304,200,231.554368,0.0,0.16653675159185133,2553.668352700887,14.467501915220145,12.768341763504436
-60.958709,200,231.68649,0.0,0.3246744599359657,904.6859561973193,5.935937309111384,4.523429780986596
-110.619126,200,231.81301,0.0,0.4214123294228629,1963.0334015201388,12.742923766517391,9.815167007600694
-139.970621,200,231.932231,0.0,0.4066805906504765,2627.359487149134,15.139049170859545,13.13679743574567
-49.538855,200,232.361479,0.0,0.26905937588782086,2574.928959728659,14.60481467731695,12.874644798643294
-59.449737,200,232.498619,0.0,0.21976944075465046,1612.791123549856,10.221141115973024,8.06395561774928
-65.046561,200,232.627158,0.0,0.41068212582219604,1282.0447701469911,8.340952789671066,6.410223850734956
-93.856401,200,232.751128,0.0,0.20189124535137662,1552.6123341422237,9.975209864010363,7.763061670711119
-121.202946,200,232.874675,0.0,0.28579493289911173,2589.0160715619463,14.63730496033168,12.945080357809731
-85.927613,200,233.001133,0.0,0.08285806321365118,2519.7620168672806,14.23815826764754,12.598810084336403
-62.195359,200,233.126672,0.0,0.31402152857982224,1275.0815391686933,8.50758221847535,6.3754076958434664
-67.297468,200,233.25074,0.0,0.14484869658201377,1565.6533507250222,9.62729858349821,7.828266753625111
-61.163951,200,233.373259,0.0,0.18804449654640365,1474.5666582214842,9.344009354879756,7.372833291107421
-42.787451,200,233.489788,0.0,0.3284271546461998,1690.4951966152025,10.206648687355017,8.452475983076013
-55.221866,200,233.930161,0.0,0.45676887182990134,1414.3047813184664,9.388026206207496,7.071523906592332
-66.529749,200,234.071829,0.0,0.11214986971576756,1542.4996711673493,9.244036953604013,7.712498355836747
-14.361692,90,234.13335,1.0,0.049966254922125905,1374.2651466957434,7.878216887345413,15.269612741063815
-110.972168,200,234.259206,0.0,0.24122189372805058,1475.2140783084842,8.91200877212388,7.376070391542421
-124.12081,200,234.385719,0.0,0.3262892500960667,1853.5350498531716,10.488252815613086,9.267675249265858
-92.594475,200,234.514978,0.0,0.16319077314431835,1693.296372661659,10.037896657022266,8.466481863308296
-37.461429,151,234.6075,1.0,0.04935033704999776,1946.269091216553,11.519019750276808,12.889199279579822
-51.187828,200,234.729025,0.0,0.1328459567272774,2760.121509995605,15.633819229764235,13.800607549978023
-22.874948,125,234.808537,1.0,0.048044542964443784,1684.8497175013056,9.441306941972142,13.478797740010444
-63.51652,200,234.932629,0.0,0.1902424917456075,1411.5359117647067,8.768537328604681,7.0576795588235335
-65.110522,200,235.052299,0.0,0.20683222844142635,1167.8757978666579,7.506418083470818,5.839378989333289
-43.163062,200,235.174823,0.0,0.3570349423909157,1394.312910157864,8.410857828140177,6.971564550789321
-70.025332,200,235.620536,0.0,0.10317940848019144,2062.4847472017486,12.039368775453527,10.312423736008743
-49.579468,200,235.751471,0.0,0.3564613498866118,1086.6269948757824,7.175492943817259,5.433134974378913
-41.019187,200,235.880976,0.0,0.3847154390484948,2306.719164304132,13.832162747104114,11.53359582152066
-53.951468,187,235.999694,1.0,0.04700936085372385,2883.0969877400125,16.66746839427612,15.417630950481351
-7.81568,65,236.040207,1.0,0.04838657489032288,1057.6226472250999,5.839640258967988,16.271117649616922
-22.898871,129,236.117958,1.0,0.044293182626318324,1643.173461573321,8.929772883455763,12.737778771886209
-52.828824,175,236.227473,1.0,0.047601350419172336,2571.657469791116,14.387402565261347,14.69518554166352
-35.300501,200,236.355497,0.0,0.3591311808602423,2910.0254306288316,16.880341066162767,14.550127153144158
-130.716653,200,236.482014,0.0,0.352287580685868,1863.3961986923077,11.13786525376554,9.316980993461538
-91.185597,200,236.606329,0.0,0.17033398482816742,1454.479734285089,8.968802650948412,7.272398671425446
-54.600376,200,236.724855,0.0,0.19947420611819516,1294.717865024459,7.829590997057788,6.473589325122294
-11.825267,53,236.756378,1.0,0.04407025529792291,703.4166188194747,4.045897777689911,13.272011675839146
-37.73447,151,237.167984,1.0,0.04791726891579208,2011.3486070281795,11.575316036121597,13.320189450517745
-61.404165,187,237.291533,1.0,0.049754800113627234,2723.6418608644785,15.680708236354352,14.564929737243201
-50.580159,200,237.420071,0.0,0.29320360262991535,2524.6706000195127,14.024518823531604,12.623353000097563
-126.057547,200,237.543629,0.0,0.48146584066790304,2113.9728478571074,13.396637079024268,10.569864239285536
-68.940833,198,237.666369,1.0,0.047992741723056405,2818.2599744897307,15.925378971283816,14.23363623479662
-27.409863,141,237.751915,1.0,0.04838730845107244,2025.4280587310486,11.275433696352026,14.364738005184742
-94.465698,200,237.87734,0.0,0.3060545419292379,1502.1257017281584,9.501606402481869,7.510628508640792
-74.826038,200,237.999891,0.0,0.08180069370760444,2335.5458342327406,13.184419521941985,11.677729171163703
-56.873105,200,238.122317,0.0,0.4506700016322828,1160.7904097344708,7.349994765512314,5.803952048672354
-13.067516,110,238.194026,1.0,0.03974473195475238,1472.2916732322508,8.316895475191046,13.384469756656825
-50.016199,200,238.314184,0.0,0.23639835440741097,2439.373378504547,14.47997259662537,12.196866892522735
