#{"t_start": 1774120404.416287, "env_id": null}
r,l,t,is_success,final_distance
-108.02314,200,1.200252,0.0,1.2436303292973585
-167.119891,200,1.316769,0.0,0.9352168092142628
-111.277762,200,1.433846,0.0,0.41303978374036376
-151.790222,200,1.551373,0.0,0.641746440738397
-165.448867,200,1.679914,0.0,0.8997597311419896
-0.803744,6,1.68391,1.0,0.01920981322222045
-200.903933,200,1.810822,0.0,1.1357307132503989
-169.013441,200,1.936554,0.0,0.7659227051126467
-262.39866,200,2.061059,0.0,1.1026650413710928
-91.858771,138,2.141044,1.0,0.03212028252338383
-157.961955,200,2.254902,0.0,0.6884645983448494
-128.132493,200,2.675066,0.0,0.20781650042364766
-118.255312,200,2.79959,0.0,0.4829645520095274
-109.938273,200,2.92412,0.0,0.7206637051185588
-137.356079,200,3.050145,0.0,0.36477101582245663
-137.950869,200,3.16467,0.0,1.2026867926009261
-201.182163,200,3.282208,0.0,1.138074314390038
-90.3528,200,3.394746,0.0,0.2801161791539504
-63.487492,127,3.475317,1.0,0.047633770795320066
-65.802836,184,3.592834,1.0,0.04774690266394124
-113.008393,200,3.709353,0.0,0.5170739473110768
-144.378019,200,3.821824,0.0,0.7038564740843478
-116.778822,200,4.231744,0.0,0.6224021424605506
-87.85549,200,4.374844,0.0,0.09140425189600396
-83.435314,200,4.514044,0.0,0.40231041810427487
-130.812019,200,4.642109,0.0,0.46968456907269723
-71.735507,200,4.759615,0.0,0.1654074873343531
-116.956342,200,4.879351,0.0,0.1692721855355393
-113.518907,200,4.999564,0.0,0.3921047907401437
-113.789813,200,5.116097,0.0,0.7475868941954874
-97.692148,200,5.232628,0.0,0.5238787346116474
-142.113789,200,5.347666,0.0,0.6222809244296114
-48.446333,133,5.708225,1.0,0.046712154758765535
-108.421095,200,5.838145,0.0,0.42388246200335733
-91.699864,200,5.968683,0.0,0.13643372907824267
-164.090011,200,6.090226,0.0,0.37903609765806234
-86.510639,200,6.201735,0.0,0.07790334425785683
-99.340649,200,6.317367,0.0,0.670942034366545
-122.446383,200,6.429908,0.0,0.49328259144936293
-97.586718,200,6.550964,0.0,0.5928728311234851
-90.21798,200,6.66544,0.0,0.45336751764230304
-92.366306,200,6.777983,0.0,0.26419564406911267
-86.598178,200,6.893414,0.0,0.18429497894404964
-119.311615,200,7.347581,0.0,0.8153617425061871
-85.81577,200,7.480367,0.0,0.1579385023612212
-69.112684,200,7.602906,0.0,0.31307495788137074
-89.397086,200,7.726306,0.0,0.5419295532832611
-134.961127,200,7.841346,0.0,0.4601926008594743
-140.239393,200,7.958872,0.0,0.599821291180122
-111.246611,200,8.073397,0.0,0.42501535115258027
-118.431266,200,8.188918,0.0,0.5084250962014749
-106.544706,200,8.304394,0.0,0.4919005710870499
-117.785158,200,8.418918,0.0,0.6546292008558733
-82.689893,200,8.829076,0.0,0.43238198766459135
-85.301993,200,8.968987,0.0,0.5702449290163776
-124.6923,200,9.088483,0.0,0.40514035411660587
-0.398796,3,9.091483,1.0,0.036362330412800646
-107.336309,200,9.206002,0.0,0.4028783253935681
-94.149372,200,9.3221,0.0,0.22393021888625797
-72.32159,200,9.435184,0.0,0.835985051490099
-124.418961,200,9.564162,0.0,0.38762472836907624
-103.156405,200,9.680643,0.0,0.522964498757398
-80.671286,200,9.797166,0.0,0.7646659987395139
-97.265135,190,9.916676,1.0,0.0475704292838063
-134.518499,200,10.408865,0.0,0.056107898032870224
-39.181042,119,10.493047,1.0,0.04163683508101389
-80.67165,200,10.619466,0.0,0.5490963273199618
-96.472113,200,10.733991,0.0,0.5324496433875677
-25.132596,31,10.753563,1.0,0.04191694849162827
-121.376423,200,10.866015,0.0,0.4507093972216773
-114.773106,200,10.979555,0.0,0.1259389862971499
-76.987731,130,11.057103,1.0,0.04455639948867294
-77.486887,200,11.173653,0.0,0.498455923583203
-102.368297,200,11.286184,0.0,0.4671803935940613
-142.411597,200,11.397692,0.0,0.6258160390667291
-133.894847,200,11.510233,0.0,0.8051293265378183
-21.701543,28,11.528259,1.0,0.044207322473030046
-94.382325,200,11.934916,0.0,0.5483414491541084
-107.565948,200,12.083093,0.0,0.2864848479910828
-66.773038,118,12.15225,1.0,0.03654992901324001
-139.157405,200,12.273767,0.0,0.6801560632843064
-0.060719,1,12.27477,1.0,0.04057708067962557
-108.223746,200,12.39032,0.0,0.29088555837699065
-100.704711,200,12.506847,0.0,0.9212900639037028
-107.333105,200,12.626716,0.0,0.776536927749606
-81.806503,164,12.730261,1.0,0.03889919059735851
-91.946478,200,12.858319,0.0,0.38128592148695095
-89.651508,200,12.97984,0.0,0.27909733189893937
-92.169469,200,13.101569,0.0,0.39484254783157524
-76.252594,200,13.555179,0.0,0.588313748158734
-88.163539,200,13.685702,0.0,0.49997209654573843
-81.488702,200,13.806171,0.0,0.3372785469090679
-117.852138,200,13.923833,0.0,0.8053552761878803
-78.562056,200,14.036981,0.0,0.3577633879533729
-88.029017,200,14.155026,0.0,0.19405811846485674
-87.567882,200,14.270529,0.0,0.3615075027069138
-135.976463,200,14.388053,0.0,0.8043236794847192
-125.395731,200,14.500693,0.0,0.41672198707217467
-113.706002,200,14.617216,0.0,0.3715537650749239
-95.226843,200,15.046715,0.0,0.4640243956339335
-128.614082,200,15.181232,0.0,0.25446448613162154
-83.57943,192,15.296334,1.0,0.042536197903957323
-112.061129,200,15.423861,0.0,0.755813159905432
-62.537445,123,15.508389,1.0,0.036988179006984
-0.304071,3,15.511386,1.0,0.04127355025089061
-134.744386,200,15.642403,0.0,0.8689953954584505
-42.171171,73,15.687399,1.0,0.032822554534338313
-57.54424,91,15.74293,1.0,0.04910808482375647
-55.707925,105,15.807935,1.0,0.04175571563371286
-3.907226,15,15.818293,1.0,0.04788680702531002
-106.029076,200,15.954232,0.0,0.7761811233126785
-90.164046,200,16.073345,0.0,0.5104025505792955
-85.383304,200,16.188865,0.0,0.42450110097805566
-79.900854,200,16.616849,0.0,0.5024575920662989
-117.327901,200,16.74388,0.0,0.6848663788915103
-99.68379,200,16.865385,0.0,0.47747453176779403
-85.347683,200,16.979919,0.0,0.3603405817107154
-120.989027,200,17.098431,0.0,0.4975634995790511
-115.753365,200,17.213813,0.0,0.6238609895934576
-59.283782,107,17.275352,1.0,0.037925963820597465
-131.490576,200,17.38793,0.0,0.7279111628208701
-123.574717,200,17.50351,0.0,0.7021683210181612
-109.717748,200,17.615979,0.0,0.6042607187276006
-29.272657,66,17.656498,1.0,0.04150623326113169
-91.513801,200,18.075222,0.0,0.5290530924362978
-143.467778,200,18.232743,0.0,0.8280103037607459
-98.179939,200,18.369832,0.0,0.43083993328581005
-144.96051,200,18.492362,0.0,0.7067013818863441
-2.789888,10,18.49932,1.0,0.04448205907573639
-103.186041,200,18.618401,0.0,0.7613104076155337
-109.055978,200,18.740074,0.0,0.4753373780277704
-97.937461,200,18.856655,0.0,0.752308966584343
-109.997478,200,18.972218,0.0,0.21165581051127552
-98.126317,200,19.088746,0.0,0.41050071981829606
-89.338758,200,19.210259,0.0,0.5273181095265141
-49.53895,92,19.264783,1.0,0.04316266827997135
-80.962816,200,19.665791,0.0,0.271727457678237
-102.681494,200,19.801317,0.0,0.32942244870171017
-102.881263,200,19.923861,0.0,0.6230110904130777
-139.603634,200,20.043948,0.0,0.7544133457040034
-170.251035,200,20.160511,0.0,0.8901424761335841
-141.150081,200,20.283001,0.0,0.8747627268585209
-65.675084,200,20.400515,0.0,0.21196940285384305
-151.836816,200,20.51304,0.0,0.8329927258745962
-112.284103,200,20.628626,0.0,0.5420699529164371
-7.647028,36,20.65114,1.0,0.03870824289861113
-122.781468,200,20.768648,0.0,0.737555561231672
-127.191243,200,21.211786,0.0,0.8944450249789604
-134.204987,200,21.371678,0.0,0.8171670607556965
-111.751365,200,21.492227,0.0,0.5833899136120326
-52.150748,96,21.549291,1.0,0.035114906823486905
-72.545009,116,21.617929,1.0,0.046239373693919734
-88.816322,200,21.740516,0.0,0.444346052718696
-2.986222,10,21.747029,1.0,0.025913018171563346
-87.815484,200,21.862588,0.0,0.3630167540123337
-101.894751,200,21.978081,0.0,0.5986735828295725
-59.005948,200,22.090609,0.0,0.20354621709896398
-38.310154,96,22.146134,1.0,0.04163358034661353
-138.038621,200,22.265621,0.0,0.7777651658909571
-71.182902,200,22.382153,0.0,0.16959077811496723
-97.946507,200,22.789048,0.0,0.545981948455796
-112.808912,200,22.932585,0.0,0.5695566301139082
-93.762986,200,23.050619,0.0,0.44015786233916876
-112.165206,200,23.169142,0.0,0.6638508145677561
-98.231906,200,23.288657,0.0,0.6325209217517955
-0.504399,3,23.291666,1.0,0.042414456449903534
-128.846182,200,23.408161,0.0,0.8544495139806217
-0.210196,2,23.410158,1.0,0.0367293544378647
-10.068485,18,23.421181,1.0,0.04714136832202461
-98.35657,200,23.536716,0.0,0.4351334004667665
-62.963042,200,23.652474,0.0,0.21947719508085037
-101.797069,200,23.782995,0.0,0.6061639375924086
-78.637166,200,23.912566,0.0,0.3600244417924471
-103.908554,200,24.355912,0.0,0.6063176377629929
-119.710175,200,24.503461,0.0,0.7692818226221987
-36.89432,68,24.545933,1.0,0.038163581776885634
-41.994051,70,24.587929,1.0,0.04036659419733405
-114.039489,200,24.707482,0.0,0.5817042459742071
-19.704019,46,24.736486,1.0,0.04562949057929526
-90.200188,200,24.851545,0.0,0.5217634630911879
-15.566167,40,24.874542,1.0,0.04034220910574643
-83.536901,200,24.989126,0.0,0.22955208659060014
-141.362863,200,25.103623,0.0,0.4996036554202974
-95.487296,200,25.214079,0.0,0.45975835893523487
-34.942419,83,25.262559,1.0,0.03743283676946116
-90.334968,200,25.376932,0.0,0.28430866942984157
-96.011578,200,25.495459,0.0,0.3815643283365907
-81.288156,200,25.939536,0.0,0.3863281134159003
-170.94999,200,26.059568,0.0,0.8670750959526237
-98.677661,200,26.17712,0.0,0.6862563769311777
-0.405484,3,26.17914,1.0,0.03419515684968486
-70.663186,200,26.29764,0.0,0.3062736256244463
-9.076412,45,26.323639,1.0,0.028366569344645834
-110.535348,200,26.451349,0.0,0.6862892707593342
-82.08827,200,26.580124,0.0,0.3374865644834403
-129.715508,200,26.703675,0.0,0.7644741172746717
-15.490916,27,26.719664,1.0,0.036675947860330016
-85.7266,200,26.839202,0.0,0.43944174423457155
-87.869384,200,26.959095,0.0,0.3654848987778199
-129.468129,200,27.071612,0.0,0.7541245750507249
-19.586845,53,27.427176,1.0,0.029975146583948536
-94.830472,200,27.551232,0.0,0.546574271838105
-5.438767,19,27.565231,1.0,0.03351668932061594
-143.38791,200,27.686735,0.0,0.8125876164449106
-113.578812,200,27.809237,0.0,0.6845213428230389
-100.079115,200,27.921775,0.0,0.5045968283849678
-120.773698,200,28.034316,0.0,0.7155953322571499
-102.320901,200,28.147576,0.0,0.4166630933050023
-14.647102,62,28.182586,1.0,0.040922745437516415
-0.047463,1,28.184553,1.0,0.03345483341019017
-136.808519,200,28.300036,0.0,0.8027640035577089
-92.546348,200,28.414551,0.0,0.4253571884082562
-128.236136,200,28.526074,0.0,0.8261376314647488
-43.533196,80,28.571617,1.0,0.040297496346693995
-14.33636,45,28.89016,1.0,0.03201958585447262
-76.062657,200,29.031247,0.0,0.3467146267583896
-89.950169,200,29.17124,0.0,0.3345133652719782
-97.52564,200,29.300805,0.0,0.5610392305514312
-92.585109,200,29.434362,0.0,0.46800790589624075
-73.787014,200,29.551166,0.0,0.30827224125060926
-6.319431,19,29.563163,1.0,0.02291135990778926
-138.188148,200,29.678509,0.0,0.8648299816480333
-90.582277,200,29.793254,0.0,0.302782487873201
-144.55813,200,29.909789,0.0,0.8174038227829604
-96.064959,200,30.025338,0.0,0.43290287037990505
-96.025745,200,30.140862,0.0,0.5446052827086071
-9.432131,26,30.442451,1.0,0.036016606821347615
-118.719451,200,30.571473,0.0,0.6983147896308792
-101.072409,200,30.694973,0.0,0.44176723570782767
-118.248382,200,30.811496,0.0,0.7360013048624895
-72.71618,200,30.932713,0.0,0.3263724284547678
-86.657127,200,31.0517,0.0,0.42940795911004415
-126.679199,200,31.169235,0.0,0.8261581468432359
-98.452058,200,31.286754,0.0,0.6399690669618113
-94.824498,200,31.403203,0.0,0.6541351373479009
-114.072021,200,31.516749,0.0,0.7457043054643024
-80.551892,200,31.628269,0.0,0.45573554056561866
-81.037285,200,32.101981,0.0,0.3896449998347508
-157.124507,200,32.236399,0.0,0.8662052009785195
-96.183476,200,32.364372,0.0,0.5229686819972916
-120.718809,200,32.485086,0.0,0.6886569851022512
-68.408712,200,32.602001,0.0,0.3047137187955528
-31.525181,58,32.63704,1.0,0.037878498112566245
-81.856361,200,32.753089,0.0,0.3096551321961406
-154.017051,200,32.871647,0.0,0.7637982254514033
-105.328575,200,32.988164,0.0,0.5414156363722978
-120.143522,200,33.103687,0.0,0.6927234675532906
-8.148262,17,33.114696,1.0,0.013872120497686248
-5.118184,17,33.124684,1.0,0.02964117832605585
-100.845773,200,33.240236,0.0,0.45304996707808803
-63.959,200,33.645854,0.0,0.2292110526226189
-115.61805,200,33.766924,0.0,0.6479772750802425
-91.605876,200,33.887376,0.0,0.5131078817241577
-128.152965,200,34.005965,0.0,0.7397351217302343
-1.515512,6,34.010986,1.0,0.00524310328790666
-54.332424,95,34.068291,1.0,0.044318429811600904
-101.267903,200,34.186811,0.0,0.5669578048003614
-78.218402,200,34.299334,0.0,0.3341939490136187
-139.877781,200,34.415862,0.0,0.7505234908561681
-82.71642,200,34.533406,0.0,0.42353568382783907
-107.909708,200,34.651482,0.0,0.4558095313211497
-109.892989,200,35.122056,0.0,0.588019520831668
-154.939308,200,35.272185,0.0,0.8433299114242888
-127.892478,200,35.399214,0.0,0.7351687558335309
-134.847686,200,35.519736,0.0,0.8159536282860682
-66.945133,200,35.638892,0.0,0.29943361670218555
-53.697264,200,35.754928,0.0,0.1386129718662928
-125.783658,200,35.870427,0.0,0.8771257225239898
-105.670305,200,35.987977,0.0,0.7072346853056457
-74.621796,200,36.104454,0.0,0.33568263978899965
-2.678171,11,36.111454,1.0,0.03187734895965116
-134.890486,200,36.229037,0.0,0.8109196454905191
-91.000866,200,36.633759,0.0,0.5067730967358032
-86.884306,200,36.764785,0.0,0.23260556484034758
-169.813055,200,36.897342,0.0,0.9139706318969174
-85.042015,200,37.014786,0.0,0.44631046500064814
-101.502559,200,37.132344,0.0,0.5317690746788093
-109.759669,200,37.247872,0.0,0.592657563444244
-80.514256,200,37.364949,0.0,0.3225059627006636
-95.257483,200,37.491477,0.0,0.505409294617403
-83.91654,200,37.619247,0.0,0.18420505615662477
-4.460045,13,37.635947,1.0,0.046117784911873926
-140.699493,200,37.758973,0.0,0.796632891573774
-130.002418,200,37.874777,0.0,0.7417446154798758
-138.62186,200,38.334393,0.0,0.7571577480465358
-1.912175,7,38.341426,1.0,0.023426184079720438
-133.188736,200,38.480409,0.0,0.731892114352075
-114.227488,200,38.597965,0.0,0.6990863049166004
-116.11017,200,38.714447,0.0,0.6935744576848301
-73.587208,200,38.830964,0.0,0.28012764809859336
-111.769378,200,38.945579,0.0,0.2972830201893611
-121.171842,200,39.063638,0.0,0.730705431783619
-9.928828,41,39.08864,1.0,0.04042202183365027
-151.533249,200,39.203159,0.0,0.8641411410813882
-94.638346,200,39.317731,0.0,0.45665939861858923
-90.373687,200,39.42928,0.0,0.1852544223033786
-86.64762,200,39.845327,0.0,0.33827851063638537
-30.825036,58,39.885784,1.0,0.04309828522048162
-3.083048,12,39.893812,1.0,0.0393276146976849
-181.387857,200,40.017314,0.0,0.9916655502288046
-98.423023,200,40.137405,0.0,0.4263883543478487
-96.994233,200,40.261465,0.0,0.7529601397361533
-61.070565,200,40.390115,0.0,0.17384324685028557
-126.674205,200,40.519623,0.0,0.7418060348035862
-89.332525,200,40.639549,0.0,0.48592471471013887
-95.549256,200,40.756239,0.0,0.4805842579192143
-71.619424,200,40.872788,0.0,0.30687919887266735
-100.984376,200,40.989293,0.0,0.5001227803778083
-102.100428,200,41.420379,0.0,0.5153026757074056
-1.417857,6,41.424382,1.0,0.04921806087173486
-134.844401,200,41.555424,0.0,0.7740015748265131
-62.91467,200,41.674975,0.0,0.27572037129209664
-123.985136,200,41.790179,0.0,0.7804641246252135
-116.801033,200,41.907781,0.0,0.6648736753366772
-108.846682,200,42.026333,0.0,0.6872210794483383
-162.529302,200,42.141865,0.0,0.9154364681840829
-129.5481,200,42.256902,0.0,0.7132351408715212
-99.803014,200,42.370449,0.0,0.5210726608587298
-70.013359,200,42.485641,0.0,0.315725014930072
-115.540243,200,42.91152,0.0,0.6556219726965599
-78.697942,200,43.056599,0.0,0.35489371741666953
-136.028577,200,43.188731,0.0,0.7985811076646274
-75.196811,200,43.303258,0.0,0.4006884111821499
-112.75075,200,43.423774,0.0,0.5801649436701226
-85.929612,200,43.540451,0.0,0.3911615753586614
-126.404389,200,43.659496,0.0,0.7428796068447096
-100.501365,200,43.775018,0.0,0.48836005838892976
-121.407894,200,43.890536,0.0,0.6791186315086511
-34.496967,60,43.926537,1.0,0.04589657916029247
-81.197239,200,44.040778,0.0,0.34305564775561337
-77.120902,200,44.438161,0.0,0.38922793007744977
-3.393825,13,44.450793,1.0,0.03904875752876203
-123.320733,200,44.579853,0.0,0.71150180343149
-95.215058,200,44.697379,0.0,0.47340430290619495
-10.665223,40,44.722381,1.0,0.04161319707579504
-105.988248,200,44.840941,0.0,0.5781318976565193
-0.637143,4,44.843965,1.0,0.04579165824018686
-94.206337,200,44.963923,0.0,0.3163759215388835
-141.970732,200,45.083443,0.0,0.8078907832944393
-1.911448,9,45.090467,1.0,0.03913787481837938
-147.92895,200,45.208985,0.0,0.8789995006519418
-85.183837,200,45.326543,0.0,0.4148521389968861
-119.367945,200,45.440089,0.0,0.8644977084059273
-135.634803,200,45.554929,0.0,0.8381015944465123
-84.256363,200,46.015944,0.0,0.453341692124636
-152.080433,200,46.174164,0.0,0.8692195990623436
-115.013509,200,46.300597,0.0,0.66728069686892
-119.569732,200,46.419736,0.0,0.6800124318872116
-88.779887,200,46.535172,0.0,0.4700789817097409
-129.546195,200,46.654737,0.0,0.7438527723113828
-117.66215,200,46.767754,0.0,0.8008828695875606
-107.140744,200,46.879214,0.0,0.5974138567320662
-116.541783,200,46.997516,0.0,0.6132524152478416
-1.793827,7,47.002526,1.0,0.04748781063305626
-115.828123,200,47.115068,0.0,0.6858901258059942
-102.033174,200,47.547188,0.0,0.5662328962403537
-86.842079,200,47.681221,0.0,0.45851755654776555
-106.406198,200,47.800448,0.0,0.5707041233693285
-108.830421,200,47.914946,0.0,0.6643515849172652
-120.562463,200,48.030464,0.0,0.6692408654159634
-3.5832,12,48.038464,1.0,0.03204012879331887
-88.839626,200,48.15402,0.0,0.4251147918464142
-99.135356,200,48.27109,0.0,0.5447314193921432
-1.558739,6,48.275093,1.0,0.019862979118114042
-110.843768,200,48.393263,0.0,0.6305524671558568
-87.970476,200,48.514826,0.0,0.49948092587250437
-104.718965,200,48.647285,0.0,0.6427562331246371
-91.585475,200,49.102103,0.0,0.4682445711011435
-145.633497,200,49.243668,0.0,0.861584586566153
-59.959617,200,49.360649,0.0,0.1904861462962188
-107.36853,200,49.476166,0.0,0.6021763251101024
-103.99432,200,49.594734,0.0,0.6744803388191718
-129.771601,200,49.711249,0.0,0.6960222520120284
-99.314521,200,49.824728,0.0,0.4741128939565939
-0.196583,2,49.826744,1.0,0.02598439655835164
-78.108437,200,49.942399,0.0,0.290274243742841
-85.185486,200,50.059412,0.0,0.4805560257328224
-79.740971,200,50.17398,0.0,0.41319221777840764
-127.027191,200,50.56304,0.0,0.7418038330862975
-140.520993,200,50.688575,0.0,0.773763461501934
-89.59262,200,50.816061,0.0,0.28249858189394805
-105.135117,200,50.929585,0.0,0.7253866546203807
-133.252934,200,51.046116,0.0,0.763258662615407
-108.987568,200,51.167919,0.0,0.621711256203052
-76.146286,200,51.293438,0.0,0.36333169432060003
-126.027193,200,51.419973,0.0,0.7085630591377453
-92.782726,200,51.540496,0.0,0.5830112734919826
-96.409885,200,51.662764,0.0,0.49002269834734885
-104.53578,200,52.068998,0.0,0.6150129795857019
-3.620027,14,52.077998,1.0,0.0397116964666066
-123.616397,200,52.211511,0.0,0.7158513900741265
-18.384716,38,52.234511,1.0,0.04517378570049329
-111.907363,200,52.356004,0.0,0.6683585553109515
-126.262866,200,52.476041,0.0,0.8400316796223075
-83.10429,200,52.591598,0.0,0.3839063296950433
-121.37452,200,52.713301,0.0,0.7619095747614152
-122.954484,200,52.830815,0.0,0.7245067126389143
-1.123898,5,52.833843,1.0,0.028297655599977486
-54.525454,200,52.94936,0.0,0.15607131608367514
-0.058414,1,52.950361,1.0,0.038272444462452544
-75.391865,200,53.065894,0.0,0.3904934964215145
-2.067365,8,53.071896,1.0,0.034209061158541144
-82.295051,200,53.191403,0.0,0.408422021377569
-22.797904,72,53.2344,1.0,0.0373487851940075
-113.8717,200,53.668999,0.0,0.6312305667538307
-105.398749,200,53.792314,0.0,0.5240931925754657
-87.848668,200,53.919837,0.0,0.396755105707035
-83.049148,200,54.049067,0.0,0.4308676154987618
-144.268283,200,54.178169,0.0,0.8032338175546372
-8.592991,19,54.191183,1.0,0.03414371123883234
-82.385766,200,54.308567,0.0,0.1764914255193971
-128.087357,200,54.429015,0.0,0.7779796268189386
-125.642523,200,54.545547,0.0,0.7350199059288154
-151.728455,200,54.656069,0.0,0.8934136424660425
-134.266379,200,54.776135,0.0,0.7233949874477755
-86.586722,200,55.184254,0.0,0.44425011567008077
-20.146462,49,55.218248,1.0,0.03634990609133953
-19.306905,39,55.247257,1.0,0.03530907394618187
-17.952331,37,55.271775,1.0,0.04258949426035437
-13.839264,40,55.295775,1.0,0.046788905920411
-23.292206,40,55.319775,1.0,0.047924394312448104
-83.850951,200,55.443153,0.0,0.3802843991094615
-149.248947,200,55.563129,0.0,0.8660277377561775
-101.550405,200,55.677653,0.0,0.49280467258079663
-167.8839,200,55.795108,0.0,0.9151540167554029
-162.151718,200,55.907628,0.0,0.9015729992581185
-5.879895,18,55.918628,1.0,0.04268834071287509
-111.733314,200,56.03515,0.0,0.6837047299884661
-1.647168,6,56.03915,1.0,0.026056519317711038
-100.690966,200,56.15571,0.0,0.47483695866564124
-63.81247,200,56.272738,0.0,0.23314930122960395
-11.952584,33,56.292742,1.0,0.042674649844320345
-57.643335,200,56.722986,0.0,0.18218075346098045
-2.15531,7,56.730984,1.0,0.04431546822510607
-0.043024,1,56.731984,1.0,0.03173589203358829
-107.101062,200,56.893051,0.0,0.5880001083145335
-75.324639,200,57.014847,0.0,0.38025170423663424
-129.378319,200,57.133556,0.0,0.7244392437642416
-85.613122,200,57.254214,0.0,0.4489789542719013
-0.198746,2,57.256232,1.0,0.03961160269545853
-155.364486,200,57.369851,0.0,0.8943512773955548
-75.910031,200,57.485368,0.0,0.18406300445160825
-144.043117,200,57.597821,0.0,0.8522432341587057
-146.702122,200,57.712368,0.0,0.8370149946997208
-94.384942,200,57.8319,0.0,0.48335843912202364
-103.400095,200,58.250261,0.0,0.5553186894708052
-130.433654,200,58.389344,0.0,0.7207131226210249
-160.23771,200,58.51188,0.0,0.8763320194026716
-86.830334,200,58.627397,0.0,0.5221156607609582
-16.460929,62,58.662917,1.0,0.047509372578768805
-125.427187,200,58.782438,0.0,0.7177091813535178
-88.570018,200,58.900946,0.0,0.4275846361117111
-121.791749,200,59.020039,0.0,0.7007937235077063
-18.965479,39,59.04404,1.0,0.03543279833388352
-99.914068,200,59.159535,0.0,0.5280775207919696
-0.032031,1,59.161041,1.0,0.011889109214564403
-106.04453,200,59.273584,0.0,0.6386824459857625
-15.928624,49,59.304581,1.0,0.043454902569215546
-6.834417,18,59.317583,1.0,0.028901617535202574
-91.719146,200,59.439176,0.0,0.19304041224347254
-79.991971,200,59.942253,0.0,0.44124434282822744
-163.206786,200,60.075808,0.0,0.8978181507292655
-61.238467,200,60.192329,0.0,0.2686741559501062
-87.253384,200,60.306844,0.0,0.46986068075517723
-98.601288,200,60.42137,0.0,0.5088607262934312
-6.336802,27,60.437392,1.0,0.026874482470216756
-15.93938,36,60.459369,1.0,0.04031084400884702
-0.756366,5,60.462876,1.0,0.04795433774314209
-36.348494,74,60.505879,1.0,0.014904244400315297
-142.741172,200,60.61942,0.0,0.8574328658386333
-3.003045,11,60.627421,1.0,0.03970809342198483
-165.968841,200,60.742903,0.0,0.9553276245463204
-90.475356,200,60.858422,0.0,0.46287951274786054
-82.178356,200,60.970432,0.0,0.4317306649187118
-10.366782,24,60.985429,1.0,0.016308754996408038
-126.632618,200,61.4153,0.0,0.7106240465512326
-50.304535,200,61.543852,0.0,0.16752994523281886
-1.844127,6,61.547832,1.0,0.02952880937932825
-98.040897,200,61.665868,0.0,0.5722590808989654
-154.920695,200,61.783353,0.0,0.8685644278850518
-85.361128,200,61.897874,0.0,0.7451581955930249
-62.766111,200,62.013413,0.0,0.25585806275548106
-120.616204,200,62.12844,0.0,0.730060730490167
-4.139395,15,62.13844,1.0,0.046621040821766914
-13.077182,29,62.157457,1.0,0.028870506323159607
-80.895646,200,62.284512,0.0,0.334057522810951
-69.933636,200,62.421067,0.0,0.35790206461494295
-30.295147,56,62.456037,1.0,0.04157291012162523
-87.30951,200,62.571042,0.0,0.2382283373661894
-8.037274,17,62.582062,1.0,0.0310957263236959
-18.167122,42,62.927418,1.0,0.035708115584060174
-1.673357,9,62.934417,1.0,0.029309663884546085
-146.80233,200,63.072412,0.0,0.8419764730670082
-109.018902,200,63.202937,0.0,0.6153886305783461
-136.570916,200,63.318455,0.0,0.8028785379757347
-130.750125,200,63.435967,0.0,0.7781435561114879
-94.683547,200,63.550694,0.0,0.4681215145989547
-140.401669,200,63.665746,0.0,0.7844231704378793
-105.091843,200,63.779308,0.0,0.5666145342602054
-13.683652,35,63.801307,1.0,0.042957931304465645
-59.206602,200,63.917832,0.0,0.2038922652044615
-9.212577,21,63.930833,1.0,0.04495947491336198
-130.899033,200,64.044357,0.0,0.7523870701983304
-126.904573,200,64.463985,0.0,0.7713932188359555
-136.313497,200,64.589488,0.0,0.825904308242299
-100.769274,200,64.708671,0.0,0.5827014095215761
-50.754505,83,64.757678,1.0,0.04259080659190036
-160.759833,200,64.881123,0.0,0.8990390753517146
-18.188538,63,64.922138,1.0,0.04717047870995144
-17.330817,34,64.944125,1.0,0.032548648649987265
-11.48095,31,64.96364,1.0,0.046423053260268195
-165.217698,200,65.089183,0.0,0.8682697474166708
-104.074748,200,65.214706,0.0,0.6004157515913817
-148.416927,200,65.335225,0.0,0.8891402399162462
-107.725649,200,65.455235,0.0,0.7114991197997058
-107.689875,200,65.571416,0.0,0.5881211433087117
-89.110349,200,65.99754,0.0,0.43961276436912095
-0.206428,2,65.99954,1.0,0.021419375386109787
-103.826964,200,66.120059,0.0,0.5987056568169776
-117.449895,200,66.249479,0.0,0.71702275606102
-68.133413,200,66.37452,0.0,0.3384577384802443
-54.020561,200,66.494043,0.0,0.13657791851744183
-110.512549,200,66.613507,0.0,0.6552654977416807
-8.030361,33,66.63451,1.0,0.04838501402592266
-109.312804,200,66.753064,0.0,0.5786371331873198
-148.935342,200,66.86802,0.0,0.8459817257527605
-153.875326,200,66.983548,0.0,0.8666303923797459
-2.819056,11,66.990546,1.0,0.048638816759791356
-135.574268,200,67.10207,0.0,0.7702397378740807
-17.163898,41,67.127086,1.0,0.025901667654370467
-117.298745,200,67.546449,0.0,0.6516477390669618
-77.122995,200,67.688663,0.0,0.3589706223297701
-14.123827,31,67.712664,1.0,0.01382133718247138
-19.625262,33,67.735665,1.0,0.02231735280724788
-20.964165,34,67.764694,1.0,0.025772199576788148
-118.400531,200,67.895738,0.0,0.6128933411645916
-134.483095,200,68.023272,0.0,0.7460091294793416
-75.179196,200,68.140615,0.0,0.3651938758199872
-117.005953,200,68.258184,0.0,0.6381253432922775
-112.060689,200,68.371879,0.0,0.3567902718664526
-96.180971,200,68.486399,0.0,0.5167251763478614
-28.193388,57,68.519404,1.0,0.04416449152574203
-62.503184,200,68.632871,0.0,0.2652648546888329
-99.726688,200,68.747416,0.0,0.4640409945279135
-113.146179,200,69.176783,0.0,0.5974192238734624
-91.452536,200,69.306309,0.0,0.5120434521494783
-95.018006,200,69.428892,0.0,0.4659822962803554
-112.929604,200,69.543405,0.0,0.6400649786197504
-1.550285,6,69.548404,1.0,0.04188509694984151
-23.862703,50,69.577951,1.0,0.01949117148229494
-128.481334,200,69.692338,0.0,0.6843270218531964
-23.321148,40,69.714334,1.0,0.03128416638870024
-20.352226,32,69.731336,1.0,0.04820002064040041
-106.389203,200,69.845808,0.0,0.5869239227806703
-19.899195,43,69.871353,1.0,0.048583606446909976
-11.304321,23,69.886353,1.0,0.037376148844526356
-29.835017,54,69.91935,1.0,0.044858167172450246
-100.501401,200,70.032056,0.0,0.6659025298372462
-0.156758,2,70.034084,1.0,0.02183888757270953
-112.913371,200,70.148581,0.0,0.6173902554343018
-82.793771,200,70.263075,0.0,0.3817635400464289
-13.794525,25,70.277587,1.0,0.042145785512649137
-18.37075,30,70.636683,1.0,0.009981087643473592
-80.791705,200,70.800462,0.0,0.4255302758947155
-79.536485,200,70.929976,0.0,0.37504763035693683
-8.453324,19,70.942977,1.0,0.048539650185308335
-28.85516,45,70.971669,1.0,0.043461078252033845
-117.157188,200,71.090824,0.0,0.6713555028198077
-61.784096,200,71.205936,0.0,0.22035201393514806
-125.194135,200,71.323496,0.0,0.6850857985983879
-141.667632,200,71.435034,0.0,0.8190230298476502
-94.773095,200,71.55152,0.0,0.48108365673905096
-90.673443,200,71.669566,0.0,0.43126399871910825
-69.607885,200,71.781928,0.0,0.2366487252013385
-102.082204,200,72.184016,0.0,0.5833562094010858
-134.158867,200,72.316525,0.0,0.7684222687237208
-152.511845,200,72.445044,0.0,0.8575772979189871
-76.864974,200,72.56558,0.0,0.16125686655736052
-9.270092,32,72.586057,1.0,0.04542109445259191
-89.812749,200,72.698591,0.0,0.5421427016516198
-80.60855,200,72.814107,0.0,0.39410826990303605
-111.70962,200,72.931625,0.0,0.6317115351933164
-128.392384,200,73.045169,0.0,0.7020312297538336
-11.857492,48,73.073611,1.0,0.04436677559187967
-119.102012,200,73.19457,0.0,0.6612906058154476
-177.135381,200,73.319069,0.0,0.9844453966701081
-153.68253,200,73.791538,0.0,0.8312026005566321
-82.876369,200,73.925148,0.0,0.43855893706309107
-56.510684,200,74.04871,0.0,0.2597521404432448
-135.717139,200,74.163204,0.0,0.7330510187120575
-96.465967,200,74.280271,0.0,0.5541797427622053
-100.433947,200,74.393788,0.0,0.5240071036985509
-141.115384,200,74.510924,0.0,0.879957791698037
-104.550643,200,74.625482,0.0,0.65750836337347
-121.502191,200,74.736503,0.0,0.8767348420002645
-122.791568,200,74.852057,0.0,0.6885043308016052
-90.775052,200,75.304662,0.0,0.49349243053006364
-120.447697,200,75.437184,0.0,0.6923279032572905
-7.990074,27,75.453189,1.0,0.02836844087233067
-82.185706,200,75.583241,0.0,0.3672948532465587
-58.211457,200,75.701727,0.0,0.2170282070824152
-132.076883,200,75.813235,0.0,0.7706725782294035
-132.836474,200,75.930723,0.0,0.8437181077433591
-72.215319,200,76.059255,0.0,0.35288936305355206
-31.695277,56,76.094772,1.0,0.030834891361978964
-131.550451,200,76.222296,0.0,0.7628490518352975
-29.400891,76,76.267326,1.0,0.04763686227055364
-18.134657,61,76.302768,1.0,0.041621177339242005
-6.829281,19,76.314768,1.0,0.0402623126031491
-144.240715,200,76.436975,0.0,0.8464612526165463
-140.556148,200,76.878556,0.0,0.751336097929019
-87.62861,200,77.015071,0.0,0.42772383295517896
-160.954724,200,77.146647,0.0,0.9056278323042561
-110.647613,200,77.264626,0.0,0.6244089187245632
-115.426495,200,77.380678,0.0,0.7689788341917121
-80.366219,200,77.49414,0.0,0.3660818968829793
-154.647158,200,77.609666,0.0,0.8385934421599309
-163.265844,200,77.723181,0.0,0.9511392797234155
-15.620943,44,77.747182,1.0,0.043377509644012324
-0.608712,4,77.750182,1.0,0.03610074465886278
-70.724977,200,77.869228,0.0,0.30860859917317823
-102.06933,200,77.980747,0.0,0.5607345484983277
-4.302889,11,77.987747,1.0,0.03547697588407015
-29.12576,55,78.021747,1.0,0.02959879325140393
-85.401192,200,78.463453,0.0,0.39867827929972394
-124.46348,200,78.603068,0.0,0.7225120337590024
-137.920301,200,78.731172,0.0,0.7722178823896945
-127.549942,200,78.860702,0.0,0.7523161302296101
-11.784158,23,78.875193,1.0,0.04869620075609348
-106.55661,200,78.999678,0.0,0.45308820521290283
-118.857169,200,79.118923,0.0,0.7255429949690414
-28.618883,100,79.180472,1.0,0.04559547532711699
-130.112554,200,79.298202,0.0,0.780274273576687
-101.002873,200,79.415723,0.0,0.552418594095365
-142.246589,200,79.532275,0.0,0.7844840579092618
-137.229371,200,79.644814,0.0,0.7755092032523562
-19.578588,54,79.676144,1.0,0.043180754077962125
-110.164148,200,80.089403,0.0,0.6166049502986727
-149.028737,200,80.219875,0.0,0.8091675023385962
-121.228206,200,80.340436,0.0,0.7239174332198333
-104.328104,200,80.455929,0.0,0.5284640991844629
-117.099405,200,80.575464,0.0,0.6696492377676232
-3.320779,12,80.582489,1.0,0.04875922142959606
-47.495579,80,80.628468,1.0,0.03338366343951918
-88.511032,200,80.744924,0.0,0.4895080702171283
-106.907129,200,80.860469,0.0,0.6021512747377625
-11.635762,28,80.878018,1.0,0.03269261449799503
-93.45913,200,80.992351,0.0,0.6188317432749412
-94.31323,200,81.109884,0.0,0.6034952944991674
-2.186956,9,81.116919,1.0,0.04892760782943306
-96.351718,200,81.562925,0.0,0.5017746078337918
-11.835256,20,81.579435,1.0,0.017445286721144815
-113.624012,200,81.736565,0.0,0.7346814474057465
-2.269075,8,81.742599,1.0,0.0329876427214646
-128.767045,200,81.862319,0.0,0.7881960156796144
-88.73334,200,81.984717,0.0,0.47327302595446524
-160.161473,200,82.104393,0.0,0.9288314072842008
-41.080453,84,82.15239,1.0,0.044868268616386445
-69.668396,200,82.262873,0.0,0.3000153832367427
-100.364734,200,82.38097,0.0,0.5615814481640075
-130.633764,200,82.499511,0.0,0.812555914261241
-46.059929,200,82.608801,0.0,0.13093136909453904
-161.73605,200,82.727416,0.0,0.9083003387926096
-154.00193,200,83.12751,0.0,0.8626299209058108
-91.939655,200,83.257962,0.0,0.538933723912873
-97.107546,200,83.382231,0.0,0.41651535131649703
-16.693489,45,83.409029,1.0,0.04683095205746281
-82.168014,200,83.523546,0.0,0.39409615125103825
-56.415133,200,83.639063,0.0,0.25059781147798954
-117.088865,200,83.751578,0.0,0.7128983179799204
-128.436048,200,83.870136,0.0,0.7356608538190887
-10.424241,23,83.883656,1.0,0.027627977507638943
-98.829643,200,84.000425,0.0,0.48433968948690803
-80.802309,150,84.087953,1.0,0.04859575601556743
-17.179921,42,84.114949,1.0,0.04740121480558014
-16.536331,34,84.13395,1.0,0.04197535809278702
-67.20297,200,84.256472,0.0,0.12647050906052595
-5.140187,19,84.613635,1.0,0.0384053126307537
-82.112839,200,84.769207,0.0,0.37490236502556956
-142.349288,200,84.891823,0.0,0.8689283009487885
-68.435819,200,85.011354,0.0,0.24389416750192264
-12.906936,23,85.025355,1.0,0.04732718877316439
-73.147038,200,85.141878,0.0,0.10346351109258332
-15.327597,25,85.15788,1.0,0.028983280184184296
-79.511774,200,85.271918,0.0,0.13949305421536318
-81.979459,200,85.390852,0.0,0.5596958185654867
-67.182344,200,85.501381,0.0,0.2847917308738179
-87.692689,200,85.61691,0.0,0.4197797189186451
-34.744254,58,85.648933,1.0,0.03783745248535082
-5.513913,13,85.655908,1.0,0.012873899991623526
-80.327227,200,85.770407,0.0,0.35219658585018626
-146.378007,200,86.17301,0.0,0.8410096074592832
-1.442795,6,86.17801,1.0,0.041155598232186834
-89.219571,200,86.329055,0.0,0.49941060634834966
-111.187883,200,86.446526,0.0,0.6667172808102081
-7.384099,28,86.463534,1.0,0.04976287873792922
-14.332591,40,86.48705,1.0,0.04002025156947272
-99.755621,200,86.601629,0.0,0.5459481955988766
-117.323765,200,86.720138,0.0,0.658734504102505
-62.814272,200,86.836601,0.0,0.11591207349226966
-56.954774,200,86.954121,0.0,0.25784235546199313
-12.137624,38,86.978646,1.0,0.0489138664319565
-91.72859,200,87.104156,0.0,0.6828889627241278
-110.400408,200,87.233633,0.0,0.7440111646889505
-110.763146,200,87.351151,0.0,0.6262449486087408
-81.899453,200,87.796815,0.0,0.6737510931990627
-21.437359,59,87.834816,1.0,0.039139231137014764
-42.749817,73,87.879331,1.0,0.04698060462867758
-86.965024,200,87.999867,0.0,0.5093170486045518
-8.565064,53,88.031877,1.0,0.04559986533721545
-12.409847,38,88.05583,1.0,0.048288981279472065
-95.58491,200,88.178678,0.0,0.5770105058545809
-1.187197,5,88.182716,1.0,0.027304710119683946
-98.928975,200,88.298236,0.0,0.5015201622500342
-1.03164,5,88.302236,1.0,0.03900529793589826
-123.711251,200,88.417759,0.0,0.7775479199010666
-124.662576,200,88.532289,0.0,0.6874603067343628
-94.696813,200,88.647802,0.0,0.5086612126965606
-104.085676,200,88.762293,0.0,0.5840973855707495
-0.059963,1,88.763312,1.0,0.03984624329545749
-95.647333,200,88.875298,0.0,0.4877138728010458
-139.859579,200,89.312347,0.0,0.878354858040099
-103.573661,200,89.443581,0.0,0.5186277272812151
-144.662806,200,89.560123,0.0,0.8612248169206244
-80.987084,200,89.682402,0.0,0.4335004101127339
-10.324445,29,89.703402,1.0,0.04764404012784152
-15.155547,33,89.725402,1.0,0.044542741303750334
-9.811521,21,89.739432,1.0,0.03903701266059384
-114.782497,200,89.867918,0.0,0.7209764438167137
-96.1882,200,89.99396,0.0,0.5861838254854276
-90.788796,200,90.10948,0.0,0.5121681828758896
-15.827415,33,90.129476,1.0,0.03626384735145151
-101.920828,200,90.248946,0.0,0.5561280589671267
-23.391949,50,90.278038,1.0,0.04681706922452966
-81.228936,200,90.392197,0.0,0.08496294084619546
-77.905023,200,90.825832,0.0,0.3654784163540659
-118.477812,200,90.962348,0.0,0.6531164015890896
-114.171629,200,91.087326,0.0,0.7109119336946577
-77.142099,200,91.205847,0.0,0.2065312688414467
-56.990239,200,91.321421,0.0,0.2823505051633464
-98.683726,200,91.434909,0.0,0.5054731690720917
-15.647887,43,91.458907,1.0,0.0411420403199425
-100.674303,200,91.573959,0.0,0.6072232607412822
-89.667247,200,91.688441,0.0,0.43032986529881734
-95.223038,200,91.801969,0.0,0.45357945656947724
-0.799291,4,91.805965,1.0,0.02849229579523658
-143.005607,200,91.921489,0.0,0.8538770460994315
-131.295567,200,92.34205,0.0,0.7509754813661604
-1.181178,5,92.347051,1.0,0.027181258049988485
-51.016131,97,92.42556,1.0,0.046305403907115024
-89.998064,200,92.559108,0.0,0.48875841941956416
-150.524645,200,92.689138,0.0,0.8370328762987312
-73.713535,200,92.813661,0.0,0.33498723987398626
-86.611295,200,92.933646,0.0,0.5702618610392356
-130.841577,200,93.050485,0.0,0.7632373336795939
-2.058161,8,93.056488,1.0,0.04071655641967136
-17.513354,42,93.082019,1.0,0.04806311943090584
-166.989697,200,93.195522,0.0,0.9687291742443087
-96.014784,200,93.311052,0.0,0.49831895928315023
-17.794356,55,93.344052,1.0,0.04157630259092227
-110.739191,200,93.458587,0.0,0.5825812451694781
-62.458215,200,93.87743,0.0,0.23106238793851028
-22.635043,51,93.911427,1.0,0.027487712334606822
-123.241387,200,94.030937,0.0,0.6803323462210428
-65.884272,200,94.156452,0.0,0.37019328877655777
-160.486882,200,94.273008,0.0,0.9124360012266373
-38.843054,76,94.318576,1.0,0.044308060847674476
-21.343782,50,94.346543,1.0,0.039675614690077
-73.0151,200,94.4631,0.0,0.34416585510855646
-0.687625,4,94.466097,1.0,0.04548934676546337
-0.057464,1,94.468098,1.0,0.04413103960734571
-119.389019,200,94.584137,0.0,0.6980391815715099
-24.819625,58,94.619145,1.0,0.04961033135490243
-92.482857,200,94.73244,0.0,0.5179470771477929
-105.947031,200,94.847043,0.0,0.6116201429914135
-84.826069,200,94.962506,0.0,0.38245452271153557
-15.317714,50,94.99102,1.0,0.04928010325463036
-60.539937,143,95.073025,1.0,0.04170808747042223
-21.063991,44,95.439374,1.0,0.032650182961090304
-123.38124,200,95.580419,0.0,0.7365148837182555
-81.209566,200,95.713136,0.0,0.3786454329027519
-41.305374,130,95.793552,1.0,0.04689965727939424
-17.137842,34,95.815142,1.0,0.035302557943175744
-147.182427,200,95.933259,0.0,0.8667973045834091
-21.243833,35,95.955256,1.0,0.045488107649655336
-34.354739,82,95.999794,1.0,0.04997339888579942
-66.226862,200,96.115251,0.0,0.29201952341530735
-0.654555,4,96.118255,1.0,0.017626527276099598
-71.653382,200,96.232521,0.0,0.30553853020358956
-96.029291,200,96.353988,0.0,0.4310661107033172
-17.588373,40,96.378515,1.0,0.03951590690672891
-143.288449,200,96.496034,0.0,0.8208669934283301
-5.87893,20,96.508035,1.0,0.042230062225869565
-17.96151,29,96.526037,1.0,0.02154112957449018
-9.112977,19,96.538059,1.0,0.040114708033165566
-37.352414,97,96.595578,1.0,0.03130320149070464
-19.430362,30,96.614545,1.0,0.026389792907012617
-85.76244,200,97.032597,0.0,0.5418916713362252
-95.368424,200,97.168106,0.0,0.46364991901126085
-13.509568,40,97.193616,1.0,0.024227103555417833
-88.66151,200,97.313136,0.0,0.48734284538119504
-78.831451,200,97.431654,0.0,0.35782538626193167
-76.888938,200,97.547184,0.0,0.4338043990639572
-38.792804,76,97.588694,1.0,0.028159907366328594
-28.293689,56,97.621309,1.0,0.034046427432566674
-15.161016,48,97.649306,1.0,0.028891337759744645
-41.151095,89,97.701778,1.0,0.033928421893871574
-105.319648,200,97.819298,0.0,0.7801499885999488
-81.787179,200,97.937826,0.0,0.4790830175432698
-93.760318,200,98.066367,0.0,0.4175601450728155
-21.658572,49,98.096872,1.0,0.03454557453744143
-15.108727,37,98.121872,1.0,0.03343338352688967
-115.592176,200,98.585091,0.0,0.7418004779485784
-1.529657,6,98.589091,1.0,0.03201506867171178
-52.587746,88,98.65571,1.0,0.029516652069991496
-84.869239,200,98.7918,0.0,0.48065984461416794
-80.088222,200,98.91223,0.0,0.35664611453045825
-3.546279,11,98.919248,1.0,0.028050024639894817
-114.906245,200,99.03518,0.0,0.6671005089500509
-13.153527,33,99.05521,1.0,0.03516291878041289
-81.789037,200,99.169747,0.0,0.340120634566018
-16.857864,26,99.186224,1.0,0.04359915367884032
-22.863051,50,99.214224,1.0,0.03118295269857643
-122.405806,200,99.330763,0.0,0.7369111990203098
-23.741184,47,99.357764,1.0,0.02728617523348239
-45.927842,90,99.408283,1.0,0.04565918002171397
-14.752633,45,99.433282,1.0,0.0393997455957507
-10.126942,48,99.461286,1.0,0.03601195312414852
-89.731511,200,99.573867,0.0,0.5414753800867372
-21.916227,44,99.599289,1.0,0.03584020553879844
-18.582472,40,99.622322,1.0,0.04109191539680087
-57.652703,125,99.693826,1.0,0.043693712070652285
-69.920251,200,100.119186,0.0,0.1203057705440025
-77.355955,200,100.251713,0.0,0.47072462497155243
-147.916586,200,100.373146,0.0,0.7892709139630842
-11.908571,46,100.401682,1.0,0.04262905569629717
-22.926103,44,100.429682,1.0,0.04530242806539553
-19.398601,49,100.459681,1.0,0.012689712589311336
-160.236873,200,100.578236,0.0,0.9033554621283473
-73.212053,200,100.695993,0.0,0.30224251408161584
-26.88837,60,100.733991,1.0,0.0273011439635609
-21.868326,50,100.764997,1.0,0.048243395188676985
-115.511731,200,100.895085,0.0,0.742332465708193
-32.849369,65,100.937087,1.0,0.04579806823691421
-96.659677,200,101.055604,0.0,0.6067521185511352
-72.601933,200,101.171789,0.0,0.37681322586052374
-46.093994,100,101.230807,1.0,0.03786734911854218
-89.502097,200,101.639899,0.0,0.49695111382955093
-67.195353,200,101.781491,0.0,0.2581540620831018
-115.690483,200,101.908015,0.0,0.6815559859130267
-4.088338,20,101.921015,1.0,0.04532173869162866
-40.312984,67,101.959018,1.0,0.039623728585546365
-71.7428,200,102.074548,0.0,0.34621076231071984
-27.643257,58,102.10964,1.0,0.045978111451927706
-100.766523,200,102.227138,0.0,0.7175003893039188
-87.182906,200,102.342674,0.0,0.33078076701553416
-80.760343,200,102.460173,0.0,0.3156229564896813
-67.349552,200,102.570732,0.0,0.34246209702910524
-7.966769,34,102.590302,1.0,0.03955101997814878
-139.551628,200,102.700809,0.0,0.8234373660753082
-134.911613,200,102.815246,0.0,0.8006972694634343
-1.585362,6,102.819242,1.0,0.027102400327105616
-123.828658,200,103.269318,0.0,0.7519878142971127
-78.191673,200,103.416611,0.0,0.39495543655104404
-6.433618,27,103.43564,1.0,0.030392319211476143
-95.883008,200,103.564149,0.0,0.476820838330504
-71.490467,200,103.691201,0.0,0.39211761378284543
-22.976916,40,103.717199,1.0,0.036839956624317494
-112.042753,200,103.832391,0.0,0.6728605184493086
-15.18882,32,103.851381,1.0,0.04702904050629742
-100.145748,200,103.973778,0.0,0.5114036348217289
-118.89247,200,104.089984,0.0,0.3879232673622308
-66.60794,200,104.206501,0.0,0.30397923841535707
-166.300565,200,104.323025,0.0,0.9198273598328323
-105.463119,200,104.728457,0.0,0.7167428128907486
-5.709248,15,104.737595,1.0,0.01393008120017068
-85.913249,200,104.866153,0.0,0.42565671875137034
-15.891296,31,104.887659,1.0,0.03494278310158985
-11.178981,40,104.919654,1.0,0.046162932752191146
-97.302284,200,105.036221,0.0,0.4656200804559403
-9.86497,28,105.054193,1.0,0.04868035735350366
-14.807682,35,105.075205,1.0,0.031815806009145665
-41.677375,172,105.177722,1.0,0.04599929158497054
-178.574664,200,105.296762,0.0,0.9211981965998721
-124.796631,200,105.415302,0.0,0.7197114028183766
-15.121163,45,105.44129,1.0,0.04754956664401703
-98.148653,200,105.553803,0.0,0.6273953863047264
-124.607642,200,105.668284,0.0,0.64049367414384
-68.69654,200,105.782403,0.0,0.6239373137635423
-7.293255,15,105.791403,1.0,0.033880865897749426
-38.94395,81,105.836404,1.0,0.04462704768297568
-79.65047,200,106.257482,0.0,0.37505451520527855
-64.025475,200,106.399502,0.0,0.2606866291732781
-0.869253,4,106.402502,1.0,0.04183939493433368
-14.008496,32,106.424501,1.0,0.04954854206711051
-3.902449,28,106.447501,1.0,0.045468566473479695
-66.12342,200,106.578049,0.0,0.3016290680888728
-89.517551,200,106.696733,0.0,0.4299680078241067
-11.495932,40,106.724286,1.0,0.03412939350014392
-154.48975,200,106.849377,0.0,0.8638174568060327
-78.872786,200,106.971492,0.0,0.5606736558502765
-65.146594,200,107.089549,0.0,0.20651064710632713
-0.706024,4,107.09255,1.0,0.013412956032672889
-69.228017,200,107.207937,0.0,0.5701550867940351
-53.07373,200,107.323411,0.0,0.16404753191449184
-104.839014,200,107.440951,0.0,0.6307843987077951
-109.009905,200,107.875038,0.0,0.5690184386977032
-27.640658,52,107.912555,1.0,0.03736868223639879
-165.575632,200,108.048077,0.0,0.9336818158001275
-135.533909,200,108.16862,0.0,0.8244714454324483
-0.732238,4,108.172627,1.0,0.049517022868343495
-77.241172,200,108.291584,0.0,0.39730017615810453
-10.212291,20,108.304581,1.0,0.03430651560020371
-103.377996,200,108.41911,0.0,0.4367026582286473
-87.004667,200,108.535456,0.0,0.26796009680103977
-100.174157,200,108.648009,0.0,0.49314612678438197
-17.467307,39,108.671014,1.0,0.0480242845129797
-6.318503,31,108.688514,1.0,0.036949818255213325
-11.069107,43,108.713517,1.0,0.046779240243345115
-131.456212,200,108.827039,0.0,0.744166886787372
-55.845171,114,108.895245,1.0,0.03660771341653973
-192.332916,200,109.017719,0.0,0.9493004195546461
-167.611872,200,109.470891,0.0,0.9457085321142898
-74.042681,200,109.613095,0.0,0.3051091075001591
-86.426367,200,109.729613,0.0,0.43087010227298433
-5.398027,20,109.742613,1.0,0.04831002661833825
-82.795899,200,109.862193,0.0,0.40300130247853994
-124.090905,200,109.978682,0.0,0.6918088293549243
-16.709111,45,110.005026,1.0,0.046679833876939456
-76.981227,200,110.12253,0.0,0.3643399588973763
-116.912976,200,110.238076,0.0,0.5933203816668938
-83.326967,200,110.351575,0.0,0.49185912544698357
-85.691103,200,110.467115,0.0,0.5375543679984749
-15.868173,56,110.500633,1.0,0.04793722612647098
-55.559931,200,110.921519,0.0,0.3504094634618476
-98.459625,200,111.051071,0.0,0.5336626440719701
-120.799706,200,111.186099,0.0,0.6855195627823125
-91.928006,200,111.302615,0.0,0.7067979830472911
-126.627489,200,111.419088,0.0,0.6955844875331769
-89.123373,200,111.53461,0.0,0.6111868120578499
-127.573623,200,111.650822,0.0,0.7568142024614206
-69.733955,200,111.771324,0.0,0.2598317513843714
-5.73291,25,111.788846,1.0,0.028874914712800008
-6.816463,28,111.806842,1.0,0.02864127747621577
-97.40636,200,111.933414,0.0,0.5385088878208559
-124.86396,200,112.055945,0.0,0.7446644571816333
-85.047407,200,112.494507,0.0,0.4915918253185311
-143.460053,200,112.643006,0.0,0.8692591181137426
-26.670956,39,112.670017,1.0,0.04262486512532319
-7.62616,30,112.688552,1.0,0.03216548340402506
-1.450821,7,112.693549,1.0,0.03917856572991882
-77.730703,200,112.811062,0.0,0.4155873816112435
-99.302172,200,112.92858,0.0,0.23775584149431947
-125.792566,200,113.045123,0.0,0.6962435214324459
-107.21845,200,113.158645,0.0,0.6885773247941304
-83.239928,200,113.272131,0.0,0.3718833225540263
-106.406722,200,113.386171,0.0,0.68516534394018
-84.845173,200,113.503753,0.0,0.5738296687765769
-170.40101,200,113.618227,0.0,0.8709179384920408
-170.476556,200,114.021194,0.0,0.9344246490408111
-74.868519,200,114.17372,0.0,0.3814038530562083
-88.097605,200,114.297786,0.0,0.7232611090708156
-22.157141,23,114.312783,1.0,0.03396148171418768
-122.583264,200,114.439305,0.0,0.6919697710923977
-120.498905,200,114.568881,0.0,0.5889698854362592
-154.767974,200,114.716109,0.0,0.7977469288741367
-172.342821,200,114.829603,0.0,0.9144830691205164
-105.798325,200,114.94843,0.0,0.7542077291726353
-121.969815,200,115.066476,0.0,0.6418917814504048
-143.260992,200,115.183022,0.0,0.8134720191953443
-92.700507,200,115.598307,0.0,0.46792969587479943
-0.058969,1,115.600306,1.0,0.04724162273563402
-8.092235,37,115.623309,1.0,0.03875670118345234
-15.537567,29,115.644309,1.0,0.0323510809026581
-34.729251,92,115.705821,1.0,0.048369613328611644
-10.225602,18,115.721823,1.0,0.02767350626813235
-104.729086,200,115.847289,0.0,0.4097307718322148
-32.820717,98,115.906804,1.0,0.0396208010869236
-64.968133,200,116.025348,0.0,0.30247837044749887
-1.307637,6,116.029346,1.0,0.04849710668209349
-35.03914,121,116.100878,1.0,0.04384543427032339
-93.233124,200,116.213352,0.0,0.5700870011750752
-60.02678,200,116.328875,0.0,0.1540488232702436
-78.46327,200,116.443351,0.0,0.45453237252548934
-90.841919,200,116.558904,0.0,0.312447073644366
-66.169463,200,116.677117,0.0,0.5000607874223609
-114.931607,200,116.801687,0.0,0.662595527110105
-80.105209,200,117.228572,0.0,0.15629733546191957
-66.60461,200,117.367099,0.0,0.3273030810264823
-0.39037,3,117.369096,1.0,0.03666066151203299
-72.96101,200,117.496935,0.0,0.2931647967025479
-79.507718,200,117.619652,0.0,0.41344829859606963
-170.715516,200,117.741194,0.0,0.9131530391953718
-15.293801,41,117.766834,1.0,0.030524891092813592
-85.475507,200,117.883921,0.0,0.4637183638689345
-119.497684,200,117.996949,0.0,0.6237909245082606
-14.584655,62,118.032974,1.0,0.048091220247805704
-31.674659,80,118.077095,1.0,0.04641537718997443
-88.613808,172,118.181609,1.0,0.04207328939794839
-87.966368,200,118.297678,0.0,0.45683617090301304
-96.190938,200,118.694334,0.0,0.47002484522874866
-48.597901,200,118.81885,0.0,0.20739120661570318
-84.077738,200,118.938415,0.0,0.4399810217738137
-21.121447,53,118.968415,1.0,0.0473972864304665
-76.939511,200,119.088467,0.0,0.37201097746065304
-101.708578,200,119.206063,0.0,0.427571401860373
-74.216762,200,119.323567,0.0,0.2806407039293989
-24.638323,79,119.370569,1.0,0.04863938957399899
-89.686262,200,119.483432,0.0,0.34112745216205637
-74.311813,200,119.598468,0.0,0.3115472195112415
-56.710222,200,119.716953,0.0,0.2703137064023052
-139.32151,200,119.833876,0.0,0.7723268891813811
-1.098938,5,119.837873,1.0,0.042666027924694504
-20.692628,44,120.238254,1.0,0.046146185746472494
-82.929494,200,120.385772,0.0,0.3023485683608976
-100.586352,200,120.523407,0.0,0.5091308533574124
-50.295374,200,120.650825,0.0,0.2747906707206001
-97.692888,200,120.76791,0.0,0.4831325451226311
-65.767349,200,120.882447,0.0,0.18753196294253796
-85.607884,200,120.998476,0.0,0.4077450497508031
-0.06126,1,120.999475,1.0,0.04111822580865932
-60.615525,200,121.110987,0.0,0.09882481176393229
-31.183979,105,121.172994,1.0,0.04888581126673066
-0.058733,1,121.174992,1.0,0.03917440449385416
-16.923295,40,121.196458,1.0,0.04066278617523016
-50.663099,127,121.269456,1.0,0.04098593809702486
-133.582588,200,121.383009,0.0,0.6751593700131815
-97.170778,200,121.787686,0.0,0.5286291984613032
-106.76936,200,121.913204,0.0,0.6072445929670014
-76.707656,200,122.037718,0.0,0.5240024063027525
-146.100222,200,122.157156,0.0,0.8522264137113301
-97.777761,200,122.276525,0.0,0.4345496454079839
-65.305548,200,122.392576,0.0,0.25411035991557035
-145.545258,200,122.507127,0.0,0.7532815250319141
-73.850457,200,122.619604,0.0,0.6284781606095604
-68.298972,200,122.738122,0.0,0.3581934129698892
-8.186508,19,122.751122,1.0,0.037389903959416215
-3.884435,12,122.761147,1.0,0.04334730910419053
-79.332779,200,122.897763,0.0,0.3335835839380282
-76.526345,200,123.377044,0.0,0.23327294077339783
-14.922265,45,123.402556,1.0,0.048775675784709906
-2.26,12,123.410131,1.0,0.04681057880765276
-63.287244,200,123.544182,0.0,0.10067103795208175
-98.553571,200,123.670698,0.0,0.585161054683717
-69.874057,200,123.788698,0.0,0.2640828226265538
-28.571625,106,123.847712,1.0,0.041573671058448586
-17.239483,28,123.863698,1.0,0.017568948922341412
-16.109784,32,123.883723,1.0,0.04920857517241998
-43.098104,142,123.968203,1.0,0.04882043603752647
-28.213513,73,124.011725,1.0,0.04133281276299967
-142.664079,200,124.123252,0.0,0.6191384952323917
-11.82352,42,124.148244,1.0,0.04989680454490937
-57.0274,200,124.26679,0.0,0.6280890304279388
-90.220972,200,124.380256,0.0,0.5493058092287282
-108.931337,200,124.491353,0.0,0.4508804881756049
-2.111312,11,124.498332,1.0,0.039567684275976456
-102.294068,200,124.899382,0.0,0.6349754458869178
-22.335337,59,124.935386,1.0,0.04719118440741635
-95.130187,200,125.060913,0.0,0.13332959617474638
-118.38617,200,125.179997,0.0,0.6337653546432697
-58.13502,200,125.299033,0.0,0.1958654988058823
-9.494223,16,125.310032,1.0,0.045628387508652335
-63.694121,200,125.426515,0.0,0.36980191984779004
-75.624076,200,125.547042,0.0,0.40939551045697764
-61.543055,134,125.632495,1.0,0.04217092331840208
-56.960846,200,125.763022,0.0,0.15356317937933406
-109.950191,200,125.88908,0.0,0.49292147478207743
-42.78109,163,125.985083,1.0,0.04976342159366996
-1.177463,7,125.989451,1.0,0.03600896131718679
-2.947258,10,125.996691,1.0,0.008840958760538269
-98.387135,200,126.429143,0.0,0.2441559646970031
-0.16727,2,126.432152,1.0,0.028176616316910402
-19.557518,71,126.480147,1.0,0.03978248098023314
-82.786041,200,126.602211,0.0,0.40997432909936693
-0.151248,2,126.604212,1.0,0.0018789042666554647
-78.738875,200,126.728738,0.0,0.43569764436153796
-42.623837,200,126.85227,0.0,0.1771207863538564
-60.605194,200,126.968811,0.0,0.13105341997784622
-47.671888,200,127.082312,0.0,0.27332452707078747
-39.851257,97,127.138842,1.0,0.04845233500406164
-51.769889,200,127.257324,0.0,0.37086762102399234
-65.147951,200,127.372847,0.0,0.19168870902304277
-51.130283,177,127.472372,1.0,0.0487417578363786
-63.019518,200,127.588934,0.0,0.2861950887562628
-109.58398,200,128.011461,0.0,0.585791564608306
-50.318142,118,128.086446,1.0,0.04625620479560743
-51.213856,200,128.210333,0.0,0.32581886851018044
-13.910763,35,128.232897,1.0,0.043884471928071864
-0.199766,2,128.234914,1.0,0.04912598478671169
-101.660387,200,128.371418,0.0,0.5105845168374965
-10.289837,19,128.384421,1.0,0.048347819904066884
-85.364357,200,128.518467,0.0,0.41275984125910536
-105.677991,200,128.642188,0.0,0.6408534185282685
-35.437905,98,128.70168,1.0,0.04598144133263945
-54.251508,200,128.824447,0.0,0.106888809522886
-25.146057,76,128.870061,1.0,0.035582587724671745
-9.971371,38,128.892618,1.0,0.042620458764907915
-109.443859,200,129.007698,0.0,0.3266430767495798
-85.906387,200,129.12223,0.0,0.509929120399826
-61.231957,200,129.547428,0.0,0.2947824039209665
-88.368786,200,129.681957,0.0,0.34343450916400975
-15.679113,52,129.71443,1.0,0.04721910858403756
-16.544022,39,129.739431,1.0,0.04894139830796293
-35.373435,106,129.806665,1.0,0.04916159007554596
-79.83753,200,129.929187,0.0,0.42259228165223195
-86.175851,200,130.047712,0.0,0.6939488959579284
-129.330216,200,130.166232,0.0,0.6804596605959903
-106.478038,200,130.283758,0.0,0.6576168436130468
-1.330714,6,130.29127,1.0,0.046821148877001915
-18.875217,44,130.319006,1.0,0.046602582715498476
-94.618739,200,130.443684,0.0,0.4207277052514475
-36.638928,97,130.496204,1.0,0.048784945467003855
-51.11234,200,130.609335,0.0,0.2433501574331169
-52.196202,200,130.72488,0.0,0.1482077225037825
-16.245649,25,130.739879,1.0,0.02749760121367013
-77.19271,200,131.219439,0.0,0.25150122723468893
-58.397412,200,131.366942,0.0,0.4119432842761323
-23.512699,70,131.410381,1.0,0.04883056343890284
-10.299113,59,131.446378,1.0,0.046718593795122484
-13.417574,63,131.486385,1.0,0.04519408782980368
-42.232745,200,131.607172,0.0,0.25292068807212104
-42.159618,183,131.714971,1.0,0.048001543685992236
-51.861552,200,131.835515,0.0,0.46521895614492476
-95.521645,200,131.947968,0.0,0.6686155168748382
-0.810233,5,131.95097,1.0,0.042452213082851714
-52.090638,179,132.053489,1.0,0.0489606252333562
-61.401045,200,132.167057,0.0,0.14371853354738545
-6.837645,18,132.178059,1.0,0.0465788851610013
-52.991492,200,132.292097,0.0,0.2833770523419326
-0.066466,1,132.293096,1.0,0.0484843884864665
-63.363351,200,132.73676,0.0,0.34033632015970167
-18.569277,59,132.772759,1.0,0.04946421937009029
-59.479159,200,132.902816,0.0,0.20984834274265068
-3.662278,18,132.91481,1.0,0.027518746004711367
-21.32539,64,132.953794,1.0,0.041410271000084015
-1.498435,12,132.961792,1.0,0.04655632304130763
-50.057229,200,133.078662,0.0,0.06923393049327825
-28.772725,83,133.128179,1.0,0.047553422883393225
-41.282952,200,133.242703,0.0,0.08792182870459268
-13.62784,29,133.259703,1.0,0.04937335481369407
-71.425636,200,133.377249,0.0,0.5335158108746475
-58.951382,200,133.494283,0.0,0.4201701976357553
-13.488577,20,133.506282,1.0,0.02324029139076224
-29.553943,90,133.558283,1.0,0.04207784948474885
-15.70343,56,133.591816,1.0,0.04210833958482929
-24.016563,59,133.625844,1.0,0.045714442006283294
-68.294802,200,133.742345,0.0,0.49161321468157515
-70.522954,200,133.865925,0.0,0.23309654946807068
-14.036346,75,134.259012,1.0,0.04943437267957497
-0.859777,7,134.266015,1.0,0.03933110031545512
-6.324438,16,134.279636,1.0,0.041601748234118954
-12.535434,36,134.306712,1.0,0.04612955235354758
-95.668206,200,134.445529,0.0,0.4596295065535797
-96.095962,200,134.568254,0.0,0.5536883142076442
-5.340735,22,134.582258,1.0,0.0468847008302774
-23.521756,69,134.622725,1.0,0.04243299904383188
-17.889767,86,134.671726,1.0,0.04154384991282332
-51.675164,200,134.784245,0.0,0.17899983184835636
-50.103984,200,134.90372,0.0,0.08151622155979475
-68.960594,200,135.017264,0.0,0.3084420126638494
-20.48203,66,135.054265,1.0,0.024820270413361153
-65.332871,177,135.152745,1.0,0.049246698414636074
-74.001893,200,135.267323,0.0,0.21045390334227604
-23.010514,77,135.311846,1.0,0.027283016355001216
-73.792677,200,135.430378,0.0,0.3131087589334308
-53.939371,200,135.863342,0.0,0.30990957012403897
-49.309009,200,135.992323,0.0,0.3482998498521793
-45.97194,124,136.066327,1.0,0.046988663146463536
-23.413165,60,136.101852,1.0,0.04916414318533461
-64.229108,200,136.21637,0.0,0.25892450643530107
-12.744125,41,136.240367,1.0,0.043047395921348736
-84.836329,200,136.353913,0.0,0.6124995240297012
-74.858749,200,136.475501,0.0,0.4902117692882895
-20.373506,31,136.494598,1.0,0.04120751722408658
-25.059924,119,136.565053,1.0,0.04909725782145716
-1.897084,13,136.573087,1.0,0.028114374092043714
-57.877703,153,136.668573,1.0,0.04613577384107146
-105.378504,200,136.795569,0.0,0.4519800045697688
-46.086027,188,136.910092,1.0,0.036757915807390684
-12.094003,48,136.942091,1.0,0.045049173525056274
-76.40153,200,137.403229,0.0,0.2716493725666562
-61.767732,200,137.544773,0.0,0.2832535616452229
-68.765693,200,137.66925,0.0,0.1497994452773487
-37.322504,200,137.785814,0.0,0.22802962916686112
-57.307011,200,137.898821,0.0,0.11393894330853993
-21.422583,61,137.93882,1.0,0.04709808969026169
-15.691345,63,137.974821,1.0,0.04626664910261767
-21.497494,98,138.03036,1.0,0.043603837743468966
-0.953171,6,138.034364,1.0,0.038577957773742726
-39.287043,168,138.131957,1.0,0.04627653945245167
-28.728277,126,138.205503,1.0,0.04195443186494176
-1.741841,12,138.212513,1.0,0.035047503436149326
-55.413509,200,138.326053,0.0,0.2165445796435167
-73.040658,200,138.439547,0.0,0.23814057397338628
-14.439416,61,138.476549,1.0,0.04424582151666423
-87.877904,200,138.866034,0.0,0.2183597196693348
-47.075237,136,138.953549,1.0,0.040482296433369126
-11.213038,47,138.988551,1.0,0.041405223998928056
-19.791129,91,139.043071,1.0,0.038582020105095975
-3.79844,31,139.063067,1.0,0.04660534851256034
-125.632654,200,139.18262,0.0,0.4106284014846564
-118.509869,200,139.305425,0.0,0.5764000218819331
-50.798775,200,139.432851,0.0,0.25679735632024586
-68.759904,200,139.567372,0.0,0.3818987054436249
-89.098686,200,139.684555,0.0,0.34914375050280216
-27.2979,96,139.74355,1.0,0.04772852901202333
-50.71222,200,139.856538,0.0,0.19236579778414284
-33.834716,67,139.895073,1.0,0.04698286594726845
-67.518089,173,139.99916,1.0,0.0394246958096381
-31.642678,49,140.029149,1.0,0.037533137715399595
-104.228558,200,140.436262,0.0,0.3218819503638233
-64.260132,200,140.587785,0.0,0.2634720011706328
-33.894118,128,140.672308,1.0,0.04929712282762571
-21.124093,86,140.723833,1.0,0.04949351904923312
-15.471586,40,140.747833,1.0,0.04810532108058479
-5.932823,36,140.76983,1.0,0.03605162404034034
-45.662832,109,140.833293,1.0,0.04623792010906069
-108.340469,200,140.94682,0.0,0.2502713311900138
-2.908394,13,140.955816,1.0,0.04982760756662528
-26.212191,147,141.043327,1.0,0.04334353413269219
-14.760021,57,141.077327,1.0,0.04597864376853004
-26.83574,111,141.140848,1.0,0.04349323819354242
-16.816645,73,141.182859,1.0,0.04706219129495973
-62.447641,200,141.297283,0.0,0.16576795723289292
-11.868842,58,141.331286,1.0,0.028888573110965054
-57.779079,200,141.443803,0.0,0.28170546095696264
-27.336308,116,141.512351,1.0,0.03444949742902389
-14.320244,68,141.552319,1.0,0.04833177023005714
-57.81295,200,141.967064,0.0,0.10111791921439897
-90.634758,200,142.111155,0.0,0.32868027167486497
-98.222217,200,142.248678,0.0,0.3692038421314087
-69.176671,200,142.376232,0.0,0.2555403107231297
-64.982714,200,142.500277,0.0,0.3072332182997682
-6.084494,32,142.525038,1.0,0.038786438664169184
-67.23275,200,142.639087,0.0,0.2642979005587877
-87.962279,200,142.753788,0.0,0.36957581618380625
-48.947123,200,142.867271,0.0,0.32087870207069114
-22.591781,105,142.927794,1.0,0.04439409636053624
-31.46627,95,142.983814,1.0,0.03209814454551907
-42.43082,199,143.098855,1.0,0.04247976791848338
-69.098057,200,143.504936,0.0,0.22721144144372946
-35.753409,142,143.613454,1.0,0.047722241762887585
-15.364779,30,143.638466,1.0,0.04823520863960483
-83.663755,200,143.769,0.0,0.13887607654245573
-19.950754,52,143.80046,1.0,0.03224014083598279
-14.244086,71,143.842476,1.0,0.04928437406835852
-27.479473,112,143.909992,1.0,0.04212804235231334
-9.907965,54,143.94199,1.0,0.04808823209274727
-79.75951,200,144.059871,0.0,0.33537976940446235
-25.092728,88,144.112475,1.0,0.04698927083825321
-77.560392,200,144.227996,0.0,0.17225032576914784
-5.503977,34,144.248996,1.0,0.04154292056701334
-39.151896,91,144.30249,1.0,0.04636778938503922
-11.995823,39,144.32549,1.0,0.04803272686267646
-68.96078,200,144.438015,0.0,0.16096184282632178
-43.092548,185,144.54356,1.0,0.04779022016701081
-42.699642,149,144.631079,1.0,0.048434458473282024
-13.733237,54,144.664079,1.0,0.042320275061206794
-80.66306,200,145.123687,0.0,0.13796679733017445
-7.152059,46,145.15569,1.0,0.03923493091791836
-21.223313,91,145.222212,1.0,0.039849786279973466
-29.127519,79,145.277215,1.0,0.04677832054124047
-7.881294,30,145.298673,1.0,0.04672334189813472
-8.679097,41,145.323251,1.0,0.04755514464954879
-37.902616,141,145.407069,1.0,0.048357297306148204
-7.017554,27,145.424634,1.0,0.04570397737926701
-21.084851,56,145.457631,1.0,0.04690680673327888
-14.706262,37,145.47965,1.0,0.0479895185830892
-58.523682,200,145.599927,0.0,0.12724026649941964
-18.604061,86,145.648924,1.0,0.046734746630543694
-17.963019,83,145.697437,1.0,0.03474123165314086
-11.622011,65,145.735434,1.0,0.044071085901997285
-77.288207,200,145.847977,0.0,0.27410584732064047
-60.653936,200,145.961491,0.0,0.17242409647368567
-13.561658,27,145.977491,1.0,0.020541486251177837
-44.621885,200,146.097561,0.0,0.2452290303079249
-31.552541,114,146.163558,1.0,0.046688449056452426
-3.170029,28,146.181568,1.0,0.03599661589664576
-14.222453,56,146.213105,1.0,0.04657752824967406
-97.595134,200,146.628191,0.0,0.5403736483117788
-3.943864,29,146.653192,1.0,0.04055909966399097
-86.750891,200,146.786591,0.0,0.4231883185923693
-41.275528,117,146.857105,1.0,0.0453022563785636
-25.523381,121,146.929578,1.0,0.04004102436197726
-55.119318,200,147.046125,0.0,0.11252878197741165
-65.682331,169,147.150582,1.0,0.04650887559191114
-26.674156,95,147.206127,1.0,0.04867250986287195
-37.221793,118,147.274103,1.0,0.046706972242766376
-60.567863,200,147.388657,0.0,0.31352523150118095
-20.835498,79,147.436174,1.0,0.04590705848561092
-53.789643,200,147.551363,0.0,0.3067179839769996
-13.731171,78,147.601883,1.0,0.03600932370675387
-38.509911,200,147.727417,0.0,0.13479107465735227
-29.168772,79,147.776416,1.0,0.04295889628620473
-8.835446,41,147.802948,1.0,0.04652779900365507
-48.397955,200,148.254031,0.0,0.26930668917968925
-9.117237,40,148.279029,1.0,0.04870983800839725
-58.519789,200,148.414094,0.0,0.27143569086193625
-10.629748,84,148.46406,1.0,0.046640179323770486
-12.914069,75,148.509583,1.0,0.049392875451834455
-72.798825,200,148.630139,0.0,0.25187430793593907
-34.107933,88,148.682104,1.0,0.035975216693374744
-0.045707,1,148.684107,1.0,0.026257413614892477
-24.720891,93,148.738569,1.0,0.04184774569323178
-40.786787,138,148.8181,1.0,0.04879759385709915
-35.123248,179,148.920651,1.0,0.04291999119257219
-62.712767,200,149.033159,0.0,0.341216738080569
-25.696504,145,149.119702,1.0,0.04773001059954516
-68.688749,200,149.235294,0.0,0.24898796435689355
-36.905553,191,149.344841,1.0,0.04973664102158811
-34.701929,155,149.725104,1.0,0.043628373715724304
-89.368755,200,149.859002,0.0,0.13831167288209398
-82.493547,200,149.983545,0.0,0.16129334358620984
-13.277282,70,150.026043,1.0,0.04811405100361205
-66.715947,200,150.143561,0.0,0.2375785438001156
-15.162121,48,150.170903,1.0,0.04957669199917823
-36.294221,125,150.24546,1.0,0.04815953237875952
-9.535576,36,150.266476,1.0,0.04555261614192077
-60.735858,200,150.388004,0.0,0.08043126292682366
-30.555974,98,150.44952,1.0,0.0375821047584687
-46.728194,117,150.525046,1.0,0.04730405217820929
-79.828773,200,150.652563,0.0,0.3988680262029943
-9.675342,21,150.665565,1.0,0.025010137410136565
-6.507267,37,150.689573,1.0,0.041423939743149396
-8.472231,58,150.72702,1.0,0.03519678025524348
-40.511221,158,150.819869,1.0,0.04636608016803092
-24.731252,116,150.888499,1.0,0.04903904009921917
-7.441868,45,150.915025,1.0,0.04080281520884184
-49.896051,200,151.362747,0.0,0.17715256894935333
-10.961567,29,151.382751,1.0,0.04708795330516267
-3.982729,20,151.39475,1.0,0.043152920981678916
-50.442782,200,151.515825,0.0,0.32134816786720416
-31.451874,139,151.598363,1.0,0.03903785576411776
-14.892952,62,151.634363,1.0,0.04279006439926483
-63.880403,200,151.750919,0.0,0.28105345587055763
-23.755776,35,151.771921,1.0,0.04696930890892244
-68.03264,200,151.887445,0.0,0.3904992491211211
-51.405648,200,152.0015,0.0,0.2894962130370136
-50.511555,200,152.11303,0.0,0.19743455077315536
-56.015757,200,152.230483,0.0,0.22405900494183809
-62.207351,200,152.345999,0.0,0.2566273228626985
-35.511078,200,152.46252,0.0,0.1038218009738837
-66.785434,200,152.884616,0.0,0.15854587357714828
-45.095809,153,152.983533,1.0,0.04716213030174599
-44.071855,174,153.096075,1.0,0.04031850247343216
-11.754954,54,153.131588,1.0,0.04734289520273599
-4.411068,16,153.142588,1.0,0.04583479053175299
-68.836466,200,153.278091,0.0,0.2446115623391696
-11.443316,43,153.306598,1.0,0.045801312930447056
-8.729943,35,153.327595,1.0,0.0452455618911849
-12.223256,53,153.358597,1.0,0.049575702739976385
-36.603881,168,153.457083,1.0,0.04168440880033575
-29.966138,110,153.523638,1.0,0.04370050605277106
-72.703146,200,153.640749,0.0,0.22409661049494936
-49.98242,200,153.761803,0.0,0.1981059524885174
-41.694576,200,153.877348,0.0,0.17473199119154642
-5.503709,29,153.894337,1.0,0.04518655021840832
-44.02722,200,154.005394,0.0,0.12972620964951065
-78.136009,200,154.425463,0.0,0.20439730066771425
-59.367613,200,154.561013,0.0,0.20870984211014648
-9.286394,39,154.586016,1.0,0.03940941754527643
-66.024255,200,154.707119,0.0,0.09535033383150947
-2.352378,10,154.714097,1.0,0.04117733426015101
-6.668596,16,154.723118,1.0,0.011345072338180762
-29.226118,74,154.766102,1.0,0.035248053074737946
-33.462676,120,154.835598,1.0,0.03692782088713857
-86.32533,200,154.951174,0.0,0.3260584426755236
-8.447865,37,154.973182,1.0,0.0402725991508964
-51.320263,200,155.090702,0.0,0.21006822588223925
-12.185878,51,155.120213,1.0,0.04795930079319664
-56.019868,181,155.226753,1.0,0.04857461790125611
-22.872433,73,155.268754,1.0,0.03534288168414911
-15.682417,83,155.317277,1.0,0.04852912598736161
-16.129903,34,155.337312,1.0,0.03609997627285153
-13.473031,39,155.360276,1.0,0.04225858109605125
-34.444145,200,155.472738,0.0,0.08616677214187612
-67.437232,200,155.922759,0.0,0.28461324789404163
-39.932206,200,156.080277,0.0,0.19322328278556683
-54.379603,200,156.203324,0.0,0.1975809156546259
-16.852673,50,156.236822,1.0,0.02784265860833412
-10.538146,44,156.26384,1.0,0.049912330243830016
-47.896881,200,156.383679,0.0,0.216112426891786
-59.275917,200,156.500913,0.0,0.14818037772711937
-37.680119,153,156.588968,1.0,0.03720149245668137
-64.085962,200,156.70698,0.0,0.20124943099833148
-0.395245,3,156.708981,1.0,0.028394230064272632
-8.278338,41,156.733983,1.0,0.04788575614118665
-14.41413,61,156.768991,1.0,0.03889172383315187
-6.743844,20,156.780984,1.0,0.038040657697933515
-13.4989,34,156.8005,1.0,0.046900711489252525
-35.96744,200,156.915056,0.0,0.31649797838497756
-17.209395,45,156.942054,1.0,0.04792934408536076
-45.600607,200,157.0576,0.0,0.23628915016435756
-0.429992,5,157.061598,1.0,0.040673598487727794
-9.113474,43,157.086634,1.0,0.04941457838358554
-7.796712,23,157.100121,1.0,0.04794734442322625
-40.612676,143,157.488353,1.0,0.04799640469843865
-31.517185,169,157.596874,1.0,0.04028610792221402
-44.24459,127,157.677383,1.0,0.04576893120041919
-52.7904,200,157.798911,0.0,0.1448822513306583
-63.06916,200,157.912883,0.0,0.30201732175793455
-30.968127,89,157.965887,1.0,0.04615737641137796
-4.982732,26,157.981881,1.0,0.047753308182018284
-37.12207,200,158.097455,0.0,0.17846995709267002
-35.746214,200,158.211504,0.0,0.147486746959384
-6.656951,39,158.235501,1.0,0.04440849571880385
-37.877471,200,158.353081,0.0,0.06953626962382002
-7.37388,37,158.375088,1.0,0.04932083740976557
-42.309041,200,158.491171,0.0,0.1481768279459294
-0.12631,2,158.493173,1.0,0.03365515174601414
-8.049802,33,158.51369,1.0,0.026078761296163277
-10.383133,35,158.535715,1.0,0.0409462151682739
-54.465734,200,158.658214,0.0,0.1120492306376748
-4.190414,14,159.005798,1.0,0.021663458059327588
-37.69698,200,159.162392,0.0,0.1613741783394724
-15.950975,70,159.213536,1.0,0.04120597367079886
-24.300255,69,159.255129,1.0,0.045967775461054225
-6.672828,35,159.279131,1.0,0.04372142294137385
-2.953221,17,159.289136,1.0,0.04883957404186091
-8.317524,16,159.299644,1.0,0.039637858203590566
-58.006222,200,159.415192,0.0,0.2798364697395994
-29.205141,135,159.493205,1.0,0.048480763130509995
-23.31649,109,159.557713,1.0,0.04778378091166438
-52.415976,200,159.669194,0.0,0.18633883062207926
-14.114325,41,159.694179,1.0,0.049243951387782744
-74.413046,200,159.809215,0.0,0.33609503359727044
-55.118507,200,159.925776,0.0,0.24631214667658477
-18.800055,36,159.946779,1.0,0.0449223704358818
-4.602147,14,159.955777,1.0,0.022686048264480164
-61.368306,200,160.071254,0.0,0.10842941439492376
-7.9353,39,160.09426,1.0,0.04747466767667102
-56.683916,200,160.207308,0.0,0.058021476391250715
-45.25108,200,160.606315,0.0,0.15623070535499456
-61.714623,200,160.736837,0.0,0.21069973278352627
-7.9895,35,160.758851,1.0,0.037355655844254314
-79.754227,200,160.881323,0.0,0.39532929120296917
-0.588597,4,160.885356,1.0,0.014662487922360412
-62.195606,200,161.001181,0.0,0.26040287605030865
-22.526014,44,161.028211,1.0,0.0467704452022931
-14.98826,72,161.069183,1.0,0.04237280551017152
-53.974386,168,161.168732,1.0,0.048814002940155934
-25.332287,108,161.231251,1.0,0.04944533804531051
-48.10447,200,161.355519,0.0,0.07447063658381611
-40.280272,197,161.477048,1.0,0.04790241936753299
-6.284335,18,161.489058,1.0,0.02054685670829964
-11.343205,36,161.511567,1.0,0.025346911107444386
-4.838436,28,161.52958,1.0,0.04796936829117307
-21.905825,93,161.587569,1.0,0.04932505144250196
-1.356354,9,161.594569,1.0,0.03508692925092717
-32.485169,91,161.647947,1.0,0.04928972909040219
-61.233644,200,161.764284,0.0,0.29211370281700977
-5.48675,40,162.117067,1.0,0.049722450088552035
-24.624278,55,162.154064,1.0,0.04512486602294934
-44.464111,150,162.252611,1.0,0.03974325417208074
-50.067708,192,162.372134,1.0,0.04963201878647413
-17.18107,54,162.404727,1.0,0.0375925143149242
-22.828408,51,162.435724,1.0,0.04745141493962209
-15.61772,48,162.464746,1.0,0.0484114341916063
-14.601439,32,162.483624,1.0,0.03678161784593473
-5.203732,22,162.497667,1.0,0.035377412908989735
-26.901101,69,162.536166,1.0,0.04559193352310232
-26.171852,75,162.578196,1.0,0.040213235176865994
-6.22752,28,162.594172,1.0,0.02848257369918945
-11.559428,42,162.619686,1.0,0.0409358403055492
-12.614222,63,162.656686,1.0,0.0463992285757287
-50.318333,200,162.773237,0.0,0.2603602926857298
-19.887176,42,162.800745,1.0,0.04902713919889546
-9.45515,25,162.81575,1.0,0.049895174692045505
-62.48939,200,162.930234,0.0,0.2593202407119402
-26.910547,31,162.948208,1.0,0.028366615291444647
-55.891524,200,163.062579,0.0,0.19552329131643476
-20.928968,88,163.113098,1.0,0.04927094528303591
-24.215423,71,163.155098,1.0,0.043145090034327704
-12.389828,42,163.18013,1.0,0.02947553962011212
-5.819772,40,163.203396,1.0,0.04505941915627566
-10.715989,27,163.219397,1.0,0.04287757845935605
-3.370467,24,163.233396,1.0,0.04600514899489494
-8.26574,37,163.255396,1.0,0.044409309614318035
-39.882589,200,163.663461,0.0,0.1770874162322737
-6.078389,38,163.692464,1.0,0.03771431174891971
-75.014021,200,163.82649,0.0,0.2867919387449452
-18.694061,61,163.86449,1.0,0.04575886084586374
-19.104307,52,163.897496,1.0,0.048212515411971614
-3.689429,32,163.918041,1.0,0.04371591821762853
-9.548321,27,163.935056,1.0,0.047927255897208774
-20.34371,75,163.980864,1.0,0.04331967131682382
-49.466961,200,164.102984,0.0,0.13758830403918923
-0.835882,7,164.108981,1.0,0.046339216089150176
-8.243482,28,164.126982,1.0,0.033358673243385116
-40.850545,200,164.255506,0.0,0.07552225109074492
-46.919205,200,164.38056,0.0,0.23437568056158817
-6.046543,20,164.392568,1.0,0.04597653569250775
-12.365632,32,164.4121,1.0,0.049963268629726824
-62.231318,200,164.531508,0.0,0.21018715627847417
-26.066266,95,164.587139,1.0,0.039439753186676835
-7.580831,32,164.606652,1.0,0.04789898665422172
-23.235749,98,164.663222,1.0,0.04297518862469335
-7.349627,17,164.673231,1.0,0.03777152552855994
-9.48211,33,164.692226,1.0,0.04867820868670975
-7.21161,47,164.718777,1.0,0.04487203975590482
-0.057422,1,164.719793,1.0,0.04591159868489041
-41.280375,200,164.831333,0.0,0.1412116818746691
-0.381403,3,164.833344,1.0,0.029874188239991717
-75.263134,200,165.276388,0.0,0.2908278645554127
-14.421618,28,165.293406,1.0,0.04718393199213769
-5.163313,15,165.303952,1.0,0.044085089488170776
-49.160612,200,165.432437,0.0,0.09650199909835626
-6.665568,36,165.455464,1.0,0.04699287236781474
-17.875094,49,165.483666,1.0,0.04125698640863934
-15.30287,86,165.534762,1.0,0.045714066396142
-28.518689,75,165.578758,1.0,0.04828419369917793
-61.822483,200,165.695289,0.0,0.27393581428319386
-69.278717,200,165.811624,0.0,0.22777999931726747
-5.636072,33,165.832624,1.0,0.04633270380722658
-8.001051,27,165.848626,1.0,0.03384071262546308
-28.353476,124,165.918174,1.0,0.047196533622700675
-32.292167,125,165.991189,1.0,0.04738548393892309
-19.718847,51,166.021686,1.0,0.04525589973314784
-12.600479,59,166.052688,1.0,0.03836294491633265
-27.776695,95,166.106212,1.0,0.040985525197149146
-11.68725,50,166.135213,1.0,0.04983634069636935
-5.250535,39,166.156216,1.0,0.045649632636825324
-27.99675,126,166.226735,1.0,0.047152063479144565
-12.751843,57,166.259735,1.0,0.046343996294161895
-19.790394,47,166.286736,1.0,0.031866595045328516
-23.725144,54,166.318227,1.0,0.04824828244376099
-61.122606,200,166.720988,0.0,0.4249923520596332
-49.934929,200,166.87651,0.0,0.22692399544618638
-24.508853,35,166.901521,1.0,0.04559681307735504
-60.924979,200,167.031036,0.0,0.274385962642728
-13.515229,36,167.060032,1.0,0.04679936292616277
-65.575418,200,167.175489,0.0,0.25167241650454353
-54.412474,200,167.304418,0.0,0.19287461667265077
-21.420871,65,167.344392,1.0,0.047357685659109056
-13.304851,68,167.389006,1.0,0.04924906309509589
-4.511987,31,167.408492,1.0,0.047807358130683535
-75.179684,200,167.53457,0.0,0.4397306599763308
-0.574673,5,167.53757,1.0,0.027914568319168512
-42.014742,132,167.615095,1.0,0.048722264493747
-11.659069,46,167.643095,1.0,0.04556077902042966
-10.417778,41,167.667095,1.0,0.04565144821307984
-69.016525,200,167.781603,0.0,0.40126464497970754
-58.801175,200,167.898131,0.0,0.3695601144981513
-0.614677,4,167.901133,1.0,0.015686667093382824
-17.649933,54,167.932596,1.0,0.04977718742172796
-25.128069,106,168.291139,1.0,0.04133520583271521
-51.182487,200,168.429169,0.0,0.32385562984457206
-12.75478,44,168.466171,1.0,0.042497265171581144
-10.445877,36,168.489014,1.0,0.045912614831033184
-47.61777,200,168.611087,0.0,0.22630128603082722
-12.970323,49,168.641084,1.0,0.048337142712816965
-6.94828,19,168.653084,1.0,0.038305297536676323
-0.043727,1,168.655094,1.0,0.03886172522997075
-62.51578,200,168.768596,0.0,0.2488259992446474
-15.610521,111,168.830129,1.0,0.04236474585699925
-29.279441,137,168.910651,1.0,0.04953143073201408
-9.037611,34,168.930654,1.0,0.029825700862010196
-7.000672,49,168.958652,1.0,0.043611191719808165
-4.417873,14,168.966673,1.0,0.035034750206397604
-26.306347,54,168.999662,1.0,0.04572301813635615
-31.755801,153,169.088177,1.0,0.03991343730975942
-16.718467,39,169.112685,1.0,0.04796556302833935
-17.140188,57,169.145685,1.0,0.04298800271783349
-8.277448,39,169.168705,1.0,0.04160946269615092
-13.014739,51,169.197696,1.0,0.045745702839739305
-6.577717,34,169.218217,1.0,0.04251454254234156
-63.458982,200,169.333675,0.0,0.2836536079795207
-21.795362,81,169.382674,1.0,0.044142929931583016
-22.34491,54,169.415216,1.0,0.047304007818819625
-38.490744,200,169.864196,0.0,0.13767897366003484
-71.106619,200,170.037747,0.0,0.3060887548378562
-17.598895,61,170.076656,1.0,0.04975374663584173
-14.115517,46,170.106142,1.0,0.046677929303950774
-11.636047,49,170.136142,1.0,0.04412675314845852
-24.757099,73,170.180149,1.0,0.04870632638343678
-13.551053,41,170.204213,1.0,0.04897822124207487
-20.338456,60,170.238222,1.0,0.04780476818013052
-16.859362,59,170.273222,1.0,0.048892082885046886
-45.621948,200,170.38574,0.0,0.11490049756754664
-12.840414,22,170.399748,1.0,0.03740393896192789
-14.687205,47,170.427256,1.0,0.047419343501577914
-0.195322,2,170.429272,1.0,0.04857052861792825
-12.04238,47,170.455257,1.0,0.04280774519149132
-19.875919,64,170.493271,1.0,0.03862296543727673
-67.232813,200,170.611287,0.0,0.2210912117169549
-16.84566,45,170.638303,1.0,0.04996815124238166
-45.693091,200,170.754788,0.0,0.19447137113880306
-18.894845,28,170.771789,1.0,0.04225385045060286
-9.551593,45,170.798797,1.0,0.048458172085227416
-42.512673,200,170.915822,0.0,0.1477287105652751
-0.724105,7,170.920799,1.0,0.049094700006711005
-55.788682,200,171.034921,0.0,0.1527920304088167
-13.941324,97,171.09093,1.0,0.048888069465958056
-48.280844,200,171.516022,0.0,0.18199337741557306
-9.084019,45,171.545025,1.0,0.0361493542807878
-53.608134,200,171.665534,0.0,0.1337299239211464
-14.992276,33,171.685534,1.0,0.03591336110333737
-33.056274,200,171.804584,0.0,0.1544391508269868
-37.411862,131,171.880591,1.0,0.046822043947306595
-8.983615,58,171.915062,1.0,0.033174785306369026
-39.394992,170,172.015585,1.0,0.0433797050460213
-22.357341,31,172.034583,1.0,0.04519886308234925
-56.616217,200,172.151076,0.0,0.2539022358749668
-14.719766,45,172.177106,1.0,0.04686667768294651
-3.444533,21,172.190101,1.0,0.046081284923097064
-19.978153,77,172.236046,1.0,0.040800792336083
-45.577943,198,172.352607,1.0,0.048204955946070736
-17.730007,84,172.404586,1.0,0.04569440453547747
-27.241301,113,172.482071,1.0,0.04889275453497803
-18.145044,118,172.556597,1.0,0.04535367249769696
-61.055739,200,173.011277,0.0,0.2095936241385793
-60.875555,200,173.141802,0.0,0.29729728880236883
-35.473417,158,173.239338,1.0,0.033614883493367
-41.058776,200,173.35586,0.0,0.2366456372186276
-29.363926,89,173.408384,1.0,0.04377875539519484
-8.949475,44,173.434407,1.0,0.04783818243682809
-18.759472,58,173.475377,1.0,0.04203564040440479
-14.684714,52,173.504887,1.0,0.04181584092452483
-66.064557,200,173.619416,0.0,0.3083862100444056
-1.4118,7,173.624418,1.0,0.01805920472394327
-9.811453,39,173.647419,1.0,0.04490231544505374
-55.895846,200,173.761958,0.0,0.22081771445481152
-6.451473,28,173.776971,1.0,0.04097256185688265
-31.883728,121,173.845413,1.0,0.04990357153939549
-10.545381,36,173.866413,1.0,0.04920036074218985
-15.668516,29,173.883416,1.0,0.047219820324794305
-8.674904,39,173.906986,1.0,0.04737073182134459
-55.864537,200,174.022475,0.0,0.3140235720264041
-23.544508,96,174.078478,1.0,0.04843114064768531
-6.712104,19,174.090482,1.0,0.04046257028861791
-24.479239,53,174.122008,1.0,0.037427668234751944
-15.659359,30,174.141009,1.0,0.046387819339231515
-29.286839,153,174.517084,1.0,0.04642940068581944
-12.20905,56,174.552087,1.0,0.04450165222689102
-10.551854,21,174.565087,1.0,0.04915909696868246
-17.03986,41,174.594093,1.0,0.046295567281331954
-64.805085,200,174.715136,0.0,0.34471768151723153
-17.305005,93,174.771133,1.0,0.0448199821545142
-48.896716,200,174.888768,0.0,0.19334777024752725
-67.384282,200,175.012868,0.0,0.29327624066390906
-66.542205,200,175.151389,0.0,0.25025635463089957
-55.057208,200,175.284923,0.0,0.32489509201427513
-25.310001,115,175.353615,1.0,0.048483405230864876
-11.673773,31,175.373634,1.0,0.04435770963558013
-13.109054,40,175.400622,1.0,0.04205689872434687
-37.035397,200,175.52814,0.0,0.1583310210322772
-12.559276,39,175.553128,1.0,0.04898970431815322
-8.606306,27,175.568144,1.0,0.046944501421158615
-13.169581,36,175.58886,1.0,0.04955054823496965
-62.557266,200,175.704978,0.0,0.265707999378764
-18.655176,37,175.725489,1.0,0.040386688227358435
-75.77041,200,176.167588,0.0,0.31499822501556357
-22.419402,29,176.189585,1.0,0.04614843661100283
-10.890945,54,176.230108,1.0,0.041630774075926566
-23.271132,91,176.288102,1.0,0.048552063384402176
-14.680723,74,176.332627,1.0,0.0464711522546161
-10.543884,37,176.355627,1.0,0.04576789219216459
-21.576303,52,176.387638,1.0,0.04748693091953886
-0.060861,1,176.388624,1.0,0.04290057351031169
-16.638453,36,176.410143,1.0,0.046490318138663646
-7.732397,38,176.432142,1.0,0.04998301894501203
-9.952918,30,176.451145,1.0,0.04125708888379814
-5.274989,32,176.471142,1.0,0.043242012872344825
-15.484292,36,176.49315,1.0,0.044664582373312424
-25.552479,123,176.565727,1.0,0.04390507329037767
-10.729559,24,176.57969,1.0,0.024527927265344106
-64.839615,200,176.692869,0.0,0.302158274047764
-17.204983,36,176.71438,1.0,0.04481472641458678
-19.88602,43,176.74038,1.0,0.04757668838759339
-65.571467,200,176.852891,0.0,0.40318008093585606
-2.442343,10,176.859904,1.0,0.048551357662938575
-51.217896,200,176.97546,0.0,0.30277722067344304
-8.417253,19,176.987461,1.0,0.04764492501962224
-24.060123,70,177.029974,1.0,0.0460281460509957
-48.485531,200,177.146496,0.0,0.2142569669237888
-42.023653,200,177.258996,0.0,0.23714790881520662
-32.452663,127,177.629079,1.0,0.04989311618525136
-18.93213,36,177.651052,1.0,0.03129573960212172
-65.668887,200,177.789568,0.0,0.3525734482413888
-68.849117,200,177.92665,0.0,0.23712452157273306
-72.551939,200,178.059877,0.0,0.366459651662287
-33.272844,109,178.124354,1.0,0.04752780748673188
-9.872128,38,178.147335,1.0,0.04693178905760704
-15.582109,64,178.186337,1.0,0.04285287424970035
-60.798771,200,178.306761,0.0,0.3615757886857272
-70.705467,200,178.42336,0.0,0.25824101997979204
-17.51572,71,178.464363,1.0,0.04280952560702639
-63.030606,200,178.578906,0.0,0.31115327575376683
-9.692749,20,178.590904,1.0,0.046731496552962506
-27.959834,113,178.657394,1.0,0.04977701059308208
-7.131545,35,178.678391,1.0,0.041813059997017024
-20.207885,80,178.724948,1.0,0.04607518415155667
-0.12821,2,178.726948,1.0,0.027249483329478033
-42.526341,200,178.843412,0.0,0.25998482720404237
-71.644851,200,179.265475,0.0,0.4051103810565677
-20.074106,37,179.287476,1.0,0.031809798597990435
-7.789663,25,179.303478,1.0,0.04783850192885145
-22.725223,102,179.366,1.0,0.04744243987806198
-66.107551,200,179.482128,0.0,0.317804932002802
-9.8349,38,179.505134,1.0,0.049918388875178424
-19.525554,69,179.547664,1.0,0.04606419166744506
-6.684519,54,179.579667,1.0,0.04597674559941858
-39.080838,200,179.698197,0.0,0.10974175561690393
-4.524079,19,179.710716,1.0,0.045461743470829444
-25.309278,156,179.796724,1.0,0.038767487053101575
-10.372549,24,179.81124,1.0,0.04576305283365855
-56.587511,200,179.92381,0.0,0.24968224994586147
-37.820954,200,180.038273,0.0,0.16919806281866545
-17.374556,82,180.089296,1.0,0.044139890869851824
-53.372799,200,180.202776,0.0,0.1320213679493493
-42.877919,200,180.31574,0.0,0.0738741048586493
-14.271399,71,180.700265,1.0,0.04480483623333008
-33.027218,96,180.76316,1.0,0.03833614327365298
-7.571571,24,180.784165,1.0,0.03713020253592341
-15.816998,55,180.831677,1.0,0.03908480156099332
-21.608474,93,180.899682,1.0,0.045614703776359844
-48.307338,200,181.022703,0.0,0.1625612922910636
-22.290123,80,181.073092,1.0,0.04439957245133691
-45.310929,200,181.198678,0.0,0.299568015439955
-22.162157,64,181.233793,1.0,0.043807897102602356
-25.374883,118,181.300803,1.0,0.04848109413013797
-49.822086,200,181.416848,0.0,0.17702438872711343
-77.1702,200,181.532403,0.0,0.24234193094369827
-33.485651,112,181.602408,1.0,0.0434610706915425
-21.018735,55,181.634724,1.0,0.04946257965839327
-13.55193,51,181.663723,1.0,0.04880275508450033
-17.202552,84,181.710249,1.0,0.04359834709538843
-46.944151,200,181.820763,0.0,0.14571064069990394
-17.255828,99,181.876786,1.0,0.04760277156362279
-15.755607,59,181.912285,1.0,0.046038457543269184
-60.70512,200,182.322771,0.0,0.27822789170914247
-22.573184,80,182.37377,1.0,0.04077168361851138
-18.437963,94,182.436288,1.0,0.034121255565393374
-10.472594,50,182.466289,1.0,0.043215418567851674
-52.680191,200,182.581828,0.0,0.24519691018773845
-14.926183,69,182.623346,1.0,0.04450673831774045
-56.189619,200,182.740895,0.0,0.18521506815088862
-31.958348,113,182.80745,1.0,0.049663148262245056
-25.947037,108,182.871496,1.0,0.04556182035759026
-36.054358,174,182.97406,1.0,0.04574105573783372
-24.948474,67,183.010588,1.0,0.04766700275377567
-50.197887,200,183.125099,0.0,0.10462384092474866
-18.630783,114,183.192103,1.0,0.045640400241898846
-14.008569,41,183.216639,1.0,0.037907901491356324
-8.028817,20,183.228636,1.0,0.03747719269096556
-17.518432,42,183.253154,1.0,0.04464466137652375
-15.564154,37,183.275401,1.0,0.04153253768461543
-18.547633,46,183.302415,1.0,0.04224232042893284
-38.608528,124,183.376943,1.0,0.04198812940165463
-0.909576,5,183.380941,1.0,0.01930365894204686
-15.833872,46,183.410511,1.0,0.04669448754332401
-41.15527,126,183.838961,1.0,0.04497731093352668
-50.614786,200,183.984155,0.0,0.2109234222718641
-20.422244,103,184.045632,1.0,0.04069827761444513
-44.511275,200,184.167148,0.0,0.29417251052309545
-13.37866,55,184.200156,1.0,0.048772876539176065
-37.626459,135,184.27865,1.0,0.03327282938095022
-11.622254,26,184.294656,1.0,0.04365325485094061
-13.642121,72,184.336191,1.0,0.04469818490644666
-18.472011,45,184.363194,1.0,0.042400393872023594
-9.168268,38,184.385192,1.0,0.047035585260411426
-37.294802,170,184.481739,1.0,0.042635523544969106
-46.566692,200,184.594267,0.0,0.13578373610979794
-30.243041,91,184.647739,1.0,0.049507710568504885
-5.923003,37,184.669736,1.0,0.04680870731325027
-51.906738,200,184.784286,0.0,0.18373044081493586
-26.1987,73,184.827792,1.0,0.04824310986475811
-10.794942,48,184.855753,1.0,0.04922459440238426
-17.616496,36,184.876751,1.0,0.04388868149614582
-12.125748,39,184.900757,1.0,0.0479621695035427
-12.805772,55,184.932279,1.0,0.041968702990320836
-0.05589,1,184.933279,1.0,0.04328533879737007
-14.026351,32,184.952282,1.0,0.049812251169484824
-44.853824,200,185.35636,0.0,0.27063195791398986
-73.284522,200,185.485902,0.0,0.3234015240986288
-48.86244,200,185.606427,0.0,0.128273827399954
-18.110836,25,185.622925,1.0,0.03737995366524755
-26.579591,96,185.679925,1.0,0.03502426961964127
-20.082355,81,185.727473,1.0,0.04168724870229573
-13.860767,37,185.749479,1.0,0.0456558591686786
-20.43089,79,185.796516,1.0,0.047168056105833564
-21.962676,74,185.839944,1.0,0.04753820970227389
-3.793971,17,185.849942,1.0,0.04633980110127683
-11.860639,60,185.884945,1.0,0.04561151696427132
-11.2138,38,185.908456,1.0,0.04579505861177952
-23.005673,90,185.960462,1.0,0.04832715805040857
-0.566211,4,185.962464,1.0,0.04016434333833194
-12.845152,47,185.989462,1.0,0.04571706576576947
-24.092253,125,186.061979,1.0,0.04772717906784766
-19.934473,122,186.138511,1.0,0.04467235589905786
-19.985345,65,186.18451,1.0,0.04964525141820424
-15.897787,47,186.214706,1.0,0.045042616694014784
-3.842685,14,186.22693,1.0,0.04399185109071131
-20.300311,38,186.251931,1.0,0.048292979884710784
-5.568864,27,186.26893,1.0,0.047314680790376415
-15.990072,30,186.28893,1.0,0.04077728838419127
-14.06761,75,186.336453,1.0,0.048982108113157424
-3.906577,24,186.352452,1.0,0.049902065831017736
-62.723639,200,186.470978,0.0,0.2223871162185457
-23.50864,124,186.5483,1.0,0.04631284863210868
-10.835965,37,186.871872,1.0,0.04504237325509481
-0.876657,10,186.88087,1.0,0.043741175541324145
-21.403649,57,186.920385,1.0,0.04605510830474758
-10.712847,46,186.947388,1.0,0.04730907119765559
-11.770366,69,186.990388,1.0,0.04983298521092195
-17.958284,62,187.029901,1.0,0.04153962411921385
-70.091156,200,187.155425,0.0,0.41310932906231324
-25.373631,64,187.196434,1.0,0.04936540175331807
-9.281784,22,187.20894,1.0,0.04555768337980038
-4.571275,34,187.229946,1.0,0.04654526869424423
-2.533493,19,187.241946,1.0,0.0383392151296181
-68.371394,200,187.356459,0.0,0.27925778910307253
-42.512411,193,187.467018,1.0,0.04506764897560146
-7.572258,20,187.478,1.0,0.043996619440647616
-44.515649,200,187.592996,0.0,0.18744654829517585
-11.870892,18,187.604026,1.0,0.025261255567835036
-45.980572,200,187.71909,0.0,0.1781362706709249
-15.386919,108,187.781111,1.0,0.04715675979686709
-5.00943,30,187.799095,1.0,0.048104206447469586
-30.385429,63,187.835591,1.0,0.04916133875130795
-14.097048,82,187.882598,1.0,0.045521182367126316
-56.378273,200,187.997116,0.0,0.29432302488775514
-20.123281,31,188.015563,1.0,0.03443032164174831
-42.949482,200,188.433596,0.0,0.2691457956250747
-20.235536,49,188.463594,1.0,0.03102978378459816
-9.617892,32,188.483597,1.0,0.048434917049151587
-37.938075,145,188.57815,1.0,0.047036004452364784
-20.867895,27,188.594151,1.0,0.04687058478410795
-53.050148,200,188.716246,0.0,0.209877333877917
-78.787456,200,188.838605,0.0,0.42280960053933886
-34.796153,200,188.964333,0.0,0.14683248994690648
-1.58369,10,188.971354,1.0,0.04754091262781214
-9.476216,36,188.994332,1.0,0.047408073164613
-8.748148,53,189.028858,1.0,0.04854886899554787
-13.488467,37,189.052856,1.0,0.04945613038136906
-20.622414,35,189.074866,1.0,0.03351766541323506
-28.313557,200,189.192048,0.0,0.14971694815732992
-29.265011,121,189.268255,1.0,0.04267143380379727
-13.061561,35,189.290188,1.0,0.03863042992085635
-53.764379,200,189.406931,0.0,0.12742498989943377
-17.211833,46,189.434447,1.0,0.03669263185672115
-13.212235,69,189.473449,1.0,0.0463264000732382
-17.480877,79,189.517972,1.0,0.0431413476416373
-14.964616,66,189.558972,1.0,0.04764888973114264
-47.625867,200,189.972603,0.0,0.07544900920722133
-14.043137,111,190.054644,1.0,0.04543803289781922
-7.320341,45,190.083639,1.0,0.04329175618677269
-40.933552,200,190.208165,0.0,0.11471503694552843
-20.676528,56,190.242663,1.0,0.048575784926767396
-73.04286,200,190.357984,0.0,0.23488377238192862
-9.374792,36,190.379984,1.0,0.04627259679964991
-6.656642,21,190.391984,1.0,0.04952895405047055
-10.861346,34,190.412499,1.0,0.04210354887931949
-47.518504,200,190.527055,0.0,0.187240729754668
-62.766991,200,190.63755,0.0,0.3107061012938641
-30.112504,200,190.755067,0.0,0.15311801851658738
-7.567567,37,190.77708,1.0,0.04919257192845843
-8.961877,29,190.795068,1.0,0.03534346792902784
-16.790999,92,190.848587,1.0,0.0490702096187242
-15.055086,22,190.86159,1.0,0.040510151427674196
-69.750991,200,190.976093,0.0,0.3252378974934394
-50.892133,200,191.090598,0.0,0.23789063187611464
-22.649781,124,191.495764,1.0,0.04485703437585638
-10.576724,40,191.525288,1.0,0.04991568341695043
-3.04427,23,191.540287,1.0,0.0479235101987871
-11.856684,34,191.563285,1.0,0.048603419860940335
-7.688793,61,191.616799,1.0,0.04125804867559858
-19.440712,94,191.680371,1.0,0.038757224984401734
-39.332618,200,191.827415,0.0,0.21127219227437952
-8.136999,41,191.853415,1.0,0.03748580749442747
-24.046175,132,191.931926,1.0,0.03923988964485298
-22.607927,77,191.978925,1.0,0.04912812822646886
-23.939052,66,192.020447,1.0,0.04679410028649893
-0.433026,3,192.021855,1.0,0.04897734576932244
-18.82183,46,192.051659,1.0,0.04918319774794955
-1.029356,6,192.055961,1.0,0.029927236358166524
-41.999133,200,192.173793,0.0,0.20021370236558048
-20.178005,51,192.204823,1.0,0.041962137454514783
-13.759522,35,192.225308,1.0,0.047038651586433104
-6.547797,30,192.242308,1.0,0.03170136609304817
-14.771103,83,192.29131,1.0,0.04585469594439778
-6.503085,37,192.313879,1.0,0.037321154332803995
-17.616816,74,192.356856,1.0,0.030442293870292722
-15.505883,29,192.372858,1.0,0.048941360854669484
-51.197567,200,192.481378,0.0,0.22844120570941373
-17.565991,29,192.498382,1.0,0.04536786037562319
-17.171782,42,192.523929,1.0,0.04833982385997945
-20.063674,74,192.564908,1.0,0.04106850767290956
-1.490728,9,192.570907,1.0,0.04393928562495277
-46.787575,200,192.681421,0.0,0.1790777804080555
-15.133583,89,193.022472,1.0,0.04272366535691541
-11.913336,40,193.04975,1.0,0.04709954521643305
-11.719892,43,193.07475,1.0,0.046933589619631046
-30.367632,82,193.142287,1.0,0.03530172810086798
-24.145752,92,193.207272,1.0,0.048483202611965266
-51.137468,200,193.332181,0.0,0.22085365034771548
-11.509179,50,193.362182,1.0,0.047939992629881294
-16.717332,87,193.413716,1.0,0.04572610126454099
-57.164844,200,193.530181,0.0,0.18837552192642917
-44.935454,200,193.646682,0.0,0.21538925673508963
-7.607464,38,193.668698,1.0,0.038313716132855676
-12.29802,34,193.688708,1.0,0.04970583492764946
-45.304424,200,193.80315,0.0,0.10423505293719697
-6.902412,43,193.827663,1.0,0.047696863998767394
-10.87258,79,193.874659,1.0,0.04141734228589431
-11.622905,38,193.897659,1.0,0.046209252486774176
-19.182754,85,193.947181,1.0,0.045803716771965756
-42.494771,200,194.063704,0.0,0.2154163622677417
-10.19071,40,194.087704,1.0,0.04518769313741907
-7.294624,35,194.10871,1.0,0.048832746747643506
-17.325348,43,194.135242,1.0,0.04453968374581964
-27.956601,92,194.186241,1.0,0.04447537783874565
-8.002681,69,194.225367,1.0,0.0444636933048382
-11.56625,38,194.248619,1.0,0.04475936110451111
-34.708369,175,194.686324,1.0,0.04811113785445094
-19.869343,45,194.717835,1.0,0.04522595328657638
-20.022926,81,194.782837,1.0,0.04720221499986796
-63.558383,200,194.907211,0.0,0.32318927862191993
-25.285277,67,194.948306,1.0,0.048626016123238344
-5.345918,18,194.959322,1.0,0.03749578558963498
-12.689183,68,194.999868,1.0,0.0402385279911909
-23.661262,139,195.081362,1.0,0.0442352233596034
-13.301253,46,195.108371,1.0,0.04730341863278293
-11.749596,41,195.132883,1.0,0.0470222096555612
-1.587381,11,195.139883,1.0,0.04404058518227837
-8.467309,35,195.160886,1.0,0.04955641773131301
-22.283833,52,195.190883,1.0,0.04612060608533803
-0.431483,3,195.193886,1.0,0.045936975084501126
-7.312774,32,195.212892,1.0,0.04687819168370382
-16.146479,43,195.238425,1.0,0.04378448153252925
-46.011022,200,195.353927,0.0,0.18733319110463162
-2.773546,13,195.361929,1.0,0.047761901670068996
-3.324109,25,195.377926,1.0,0.049624167451043213
-53.283282,200,195.493482,0.0,0.18296489674361396
-19.595017,26,195.509464,1.0,0.035267028417404436
-14.190887,51,195.539,1.0,0.04195522468956601
-53.065541,200,195.654526,0.0,0.23842071660420264
-14.977237,81,195.699545,1.0,0.04848205677562269
-46.791282,200,195.818415,0.0,0.19639915055503523
-22.576624,89,196.155097,1.0,0.037729073785777625
-6.540394,36,196.176058,1.0,0.04315108157513488
-12.473779,46,196.205066,1.0,0.04113109173326879
-16.661419,51,196.235576,1.0,0.04309186314924795
-0.965389,6,196.23959,1.0,0.04431016170657853
-33.347717,176,196.35813,1.0,0.04948471386000888
-11.672572,54,196.391134,1.0,0.04759525400478102
-12.561487,38,196.414664,1.0,0.04776938317124185
-71.362843,200,196.532187,0.0,0.33195221258300933
-38.235611,200,196.644706,0.0,0.1619239100967146
-20.636419,65,196.68571,1.0,0.044089753485139334
-12.565136,38,196.707739,1.0,0.036193098575542336
-85.695385,200,196.824749,0.0,0.31898824488528654
-7.541809,28,196.841742,1.0,0.04394958367355096
-65.613822,200,196.955266,0.0,0.18690391372854404
-40.888364,200,197.071793,0.0,0.14484434234137056
-16.483967,26,197.088799,1.0,0.041088875534290664
-44.047517,200,197.214283,0.0,0.13389533510452664
-8.827882,27,197.231289,1.0,0.04634234644215734
-14.324486,44,197.259292,1.0,0.046467366608332825
-20.85013,94,197.321828,1.0,0.049145720818134245
-1.600056,10,197.330831,1.0,0.04539343875887864
-16.070826,63,197.733876,1.0,0.047276485341381305
-62.821432,200,197.899395,0.0,0.44652247439763737
-9.186238,31,197.920903,1.0,0.035662054221195304
-6.264176,31,197.9419,1.0,0.045556285484963294
-55.988066,200,198.059422,0.0,0.20138460078817066
-49.700692,200,198.174509,0.0,0.12074521841920924
-18.703995,35,198.196509,1.0,0.046952007626426914
-32.930214,200,198.31298,0.0,0.16400437608881308
-36.76622,174,198.412508,1.0,0.04823445818576633
-21.23943,33,198.432984,1.0,0.02884423799248445
-16.931522,64,198.469575,1.0,0.046319986038475654
-72.193894,200,198.587301,0.0,0.3900737806652537
-38.410628,182,198.692817,1.0,0.042695343881344966
-6.297558,25,198.707823,1.0,0.04690959122918861
-14.736888,48,198.736335,1.0,0.04842248878945533
-10.164916,28,198.753335,1.0,0.04651915084810861
-16.669782,38,198.775335,1.0,0.03893223156488603
-43.072977,200,198.892851,0.0,0.16868292161609094
-9.50174,37,198.914854,1.0,0.0443821092478277
-8.250393,18,198.926313,1.0,0.035898038223539215
-13.93355,48,198.954341,1.0,0.04649637734531891
-48.74829,200,199.363395,0.0,0.09341489565398695
-43.453103,192,199.488907,1.0,0.04721087463705996
-21.064628,49,199.518425,1.0,0.046837529284089324
-17.5085,59,199.554425,1.0,0.044347248813857855
-14.54588,63,199.592424,1.0,0.04952425649537529
-41.265551,200,199.710947,0.0,0.16408701008264928
-57.662154,200,199.835188,0.0,0.18915694949561257
-7.432546,50,199.869192,1.0,0.04869988997569725
-5.903177,40,199.896193,1.0,0.04876114795259399
-17.866707,110,199.967721,1.0,0.04670472111838936
-29.431604,98,200.030245,1.0,0.04063265938762854
-0.059949,1,200.03224,1.0,0.04362950767030367
-21.426898,91,200.090239,1.0,0.04851979705221675
-8.605301,39,200.112245,1.0,0.04642110045434532
-3.174517,15,200.121757,1.0,0.03222168660628472
-25.652731,53,200.153757,1.0,0.04693047121258912
-39.263564,200,200.274438,0.0,0.14453620136431172
-29.381118,131,200.352694,1.0,0.0409368948778543
-14.473164,39,200.375693,1.0,0.042388515251463074
-21.382844,30,200.393693,1.0,0.040034169689360806
-49.911758,200,200.512217,0.0,0.19158664950096524
-10.86245,43,200.831116,1.0,0.03857611567771232
-39.591438,164,200.950633,1.0,0.04814063598281586
-22.423861,60,200.99363,1.0,0.04842254845960114
-16.806943,62,201.031153,1.0,0.04823205976668068
-14.157499,27,201.047158,1.0,0.042707977716707674
-16.135022,35,201.069153,1.0,0.037894241944378175
-19.41098,52,201.100157,1.0,0.04133702496895987
-5.863679,26,201.116158,1.0,0.046242668598952985
-19.7456,59,201.150274,1.0,0.04274730778401989
-0.280471,3,201.15327,1.0,0.028930834198951635
-26.847081,127,201.227095,1.0,0.036591665780456334
-6.284486,33,201.246094,1.0,0.04532425921501025
-18.498833,46,201.273129,1.0,0.044491765736238593
-9.932309,26,201.289094,1.0,0.04888864919754581
-5.086449,25,201.304099,1.0,0.04815549665535268
-12.0001,33,201.323573,1.0,0.049589192164281225
-20.226533,81,201.370576,1.0,0.03986560335857197
-21.938387,91,201.425094,1.0,0.047685799604160105
-22.651547,30,201.443093,1.0,0.04065888567512542
-63.776417,200,201.558579,0.0,0.37541659247818254
-51.097237,200,201.675101,0.0,0.09757038650844944
-36.347044,176,201.77759,1.0,0.0497151612638033
-29.406531,194,201.886121,1.0,0.04511647039820871
-62.74872,200,202.002649,0.0,0.1970277406727356
-29.615615,86,202.325755,1.0,0.04801293244162255
-50.215331,200,202.47129,0.0,0.3858267773013587
-22.809959,62,202.516831,1.0,0.04367589859025511
-19.051422,95,202.578518,1.0,0.045573774352846375
-5.457647,36,202.602551,1.0,0.04836605428077579
-22.002867,56,202.639109,1.0,0.03336806705816396
-5.744314,18,202.652106,1.0,0.04314239197285557
-15.160341,49,202.684109,1.0,0.049399896396400515
-16.664363,88,202.745657,1.0,0.043145387852473994
-44.782808,200,202.867231,0.0,0.18409776277021977
-34.327831,143,202.954779,1.0,0.042326019961194304
-8.736608,19,202.966756,1.0,0.04887065284914361
-32.325251,123,203.043374,1.0,0.044914058021785705
-15.080284,21,203.056374,1.0,0.025234564881071564
-10.155369,63,203.09305,1.0,0.04786798210338616
-32.880991,200,203.210255,0.0,0.15306647693795292
-0.133238,2,203.212242,1.0,0.041856831815255145
-52.861668,200,203.326308,0.0,0.11269255007341213
-17.505221,46,203.351311,1.0,0.049904983592392906
-12.723201,86,203.402311,1.0,0.04459443802695616
-12.003605,36,203.423849,1.0,0.04990171619160763
-16.572615,24,203.437851,1.0,0.036810774659796805
-46.42435,200,203.554369,0.0,0.15517461808758895
-11.654893,31,203.573381,1.0,0.04367240998049818
-15.285555,41,203.892844,1.0,0.04918114518140689
-6.749092,25,203.910858,1.0,0.04622838866097178
-8.685261,40,203.940326,1.0,0.04252607626132706
-7.993924,29,203.964325,1.0,0.0497773067919739
-44.567348,190,204.090868,1.0,0.04404447536977046
-72.226914,200,204.208416,0.0,0.25078642305285503
-0.063161,1,204.210416,1.0,0.046001405887395846
-6.737743,47,204.237918,1.0,0.045783831681977714
-14.86499,55,204.270897,1.0,0.04150053296243513
-3.434587,14,204.279899,1.0,0.024446190302696635
-13.19023,40,204.30492,1.0,0.049313404838496167
-20.131566,80,204.351447,1.0,0.04588561054663135
-88.518409,200,204.469944,0.0,0.40774850792728723
-9.345005,40,204.493943,1.0,0.0405463290010502
-4.227021,31,204.510976,1.0,0.04987113134296106
-12.208101,65,204.548477,1.0,0.04496269018788118
-8.220809,56,204.580477,1.0,0.04729051086058937
-8.064724,55,204.612482,1.0,0.04911001274558269
-5.057643,32,204.630961,1.0,0.03631243093162913
-45.522432,200,204.7435,0.0,0.10844515642822172
-22.768979,162,204.83603,1.0,0.043692715075577475
-8.139681,17,204.84703,1.0,0.022478477476593147
-82.955691,200,204.965559,0.0,0.3657500099857583
-14.740514,35,204.98556,1.0,0.03707178952972523
-4.788349,15,204.99456,1.0,0.04663791165260567
-16.946714,35,205.016566,1.0,0.030535960308990775
-12.94185,34,205.036383,1.0,0.04548089725491757
-49.774383,200,205.464488,0.0,0.12256490801127178
-11.33621,61,205.507497,1.0,0.038801849559743036
-68.505236,200,205.650531,0.0,0.2600390556159727
-66.268222,200,205.769868,0.0,0.34121019218493687
-23.777825,40,205.797395,1.0,0.032936830674139085
-63.425635,200,205.914905,0.0,0.2175307399138492
-35.363438,133,205.99542,1.0,0.04922516775219356
-13.241725,53,206.027929,1.0,0.040020372205654776
-12.597897,37,206.049949,1.0,0.046793051445018025
-14.091264,23,206.063933,1.0,0.025673584108069962
-25.640085,75,206.107935,1.0,0.04523872086032532
-0.215611,2,206.109934,1.0,0.04378802695706728
-7.121922,17,206.120446,1.0,0.034601253379825295
-10.011677,32,206.139469,1.0,0.04191309977769483
-17.851574,62,206.175467,1.0,0.04720736592009054
-19.297957,61,206.211473,1.0,0.047395096627165206
-5.544459,33,206.230939,1.0,0.046918821910068284
-13.385737,48,206.258939,1.0,0.04432035832767419
-53.901229,200,206.372471,0.0,0.23049041782843321
-18.501516,27,206.38747,1.0,0.04881884673432735
-15.306588,55,206.418478,1.0,0.04392362773132917
-9.350198,21,206.430949,1.0,0.03615468187932937
-11.743642,51,206.461952,1.0,0.047554433009837596
-8.331479,30,206.47995,1.0,0.047205393019177616
-13.716889,90,206.531523,1.0,0.04496956660991944
-7.023306,21,206.544506,1.0,0.04766104471424282
-40.167002,165,206.640625,1.0,0.03767914672850245
-19.357636,60,206.995869,1.0,0.04482775222014431
-18.491284,90,207.05638,1.0,0.0465101461049852
-7.537846,33,207.07838,1.0,0.04197505881228627
-19.756368,34,207.101377,1.0,0.041762942773906166
-11.292134,33,207.122889,1.0,0.049048441907721854
-16.83182,62,207.165916,1.0,0.047650032507930935
-0.97076,8,207.171894,1.0,0.042759157356963264
-22.566984,108,207.241446,1.0,0.046555128470522976
-8.802981,35,207.262448,1.0,0.04908946873040747
-45.903634,200,207.379969,0.0,0.1705224003259237
-22.345464,109,207.444464,1.0,0.03724661675623195
-67.279341,200,207.563982,0.0,0.4288773348038053
-31.81111,142,207.646507,1.0,0.049167547541171606
-13.908251,28,207.663508,1.0,0.043297724969319176
-21.680875,58,207.697507,1.0,0.04848296374263432
-4.750897,16,207.707518,1.0,0.04647250163539033
-35.999538,200,207.818038,0.0,0.10289249463995159
-53.783943,200,207.932119,0.0,0.1598466277691351
-23.129185,26,207.948116,1.0,0.045907216300273716
-11.553823,51,207.981141,1.0,0.03930219200592787
-8.079429,26,207.99915,1.0,0.04713756230760643
-19.50496,27,208.016864,1.0,0.02501926358282049
-29.688601,108,208.095974,1.0,0.04724206945899783
-11.239766,33,208.117983,1.0,0.03326317414712985
-6.204178,42,208.144518,1.0,0.04423554908638285
-2.377686,16,208.155518,1.0,0.0398680191752385
-4.581523,41,208.181516,1.0,0.04415694544620063
-10.859651,63,208.222004,1.0,0.045707001576237874
-29.848661,125,208.638135,1.0,0.049117549820668044
-19.440846,95,208.697729,1.0,0.04640755379776278
-32.201953,124,208.777251,1.0,0.04315410938215349
-6.530143,29,208.794284,1.0,0.0471467770952179
-37.22248,200,208.912784,0.0,0.2040110329821184
-74.760522,200,209.029909,0.0,0.3634630851851432
-19.421855,70,209.07091,1.0,0.04733054220796819
-11.99049,60,209.105915,1.0,0.04941642785938258
-6.157057,36,209.127446,1.0,0.048456566347043616
-31.464641,112,209.193436,1.0,0.042770579696550015
-46.489733,200,209.312014,0.0,0.19951798793021266
-35.398089,197,209.420848,1.0,0.03145438749255278
-20.846295,69,209.458857,1.0,0.045682440089619754
-9.587249,38,209.48186,1.0,0.03658302844662472
-26.125581,92,209.534436,1.0,0.049476868283248744
-24.787766,124,209.6034,1.0,0.04554373565154466
-0.724617,5,209.606408,1.0,0.0474624995866689
-10.422155,28,209.623921,1.0,0.04136520713824586
-15.729775,46,209.650924,1.0,0.047700970645140416
-14.034224,33,209.669922,1.0,0.04179109735000374
-34.917127,153,209.758499,1.0,0.04851144696711208
-41.258583,200,210.167796,0.0,0.09024420833429703
-11.243491,33,210.188799,1.0,0.03824246059767401
-44.529373,200,210.317337,0.0,0.13883364145557656
-51.922271,200,210.438439,0.0,0.15437067754131983
-10.012848,64,210.475427,1.0,0.048091727655666675
-19.667249,45,210.503427,1.0,0.04407533832122237
-4.195258,27,210.520463,1.0,0.045130089668047664
-17.138138,89,210.57502,1.0,0.03860930327120097
-6.080417,35,210.59702,1.0,0.048598635379854
-13.551251,69,210.641541,1.0,0.042422823236377326
-22.402708,150,210.730398,1.0,0.04658458560662953
-8.008192,30,210.748398,1.0,0.047262998318413206
-11.561054,31,210.767396,1.0,0.046355724520599495
-15.28708,42,210.7944,1.0,0.04890594673807071
-11.707667,40,210.818444,1.0,0.04541964328195632
-5.540694,30,210.837973,1.0,0.04970033636380536
-0.099815,2,210.83997,1.0,0.012497615905316171
-13.070235,88,210.896997,1.0,0.04850197643105574
-5.449517,33,210.917986,1.0,0.04045512585970213
-38.541547,200,211.053045,0.0,0.1693395489020257
-8.737307,37,211.076349,1.0,0.04787913654392493
-14.42259,40,211.100346,1.0,0.04967846620636805
-25.071281,127,211.172866,1.0,0.04932625763160709
-24.429482,97,211.232853,1.0,0.04239718305157194
-48.804835,200,211.349552,0.0,0.21445573220837316
-18.179907,41,211.67862,1.0,0.03857250071584999
-18.399388,82,211.734136,1.0,0.04950777785371881
-52.99355,200,211.857656,0.0,0.20782247265953874
-17.630281,84,211.907684,1.0,0.04702027882701422
-16.3138,25,211.923234,1.0,0.04690770731245771
-9.151944,39,211.947223,1.0,0.04961910300784446
-23.601467,110,212.012229,1.0,0.043306454943180396
-40.452516,152,212.101748,1.0,0.040730065835362095
-17.806505,57,212.136027,1.0,0.0459382073880517
-22.341161,104,212.19703,1.0,0.04139389926330198
-8.556078,53,212.228552,1.0,0.04915799783372559
-7.444937,33,212.247554,1.0,0.046244871667551715
-11.321507,43,212.271553,1.0,0.0464206106325377
-48.105845,200,212.38916,0.0,0.09619604012300906
-18.919209,69,212.428674,1.0,0.042604465258810606
-35.568333,141,212.506671,1.0,0.04372770833825781
-12.858911,53,212.538221,1.0,0.041788297696927025
-2.256498,11,212.546211,1.0,0.02977948732282164
-10.488735,48,212.574213,1.0,0.04867864131707418
-7.435079,38,212.596213,1.0,0.0453057025492773
-19.270701,38,212.620214,1.0,0.04944242763028416
-9.218507,29,212.637741,1.0,0.045204417374698935
-4.347415,23,212.65174,1.0,0.04770796438654969
-12.236417,37,212.673743,1.0,0.0453759908118348
-8.150811,34,212.693743,1.0,0.045686131490951125
-26.484196,116,212.760267,1.0,0.046687636141337564
-23.959498,67,212.799274,1.0,0.04924810103205854
-21.519051,101,212.857812,1.0,0.04096666165564537
-17.079295,84,213.216439,1.0,0.04847387186769616
-10.956754,33,213.241959,1.0,0.04021583672968774
-9.909777,33,213.26996,1.0,0.048031964457927886
-40.553636,200,213.398494,0.0,0.2578453578087515
-17.819174,85,213.452372,1.0,0.04594336468111306
-54.981544,200,213.582926,0.0,0.19066583937380163
-12.485124,51,213.616943,1.0,0.04531303654075569
-21.316697,57,213.654481,1.0,0.034815578050034365
-12.282051,37,213.678478,1.0,0.043257888180214546
-18.78865,50,213.710491,1.0,0.04707354861307943
-12.782474,60,213.749033,1.0,0.04503837308622801
-5.21988,25,213.766026,1.0,0.04626115828495065
-16.054423,51,213.796023,1.0,0.04940757420494258
-11.63932,53,213.826544,1.0,0.04805218287950805
-11.393438,61,213.863545,1.0,0.03992598203469558
-19.814396,53,213.895544,1.0,0.046537947776242705
-36.170178,163,213.991657,1.0,0.044983751557963775
-22.995142,85,214.042117,1.0,0.04325648743827649
-13.670918,52,214.075654,1.0,0.041851214532012446
-44.256038,200,214.194176,0.0,0.1990866854972889
-13.089676,39,214.218215,1.0,0.047898508925213155
-22.701735,77,214.263742,1.0,0.04857951347496123
-60.217833,200,214.378249,0.0,0.328208164162784
-12.728328,52,214.408275,1.0,0.03252208772390841
-37.310582,200,214.840679,0.0,0.1531847902430924
-17.153798,54,214.882677,1.0,0.047441714462508895
-10.666198,80,214.941211,1.0,0.0487232373049307
-39.370809,200,215.059819,0.0,0.12382233061274923
-7.30783,37,215.083822,1.0,0.04399385009498509
-20.220016,51,215.114832,1.0,0.04383168188602052
-13.227543,43,215.139352,1.0,0.04941185899706051
-18.162831,24,215.153381,1.0,0.04691700507684744
-62.657001,200,215.271821,0.0,0.1933829049521979
-12.492277,22,215.285822,1.0,0.03072876675967895
-25.432304,55,215.315855,1.0,0.04956850456084226
-6.240458,33,215.334372,1.0,0.0492096260001099
-3.046006,22,215.347368,1.0,0.04650460436382606
-26.468368,112,215.411404,1.0,0.04894693626374726
-17.533234,28,215.428946,1.0,0.03245720430436617
-7.857354,32,215.447945,1.0,0.03714710540939188
-11.689097,38,215.468955,1.0,0.04935019624535957
-20.301201,105,215.528462,1.0,0.04618687663322115
-35.855509,192,215.642564,1.0,0.046444068643442464
-10.258044,44,215.669564,1.0,0.0415647528718505
-25.65064,93,215.721583,1.0,0.049458718085844414
-61.649657,200,215.83563,0.0,0.34443647855837234
-10.719852,35,215.856616,1.0,0.04603435549993199
-15.796034,64,215.894619,1.0,0.04501620284615693
-29.482374,104,215.953088,1.0,0.04348742920376216
-16.813127,55,216.323567,1.0,0.04863967912028722
-15.724855,54,216.358081,1.0,0.031829285317612574
-14.633642,97,216.426595,1.0,0.04354923971997852
-13.356672,48,216.463596,1.0,0.03219914594821686
-16.290534,50,216.4986,1.0,0.04907597085892159
-13.37711,40,216.529111,1.0,0.04600472809511008
-24.857557,109,216.598788,1.0,0.04912233164825053
-16.996546,34,216.623794,1.0,0.04383290851070397
-10.774995,27,216.642261,1.0,0.02968320229522678
-6.56065,29,216.659264,1.0,0.04055562065200973
-2.728855,17,216.670257,1.0,0.04983673239600462
-60.928821,200,216.794633,0.0,0.32531301143512836
-10.641859,25,216.810684,1.0,0.03719215862439743
-9.3529,19,216.823653,1.0,0.04982754645487362
-10.506969,37,216.845783,1.0,0.041757601546043535
-11.738133,65,216.884784,1.0,0.04955380457407228
-17.979388,61,216.921441,1.0,0.042088918841805836
-55.707448,200,217.040514,0.0,0.21151383753399455
-68.263641,200,217.160033,0.0,0.13892764904185684
-15.236346,34,217.181035,1.0,0.03981600787496795
-15.365075,38,217.204036,1.0,0.03943270172935291
-3.724241,22,217.218039,1.0,0.03296951970224332
-11.407129,64,217.256555,1.0,0.044708413995899234
-26.005695,88,217.308527,1.0,0.049242042797109316
-18.649114,132,217.385042,1.0,0.048212697936549184
-9.400955,46,217.412048,1.0,0.047702371361503466
-42.659384,200,217.530085,0.0,0.2391141580543181
-44.981455,200,217.941961,0.0,0.23308642300553353
-8.815367,43,217.969961,1.0,0.049076921172929916
-15.954151,40,217.999961,1.0,0.036433800331235174
-7.809189,26,218.015963,1.0,0.045658157969488036
-10.871611,36,218.045472,1.0,0.04200371101313532
-3.670119,15,218.058469,1.0,0.034394059543619376
-25.536326,90,218.113478,1.0,0.049039948107064094
-16.519619,39,218.135947,1.0,0.029240061283912395
-4.102078,24,218.152949,1.0,0.026108154712282672
-20.097901,67,218.19395,1.0,0.04876071124837252
-53.796188,200,218.308465,0.0,0.30368531083610184
-17.912598,51,218.339046,1.0,0.042960639564778726
-7.403555,31,218.35801,1.0,0.04958197262465909
-6.197198,31,218.376009,1.0,0.04950784822182101
-6.539401,47,218.40502,1.0,0.04277736306592767
-15.93503,49,218.433559,1.0,0.04853624583548959
-41.842812,200,218.550022,0.0,0.11129588563948462
-9.604347,48,218.578022,1.0,0.038017430617960105
-14.689987,41,218.603022,1.0,0.04781176243278482
-7.280515,30,218.622077,1.0,0.04260074665408749
-3.878717,25,218.636584,1.0,0.049496216285623854
-16.165895,66,218.677573,1.0,0.03783489644002066
-51.739185,200,218.793123,0.0,0.2833129060816931
-6.755538,31,218.812127,1.0,0.04979635139694222
-19.453183,65,218.852643,1.0,0.04328345357434306
-59.212831,200,218.967781,0.0,0.2852524055867235
-33.422101,200,219.089309,0.0,0.2841084453412871
-41.312188,200,219.572679,0.0,0.07252642978313918
-15.979426,77,219.630744,1.0,0.048949400871921005
-16.427691,64,219.681289,1.0,0.04940156905899758
-36.013318,200,219.798811,0.0,0.12472398428428655
-11.817697,34,219.819819,1.0,0.03342421800301726
-0.055585,1,219.821817,1.0,0.043221520737310434
-7.852815,32,219.83934,1.0,0.047389845315182026
-37.692134,200,219.952358,0.0,0.16027580721658266
-31.433611,107,220.015366,1.0,0.042730347921460764
-17.285404,51,220.044885,1.0,0.045521381232919454
-12.498615,41,220.068255,1.0,0.046606365984111324
-7.244799,34,220.088881,1.0,0.04838354696994287
-13.86841,41,220.11289,1.0,0.037813774169974
-1.2157,8,220.11789,1.0,0.04460455639348127
-6.631237,37,220.141401,1.0,0.03897505826933304
-28.149698,146,220.225407,1.0,0.04439924242588754
-22.100843,87,220.276904,1.0,0.04265786506702609
-16.027256,39,220.300524,1.0,0.04435002477445688
-48.584136,200,220.411976,0.0,0.2760609774746549
-5.159569,26,220.42849,1.0,0.04664520043052919
-7.73193,42,220.452492,1.0,0.04459660414310386
-24.230833,70,220.49249,1.0,0.04002534821968633
-3.453987,20,220.503492,1.0,0.04718358164795072
-10.228257,38,220.525498,1.0,0.045352714174819286
-14.560956,49,220.554017,1.0,0.03623466244735147
-15.852095,62,220.590018,1.0,0.049541540305698996
-43.474899,200,220.70454,0.0,0.15885603582813007
-16.936271,66,221.021297,1.0,0.04644005457264005
-14.30031,46,221.054809,1.0,0.04838582553265137
-26.260186,117,221.132318,1.0,0.045129456607382344
-9.952856,29,221.151319,1.0,0.04715906986431747
-41.02609,200,221.279873,0.0,0.11843131989331881
-22.257171,145,221.365416,1.0,0.04403613875484797
-11.600681,26,221.381413,1.0,0.03689677944816328
-18.112233,32,221.400414,1.0,0.04358470516352214
-24.063174,61,221.435931,1.0,0.041592803988591366
-15.684152,45,221.463934,1.0,0.04555170944316752
-23.71299,59,221.497931,1.0,0.03130082733907772
-11.6991,35,221.519936,1.0,0.041937754716032394
-10.474396,68,221.557457,1.0,0.03649602964639035
-48.30961,200,221.672685,0.0,0.15413499205657305
-9.393558,41,221.699688,1.0,0.0431398478192347
-21.995214,33,221.719694,1.0,0.03976219200492831
-16.330879,49,221.749224,1.0,0.04201667875314428
-16.48726,41,221.775222,1.0,0.04941120160637283
-20.780452,58,221.816231,1.0,0.04739091305901337
-10.988206,80,221.866813,1.0,0.047707946327581276
-3.30967,25,221.883811,1.0,0.03855385369834337
-12.566361,51,221.915814,1.0,0.04610411405218403
-5.861115,38,221.940339,1.0,0.045898811391612636
-16.329561,56,221.97533,1.0,0.045817710972629364
-16.598092,39,222.000329,1.0,0.041524185451390416
-47.892752,200,222.118871,0.0,0.23394972980783105
-21.279518,48,222.1474,1.0,0.045582953791962956
-11.557618,41,222.172404,1.0,0.03700643730708193
-10.837268,25,222.189404,1.0,0.04246309401255341
-28.844959,143,222.579953,1.0,0.0437205134688603
-24.570576,92,222.651422,1.0,0.035306761418711564
-11.268959,25,222.666421,1.0,0.04939996343325895
-13.867298,66,222.721423,1.0,0.04414047148324981
-11.650205,53,222.756937,1.0,0.04757906414732516
-18.82803,63,222.797941,1.0,0.047138797516252016
-4.358747,30,222.816949,1.0,0.043938796968062854
-39.763722,182,222.926503,1.0,0.04539372725771845
-15.727678,41,222.952037,1.0,0.04165269330845386
-16.575225,61,222.989043,1.0,0.048177211941912226
-38.911182,200,223.10224,0.0,0.11456424361277717
-14.494591,38,223.124248,1.0,0.04466190947532915
-27.963905,113,223.188767,1.0,0.04447510343358733
-15.257234,47,223.215786,1.0,0.04722398764199842
-75.479745,200,223.331792,0.0,0.1935192145455419
-22.222982,88,223.383779,1.0,0.04295973465047379
-5.941159,28,223.400807,1.0,0.043081138626007966
-51.190137,200,223.515326,0.0,0.18873564827820127
-21.900242,27,223.531831,1.0,0.0364475124988058
-59.017296,200,223.644388,0.0,0.18261481756296663
-14.409618,80,223.691388,1.0,0.04800300911787077
-16.348486,71,223.73591,1.0,0.048844952649294185
-9.835712,62,223.770921,1.0,0.0414454583597792
-5.479053,32,223.791914,1.0,0.043417792867140745
-12.249598,36,224.08748,1.0,0.04528457222594906
-13.666998,30,224.112482,1.0,0.04750092978470244
-17.768145,53,224.144996,1.0,0.04960514182903559
-16.381325,48,224.173997,1.0,0.04955138425742634
-18.657727,46,224.212996,1.0,0.04975100026530153
-12.520661,38,224.237513,1.0,0.04663844291147178
-5.101047,21,224.253511,1.0,0.040710813676143626
-15.900415,70,224.297544,1.0,0.03723116616012058
-24.053366,102,224.359069,1.0,0.04893793788480633
-9.200626,39,224.382441,1.0,0.02181305027846459
-9.688042,47,224.410437,1.0,0.04934854485194822
-10.080431,27,224.427451,1.0,0.0494567114786748
-30.395848,84,224.482669,1.0,0.045014760355855686
-21.597558,62,224.522644,1.0,0.047241316541436686
-12.830313,53,224.556131,1.0,0.03979894826989853
-5.491247,36,224.580132,1.0,0.04486920838358374
-44.487256,200,224.707662,0.0,0.16729865854731538
-17.888144,58,224.750187,1.0,0.04697985922439992
-21.376548,72,224.795154,1.0,0.042190967791147595
-6.768747,31,224.815182,1.0,0.041598332437806855
-16.202536,65,224.854748,1.0,0.04863535284898185
-5.394857,40,224.879739,1.0,0.04676504298816778
-14.005936,33,224.900724,1.0,0.04598188347945366
-47.116436,200,225.01755,0.0,0.21195464149616333
-0.69638,4,225.020558,1.0,0.033397377954108756
-27.099652,99,225.080637,1.0,0.047062171914523554
-42.369694,200,225.192747,0.0,0.1424750802549862
-26.547912,87,225.245329,1.0,0.044557743103442585
-24.508145,63,225.284301,1.0,0.04748443885260158
-24.659759,67,225.323344,1.0,0.041381438809242214
-31.330534,200,225.726459,0.0,0.16028832402020546
-7.038013,21,225.746222,1.0,0.04299513274427655
-59.046452,200,225.873801,0.0,0.2031033397148842
-52.850011,200,225.991326,0.0,0.14480475936763423
-4.577092,17,226.002328,1.0,0.04835321305794582
-45.577385,200,226.118844,0.0,0.12943596795765916
-15.831196,47,226.146368,1.0,0.03821972842500692
-9.548584,36,226.167362,1.0,0.04156211794498345
-14.382014,44,226.194358,1.0,0.0357585314415459
-30.8367,105,226.25683,1.0,0.04228044463526304
-15.84213,130,226.332353,1.0,0.04582519348018721
-24.347702,59,226.365385,1.0,0.04320740471113141
-39.587698,182,226.470876,1.0,0.04807290532361304
-19.888425,50,226.499846,1.0,0.04397066962461248
-35.44937,177,226.603379,1.0,0.04646225096161476
-63.916479,200,226.713908,0.0,0.2641723929794919
-48.205674,200,226.829943,0.0,0.14562847205275492
-62.717472,200,227.286896,0.0,0.2776487377326666
-1.468274,7,227.292895,1.0,0.04332785198956883
-13.650752,34,227.316902,1.0,0.038992014326987595
-30.999536,123,227.409443,1.0,0.04775712269919565
-30.042442,91,227.467991,1.0,0.04902207962156402
-11.96998,23,227.483994,1.0,0.04806538866367877
-12.683699,60,227.522999,1.0,0.0404340197954379
-7.251758,31,227.543517,1.0,0.047328689891912794
-10.309983,65,227.582516,1.0,0.044030744573241846
-12.225764,22,227.596514,1.0,0.04376192363633458
-2.626925,21,227.609514,1.0,0.04900586097969577
-10.550312,28,227.626571,1.0,0.04999269405551912
-0.034478,1,227.627586,1.0,0.01736999536494046
-24.795229,70,227.670073,1.0,0.047691919140987055
-7.69719,52,227.701073,1.0,0.04258357941107532
-3.473992,16,227.711071,1.0,0.045868157578885356
-12.895482,29,227.72954,1.0,0.04494319099268271
-22.899085,116,227.805149,1.0,0.04739820527120331
-4.147848,27,227.821155,1.0,0.032534139300455595
-18.722328,35,227.842257,1.0,0.04180210354371835
-13.44464,70,227.880257,1.0,0.04878730902929249
-12.058841,53,227.910841,1.0,0.03766115796487065
-26.895144,87,227.959363,1.0,0.04611289342321685
-44.595455,200,228.086887,0.0,0.27698233872388
-22.410905,29,228.10589,1.0,0.04578737091668074
-16.575883,54,228.140436,1.0,0.044520847580915644
-19.062714,36,228.163435,1.0,0.03841198082218553
-0.352655,3,228.165435,1.0,0.03838213639091513
-49.824945,200,228.284988,0.0,0.12272062929624232
-3.567219,25,228.302003,1.0,0.049389910183877096
-3.856663,23,228.315993,1.0,0.03661799592362987
-39.650726,200,228.432098,0.0,0.06125451134237612
