#{"t_start": 1774120173.8967867, "env_id": null}
r,l,t,is_success,final_distance
-106.06813,200,1.232319,0.0,1.2436303292973585
-165.206226,200,1.350196,0.0,0.9352168092142628
-109.391884,200,1.47179,0.0,0.41303978374036376
-149.853308,200,1.598297,0.0,0.641746440738397
-163.611275,200,1.717863,0.0,0.8997597311419896
-0.737788,6,1.721862,1.0,0.01920981322222045
-199.034809,200,1.832389,0.0,1.1357307132503989
-167.084045,200,1.966455,0.0,0.7659227051126467
-260.471766,200,2.078998,0.0,1.1026650413710928
-90.596236,138,2.161397,1.0,0.03212028252338383
-156.16658,200,2.275942,0.0,0.6884645983448494
-126.200642,200,2.696226,0.0,0.2077329148986266
-116.237181,200,2.833743,0.0,0.4819265115070925
-108.030713,200,2.955804,0.0,0.7195371989963225
-135.216918,200,3.080076,0.0,0.3642744119376298
-136.279006,200,3.196605,0.0,1.2040783110282425
-199.383551,200,3.312144,0.0,1.1394408603877129
-88.401685,200,3.427699,0.0,0.27994046197276995
-62.217083,127,3.506224,1.0,0.0478168302107528
-63.994358,184,3.621776,1.0,0.0491886984249608
-111.146828,200,3.747231,0.0,0.5187403706707835
-142.41191,200,3.867338,0.0,0.7031916363038253
-114.109321,200,4.378574,0.0,0.6137674889940933
-85.675417,200,4.515088,0.0,0.09924000239109136
-81.201947,200,4.631635,0.0,0.4006777360095593
-129.480915,200,4.746175,0.0,0.4813929556237839
-69.742516,200,4.86122,0.0,0.1717842193102383
-115.061915,200,4.973729,0.0,0.168518365291536
-111.509408,200,5.095247,0.0,0.39104834447181414
-111.821126,200,5.206797,0.0,0.747202608841717
-94.987618,200,5.321358,0.0,0.5232460840839949
-140.31341,200,5.436885,0.0,0.6294775565858893
-66.9336,200,5.85852,0.0,0.4304853142249867
-97.474367,200,5.996034,0.0,0.15628918122820923
-105.186361,200,6.115554,0.0,0.7388495664538998
-88.845041,200,6.236876,0.0,0.3538493519375991
-90.456906,200,6.364916,0.0,0.40996316543739025
-119.473286,200,6.49491,0.0,0.45029168058524
-58.335833,129,6.574419,1.0,0.0432745712887632
-76.364518,200,6.688701,0.0,0.5314641440698522
-0.330496,3,6.691704,1.0,0.024384214498954244
-141.573973,200,6.808251,0.0,0.24961999782180103
-115.71358,200,6.927343,0.0,0.2750187752464549
-86.098324,200,7.038872,0.0,0.7297028792463445
-52.080596,108,7.397947,1.0,0.027097247322512525
-93.915011,200,7.546476,0.0,0.2626630262569412
-96.088507,200,7.664512,0.0,0.3613524463257542
-104.051545,200,7.781355,0.0,0.3416447171557075
-99.360495,200,7.903343,0.0,0.8330526993660922
-36.702451,100,7.96086,1.0,0.04017849299977618
-93.198121,166,8.058421,1.0,0.0467293011477011
-109.821204,200,8.168905,0.0,0.4573159249770119
-142.573226,200,8.281074,0.0,0.5424163993620498
-134.209731,200,8.392572,0.0,0.709701574705579
-119.674721,200,8.504122,0.0,0.6984937399778735
-92.186241,200,8.919327,0.0,0.27597363200399866
-93.135448,200,9.067364,0.0,0.5835128006547836
-120.049932,200,9.199358,0.0,0.41847392382195503
-92.589407,200,9.321941,0.0,0.35525044045637877
-49.358418,142,9.404426,1.0,0.03127467144299182
-64.794316,124,9.477682,1.0,0.03761614738828707
-91.747126,200,9.594729,0.0,0.7609449458030992
-109.638653,200,9.706839,0.0,0.42516628519963867
-47.077757,86,9.756847,1.0,0.048054814254268274
-44.515649,121,9.825356,1.0,0.04573692383548877
-98.897159,200,9.936911,0.0,0.33227532623997774
-149.205911,200,10.051447,0.0,0.5394045548510146
-119.360206,200,10.486049,0.0,0.4732805033521935
-106.830888,200,10.610421,0.0,0.6609000357702358
-106.82649,200,10.734956,0.0,0.5742994172537799
-37.634436,85,10.785473,1.0,0.038740389337445606
-5.12068,23,10.798494,1.0,0.03582926596630316
-138.618047,200,10.90999,0.0,0.43697318441800953
-151.190987,200,11.022513,0.0,0.7348803785008384
-119.257884,200,11.140041,0.0,0.8402933551346792
-9.769931,54,11.170251,1.0,0.042347313569761416
-136.807184,200,11.28483,0.0,0.525633888922763
-91.096457,200,11.399377,0.0,0.5396090830535425
-45.014139,42,11.424377,1.0,0.04755892254355636
-23.210216,80,11.470776,1.0,0.040977035268709945
-83.957971,161,11.558299,1.0,0.03564747774120257
-9.290328,23,11.572306,1.0,0.04839134121443405
-137.770642,200,12.036272,0.0,0.6705811988161041
-105.203245,200,12.172328,0.0,0.38979788649069114
-86.508919,200,12.292753,0.0,0.22366758854470886
-78.447084,200,12.409882,0.0,0.26285395049702603
-96.465954,200,12.524996,0.0,0.6872127224665849
-110.553317,200,12.637506,0.0,0.4071876849549152
-105.441073,200,12.752081,0.0,0.6640727273475799
-122.67235,200,12.866131,0.0,0.7468877464925118
-113.190622,200,12.981654,0.0,0.558048102372441
-131.39519,200,13.09712,0.0,0.8945354882799942
-121.382077,200,13.49405,0.0,0.6520264142311724
-67.984662,132,13.587559,1.0,0.0430510855133361
-75.447242,200,13.705066,0.0,0.20489544385534053
-116.713211,200,13.818564,0.0,0.7853967265558155
-105.130464,200,13.934005,0.0,0.5769080979033984
-165.171799,200,14.049566,0.0,0.7261956166309953
-117.747436,200,14.165537,0.0,0.6000113754315956
-147.471637,200,14.279076,0.0,0.8493523383725531
-0.220918,2,14.281054,1.0,0.047989778903818926
-128.490534,200,14.395571,0.0,0.8354868728004818
-125.668262,200,14.522087,0.0,0.7130210266246821
-88.362446,200,14.961448,0.0,0.68444744918521
-88.300941,200,15.113334,0.0,0.44308744328582683
-81.802247,200,15.24104,0.0,0.41356156194145977
-103.651706,200,15.352572,0.0,0.1971338439601256
-91.305279,200,15.466638,0.0,0.5968644282815835
-122.01262,200,15.585213,0.0,0.46399227566084084
-112.254634,200,15.701742,0.0,0.4306906875253298
-166.155174,200,15.821286,0.0,0.7705343951334551
-129.727649,200,15.93783,0.0,0.7765236886033525
-101.465388,200,16.049023,0.0,0.3807525858392168
-96.515757,200,16.163099,0.0,0.3302569609468671
-105.391451,200,16.589226,0.0,0.2730298339876646
-17.671349,60,16.636225,1.0,0.04064513869737819
-115.963844,168,16.742739,1.0,0.04088059123127098
-74.860515,200,16.858271,0.0,0.3465647481421293
-97.749836,200,16.9753,0.0,0.5695720532561109
-45.706307,67,17.014297,1.0,0.031688330814352746
-60.293642,138,17.095818,1.0,0.04445645730043954
-91.150732,200,17.210399,0.0,0.28654671862347175
-140.495575,200,17.33225,0.0,0.8388976105331696
-92.908831,200,17.455819,0.0,0.6146045709395276
-110.851205,200,17.580888,0.0,0.24499336041879258
-104.913342,200,17.697405,0.0,0.5443704185069166
-103.8808,200,18.129699,0.0,0.4364753414449821
-86.065764,200,18.263265,0.0,0.6083577757711389
-107.078399,200,18.382782,0.0,0.679077057481863
-105.792823,200,18.496302,0.0,0.5964911915803933
-22.067511,64,18.533302,1.0,0.04691418096178928
-109.033055,200,18.649766,0.0,0.8120631534777848
-8.687149,20,18.662295,1.0,0.038098650896480325
-99.996543,200,18.773565,0.0,0.30440885558437697
-121.90059,200,18.888165,0.0,0.7965367471866257
-98.176313,200,19.002681,0.0,0.7825616211729556
-98.648533,200,19.117175,0.0,0.6049292118299333
-140.890208,200,19.233706,0.0,0.8629342196351134
-95.253173,200,19.688318,0.0,0.42853964021032037
-76.577745,161,19.791843,1.0,0.034369378749331485
-88.809819,200,19.910378,0.0,0.5926417080788633
-113.848278,200,20.031583,0.0,0.7299775731349432
-114.450165,200,20.158179,0.0,0.6714104587322096
-73.892562,121,20.23674,1.0,0.043815307299350126
-104.133752,200,20.35929,0.0,0.29823793322591086
-114.018859,200,20.473053,0.0,0.784784660213853
-78.320814,136,20.557852,1.0,0.04708476394508815
-75.176524,200,20.675039,0.0,0.6212438090640516
-161.809925,200,20.787567,0.0,0.9203883781642065
-38.395708,92,21.128105,1.0,0.04224322512731199
-38.228821,75,21.182616,1.0,0.023402551640235244
-118.977322,200,21.317142,0.0,0.42883498707799034
-23.286383,34,21.338142,1.0,0.027629231089833634
-69.653011,200,21.452608,0.0,0.8314853039570416
-32.372203,85,21.503112,1.0,0.03950927432802756
-0.091471,2,21.505141,1.0,0.02748195869233083
-120.397268,200,21.619657,0.0,0.32150067827686035
-93.619941,200,21.735178,0.0,0.36839879951613924
-138.556359,200,21.848708,0.0,0.640293649970834
-68.833162,200,21.959184,0.0,0.25164143509364856
-80.178836,200,22.071152,0.0,0.22177191765690163
-97.341218,200,22.18468,0.0,0.39144428088406674
-118.139648,200,22.298204,0.0,0.25353463235726126
-99.285325,200,22.732707,0.0,0.5194684985505678
-146.766213,200,22.879786,0.0,0.7790608467229642
-23.563245,59,22.917788,1.0,0.03465841082556535
-98.530583,200,23.04224,0.0,0.42606642887807067
-15.496455,48,23.072782,1.0,0.04531636317240156
-112.948729,200,23.188312,0.0,0.8327519069307726
-113.286071,200,23.308603,0.0,0.8808046811360213
-108.207693,200,23.425328,0.0,0.5903560433451358
-129.728488,200,23.540871,0.0,0.8444996086559184
-87.759733,200,23.651359,0.0,0.19648859232305144
-151.851285,200,23.761888,0.0,0.8934613604349199
-101.099293,200,24.174982,0.0,0.3180667002126518
-27.791698,75,24.230984,1.0,0.04177097051093648
-116.015362,200,24.363022,0.0,0.8309885185444449
-88.69716,200,24.481547,0.0,0.5172378547154745
-124.785515,200,24.599104,0.0,0.7050826114931434
-93.897538,200,24.713606,0.0,0.31619247869114075
-104.787915,200,24.825123,0.0,0.603091920870506
-70.73129,200,24.939692,0.0,0.12741317269724997
-76.588944,200,25.050212,0.0,0.7793851143091357
-115.645972,200,25.163283,0.0,0.34550431829579065
-119.056991,200,25.274827,0.0,0.8573067904403973
-81.99848,200,25.705635,0.0,0.4189111447800729
-62.235505,103,25.787206,1.0,0.02578196936376237
-121.128268,200,25.930732,0.0,0.6693796371280568
-30.372675,81,25.985305,1.0,0.04229559872455343
-91.305887,200,26.107974,0.0,0.5996917344347035
-62.911427,120,26.178279,1.0,0.043337716834783734
-111.029132,200,26.291735,0.0,0.07071097502018017
-101.942971,200,26.407317,0.0,0.7289037189007652
-85.486042,200,26.518805,0.0,0.6997136690687614
-89.429626,200,26.633387,0.0,0.3150417629802292
-3.750148,24,26.648356,1.0,0.04349805386183925
-99.516845,200,26.763335,0.0,0.6025571926679208
-131.781994,200,26.879949,0.0,0.7805132472155051
-99.936779,200,27.295591,0.0,0.33344257031337493
-71.179616,200,27.424109,0.0,0.35374114126085254
-8.178707,18,27.436134,1.0,0.03624733135469709
-100.14596,200,27.553662,0.0,0.4798254271066166
-128.1148,200,27.668708,0.0,0.7515209239709968
-86.804714,200,27.785234,0.0,0.5158862720315834
-132.134587,200,27.896759,0.0,0.8378393661537533
-88.582995,200,28.008228,0.0,0.42813008127380037
-128.195024,200,28.124789,0.0,0.7459894165995462
-85.239783,200,28.236392,0.0,0.5858186003830199
-88.409039,200,28.36294,0.0,0.5496348408798806
-106.890945,148,28.812577,1.0,0.040660837088484954
-86.005114,200,28.965562,0.0,0.49072054689505273
-39.265501,69,29.007142,1.0,0.038765883531389426
-37.488615,74,29.051739,1.0,0.04675437002139388
-8.39526,18,29.06272,1.0,0.030394495392243443
-19.007891,67,29.099233,1.0,0.041171890117763045
-117.303256,200,29.215752,0.0,0.5258942480639973
-114.727212,200,29.32929,0.0,0.7769579150119552
-38.220794,50,29.358294,1.0,0.049440315631863525
-52.368072,101,29.415797,1.0,0.04950817341090045
-137.494445,200,29.527323,0.0,0.9541520671144751
-79.523506,200,29.639933,0.0,0.3571077498364329
-81.805016,200,29.75146,0.0,0.3600058241336322
-146.260067,200,29.862932,0.0,0.8456593120758455
-115.163275,200,30.259015,0.0,0.6855145153828984
-0.418771,3,30.262018,1.0,0.030818960192485947
-96.988364,200,30.39407,0.0,0.48382637257223604
-124.18376,200,30.524642,0.0,0.7794887203682226
-79.307232,200,30.638177,0.0,0.30194102970748143
-11.06494,20,30.651191,1.0,0.0333323779922307
-82.613199,200,30.766208,0.0,0.37853619170225045
-80.434392,200,30.885782,0.0,0.46863246075149856
-10.926227,46,30.913792,1.0,0.04633515355344224
-84.723181,200,31.023109,0.0,0.46756029996781523
-0.035467,1,31.024111,1.0,0.035325280687593344
-116.89676,200,31.142186,0.0,0.2799579431724133
-87.651813,200,31.265228,0.0,0.5101054636091807
-109.583026,200,31.390763,0.0,0.7539362646986851
-36.92041,74,31.436981,1.0,0.037911434808525095
-33.503144,49,31.466497,1.0,0.028398459927744254
-106.772657,200,31.91873,0.0,0.6997223322474987
-93.759882,200,32.050239,0.0,0.26628568770521294
-104.193345,200,32.17228,0.0,0.6435415267002657
-12.165806,53,32.20528,1.0,0.03951551612460553
-24.603429,45,32.232282,1.0,0.01891854607365241
-20.680489,56,32.266851,1.0,0.049819585414223884
-20.763789,60,32.302851,1.0,0.04127128493619584
-91.661738,200,32.415415,0.0,0.5645792764531868
-80.081223,200,32.527935,0.0,0.3533736354196943
-25.272151,50,32.557941,1.0,0.044548430892837984
-124.492257,200,32.671995,0.0,0.8239763895600813
-85.456821,200,32.785525,0.0,0.49587084707196183
-43.533789,74,32.827523,1.0,0.048761802763918664
-103.022137,200,32.938072,0.0,0.5048159008264226
-89.757999,200,33.324502,0.0,0.315373613679863
-95.494534,200,33.466022,0.0,0.47931072034724714
-3.993214,14,33.477533,1.0,0.04847867889044634
-148.306042,200,33.600117,0.0,0.8822603652466207
-102.886786,200,33.714687,0.0,0.7149352564066613
-136.586516,200,33.832232,0.0,0.7478920937133866
-40.323753,81,33.888742,1.0,0.04702511731458879
-80.692645,200,34.033342,0.0,0.4191265197934031
-98.786437,200,34.161402,0.0,0.3972967595988734
-85.482416,200,34.278317,0.0,0.43615564067180884
-124.766445,200,34.394134,0.0,0.7016606697691952
-88.545706,200,34.507869,0.0,0.46792763400628307
-103.858687,200,34.92028,0.0,0.5689252301175063
-90.848681,200,35.064595,0.0,0.26581926766537783
-3.568243,13,35.074111,1.0,0.03264471038496202
-79.05743,200,35.191651,0.0,0.346033585508996
-92.270396,200,35.303162,0.0,0.5249806425611453
-9.059198,38,35.326162,1.0,0.033106398342605564
-1.238144,13,35.334159,1.0,0.046545737207582934
-93.653505,200,35.449686,0.0,0.5014477789065398
-8.217459,20,35.46072,1.0,0.04598443544275526
-4.810484,20,35.473208,1.0,0.047545625070225195
-116.31717,200,35.587722,0.0,0.7642156952818303
-22.825683,57,35.618757,1.0,0.03569465008428657
-77.342809,200,35.733242,0.0,0.2831797441002142
-28.115671,68,35.772767,1.0,0.03886096488133181
-41.184647,69,35.810767,1.0,0.046825105397795205
-84.819317,132,35.885381,1.0,0.04909365241976261
-126.79838,200,35.998667,0.0,0.7651525555581219
-100.838922,200,36.398502,0.0,0.5489436763747153
-41.382134,68,36.452797,1.0,0.04462723240068264
-147.703927,200,36.598841,0.0,0.851817232797932
-99.016026,200,36.727376,0.0,0.5161236462648934
-91.84165,200,36.853906,0.0,0.5596927249811586
-17.771747,48,36.883446,1.0,0.047466766651757454
-120.256835,200,37.002974,0.0,0.6629647094596925
-125.262175,200,37.1201,0.0,0.6646216770381853
-136.130518,200,37.233824,0.0,0.8609620955423982
-1.937078,8,37.23982,1.0,0.011667962824638396
-96.783425,200,37.353367,0.0,0.4563078776043815
-121.691816,200,37.466608,0.0,0.7087289743681331
-98.552988,200,37.582167,0.0,0.49146841106091943
-37.606086,68,37.909952,1.0,0.03897929957861413
-120.50298,200,38.055467,0.0,0.7844065066644667
-37.225595,76,38.113976,1.0,0.040551486301168754
-78.616926,200,38.229456,0.0,0.35515276657869643
-15.486431,26,38.24545,1.0,0.029846965521629732
-104.439158,200,38.361383,0.0,0.6824160575330819
-42.695402,88,38.409897,1.0,0.04886924061141218
-154.818592,200,38.52442,0.0,0.9775851381493594
-104.517271,200,38.636969,0.0,0.5929985850061521
-49.19901,98,38.692484,1.0,0.03933403334592153
-14.84529,55,38.723484,1.0,0.031001511622313974
-106.557387,200,38.837003,0.0,0.5717760207004046
-136.212236,200,38.948554,0.0,0.7596801352725513
-70.318427,200,39.059983,0.0,0.3016999997003361
-113.616855,200,39.521582,0.0,0.5487299440752744
-96.061652,200,39.66513,0.0,0.5549231674038911
-13.214724,40,39.689643,1.0,0.03636902137813817
-124.344663,200,39.813074,0.0,0.7690377365538044
-160.886536,200,39.936285,0.0,0.9145743453668512
-103.24028,200,40.050013,0.0,0.19205590800831374
-127.847544,200,40.165586,0.0,0.7182965794209794
-18.102613,42,40.190089,1.0,0.04494215757593204
-125.247632,200,40.300586,0.0,0.7550581377116582
-125.121495,200,40.417493,0.0,0.6760695918992013
-71.4918,200,40.53751,0.0,0.3366954730100708
-11.908386,34,40.558518,1.0,0.04978948552281104
-42.327973,91,40.609029,1.0,0.0383840122307553
-100.356702,200,41.0061,0.0,0.6278482824235397
-65.238269,200,41.160641,0.0,0.3879864497057439
-70.656569,200,41.27873,0.0,0.29769169977595367
-122.505913,200,41.394303,0.0,0.6488699750909178
-73.180657,200,41.508831,0.0,0.30587939479739346
-37.377678,68,41.551823,1.0,0.049306016970223965
-26.524526,65,41.590397,1.0,0.04545368423352421
-94.009806,200,41.702933,0.0,0.4633524483322263
-22.902941,41,41.724938,1.0,0.034655829572690505
-78.874888,200,41.840439,0.0,0.42448824015966075
-101.496044,200,41.95352,0.0,0.48072945228882646
-23.045476,57,41.984118,1.0,0.04920864747452484
-20.29815,62,42.019069,1.0,0.041001533820010455
-21.338475,59,42.056084,1.0,0.028868713803261486
-77.047421,200,42.185146,0.0,0.35371358241011497
-130.088113,200,42.67052,0.0,0.7181344929982482
-85.326682,200,42.803193,0.0,0.4751196117090442
-31.6052,56,42.834224,1.0,0.049913173750461434
-148.58328,200,42.948726,0.0,0.8849319543277393
-2.409495,9,42.955752,1.0,0.04181713928941199
-81.791533,200,43.069255,0.0,0.3770648162611073
-15.871547,50,43.097766,1.0,0.04492663495972457
-16.303814,46,43.124767,1.0,0.03812207494650942
-41.746311,88,43.173775,1.0,0.04857170739194443
-113.189568,200,43.28941,0.0,0.7273469902237404
-120.418064,200,43.400951,0.0,0.6948131025279367
-3.983521,15,43.409944,1.0,0.02143429379941082
-89.820858,200,43.522436,0.0,0.6001628960045983
-84.50238,200,43.635972,0.0,0.455401859751065
-0.436635,3,43.637974,1.0,0.029362034674024814
-40.768354,73,43.68149,1.0,0.04271537265523039
-159.709049,200,44.100422,0.0,0.9064839047607013
-89.523224,200,44.242966,0.0,0.428341983469191
-58.785641,200,44.36827,0.0,0.2136896638176329
-25.724455,58,44.404788,1.0,0.039765725550382006
-71.393142,200,44.5243,0.0,0.2948721525933325
-158.540433,200,44.64334,0.0,0.9684367622106191
-74.688041,200,44.760868,0.0,0.37058342663563854
-59.823523,200,44.877864,0.0,0.13963408725711116
-50.6878,90,44.9319,1.0,0.03459897042820799
-74.526177,200,45.058338,0.0,0.3957101304607288
-110.503603,200,45.184422,0.0,0.7287973114275361
-22.848385,31,45.203431,1.0,0.03648656516969308
-7.208396,33,45.223417,1.0,0.048852906126347406
-103.012854,200,45.637686,0.0,0.6849029685189584
-141.723125,200,45.788694,0.0,0.7550949100858335
-80.326804,200,45.911245,0.0,0.4600879258278719
-110.159849,200,46.029785,0.0,0.5429375349640948
-76.582548,200,46.149358,0.0,0.40665915646709666
-87.267645,200,46.264875,0.0,0.49932139723688246
-122.269339,200,46.377905,0.0,0.6976253541937708
-6.647008,32,46.396905,1.0,0.042969172652320774
-127.270608,200,46.509465,0.0,0.7559741388695088
-68.491422,200,46.624006,0.0,0.26971711154322264
-128.187468,200,46.734565,0.0,0.753790473332707
-134.518789,200,47.156676,0.0,0.8025034948630829
-115.498029,200,47.292228,0.0,0.6819448385016479
-2.171882,9,47.29823,1.0,0.03737847809034505
-98.768112,200,47.421232,0.0,0.5654880471633819
-3.962419,18,47.433232,1.0,0.04772219761828137
-132.261594,200,47.547133,0.0,0.8314242789247841
-14.187646,27,47.563283,1.0,0.033288443459198604
-96.969514,200,47.689304,0.0,0.5964596278711642
-110.347522,200,47.814764,0.0,0.6787603855807621
-46.410348,82,47.866771,1.0,0.02819196212949482
-75.050345,200,47.983808,0.0,0.33348343915371936
-105.651752,200,48.101043,0.0,0.5920453796100642
-14.734154,33,48.12086,1.0,0.04607283789048068
-5.818173,31,48.14086,1.0,0.03790891103308744
-7.143412,24,48.155863,1.0,0.04451792687469385
-99.680764,200,48.271889,0.0,0.3776657265846063
-102.223547,200,48.383916,0.0,0.6038126286563952
-34.490503,66,48.713606,1.0,0.04318454291000312
-135.876777,200,48.843123,0.0,0.8305189649132242
-118.805035,200,48.967638,0.0,0.6223990549307338
-88.921272,200,49.085655,0.0,0.42391974684757927
-113.855109,200,49.197243,0.0,0.6513483437176819
-0.175791,2,49.199219,1.0,0.026071109903459327
-11.000899,45,49.225219,1.0,0.046189839407784025
-84.902786,200,49.341772,0.0,0.453464125309011
-112.308037,200,49.451348,0.0,0.6607275845178266
-102.788123,200,49.564919,0.0,0.5507560856804399
-8.711077,36,49.586221,1.0,0.04258952779816078
-77.223086,200,49.702735,0.0,0.38362860753940775
-78.5534,200,49.816261,0.0,0.4427093711557454
-155.670183,200,50.237453,0.0,0.9231618183304854
-58.791459,200,50.402528,0.0,0.23745813172877658
-100.332281,200,50.532993,0.0,0.5875188313460626
-114.872262,200,50.66855,0.0,0.6639328887371879
-159.437879,200,50.785696,0.0,0.9332358692318212
-144.925371,200,50.903992,0.0,0.8324945219913158
-58.136601,200,51.019629,0.0,0.2710159606444051
-0.750172,4,51.022661,1.0,0.045994375059562456
-99.792598,200,51.135197,0.0,0.538203826946805
-80.657934,200,51.250492,0.0,0.44354013916817653
-150.223979,200,51.366026,0.0,0.873827760334234
-0.048904,1,51.367026,1.0,0.04876284502558687
-1.723593,9,51.373046,1.0,0.04741511685838463
-99.523295,200,51.799351,0.0,0.5641284693802203
-15.131232,48,51.829356,1.0,0.04480876839665779
-11.553499,25,51.849352,1.0,0.035154729412837586
-82.681591,200,51.990376,0.0,0.4176176199912414
-101.46605,200,52.107946,0.0,0.6249732582677066
-112.611593,200,52.223135,0.0,0.7045759629231025
-106.76455,200,52.339659,0.0,0.6334179949594317
-23.25059,55,52.372665,1.0,0.0477282371866574
-81.515629,200,52.48366,0.0,0.273845189452447
-18.353046,46,52.510673,1.0,0.04490852568871239
-84.210469,200,52.624182,0.0,0.4475505978246401
-84.95669,200,52.740686,0.0,0.47484501343254154
-126.823563,200,52.852839,0.0,0.7462539103912982
-4.575849,16,52.862852,1.0,0.040632948950008116
-78.501223,200,52.977381,0.0,0.414473529733167
-29.491956,62,53.350866,1.0,0.04160428377254956
-81.771573,200,53.494907,0.0,0.35542529180755056
-130.816591,200,53.621424,0.0,0.7227515252929019
-72.499796,200,53.743046,0.0,0.23547292980776421
-80.335776,200,53.861857,0.0,0.3926707489944238
-128.4126,200,53.975432,0.0,0.7357783566754614
-90.655,200,54.089278,0.0,0.5636457688645788
-104.775205,200,54.201014,0.0,0.6338285431341576
-17.322679,30,54.219014,1.0,0.030497602897305093
-29.6051,50,54.249014,1.0,0.04140568644100798
-81.225137,200,54.362536,0.0,0.3795496183018923
-100.589019,200,54.474091,0.0,0.562132067078251
-30.935049,69,54.513554,1.0,0.03992763806360849
-5.090412,31,54.532578,1.0,0.046098480324692014
-72.33183,200,54.957282,0.0,0.3326845309228598
-150.096113,200,55.081383,0.0,0.9063735186971263
-77.222874,200,55.199901,0.0,0.2734170775796707
-2.775457,10,55.206902,1.0,0.044611588727180664
-10.165609,40,55.230902,1.0,0.03326202224443136
-77.834386,200,55.345449,0.0,0.3963741025816038
-7.015721,29,55.363444,1.0,0.04149648394807403
-125.986185,200,55.478034,0.0,0.6897893076173675
-96.044975,200,55.594509,0.0,0.6506630450274574
-24.330865,61,55.630513,1.0,0.030899375177587365
-113.661973,200,55.742988,0.0,0.6755636507141132
-3.430815,13,55.750992,1.0,0.04592810887750825
-30.695091,64,55.787536,1.0,0.04329910862441108
-109.421675,200,55.906656,0.0,0.6175944882595295
-154.392806,200,56.031245,0.0,0.899200378700145
-133.267949,200,56.527095,0.0,0.794031672370021
-84.18344,200,56.669186,0.0,0.5286011868750259
-18.544025,26,56.684675,1.0,0.040090884450436556
-24.499747,51,56.714678,1.0,0.039938837958871244
-0.8618,6,56.718677,1.0,0.017896224671909197
-74.213607,200,56.833218,0.0,0.2728139938356216
-9.560562,22,56.84722,1.0,0.038236819068526905
-88.300807,200,56.959645,0.0,0.4189809060500611
-120.571022,200,57.076184,0.0,0.6925859012197947
-106.629398,200,57.185199,0.0,0.5279818695627911
-91.44999,200,57.299721,0.0,0.40029006529857064
-89.430082,200,57.415244,0.0,0.5102399010345867
-64.751972,200,57.52574,0.0,0.33972104579913903
-103.438702,200,57.94082,0.0,0.5626983561286455
-28.354833,43,57.968823,1.0,0.039739228764450525
-90.84839,200,58.100853,0.0,0.5577042872400974
-82.080925,200,58.222941,0.0,0.42403998551829997
-115.908668,200,58.350434,0.0,0.676252801402601
-102.98675,200,58.462902,0.0,0.610847671326743
-95.565711,200,58.578468,0.0,0.4481318217698046
-64.020489,200,58.696449,0.0,0.2617625303084138
-2.381202,9,58.702453,1.0,0.037726311872771714
-113.184061,200,58.829995,0.0,0.6692438948736157
-82.226574,200,58.960447,0.0,0.4426405627197003
-89.076532,200,59.074717,0.0,0.5303222670736956
-105.047303,200,59.509099,0.0,0.6402019628968353
-152.819274,200,59.635827,0.0,0.9021601264596627
-61.841,200,59.760399,0.0,0.264240174513881
-87.836124,200,59.883497,0.0,0.45588937135358465
-95.227008,200,59.997041,0.0,0.42301925391396894
-83.685456,200,60.11057,0.0,0.36765546701924745
-18.746663,30,60.128597,1.0,0.03683816575317899
-146.229996,200,60.242105,0.0,0.9161151806709016
-78.162643,200,60.353693,0.0,0.4338257313435146
-139.184405,200,60.467179,0.0,0.8545997419529574
-144.311376,200,60.579753,0.0,0.8321786577595124
-160.170131,200,60.692775,0.0,0.9310897442915392
-79.050567,200,61.147637,0.0,0.4543962160128252
-40.426764,73,61.198157,1.0,0.03317114940294604
-120.583964,200,61.319333,0.0,0.7530676147730656
-0.819682,5,61.32433,1.0,0.014327040365295031
-5.324194,19,61.336361,1.0,0.028820937517651985
-127.363508,200,61.462881,0.0,0.735253759200839
-31.376477,72,61.508378,1.0,0.038847156474495735
-11.745783,52,61.541379,1.0,0.04810084416083417
-119.375844,200,61.665912,0.0,0.7454486859214942
-130.974186,200,61.785007,0.0,0.7143452683920855
-77.680006,200,61.90863,0.0,0.2855178598261637
-0.155614,2,61.910654,1.0,0.021797613289850283
-73.165357,200,62.026752,0.0,0.285963941732459
-0.021209,1,62.028751,1.0,0.021093433310035284
-141.715234,200,62.141275,0.0,0.8942087461727543
-72.992334,200,62.252788,0.0,0.36106729189829057
-127.929167,200,62.668188,0.0,0.7810160581203274
-151.576436,200,62.805768,0.0,0.8488057837698998
-144.504559,200,62.920314,0.0,0.8224994360824923
-29.965049,42,62.947286,1.0,0.04862327120044812
-0.150954,2,62.949275,1.0,0.04008006705551222
-129.962415,200,63.066831,0.0,0.7485032309029406
-11.720018,40,63.090353,1.0,0.04501323400988384
-12.352495,25,63.105342,1.0,0.04658906137777494
-19.811155,57,63.138345,1.0,0.03943169046934162
-85.272931,200,63.253864,0.0,0.35431965512040153
-54.057393,200,63.369799,0.0,0.2135092851490136
-99.17407,200,63.485774,0.0,0.5153292182988426
-24.561736,37,63.50779,1.0,0.04769693702724958
-3.246972,22,63.521776,1.0,0.04857401500375319
-162.622307,200,63.635248,0.0,0.9528168757065936
-7.103702,17,63.646246,1.0,0.03301339607428116
-10.017141,34,63.665248,1.0,0.03676519327000876
-20.810986,50,63.69388,1.0,0.03285018891550043
-85.988147,200,64.114923,0.0,0.4643179711696882
-92.646324,200,64.281444,0.0,0.468436045643344
-66.252387,200,64.422468,0.0,0.3278336883966073
-98.268322,200,64.551983,0.0,0.6839343531264231
-102.8892,200,64.674864,0.0,0.6963856754150903
-134.311235,200,64.789279,0.0,0.8180514187630183
-48.812138,82,64.83686,1.0,0.030003244878699667
-8.956252,20,64.848877,1.0,0.026255338630733677
-8.564586,31,64.86686,1.0,0.042495003930741466
-78.337766,200,64.983386,0.0,0.1374971175855405
-23.910343,67,65.020878,1.0,0.045528374543322835
-68.658872,200,65.133262,0.0,0.4007578294081064
-68.420378,200,65.247812,0.0,0.2952918211583707
-91.744054,200,65.656842,0.0,0.4951725218997771
-129.16919,200,65.777363,0.0,0.7649620642684344
-3.233909,13,65.787881,1.0,0.04827447681172933
-115.442441,200,65.925389,0.0,0.7141522140547573
-7.126133,18,65.93639,1.0,0.04882984876733804
-86.335691,200,66.052923,0.0,0.28104910115620607
-94.524927,200,66.167493,0.0,0.5108136169794455
-111.223269,200,66.284038,0.0,0.6381331325450607
-3.579171,11,66.291573,1.0,0.030394335820681406
-40.104389,78,66.335543,1.0,0.04476296094846826
-71.408518,200,66.447956,0.0,0.19391026381119392
-82.666522,200,66.565476,0.0,0.3111347078657927
-4.231866,12,66.573472,1.0,0.028000127904918088
-140.327954,200,66.688586,0.0,0.7823114372432317
-33.613131,66,66.727585,1.0,0.03392619534186502
-0.674165,4,66.730586,1.0,0.03588018251994789
-76.888113,200,66.84214,0.0,0.3686364963520135
-102.363961,200,67.305756,0.0,0.6681681709681955
-32.99203,64,67.357756,1.0,0.0363686866314357
-90.655636,200,67.489001,0.0,0.5936010424724182
-101.560863,200,67.605263,0.0,0.43935355216573213
-82.938279,200,67.718783,0.0,0.38528616812175237
-101.772523,200,67.834331,0.0,0.5923042349759309
-111.893629,200,67.949779,0.0,0.7205542548581318
-72.879662,200,68.063332,0.0,0.34511085595182966
-87.347964,200,68.173808,0.0,0.6265426901550487
-68.319242,200,68.287843,0.0,0.17119834283498772
-18.439915,51,68.316847,1.0,0.04518326824190245
-85.509198,200,68.718816,0.0,0.4244179572847651
-76.628369,200,68.852331,0.0,0.5000280834674558
-30.543618,63,68.890839,1.0,0.046912520282430994
-0.048219,1,68.891838,1.0,0.0480776418209143
-6.629577,34,68.912845,1.0,0.04798682384406161
-29.127822,68,68.954845,1.0,0.04689613343595651
-86.307323,200,69.073406,0.0,0.6345284431430578
-81.279798,200,69.189314,0.0,0.4012848254847264
-73.48914,200,69.300873,0.0,0.22836696377762922
-91.897193,200,69.413422,0.0,0.5640246066150009
-78.743376,200,69.527928,0.0,0.3418860353594685
-9.528497,18,69.537928,1.0,0.04230806283452729
-71.030438,200,69.653412,0.0,0.1424302642048349
-106.486043,200,69.771252,0.0,0.6444735373375612
-61.636874,200,69.89626,0.0,0.23752212999583616
-18.400897,30,69.915235,1.0,0.045704921914119456
-79.632646,200,70.395296,0.0,0.3161915815075003
-72.468749,200,70.531804,0.0,0.24122937260876715
-28.466918,59,70.566799,1.0,0.04501218355130878
-5.950323,18,70.577802,1.0,0.014745718513223129
-65.370669,91,70.631339,1.0,0.047251513349004855
-5.872847,23,70.645322,1.0,0.02315999713670877
-65.137117,200,70.756868,0.0,0.11635332853952576
-86.242609,200,70.868418,0.0,0.6299481609414638
-123.041947,200,70.981924,0.0,0.7603417188910514
-86.363478,200,71.100003,0.0,0.41697085387394145
-31.272078,63,71.136004,1.0,0.04680450710461809
-61.561479,200,71.250528,0.0,0.23693403604646432
-84.419149,200,71.361069,0.0,0.5463542956935402
-82.762329,200,71.476576,0.0,0.29268093979538573
-0.046733,1,71.478577,1.0,0.046591518565263036
-90.655625,200,71.87062,0.0,0.23519411215058436
-0.350035,3,71.873625,1.0,0.048233320384750464
-0.046825,1,71.875625,1.0,0.04668388799281977
-55.04449,200,72.004665,0.0,0.1298732188388894
-2.712331,13,72.013661,1.0,0.044327293017432524
-11.980429,37,72.036658,1.0,0.04520352821889019
-20.90252,42,72.061662,1.0,0.04849904334622802
-66.156933,200,72.182244,0.0,0.3298001760337716
-18.673704,33,72.201806,1.0,0.04311181961793745
-134.259771,200,72.317352,0.0,0.859048502909463
-1.196359,5,72.321332,1.0,0.03987435317280301
-163.206669,200,72.436867,0.0,0.8795242747286631
-145.033425,200,72.557946,0.0,0.8012247953343767
-55.451791,200,72.687965,0.0,0.13688485732276343
-4.177027,21,72.701968,1.0,0.04407819025822583
-110.700533,200,72.821493,0.0,0.6560149165208198
-17.836197,59,72.855495,1.0,0.04889631266126418
-140.080262,200,72.972919,0.0,0.83027011086197
-141.118476,200,73.389075,0.0,0.8030272149893779
-69.821142,200,73.5186,0.0,0.4583229344112333
-66.497272,200,73.639088,0.0,0.26447663492686363
-102.807808,200,73.756642,0.0,0.644593312701802
-30.925096,125,73.828182,1.0,0.04652278677119829
-17.075275,44,73.854164,1.0,0.04783405143058353
-1.66694,9,73.860164,1.0,0.016693122291518904
-82.56289,200,73.975697,0.0,0.5099731201305486
-144.865518,200,74.090743,0.0,0.8627096466036677
-98.839858,200,74.207249,0.0,0.6742048479079844
-48.220244,200,74.322783,0.0,0.1541279924242873
-17.838675,58,74.353811,1.0,0.04686472523671962
-13.662966,49,74.380829,1.0,0.04870075893292481
-120.536975,200,74.781443,0.0,0.735206416706564
-11.511793,37,74.808948,1.0,0.044638818152756686
-52.468065,200,74.945466,0.0,0.3275995940165925
-30.266128,59,74.98799,1.0,0.0420969647507484
-33.908281,76,75.033992,1.0,0.043347331909889986
-102.3948,200,75.15323,0.0,0.6787161821925688
-132.594372,200,75.281805,0.0,0.7834232496957605
-77.505751,200,75.407837,0.0,0.16023409451597645
-70.173539,200,75.530636,0.0,0.3642869259568165
-5.423594,30,75.549663,1.0,0.03660218180460896
-72.905399,200,75.669524,0.0,0.3619292112255535
-12.48783,47,75.699075,1.0,0.0475635394154155
-0.191613,3,75.701752,1.0,0.018983696013331462
-94.893215,200,75.814035,0.0,0.2661946728546897
-19.609493,27,75.830651,1.0,0.03895586181861846
-3.415583,23,75.843651,1.0,0.04883450041084259
-36.164905,75,75.88666,1.0,0.04817274672494943
-1.136502,6,75.891201,1.0,0.04602417444337157
-121.377406,200,76.00364,0.0,0.7662762216477415
-39.403963,159,76.388703,1.0,0.024920748797221472
-0.035685,1,76.390706,1.0,0.03554382065508818
-57.430298,200,76.522228,0.0,0.49403051957325506
-20.553401,31,76.542231,1.0,0.025972077694183512
-129.958542,200,76.660738,0.0,0.7567786589525107
-5.594619,15,76.670747,1.0,0.03010333725775496
-134.771538,200,76.786296,0.0,0.7246482124175431
-134.652796,200,76.902345,0.0,0.8561699046145735
-0.573101,4,76.905366,1.0,0.01092405868976915
-57.827037,200,77.017817,0.0,0.16817020275201872
-127.46884,200,77.135343,0.0,0.7226717586897551
-118.515015,200,77.251845,0.0,0.7359398206478953
-61.308656,200,77.362322,0.0,0.30937293634708957
-60.50639,200,77.476815,0.0,0.2818955463325762
-12.218484,53,77.506329,1.0,0.04670808947268755
-12.248242,30,77.523333,1.0,0.0491625389838164
-28.22854,66,77.871381,1.0,0.04574175774337494
-4.188109,16,77.887384,1.0,0.029135196793955515
-56.914387,200,78.047407,0.0,0.4009311353548836
-26.967231,60,78.087446,1.0,0.027460825517192096
-84.644235,200,78.2184,0.0,0.49601299822813383
-17.46018,44,78.2464,1.0,0.04988453458670652
-72.309852,200,78.362599,0.0,0.19626738975132396
-77.407769,200,78.481103,0.0,0.31622423546956613
-0.181099,2,78.483099,1.0,0.04557272007549944
-8.625865,42,78.508612,1.0,0.04385108700729109
-14.687812,51,78.537303,1.0,0.03223749412244593
-13.898824,48,78.564286,1.0,0.046516730315098336
-20.286712,38,78.588951,1.0,0.04927611212016464
-14.341501,44,78.613391,1.0,0.048443829993140806
-26.470904,62,78.650416,1.0,0.04931494707973121
-34.870645,120,78.72095,1.0,0.045593127239518715
-60.430229,200,78.835473,0.0,0.5531355716909382
-51.532015,200,78.949031,0.0,0.3379974519184854
-64.980754,200,79.058596,0.0,0.3952530802722289
-88.96604,200,79.51632,0.0,0.5491336216564922
-126.035963,200,79.656845,0.0,0.736807590757313
-5.630775,26,79.672843,1.0,0.03369712387471347
-69.71071,200,79.791919,0.0,0.19818154201950464
-54.138711,195,79.906451,1.0,0.04434845643509669
-78.58226,200,80.020972,0.0,0.583646560344704
-68.870586,200,80.137246,0.0,0.10919301323656891
-16.96854,58,80.172241,1.0,0.043617307866906416
-34.685573,140,80.2518,1.0,0.048086890046990766
-97.076444,200,80.367298,0.0,0.3598564759938696
-13.387387,35,80.388313,1.0,0.041141086315844455
-70.963951,200,80.500346,0.0,0.5948928270318345
-123.912091,200,80.613876,0.0,0.774580968317395
-0.577711,4,80.618476,1.0,0.00136869198741584
-11.566068,42,80.644098,1.0,0.037626680384847344
-86.697647,200,81.093834,0.0,0.5994459492376191
-30.461818,104,81.174837,1.0,0.042694274603436985
-105.85572,200,81.296798,0.0,0.34987166645165196
-61.251812,200,81.411454,0.0,0.20740081696384213
-93.465992,200,81.524912,0.0,0.4192716008897832
-68.764374,200,81.643437,0.0,0.11182044591179015
-17.207454,66,81.680443,1.0,0.047936084283628354
-140.707439,200,81.795468,0.0,0.8194090727253768
-73.097104,200,81.910034,0.0,0.34271182766944536
-24.519707,62,81.94403,1.0,0.03915073199832322
-63.876767,200,82.054583,0.0,0.18347109921820878
-21.093074,47,82.082581,1.0,0.03920409036845335
-138.208272,200,82.488001,0.0,0.7683789174241555
-20.672878,67,82.530513,1.0,0.039472609231510566
-45.062034,200,82.674032,0.0,0.25229895368987476
-24.76,83,82.727552,1.0,0.038633596537226735
-23.963149,82,82.777997,1.0,0.04725353265109214
-81.634761,200,82.891999,0.0,0.3704842663080795
-8.251977,26,82.906996,1.0,0.03195372232669718
-7.902069,35,82.927995,1.0,0.04765192082941799
-92.492745,200,83.042575,0.0,0.44087312940112083
-88.960958,200,83.161099,0.0,0.5420951757657942
-89.887811,200,83.272619,0.0,0.4623211396860845
-97.211194,200,83.386146,0.0,0.45766640399388353
-78.469822,200,83.505161,0.0,0.3652538558950529
-77.668398,200,83.629678,0.0,0.3553698339187626
-73.197081,200,84.084414,0.0,0.20392100441064528
-51.631437,200,84.23701,0.0,0.07355033330028336
-3.982243,17,84.251983,1.0,0.04944829456882245
-75.017527,200,84.370449,0.0,0.30247166787217666
-30.876379,108,84.431968,1.0,0.04935402996241598
-78.212355,200,84.546448,0.0,0.2845672566807673
-47.587262,200,84.658982,0.0,0.09477405248748322
-97.575404,200,84.774455,0.0,0.5585498994186318
-46.143523,200,84.886981,0.0,0.3100941883839626
-101.412413,200,85.000993,0.0,0.24258651355963629
-4.204432,21,85.013993,1.0,0.03966366623608441
-119.469034,200,85.128224,0.0,0.4908233016950397
-110.828596,200,85.241756,0.0,0.7829342801250452
-35.32074,96,85.59248,1.0,0.04797144103649909
-6.954052,40,85.621481,1.0,0.0414484921704863
-38.292146,164,85.744997,1.0,0.04723974988212378
-64.990096,200,85.867514,0.0,0.16547398022724916
-68.973705,200,85.981068,0.0,0.30239383290891514
-49.677855,200,86.097108,0.0,0.07524023020098267
-53.811041,200,86.221778,0.0,0.23888815712440054
-51.646696,200,86.352234,0.0,0.3808059351365837
-112.902386,200,86.476753,0.0,0.6386840642420063
-130.087014,200,86.591973,0.0,0.6669410077015251
-79.866328,200,86.712271,0.0,0.3395542905222287
-67.775899,200,87.124043,0.0,0.19973254315528854
-26.596919,104,87.187046,1.0,0.04575549059211939
-77.49659,200,87.325073,0.0,0.3004125713759143
-32.789768,131,87.403624,1.0,0.04775712794524332
-76.558992,200,87.521156,0.0,0.3109828470694107
-23.21151,86,87.571139,1.0,0.04748763073577816
-14.851407,39,87.593664,1.0,0.04676650114184394
-17.123359,87,87.644699,1.0,0.04370571302759787
-94.84948,200,87.76283,0.0,0.42872815168724876
-29.928141,142,87.84531,1.0,0.043582684485651446
-15.759524,25,87.860331,1.0,0.04996715210606969
-14.046892,41,87.883318,1.0,0.04969613492433601
-52.842273,200,87.992848,0.0,0.24228402273012772
-19.241519,41,88.017332,1.0,0.04314398800872324
-58.687566,128,88.088336,1.0,0.042352176711277806
-18.405291,62,88.122876,1.0,0.035235513911114485
-7.821482,18,88.133876,1.0,0.040306468847277815
-133.292036,200,88.246072,0.0,0.49312816970071394
-65.659644,200,88.641071,0.0,0.2182284222486369
-58.595454,200,88.78159,0.0,0.1706361394666748
-97.71416,200,88.906649,0.0,0.40284442244624413
-22.14111,52,88.940652,1.0,0.04447623591303135
-21.859017,133,89.02418,1.0,0.048975609814395374
-42.298061,130,89.109704,1.0,0.049387726844913785
-79.16334,200,89.23424,0.0,0.3555413876407733
-9.719898,39,89.259241,1.0,0.04571663912295881
-12.806732,61,89.297764,1.0,0.0354549208449423
-32.695658,128,89.37296,1.0,0.046127879604322145
-16.257095,45,89.401421,1.0,0.04866557639055738
-25.745448,64,89.441593,1.0,0.04812748062352308
-77.008443,200,89.557252,0.0,0.345006265260224
-51.916558,200,89.668739,0.0,0.24117743868371128
-103.801848,200,89.786276,0.0,0.4578506171038663
-38.260517,109,89.846762,1.0,0.039860176578827726
-3.819464,21,89.858766,1.0,0.04536601621211988
-13.765292,51,90.186329,1.0,0.042325859778001365
-73.765472,200,90.316352,0.0,0.18701259819810406
-30.8514,200,90.438874,0.0,0.1704303371686201
-80.644646,200,90.555435,0.0,0.3911658119433071
-75.84161,200,90.670948,0.0,0.43073153341130815
-7.848918,42,90.696476,1.0,0.04423800730173011
-34.959968,200,90.811,0.0,0.09303948195716491
-14.169081,50,90.839999,1.0,0.044229155554240285
-10.221644,45,90.864999,1.0,0.043560586545695126
-47.051454,156,90.954679,1.0,0.04978285464374601
-18.483004,74,90.997155,1.0,0.049894762394254624
-7.131895,24,91.011154,1.0,0.019347760913566228
-14.600014,28,91.028155,1.0,0.042116288004109624
-95.558072,200,91.143674,0.0,0.5307340567673562
-4.459438,18,91.154674,1.0,0.023157180577195388
-16.398441,49,91.183679,1.0,0.044752285519258576
-69.220352,200,91.301723,0.0,0.47889176130397854
-12.499144,54,91.333723,1.0,0.03986577551256935
-21.560226,119,91.707401,1.0,0.04226966194118827
-11.276805,45,91.7434,1.0,0.04783215365225072
-21.39166,87,91.808927,1.0,0.04944609486722029
-12.795308,43,91.847922,1.0,0.048898876924087516
-123.139758,200,91.978483,0.0,0.6316784234908386
-75.128535,200,92.100584,0.0,0.40184828570733966
-72.279103,200,92.217281,0.0,0.31003727079435334
-19.395728,74,92.259833,1.0,0.04848806149162386
-61.847392,200,92.379314,0.0,0.339463368740977
-4.32137,20,92.39132,1.0,0.04951977274927588
-130.771101,200,92.507326,0.0,0.6164839912821604
-26.512854,100,92.563328,1.0,0.049169419366199535
-26.521464,91,92.614854,1.0,0.047331996621864506
-48.296668,158,92.704386,1.0,0.048757596760265975
-70.840953,200,92.820645,0.0,0.3304338337172263
-41.429595,200,93.241725,0.0,0.15525090481306048
-83.653384,200,93.390246,0.0,0.35749868523045836
-19.302402,95,93.450354,1.0,0.04172324386473717
-12.600899,33,93.469352,1.0,0.04707909855550185
-82.611242,200,93.586882,0.0,0.2701848150111845
-107.369124,200,93.702712,0.0,0.5470051686879579
-63.276704,200,93.81922,0.0,0.22936129004243086
-104.509971,200,93.931727,0.0,0.5725344621542259
-15.157054,57,93.964744,1.0,0.043982568381740146
-10.951918,70,94.006287,1.0,0.04942236795979396
-62.526847,200,94.120598,0.0,0.4970113777778164
-102.192197,200,94.235067,0.0,0.22614367468866584
-17.14027,66,94.274067,1.0,0.04836404993798583
-56.922589,200,94.402147,0.0,0.14898492238101174
-60.907012,200,94.876199,0.0,0.1257120915578988
-43.322073,200,95.024038,0.0,0.37834942753524076
-84.197689,200,95.14271,0.0,0.2822965546372056
-99.288796,200,95.258249,0.0,0.3770907682238908
-48.808994,200,95.372796,0.0,0.2851758883353811
-78.038783,200,95.488337,0.0,0.3974018766042909
-110.775242,200,95.602351,0.0,0.5229046418754489
-21.604471,86,95.649354,1.0,0.049982195200479675
-80.304923,200,95.762835,0.0,0.17835627444042879
-35.418245,194,95.87436,1.0,0.046266071817709455
-66.970427,199,95.985892,1.0,0.04995538356545982
-59.735117,153,96.371002,1.0,0.04650667384560821
-50.383885,200,96.505973,0.0,0.3375447905889705
-70.401066,200,96.623533,0.0,0.5710356049693407
-10.403453,40,96.64756,1.0,0.044576057159849025
-52.496398,200,96.761066,0.0,0.18838599014059987
-99.434307,200,96.875598,0.0,0.710561948274641
-80.255987,200,96.991091,0.0,0.4160639828569703
-68.408199,200,97.103104,0.0,0.3035963916217954
-44.641789,172,97.202023,1.0,0.039555861922322876
-61.955858,200,97.327575,0.0,0.5014815811916598
-14.847727,42,97.355572,1.0,0.04164336467930556
-41.699699,141,97.446959,1.0,0.048281036747056756
-85.068965,200,97.895613,0.0,0.6557403572557355
-7.84663,40,97.924125,1.0,0.04450638445713476
-46.373054,200,98.059644,0.0,0.21011000798325907
-18.842984,36,98.08269,1.0,0.04714785405288434
-72.634118,199,98.199724,1.0,0.0428830135279785
-64.88692,200,98.317643,0.0,0.22176320538955535
-34.752947,106,98.379639,1.0,0.03885917910803286
-1.044632,7,98.383645,1.0,0.029592287000215513
-16.69283,55,98.415184,1.0,0.0452733209524868
-29.290574,160,98.506708,1.0,0.04489864273028238
-87.589843,200,98.620189,0.0,0.33125058836524757
-48.118392,200,98.731711,0.0,0.15668974043952977
-49.610388,200,98.846208,0.0,0.2202844077777523
-19.66234,45,98.874208,1.0,0.03965390253629694
-61.720113,200,98.985739,0.0,0.30845520956775085
-46.837143,200,99.380393,0.0,0.12209846009407689
-0.330136,3,99.384395,1.0,0.022860280583760176
-54.147505,200,99.524438,0.0,0.18249804147860113
-94.144265,200,99.647962,0.0,0.49311677927660513
-84.187195,200,99.761524,0.0,0.4626606256248264
-57.698968,200,99.875045,0.0,0.193905706955709
-16.847097,65,99.916674,1.0,0.043741244907475864
-76.43799,200,100.043248,0.0,0.3750092615660951
-76.374713,200,100.168761,0.0,0.1783297552288856
-83.628275,200,100.289361,0.0,0.3793101368919338
-57.011388,200,100.409484,0.0,0.07504749644041979
-72.791012,200,100.533576,0.0,0.32138453083911106
-36.572058,173,100.919269,1.0,0.039536501814261805
-26.903649,145,101.016795,1.0,0.048084251971377175
-76.729844,200,101.146314,0.0,0.36262976462517016
-7.774071,19,101.158312,1.0,0.04704556955197305
-27.604381,115,101.225881,1.0,0.04369482138017256
-52.145285,200,101.340381,0.0,0.2593323794340406
-91.572885,200,101.455905,0.0,0.4431189853767938
-16.645369,45,101.48191,1.0,0.04426730943057831
-61.061304,200,101.59244,0.0,0.3950319019937783
-11.816544,40,101.615988,1.0,0.04987486950619102
-26.022145,110,101.678954,1.0,0.045546466141141814
-76.995193,200,101.793428,0.0,0.4596591052987293
-64.917779,200,101.906152,0.0,0.3957561825209691
-5.116457,41,101.931153,1.0,0.03582818006205347
-15.785379,35,101.951154,1.0,0.04787244161268263
-15.549251,90,102.002677,1.0,0.042108897327697806
-62.825059,200,102.397235,0.0,0.36581814976769195
-51.133221,200,102.535264,0.0,0.23475358463440865
-26.633417,62,102.58427,1.0,0.04337996904641974
-40.820461,176,102.695374,1.0,0.03638230566475977
-25.154688,56,102.730923,1.0,0.049542951408761686
-18.920876,67,102.772893,1.0,0.04525431395599489
-41.324482,111,102.843415,1.0,0.04412416731302748
-9.545143,18,102.856429,1.0,0.03312787790209795
-77.003253,200,102.984953,0.0,0.278121801669833
-8.143875,42,103.009477,1.0,0.030809934028893083
-33.015944,200,103.125461,0.0,0.0658385745179402
-57.063786,200,103.24384,0.0,0.13482566772075474
-3.953204,13,103.251473,1.0,0.043093196552878306
-22.425065,82,103.299002,1.0,0.04508530668403992
-56.574708,200,103.414078,0.0,0.30504187279306166
-51.090473,200,103.528667,0.0,0.18571056205783784
-39.268559,200,103.646108,0.0,0.22652001977424244
-46.178228,200,104.057239,0.0,0.19690067809215353
-31.115474,130,104.14681,1.0,0.04676941579703186
-64.72285,200,104.266265,0.0,0.186250816825936
-2.978401,22,104.279265,1.0,0.04926848945409636
-5.175479,23,104.293301,1.0,0.04492775217880441
-12.362456,28,104.309856,1.0,0.03281764567391601
-36.677374,174,104.411388,1.0,0.03837393383295487
-55.523043,200,104.5289,0.0,0.12794656406517693
-10.711488,50,104.558898,1.0,0.03321026120934983
-25.942726,88,104.617913,1.0,0.048731325977259134
-12.571346,54,104.649914,1.0,0.04862902199417451
-56.804518,200,104.764439,0.0,0.3653795397881419
-67.398992,200,104.878992,0.0,0.5027194739485868
-55.248973,200,104.995487,0.0,0.33841319326349045
-12.332526,28,105.012994,1.0,0.033178669951124604
-45.266361,200,105.129074,0.0,0.3087592709705782
-22.854325,104,105.512883,1.0,0.04417237614471637
-32.132516,138,105.61841,1.0,0.048591233863533166
-64.668021,200,105.746988,0.0,0.4440384529433842
-84.13641,200,105.866734,0.0,0.38639200459922785
-6.816031,36,105.88975,1.0,0.037410285322796395
-7.269877,26,105.906249,1.0,0.04596571681084193
-5.450934,31,105.925256,1.0,0.04810394708411488
-39.649054,200,106.04754,0.0,0.18527098189899757
-0.026551,1,106.048532,1.0,0.026409210721774698
-66.349219,200,106.160703,0.0,0.3029636006301479
-5.932631,26,106.17667,1.0,0.03771884292030541
-12.814048,58,106.210172,1.0,0.041686868098096304
-14.005603,32,106.229167,1.0,0.048851901947067934
-43.975086,200,106.342732,0.0,0.11794256345430885
-22.087253,59,106.376709,1.0,0.04865525783058897
-27.346171,81,106.424255,1.0,0.04952664592666533
-40.216238,200,106.53778,0.0,0.05847689082372157
-15.901299,42,106.561743,1.0,0.04839421008986225
-57.069676,200,106.673267,0.0,0.15852305250450943
-16.496116,37,106.695315,1.0,0.04732151146503127
-0.040832,1,106.696294,1.0,0.040690663622541416
-18.844382,105,107.057806,1.0,0.0495438677767792
-48.990534,200,107.183318,0.0,0.21477381797650089
-93.021655,200,107.302773,0.0,0.41483679255950795
-8.888456,39,107.326797,1.0,0.04344122398905766
-68.866567,200,107.442249,0.0,0.3327523415651993
-50.257364,200,107.555771,0.0,0.2817788982021855
-23.726189,58,107.59078,1.0,0.044999446595478394
-56.387379,200,107.701768,0.0,0.17789001299818238
-52.838245,200,107.815245,0.0,0.25704357354968965
-15.999849,79,107.861269,1.0,0.04926160480526014
-52.386233,200,107.975805,0.0,0.17819820010847914
-12.041666,46,108.003031,1.0,0.04817331221644255
-34.002696,139,108.085039,1.0,0.046336941538197764
-20.535072,53,108.116556,1.0,0.04516166116187297
-62.118566,200,108.557546,0.0,0.16852494868432755
-47.998025,152,108.677662,1.0,0.03535731392313221
-30.771445,121,108.760122,1.0,0.04427837677843276
-64.101438,200,108.876935,0.0,0.31964907179984997
-18.958004,67,108.915462,1.0,0.03469600923658692
-5.796327,32,108.934464,1.0,0.025285253537342844
-38.932534,200,109.049966,0.0,0.1010926268713072
-15.169323,56,109.081986,1.0,0.044448944842924575
-16.278139,71,109.121517,1.0,0.038543257353231636
-12.13492,29,109.139494,1.0,0.045361440494617086
-40.628093,200,109.251034,0.0,0.11041511157837668
-0.162657,2,109.253036,1.0,0.04911215647980984
-9.960208,43,109.277034,1.0,0.0480636628521722
-11.552448,28,109.294055,1.0,0.04864541183754421
-66.210201,200,109.406093,0.0,0.1582676165170407
-114.030485,200,109.520609,0.0,0.6672905523523133
-18.672126,39,109.543609,1.0,0.046271076221531995
-13.346691,68,109.582612,1.0,0.04319745684061753
-46.398318,200,109.698156,0.0,0.19437388616575538
-59.275609,200,110.120155,0.0,0.30838722235029453
-18.204711,76,110.166155,1.0,0.045298477904340696
-4.437846,22,110.180156,1.0,0.038516543316327805
-8.796547,27,110.19716,1.0,0.030866163307671616
-52.530395,200,110.323246,0.0,0.42743289968575404
-62.959154,200,110.439829,0.0,0.5105018182969437
-6.639582,27,110.456807,1.0,0.04172467410909506
-90.404615,200,110.574331,0.0,0.31424551979372695
-7.441128,39,110.597338,1.0,0.04613743011237067
-9.845706,47,110.623877,1.0,0.04934526503452111
-20.792155,72,110.664887,1.0,0.042030104314289156
-5.393074,33,110.684879,1.0,0.038200049752511296
-59.682128,200,110.800934,0.0,0.24543588602696942
-16.418363,34,110.819965,1.0,0.041174257169674926
-54.024616,200,110.933156,0.0,0.2873020140892375
-16.748888,60,110.970154,1.0,0.048694842552609016
-12.899763,43,110.997184,1.0,0.04631548831956024
-47.464001,200,111.12424,0.0,0.1741058679445811
-55.608577,200,111.249788,0.0,0.2461367304429591
-51.365998,200,111.694667,0.0,0.1577921622373615
-30.659538,133,111.797209,1.0,0.04447640069871288
-20.830006,100,111.858716,1.0,0.03657607735240839
-100.720084,200,111.97321,0.0,0.4082123627031357
-49.923592,200,112.08975,0.0,0.2734342662193564
-87.422096,200,112.203342,0.0,0.4242623953309736
-30.913843,90,112.256362,1.0,0.0451262867871571
-2.597811,14,112.26534,1.0,0.041370538945635395
-17.42005,72,112.307897,1.0,0.043358568544162014
-5.169305,16,112.317897,1.0,0.001578318903289615
-51.92386,142,112.397905,1.0,0.049911177354601995
-71.378999,200,112.511525,0.0,0.2951373984588328
-79.504369,200,112.624082,0.0,0.34771347053337454
-42.37424,200,112.737559,0.0,0.19277590262830743
-72.732411,200,113.154232,0.0,0.34270204967233814
-57.209634,200,113.280741,0.0,0.1733833257870877
-18.462003,92,113.348257,1.0,0.031061385409002124
-8.574211,37,113.371254,1.0,0.047391705621045256
-15.981705,33,113.38929,1.0,0.0459723760231041
-29.180528,103,113.447753,1.0,0.045984060474686395
-29.817624,157,113.540995,1.0,0.04609104179271659
-7.600687,37,113.562969,1.0,0.03725871974336861
-65.298148,200,113.678493,0.0,0.277678112636126
-58.009009,200,113.804658,0.0,0.2228545077027616
-74.622295,200,113.929188,0.0,0.2672803413920809
-69.004901,200,114.04971,0.0,0.36695591478166206
-62.944486,200,114.171576,0.0,0.3552542335144304
-46.966835,200,114.289075,0.0,0.20742727423159033
-59.754956,200,114.736372,0.0,0.24643886479165872
-0.161487,2,114.739368,1.0,0.04527736525788175
-20.569104,94,114.805913,1.0,0.04505219815744154
-12.351859,59,114.846883,1.0,0.037381366549278386
-6.628443,19,114.857883,1.0,0.04864196104705447
-39.294912,200,114.975407,0.0,0.19809546125829441
-43.649576,200,115.093976,0.0,0.1715571440949177
-70.148426,200,115.210009,0.0,0.2531236123957933
-45.083528,200,115.324532,0.0,0.1793543145004868
-3.815995,32,115.344532,1.0,0.04548983961659685
-70.428221,200,115.461761,0.0,0.46819959215143836
-48.529804,200,115.579707,0.0,0.10876941120435582
-61.950569,200,115.696236,0.0,0.2493164234850091
-0.676668,6,115.701236,1.0,0.04348123450697018
-26.935225,137,115.780752,1.0,0.049950394299385366
-16.523088,49,115.809268,1.0,0.048577122557276864
-21.536783,84,115.858271,1.0,0.04849925794099306
-65.433733,200,116.26133,0.0,0.22119484434810716
-45.836933,200,116.409379,0.0,0.15337508868606534
-82.13809,200,116.5429,0.0,0.2803120264685828
-47.506514,200,116.674467,0.0,0.18011138151052233
-42.824019,200,116.795007,0.0,0.07721581984603924
-13.407524,64,116.834597,1.0,0.04931683000978084
-18.823262,66,116.873236,1.0,0.048203344461499084
-47.456517,200,116.993142,0.0,0.11606779674386852
-36.968577,143,117.082311,1.0,0.042408336452702686
-45.485643,200,117.200867,0.0,0.24419460549375957
-45.960057,184,117.304934,1.0,0.040918762395105474
-40.865282,200,117.420457,0.0,0.08333969881408641
-8.863629,36,117.441467,1.0,0.04685286809620793
-73.245749,200,117.886528,0.0,0.39866013359272123
-59.799091,200,118.021567,0.0,0.34410782694068026
-47.244492,200,118.137094,0.0,0.13520565495857043
-69.966895,200,118.254074,0.0,0.23008658404311957
-16.921836,67,118.29408,1.0,0.0493278868557685
-2.744477,21,118.307589,1.0,0.045719610799163014
-46.756254,200,118.418107,0.0,0.33473089162889524
-5.623844,31,118.43711,1.0,0.03834133038892198
-18.305892,68,118.476941,1.0,0.04739178993386326
-35.059172,124,118.548469,1.0,0.04169540929620563
-13.294039,49,118.579467,1.0,0.044159252607469876
-36.868934,200,118.699042,0.0,0.21692582702702493
-23.254541,146,118.785569,1.0,0.04310164694666403
-72.730358,200,118.897115,0.0,0.3497717470621164
-49.404291,193,119.008183,1.0,0.048678910273313905
-28.329476,111,119.394522,1.0,0.04252581082077989
-9.000195,30,119.419028,1.0,0.04289353477850393
-39.904089,200,119.566803,0.0,0.07396527369497485
-49.526853,200,119.689945,0.0,0.21219816911288092
-22.714895,61,119.729188,1.0,0.049338615626010024
-19.397387,84,119.777909,1.0,0.049121350705867574
-28.994707,117,119.846117,1.0,0.046847403684724356
-49.437828,200,119.96328,0.0,0.1491855337631665
-8.550984,26,119.979277,1.0,0.04346808418415772
-52.061291,200,120.095819,0.0,0.07310010819026151
-0.01643,1,120.0968,1.0,0.016288914994102337
-45.137919,200,120.214853,0.0,0.12623889827199866
-20.673416,51,120.244855,1.0,0.0429594679263025
-36.850342,200,120.352364,0.0,0.1536667682064956
-16.728692,48,120.380364,1.0,0.044116834502596756
-57.798015,200,120.488888,0.0,0.25881575052741984
-27.428539,77,120.533409,1.0,0.04715457247553212
-0.495085,4,120.535409,1.0,0.03216998385271867
-23.226219,135,120.928925,1.0,0.04517740803939116
-1.606527,11,120.937449,1.0,0.043392877208866906
-31.029043,200,121.065941,0.0,0.09074607717596178
-1.610035,15,121.076939,1.0,0.04744631720745668
-20.194929,31,121.095989,1.0,0.04383668393538554
-22.772798,61,121.133486,1.0,0.044774972719654464
-69.428164,200,121.251002,0.0,0.4139961863656971
-15.494683,26,121.267005,1.0,0.024229258430841
-0.037133,1,121.268002,1.0,0.03699139534004647
-44.816352,200,121.38456,0.0,0.30196425500057045
-2.524214,15,121.393561,1.0,0.025192986859237154
-27.543134,121,121.462086,1.0,0.03997645711595036
-11.443494,51,121.49106,1.0,0.04359499915934468
-67.422041,200,121.602582,0.0,0.31744790910158077
-48.844501,131,121.676133,1.0,0.0496072617306144
-42.181308,200,121.788683,0.0,0.224576318288095
-18.113945,96,121.845174,1.0,0.04715756356090938
-15.576206,84,121.893181,1.0,0.0470883374158205
-73.390409,200,122.016223,0.0,0.36363360210209256
-0.10856,2,122.018213,1.0,0.024832087684041465
-23.191498,83,122.079236,1.0,0.04001729478177517
-90.384897,200,122.571506,0.0,0.4295653367338195
-14.463139,42,122.598511,1.0,0.03550512443651652
-1.78305,12,122.605511,1.0,0.04669022895374102
-28.803234,126,122.685643,1.0,0.045108119347662276
-6.451519,30,122.703617,1.0,0.04305845095842173
-19.771549,69,122.744129,1.0,0.03902233620897833
-36.422728,200,122.859654,0.0,0.1736446142254286
-20.42136,41,122.88465,1.0,0.04977586877368629
-99.905497,200,122.998268,0.0,0.39051287268545665
-27.82725,92,123.049834,1.0,0.04999849612449775
-14.830897,44,123.074818,1.0,0.049653021503045805
-77.165087,200,123.190343,0.0,0.3914827991502212
-109.61569,200,123.30736,0.0,0.3802459117706151
-2.03038,21,123.320367,1.0,0.049259663534204176
-39.787957,200,123.431838,0.0,0.17956594032733236
-38.393904,200,123.546834,0.0,0.11283681060730696
-47.128131,200,123.659348,0.0,0.23096194725162816
-6.383707,18,123.985926,1.0,0.04619348518666719
-14.620589,74,124.030436,1.0,0.04647364060865864
-38.327072,183,124.138947,1.0,0.04665639515784103
-58.164623,200,124.267485,0.0,0.23230627041950316
-14.997171,32,124.287471,1.0,0.03746614299484502
-96.257987,200,124.407515,0.0,0.4718064453129703
-14.858948,37,124.431523,1.0,0.045348260371955135
-14.655533,89,124.483522,1.0,0.04802816564115674
-45.657233,175,124.580031,1.0,0.048072547520848614
-11.569361,40,124.603041,1.0,0.04784421648677592
-47.548492,200,124.720393,0.0,0.16650945488420482
-19.261659,124,124.7994,1.0,0.04906941228596781
-3.607734,21,124.812918,1.0,0.03664052138586926
-4.316286,15,124.822918,1.0,0.04519037655345277
-48.898414,200,124.949441,0.0,0.11409428842989779
-92.644602,200,125.077668,0.0,0.45375058763211973
-86.052211,200,125.201429,0.0,0.41964536759001086
-13.700435,43,125.22878,1.0,0.047826566969554986
-1.841066,21,125.555777,1.0,0.04863947993636117
-0.04356,1,125.557817,1.0,0.04341862290401643
-37.561887,200,125.7118,0.0,0.19605213492312998
-19.409158,53,125.7468,1.0,0.044077346918580944
-5.762486,16,125.756811,1.0,0.028830722044744145
-11.687609,52,125.790818,1.0,0.03829280080015551
-56.790853,200,125.904385,0.0,0.2136625114877791
-1.454399,8,125.909864,1.0,0.04840219958766936
-7.610698,36,125.930867,1.0,0.036387985120018264
-48.91492,200,126.045406,0.0,0.10574516554800939
-9.91023,53,126.076403,1.0,0.04751849397114037
-32.263523,139,126.156923,1.0,0.045543668858621
-9.996187,35,126.177925,1.0,0.04445219000709718
-64.589688,200,126.293467,0.0,0.40908382340857613
-11.057766,35,126.312989,1.0,0.0435238872178491
-12.257511,47,126.33899,1.0,0.049972558013769555
-13.436667,44,126.364987,1.0,0.04923313011677741
-49.114426,200,126.481343,0.0,0.2970487190604108
-16.79949,41,126.50635,1.0,0.04487242185386829
-54.204784,200,126.623101,0.0,0.12333107544015574
-0.17507,2,126.625101,1.0,0.032190912722849005
-13.399689,28,126.64261,1.0,0.048082939821737725
-10.371638,35,126.663398,1.0,0.041574335774207195
-10.547016,31,126.682397,1.0,0.048550020862810093
-28.069148,78,126.729912,1.0,0.044778519681188005
-4.405179,16,126.738914,1.0,0.048896248006962025
-63.411483,200,127.150041,0.0,0.255755043775181
-47.658386,200,127.282562,0.0,0.16610714383620948
-52.046856,200,127.403041,0.0,0.2193847454227858
-50.634129,166,127.50957,1.0,0.047664850772906324
-41.623546,200,127.64059,0.0,0.16655343564639635
-7.157573,15,127.65059,1.0,0.024412186616502834
-41.804062,200,127.775466,0.0,0.14280894682618653
-9.036054,39,127.797477,1.0,0.047941560732432005
-11.666525,37,127.821985,1.0,0.03642218013501553
-29.203147,82,127.870986,1.0,0.027109012125547567
-27.005421,98,127.92953,1.0,0.049489184199098694
-16.630608,63,127.967355,1.0,0.047760415207975054
-68.630732,200,128.083933,0.0,0.3324219851393852
-11.080619,20,128.09749,1.0,0.02200707771984158
-52.017799,200,128.212468,0.0,0.2604755383432616
-15.081159,86,128.262468,1.0,0.04072236735828177
-11.426323,52,128.29247,1.0,0.048299032218220496
-11.539549,67,128.333992,1.0,0.041606570617840094
-10.337138,38,128.62629,1.0,0.03632418989055462
-1.660558,11,128.634292,1.0,0.04752222389901629
-5.200276,13,128.641293,1.0,0.04363432530832396
-6.00331,21,128.654296,1.0,0.027855651162577936
-8.812673,20,128.669293,1.0,0.0456980387391541
-12.370163,23,128.688292,1.0,0.010468531178257866
-50.173966,182,128.813291,1.0,0.049037581777660946
-17.257307,48,128.845291,1.0,0.04491656745232959
-60.872059,200,128.96285,0.0,0.19364619926599672
-1.638115,18,128.974853,1.0,0.048385431561334465
-30.162415,200,129.09038,0.0,0.2548341760055759
-10.754456,38,129.112968,1.0,0.04012938815449822
-9.082856,45,129.141425,1.0,0.03695860138989638
-24.979214,87,129.192418,1.0,0.048741370335379244
-28.920376,164,129.28696,1.0,0.043777382481016126
-0.287492,3,129.28996,1.0,0.041620739753621336
-14.11319,75,129.335503,1.0,0.04745683879457538
-15.988249,86,129.385503,1.0,0.045914861779024055
-22.416372,96,129.440966,1.0,0.04763316858496414
-18.109935,79,129.485965,1.0,0.03854646083737371
-46.420945,200,129.599516,0.0,0.2491499061118666
-56.193806,200,129.714514,0.0,0.3274259389229811
-18.440715,55,129.746509,1.0,0.04005021048687062
-5.476242,18,129.758506,1.0,0.0484735200295919
-21.551054,48,129.785499,1.0,0.0495848989973033
-0.785695,5,129.789507,1.0,0.02618667161192785
-18.594162,52,129.819011,1.0,0.04546921328169994
-10.988483,52,130.146256,1.0,0.04342535510429506
-68.589052,200,130.303802,0.0,0.4360007224752156
-30.68932,143,130.405297,1.0,0.04781779457458142
-26.48212,127,130.486745,1.0,0.04932939925991239
-45.130729,200,130.605218,0.0,0.2856571518257152
-6.514769,32,130.623714,1.0,0.044499649314950436
-8.422459,42,130.649714,1.0,0.03923731668413746
-11.045278,32,130.668713,1.0,0.03796659595328729
-42.359853,200,130.785722,0.0,0.2509629866201751
-10.885028,24,130.799739,1.0,0.04606354507854191
-5.118744,26,130.815256,1.0,0.04264094770517926
-13.877067,88,130.870253,1.0,0.04151146133885233
-7.615736,30,130.888253,1.0,0.049609517164295514
-64.228284,200,131.004812,0.0,0.36272668701533717
-40.3949,200,131.11978,0.0,0.1033061966815962
-31.332364,129,131.193783,1.0,0.04715598238617436
-8.420438,36,131.2143,1.0,0.04556601153486287
-59.816325,200,131.328829,0.0,0.35245849161968207
-23.949613,61,131.366821,1.0,0.04267869152877318
-2.486988,22,131.38082,1.0,0.04211873261477269
-82.952309,200,131.80849,0.0,0.31717732946068933
-16.368011,22,131.823123,1.0,0.04931309695423439
-74.205415,200,131.953305,0.0,0.21820183174010885
-80.94179,200,132.068855,0.0,0.3370899271988151
-41.722354,200,132.185307,0.0,0.12430163347517248
-49.562831,200,132.303846,0.0,0.33226828706851724
-21.005385,103,132.363269,1.0,0.04777751237562437
-38.522964,200,132.477769,0.0,0.15146720974257724
-7.65522,39,132.499777,1.0,0.04679905954179917
-9.432073,28,132.51629,1.0,0.048576332341892674
-79.416881,200,132.62981,0.0,0.5179359746432113
-58.697938,200,132.739327,0.0,0.2770118307045234
-8.775708,37,132.761358,1.0,0.04627035614574181
-20.763291,75,132.804333,1.0,0.04154059334997312
-10.744388,23,132.818851,1.0,0.02316181070301754
-18.012289,72,132.859852,1.0,0.04315587447930821
-12.145803,24,132.873847,1.0,0.04127792529216817
-28.301554,138,133.293736,1.0,0.047877335051080036
-60.459647,200,133.436776,0.0,0.35647531858327597
-62.163578,200,133.560835,0.0,0.3243062848739383
-46.123014,200,133.677592,0.0,0.09480190911513568
-21.509889,55,133.70961,1.0,0.03710436568537214
-74.622162,200,133.82567,0.0,0.3244800469238952
-7.59376,23,133.839703,1.0,0.041035864277321414
-44.16192,200,133.954193,0.0,0.13162232418537903
-9.380033,28,133.971191,1.0,0.03330892712068319
-48.269626,200,134.086655,0.0,0.13102070123881082
-15.819688,38,134.108664,1.0,0.03927307202094415
-60.570148,200,134.221706,0.0,0.30289254126476106
-21.430091,29,134.239708,1.0,0.025586637443162204
-32.26049,89,134.290708,1.0,0.044407655200917516
-61.66042,200,134.405254,0.0,0.25931036861637036
-9.356352,39,134.426719,1.0,0.04920411502546654
-53.946421,200,134.856272,0.0,0.2987344973282492
-33.709316,179,134.982793,1.0,0.03582390850946768
-49.62424,200,135.102338,0.0,0.23257435761306922
-14.546789,49,135.132853,1.0,0.04593202323505326
-26.120976,86,135.183877,1.0,0.03686912791335844
-12.17394,53,135.215393,1.0,0.04359183292560618
-64.659783,200,135.32889,0.0,0.4881121815601209
-19.785488,24,135.342894,1.0,0.0035407009085222365
-47.912522,200,135.455414,0.0,0.1633453206379106
-5.903019,28,135.473414,1.0,0.04488719081357699
-3.431228,15,135.482413,1.0,0.035513257296251245
-50.381051,200,135.598877,0.0,0.16778188177538406
-31.670222,113,135.664065,1.0,0.04907758981099319
-11.450375,55,135.697282,1.0,0.04883299620364612
-29.951498,178,135.807821,1.0,0.04635679340925292
-15.010461,42,135.841351,1.0,0.04253174136729389
-26.851667,186,135.962999,1.0,0.04499341881892479
-8.997535,40,135.988999,1.0,0.044778289036054846
-0.088891,2,135.991002,1.0,0.021035825661092487
-41.086709,200,136.459681,0.0,0.11806588614072307
-0.047542,1,136.46068,1.0,0.04740016830518752
-45.12385,200,136.595193,0.0,0.16518957525881015
-9.294438,36,136.616717,1.0,0.045732216008466865
-46.144012,200,136.733241,0.0,0.23060492979081804
-38.476964,200,136.848759,0.0,0.20097263820912903
-9.019113,45,136.875758,1.0,0.0491139308468688
-16.336232,64,136.910767,1.0,0.04572369540022371
-6.670289,20,136.923296,1.0,0.03892234179942827
-24.930893,131,136.999303,1.0,0.04999726777496845
-13.585528,41,137.02282,1.0,0.048540790855055194
-57.155769,200,137.137267,0.0,0.3557422249166897
-4.650543,20,137.150269,1.0,0.04159485671343843
-25.320325,90,137.202279,1.0,0.03960040204486686
-14.126493,55,137.234797,1.0,0.03349440985618115
-25.206301,85,137.283794,1.0,0.04478318336108161
-38.175372,200,137.399836,0.0,0.1431886922675166
-14.468103,54,137.431347,1.0,0.04747896236510946
-52.67657,200,137.545864,0.0,0.27172252526946783
-13.782384,62,137.581864,1.0,0.04677279183936483
-21.702503,57,137.900533,1.0,0.04563908753597871
-15.772373,32,137.924043,1.0,0.04527379091099042
-38.878651,200,138.062545,0.0,0.2946356272488525
-32.590891,200,138.18006,0.0,0.061384980477318024
-56.018072,200,138.292582,0.0,0.26804559361574004
-40.455446,200,138.40859,0.0,0.0712982935286778
-38.038813,200,138.542262,0.0,0.12349212824100274
-74.189541,200,138.667776,0.0,0.2872323127157113
-79.18607,200,138.791328,0.0,0.3007213609294081
-60.740742,200,138.906825,0.0,0.2863982987212252
-10.815773,31,138.926392,1.0,0.043645111897245376
-12.932306,46,138.95476,1.0,0.03400501559028221
-65.95465,200,139.07634,0.0,0.26469946217757845
-15.959049,40,139.100349,1.0,0.04369222562939077
-76.961682,200,139.516538,0.0,0.3362526406657824
-31.099495,99,139.585539,1.0,0.03763262715549361
-63.776716,200,139.704099,0.0,0.2965342248213492
-12.781059,44,139.730614,1.0,0.0475830085979191
-25.93931,142,139.813647,1.0,0.047885869742457676
-5.018343,30,139.831207,1.0,0.04546722981178127
-46.169211,200,139.946731,0.0,0.24760601098733034
-50.889182,200,140.066405,0.0,0.19775710443540326
-34.980156,200,140.181939,0.0,0.11165493127095477
-21.227514,53,140.21294,1.0,0.04483891720708524
-36.503956,186,140.318917,1.0,0.04781084355792013
-5.771236,23,140.332919,1.0,0.04436142704350575
-9.495349,41,140.35692,1.0,0.047678672017274916
-14.686474,71,140.397917,1.0,0.04684690850585585
-11.25871,44,140.424392,1.0,0.04713567526443451
-0.676151,6,140.428392,1.0,0.03134984189202099
-47.976035,200,140.546921,0.0,0.18859306690152458
-6.159592,21,140.558921,1.0,0.04805690276550066
-15.394127,46,140.584941,1.0,0.04179691341003188
-12.65341,48,140.611925,1.0,0.038418058570542486
-26.007584,91,140.96398,1.0,0.04309121613579512
-50.071269,200,141.106495,0.0,0.15510597750551858
-34.507872,200,141.237753,0.0,0.0909780503140069
-14.545673,55,141.272729,1.0,0.044523821336973204
-36.061056,135,141.359245,1.0,0.045910508362790835
-41.455527,200,141.487557,0.0,0.22614785431208842
-29.156853,164,141.58803,1.0,0.04349188853074224
-23.376538,83,141.636542,1.0,0.04422513484039403
-4.680686,22,141.650543,1.0,0.03894581492164652
-5.785297,38,141.672857,1.0,0.04601698982277315
-12.296243,34,141.696147,1.0,0.04897083445180889
-6.68191,32,141.716685,1.0,0.040533991208759085
-42.026671,200,141.836616,0.0,0.09134141004781342
-15.935682,33,141.854651,1.0,0.03798719808996496
-0.086337,2,141.856615,1.0,0.035981913771543715
-87.523877,200,141.968128,0.0,0.39208149993230645
-63.376963,200,142.083643,0.0,0.24265340192391857
-7.017545,28,142.101669,1.0,0.046928217180108825
-20.879834,55,142.133137,1.0,0.04485874752534466
-0.955289,6,142.138134,1.0,0.043404177470076105
-3.944844,20,142.150137,1.0,0.03594246901692968
-18.504795,67,142.189156,1.0,0.04291636514477626
-57.768461,200,142.626729,0.0,0.2684695328179196
-18.382445,127,142.713734,1.0,0.045641785909614374
-12.844726,63,142.751714,1.0,0.0469197995674662
-15.232261,93,142.804749,1.0,0.045087303824536726
-50.459239,200,142.921787,0.0,0.24726411301263376
-13.42397,48,142.948789,1.0,0.049509287453333425
-21.005731,61,142.982795,1.0,0.04391771879371021
-3.683525,16,142.992787,1.0,0.0317314868388736
-15.575977,63,143.032253,1.0,0.04686926583384033
-13.143894,85,143.084254,1.0,0.04846142781542646
-35.38347,117,143.152812,1.0,0.04809497729321448
-14.41872,37,143.174809,1.0,0.04732721220684233
-13.772745,52,143.205817,1.0,0.04893655796268014
-46.17676,200,143.318833,0.0,0.13015261218360788
-43.818675,200,143.432793,0.0,0.12056816865959846
-46.552042,200,143.549332,0.0,0.24993715732076566
-5.190584,31,143.568336,1.0,0.046288550663012136
-31.73477,200,143.683853,0.0,0.17735209583697933
-13.111963,46,143.70988,1.0,0.041748919123510676
-8.192879,46,144.074064,1.0,0.048857543380553294
-6.216327,28,144.09409,1.0,0.04588028268897137
-9.759929,76,144.152028,1.0,0.04775644927718215
-28.665796,131,144.234555,1.0,0.049133354269298116
-25.398206,200,144.357119,0.0,0.23433275380372767
-3.37731,22,144.371115,1.0,0.04316283013798152
-50.645668,200,144.491739,0.0,0.2673031386960901
-16.62546,59,144.528105,1.0,0.04328050540045354
-16.892174,44,144.556138,1.0,0.04198760628639196
-21.036369,29,144.572726,1.0,0.047789418783464446
-10.193512,30,144.590727,1.0,0.02339768700889242
-32.026952,200,144.704869,0.0,0.15246538522098613
-5.87242,39,144.727425,1.0,0.04853100676930003
-21.882175,164,144.818903,1.0,0.048662773325783074
-45.74587,200,144.933439,0.0,0.12043516966746678
-26.109,81,144.980437,1.0,0.0457731129515985
-5.317616,25,144.995436,1.0,0.04129778467445677
-6.655498,24,145.009443,1.0,0.04939640266446887
-35.774664,200,145.126486,0.0,0.18750852189114506
-47.647225,200,145.242,0.0,0.29786046174204056
-64.462112,200,145.658879,0.0,0.13136650482360193
-2.010065,21,145.672878,1.0,0.04566105399734304
-45.107567,200,145.8054,0.0,0.13994426627405523
-50.58012,200,145.924452,0.0,0.14438134453373822
-11.457577,61,145.960455,1.0,0.04798452004493744
-24.126857,123,146.031949,1.0,0.04547141581721484
-21.341112,66,146.072949,1.0,0.04716441954014418
-12.021139,61,146.105999,1.0,0.03850925085511763
-19.486005,39,146.134231,1.0,0.04390941536993768
-77.365222,200,146.252787,0.0,0.39574009236870256
-19.49412,34,146.273809,1.0,0.04057256385158888
-77.465431,200,146.390326,0.0,0.3480221903172036
-15.016308,39,146.414337,1.0,0.03601259309924296
-13.033715,64,146.453857,1.0,0.048288558134069445
-13.478714,38,146.474884,1.0,0.04910758363831558
-11.645625,30,146.493856,1.0,0.04302672243900901
-0.088464,2,146.495854,1.0,0.03660705729956485
-3.292513,14,146.503863,1.0,0.033722327930785716
-23.420606,74,146.546424,1.0,0.04600852484506736
-10.15857,37,146.568394,1.0,0.048007378859
-9.7464,21,146.580403,1.0,0.0434672434269585
-27.470007,111,146.652927,1.0,0.036248994560222986
-4.451784,39,146.677926,1.0,0.04615861552318715
-16.429997,89,146.734463,1.0,0.04619245613103783
-11.045374,48,146.765474,1.0,0.0457996146831518
-11.304338,50,146.798472,1.0,0.04557260823451988
-8.670315,43,146.826002,1.0,0.04718154418792828
-22.382651,154,147.289047,1.0,0.042231911233789596
-18.352626,92,147.343153,1.0,0.04630874120016782
-2.359973,17,147.353153,1.0,0.042930630504908994
-3.225202,26,147.369151,1.0,0.038394233289393474
-6.241606,19,147.384155,1.0,0.028739954092099913
-79.570011,200,147.504284,0.0,0.32871167925117845
-20.465318,100,147.563751,1.0,0.049409650554723954
-45.591717,200,147.689305,0.0,0.13013535463194456
-55.805434,200,147.800879,0.0,0.13586926030315816
-12.831706,76,147.846426,1.0,0.047178853103274326
-32.31069,152,147.928984,1.0,0.04511533439575704
-49.114262,200,148.045503,0.0,0.32176728937218496
-4.036237,29,148.062502,1.0,0.03921096180493831
-30.685053,141,148.146031,1.0,0.04618898239261107
-9.952198,67,148.183001,1.0,0.04854568933485125
-3.050336,15,148.199166,1.0,0.03803194440408771
-8.150118,40,148.221695,1.0,0.04737668589128335
-14.692222,48,148.249696,1.0,0.04848142664432864
-0.658782,6,148.252697,1.0,0.046747995750350026
-11.630493,47,148.277722,1.0,0.045326220128340575
-6.673099,28,148.294697,1.0,0.046190844709627255
-53.38604,200,148.408238,0.0,0.17379339419335596
-1.677588,8,148.414224,1.0,0.04402696257262479
-9.157532,58,148.769248,1.0,0.041747672813708524
-13.913858,66,148.813255,1.0,0.04062390817212181
-30.225965,150,148.908778,1.0,0.04173631706349891
-17.705095,26,148.925342,1.0,0.03793813250183402
-30.902838,131,149.002336,1.0,0.049996941445487594
-41.294175,200,149.116876,0.0,0.14594712116953434
-52.110262,200,149.233837,0.0,0.22760713854078102
-62.47596,200,149.351324,0.0,0.37996223283546515
-10.907953,47,149.379309,1.0,0.04545274354523622
-32.334212,184,149.491346,1.0,0.0416524527535003
-18.284617,45,149.519902,1.0,0.04376527177061161
-9.302584,21,149.532912,1.0,0.03196176998359232
-4.908763,34,149.554905,1.0,0.04751580702668736
-5.231445,22,149.569902,1.0,0.04855748487289751
-21.716612,73,149.615937,1.0,0.04859827678467641
-29.660368,173,149.731965,1.0,0.03900226149910724
-2.945544,13,149.740965,1.0,0.046962672582972036
-4.51474,27,149.757968,1.0,0.03777776612683191
-61.514858,200,149.873487,0.0,0.1685941077088816
-14.138283,67,149.913498,1.0,0.046695070381403594
-32.617638,83,149.9625,1.0,0.043162230954333976
-13.67946,41,150.298641,1.0,0.044242164348529955
-8.786947,43,150.328157,1.0,0.03995173839533654
-45.311882,200,150.466673,0.0,0.33559160202948635
-8.446262,37,150.488671,1.0,0.049502330940206465
-13.416916,32,150.508677,1.0,0.045900850784697335
-16.886059,29,150.526195,1.0,0.0440098424924625
-63.270194,200,150.642658,0.0,0.34943480087896095
-12.63123,48,150.675656,1.0,0.04721854518432376
-33.638995,200,150.791171,0.0,0.10033280378681465
-10.457048,80,150.838661,1.0,0.04469719398497356
-19.323498,102,150.897664,1.0,0.0455007067192297
-29.525364,198,151.011915,1.0,0.04904009560551057
-14.30638,46,151.039452,1.0,0.042451194390408356
-10.181777,87,151.086453,1.0,0.04967302819300336
-50.778062,200,151.201962,0.0,0.20983676499288229
-21.345513,52,151.232483,1.0,0.04892117158660345
-5.774003,44,151.259486,1.0,0.04387099380094428
-9.285728,37,151.281507,1.0,0.04412710248751439
-12.547433,27,151.297492,1.0,0.049456137612859316
-6.931359,62,151.333956,1.0,0.04861072957354142
-4.768718,15,151.342964,1.0,0.04272820111304466
-9.606965,39,151.365959,1.0,0.04802503934782287
-6.441306,30,151.382956,1.0,0.04805266538086245
-25.14378,67,151.422505,1.0,0.04968584866869033
-46.726658,200,151.828273,0.0,0.2280408335618807
-41.676965,200,151.968775,0.0,0.20948779623967717
-37.836516,200,152.089326,0.0,0.12169974485798762
-58.286381,200,152.217862,0.0,0.4261142511333673
-57.678736,200,152.346821,0.0,0.19247809182117795
-16.937838,69,152.39182,1.0,0.04693194485380103
-73.696829,200,152.514317,0.0,0.3515916477440844
-49.080318,200,152.632337,0.0,0.2128097281653692
-4.967515,26,152.648729,1.0,0.047581702457972344
-22.309155,135,152.730653,1.0,0.04846336946460919
-12.283233,44,152.757653,1.0,0.04033841522522777
-8.606755,44,152.784246,1.0,0.03156277018759059
-19.875854,141,152.867356,1.0,0.03984205760045647
-11.052006,88,152.914341,1.0,0.041938999325619286
-71.9643,200,153.028376,0.0,0.2191589315716459
-37.789136,170,153.434461,1.0,0.048609928070886134
-33.736484,200,153.585978,0.0,0.16966688823853232
-14.570732,54,153.620503,1.0,0.03284533973151558
-2.303557,16,153.63051,1.0,0.046203136395443455
-37.515343,200,153.750054,0.0,0.06374309900551742
-46.27535,200,153.864575,0.0,0.14568852711993405
-33.319092,146,153.94905,1.0,0.04519402836891817
-37.45996,131,154.024623,1.0,0.04638551259414454
-27.95228,109,154.087652,1.0,0.04569757806951993
-21.419057,75,154.129178,1.0,0.04725076791049474
-33.893752,181,154.233728,1.0,0.03954329395232495
-8.060915,46,154.259704,1.0,0.0488520402641623
-11.858127,51,154.28971,1.0,0.04322192159964515
-14.907414,45,154.314715,1.0,0.0352570412132689
-19.051912,86,154.363213,1.0,0.04371004958715996
-7.861974,34,154.384206,1.0,0.04624015476727512
-25.472002,59,154.418218,1.0,0.044949389732305306
-3.113434,15,154.427752,1.0,0.048064632788573085
-16.779316,50,154.45775,1.0,0.049942322152889025
-50.12511,200,154.574999,0.0,0.17920194224748429
-15.875522,60,154.926481,1.0,0.035117293500573764
-4.416946,17,154.940478,1.0,0.027863792747323268
-19.240641,52,154.97848,1.0,0.046765392323491375
-3.214644,16,154.98948,1.0,0.03499982056109012
-11.109076,74,155.036991,1.0,0.04529446611191755
-3.792678,24,155.05299,1.0,0.048487233639856214
-3.166139,14,155.06299,1.0,0.045483739404651335
-20.041753,65,155.107995,1.0,0.047020938688098785
-44.045777,200,155.247023,0.0,0.23490144425015064
-0.141216,2,155.251015,1.0,0.021568651026551477
-2.079566,11,155.259026,1.0,0.02335747078943715
-6.022351,37,155.281878,1.0,0.04906128700939074
-16.600395,90,155.341382,1.0,0.04943773503385658
-0.103787,2,155.343391,1.0,0.03905670388330378
-6.591635,42,155.371384,1.0,0.038205539366739066
-41.587315,200,155.501128,0.0,0.1063099350584906
-7.001821,46,155.529699,1.0,0.04434147072328359
-62.291952,200,155.647815,0.0,0.2676259279879192
-52.509831,200,155.767344,0.0,0.13234673651184256
-38.214176,200,155.882923,0.0,0.13288795371983436
-5.316748,30,155.899919,1.0,0.04045390854510986
-12.01351,26,155.913925,1.0,0.047699296484518074
-49.197039,200,156.02485,0.0,0.14596704958063167
-11.130694,21,156.037843,1.0,0.03177414210041904
-15.174065,27,156.053843,1.0,0.03786345092208661
-25.04925,34,156.074842,1.0,0.04115691121664401
-96.197318,200,156.186385,0.0,0.4650744689513612
-19.664303,51,156.49241,1.0,0.04500668220127932
-11.510934,29,156.512409,1.0,0.03983533591004316
-16.381444,41,156.540952,1.0,0.04779462484614461
-8.775431,27,156.557946,1.0,0.04901803584918837
-14.462162,26,156.573949,1.0,0.047811088760505
-70.150137,200,156.707478,0.0,0.246270080131878
-20.517713,73,156.755024,1.0,0.032199033557052774
-16.294961,56,156.792017,1.0,0.04667695248668995
-2.213375,12,156.80002,1.0,0.037347271261547715
-21.888758,64,156.839474,1.0,0.046319046984041524
-16.39272,57,156.872471,1.0,0.04078068444288668
-50.90402,200,156.985009,0.0,0.198160384013923
-33.512116,144,157.068547,1.0,0.049285629538558244
-20.616224,85,157.118573,1.0,0.04857395517718811
-6.363864,50,157.149088,1.0,0.040388196881438965
-20.537683,61,157.185088,1.0,0.040008476260194575
-34.423079,200,157.300566,0.0,0.1719523362293443
-3.583299,14,157.309615,1.0,0.038415723725109145
-0.015968,1,157.310606,1.0,0.015826684721661415
-22.487588,81,157.35512,1.0,0.04845780094774977
-17.966241,56,157.387142,1.0,0.045624930629131026
-9.138734,33,157.406149,1.0,0.04072316040407461
-12.13315,62,157.442734,1.0,0.04773588514354851
-51.151269,200,157.556033,0.0,0.14636234877764165
-13.559802,58,157.590032,1.0,0.04583706837925795
-17.8112,93,157.644556,1.0,0.046793891300436555
-61.447035,200,158.091505,0.0,0.2907799400934538
-6.304298,28,158.113506,1.0,0.049700290193315365
-10.163326,64,158.167023,1.0,0.046950909716566576
-6.131037,21,158.185024,1.0,0.03785476218733962
-17.634029,46,158.219029,1.0,0.04815153975761091
-21.875502,124,158.300513,1.0,0.03808129913141618
-10.876629,37,158.324065,1.0,0.046418824431698896
-15.470613,75,158.369615,1.0,0.04261667202858291
-42.757039,200,158.484719,0.0,0.30718688907165137
-18.000057,81,158.53023,1.0,0.04902930729222935
-13.92617,69,158.571232,1.0,0.043079158964008574
-8.083235,32,158.589229,1.0,0.04399083442301575
-17.131446,44,158.615867,1.0,0.03873057999770367
-4.280084,14,158.624359,1.0,0.047102484941494716
-14.360241,50,158.653356,1.0,0.03828456651253208
-48.698582,200,158.76385,0.0,0.19822105537032994
-27.951201,140,158.846368,1.0,0.04965558016569346
-41.666084,200,158.95885,0.0,0.28523695015932354
-13.281108,42,158.983878,1.0,0.04959553582807387
-52.018572,200,159.097196,0.0,0.17961795181050194
-47.629388,200,159.210782,0.0,0.16635564719196816
-7.866576,20,159.223256,1.0,0.0359489335678082
-37.326499,200,159.639358,0.0,0.2675049613139036
-65.493035,200,159.76787,0.0,0.17599757809284333
-19.191732,141,159.857423,1.0,0.049168729907399226
-71.972588,200,159.97596,0.0,0.3256707841843896
-16.735209,35,159.996957,1.0,0.03680523694441759
-4.650858,21,160.009962,1.0,0.044558258482193525
-14.237841,48,160.038484,1.0,0.04159313378041043
-63.828537,200,160.15401,0.0,0.31150881717919776
-15.607251,25,160.169007,1.0,0.03308750084644813
-11.489257,31,160.188008,1.0,0.03936567084721859
-5.763831,34,160.208011,1.0,0.04734272739483991
-34.255334,200,160.327033,0.0,0.09295629748083328
-36.876462,200,160.441322,0.0,0.16953708496205144
-16.418898,76,160.487325,1.0,0.04651303298373914
-10.2927,33,160.508325,1.0,0.031452121624091015
-9.245944,43,160.533853,1.0,0.04418430772583545
-3.544843,17,160.544843,1.0,0.04686251073980034
-6.766065,30,160.563846,1.0,0.040578469825887614
-14.759599,71,160.608843,1.0,0.03951027224401246
-20.13189,52,160.642329,1.0,0.042633423514972596
-10.981996,71,160.687326,1.0,0.04456418837564604
-31.872232,165,161.105627,1.0,0.049950651618553006
-6.833445,21,161.11863,1.0,0.03000356222343083
-9.185878,47,161.147138,1.0,0.045193830584130575
-16.902338,82,161.205138,1.0,0.0461367538849518
-10.378178,35,161.231647,1.0,0.0375988768170404
-18.050624,36,161.262647,1.0,0.04235691027505747
-22.912974,124,161.340174,1.0,0.0473348470601585
-0.034297,1,161.342174,1.0,0.03415565776410781
-45.141951,200,161.458695,0.0,0.1979321038613926
-25.091662,88,161.510709,1.0,0.04933617191600671
-1.791454,11,161.517711,1.0,0.0479010195440185
-14.443976,30,161.534166,1.0,0.04719650723229457
-49.365373,200,161.647718,0.0,0.17552915280775416
-4.605751,18,161.658731,1.0,0.04291013272470895
-47.374198,200,161.775762,0.0,0.21594168289363655
-33.414658,168,161.877188,1.0,0.047787306467505994
-15.74308,53,161.908188,1.0,0.045733805598602774
-15.72924,35,161.92869,1.0,0.0480191969224576
-5.931365,18,161.938706,1.0,0.024639853654827733
-59.557998,200,162.049258,0.0,0.2409148182305712
-9.326834,47,162.07724,1.0,0.04926186634184518
-19.223772,67,162.115271,1.0,0.04567160042528847
-5.957585,47,162.14272,1.0,0.04846789622428504
-9.794095,24,162.156717,1.0,0.045788508158563314
-17.71697,101,162.214726,1.0,0.048212365359804096
-21.191536,49,162.241243,1.0,0.04536251447854961
-5.939767,36,162.262243,1.0,0.048728442487809234
-13.854564,28,162.27924,1.0,0.038650321479038144
-57.291646,200,162.68502,0.0,0.23659897938156557
-43.939091,200,162.823597,0.0,0.2921464244301204
-5.149068,17,162.83707,1.0,0.020105714404991253
-20.268715,93,162.895067,1.0,0.044224927532886205
-14.361949,26,162.911088,1.0,0.04728370747255433
-13.021635,33,162.929585,1.0,0.04894270013267246
-38.675023,200,163.046105,0.0,0.07478384418844909
-3.844708,15,163.055105,1.0,0.048625485479861036
-23.690785,61,163.089139,1.0,0.045551587607182614
-24.072695,81,163.137625,1.0,0.042721822295061086
-11.336482,31,163.156644,1.0,0.04187661481866938
-22.384297,64,163.195981,1.0,0.04870659413687238
-3.964862,18,163.208982,1.0,0.024831987996228856
-15.577324,52,163.241503,1.0,0.04256335519566647
-43.15349,200,163.372032,0.0,0.19836071060979038
-24.865594,125,163.452551,1.0,0.04542175113526809
-9.828919,67,163.493549,1.0,0.04958204197903698
-8.879036,30,163.511556,1.0,0.046338791606401385
-8.224679,44,163.539521,1.0,0.04585937986694083
-1.722308,13,163.548522,1.0,0.04263662082450633
-12.3899,25,163.564521,1.0,0.04838322011238747
-9.909111,35,163.586521,1.0,0.047924918094990526
-19.454162,87,163.640035,1.0,0.047977021758134265
-11.124997,52,163.67208,1.0,0.04609793538988578
-75.49493,200,163.786842,0.0,0.3099881264397048
-59.503498,200,164.196497,0.0,0.19778376112921212
-28.546903,115,164.280016,1.0,0.047195464858266443
-42.35044,200,164.403571,0.0,0.2356164466219781
-41.735359,200,164.52313,0.0,0.17020571738880685
-43.253294,200,164.638796,0.0,0.1662610751758365
-7.388145,29,164.655797,1.0,0.04326172941313803
-11.897472,31,164.674795,1.0,0.04881914163549951
-22.395585,69,164.713824,1.0,0.03938616944311924
-3.435099,41,164.738313,1.0,0.04872206294025431
-59.022713,200,164.853798,0.0,0.2700336562683087
-15.154458,44,164.882824,1.0,0.048713920575271935
-76.256871,200,164.995301,0.0,0.35509654098119087
-19.093585,42,165.019312,1.0,0.04261554522625237
-47.15068,200,165.131288,0.0,0.12897128841322805
-4.136955,20,165.143286,1.0,0.02385339842704084
-64.520088,200,165.254743,0.0,0.33036209248292814
-10.214667,49,165.284753,1.0,0.04996751773100418
-10.514734,87,165.33429,1.0,0.04729974064073184
-42.621421,200,165.751328,0.0,0.1426098325348119
-11.400083,54,165.793331,1.0,0.0484609651276742
-7.786301,50,165.828835,1.0,0.04862571749824813
-10.076141,59,165.875848,1.0,0.047851176969463824
-13.261098,43,165.908839,1.0,0.04355668492719695
-5.873368,15,165.919187,1.0,0.03208957903589255
-9.04723,39,165.946299,1.0,0.04993799123880193
-17.294216,48,165.977302,1.0,0.04552007039873859
-22.919898,140,166.070849,1.0,0.04952464283833034
-26.248372,197,166.196376,1.0,0.04826861725534184
-19.68298,62,166.237996,1.0,0.04875370486405917
-4.576291,20,166.249996,1.0,0.04595772332076151
-16.646433,42,166.275998,1.0,0.03777987105357699
-21.704262,129,166.355508,1.0,0.0459151636941337
-27.074639,140,166.449068,1.0,0.04443824532567652
-9.790117,77,166.494065,1.0,0.04581252337362315
-10.417729,39,166.516628,1.0,0.03301941839825366
-19.935687,40,166.540154,1.0,0.04473973806413059
-6.629806,49,166.569722,1.0,0.042852049636704595
-15.06913,62,166.605711,1.0,0.04864763991795224
-42.465876,200,166.720274,0.0,0.1317980057000683
-46.041643,200,166.833333,0.0,0.22425614029334873
-16.045685,121,166.905333,1.0,0.04542171631367733
-17.603998,84,166.95485,1.0,0.04959056173811691
-34.109616,200,167.385782,0.0,0.08241605227871306
-65.369644,200,167.517329,0.0,0.3629949071081575
-68.700424,200,167.632369,0.0,0.4087111427959566
-58.546774,200,167.745892,0.0,0.2721432669364823
-12.264713,63,167.782885,1.0,0.04108414595788997
-13.280088,41,167.806885,1.0,0.03968816167952333
-8.026556,37,167.827409,1.0,0.04223259104154901
-7.538162,36,167.848418,1.0,0.04772675935201657
-13.452311,26,167.863409,1.0,0.03537044609802781
-26.976061,71,167.903432,1.0,0.0494990453452681
-5.408743,33,167.924418,1.0,0.04458380797346542
-57.700219,200,168.038451,0.0,0.21124745509736279
-13.385901,50,168.068452,1.0,0.04231878078611182
-8.157425,57,168.102452,1.0,0.04812840942245395
-6.038321,35,168.121469,1.0,0.048713272201765974
-37.463147,200,168.232449,0.0,0.15606188757168996
-10.081964,22,168.245446,1.0,0.0319631285899189
-18.932559,106,168.305478,1.0,0.03020032471799679
-20.098405,52,168.336967,1.0,0.0486083643553316
-2.538891,15,168.345973,1.0,0.046417879890374235
-15.058516,40,168.369991,1.0,0.04003112607202501
-6.921076,36,168.390967,1.0,0.04059743144901387
-10.421163,31,168.409967,1.0,0.03984369955076647
-19.854474,36,168.43349,1.0,0.049564373594951354
-42.718109,200,168.887025,0.0,0.2700412637679283
-66.895089,200,169.026079,0.0,0.3279171637655573
-10.001908,45,169.059087,1.0,0.03720574840883324
-7.140216,36,169.081086,1.0,0.0497655768989755
-35.712929,200,169.200597,0.0,0.15039342619552928
-24.148277,103,169.262328,1.0,0.040506951894757205
-47.672699,200,169.376492,0.0,0.24351372221677067
-17.676954,51,169.407044,1.0,0.04646003906275602
-12.531305,32,169.424047,1.0,0.04136043809632788
-17.467101,55,169.457575,1.0,0.0443480883838139
-42.755378,200,169.571031,0.0,0.14534158958321022
-46.986337,200,169.685551,0.0,0.29380426047860303
-0.873551,5,169.689573,1.0,0.046960859020881075
-27.449888,184,169.79411,1.0,0.04970797414714829
-12.973781,79,169.840666,1.0,0.04685501169077828
-78.934225,200,169.956201,0.0,0.31068360735917666
-41.914682,200,170.349262,0.0,0.10396554855728671
-5.459049,42,170.382265,1.0,0.03228552673654234
-11.220792,38,170.411262,1.0,0.044046121388967296
-4.494405,27,170.432803,1.0,0.040804447463704756
-5.593214,33,170.458802,1.0,0.04335653077008717
-6.813619,34,170.484802,1.0,0.04480409016123861
-6.575152,34,170.512807,1.0,0.044822564148027884
-22.539567,97,170.571317,1.0,0.04832646643764616
-19.555365,94,170.627844,1.0,0.04771641540037736
-8.182266,46,170.65484,1.0,0.04721668841348682
-67.472621,200,170.770365,0.0,0.41125335937213664
-8.663504,43,170.796379,1.0,0.04757982882928256
-11.471981,78,170.841887,1.0,0.04606229443072097
-34.222422,200,170.954411,0.0,0.14414423937088072
-13.423313,50,170.986426,1.0,0.049360764428583524
-5.808224,20,170.998441,1.0,0.02789387645927016
-14.131242,75,171.04295,1.0,0.04828876671825282
-5.434432,18,171.053953,1.0,0.041513911021443084
-14.978319,88,171.10595,1.0,0.046600432700994836
-82.64508,200,171.220483,0.0,0.3395725154876884
-0.019637,1,171.222483,1.0,0.019495940792984556
-39.734935,200,171.336523,0.0,0.26403778027599756
-16.31491,94,171.390131,1.0,0.049752356658345195
-15.512306,42,171.414137,1.0,0.04641111517025616
-60.35679,200,171.539225,0.0,0.3194593704856695
-20.820011,121,171.928504,1.0,0.04910812767529997
-62.995422,200,172.076111,0.0,0.24446364641294507
-28.966885,132,172.154199,1.0,0.048193209014888126
-4.907543,35,172.175166,1.0,0.04569830051272063
-13.918919,32,172.194735,1.0,0.040403285434218984
-8.658664,38,172.217741,1.0,0.0487675116129599
-40.382022,200,172.333808,0.0,0.16532122933434473
-37.845054,200,172.446905,0.0,0.1730893692462243
-56.674964,200,172.566423,0.0,0.2194498929058984
-5.056182,34,172.586426,1.0,0.039837130957532337
-8.434854,47,172.615428,1.0,0.04871946896704891
-55.244315,200,172.731229,0.0,0.23991564666486384
-0.887887,5,172.735217,1.0,0.038375483162550635
-14.624168,36,172.75722,1.0,0.04922475040404082
-7.891336,37,172.779218,1.0,0.04975598737338766
-7.965978,31,172.797234,1.0,0.044860946419824556
-13.33971,60,172.832754,1.0,0.03703394336597594
-58.254695,200,172.949271,0.0,0.2818832585019608
-19.568899,55,172.982268,1.0,0.04848664179395577
-1.930124,10,172.990276,1.0,0.04878287834036463
-29.016128,113,173.056743,1.0,0.04380197978429619
-6.415974,20,173.068776,1.0,0.04483676897059578
-42.548436,200,173.472812,0.0,0.13657364120474003
-11.106226,24,173.487812,1.0,0.04334949227527454
-6.984124,19,173.500833,1.0,0.04275371166279841
-41.850817,200,173.630923,0.0,0.1710548420507804
-62.220646,200,173.751432,0.0,0.3285174015344176
-6.228087,33,173.772432,1.0,0.03726449707099249
-31.343175,161,173.863956,1.0,0.04821354752113806
-41.320157,200,173.977502,0.0,0.23267755107460877
-60.531951,200,174.095967,0.0,0.29173491297720894
-39.914403,200,174.209493,0.0,0.13461807908458828
-23.592696,98,174.26697,1.0,0.04982295483515907
-57.314078,200,174.390496,0.0,0.22662173700029647
-32.256835,200,174.517024,0.0,0.15024006703727663
-5.323919,25,174.534569,1.0,0.03496245013511354
-17.141428,26,174.553565,1.0,0.0472165591609233
-6.90542,36,174.577047,1.0,0.03905138314728182
-10.931579,31,174.595346,1.0,0.045573158246716844
-57.627861,200,175.012238,0.0,0.1688654506522329
-47.038277,200,175.1453,0.0,0.20108470378161405
-5.923255,27,175.1623,1.0,0.049327287463684893
-13.844893,48,175.1913,1.0,0.046621390512357634
-14.185819,117,175.258761,1.0,0.04894591654518574
-41.609144,200,175.376351,0.0,0.14511009361820632
-22.643355,70,175.417361,1.0,0.04407182641492865
-16.518481,77,175.458879,1.0,0.04578178619764193
-10.825821,26,175.474908,1.0,0.043222911180892346
-14.002395,43,175.500893,1.0,0.03175094936026801
-6.831088,16,175.510896,1.0,0.02068818574407983
-19.80592,147,175.595404,1.0,0.04976455831849984
-23.726319,103,175.654923,1.0,0.04956207717642752
-15.674389,71,175.695923,1.0,0.04718050436253303
-5.561029,15,175.704926,1.0,0.04073876683571194
-53.631016,200,175.819466,0.0,0.14901182406787253
-9.197255,24,175.832924,1.0,0.04173643803096646
-27.920643,99,175.887927,1.0,0.049208484647164374
-54.31688,200,175.999461,0.0,0.318617830896909
-9.812773,50,176.027465,1.0,0.04726898125690434
-43.123861,200,176.411562,0.0,0.131668355995371
-0.007113,1,176.413562,1.0,0.006971813014328323
-61.00517,200,176.559589,0.0,0.24267296093108118
-9.26961,21,176.575591,1.0,0.049383239747809
-61.144054,200,176.697106,0.0,0.2209764467606837
-37.793132,200,176.816077,0.0,0.10082795735293543
-0.150788,2,176.819649,1.0,0.03671526018292914
-11.777659,56,176.85319,1.0,0.04641910716474636
-56.148998,200,176.972722,0.0,0.24206568948664303
-63.444191,200,177.104223,0.0,0.2535949062312501
-9.173574,46,177.133797,1.0,0.04744201424068404
-67.454358,200,177.261291,0.0,0.30988278448137213
-57.370681,200,177.377811,0.0,0.27957112135408807
-39.494556,200,177.496046,0.0,0.10821331385336726
-37.845956,200,177.617798,0.0,0.1835948135451469
-33.669435,190,178.018913,1.0,0.049437984800212206
-35.40818,200,178.151963,0.0,0.1659811162261744
-10.453232,37,178.175478,1.0,0.044502109222895825
-16.946969,101,178.244738,1.0,0.04985007112367167
-66.098124,200,178.360256,0.0,0.33106292701098594
-13.594815,26,178.376254,1.0,0.03458232482999292
-12.599149,45,178.403254,1.0,0.04891567018169567
-1.216738,9,178.409254,1.0,0.04114278461142082
-10.445729,49,178.437785,1.0,0.04418355033067583
-1.962342,16,178.448788,1.0,0.04512712499099423
-9.162959,49,178.478789,1.0,0.04692015225442592
-5.21507,19,178.490788,1.0,0.049107041819014756
-9.181847,37,178.512785,1.0,0.04878715427301409
-27.069194,105,178.57333,1.0,0.04934042868688872
-11.755909,46,178.603331,1.0,0.04925205687970484
-50.378224,200,178.716867,0.0,0.24477994698277605
-38.110847,200,178.832905,0.0,0.15596889638164224
-0.033364,1,178.833907,1.0,0.03322291616309167
-10.674318,25,178.848904,1.0,0.03445618860481625
-43.791856,200,178.962478,0.0,0.2276718101673908
-31.542228,144,179.044002,1.0,0.04553887835857479
-20.6461,121,179.117005,1.0,0.04962802488035866
-41.402835,200,179.540293,0.0,0.1871459045615449
-26.52984,137,179.647444,1.0,0.047812796141667245
-12.298811,96,179.718477,1.0,0.04880405598373133
-7.641257,17,179.730475,1.0,0.04649017449048936
-34.471488,200,179.857539,0.0,0.14938339267290435
-43.579134,200,179.991009,0.0,0.15881267347597844
-15.399651,89,180.04654,1.0,0.047958863953074665
-7.003617,19,180.05854,1.0,0.049587617775507194
-28.352695,151,180.154977,1.0,0.04875061526177779
-31.319601,200,180.277232,0.0,0.10748219739161124
-44.69466,200,180.390969,0.0,0.2059205600546841
-81.894171,200,180.508183,0.0,0.314968093871426
-12.983807,57,180.542734,1.0,0.04241068907602409
-39.859623,200,180.661133,0.0,0.13765246769813752
-13.309613,77,180.706134,1.0,0.04839029091600656
-20.774352,76,180.751728,1.0,0.04308798553747013
-37.467339,200,181.193066,0.0,0.1603406985863211
-20.570265,101,181.255588,1.0,0.04991585030649273
-29.462474,200,181.372114,0.0,0.18761169403451147
-18.798001,81,181.418118,1.0,0.03228068894552873
-41.444195,200,181.53217,0.0,0.178212030112476
-13.630708,55,181.562176,1.0,0.04193899323298828
-58.18163,200,181.680626,0.0,0.3400996089903196
-43.777498,165,181.774147,1.0,0.046839049096669326
-12.572902,39,181.79715,1.0,0.046923959887044495
-21.541165,52,181.827156,1.0,0.0432953999914469
-31.711463,141,181.908596,1.0,0.03974936412395955
-5.018094,21,181.921605,1.0,0.04801832906126975
-30.83613,200,182.035602,0.0,0.13638795486083283
-18.267455,48,182.063603,1.0,0.04884700233034613
-2.638853,17,182.072604,1.0,0.0477114539998054
-30.00127,136,182.150141,1.0,0.04771230313548152
-3.902803,14,182.160141,1.0,0.014552468370767067
-22.482795,40,182.183139,1.0,0.04540638972815571
-25.676632,81,182.231148,1.0,0.049295517459193076
-6.679725,35,182.252682,1.0,0.04931612381529589
-13.153713,37,182.273519,1.0,0.04853301727976058
-20.060328,42,182.299826,1.0,0.04642793273813089
-4.185993,20,182.622388,1.0,0.046924909454374386
-50.54804,200,182.778418,0.0,0.21586129459581352
-13.453128,50,182.810417,1.0,0.04382275028133175
-38.101102,200,182.934839,0.0,0.1305014353839152
-74.228032,200,183.057569,0.0,0.4228667676948624
-24.234804,37,183.080839,1.0,0.037442896584035615
-4.604331,16,183.090845,1.0,0.03456102120001604
-32.371954,200,183.210536,0.0,0.18805409528651576
-18.54562,41,183.2337,1.0,0.04071565830490555
-23.12366,148,183.318735,1.0,0.04670285138143733
-31.692323,200,183.43383,0.0,0.14780991780375166
-46.478052,200,183.549332,0.0,0.1230219287641028
-20.50869,74,183.592335,1.0,0.049668145644925214
-4.526225,32,183.611333,1.0,0.04734084265596702
-43.221512,200,183.72919,0.0,0.2029505480224299
-17.491076,57,183.762664,1.0,0.043770633724823954
-10.003381,35,183.782653,1.0,0.04429168127088298
-13.860047,29,183.799656,1.0,0.04978707924668461
-18.512218,81,183.847173,1.0,0.04894617581597561
-2.820551,17,183.858198,1.0,0.04190503293233019
-48.871946,200,184.267703,0.0,0.19300825054279405
-72.141706,200,184.40024,0.0,0.35507358959019
-49.00251,200,184.517763,0.0,0.1502191870616007
-7.868405,19,184.528791,1.0,0.043253733389519405
-18.304947,45,184.555303,1.0,0.03551755833727607
-8.431666,32,184.574303,1.0,0.030433934498234602
-16.64168,43,184.598305,1.0,0.0491217468801675
-15.327309,79,184.644829,1.0,0.045039692683150494
-13.60658,58,184.679828,1.0,0.04653295538703832
-1.491034,11,184.686828,1.0,0.04712170125506184
-9.786006,57,184.720857,1.0,0.04833417024863046
-11.344082,33,184.740356,1.0,0.047494336497356966
-23.927901,85,184.790334,1.0,0.0499880732981838
-7.981703,28,184.806333,1.0,0.042996810437138655
-17.443747,87,184.856857,1.0,0.04288554202149332
-22.251858,139,184.937389,1.0,0.03154566992441286
-14.047011,63,184.974402,1.0,0.04298103321452675
-13.174766,28,184.991391,1.0,0.03618164728348014
-14.377775,48,185.026538,1.0,0.04681685943788516
-1.426296,12,185.034046,1.0,0.042502336009768875
-14.053005,33,185.054055,1.0,0.04793039922506622
-0.027901,1,185.056053,1.0,0.027759244685874686
-2.681961,13,185.064053,1.0,0.03959899862431189
-10.11985,48,185.092053,1.0,0.049842550387058
-5.48252,20,185.104053,1.0,0.04634129109174926
-55.008465,200,185.224537,0.0,0.2393269860787571
-0.585156,4,185.227537,1.0,0.04793990138904264
-14.364769,81,185.276065,1.0,0.04740002836233093
-9.967616,28,185.294062,1.0,0.046646506418025244
-46.35865,200,185.787659,0.0,0.13140386964873324
-16.083555,53,185.834907,1.0,0.039096650765949176
-5.493119,24,185.856645,1.0,0.03926873959226155
-18.210753,82,185.920207,1.0,0.04640534994349887
-38.171124,200,186.045225,0.0,0.10707142871274848
-3.93566,28,186.063222,1.0,0.0447176810035493
-42.378155,200,186.17577,0.0,0.1584866660922332
-60.445323,200,186.295302,0.0,0.3386436828343513
-13.38257,37,186.317299,1.0,0.04930934682124629
-17.886434,65,186.355563,1.0,0.04499262836393795
-18.493109,56,186.394735,1.0,0.03756776642248981
-16.157149,133,186.471221,1.0,0.04944776478865888
-10.896887,21,186.484229,1.0,0.023647521452452174
-5.331796,34,186.504221,1.0,0.04995025325640971
-17.142129,45,186.530231,1.0,0.04240021297945632
-17.818476,76,186.574794,1.0,0.04709736470160312
-3.495948,19,186.58677,1.0,0.033865697659858716
-38.639716,200,186.706292,0.0,0.1066712128481201
-55.381576,200,186.818796,0.0,0.1957050481162382
-10.469419,33,186.838301,1.0,0.04923513769532805
-8.759529,30,186.8563,1.0,0.04973859854355062
-55.49694,200,186.96988,0.0,0.21746942721224724
-22.062221,62,187.005883,1.0,0.04567465688112514
-15.788526,56,187.338977,1.0,0.04979149490213156
-21.782898,66,187.378977,1.0,0.04456451221048228
-11.600172,60,187.413974,1.0,0.04632619557413982
-10.139065,37,187.436491,1.0,0.046485837959490024
-11.345992,66,187.480491,1.0,0.04981183499775838
-0.038019,1,187.481491,1.0,0.03787733270010016
-13.796225,79,187.535048,1.0,0.04748017044621328
-19.066779,44,187.562055,1.0,0.045417895913165744
-4.589173,27,187.579055,1.0,0.04891726456660261
-20.281891,69,187.621059,1.0,0.049320401517045025
-6.302813,49,187.648611,1.0,0.043131778484339585
-4.619088,44,187.673611,1.0,0.038376736760596455
-6.565246,18,187.684639,1.0,0.030578587889132584
-12.406545,40,187.709811,1.0,0.04859236245195159
-14.731257,101,187.775886,1.0,0.0447165741545451
-0.047945,1,187.776872,1.0,0.047803566811597954
-9.367551,37,187.797875,1.0,0.043176802780432955
-46.629211,200,187.911407,0.0,0.1512496753313351
-2.292598,18,187.922437,1.0,0.04009703290575746
-22.756494,121,187.993031,1.0,0.04994728100841693
-17.27584,63,188.030568,1.0,0.048830202120818685
-51.343469,200,188.153555,0.0,0.2103575102991828
-11.851631,45,188.181556,1.0,0.0481363466516432
-54.490073,200,188.313099,0.0,0.28943342427832447
-70.365119,200,188.431633,0.0,0.42984863998135237
-44.786097,200,188.552378,0.0,0.14943065563458352
-17.741169,48,188.875537,1.0,0.04985349809356939
-49.476262,200,189.005064,0.0,0.21103757725217873
-30.173619,156,189.106475,1.0,0.04840354698856943
-41.180953,200,189.221009,0.0,0.1562724864412612
-2.819544,17,189.234009,1.0,0.02921392064989735
-10.362157,37,189.25655,1.0,0.04319088407117978
-17.633211,112,189.323533,1.0,0.03933697762409199
-18.818788,66,189.363004,1.0,0.04622652093976074
-21.563127,85,189.41401,1.0,0.04768942674045975
-32.146459,200,189.529554,0.0,0.1334054318661624
-9.033751,46,189.557066,1.0,0.04135144633780811
-2.903187,17,189.567043,1.0,0.034024881059201345
-45.104823,200,189.681561,0.0,0.15182501804680587
-13.299292,63,189.717563,1.0,0.04844065760637767
-20.160097,78,189.765048,1.0,0.04952560095821832
-9.4964,57,189.798071,1.0,0.04744142494281359
-4.366703,21,189.810051,1.0,0.04183417654382471
-7.147672,33,189.829057,1.0,0.04634475783030353
-9.095234,27,189.84459,1.0,0.047818642303991424
-34.223586,200,189.959106,0.0,0.26175391426231986
-18.698416,26,189.975109,1.0,0.0436137604765919
-18.233738,56,190.007111,1.0,0.04106807853348551
-56.418357,200,190.417178,0.0,0.16454195708974897
-25.864682,151,190.514563,1.0,0.04943142286082324
-8.4993,32,190.540089,1.0,0.04009948025385652
-10.227038,43,190.575093,1.0,0.049380707924551126
-3.693276,27,190.59209,1.0,0.04240889238252025
-10.375213,40,190.61709,1.0,0.044198281511355415
-42.531362,200,190.735892,0.0,0.2043646833961656
-4.924652,29,190.756356,1.0,0.047953196825086135
-10.833559,27,190.776356,1.0,0.049709319804774166
-17.388269,52,190.813357,1.0,0.040547027860949644
-18.172801,44,190.840878,1.0,0.04596592302387289
-7.757635,35,190.863896,1.0,0.04570474968271943
-21.773068,72,190.909876,1.0,0.04659851938726524
-7.347657,22,190.924886,1.0,0.047772687527050106
-37.953364,200,191.051848,0.0,0.18186466175126906
-28.152448,103,191.112845,1.0,0.04562418544114013
-34.30031,200,191.230039,0.0,0.12994583572330307
-9.728662,29,191.248439,1.0,0.04103753168062532
-12.070057,60,191.287169,1.0,0.046533209034802
-8.263148,52,191.318169,1.0,0.049106909264457016
-11.628772,44,191.34425,1.0,0.04098535014045819
-8.102699,34,191.365251,1.0,0.0455246041904886
-10.708597,20,191.377254,1.0,0.03165872299115978
-54.311356,200,191.49038,0.0,0.23042481354426347
-22.290391,79,191.535425,1.0,0.04651594573865116
-28.27205,141,191.61691,1.0,0.04945195805935657
-48.555954,200,192.036418,0.0,0.22245376503357067
-18.641759,46,192.065424,1.0,0.03861314840690361
-7.131746,32,192.085424,1.0,0.04738691317307712
-23.612782,61,192.121423,1.0,0.043580723448919494
-29.083133,200,192.242458,0.0,0.05524381049991047
-4.404984,19,192.254461,1.0,0.04072481122687917
-12.289368,56,192.289458,1.0,0.04678999113672452
-6.862807,28,192.306458,1.0,0.04255085477754374
-46.035021,200,192.424988,0.0,0.18205749410332614
-43.69698,200,192.539033,0.0,0.19547709194332138
-9.301473,50,192.569033,1.0,0.048923755864403985
-13.699931,44,192.595033,1.0,0.04984313031609113
-36.495595,200,192.71356,0.0,0.1037251673084202
-14.537593,67,192.753076,1.0,0.04718528552409086
-6.673139,34,192.773079,1.0,0.04702871517656893
-15.890563,105,192.83765,1.0,0.049645277746322714
-18.020008,81,192.885638,1.0,0.04805190180250912
-14.977409,54,192.916637,1.0,0.04977865751994712
-33.183075,200,193.030228,0.0,0.0878128039272225
-16.411133,119,193.097724,1.0,0.047969493817822666
-17.909746,54,193.129747,1.0,0.048850728402450305
-19.474344,46,193.456506,1.0,0.04719716559765688
-19.670193,65,193.501507,1.0,0.04976240328504118
-17.515251,54,193.534514,1.0,0.045390396939077156
-5.418864,22,193.548024,1.0,0.03437474089438978
-27.274544,72,193.598027,1.0,0.04955052759971948
-4.340585,33,193.620024,1.0,0.04760729239025467
-8.872027,46,193.653537,1.0,0.047202723651796424
-12.108447,80,193.70754,1.0,0.04905701931863336
-30.959432,200,193.840575,0.0,0.12075670041980657
-13.059075,64,193.879578,1.0,0.04790718490661042
-38.281412,200,193.999508,0.0,0.15255645197370865
-18.894506,126,194.075136,1.0,0.044733165921170576
-27.154731,84,194.124686,1.0,0.04976592095204216
-13.016316,51,194.15521,1.0,0.03981528692850132
-5.434732,33,194.175205,1.0,0.04272675504140941
-14.133963,71,194.21721,1.0,0.049629340823666525
-46.286792,200,194.331743,0.0,0.19444240275112043
-2.248423,10,194.337222,1.0,0.0461074573596892
-1.148216,17,194.349229,1.0,0.04648618382749728
-52.90556,200,194.463353,0.0,0.18670058873216822
-17.079854,76,194.51035,1.0,0.047714848296455586
-18.639976,71,194.550257,1.0,0.04464895009509831
-47.521617,200,194.666737,0.0,0.18012911309940158
-14.265779,33,194.685738,1.0,0.04632288106158258
-55.907642,200,195.088806,0.0,0.2581720591516162
-1.080763,6,195.093806,1.0,0.04174628396869424
-15.012319,85,195.147323,1.0,0.04747707756406546
-14.844658,51,195.179322,1.0,0.04694505724690772
-8.843119,39,195.203323,1.0,0.04457357888917574
-9.347761,31,195.223327,1.0,0.04277044349514976
-10.175966,55,195.256811,1.0,0.049053725645641186
-14.714032,42,195.28181,1.0,0.047155748798482125
-53.673957,200,195.401362,0.0,0.26545737391615265
-35.793735,200,195.51892,0.0,0.059833532188989395
-19.834012,58,195.551429,1.0,0.046947304633622546
-42.126994,200,195.663906,0.0,0.24248682202810962
-69.789951,200,195.779425,0.0,0.34827597938256216
-13.372633,24,195.794429,1.0,0.033390733734839986
-73.92926,200,195.914611,0.0,0.2716874324622124
-37.037481,200,196.030126,0.0,0.12657903837857626
-9.820157,32,196.047673,1.0,0.0413166150665481
-22.475029,64,196.085662,1.0,0.04655851375423432
-6.20212,32,196.105652,1.0,0.04424203862624751
-16.85704,72,196.147148,1.0,0.04339338054908796
-31.87054,200,196.579206,0.0,0.06252587592815718
-9.598336,22,196.597207,1.0,0.04763116045169658
-7.537603,41,196.623955,1.0,0.04872284262384775
-7.717556,30,196.649466,1.0,0.049146770504310634
-7.546776,19,196.666467,1.0,0.04316546296304514
-14.638757,30,196.693469,1.0,0.042814878905862455
-14.581876,35,196.719468,1.0,0.0453991347834315
-29.657847,189,196.836563,1.0,0.0417215180525962
-37.056027,200,196.955923,0.0,0.07382598475188965
-39.523665,200,197.071445,0.0,0.10889847169848212
-23.277141,103,197.130463,1.0,0.04783472002431686
-61.385854,200,197.244467,0.0,0.4490408111684984
-38.12741,200,197.355635,0.0,0.10647892549603352
-2.17316,12,197.363638,1.0,0.027219439687081442
-13.263302,47,197.393639,1.0,0.04291867175215605
-6.160935,40,197.416638,1.0,0.04900295243693252
-30.906756,157,197.506107,1.0,0.04645884370159875
-42.782296,200,197.618668,0.0,0.13645582021631866
-0.141547,2,197.620649,1.0,0.022471174811323845
-3.673654,19,197.632654,1.0,0.044925976663629255
-33.962502,200,198.030759,0.0,0.09649516699402683
-45.80614,200,198.175792,0.0,0.14469605869562868
-13.704741,49,198.209795,1.0,0.04630004587186004
-24.835548,126,198.289353,1.0,0.04582247820838351
-20.945365,146,198.375884,1.0,0.04157907061395004
-33.411177,200,198.494379,0.0,0.13048035437439237
-47.183634,200,198.606903,0.0,0.2198531106455269
-4.767907,34,198.627691,1.0,0.04999867939820764
-10.888848,31,198.653526,1.0,0.04261085556597594
-3.963717,24,198.668526,1.0,0.04605485562061173
-29.21679,118,198.736531,1.0,0.04692387568329931
-15.0979,92,198.792048,1.0,0.0450947884879386
-27.807622,187,198.895567,1.0,0.04694036521077936
-13.806779,70,198.940084,1.0,0.04741832490233794
-8.032026,67,198.980616,1.0,0.04093248547247008
-24.104617,61,199.017616,1.0,0.044177164341454266
-39.389352,200,199.141653,0.0,0.12630992868841256
-14.00941,44,199.169653,1.0,0.04260941194827162
-18.055928,39,199.194654,1.0,0.04949516255245575
-47.794079,200,199.684956,0.0,0.2065681628562641
-24.532316,116,199.755465,1.0,0.048304701600787966
-26.210997,118,199.839469,1.0,0.04095591151551903
-12.278944,39,199.864974,1.0,0.0446714136460517
-5.168878,16,199.874975,1.0,0.04884835433421959
-16.787653,35,199.898978,1.0,0.04880421458987617
-15.644028,78,199.946501,1.0,0.0452078255747371
-7.529112,17,199.957501,1.0,0.03882304056269108
-23.407486,116,200.022996,1.0,0.04218755328185817
-15.939386,135,200.097516,1.0,0.047211733069488275
-18.998525,68,200.137526,1.0,0.049920974965407296
-12.581399,60,200.173046,1.0,0.045241004123298595
-10.358597,26,200.189046,1.0,0.04819561686357075
-19.719238,27,200.205045,1.0,0.034291528689290904
-14.812253,112,200.267602,1.0,0.03404384991214039
-12.975687,34,200.287603,1.0,0.04175171172686624
-22.560728,126,200.358134,1.0,0.04235169896017514
-29.667954,127,200.433135,1.0,0.04588880538598346
-8.753088,21,200.445652,1.0,0.03409516718410178
-58.614897,200,200.558166,0.0,0.24093482223331233
-21.293018,29,200.576168,1.0,0.027725975110637312
-33.355837,197,200.688685,1.0,0.045409815180995836
-7.78639,35,200.707685,1.0,0.04692038062621842
-65.39809,200,200.822201,0.0,0.22555250628628987
-24.891532,78,201.156763,1.0,0.04916485333075037
-55.098773,200,201.309284,0.0,0.34919225689468
-19.578601,44,201.346806,1.0,0.04864164151106878
-12.906315,50,201.376689,1.0,0.0484846576478233
-14.396596,92,201.430682,1.0,0.0435698404579389
-25.41808,86,201.483214,1.0,0.049870319447975
-2.374453,13,201.490216,1.0,0.03727841203634894
-14.183245,52,201.520217,1.0,0.04455668669646537
-15.368678,69,201.560731,1.0,0.048829515479246306
-4.639989,17,201.570732,1.0,0.04389131551547597
-22.266311,88,201.622743,1.0,0.04713730209127677
-5.334459,30,201.640913,1.0,0.04425882603983223
-15.192322,36,201.662913,1.0,0.046066481507883755
-7.873977,19,201.674914,1.0,0.04855760920056246
-12.009149,98,201.734923,1.0,0.03541054059387365
-10.105855,45,201.763436,1.0,0.04418394530117666
-5.730732,32,201.784433,1.0,0.03617155624580249
-66.23279,200,201.908982,0.0,0.22819012294537128
-17.567608,56,201.948399,1.0,0.044595063393996166
-11.305497,64,201.991401,1.0,0.0499187311607455
-9.877889,30,202.011428,1.0,0.04577912871321598
-7.377395,27,202.029419,1.0,0.04047211957331961
-49.28463,200,202.148517,0.0,0.1655871649022195
-11.581542,21,202.161515,1.0,0.03933464238661186
-20.935358,110,202.227584,1.0,0.0493289945656693
-13.23358,84,202.27736,1.0,0.04644971722502777
-9.691575,30,202.295363,1.0,0.039239486212296386
-19.27256,37,202.31636,1.0,0.0489140086965084
-11.829622,48,202.343493,1.0,0.04180352784917116
-8.552162,30,202.361496,1.0,0.046400379495157934
-38.420706,200,202.790526,0.0,0.159036244605143
-15.025376,85,202.850076,1.0,0.04330780154741906
-21.885239,76,202.913072,1.0,0.049062924728208994
-0.573115,4,202.915071,1.0,0.04950072899575254
-8.314939,46,202.944554,1.0,0.04558416318558291
-3.839389,16,202.954555,1.0,0.04394159790072406
-17.162316,81,203.007555,1.0,0.04343240976621588
-48.687579,200,203.124084,0.0,0.14682433998619934
-33.297484,174,203.225559,1.0,0.04906313836236055
-6.690626,28,203.243091,1.0,0.04421365490495114
-4.229424,27,203.259092,1.0,0.04306618014928296
-49.539905,200,203.372555,0.0,0.15616663732387268
-38.279995,200,203.489119,0.0,0.10505432824035636
-13.617968,48,203.517122,1.0,0.049221549465672074
-2.161243,16,203.527152,1.0,0.03764072258634602
-9.267062,21,203.539124,1.0,0.04631439907451252
-16.324687,32,203.556621,1.0,0.04361419661291314
-41.685435,200,203.674163,0.0,0.2829745199609691
-9.153346,29,203.692174,1.0,0.04450096248640673
-7.495002,34,203.71216,1.0,0.04697651730606579
-45.314153,200,203.822431,0.0,0.16364676486647073
-36.829442,200,203.937963,0.0,0.1369590750162903
-17.34668,53,203.968475,1.0,0.040160545791704194
-9.128912,33,204.300038,1.0,0.04138553407970614
-5.655319,38,204.330043,1.0,0.045758187313038476
-59.771106,200,204.473075,0.0,0.25279263015096604
-85.410641,200,204.60564,0.0,0.3725168122948275
-14.689582,33,204.628649,1.0,0.0433780596720681
-58.610357,200,204.755705,0.0,0.2893108211965468
-44.232709,200,204.873616,0.0,0.0881166658432244
-2.087446,10,204.879615,1.0,0.04968583718641685
-9.968624,32,204.899613,1.0,0.03497372633768346
-6.297488,21,204.912616,1.0,0.04498934180117712
-22.613115,52,204.944092,1.0,0.04960833296140687
-8.255377,39,204.968659,1.0,0.04677517303849171
-4.22815,20,204.983319,1.0,0.0467008457841262
-11.093276,36,205.007517,1.0,0.040214876314524216
-13.654413,41,205.033513,1.0,0.04135389961801925
-18.453285,55,205.064583,1.0,0.04624718548580737
-10.083392,84,205.115582,1.0,0.04422633395162035
-15.239746,100,205.173057,1.0,0.04317781580353554
-83.2111,200,205.287572,0.0,0.3979034145475302
-7.522841,28,205.304573,1.0,0.04938900192762264
-12.313412,32,205.323574,1.0,0.03817258748341302
-3.323118,14,205.332614,1.0,0.04280668249221726
-11.725726,62,205.369057,1.0,0.04530695153077328
-6.801652,37,205.391059,1.0,0.04841794360408632
-15.20681,54,205.422064,1.0,0.04967356239080141
-5.403698,15,205.430066,1.0,0.0318716070303147
-24.285189,81,205.483289,1.0,0.04487014861157987
-53.722955,200,205.907498,0.0,0.16852199753848154
-0.002317,1,205.909498,1.0,0.0021760714061588617
-6.572759,30,205.927504,1.0,0.03816436286368497
-7.499041,31,205.949019,1.0,0.04339988159283614
-12.588258,30,205.968019,1.0,0.04541041601033228
-22.21362,38,205.992018,1.0,0.04501332397267391
-2.002523,11,205.999021,1.0,0.03450876877020071
-46.053933,200,206.130896,0.0,0.1777786721260034
-15.072049,60,206.16892,1.0,0.046725312253254
-39.542197,200,206.288484,0.0,0.17317322279178785
-8.495115,38,206.312487,1.0,0.04956337104644775
-72.064081,200,206.428061,0.0,0.3757050515380386
-13.94458,37,206.449544,1.0,0.04767012510668366
-2.774095,13,206.457536,1.0,0.04802443112273211
-36.093559,200,206.57409,0.0,0.06680006480004493
-2.410588,13,206.58209,1.0,0.034045168126928746
-13.422728,30,206.600093,1.0,0.03012179110068492
-65.569957,200,206.713629,0.0,0.22612632077377479
-49.712938,200,206.824794,0.0,0.11118867742488599
-8.857728,49,206.854343,1.0,0.047993476393931374
-10.730817,23,206.867341,1.0,0.04005794673557159
-19.191397,46,206.895376,1.0,0.04781970317163138
-37.968033,200,207.010802,0.0,0.07857510952145463
-5.952797,37,207.03482,1.0,0.04749395312954904
-0.04717,1,207.036823,1.0,0.04702831291890278
-21.569333,175,207.47621,1.0,0.04955505749013857
-18.033523,84,207.54773,1.0,0.045284478701073716
-65.336547,200,207.687242,0.0,0.2599398734394691
-30.547465,200,207.810248,0.0,0.12846673833348465
-8.793965,27,207.82817,1.0,0.04428647883406375
-13.973734,63,207.867392,1.0,0.047631916956704635
-15.937791,46,207.8954,1.0,0.0458009669065389
-12.215339,102,207.956682,1.0,0.047876798937052156
-22.585093,52,207.988281,1.0,0.042923700827985044
-6.479433,51,208.019312,1.0,0.04276103338257549
-3.916849,24,208.035283,1.0,0.04778907673109351
-72.715545,200,208.149326,0.0,0.36020267863538746
-13.821012,39,208.175496,1.0,0.049327253909985644
-17.067363,125,208.247943,1.0,0.04977662280469348
-9.848149,24,208.262943,1.0,0.048396176384728984
-31.540704,149,208.348461,1.0,0.04703536716744121
-61.738238,200,208.464978,0.0,0.21009601560955826
-28.354674,200,208.581524,0.0,0.09721029897281472
-21.322293,114,208.646038,1.0,0.049110860243505
-10.399799,48,208.674034,1.0,0.043511549044025155
-19.952123,65,209.016593,1.0,0.049394595957016896
-11.405498,34,209.038596,1.0,0.04813375954094149
-37.903408,200,209.170612,0.0,0.24837542440911198
-47.337869,200,209.28909,0.0,0.18474913838825321
-0.144997,2,209.291655,1.0,0.030660554346809782
-22.272942,63,209.330658,1.0,0.04994574880371791
-9.459787,26,209.345166,1.0,0.029420699923466787
-13.264729,79,209.38917,1.0,0.04827694131418866
-9.871094,61,209.42417,1.0,0.04966499163606589
-13.632489,88,209.476696,1.0,0.04762526916484029
-14.252238,85,209.526376,1.0,0.04887957030300061
-22.828326,155,209.621045,1.0,0.049854936104637385
-19.647034,65,209.65656,1.0,0.04690288240915575
-19.189006,95,209.711561,1.0,0.04329647109610861
-10.412306,48,209.740567,1.0,0.046054053264798084
-4.484442,30,209.757078,1.0,0.04041914616440545
-17.677172,153,209.845596,1.0,0.04635257462964369
-5.782153,22,209.858593,1.0,0.04555568422314347
-11.739913,68,209.895594,1.0,0.043398411944952565
-22.538922,146,209.97811,1.0,0.0482380505431804
-7.173762,28,209.993617,1.0,0.041395298895224926
-17.765909,62,210.031329,1.0,0.04465317892284748
-26.401653,170,210.147361,1.0,0.047339358510106365
-28.195405,151,210.583937,1.0,0.04854327645927451
-11.118557,78,210.646966,1.0,0.04890662027639944
-11.373598,30,210.665513,1.0,0.04230355501887096
-9.895112,39,210.689507,1.0,0.04940565857419486
-12.827324,31,210.714511,1.0,0.03447470370307119
-25.454148,135,210.805026,1.0,0.04877852646198102
-16.290555,48,210.835031,1.0,0.04973187434446894
-48.664646,200,210.950783,0.0,0.25003708865715357
-11.395914,56,210.981786,1.0,0.04380845670589755
-17.418729,72,211.023786,1.0,0.046981135876107034
-5.040473,36,211.045314,1.0,0.04317457563811835
-9.074248,52,211.079311,1.0,0.04591839149367222
-10.989974,33,211.098315,1.0,0.045616508257796076
-33.259072,200,211.212839,0.0,0.10040639690221609
-16.358616,87,211.264366,1.0,0.04834066298744267
-51.169023,200,211.380893,0.0,0.3001807928138739
-8.633997,58,211.415893,1.0,0.047066062132889296
-0.400054,4,211.418893,1.0,0.03796480676070188
-10.370033,49,211.447422,1.0,0.047866659634179146
-7.838912,33,211.467421,1.0,0.04594780379111225
-13.198907,29,211.484421,1.0,0.04194479381053603
-26.038409,48,211.513421,1.0,0.044681993828016645
-8.123489,75,211.556948,1.0,0.04621334770984294
-12.399169,48,211.585944,1.0,0.04630999826035629
-0.259028,3,211.588943,1.0,0.03689285299890769
-16.656856,45,211.612943,1.0,0.04862164702462615
-22.827133,64,211.65047,1.0,0.03669194887894042
-0.135854,2,211.65147,1.0,0.012951857344784682
-11.744951,37,211.67247,1.0,0.045203205286619114
-38.082659,200,211.788999,0.0,0.1244831965865894
-38.694179,200,212.20105,0.0,0.07317177312608446
-8.356704,40,212.22905,1.0,0.04882419668220762
-11.608502,29,212.250231,1.0,0.04695154423636651
-6.726162,25,212.274048,1.0,0.04865570048376454
-24.593144,113,212.341059,1.0,0.04805966801042803
-12.829268,35,212.363647,1.0,0.04616467629801125
-16.278297,32,212.382647,1.0,0.03782236337087056
-35.99264,200,212.498165,0.0,0.09399294567617636
-13.014094,47,212.525165,1.0,0.04322954666513733
-23.240195,80,212.571649,1.0,0.042291697420496197
-17.396411,47,212.600648,1.0,0.04993816309514693
-33.074586,200,212.72019,0.0,0.1521307731414709
-11.435138,42,212.745704,1.0,0.04076391127299603
-6.84422,38,212.767101,1.0,0.04974973082599945
-17.475041,100,212.829102,1.0,0.04923476386302397
-34.893149,200,212.957163,0.0,0.059261170455464446
-13.564919,24,212.973164,1.0,0.02383149676937533
-16.906742,69,213.018162,1.0,0.0484501611214473
-11.515005,46,213.047696,1.0,0.04525142237259221
-37.467588,200,213.172207,0.0,0.15839111383289034
-18.764295,32,213.192207,1.0,0.04945410223255901
-51.457993,200,213.30984,0.0,0.20425275247408706
-68.357185,200,213.73501,0.0,0.4104990679688216
-11.059754,40,213.759516,1.0,0.04665634551575083
-6.792155,25,213.776516,1.0,0.048766236326204984
-19.873354,59,213.813516,1.0,0.04886430807397543
-10.987391,50,213.843519,1.0,0.045090040852074985
-25.213248,99,213.905033,1.0,0.046967525036727215
-13.86174,54,213.938039,1.0,0.049743093491927313
-44.570735,200,214.059059,0.0,0.336154373604241
-14.722342,19,214.071056,1.0,0.046974758847901164
-20.513691,32,214.090059,1.0,0.0420141543649976
-23.59085,71,214.132064,1.0,0.04900865476722969
-11.10871,32,214.151582,1.0,0.04062747599236647
-0.01954,1,214.152579,1.0,0.019398090696845244
-46.491053,200,214.268109,0.0,0.11935810024738136
-4.628814,26,214.284109,1.0,0.04790190210211946
-30.837661,200,214.399372,0.0,0.2756232629823208
-9.421131,32,214.418369,1.0,0.048273179615594276
-16.880516,90,214.470886,1.0,0.04818763569882834
-36.748604,200,214.582415,0.0,0.14954194066062187
-8.767413,41,214.607414,1.0,0.04280484602873267
-9.174665,43,214.63542,1.0,0.043073407863979195
-60.919586,200,214.74847,0.0,0.24539697425193194
-11.241547,43,214.77247,1.0,0.04646715495418941
-11.141276,69,214.811471,1.0,0.04833898241738894
-59.917939,200,215.22624,0.0,0.28212935965483416
-15.156709,35,215.247751,1.0,0.04755249725209263
-16.2603,86,215.304751,1.0,0.04875242057980464
-15.52721,110,215.383269,1.0,0.045241010913601276
-11.716332,40,215.40827,1.0,0.04841032497369218
-16.371567,59,215.442281,1.0,0.04484637828397184
-52.256937,200,215.567632,0.0,0.2343234563025886
-8.302892,37,215.590634,1.0,0.03933486274260137
-13.790684,35,215.612633,1.0,0.045433231737603025
-3.719294,26,215.631642,1.0,0.048299030011477895
-0.136924,2,215.634642,1.0,0.04915472907771692
-15.88984,31,215.660153,1.0,0.024273431689093638
-25.207466,32,215.682153,1.0,0.034259708888940144
-5.756378,21,215.696154,1.0,0.04360530199588201
-10.651341,39,215.722155,1.0,0.0494347684271564
-12.358745,35,215.745158,1.0,0.048012636710899156
-17.991484,69,215.789664,1.0,0.046080837308916926
-77.904842,200,215.918188,0.0,0.379406195959528
-10.383852,24,215.935196,1.0,0.048072052832526774
-18.832116,34,215.95771,1.0,0.04690698883727163
-3.396039,30,215.97671,1.0,0.04848571963940437
-37.107269,200,216.109311,0.0,0.24172299421659757
-36.03949,200,216.231451,0.0,0.17089785966815615
-21.369972,55,216.263978,1.0,0.04993533315055355
-16.465509,43,216.289978,1.0,0.04505011027538953
-8.524632,48,216.317975,1.0,0.04279421184478976
-15.288498,41,216.342702,1.0,0.048739329926529754
-18.928366,25,216.36493,1.0,0.03608828286287278
-20.075694,37,216.38593,1.0,0.04399605826587285
-45.569057,200,216.792041,0.0,0.20339830645142074
-14.358318,63,216.832034,1.0,0.04513291493310516
-14.02111,66,216.874587,1.0,0.04293812743516728
-14.579399,65,216.91259,1.0,0.04311615061893362
-4.515073,36,216.935599,1.0,0.04949663312365159
-1.340817,12,216.943599,1.0,0.043063229349976265
-38.128676,200,217.066215,0.0,0.07306402312513448
-14.804503,48,217.092216,1.0,0.04964653127740825
-9.450139,23,217.107248,1.0,0.0486682002118086
-39.64074,200,217.223753,0.0,0.08050907455904213
-55.315774,200,217.33719,0.0,0.33249110603890286
-15.234244,41,217.360726,1.0,0.04758753481292702
-34.850132,200,217.47118,0.0,0.1860703002460821
-12.670285,39,217.49518,1.0,0.043546621110583106
-3.253634,25,217.510177,1.0,0.046728959852962625
-21.227516,95,217.563698,1.0,0.03922401471803689
-31.940197,200,217.680276,0.0,0.09316533869995022
-16.758461,45,217.706931,1.0,0.04501812325610623
-13.247626,47,217.740096,1.0,0.044318941191450745
-12.883435,38,217.762608,1.0,0.041864594298234
-12.615056,97,217.818609,1.0,0.044635051723079584
-7.570119,33,217.838614,1.0,0.04780455377189178
-46.77264,200,217.953643,0.0,0.2725172699759492
-9.320246,40,218.292881,1.0,0.04535217433797106
-20.879641,57,218.338882,1.0,0.04603529496352104
-7.03695,23,218.355396,1.0,0.04204644330074781
-16.717733,26,218.3734,1.0,0.04263503069589383
-8.67133,31,218.392397,1.0,0.049966624537275066
-33.653036,200,218.52992,0.0,0.07607571850960548
-11.580761,55,218.570404,1.0,0.043393146452447365
-36.020785,200,218.699736,0.0,0.2630643162114127
-23.501466,78,218.746746,1.0,0.04955731874091304
-29.294573,150,218.836564,1.0,0.04466520469753006
-5.658784,30,218.855595,1.0,0.04689783929248396
-6.46218,45,218.882597,1.0,0.04914899438523118
-11.758534,43,218.908242,1.0,0.04690223667380517
-36.706696,200,219.025428,0.0,0.1055603811045769
-3.964393,32,219.044432,1.0,0.0454601355075819
-17.236101,53,219.075921,1.0,0.04924169797782801
-23.967333,98,219.131927,1.0,0.044976081332117335
-7.811093,23,219.145939,1.0,0.04462766190323633
-11.491687,30,219.163539,1.0,0.04462571496980054
-16.250247,37,219.186526,1.0,0.04111024613121957
-7.872821,29,219.205526,1.0,0.046042645039175635
-21.587897,48,219.23253,1.0,0.04859175449726589
-11.026708,63,219.269081,1.0,0.04578858264781944
-9.683587,43,219.293067,1.0,0.04365163818261188
-12.278595,43,219.317068,1.0,0.04860811035332322
-6.675012,45,219.343057,1.0,0.048192788329117595
-40.139404,200,219.458116,0.0,0.17489133146387323
-23.345442,98,219.515119,1.0,0.04786151615455868
-8.616343,50,219.544128,1.0,0.04599083609656923
-19.630802,57,219.859434,1.0,0.04173214902130316
-46.306939,200,219.982945,0.0,0.21647206993475385
-13.927219,61,220.023946,1.0,0.04762255932775859
-6.245034,25,220.041953,1.0,0.04642984829597186
-13.32463,53,220.073051,1.0,0.03770869542944773
-8.692801,62,220.109037,1.0,0.0495889782436681
-50.361239,200,220.229563,0.0,0.23479897978921982
-7.469338,37,220.253086,1.0,0.048333120745328396
-48.587421,200,220.368628,0.0,0.19572978635030377
-18.346755,58,220.40363,1.0,0.0441241643778669
-42.344945,200,220.521862,0.0,0.28819024560823386
-7.792443,41,220.546885,1.0,0.04556598748443666
-4.940861,19,220.556467,1.0,0.04593450276608942
-2.615268,30,220.572446,1.0,0.04743697855921503
-10.575658,46,220.599458,1.0,0.048609835054853716
-5.617595,36,220.621447,1.0,0.04605570194240933
-16.590513,88,220.671052,1.0,0.046019888748895656
-15.097445,46,220.697047,1.0,0.04462935503803557
-56.758743,200,220.814586,0.0,0.2893752836249054
-23.232709,63,220.854115,1.0,0.04735584226017853
-27.833383,142,220.938167,1.0,0.04178418747430109
-8.638761,62,220.975673,1.0,0.0489387579647374
-38.790968,200,221.44576,0.0,0.16236429994589582
-17.667851,65,221.493836,1.0,0.04990665835061159
-5.565888,38,221.525835,1.0,0.04968252882682663
-14.307922,75,221.585345,1.0,0.04820477892400192
-9.062192,27,221.605344,1.0,0.04316008137401807
-22.232826,173,221.710427,1.0,0.047449262668043814
-4.457718,30,221.72845,1.0,0.04499291671366747
-11.127859,30,221.747433,1.0,0.040864189004616795
-16.623625,59,221.78246,1.0,0.049081746905821885
-5.94728,26,221.797464,1.0,0.04699524110050907
-45.651638,200,221.913012,0.0,0.13495352167378163
-13.632827,51,221.941017,1.0,0.0485915963989947
-33.088251,162,222.036509,1.0,0.04873190983447944
-15.574633,39,222.060024,1.0,0.03498774827515404
-57.94613,200,222.17061,0.0,0.2519193520380687
-19.91608,43,222.196604,1.0,0.040476019941478654
-0.045045,1,222.197615,1.0,0.04490389633032975
-56.51408,200,222.314126,0.0,0.24220595084167262
-9.361238,29,222.332129,1.0,0.04511981200629834
-68.746679,200,222.444654,0.0,0.18687906809763366
-9.279388,65,222.481165,1.0,0.045891595976929656
-14.964346,55,222.513193,1.0,0.049832880080765876
-0.007637,1,222.514168,1.0,0.007495777709291333
-0.094495,2,222.516165,1.0,0.02291961254435937
-10.516711,33,222.534166,1.0,0.0481686833342221
-15.117779,53,222.563649,1.0,0.041284829693363216
-18.944638,58,222.596649,1.0,0.048523079235862535
-10.327837,42,222.621655,1.0,0.0484653777019531
-63.564442,200,223.035743,0.0,0.23523021057474816
-4.300792,34,223.056259,1.0,0.04612410757648015
-15.364431,57,223.090256,1.0,0.04574807824998367
-9.984249,29,223.108259,1.0,0.03893374474005125
-23.278813,36,223.130259,1.0,0.04082284520358133
-16.425547,147,223.217507,1.0,0.03950073069873411
-5.245771,22,223.230535,1.0,0.04233784861065864
-9.328803,49,223.262052,1.0,0.0485909902506259
-16.641363,40,223.28505,1.0,0.039007160698085824
-8.271851,53,223.319053,1.0,0.044948645136485575
-23.627579,100,223.377576,1.0,0.04481506895895788
-9.599644,30,223.395597,1.0,0.048211557619788174
-51.068247,200,223.509105,0.0,0.20661993154458055
-12.805315,42,223.532095,1.0,0.04938103615166852
-12.962322,38,223.554616,1.0,0.04227172081373564
-0.098245,2,223.556619,1.0,0.04558982527933516
-14.56281,34,223.57662,1.0,0.046856076184280344
-21.37379,48,223.604616,1.0,0.03956497281015895
-15.965577,81,223.653092,1.0,0.04605544710961998
-8.219596,37,223.675085,1.0,0.04704073315384104
-13.665363,63,223.711085,1.0,0.04543270337965091
-5.810093,18,223.722081,1.0,0.048989216372353685
-13.612947,37,223.743555,1.0,0.04822111357192248
-38.286526,200,223.859164,0.0,0.11601359142448182
-13.232088,70,223.901139,1.0,0.04739075694339149
-37.84619,200,224.024659,0.0,0.20493061400553708
-55.029401,200,224.149167,0.0,0.2143825664954172
-11.817835,28,224.495203,1.0,0.048736296264952815
-13.929437,25,224.516203,1.0,0.03936143318437779
-53.334286,200,224.663834,0.0,0.15414322747783268
-49.918493,200,224.786371,0.0,0.18697570865074575
-9.482617,70,224.826374,1.0,0.04946836817437664
-40.641716,200,224.939944,0.0,0.13599659551838889
-15.385784,66,224.97747,1.0,0.04894919758268259
-11.577122,27,224.99247,1.0,0.048367909679260475
-17.926162,145,225.075018,1.0,0.04494934523763337
-21.595735,48,225.103021,1.0,0.04969487193378947
-12.909337,70,225.144024,1.0,0.048726842756283285
-20.512594,54,225.173519,1.0,0.04662829094223776
-40.250103,200,225.285038,0.0,0.13028250767262356
-17.90226,77,225.332039,1.0,0.04847367687850943
-38.253412,200,225.448457,0.0,0.07977742917578363
-77.01998,200,225.561415,0.0,0.26439068173716906
-38.808574,200,225.67495,0.0,0.14388118258424182
-70.627485,200,226.115826,0.0,0.3721668855190528
-43.071519,200,226.251868,0.0,0.26745004508872494
-17.284015,42,226.276865,1.0,0.03891992372557357
-23.25472,78,226.324865,1.0,0.04872260013788568
-47.161794,200,226.446415,0.0,0.15394299478731183
-7.150191,24,226.460931,1.0,0.04249204059054013
-9.531533,36,226.483928,1.0,0.04275949834205836
-8.922756,47,226.511944,1.0,0.04073970258667877
-7.95484,26,226.527927,1.0,0.04682504130118831
-7.481112,21,226.539932,1.0,0.04040837008702406
-47.522216,200,226.655077,0.0,0.2542916608471066
-9.149936,29,226.673055,1.0,0.03591046297121016
-37.346323,184,226.787595,1.0,0.04644182821798267
-19.266433,41,226.814595,1.0,0.042202779114909404
-5.757767,45,226.846601,1.0,0.03605092882351124
-0.696826,10,226.855114,1.0,0.039121122859869385
-12.166756,26,226.872114,1.0,0.041239484432430286
-12.817688,43,226.899115,1.0,0.04801512212856827
-5.84956,54,226.936114,1.0,0.03915211469694421
-27.288933,144,227.022344,1.0,0.04605871646758991
-11.777725,32,227.042355,1.0,0.037137207033484804
-8.061404,53,227.073892,1.0,0.043316562784526176
-35.415661,200,227.191605,0.0,0.11661554705493161
