#{"t_start": 1783800756.6994908, "env_id": null}
r,l,t,is_success,final_distance,tau_sum_total,episode_energy,episode_mean_tau_sum
-114.943685,200,2.097845,0.0,0.5107970562988221,3359.218219971272,19.924637694876058,16.79609109985636
-190.40466,200,2.242872,0.0,0.9570521283574712,3540.1735094201913,20.257694180734912,17.700867547100955
-187.119594,200,2.371179,0.0,0.9855117297059179,3528.747946404836,19.914421360444507,17.64373973202418
-153.727646,200,2.496739,0.0,0.7797642169079362,3395.637379661031,19.306867672567805,16.978186898305154
-118.733555,200,2.626842,0.0,0.578184688544748,3531.6799412060113,20.734835281574355,17.658399706030057
-123.735518,200,2.757117,0.0,0.6312753109680378,3281.5768010716097,19.185039599589608,16.40788400535805
-150.396562,200,2.893175,0.0,0.6914917278977771,3528.6331611074456,20.747420719244143,17.64316580553723
-185.244852,200,3.0239,0.0,0.9517539736432579,3348.2987759491075,19.159485010025065,16.741493879745537
-116.300823,200,3.161996,0.0,0.5653676761290607,3439.1737383991576,20.239330182874692,17.195868691995788
-171.281421,200,3.31539,0.0,0.7873097448058723,3218.5975350473527,19.10764190562772,16.092987675236763
-115.897565,200,3.993187,0.0,0.5715524135165386,3361.1863110609743,20.01879592778053,16.80593155530487
-128.533577,200,4.140732,0.0,0.6608439983608101,3223.3093285923856,18.598297610487187,16.11654664296193
-109.731325,200,4.291171,0.0,0.3681179611823467,3363.570166357454,19.53276684264969,16.817850831787272
-118.054052,200,4.434707,0.0,0.3977823712143859,3028.1460725679112,18.03598185445017,15.140730362839555
-67.1049,200,4.567421,0.0,0.29160489591016187,3359.544375800191,19.853222688858374,16.797721879000957
-119.368734,200,4.695268,0.0,0.49571355635265724,3142.9721235877078,17.686494809818154,15.71486061793854
-104.002042,200,4.83067,0.0,0.33230366889833307,3226.2051728269853,19.008674565740815,16.131025864134926
-119.072534,200,4.959607,0.0,0.564206996118036,3321.8035418591357,19.68721176989598,16.609017709295678
-53.042463,200,5.088626,0.0,0.24597668992019045,3497.2105850795056,20.16220709690997,17.486052925397527
-95.172186,200,5.219073,0.0,0.5347417577598108,3283.822750039297,19.362781777405505,16.419113750196484
-148.712767,200,5.847111,0.0,0.6910997633636402,3459.558121128544,19.464563666100627,17.29779060564272
-102.926349,200,6.020675,0.0,0.495404609639322,3296.067801856839,19.734855392646036,16.480339009284197
-59.20205,200,6.155284,0.0,0.19646108117704186,3452.9243705728904,20.21783822197958,17.26462185286445
-175.011652,200,6.283002,0.0,0.8492490101828446,3469.14251276847,20.163997072439553,17.34571256384235
-172.266151,200,6.408775,0.0,0.8181826620692868,3455.865956817294,20.00768284105113,17.27932978408647
-83.156093,200,6.537482,0.0,0.4916417316544245,3514.8158416076967,20.140397453780103,17.574079208038484
-85.525074,200,6.665892,0.0,0.4182818808787975,3551.966317381099,20.582109558698185,17.759831586905495
-121.316643,200,6.799699,0.0,0.5676534625811839,3295.02374239708,19.173822488718113,16.4751187119854
-106.610146,200,6.929013,0.0,0.41676579376867673,3455.491497759198,20.119027523924544,17.27745748879599
-125.576713,200,7.055482,0.0,0.6730346814477228,3356.0478969866,19.08415245756632,16.780239484933
-165.945522,200,7.623864,0.0,0.7939258138727651,3234.7023618753433,19.605736743614163,16.173511809376716
-156.345332,200,7.833389,0.0,0.9480494778640306,3175.9610101655226,18.891123658007174,15.879805050827613
-189.728596,200,7.991161,0.0,0.9654853570662615,2959.097610442311,17.548314542174253,14.795488052211557
-97.447713,200,8.130769,0.0,0.4925297402222176,3209.334077605126,18.553841529365172,16.04667038802563
-136.91062,200,8.270593,0.0,0.6395286153414049,3418.502221217255,19.740920282894248,17.092511106086274
-120.33554,200,8.40022,0.0,0.5985492677291689,3516.692081588955,21.311067990076058,17.583460407944774
-179.046901,200,8.528814,0.0,1.0058787602479238,3331.2493944189073,19.768448176599453,16.656246972094536
-74.753394,200,8.659023,0.0,0.3756168931391046,3268.079507311366,18.59373117388017,16.34039753655683
-56.272267,200,8.787946,0.0,0.4645291350638224,3393.215117271669,19.464937850493794,16.966075586358343
-134.030351,200,8.933401,0.0,0.49221624285766735,3471.912383059125,19.999285776061605,17.359561915295625
-203.209556,200,9.524579,0.0,0.9623870957958088,3513.657774130907,20.152816798781142,17.568288870654534
-130.67703,200,9.73293,0.0,0.5961188712377151,3424.5699127014163,19.174829367587684,17.12284956350708
-151.378769,200,9.872542,0.0,0.7007219428790128,3348.4711042714034,19.590628468148573,16.742355521357016
-193.463937,200,10.009714,0.0,0.9819828223920422,3213.7174238577118,19.22796128388699,16.06858711928856
-194.264177,200,10.15352,0.0,1.03223869240992,3421.663738091765,20.54655782242643,17.108318690458827
-159.125723,200,10.296709,0.0,0.7689399062197039,3183.0073074508173,18.869833194950935,15.915036537254087
-64.261367,200,10.419763,0.0,0.32356765879773414,3085.94431187408,18.601404316458087,15.4297215593704
-92.816971,200,10.555681,0.0,0.54540667988543,3157.861864399159,19.208266193607376,15.789309321995795
-79.649941,200,10.68564,0.0,0.34560046839766145,3622.3510968209516,21.539569774913947,18.11175548410476
-142.78809,200,10.821887,0.0,0.6224335036329861,3187.0062007752144,19.743426657245642,15.935031003876071
-155.681652,200,10.949779,0.0,0.8167742846608765,3339.14603065917,19.232977441044802,16.695730153295848
-130.418338,200,11.605602,0.0,0.7003112173474886,3185.736494791376,18.77664588348344,15.928682473956881
-58.946181,200,11.746491,0.0,0.2240297669471849,3390.435889314014,19.642291841585678,16.95217944657007
-93.175483,200,11.880842,0.0,0.3082995295703051,3247.206331169004,19.262243515011928,16.23603165584502
-52.993694,200,12.017951,0.0,0.13284018129146816,3425.068616898438,19.54392540494758,17.12534308449219
-114.276922,200,12.153106,0.0,0.73402336961016,3425.6491543525667,19.195466491423716,17.128245771762835
-129.092028,200,12.28239,0.0,0.6301892655519397,3273.8686581959437,19.947909507648326,16.369343290979717
-162.886694,200,12.414525,0.0,0.8127728476096222,3642.7394441561173,21.137076053298575,18.21369722078059
-171.517517,200,12.536763,0.0,0.8750140642273774,3283.7146003404187,19.534422381975222,16.418573001702093
-155.47106,200,12.663787,0.0,0.8833048820051613,3409.6198159389714,19.61206264713548,17.048099079694857
-107.81859,200,12.785802,0.0,0.5924664133805858,3545.0956814110264,20.609018939374533,17.72547840705513
-148.328451,200,13.392769,0.0,0.6737094958846088,3329.5916751634695,18.911360295622956,16.647958375817346
-140.598515,200,13.558539,0.0,0.5304895618375858,3314.269785171114,19.3629389649218,16.57134892585557
-169.133174,200,13.728678,0.0,0.8379385372764622,3599.7015149028484,20.41458474459873,17.998507574514242
-99.65981,200,13.860888,0.0,0.4768742280489928,3419.35030430841,20.31009099554197,17.09675152154205
-165.765752,200,13.984795,0.0,0.8201199583303593,3172.509924766583,19.201111550898293,15.862549623832916
-113.647297,200,14.113981,0.0,0.5764698214762136,3387.4246604299055,19.931284123197837,16.937123302149526
-112.229498,200,14.256133,0.0,0.6759415086559457,3226.8916725783884,18.350607538557774,16.13445836289194
-133.529577,200,14.384209,0.0,0.5863333475321642,3342.6990748130493,19.341594683437755,16.713495374065246
-144.74365,200,14.512415,0.0,0.6076647680966669,3443.2037149687767,20.031651237797046,17.216018574843883
-160.421878,200,14.639807,0.0,0.8353805966491457,3026.3371721853146,18.158913646316844,15.131685860926574
-69.143618,200,15.180755,0.0,0.25415722308604805,3442.057031415587,19.935299721387494,17.210285157077934
-158.288817,200,15.365741,0.0,0.8076037846823912,3353.4757188369463,19.786898221973402,16.76737859418473
-163.251911,200,15.514431,0.0,0.8687708459556246,3323.5916925098827,19.19701672623926,16.617958462549414
-118.746651,200,15.662135,0.0,0.512615838466745,3398.480422822572,18.99162228435777,16.99240211411286
-93.675674,200,15.822709,0.0,0.4986284532131315,3200.173023686292,18.87049757417237,16.00086511843146
-104.208387,200,15.949927,0.0,0.6667315738096018,3260.890693894072,19.787873917690536,16.30445346947036
-122.2616,200,16.086034,0.0,0.6075200697995461,3355.2109896224592,19.490906886402758,16.776054948112296
-158.152146,200,16.212154,0.0,0.7924968522255934,3515.533362440163,20.110520419876345,17.577666812200814
-49.03914,161,16.317576,1.0,0.045547924980665296,2585.9110598859197,15.635308883072438,16.061559378173413
-100.700765,200,16.453839,0.0,0.46276817009513643,3515.950182756789,20.13892965002033,17.579750913783947
-62.460309,200,16.581041,0.0,0.2393877317412414,3615.9513011675676,20.013442073744397,18.07975650583784
-131.871095,200,17.165716,0.0,0.6266427127409864,3262.6018738018056,19.745806119143168,16.313009369009027
-175.064957,200,17.311925,0.0,0.8237714325132951,3293.27220309208,18.91066107438559,16.4663610154604
-159.158783,200,17.439855,0.0,0.7365189928853414,3561.4444927258733,20.645772108423078,17.807222463629365
-130.578993,200,17.568617,0.0,0.5889005823024267,3372.2008416048493,20.009627666088324,16.861004208024248
-68.576311,200,17.699673,0.0,0.44986241183545356,3590.088312894433,20.767984950042575,17.950441564472165
-117.921323,200,17.857854,0.0,0.4679111490910578,3273.6790297073003,19.21073043304005,16.3683951485365
-146.413276,200,18.013215,0.0,0.7195893474247328,3213.018712977214,18.972011816545123,16.06509356488607
-68.876944,200,18.149766,0.0,0.21502191515756694,3623.576760231106,21.558102376435052,18.117883801155532
-160.309284,200,18.278671,0.0,0.6970861628667098,3532.9559580933383,20.688969337756816,17.664779790466692
-129.592437,200,18.407867,0.0,0.542699721104038,3401.750217837248,20.62677748344158,17.00875108918624
-89.860192,200,18.98887,0.0,0.3239833262790838,3364.8167463125737,19.05252940262266,16.82408373156287
-79.758508,200,19.140747,0.0,0.4420020912435182,3605.794909004011,20.62487721305912,18.028974545020056
-61.432803,200,19.267962,0.0,0.3676599132469932,3619.0228819128383,21.25050062256935,18.095114409564193
-78.184286,200,19.401062,0.0,0.24069285265796825,3424.0169202807733,20.873985328615465,17.120084601403867
-64.6082,200,19.537379,0.0,0.39380589113791686,3428.7535247354194,19.849529012586764,17.143767623677096
-138.890489,200,19.676814,0.0,0.4846835232380291,3453.2556722498375,19.27524653669116,17.26627836124919
-118.232325,200,19.81846,0.0,0.6019248907354899,3257.6064385000277,18.607382856352814,16.28803219250014
-47.155704,200,19.980616,0.0,0.15006989943430787,3204.4983220342538,19.880953588697917,16.02249161017127
-152.470401,200,20.112322,0.0,0.7151550089442045,3115.2336190019396,18.58480440571033,15.576168095009699
-133.906916,200,20.244156,0.0,0.6565417268713695,3314.1811968536003,19.536349778075053,16.570905984268002
-97.335696,200,20.786613,0.0,0.6737821549892165,3428.6899557141096,20.251474714967763,17.14344977857055
-108.291418,200,20.969414,0.0,0.41180764866056374,2987.2437710685294,18.359229331644784,14.936218855342647
-86.441088,200,21.105511,0.0,0.15862249354616265,3222.549595227158,18.976425945577176,16.11274797613579
-46.976446,156,21.207807,1.0,0.04608660414405767,2648.783131791092,16.29762251065194,16.979379049942896
-79.363996,200,21.345778,0.0,0.09443404166936811,3188.503898799698,18.703800058631913,15.94251949399849
-132.418351,200,21.472946,0.0,0.5874089681757911,3305.686138200525,20.194270423554173,16.528430691002626
-87.143844,200,21.607903,0.0,0.4180741930535572,3567.5613675699474,20.287982812238287,17.837806837849737
-98.787667,200,21.779794,0.0,0.46167751166546306,3362.4809135824407,19.925361606424794,16.812404567912203
-82.916777,200,21.916849,0.0,0.44141314507808277,3259.143217742726,19.430257566407242,16.29571608871363
-157.387897,200,22.07048,0.0,0.6112052787281949,3198.2891116934684,19.182312982827295,15.991445558467342
-184.682952,200,22.195895,0.0,0.8929649765933532,3385.2438949975685,20.097654344458608,16.926219474987843
-71.384303,200,22.784601,0.0,0.24112383385855737,3315.2756449881517,18.501628762933876,16.576378224940758
-59.023165,200,22.922864,0.0,0.31825264721652274,3416.8357643656764,19.96820983675657,17.08417882182838
-92.515028,200,23.067728,0.0,0.36863236102528385,3206.0683669032815,18.837379922666052,16.030341834516406
-97.93437,200,23.20456,0.0,0.4040280682201998,3359.087711689453,19.567802125330697,16.795438558447266
-148.290397,200,23.338291,0.0,0.7357661559112125,3269.086330499053,19.060164867526495,16.345431652495265
-166.171495,200,23.46893,0.0,0.7127507976737412,3260.3039928837875,19.34618249581295,16.301519964418937
-139.308237,200,23.613116,0.0,0.6136190345093271,3495.159045466506,19.41287943028184,17.47579522733253
-136.161503,200,23.754347,0.0,0.44337162615853315,3133.3725180943734,18.270380073488614,15.666862590471867
-159.498679,200,23.892927,0.0,0.790719393336882,3381.205299623496,19.760240069131477,16.90602649811748
-61.694467,200,24.031303,0.0,0.4010670114365715,3478.953678045953,19.940522998693783,17.394768390229764
-62.285842,200,24.604746,0.0,0.598597515170587,3285.4915953310024,19.912116415363215,16.427457976655013
-162.801307,200,24.751906,0.0,0.8066477510503257,3526.2737843847435,20.481449042261513,17.631368921923716
-81.143414,200,24.883856,0.0,0.4581932088992753,3421.468702553572,20.367539930326355,17.10734351276786
-75.434192,200,25.01591,0.0,0.18441142549368764,3170.424161964096,18.440318325682554,15.85212080982048
-104.504053,200,25.142923,0.0,0.8343371836117558,3315.694342037914,19.541343552944454,16.578471710189568
-61.088128,200,25.285684,0.0,0.4850652061456962,3057.1085655545508,18.41903085370307,15.285542827772753
-130.537342,200,25.422901,0.0,0.672661086824305,3403.37446381061,19.908780173887017,17.01687231905305
-101.877309,200,25.57041,0.0,0.48085004903286893,3459.818531259156,19.402702905910523,17.29909265629578
-150.186628,200,25.709534,0.0,0.5872486166626005,3153.760973372779,18.712413205718747,15.768804866863896
-129.796086,200,25.852326,0.0,0.8968166689214192,3163.02439149453,18.99755683996968,15.81512195747265
-136.327877,200,26.408247,0.0,0.520534649788637,3084.2648263094698,18.295554562708336,15.42132413154735
-95.037188,200,26.57448,0.0,0.4382867536234857,3292.7396502420106,18.952535600589062,16.463698251210054
-89.717872,200,26.717909,0.0,0.2699641523837542,2942.756599332552,18.002317798772157,14.71378299666276
-109.448066,200,26.846644,0.0,0.6061331135202414,3233.3082036010715,19.281519404733505,16.166541018005358
-171.48284,200,26.973208,0.0,0.8346576764206953,3463.229236415902,20.52575882015061,17.31614618207951
-55.221022,159,27.076166,1.0,0.04345158331914116,2611.5528291835863,15.324425915391457,16.42486056090306
-134.752149,200,27.21408,0.0,0.6225344653593694,3268.7473988798292,19.477800882466983,16.343736994399148
-111.718207,200,27.353825,0.0,0.5039849244527634,3133.6616243460953,18.70519234615596,15.668308121730476
-111.915686,200,27.504569,0.0,0.5467042862822145,3274.534043187288,19.21969365690464,16.372670215936438
-117.886639,200,27.6378,0.0,0.6071708409333191,3323.3549328338668,19.78717447019564,16.616774664169334
-155.897665,200,28.15478,0.0,0.6669755571982594,2902.533948248868,17.67609814596455,14.51266974124434
-116.281599,200,28.350848,0.0,0.517076865252256,3146.1726505348547,18.741109172955912,15.730863252674274
-157.039564,200,28.48456,0.0,0.6005970942440342,3087.954330239099,18.876042449816122,15.439771651195494
-165.275121,200,28.616197,0.0,0.839410628711672,3455.2045616543955,19.816342318491223,17.27602280827198
-76.662159,200,28.747715,0.0,0.7292029076333291,3421.551173666045,19.759345594213233,17.107755868330226
-132.776118,200,28.874561,0.0,0.6913635014760487,3215.862248173622,19.04549929206715,16.07931124086811
-77.906018,200,29.004344,0.0,0.49263843082541,3329.81099367161,19.43127912201578,16.64905496835805
-144.447198,200,29.135796,0.0,0.5806310122489915,2993.053192750794,17.953205606475034,14.965265963753971
-86.731122,200,29.275904,0.0,0.8340993645766895,2589.195870165968,16.586432770178348,12.94597935082984
-89.388304,200,29.421274,0.0,0.4100607246185307,3353.8444667226768,19.643388873634198,16.769222333613385
-78.99566,200,29.561919,0.0,0.35555263518894054,3219.1161809211717,19.08541873160005,16.095580904605857
-107.295941,200,30.15766,0.0,0.40086859813586273,3132.432819437055,18.371904720237797,15.662164097185276
-121.038084,200,30.317741,0.0,0.9874997539180507,2816.901625596631,18.194051347116222,14.084508127983156
-137.03516,200,30.450668,0.0,0.6559096836261769,2999.776842000183,18.455210491162592,14.998884210000915
-109.304603,200,30.575796,0.0,0.7139175814656394,2722.3113689415345,16.43615575957894,13.611556844707673
-179.954076,200,30.707591,0.0,0.8880289590734624,3452.1250367794664,19.975368474443133,17.260625183897332
-66.572679,200,30.837946,0.0,0.28859725622500615,3441.5856590576336,20.541336925716426,17.20792829528817
-82.76976,200,30.965808,0.0,0.2386611760934062,3374.675506389532,19.971644476109557,16.87337753194766
-79.819015,200,31.095871,0.0,0.6731499994034307,2934.704769442439,18.250549705280054,14.673523847212195
-106.126705,200,31.235697,0.0,0.5932383544177051,3215.7051869219667,18.855488909104793,16.078525934609832
-80.313412,200,31.380654,0.0,0.5954566035061514,3382.6563201506374,19.466033837573953,16.913281600753187
-118.77877,200,31.977563,0.0,0.41804463152238286,3322.057026552517,19.840594155927587,16.610285132762584
-103.071321,200,32.139602,0.0,0.6001757581081159,3154.646689158714,18.13271229764252,15.773233445793569
-107.485758,200,32.267384,0.0,0.7683661353645217,3361.6882990255813,20.476554837942285,16.808441495127905
-150.813319,200,32.411066,0.0,0.6212010905235001,3151.9731176203686,18.698709462816737,15.759865588101842
-138.475921,200,32.538982,0.0,0.663840620829751,3420.700678230928,19.952684627583825,17.10350339115464
-151.258091,200,32.667684,0.0,0.5330411735079846,3071.6847970383496,17.995272117377823,15.358423985191749
-168.650905,200,32.796027,0.0,0.6926238748957732,2993.6653451443967,17.788097614389784,14.968326725721983
-152.157392,200,32.927083,0.0,0.7876081371344078,3234.633144704269,19.63627815269752,16.173165723521343
-180.025876,200,33.055794,0.0,0.9844003136443458,3528.7711633630825,20.242829879706978,17.643855816815414
-103.749853,200,33.181963,0.0,0.49863351478342016,2762.135010716667,17.299749923657377,13.810675053583333
-155.036586,200,33.794782,0.0,0.5546864873338115,3145.6523870281217,18.533651943941464,15.728261935140608
-57.295491,200,33.974528,0.0,0.3280124470780918,3028.6172447143126,18.761382360939585,15.143086223571563
-90.266284,200,34.122968,0.0,0.6090028260360555,3136.5785991625835,18.38045108609363,15.682892995812917
-97.210338,200,34.249649,0.0,0.43282979388448056,3011.254001161734,17.904681183473734,15.056270005808669
-93.31527,200,34.380187,0.0,0.5367538976898483,3117.5764026124743,18.718623138802414,15.587882013062371
-93.816824,200,34.532493,0.0,0.41175827916881713,3208.0830529731725,19.086004117044762,16.040415264865864
-97.37531,200,34.691124,0.0,1.117146420129501,2879.037956566964,17.222384094795462,14.395189782834821
-114.926292,200,34.81702,0.0,0.5016865301100657,3396.3653222796756,19.89188235032274,16.98182661139838
-34.164994,200,34.945014,0.0,0.11497210536109223,3296.224990355924,19.230561001907393,16.48112495177962
-106.311235,200,35.076685,0.0,0.7109528536764173,2971.235245219385,17.520673688332362,14.856176226096926
-119.324664,200,35.613812,0.0,0.5519045395244744,3401.617847660155,19.5482892728875,17.008089238300773
-43.345719,200,35.792973,0.0,0.3561999273613124,3111.9709657673484,18.60764597713224,15.559854828836741
-127.642342,200,35.932138,0.0,0.5858442157011345,3186.5790837526915,18.593917482810184,15.932895418763458
-83.960448,200,36.086847,0.0,0.8895373222563582,3012.353910159132,18.332285777017145,15.06176955079566
-69.783329,200,36.232239,0.0,0.530127982970706,2850.1781938618,17.564220164996325,14.250890969309001
-164.911555,200,36.397051,0.0,0.7226407626425639,3052.4023859240206,18.245961917194403,15.262011929620103
-59.496501,200,36.540724,0.0,0.2600160714411222,3066.6956879943295,18.565576922349532,15.333478439971648
-148.301981,200,36.672386,0.0,0.7035019483255287,2985.525649650553,18.587855811618283,14.927628248252766
-125.364165,200,36.804578,0.0,0.6864990442476541,3162.3115358181644,18.745035138833277,15.811557679090821
-120.517895,200,36.932941,0.0,0.5538673075999601,3283.202672110655,19.374609443948415,16.416013360553276
-117.505461,200,37.062897,0.0,0.5068337553460798,2871.2318437038257,17.45762542710276,14.356159218519128
-158.343313,200,37.612795,0.0,0.7901967958874176,3045.104213859405,19.108057051081442,15.225521069297024
-136.070948,200,37.763901,0.0,0.6987875189148648,3519.9284222917704,19.597860153877047,17.599642111458852
-157.742747,200,37.897846,0.0,0.7569915007009232,3431.534221667517,18.91711399091231,17.157671108337585
-135.149704,200,38.033833,0.0,0.6067402201571319,3333.194728316024,19.32243730141492,16.66597364158012
-156.349234,200,38.184268,0.0,0.6711148149403676,3167.33774666871,18.703147635995485,15.836688733343552
-153.380198,200,38.328735,0.0,0.6494710376281105,3259.973620088746,19.63285806519219,16.29986810044373
-153.528019,200,38.475576,0.0,0.7838863769942553,3562.2592733007655,20.25505095326302,17.81129636650383
-147.63552,200,38.62099,0.0,0.6848050092433727,2847.221773611976,17.994114602986887,14.23610886805988
-123.405957,200,38.756379,0.0,0.5946622798701583,2723.866512740014,16.339878256461446,13.61933256370007
-17.180723,65,38.804671,1.0,0.0453683699181981,796.8722484116244,5.505900713537945,12.259573052486529
-136.634565,200,38.930782,0.0,0.5797119446514603,2844.6501419161145,17.117637548205465,14.223250709580572
-141.806179,200,39.489254,0.0,0.7225595886209647,3299.7457934173462,19.477433689182668,16.49872896708673
-84.762031,200,39.63484,0.0,0.7828932788190339,2832.6099757969428,16.98072826340429,14.163049878984713
-145.380373,200,39.764637,0.0,0.7433436691940425,3366.5393019143357,20.34154462328501,16.83269650957168
-69.255417,200,39.895679,0.0,0.5063556676886697,3131.2864760294046,18.36038044866867,15.656432380147024
-158.256235,200,40.023169,0.0,0.7813652206794567,3551.9750980774106,21.042261166174352,17.759875490387053
-106.826562,200,40.159023,0.0,0.5671785123099332,2917.6680320256282,18.270892995530616,14.58834016012814
-45.450596,200,40.286561,0.0,0.2417745743017033,3554.3409771593883,20.160482202173682,17.771704885796943
-96.653366,200,40.416488,0.0,0.603012667343063,2746.723211397057,16.91853702318194,13.733616056985285
-58.475572,200,40.556782,0.0,0.2970844305786885,3236.5473683248233,18.513707308086673,16.182736841624116
-149.352212,200,40.723228,0.0,0.6067481387124553,2849.4687416947672,16.574587821112473,14.247343708473837
-82.494961,200,41.310547,0.0,0.8863365668962512,2285.3951606027945,15.156041523427403,11.426975803013972
-64.996146,200,41.468903,0.0,0.44259285691429395,3280.8483358972962,18.792398502270167,16.404241679486482
-87.657467,200,41.605067,0.0,0.8341835031324714,2822.3053011818347,17.904154113029264,14.111526505909174
-83.118621,200,41.734929,0.0,0.49113899868654254,3348.117640783517,20.45750775323189,16.740588203917586
-157.742843,200,41.871985,0.0,0.7112886478970238,2778.7374088174365,17.75495100025543,13.893687044087182
-95.062773,200,41.998629,0.0,0.8331272241526338,2343.7285215004654,15.404790588690444,11.718642607502327
-123.548318,200,42.128972,0.0,0.7015101062512313,2819.841196409761,18.25245058443693,14.099205982048804
-77.704731,200,42.263954,0.0,0.8175218599685297,2128.80870618849,14.35919265795308,10.644043530942449
-68.430091,200,42.399735,0.0,0.31779803051210165,3276.225366929692,19.685462984624706,16.38112683464846
-85.71057,200,42.534497,0.0,0.9255288238130019,2636.538273306974,17.28798252662852,13.18269136653487
-102.331685,200,43.117691,0.0,0.6768574560140442,2480.9326352931703,16.190677220752484,12.404663176465851
-119.323937,200,43.318528,0.0,0.6138205937311395,2409.999080957351,15.553400303947557,12.049995404786754
-119.133724,200,43.483148,0.0,0.6665492197896151,2286.7156409341605,14.743549971491593,11.433578204670802
-70.355634,200,43.617806,0.0,0.3724950781180805,3538.0785999822756,19.733437915948237,17.690392999911378
-79.746327,200,43.748304,0.0,0.7677762032673026,3063.6843125819773,18.93907103723804,15.318421562909887
-91.706487,200,43.878209,0.0,0.6702730974166107,3081.5183180277972,17.432709281260568,15.407591590138987
-24.933849,200,44.005776,0.0,0.10359516601971935,3393.594992254219,19.973829513906054,16.967974961271096
-113.23896,200,44.133545,0.0,0.7171425218378882,2353.0490686222665,15.522939280990352,11.765245343111333
-50.605969,200,44.264019,0.0,0.37589946698187626,3059.032351364468,18.169634442514855,15.29516175682234
-12.496359,60,44.305565,1.0,0.04956939211426534,944.0691783501828,5.84311569984944,15.73448630583638
-87.671733,200,44.430633,0.0,0.7023195869762244,2282.5278230532626,15.107713789700144,11.412639115266312
-124.234811,200,45.020055,0.0,0.7180619940863866,3228.1784919799757,19.432008434824656,16.140892459899877
-111.272453,200,45.189817,0.0,0.7509894658504039,1988.8536623359348,14.306953795393628,9.944268311679673
-115.103136,200,45.32862,0.0,0.6234759751257095,3085.144080627256,17.97576312442117,15.425720403136278
-105.412986,200,45.473874,0.0,1.0279101246118116,2234.404810382622,15.204447262214737,11.17202405191311
-138.525966,200,45.6245,0.0,0.6995819429167058,3079.0209801158553,18.081140675981082,15.395104900579277
-82.622802,200,45.770678,0.0,0.3976891487173268,2846.127745988396,17.00994065815548,14.23063872994198
-123.988926,200,45.927329,0.0,0.6256627480465803,3088.6016027988385,18.07801980386298,15.443008013994193
-95.882537,200,46.054882,0.0,0.7766407138597171,2612.7424752909124,16.382616818045033,13.063712376454562
-128.533453,200,46.193668,0.0,0.5199960609739316,2252.6937282061704,14.501506196318122,11.263468641030851
-64.667734,200,46.32783,0.0,0.6771204737422782,3547.394562690188,20.97829249798881,17.73697281345094
-130.771837,200,46.880273,0.0,0.5884373084391736,2423.3299972341215,15.594856278885919,12.116649986170607
-109.425112,200,47.065545,0.0,0.8656544134415581,2173.567860310163,14.778762215679006,10.867839301550815
-94.402761,200,47.209858,0.0,0.655530905403247,2345.794767269286,14.668060863762074,11.728973836346428
-74.204575,200,47.358827,0.0,0.4201208091553669,3234.3240867218615,19.34913876583561,16.171620433609306
-109.392018,200,47.489214,0.0,0.7513302055912345,2480.479204860974,15.582098578383611,12.402396024304869
-88.499781,200,47.614872,0.0,0.7570916099135053,2794.3048641449923,18.217155991041647,13.971524320724962
-92.036111,200,47.747499,0.0,0.7282687971977269,2121.3758028192224,14.037082132643343,10.606879014096112
-113.5069,200,47.883685,0.0,1.146345880934481,2177.0665348987745,15.095696647366497,10.885332674493872
-106.83519,200,48.00988,0.0,0.7011730801027154,2636.9317760441713,16.96400039486517,13.184658880220857
-75.523409,200,48.136834,0.0,1.001127261096717,2654.3878744956482,16.75952874048542,13.271939372478242
-123.798984,200,48.775835,0.0,0.6613016782843506,1671.602362830774,12.292542402905111,8.358011814153869
-134.088054,200,48.977612,0.0,0.6016450727820508,2252.956768206635,15.222615934726209,11.264783841033175
-94.421396,200,49.132805,0.0,0.8215873415290021,2119.5663533452944,13.607586890098947,10.597831766726472
-71.427868,200,49.263919,0.0,0.3943057513619186,3196.4146179834593,18.85551973985814,15.982073089917296
-88.84569,200,49.394514,0.0,0.5102591074250693,3559.6182530269853,20.367073003364002,17.798091265134925
-111.263706,200,49.530678,0.0,0.6881405960521816,2170.9598944586087,13.876839596009502,10.854799472293044
-90.071952,200,49.674465,0.0,0.7230122903650374,2280.708482857569,14.917879479991447,11.403542414287845
-121.893148,200,49.806816,0.0,0.6072645059898355,3301.4611853694378,19.176460956125197,16.507305926847188
-127.402287,200,49.935843,0.0,0.5985832893053159,1781.17359503301,12.501832908531252,8.90586797516505
-39.113988,200,50.06562,0.0,0.18539759196045513,3338.318807755204,19.11407428911805,16.69159403877602
-99.296855,200,50.197825,0.0,0.5303977195690347,2950.1778564665697,17.792743245623356,14.750889282332848
-74.094561,200,50.79894,0.0,0.748049916399142,3112.347348265306,18.737599639104896,15.56173674132653
-39.302475,200,50.95073,0.0,0.26867507482755854,3405.627865066545,20.237841636574085,17.028139325332724
-55.742459,200,51.07977,0.0,0.20314051439846442,3382.2270689795387,18.958293596090762,16.911135344897694
-119.117172,200,51.246764,0.0,0.520546906843473,2678.5032939466205,16.472260592163497,13.392516469733103
-102.940789,200,51.400958,0.0,1.0553667789501175,1906.2474218231941,13.547246500465388,9.53123710911597
-152.695707,200,51.542223,0.0,0.7145787622656377,2850.4307407761917,17.191126018241636,14.252153703880959
-133.612799,200,51.678157,0.0,0.646992208507078,3318.9382788365,19.314369350159136,16.5946913941825
-100.54696,200,51.823845,0.0,0.7963560834247831,2970.146166370198,18.46160332257789,14.85073083185099
-73.944857,200,51.953587,0.0,0.6605632608533436,3021.4641301780584,17.658499106940027,15.107320650890292
-162.403911,200,52.093963,0.0,0.7781386801445708,3153.3523437516665,18.31885210949738,15.766761718758332
-135.117533,200,52.646804,0.0,0.794943933771093,2554.605644271985,16.230600288273813,12.773028221359926
-162.125802,200,52.826793,0.0,0.8013708649652234,3176.0287739567943,19.085925234029222,15.880143869783971
-85.409314,200,52.97587,0.0,0.8554953087416047,3026.1409322892896,18.251094494525965,15.130704661446448
-44.95639,200,53.124071,0.0,0.4412138056464771,3346.006477684841,19.465654571458213,16.730032388424203
-111.603357,200,53.260604,0.0,0.6830540340184591,2317.7998106624455,15.016287665091772,11.588999053312227
-99.485054,200,53.39848,0.0,0.5596525914350591,3587.3343644238757,20.27932019871375,17.93667182211938
-64.394914,200,53.529473,0.0,0.27033929233688,3202.7346863442826,18.791608764139127,16.013673431721415
-176.765274,200,53.656651,0.0,0.8775150161898434,3306.376203793052,19.217927232204396,16.531881018965258
-14.647202,62,53.700785,1.0,0.03930327498684505,620.3906303709821,4.019694321443371,10.00630048985455
-97.559918,200,53.831001,0.0,0.4379152622773987,3430.461533626695,19.69237029745007,17.152307668133474
-142.113091,200,53.966568,0.0,0.7265588375615682,2878.097163188014,17.810046920848272,14.39048581594007
-93.352021,200,54.546933,0.0,0.9240787277423771,2474.557250116176,15.508475247599044,12.37278625058088
-167.406804,200,54.721885,0.0,0.791438463792655,3301.217100336427,19.642776546987992,16.506085501682136
-110.405034,200,54.882768,0.0,0.9860247261014531,2574.79225020571,15.774540494063126,12.87396125102855
-140.633319,200,55.034853,0.0,0.7794801004240813,2095.5722785352486,14.262178507333388,10.477861392676243
-37.354416,200,55.178799,0.0,0.430145520896327,2877.6958541205163,17.636038281253,14.38847927060258
-118.331876,200,55.329295,0.0,0.6794481425194332,1982.1962834345622,13.778794068491372,9.910981417172811
-89.988364,200,55.470701,0.0,0.7085430370618586,3159.336817027499,18.564219462596842,15.796684085137494
-130.905114,200,55.605568,0.0,0.8087651387951575,1962.7313943637773,13.493958261489947,9.813656971818887
-98.895059,200,55.735278,0.0,0.6831509208351445,2341.272266371543,15.141399829813027,11.706361331857716
-97.887204,200,55.871363,0.0,0.6452999973661556,2699.049699155163,17.249798891602136,13.495248495775815
-128.827982,200,56.460827,0.0,0.7028262743906546,3326.4761090445218,19.638946839512247,16.63238054522261
-170.236766,200,56.637756,0.0,0.8526373640420248,3249.5670353958753,19.144164790367622,16.247835176979375
-122.728754,200,56.776187,0.0,0.9956259254829831,2671.9769504904516,17.007634760522347,13.359884752452258
-139.140863,200,56.909958,0.0,0.7088318544957809,3264.5583226081485,19.3988713297944,16.322791613040742
-152.585725,200,57.040613,0.0,0.757503264261116,2217.1414820963455,14.794164630246257,11.085707410481728
-141.351666,200,57.172744,0.0,0.7122311104916057,3626.257127058993,21.287196516040403,18.131285635294965
-133.127488,200,57.306273,0.0,0.6006778860778477,3297.38845969261,19.470045602143834,16.48694229846305
-73.061425,200,57.441957,0.0,0.3188594976110824,3461.6107023340664,19.831449494626135,17.308053511670334
-127.579725,200,57.578759,0.0,1.0276130853842989,1898.9005118913387,13.11060602835999,9.494502559456693
-130.071087,200,57.735779,0.0,0.6744383425590346,3179.980398075973,18.60042639769247,15.899901990379865
-37.354778,200,58.345288,0.0,0.32120921068781044,3075.12259261249,18.027269259397176,15.37561296306245
-122.757949,200,58.538594,0.0,1.1118645671839555,1919.6726215534954,13.092513810389244,9.598363107767478
-109.045478,200,58.675653,0.0,1.034038885746225,2595.3187074444972,16.61822214567165,12.976593537222486
-125.025942,200,58.812161,0.0,0.8730311854855708,1929.8360486695371,13.219322621055637,9.649180243347686
-114.203197,200,58.949813,0.0,1.2833868665048005,2048.3682381072827,14.20820480913392,10.241841190536412
-92.086013,200,59.080414,0.0,0.9183773778861285,1837.7726169385296,13.072325471284445,9.188863084692649
-116.063567,200,59.212219,0.0,0.5612908626776553,2190.401986318191,14.392761810008418,10.952009931590956
-41.218684,200,59.342356,0.0,0.18083772409908183,3323.9828813326967,19.37821657059281,16.619914406663483
-70.438378,200,59.479511,0.0,0.7360677039672401,3199.6645920600204,18.969222456074075,15.998322960300102
-79.137232,200,59.625993,0.0,0.7862228757297017,2989.9133703438906,18.857352510206233,14.949566851719453
-124.408114,200,59.756964,0.0,0.7468635525779465,1953.9674409759602,13.747959905618012,9.769837204879801
-130.710862,200,60.348739,0.0,0.7476212608262471,1545.6742543403627,11.800669956123379,7.728371271701814
-133.327937,200,60.488827,0.0,1.4603257215168413,1669.3423451767762,12.824453647420862,8.346711725883882
-86.721663,200,60.643816,0.0,0.6039300718104059,3136.1489205501653,18.718983913752314,15.680744602750826
-81.070342,200,60.801908,0.0,0.9313845003056281,2012.231752265049,14.08057215809788,10.061158761325245
-137.276562,200,60.94659,0.0,0.7523966683914609,2940.6284398124058,18.549521909969634,14.703142199062029
-79.329767,200,61.079627,0.0,0.7387317125394165,2715.4226012167805,17.700652200336727,13.577113006083902
-110.592209,200,61.209608,0.0,0.7411654010561444,2023.0245456996295,13.699404626756094,10.115122728498147
-172.689708,200,61.335058,0.0,0.8842063322116729,3022.753199522329,18.422435560364207,15.113765997611644
-126.103701,200,61.462105,0.0,0.6358470864251272,3148.4716907693683,18.901733595004146,15.74235845384684
-88.198644,200,61.599772,0.0,0.9462562980212653,2198.7426538158747,15.106886390690757,10.993713269079374
-83.966552,200,62.18865,0.0,0.6500308971304419,3281.9673114227485,18.662054958282464,16.409836557113742
-48.609907,200,62.35232,0.0,0.3781830261481013,3489.55343232527,20.020567587820608,17.44776716162635
-91.092982,200,62.485788,0.0,0.4606790818095801,3306.8063188775095,19.501897946136328,16.534031594387546
-80.818696,200,62.614453,0.0,0.5877429260551603,3061.5173847354117,18.30976024213163,15.307586923677059
-141.765617,200,62.749943,0.0,0.6835094714677283,1604.187523800749,11.657001626756132,8.020937619003744
-106.552823,200,62.890215,0.0,1.1558221907283672,1320.8850897062289,10.285437603481538,6.604425448531145
-99.659472,200,63.024981,0.0,1.10875312866939,1184.141236248555,9.759799396740943,5.9207061812427755
-124.950843,200,63.155769,0.0,0.8841821969149752,1803.0024597582558,12.588987801628942,9.015012298791278
-142.726575,200,63.287605,0.0,1.0352139492230161,1496.4710728421876,11.102441059156739,7.482355364210938
-117.382497,200,63.419929,0.0,1.0539747246645126,1517.1882363343514,11.335782865543893,7.585941181671757
-66.647224,200,64.060679,0.0,0.4060999015075484,3280.608586461149,19.685860455838636,16.403042932305745
-120.179356,200,64.225918,0.0,1.0939446149255665,1382.0154331226643,10.584045710883892,6.9100771656133215
-121.798945,200,64.35859,0.0,0.5630898380099431,3200.919267201789,17.945904007174082,16.004596336008944
-114.507093,200,64.49488,0.0,0.7873552164398023,2564.2684558467918,16.534725098902612,12.821342279233958
-129.508143,200,64.628466,0.0,1.361369359554672,1248.316153062031,9.291349731004058,6.241580765310155
-114.043285,200,64.755925,0.0,1.2011888497465877,1181.4964507689526,9.606629625134937,5.907482253844763
-115.321973,200,64.906586,0.0,0.7913251764185265,2295.6764769702104,14.128007032129945,11.478382384851052
-109.251856,200,65.055166,0.0,0.7635975375258771,2688.2927430976947,16.684836576933087,13.441463715488474
-80.409387,200,65.182953,0.0,0.7333253442512018,2991.447448902488,17.728783719027266,14.95723724451244
-58.767431,200,65.315565,0.0,0.6857622223900628,2942.634137913263,18.216805753054263,14.713170689566317
-126.019195,200,65.862975,0.0,0.6213722645051324,3610.3352568813275,20.59176052927195,18.05167628440664
-122.267807,200,66.044952,0.0,1.1538087701807227,1298.4962828568032,10.505272568323416,6.492481414284016
-151.796462,200,66.176512,0.0,0.7967802805841953,2871.7505906172164,17.71226636439452,14.358752953086082
-138.399385,200,66.312889,0.0,0.7194713054511056,2992.3116104919936,18.136919567027224,14.961558052459969
-146.207232,200,66.443804,0.0,0.8644561208374254,2180.767834874093,13.883301982183795,10.903839174370464
-104.54783,200,66.572177,0.0,1.0708158166660116,2047.0204718537727,13.699486865187414,10.235102359268863
-103.191115,200,66.704177,0.0,0.8601457374380983,3106.863082672487,18.832743133287448,15.534315413362435
-130.110682,200,66.833648,0.0,0.6709174008827719,2832.160163287733,16.833203101119903,14.160800816438666
-147.366851,200,66.968647,0.0,0.8667786018148351,1824.11794612497,12.439081787762339,9.12058973062485
-114.452113,200,67.099458,0.0,0.8275415850877011,1993.840739098753,13.908971508410437,9.969203695493764
-149.408229,200,67.270099,0.0,0.752140742038837,3180.1273169501205,19.270484827598025,15.900636584750602
-104.282364,200,67.91564,0.0,0.5021752118561916,2895.9309933123286,17.228278710553173,14.479654966561643
-161.174041,200,68.056434,0.0,0.8402964920333618,2836.272948035766,17.536198327362495,14.18136474017883
-109.31129,200,68.186784,0.0,0.9931882308635195,1772.3886123112336,12.240180288372448,8.861943061556168
-87.661858,200,68.314699,0.0,0.984810529800589,1851.9325530500075,12.854733372593016,9.259662765250038
-174.499354,200,68.445205,0.0,0.843151586704788,2861.216408298405,17.696389318201593,14.306082041492026
-133.447778,200,68.574935,0.0,0.7600566199712191,1681.6115051539734,12.232085444048348,8.408057525769868
-96.604967,200,68.702821,0.0,0.4902928162628349,3507.3861748904515,20.00665926366161,17.536930874452256
-107.571617,200,68.829952,0.0,0.9229717378644551,2279.574160217006,15.183159871489543,11.39787080108503
-95.445013,200,68.964738,0.0,0.9114531479099418,3124.8215978244493,18.35705524508482,15.624107989122246
-106.549537,200,69.09764,0.0,0.5221416362081557,3326.076292992771,19.5835408204153,16.630381464963854
-114.359972,200,69.677962,0.0,0.826264912144166,2526.889095121576,17.059615712943362,12.63444547560788
-112.380435,200,69.839379,0.0,0.7357436218374701,2901.8001394999746,17.560201928180376,14.509000697499873
-160.580685,200,69.979916,0.0,0.8064865230410079,3249.260807240748,19.29018769862155,16.24630403620374
-104.037706,200,70.113192,0.0,0.9478482892772098,1815.4279801257203,12.467188500893318,9.077139900628602
-109.38878,200,70.246767,0.0,0.6048217403267842,2599.7381032211233,16.651438377806425,12.998690516105617
-54.615281,200,70.382779,0.0,0.5482617122181684,2821.594849165385,17.593317796852432,14.107974245826924
-76.883205,200,70.536963,0.0,0.8429898736467434,2275.742768459559,14.199050816449907,11.378713842297795
-68.560504,200,70.742024,0.0,0.8363710727700976,2457.3188408430265,16.057169776923093,12.286594204215133
-145.11167,200,70.910776,0.0,0.7443797899025062,3129.776036395727,18.44883178464489,15.648880181978633
-163.513233,200,71.063895,0.0,0.7559492727044342,2786.624432997042,16.783660389335353,13.933122164985209
-84.564758,200,71.635547,0.0,0.853153139612017,1723.0684576847204,12.34375676277605,8.615342288423602
-149.994245,200,71.799742,0.0,0.6845355337029512,1984.3674305829245,13.485004768770926,9.921837152914623
-150.708851,200,71.932099,0.0,0.8026146977354683,3023.506712471794,17.538385245244093,15.11753356235897
-113.302723,200,72.087809,0.0,0.9800838378187714,1411.2080966564522,10.53335918658641,7.056040483282261
-13.456737,54,72.126532,1.0,0.046634240938125224,437.4815764674554,3.2166692409429123,8.101510675323247
-109.833094,200,72.257908,0.0,1.0667747267668106,2296.7387966037413,15.424662191517209,11.483693983018707
-126.54495,200,72.392118,0.0,0.7301981359349873,1990.4960665776528,14.177531174519256,9.952480332888264
-123.012361,200,72.523064,0.0,0.7478556915498368,1556.5649486834723,11.306913753967363,7.782824743417361
-9.596718,40,72.55009,1.0,0.04310925166488382,300.84799497044656,2.2971259008807086,7.521199874261164
-166.60163,200,72.677737,0.0,0.8250923659917835,3676.561887254256,20.9688052752835,18.38280943627128
-143.987697,200,72.815962,0.0,0.7311378303895636,3234.6265643983934,19.1893608061949,16.173132821991967
-104.369572,200,72.942401,0.0,0.7214590055676652,3145.876486752661,18.611446729911464,15.729382433763305
-138.052367,200,73.508881,0.0,0.7310684248169139,2156.4250391478267,14.422780917341454,10.782125195739134
-94.361772,200,73.672195,0.0,0.9356237622476197,2981.193136450849,17.855396145266564,14.905965682254246
-92.400106,200,73.80343,0.0,0.8075973277018054,2329.5257600423265,15.379106694762983,11.647628800211633
-49.88448,200,73.949243,0.0,0.5898582926762258,2674.693109667037,16.299612271141992,13.373465548335185
-112.949815,200,74.085598,0.0,0.8213741340399546,2697.9718677737865,16.955927762888457,13.489859338868932
-183.048868,200,74.226779,0.0,0.9445652888617875,3173.489717287436,18.671465755075523,15.867448586437181
-97.090112,200,74.358587,0.0,0.8003111244214285,1716.2644325511244,12.516041966796443,8.581322162755622
-108.250196,200,74.496657,0.0,1.0767994987362626,2370.118148163872,15.088562461816267,11.85059074081936
-88.755099,200,74.6589,0.0,0.8850173146361758,2437.66668983281,15.251479978522083,12.18833344916405
-99.133222,200,74.811986,0.0,0.640874019157791,3405.1051360272477,19.70688054736642,17.025525680136237
-114.252605,200,75.424785,0.0,1.001364679467314,2468.811681839622,16.27026863768192,12.34405840919811
-142.240239,200,75.614644,0.0,0.7642574789290978,2358.2434075642414,15.931061756154646,11.791217037821207
-37.103324,200,75.745863,0.0,0.12761151269267967,3390.3465828006983,19.20774520645139,16.951732914003493
-118.596368,200,75.875667,0.0,0.961499237232215,2839.694455804102,18.130208788071588,14.198472279020509
-136.406021,200,76.03879,0.0,0.7302447689412485,1716.2371863203298,12.542517353774858,8.581185931601649
-97.784169,200,76.181961,0.0,0.8382718739761391,1875.8680061581947,13.166199470918027,9.379340030790974
-101.031645,200,76.315859,0.0,1.0970976870998124,2626.4914786031495,16.211270058040288,13.132457393015748
-105.430616,200,76.444366,0.0,0.8089329994770509,1979.2256315530424,13.453562112611424,9.896128157765212
-145.29174,200,76.586222,0.0,0.7132216866948553,3194.6294788355963,18.731906947042436,15.973147394177982
-145.788342,200,76.752142,0.0,0.8294506065240491,2405.5865217506416,15.389398066144318,12.027932608753208
-131.901972,200,77.336791,0.0,0.7383177371802205,3138.4919677788603,18.784936331301456,15.692459838894301
-137.964551,200,77.522222,0.0,0.6356681645233562,2010.2728400729188,14.089391953109208,10.051364200364594
-117.078407,200,77.652904,0.0,1.0302155020761325,1982.8365250917166,13.75578715151213,9.914182625458583
-120.376924,200,77.791949,0.0,0.6638532208555542,1976.3656813376188,13.093259224051913,9.881828406688093
-146.788074,200,77.917786,0.0,0.7816102261667842,2985.2412312500787,17.48544351172631,14.926206156250394
-68.363566,200,78.048049,0.0,0.361686917256037,3305.8450315683326,19.717820610689234,16.529225157841662
-78.159413,200,78.18283,0.0,0.7007669439495791,3057.2050531340183,18.844717010560043,15.28602526567009
-133.449617,200,78.323636,0.0,0.7485482404350048,2142.196355936378,14.362350825717133,10.710981779681891
-113.048545,200,78.456076,0.0,0.6738884596785245,2954.034923473054,17.609664036749855,14.770174617365269
-162.695113,200,78.583875,0.0,0.776036080892557,3441.2888924138397,19.796073988747366,17.2064444620692
-142.072536,200,78.71991,0.0,0.6413040059456402,2134.0794105929313,14.898590868422122,10.670397052964656
-105.457897,200,79.315528,0.0,1.0032108385288896,2772.4124833444143,16.66015351652619,13.862062416722072
-123.765384,200,79.453709,0.0,0.6565066029064481,2789.6186916295856,16.93028855258059,13.948093458147929
-95.440771,200,79.587116,0.0,0.8527006852090351,1539.0300475229094,11.680674178968667,7.695150237614547
-134.919599,200,79.720753,0.0,0.6396249521992668,2361.9461096745304,15.278335008979257,11.809730548372652
-91.116225,200,79.850247,0.0,1.0727202410534646,1576.5347351478276,11.529062181487962,7.882673675739138
-120.846119,200,79.979923,0.0,0.7353425149398165,2113.3202471217987,14.254883055878386,10.566601235608994
-140.513969,200,80.110898,0.0,0.697854630499876,1878.6153977202518,13.446534318686119,9.393076988601258
-119.691732,200,80.253137,0.0,0.8421350928703867,2435.386273551071,15.85590554311178,12.176931367755355
-95.021698,200,80.432943,0.0,0.8540344838005813,1648.461593779205,12.038931740940855,8.242307968896025
-39.2176,200,80.583153,0.0,0.5212013887605401,3128.2723848459955,18.61371767053775,15.641361924229978
-113.645628,200,81.170762,0.0,0.5532669277139164,3443.3369523276665,20.182497461393513,17.216684761638334
-103.401291,200,81.329725,0.0,1.004941851821871,2475.8620670101595,15.830431049367093,12.379310335050798
-99.522094,200,81.462203,0.0,0.8233702140606705,2002.4728513364837,14.085918065025657,10.01236425668242
-132.408983,200,81.592183,0.0,0.6891842432756559,1638.8732904810108,12.071841052696968,8.194366452405054
-110.898898,200,81.724666,0.0,0.6644287832950877,2269.068242774463,14.845115350772254,11.345341213872317
-94.751673,200,81.879233,0.0,0.8911367114040033,2053.6286470435875,14.266409027578463,10.268143235217938
-113.973857,200,82.007398,0.0,0.9930130573716162,2061.563290355661,14.085574296555624,10.307816451778306
-150.233863,200,82.14584,0.0,0.7189467167063579,2528.6966481297045,16.885778534891163,12.643483240648523
-162.365419,200,82.279774,0.0,0.8311929943454962,2459.1408485883053,15.681997855348639,12.295704242941527
-130.764703,200,82.410378,0.0,0.7965568463208851,2404.1194096040576,15.031524799474349,12.020597048020289
-173.25423,200,82.990668,0.0,0.8292092654503748,3164.642518116693,18.703159139862446,15.823212590583465
-34.800263,200,83.163794,0.0,0.47376647693265983,2928.1469822585846,17.150541071686185,14.640734911292922
-94.57788,200,83.300403,0.0,1.0754235034298283,1937.814951954537,14.073018125233098,9.689074759772685
-76.027384,200,83.442986,0.0,0.7107253235460699,2099.680905763873,14.155789595479655,10.498404528819364
-116.262829,200,83.570727,0.0,1.2942694066509166,2392.7572466197153,16.21245961116597,11.963786233098576
-133.898259,200,83.703215,0.0,0.7502584330499894,2482.0209089074274,16.202682843296316,12.410104544537138
-129.197523,200,83.830803,0.0,0.7139776848639172,1330.8194588469378,10.526113985019357,6.654097294234689
-146.928629,200,83.969363,0.0,0.7669850018628851,2143.6671519523434,14.45323610429433,10.718335759761716
-105.462347,200,84.129162,0.0,0.9946988068745756,1717.2414373478637,12.234753763073588,8.586207186739319
-70.934788,200,84.278554,0.0,0.42934597259223056,3344.9028163894986,18.71907747032205,16.724514081947493
-107.027799,200,84.873486,0.0,0.6385889096942547,2903.5053052971066,17.996806127792578,14.517526526485533
-138.480498,200,85.059453,0.0,0.6671730438089384,3378.0775947834663,19.79632007839302,16.89038797391733
-102.278533,200,85.205657,0.0,1.1689019607352564,2227.7269911940675,14.432830208267061,11.138634955970337
-92.449342,200,85.33651,0.0,0.6731104813878934,2007.381370949899,13.644452079075613,10.036906854749496
-110.647544,200,85.46579,0.0,0.789644792779632,2079.6995227632397,14.102121218633199,10.398497613816199
-109.019125,200,85.596339,0.0,0.7235734312048473,1818.7920149709032,12.411755229264246,9.093960074854516
-123.577511,200,85.751929,0.0,0.638804251839121,3166.6439855939166,18.553278350015983,15.833219927969584
-73.102694,200,85.929765,0.0,0.6730173057700564,1990.9305091116873,13.286180408894253,9.954652545558437
-37.583028,200,86.109826,0.0,0.3636615188993506,3054.5603639837377,18.449135375579587,15.272801819918689
-75.659489,200,86.257406,0.0,0.7353056353493951,2103.292803681668,14.3465609542817,10.516464018408339
-96.399515,200,86.412786,0.0,0.8647946691285436,2269.255204344357,14.787443170143183,11.346276021721785
-117.269359,200,87.029984,0.0,0.6784460211233205,2854.2035793562964,17.232127753421345,14.271017896781482
-79.135893,200,87.175808,0.0,0.8784211963521765,1937.7839683163468,13.68198812429293,9.688919841581734
-106.677594,200,87.31209,0.0,0.95198814542199,3203.6282448355223,19.38541868421401,16.01814122417761
-121.643773,200,87.443156,0.0,0.8143627635377828,2319.2537217599697,15.043847923692088,11.596268608799848
-96.835317,200,87.573206,0.0,0.9789398929555706,1544.731032982897,11.6813725985293,7.723655164914485
-145.155002,200,87.708657,0.0,0.7036845055183697,2672.7487901819536,16.608895688401194,13.363743950909768
-99.099257,200,87.839823,0.0,1.0275710244856535,1894.3371419349814,13.517769750190878,9.471685709674908
-102.776075,200,87.973428,0.0,1.0672976702325676,2447.864305228817,16.273102257608198,12.239321526144085
-83.460659,200,88.102758,0.0,0.9510333661256465,2365.5879994537163,15.062367372921372,11.827939997268581
-58.147201,200,88.232124,0.0,0.2600211746141849,3462.069341747292,19.768433965585654,17.31034670873646
-109.5026,200,88.909614,0.0,0.9956567535442171,1467.8945866253573,10.92180640671925,7.339472933126786
-125.672899,200,89.065252,0.0,0.6712786691819663,3188.367255435982,18.836790926083616,15.94183627717991
-103.45345,200,89.200883,0.0,0.8285649351094819,2068.5341253923075,14.24870708674625,10.342670626961537
-78.333116,200,89.341199,0.0,0.9174295828304111,3006.7908743655616,18.39996263208567,15.033954371827809
-123.756884,200,89.472175,0.0,0.6777749975511876,1974.8551146233497,12.96382039805019,9.874275573116748
-102.761356,200,89.608623,0.0,0.8508741464622402,2754.1494204637074,16.873232041421755,13.770747102318538
-34.512909,200,89.735681,0.0,0.3766018110018651,3245.3724018424987,18.592134126977136,16.226862009212493
-117.859901,200,89.864722,0.0,0.7912243914345475,2855.151852518593,17.628619367162607,14.275759262592965
-120.935979,200,89.993025,0.0,1.108449580202161,2840.7618240393813,17.0698129928176,14.203809120196906
-141.535844,200,90.122339,0.0,0.766473385865364,2977.2189040057433,18.13462318544686,14.886094520028717
-113.843701,200,90.677731,0.0,0.9038164128583432,2641.409294755143,17.424004350151815,13.207046473775716
-114.294646,200,90.870758,0.0,1.252775443070557,1888.1434979119645,13.081988592639519,9.440717489559823
-54.129865,200,91.038342,0.0,0.39929593687125525,3433.067907606058,19.614429503263658,17.16533953803029
-109.444455,200,91.188691,0.0,0.5891627136403403,3250.688191822784,19.020927318686876,16.25344095911392
-170.330601,200,91.325847,0.0,0.8632932922682307,3110.042765200376,18.386483846318864,15.55021382600188
-112.572709,200,91.466981,0.0,1.2175348594263151,1518.4399549869079,11.264213831068519,7.59219977493454
-101.728215,200,91.60454,0.0,0.6976052435096276,1522.8250248602262,10.853742995805856,7.614125124301131
-34.409703,200,91.733652,0.0,0.1859879509086503,3330.176817074465,19.4890900096744,16.650884085372326
-52.360267,200,91.863614,0.0,0.3237870506257069,3414.400408947112,19.300808278369605,17.07200204473556
-99.921605,200,91.992844,0.0,1.0383013589045882,2594.062518581568,16.52082763773723,12.97031259290784
-74.191373,200,92.528533,0.0,0.713584552064607,2081.1350740677412,14.308067943878978,10.405675370338706
-103.989302,200,92.709558,0.0,0.8466613412453492,2317.2520333000152,15.290119751021201,11.586260166500075
-100.667344,200,92.843676,0.0,1.002093936227282,2278.987754502453,15.082076753905739,11.394938772512264
-81.697726,200,92.98994,0.0,0.8085172628856833,2106.632518971313,14.090661679113795,10.533162594856565
-119.309524,200,93.122742,0.0,0.5788445519226755,3331.3482483714592,19.010508455968903,16.656741241857297
-65.64649,200,93.264523,0.0,0.620710992322678,3245.813702364325,19.459836016199187,16.229068511821623
-139.547068,200,93.41125,0.0,0.7650377937564214,2095.9536736257733,14.102382616323338,10.479768368128866
-73.547755,200,93.554702,0.0,0.7565178664263791,2539.975752005707,15.960383012351349,12.699878760028534
-136.332712,200,93.710762,0.0,0.6671000863591872,2170.236951805899,14.420371795790878,10.851184759029495
-129.564565,200,93.845701,0.0,0.7178865986511782,2657.212929770582,16.33238817021868,13.286064648852909
-142.28381,200,94.38875,0.0,0.7694993635125534,3256.4981174173336,18.865743813192633,16.282490587086667
-133.238502,200,94.579634,0.0,0.6457440932567965,3523.2271977694863,20.208662843310623,17.616135988847432
-160.24423,200,94.715913,0.0,0.7698546860624698,3298.2024422384493,19.15738423597194,16.491012211192245
-139.56492,200,94.849646,0.0,0.7031790462881612,2812.38927893546,16.838738382301212,14.0619463946773
-95.358471,200,94.987674,0.0,0.4833062566235972,3153.7951454399135,18.608073054730024,15.768975727199567
-172.112946,200,95.133635,0.0,0.8518493947033969,3397.874736786312,19.87955008421757,16.98937368393156
-68.77461,200,95.288354,0.0,0.2996445306761518,3609.099187862335,20.47738571629626,18.045495939311675
-103.968028,200,95.425057,0.0,1.0386886491691953,1961.0691179841292,13.579028421634261,9.805345589920647
-96.515559,200,95.562429,0.0,0.7596773461766113,2281.427727594266,14.679296417846444,11.407138637971329
-49.078864,200,95.694757,0.0,0.20108857929971002,3427.132362754198,20.1376525743994,17.13566181377099
-101.18262,200,95.832018,0.0,0.6900981677170104,3199.303582790321,19.26480296768543,15.996517913951605
-129.859404,200,96.424934,0.0,0.7304744740869646,2014.6722230557934,13.408298683433054,10.073361115278967
-167.359844,200,96.575388,0.0,0.7884389064385672,2857.1528091515306,17.676445979904308,14.285764045757652
-128.475283,200,96.713675,0.0,0.6599046911457619,1579.79024241972,11.828343843343527,7.8989512120986
-141.941123,200,96.843151,0.0,0.7167511673755952,2085.003944998586,14.180284678775518,10.42501972499293
-81.436197,200,96.975538,0.0,0.6264681475691519,3213.2346283558277,19.28000759211774,16.06617314177914
-114.670941,200,97.107497,0.0,0.6819105828972404,1469.3746875155055,11.060213161210127,7.3468734375775275
-142.26245,200,97.250756,0.0,0.8580109257184017,2191.902033927433,14.368747223054863,10.959510169637165
-70.1003,200,97.406209,0.0,0.29432244125670876,3380.799370233483,19.678008913118088,16.903996851167413
-69.590318,200,97.56877,0.0,0.3525264636498763,3413.686548480002,19.96576253085856,17.06843274240001
-114.795213,200,97.699508,0.0,0.6219119250641143,1472.5981540812597,11.40797962318197,7.362990770406299
-119.014414,200,98.295821,0.0,0.7427955132839394,1843.9937703607952,13.147523826501274,9.219968851803976
-107.122083,200,98.462204,0.0,0.5289755624913848,3540.278749844661,20.107450063926347,17.701393749223303
-108.49096,200,98.600741,0.0,0.8210741020369345,1714.3759760453918,12.591458714726508,8.571879880226959
-128.82619,200,98.739365,0.0,0.7586515060160769,1966.471015154741,13.751431489736234,9.832355075773705
-80.454663,200,98.872241,0.0,0.4017305793174809,3175.125735283571,18.155037438918658,15.875628676417854
-135.215182,200,99.000345,0.0,0.6935599444845889,3236.9358470479833,19.86083254506923,16.184679235239916
-107.620549,200,99.140636,0.0,0.6405288204143634,2053.9924915332317,14.176083726895174,10.269962457666159
-87.669482,200,99.27034,0.0,0.9410442319022314,2770.8199583837595,16.47014230803967,13.854099791918797
-144.265975,200,99.400599,0.0,0.7472609905910034,2294.7019035833237,15.552300754263754,11.473509517916618
-111.327279,200,99.529691,0.0,1.073125624140292,2118.9500344365315,14.632468604191008,10.594750172182657
-92.764335,200,100.094675,0.0,0.731817703062247,1571.3817834195283,11.598452451599183,7.856908917097642
-103.013937,200,100.273319,0.0,0.8311470138215996,1511.486101242071,11.653531852084496,7.5574305062103555
-124.354225,200,100.413966,0.0,0.7648148342291665,2022.8742627212814,14.33169706487032,10.114371313606407
-146.232982,200,100.556599,0.0,0.7005358118892873,3197.7714477069776,19.114624007874323,15.988857238534887
-106.744637,200,100.693601,0.0,0.9329647218298036,2439.1361090490054,15.969754170710512,12.195680545245027
-133.288099,200,100.850776,0.0,0.6256597332922503,2028.340173716794,13.585761383737632,10.14170086858397
-93.931792,200,101.023001,0.0,1.0237575977059663,2260.908822003509,14.509795990528804,11.304544110017545
-137.297722,200,101.156912,0.0,0.7080860971656301,3205.2515259501597,19.43776255563216,16.0262576297508
-115.219748,200,101.304517,0.0,0.8376693968582057,1508.6082859909743,11.396915108019977,7.543041429954871
-175.62496,200,101.439245,0.0,0.8581952688844549,3087.29846012713,18.596404470345764,15.436492300635651
-105.194564,200,101.992983,0.0,0.7749402858447598,1896.004423512659,13.291557446107745,9.480022117563296
-130.579509,200,102.186144,0.0,0.729949241188292,2054.745047356612,13.854389053072667,10.27372523678306
-97.162117,200,102.320497,0.0,1.0968271916489774,2204.4781547862895,14.782664743320488,11.022390773931447
-148.430753,200,102.456715,0.0,0.7181239442372928,3034.672279885087,17.690040528032398,15.173361399425435
-103.00152,200,102.592201,0.0,1.1261757186380787,2355.2279155821548,15.351761516239986,11.776139577910774
-82.235572,200,102.724144,0.0,0.8456334279503597,2866.126942455968,17.251462288900928,14.33063471227984
-49.681604,200,102.858702,0.0,0.2951788560133399,3402.67931175928,19.859809646978125,17.0133965587964
-142.412681,200,102.995713,0.0,0.6829823222844205,1781.598972077247,13.027637458876796,8.907994860386236
-110.285974,200,103.137376,0.0,0.8531487378591923,2645.3902612791735,16.411554865358152,13.226951306395868
-15.929164,56,103.182848,1.0,0.04308060987551842,416.1653201690772,3.3040095704896437,7.431523574447807
-123.715291,200,103.34277,0.0,0.858358883350844,2028.4911235834415,13.603559828865427,10.142455617917207
-101.152315,200,103.890637,0.0,0.9437312112491524,1550.0056775984997,11.452560880301977,7.750028387992498
-91.37782,200,104.075792,0.0,1.0393743222530871,2442.2102507239483,15.441618785473459,12.211051253619742
-115.87367,200,104.21954,0.0,0.7000717922865747,1867.855604731048,13.806264163995651,9.33927802365524
-87.987491,200,104.352201,0.0,0.967408872033467,1379.511513061348,10.41256800293606,6.89755756530674
-178.118568,200,104.480737,0.0,0.8922116213412417,3351.5683555051796,19.963472437042885,16.757841777525897
-108.937239,200,104.613209,0.0,0.8831669160575246,1920.1746921246786,13.484294363287143,9.600873460623394
-151.863112,200,104.751938,0.0,0.7790944129150253,3245.3903354213558,18.735276713425133,16.22695167710678
-104.172585,200,104.886027,0.0,0.873557368250867,1952.5352649955212,13.629849319836794,9.762676324977607
-107.32298,200,105.016927,0.0,0.9731601076869743,2317.0042157698977,15.479175043065563,11.585021078849488
-131.518993,200,105.145939,0.0,0.6476607064414913,1879.0595757635258,13.749130892817945,9.39529787881763
-59.067507,200,105.273181,0.0,0.5600100151900045,3295.4820892460225,18.848487193492492,16.477410446230113
-115.861956,200,105.88071,0.0,0.7617866296386987,2442.8913825639697,16.173280097424477,12.214456912819848
-125.055816,200,106.026013,0.0,0.5626966056531404,1993.3529205915581,13.782302676528548,9.96676460295779
-124.348703,200,106.155849,0.0,0.7392194228192966,1919.0764541680624,13.456353207919241,9.595382270840311
-139.056801,200,106.284987,0.0,0.7016289470015635,2218.470313061307,14.892572655992167,11.092351565306535
-114.222107,200,106.420535,0.0,0.6426160994566705,2247.1192693253943,15.06636478704111,11.235596346626972
-138.864816,200,106.567346,0.0,0.6825295864415083,1886.3019378864822,13.539877033089681,9.43150968943241
-82.790194,200,106.720212,0.0,0.8021635074517349,2756.781992190034,16.854347902816205,13.78390996095017
-97.375512,200,106.874135,0.0,1.0600038387763524,2043.6036180127858,13.78088035024617,10.218018090063929
-155.473629,200,107.008434,0.0,0.7565403338097761,3247.122593220545,18.85972205413708,16.235612966102725
-97.952476,200,107.134697,0.0,0.9683564295036843,2454.59640756503,16.08571615678408,12.27298203782515
-106.817676,200,107.701356,0.0,1.1596702311530793,1670.5678537413826,12.223952307068133,8.352839268706912
-61.214789,200,107.862818,0.0,0.5175419789929429,3536.0101029301954,20.351042898196244,17.680050514650976
-10.088336,43,107.888756,1.0,0.04756392700675006,255.71988749564025,2.341338446396405,5.946974127805587
-108.335757,200,108.019082,0.0,0.6867643621115533,2469.1196285247606,15.913171495181874,12.345598142623803
-127.573022,200,108.148893,0.0,0.7540824896116741,2291.0156505469913,15.368671966545893,11.455078252734957
-158.472159,200,108.280796,0.0,0.8114459580934245,3356.2625149976825,19.436596161834288,16.781312574988412
-101.834159,200,108.412175,0.0,0.8899340926659797,2194.834847161061,15.127293568821498,10.974174235805306
-109.931062,200,108.554292,0.0,1.1410402850680295,1543.2436360307788,11.484185033266607,7.716218180153894
-12.534718,45,108.586568,1.0,0.0359664925054171,213.56703861322038,1.912349092617336,4.745934191404897
-58.458554,200,108.74283,0.0,0.6004965311294768,3022.639191911191,18.179923398058037,15.113195959555956
-151.984578,200,108.889717,0.0,0.7631138367283158,3019.3199334390956,17.547331069900185,15.096599667195479
-93.911632,200,109.037207,0.0,0.47632393612632473,3469.7447150209887,20.57835501133316,17.348723575104945
-102.99412,200,109.636572,0.0,1.1595008928195079,2174.2491584819377,14.806914100608205,10.871245792409688
-114.226496,200,109.783861,0.0,0.6942160698274145,3250.2678648086503,19.565554715871336,16.25133932404325
-10.789296,48,109.818818,1.0,0.04620511547441819,361.5576379773483,2.782388062580219,7.532450791194756
-102.613337,200,109.947576,0.0,1.1408332248136137,1824.1331678798513,12.875252128418358,9.120665839399257
-110.501851,200,110.085007,0.0,0.6508406511904445,2977.2626676450495,17.964560843400797,14.886313338225248
-157.70825,200,110.219621,0.0,0.8198600945365067,2355.928374846971,14.318698128844586,11.779641874234855
-124.780017,200,110.354205,0.0,0.595342458749177,3379.2672114809784,19.35200560928013,16.89633605740489
-149.645719,200,110.490033,0.0,0.7297019571894339,2588.2024523905684,16.758691684419972,12.941012261952842
-45.577644,200,110.620126,0.0,0.4469670373394248,3115.037486939078,18.498326793883383,15.57518743469539
-100.741617,200,110.753174,0.0,0.985351471850213,1885.5943946219745,12.856908137139355,9.427971973109873
-174.817095,200,110.887492,0.0,0.8621421821689738,3202.779469231702,19.539990346456612,16.01389734615851
-87.208637,200,111.559602,0.0,1.036767982371096,2014.1342758859466,13.946312035456781,10.070671379429733
-99.192655,200,111.735665,0.0,0.7440809103522658,2200.4433842694352,14.292616823657514,11.002216921347177
-96.081629,200,111.885241,0.0,0.8828326459835321,1621.4723571634102,11.33899459323682,8.107361785817051
-127.514893,200,112.006801,0.0,0.7014634899465537,2064.924125106491,14.54329238900486,10.324620625532454
-58.963724,200,112.137882,0.0,0.49050998150343544,3554.4529979155573,20.270018402850766,17.772264989577785
-101.282844,200,112.267685,0.0,0.7489844725660415,2702.8799407721976,17.110437631934463,13.514399703860988
-98.292184,200,112.400879,0.0,0.8313664486566579,2728.351954625794,17.63356553012226,13.64175977312897
-107.289561,200,112.529684,0.0,0.8261617832366921,1575.7652480238041,12.043390911394203,7.878826240119021
-75.047299,200,112.665686,0.0,0.7279478239066552,2904.0740596453948,18.108546739609398,14.520370298226974
-118.68628,200,112.794979,0.0,0.675024606971234,3165.73526838894,18.702624112272254,15.8286763419447
-93.890202,200,113.387986,0.0,0.990498791981943,1793.021187736676,12.893471166218294,8.96510593868338
-159.90246,200,113.552138,0.0,0.8149715108321715,2583.745802550574,16.334377869380788,12.91872901275287
-97.463059,200,113.686773,0.0,0.82214501601741,2388.9360768116762,15.225191236641571,11.944680384058382
-104.873898,200,113.83475,0.0,0.9481814831141918,1857.9362254594027,13.340680936024341,9.289681127297014
-90.418922,200,113.96242,0.0,0.6986452683765201,2877.7008690283296,17.361911070880456,14.388504345141648
-136.718444,200,114.096833,0.0,0.698059938783151,1537.8737342744787,10.915702913167443,7.689368671372393
-132.468956,200,114.231972,0.0,0.5923020009418731,1348.0822948728437,10.667945385359245,6.740411474364219
-143.874535,200,114.358548,0.0,0.5794122890851594,1982.1789410871183,14.40362686273757,9.910894705435592
-117.126945,200,114.498781,0.0,0.627312826391832,3115.532323769125,18.644219676458736,15.577661618845625
-81.731891,200,114.638524,0.0,0.515159363902727,3202.5583818974665,18.99869094613979,16.012791909487333
-90.475642,200,115.248909,0.0,0.8910281109180392,1459.5084495298618,10.938806795266489,7.297542247649309
-110.818536,200,115.433856,0.0,1.1588729710101207,1523.5746455052993,11.435371158588207,7.617873227526497
-83.605525,200,115.577191,0.0,0.4010657539155903,3333.1989850198934,19.461648269265577,16.66599492509947
-134.444028,200,115.730632,0.0,0.7695558698721704,1197.8530708119292,10.075523796412398,5.989265354059646
-83.784055,200,115.878042,0.0,0.3957162822773972,3378.7907751746525,20.124827049196682,16.89395387587326
-165.425008,200,116.007807,0.0,0.8703060154511808,2705.698498544233,18.012624928655555,13.528492492721165
-131.546781,200,116.139532,0.0,0.7305441866704725,2189.3819188954058,14.863812273841873,10.94690959447703
-124.737172,200,116.279704,0.0,0.6959696092655109,2665.1326010106163,17.377398757852365,13.325663005053082
-109.796716,200,116.406508,0.0,0.7322182551972239,3124.4859815092477,19.477835366932222,15.62242990754624
-131.788998,200,116.541301,0.0,0.6752221015130211,1329.626299463068,10.783987069949703,6.64813149731534
-93.101963,200,117.070488,0.0,0.5257930393267526,3626.2394554243638,20.419401408314453,18.131197277121817
-102.824629,200,117.262923,0.0,0.9292075674303985,2246.7434148958746,14.828093523423313,11.233717074479372
-132.731203,200,117.392061,0.0,0.6392384495149208,1553.0668627374516,11.500321903826883,7.765334313687259
-58.659843,200,117.525842,0.0,0.6165952178853352,2484.8384411544826,15.803885691340316,12.424192205772412
-136.121264,200,117.662864,0.0,0.6897116833161594,3305.048175119961,19.647955044267167,16.525240875599806
-94.585257,200,117.79067,0.0,0.9047169897978969,1894.8817207658365,13.397995777507736,9.474408603829183
-128.509011,200,117.945697,0.0,0.6525108956097975,2003.7737050789754,14.073488061213522,10.018868525394877
-93.131629,200,118.081946,0.0,0.9897125648744571,2302.802687246366,15.073443362374555,11.51401343623183
-162.900453,200,118.229815,0.0,0.7531303055957653,3071.6825938412426,18.302634995726418,15.358412969206213
-125.7399,200,118.383147,0.0,0.7233667437660412,1815.9865096495575,13.082219559014597,9.079932548247788
-93.682361,200,118.520628,0.0,0.5371587566896656,3134.587237838609,19.145495332529602,15.672936189193045
-84.335951,200,119.09848,0.0,0.757782532567912,2770.0436696504694,18.013831463219326,13.850218348252348
-100.471488,200,119.240766,0.0,0.7601976596580053,1541.9337428605083,11.38506745645499,7.709668714302541
-91.467423,200,119.373175,0.0,1.0194048643054883,2074.485812518131,14.46620915825275,10.372429062590655
-72.144,200,119.508823,0.0,0.6672841326551603,2863.588182080968,17.663779237389488,14.317940910404841
-99.140881,200,119.634501,0.0,0.6400457332580235,1422.4290653250068,10.577187796612993,7.1121453266250345
-89.525049,200,119.765541,0.0,0.6228324576515731,2636.4786126650124,17.4298081111721,13.182393063325062
-105.29621,200,119.898863,0.0,0.7744526900401034,1796.2652804257905,12.987084157781352,8.981326402128952
-84.310816,200,120.040724,0.0,0.7685225697783197,1927.735609754193,12.850206637961989,9.638678048770965
-112.643401,200,120.174483,0.0,0.5924010281752373,3294.584511186032,19.8935540521953,16.47292255593016
-112.67528,200,120.305637,0.0,0.6004789018257097,3113.3628324147708,19.17527074099797,15.566814162073854
-80.513248,200,120.908596,0.0,0.8807715634124632,2580.0499639747823,16.50392852086436,12.900249819873912
-89.155376,200,121.080796,0.0,0.6048051888928565,3004.2562675982194,18.100958721974575,15.021281337991097
-40.624998,200,121.228632,0.0,0.34964139357468516,3216.2575004259693,18.470678358070558,16.081287502129847
-98.755504,200,121.35465,0.0,0.9156098965478674,1849.8069296292274,13.067196483089104,9.249034648146138
-107.257536,200,121.488671,0.0,0.554929309335436,3199.2052086297385,19.028108528303623,15.996026043148692
-8.916104,40,121.515465,1.0,0.04687891799190696,243.58734712789052,1.9937095970416039,6.089683678197263
-120.616149,200,121.648015,0.0,0.582843685417802,3216.4619601848935,19.71436181729116,16.082309800924467
-118.142834,200,121.776535,0.0,0.5801251462054345,3287.963347141359,19.484059872851613,16.439816735706795
-88.644259,200,121.919077,0.0,0.46830770594992327,3356.065278900398,19.70382639675545,16.78032639450199
-68.866274,200,122.074599,0.0,0.6405996765698557,2959.9310894211985,18.043638388781535,14.799655447105993
-91.677649,200,122.204747,0.0,0.6908964827906195,2251.2087758198063,14.795700573112308,11.256043879099032
-128.016012,200,122.808682,0.0,0.7170805100893308,2721.440287978069,16.604987520882716,13.607201439890346
-43.425462,200,122.975486,0.0,0.23365483763671718,3163.4931205797416,18.949118062435687,15.817465602898707
-107.912715,200,123.107184,0.0,0.5962396343500745,2027.7164276463936,13.813352121834184,10.138582138231968
-151.036789,200,123.246009,0.0,0.7157269024077162,2915.560992678559,18.224118558541303,14.577804963392795
-144.72497,200,123.37211,0.0,0.7351175716834687,3407.7755059693495,20.18145613761683,17.038877529846747
-63.758548,200,123.506647,0.0,0.5609338035691208,3033.4377997033544,18.26740901749237,15.167188998516771
-78.742556,200,123.647627,0.0,0.8718044031016514,2536.5763811286006,15.820580671933161,12.682881905643002
-128.802393,200,123.792068,0.0,0.7574893718214525,2457.535151790196,16.09866214345714,12.287675758950979
-45.032638,200,123.935084,0.0,0.19643685105285097,3401.1427272673473,20.262658406959833,17.005713636336736
-145.941634,200,124.077288,0.0,0.7187124169336138,2880.0379125261456,17.353990812338758,14.400189562630729
-81.027454,200,124.668621,0.0,0.3844745466712129,3577.734557843351,21.11036615418273,17.888672789216756
-12.141845,47,124.711001,1.0,0.04713176280049117,324.1498743542253,2.58288846545381,6.896805837323942
-101.460971,200,124.880519,0.0,0.748606907860779,1988.1718535083962,13.392526658086764,9.940859267541981
-86.546693,200,125.015943,0.0,0.6315057280703306,2352.735538858474,15.356338695081039,11.763677694292369
-130.804701,200,125.150251,0.0,0.647173192300402,2769.6031959695465,17.469436100286966,13.848015979847732
-106.333112,200,125.283784,0.0,0.7633857006283467,1956.0520038260347,13.559271409998033,9.780260019130173
-90.629956,200,125.435633,0.0,0.730876337901538,2985.186808101564,18.18818864531397,14.925934040507821
-163.721351,200,125.584714,0.0,0.8096176657980337,3361.294367741568,18.889834423157854,16.80647183870784
-143.796538,200,125.712808,0.0,0.7177482573773444,3549.882877050475,20.95542553968028,17.749414385252376
-146.828228,200,125.848873,0.0,0.6706576141977354,2819.5081616766515,17.32584767215498,14.097540808383258
-122.815397,200,126.003133,0.0,0.6101541291748565,3003.8068548820484,17.849336583340815,15.019034274410242
-55.233564,200,126.620517,0.0,0.2349080873249016,3357.488822438162,19.870196793370717,16.787444112190812
-127.248034,200,126.802444,0.0,0.6316605687285435,2569.3096968701852,17.10420137344739,12.846548484350926
-15.602427,61,126.84287,1.0,0.04859623697108537,541.4166910607645,3.9236013574347828,8.875683460012533
-88.472782,200,126.980105,0.0,0.8823108507671973,2001.3019615593917,14.109380366722045,10.006509807796958
-104.283257,200,127.110161,0.0,0.5685491712307512,1494.6704428787975,10.975901954426758,7.473352214393987
-83.912765,200,127.242819,0.0,0.6986629379460351,2612.030578358546,16.252835079418507,13.060152891792729
-98.305114,200,127.373773,0.0,0.9328913094760519,2237.013983780801,14.992386613225568,11.185069918904006
-75.52975,200,127.504604,0.0,0.47292415724741854,3164.0222261839567,18.776731190114415,15.820111130919784
-146.418271,200,127.634339,0.0,0.7237240662482425,3331.8068322986937,18.79492945112017,16.65903416149347
-121.379754,200,127.771125,0.0,0.648601750776046,3196.7486212247754,19.287099239042856,15.983743106123876
-102.22382,200,127.906093,0.0,0.5570730546704147,3503.6217306856706,19.34918275847707,17.518108653428353
-96.56863,200,128.464631,0.0,0.8031308417011382,2150.437819912414,14.39698992330509,10.75218909956207
-111.236228,200,128.635537,0.0,0.61409087306507,2969.0567600881604,18.255980309810585,14.845283800440802
-110.405506,200,128.763908,0.0,0.5369391491563795,3211.8516599365303,19.129267029863193,16.05925829968265
-52.938494,200,128.914597,0.0,0.29767013038768847,3636.466526874648,20.39485644528446,18.18233263437324
-93.538644,200,129.04735,0.0,0.4435836216670642,3406.8618227378493,19.40937422994002,17.034309113689247
-80.520909,200,129.187134,0.0,0.718715155159299,1557.0800732611474,11.402119285978486,7.785400366305737
-145.831362,200,129.343594,0.0,0.7058382605696591,3010.198883034774,18.09255563521079,15.05099441517387
-88.178093,200,129.498608,0.0,0.9358774380231085,1970.5593528153508,14.375872922769771,9.852796764076754
-65.883167,200,129.643664,0.0,0.7033727732498577,2818.7395419099917,17.399391913308193,14.093697709549959
-137.786954,200,129.769046,0.0,0.6051902737542528,2102.4781114587013,14.491555862583034,10.512390557293507
-139.020042,200,130.327659,0.0,0.6428885539617809,3046.2873494328683,18.313197121510463,15.231436747164341
-17.572084,69,130.402795,1.0,0.04637950014997494,674.1748155539055,4.586474506337047,9.77064950078124
-73.731349,200,130.575854,0.0,0.5313813280099282,2847.136536083724,17.434623745608157,14.23568268041862
-170.298265,200,130.713889,0.0,0.835731861612434,3313.7410257930273,19.144138995898516,16.568705128965135
-56.06276,200,130.850803,0.0,0.2790579395656197,3303.7535048000586,19.747660321513163,16.518767524000292
-124.6413,200,130.982276,0.0,0.6144339228500001,3493.4780097365588,20.072728737420245,17.467390048682795
-112.441311,200,131.130664,0.0,0.5062067992698924,2365.5440722757003,15.67927776657119,11.827720361378502
-155.192642,200,131.264532,0.0,0.7613239517447814,3584.9150192647885,20.274730679294162,17.92457509632394
-157.656667,200,131.394825,0.0,0.7476852461771231,3145.937833635715,19.165548875260345,15.729689168178574
-62.703724,200,131.52225,0.0,0.441470926520522,3068.930705696561,18.534800459929556,15.344653528482803
-64.838303,200,131.652893,0.0,0.5246535198445146,2444.515373308674,15.383486019822376,12.22257686654337
-102.389057,200,132.281951,0.0,0.5723975302260769,2090.5410026783456,14.359343695208624,10.452705013391729
-122.725906,200,132.460618,0.0,0.5387273512855719,2667.7165091332276,16.500412268604766,13.338582545666139
-152.746809,200,132.62618,0.0,0.7306201095725866,3510.4035456484694,19.95416964801718,17.552017728242348
-72.491998,200,132.763681,0.0,0.7112042360807748,2146.0854143831475,14.523654712135896,10.730427071915738
-82.74993,200,132.890756,0.0,0.42236269786154973,3368.3572774143354,19.970406696702298,16.84178638707168
-121.083946,200,133.019835,0.0,0.4864352597706962,2179.604768121145,14.88761871991956,10.898023840605724
-78.509011,200,133.156501,0.0,0.44293127601630494,3337.0787199668307,19.629714302593133,16.685393599834153
-114.294621,200,133.290582,0.0,0.43479340767396013,2392.561018888017,15.273050649508798,11.962805094440084
-60.813602,200,133.423635,0.0,0.3850722744415809,2995.2363483015424,18.38076756513261,14.976181741507713
-118.53394,200,133.552349,0.0,0.5257302526476157,2763.310067703725,16.527765054212356,13.816550338518626
-76.26762,200,134.087662,0.0,0.5183388868789194,2641.3275543151185,16.21884113234595,13.206637771575593
-77.066413,200,134.281128,0.0,0.5770755154179911,2248.6127939552684,14.735649906910925,11.243063969776342
-16.088708,69,134.328897,1.0,0.04977541322081155,863.3920236559381,5.70598022075014,12.512927879071567
-155.013028,200,134.461233,0.0,0.724228857749374,2776.215893898079,17.607772876865823,13.881079469490395
-83.048789,200,134.620914,0.0,0.7503624224898188,2308.8545801880396,15.373524069414703,11.544272900940198
-83.448203,200,134.758062,0.0,0.49871496314545916,2759.845249713299,17.232150106407175,13.799226248566494
-49.869251,200,134.890589,0.0,0.5327054953473437,2804.3110207835102,17.79564194113126,14.021555103917551
-136.081266,200,135.01918,0.0,0.6135114877578342,3103.8689975278203,19.178317533685732,15.519344987639101
-125.673646,200,135.165726,0.0,0.6290758195293064,3206.4021804704353,19.21584624251051,16.032010902352177
-154.288184,200,135.324552,0.0,0.6267952939904171,2588.594223540991,15.721556820174419,12.942971117704955
-90.509712,200,135.495876,0.0,0.4411736315743421,2994.8820563722056,17.777441725212075,14.974410281861028
-120.548012,200,136.060702,0.0,0.5525806016344786,2746.9454706952756,16.301636760594462,13.734727353476378
-139.816854,200,136.252114,0.0,0.6958619930374313,3497.6136017661493,20.098229945184034,17.488068008830748
-83.602367,200,136.383791,0.0,0.409447653179376,3325.8505861560448,19.30371025100481,16.629252930780225
-35.743749,200,136.515764,0.0,0.13909053570216545,3655.2591993799138,20.863712234238466,18.27629599689957
-123.490424,200,136.655695,0.0,0.5884909825393589,3239.5934784632,19.599851963138022,16.197967392316
-160.140971,200,136.798348,0.0,0.7174488978699809,3204.7588890504553,19.018007059676485,16.02379444525228
-104.162555,200,136.933747,0.0,0.5258361355149735,2740.038085759055,17.359658096696723,13.700190428795274
-102.962138,200,137.060786,0.0,0.541578220435234,2082.136592540283,14.166763284656385,10.410682962701415
-115.041538,200,137.196373,0.0,0.5596484454216009,3610.939119438696,20.30622693255771,18.05469559719348
-127.051064,200,137.325441,0.0,0.6016930870130606,2937.806660368738,18.908462612825556,14.68903330184369
-87.127914,200,137.454603,0.0,0.5270282363338277,2521.191344430346,16.554665022308786,12.60595672215173
-79.814627,200,138.064413,0.0,0.45140460930405507,3168.12586415483,19.04725745981722,15.84062932077415
-149.911576,200,138.205418,0.0,0.7366959080535718,3389.7563233462092,19.49998951905874,16.948781616731047
-141.861314,200,138.352633,0.0,0.6457328842653354,2716.744833643561,16.843316908621603,13.583724168217804
-101.041452,200,138.484423,0.0,0.4697820733860423,2600.3423347376415,17.105215580994663,13.001711673688208
-91.13006,200,138.61019,0.0,0.6556341208926524,2066.693164895242,14.012232911364475,10.333465824476209
-95.68502,200,138.75209,0.0,0.5156116338456852,2910.954323453121,17.14413906734286,14.554771617265606
-142.863882,200,138.888322,0.0,0.7250443400908633,3367.82350858179,19.903786203229085,16.83911754290895
-85.452034,200,139.01876,0.0,0.41137554144804633,3302.6542635115634,18.883607506472014,16.513271317557816
-78.765064,200,139.150635,0.0,0.518178257176615,2452.983047490897,15.579127542586049,12.264915237454487
-153.98519,200,139.283414,0.0,0.7268786786249593,3212.356768418739,19.391673579823163,16.061783842093696
-98.136223,200,139.850689,0.0,0.4711560379957376,3300.1383985802418,19.01607962439958,16.50069199290121
-113.793211,200,140.019504,0.0,0.5510679126945728,3071.593445412859,18.150549407222194,15.357967227064297
-58.756556,200,140.170604,0.0,0.44962319865855094,3052.134469121084,18.729068523348406,15.26067234560542
-90.528007,200,140.332974,0.0,0.4917613064155614,3231.821510473025,18.770526215291085,16.159107552365125
-76.71159,200,140.47794,0.0,0.6782820479780421,1670.092303648854,11.92799175411261,8.35046151824427
-132.088019,200,140.606808,0.0,0.46850313520179926,1941.6190713262067,12.8793567581955,9.708095356631034
-152.467812,200,140.744746,0.0,0.7373345355535058,3079.5135829547353,18.298812500837425,15.397567914773676
-50.314049,200,140.88632,0.0,0.23485285744290713,3353.771541738744,19.654551073995194,16.76885770869372
-72.008505,200,141.020891,0.0,0.48057835032513696,3297.0659062397913,19.226704302737183,16.485329531198957
-116.67967,200,141.153514,0.0,0.4902874389088934,2296.574214334436,14.938755143100426,11.48287107167218
-54.612866,200,141.719532,0.0,0.23274978261494914,3192.7599691229893,18.52973547127038,15.963799845614947
-61.213918,200,141.899571,0.0,0.29564157043764383,3331.7868353744307,19.661678358226844,16.658934176872155
-109.403234,200,142.055586,0.0,0.5329208760431559,3470.1047676045137,20.038764829747265,17.350523838022568
-53.902579,200,142.197718,0.0,0.27044508890667174,2721.5377068147222,16.39390320998963,13.607688534073612
-152.80444,200,142.329703,0.0,0.7537763555752753,3213.531859047351,18.848123528022985,16.067659295236755
-91.394795,200,142.462052,0.0,0.3975027301467135,3019.530946764357,18.815278810919683,15.097654733821784
-144.87961,200,142.592831,0.0,0.6131280817028447,2435.0049662955703,15.21435390569387,12.17502483147785
-86.386417,200,142.724594,0.0,0.4805029879468316,2519.8191381042516,15.86943645721629,12.599095690521258
-64.712217,200,142.855685,0.0,0.3270524359094611,3638.0522104612514,21.8913857222482,18.19026105230626
-77.871429,200,143.006645,0.0,0.6664997416890401,2829.0934379096375,17.463537983199103,14.145467189548187
-88.435813,200,143.569474,0.0,0.45253123163358194,3190.3553177348876,18.712639594053677,15.951776588674438
-108.183208,200,143.759638,0.0,0.45137490437868344,2327.3142139851047,15.348457521713243,11.636571069925523
-74.433241,200,143.910239,0.0,0.6573650690439368,2646.036735597287,16.021176806076696,13.230183677986435
-140.455211,200,144.064596,0.0,0.533887136523213,2437.1540926369034,15.78094957820966,12.185770463184518
-57.54888,200,144.209128,0.0,0.37004861813304224,2903.1394031111904,18.275840068215032,14.515697015555952
-17.884364,72,144.264376,1.0,0.04868686254517447,497.6371537497204,3.762427417775053,6.911627135412783
-73.707687,200,144.408444,0.0,0.3338026017107673,3428.053152764379,19.741727200408008,17.140265763821894
-147.050805,200,144.542779,0.0,0.5953025615891148,2379.520461607105,14.83882493849646,11.897602308035525
-88.402696,200,144.666795,0.0,0.42140340872273696,2153.8894295083674,14.357306616110762,10.769447147541836
-111.840672,200,144.802573,0.0,0.5025615565379483,2217.9867891399085,14.49444212307794,11.089933945699542
-90.752259,200,144.927602,0.0,0.4488799944032578,2723.521373238938,17.11085417970418,13.61760686619469
-66.618971,200,145.520834,0.0,0.30424862056120594,2670.1775224588864,16.441320330716962,13.350887612294432
-169.039656,200,145.700006,0.0,0.8005418338114066,3089.910806143592,17.865692556582168,15.449554030717959
-118.716944,200,145.837745,0.0,0.5745626909696957,3392.599181575731,19.198255758890287,16.962995907878657
-41.644962,200,145.969194,0.0,0.3794288212343706,3374.78589362567,19.8187983349211,16.87392946812835
-99.221585,200,146.097798,0.0,0.452914943006898,2851.606133643895,17.476188313246357,14.258030668219476
-102.590003,200,146.230175,0.0,0.4923424966138734,3466.179096345077,20.581750242833014,17.330895481725385
-57.363506,200,146.362733,0.0,0.3365925944786444,3426.8472016040437,20.155817130121097,17.134236008020217
-133.493155,200,146.505459,0.0,0.649634833569109,3607.776867530135,19.843627848392877,18.038884337650675
-78.639891,200,146.641093,0.0,0.23070672999430855,2395.542818264821,15.6621314378103,11.977714091324106
-148.91254,200,146.784077,0.0,0.7214203602443202,3186.8167258678914,19.60775083599651,15.934083629339456
-147.414674,200,147.3853,0.0,0.662453935322344,3129.7509884153087,18.805621000550662,15.648754942076543
-71.167073,200,147.574097,0.0,0.3215822105722425,2996.500103188467,17.861641732193956,14.982500515942336
-83.657218,200,147.708625,0.0,0.37490707557629555,2282.2852748703517,15.077856003071775,11.411426374351759
-48.394028,200,147.846846,0.0,0.22105146647181384,3299.607344125177,18.915659271315626,16.498036720625883
-141.379281,200,147.974768,0.0,0.5475401379573269,2444.2989086580837,15.019498635046244,12.221494543290419
-17.357675,62,148.016898,1.0,0.046322876146849705,620.7077112511594,4.248196509727169,10.011414697599344
-116.062475,200,148.148559,0.0,0.5590909767924693,3385.879980811292,20.242055789103944,16.92939990405646
-47.38469,200,148.28065,0.0,0.3262473418918484,3000.67841214635,17.998260142363947,15.00339206073175
-61.738796,200,148.410101,0.0,0.3210760223565808,2894.742416057125,17.938155490934495,14.473712080285624
-43.812833,200,148.543559,0.0,0.28332941567675796,3156.2746740176995,18.66599084131554,15.781373370088497
-17.089057,66,148.584504,1.0,0.0459641711312763,1018.2235638842441,6.561227673211016,15.42762975582188
-79.592328,200,148.723062,0.0,0.393863848916643,3120.433125283971,18.69398428212442,15.602165626419856
-136.492179,200,149.315625,0.0,0.6682844413879021,3333.7369818401953,19.648513515302913,16.668684909200977
-62.114001,200,149.506701,0.0,0.2853089627512835,3641.1016047161133,20.532429452224783,18.205508023580567
-132.251266,200,149.650434,0.0,0.6592496063627558,3397.813414749883,19.672709232633828,16.989067073749414
-29.654524,200,149.79247,0.0,0.19553474919144587,3275.2855026027905,18.92995603476535,16.37642751301395
-122.595218,200,149.922041,0.0,0.48620064682169545,2768.007345180513,16.404145449878897,13.840036725902564
-131.98151,200,150.055582,0.0,0.6530150370270806,3493.9230888350203,19.78664236269223,17.4696154441751
-66.403786,200,150.184203,0.0,0.3261139447742978,3230.031913818037,18.63652787731002,16.150159569090185
-45.372815,200,150.316664,0.0,0.26507977480127476,2957.519431815572,17.408401766307307,14.787597159077858
-60.316623,200,150.449882,0.0,0.32272557804567714,2501.4661008469375,15.341154100545765,12.507330504234687
-142.198772,200,150.582862,0.0,0.6044915777425487,2696.4155664829414,16.46749131650106,13.482077832414706
-82.238397,200,151.169542,0.0,0.3639883626446767,2692.8084996996145,16.5461910119563,13.464042498498072
-68.901469,200,151.382875,0.0,0.33450711660190396,3385.839122323167,19.508146882926404,16.929195611615835
-121.574221,200,151.516545,0.0,0.568951281061821,3159.4794505131213,18.727376163550737,15.797397252565606
-70.808755,200,151.650668,0.0,0.24774230541880804,2331.7008074603696,15.057135496183141,11.658504037301848
-133.749165,200,151.786551,0.0,0.6219704138409428,3153.721694108345,18.8066435524734,15.768608470541727
-143.758884,200,151.917297,0.0,0.7070198870094472,3442.417905156555,20.706665281757928,17.212089525782776
-159.685298,200,152.049674,0.0,0.7378143021769059,3220.6602954969608,18.343877146638977,16.103301477484806
-162.188917,200,152.178558,0.0,0.7842514218212148,3203.290223292923,18.81976510599219,16.016451116464616
-156.848391,200,152.308087,0.0,0.7408450008416724,3102.2963510904037,18.37233346925119,15.511481755452019
-106.970992,200,152.438552,0.0,0.5124580813423162,3290.792882364293,19.666545191521056,16.453964411821463
-80.072283,200,152.570697,0.0,0.3791027079039281,2348.731591342977,15.520686034541198,11.743657956714886
-66.381115,200,153.176662,0.0,0.2800227597145968,3082.79516472885,18.712921996926642,15.41397582364425
-144.629389,200,153.318097,0.0,0.7129790701965623,3385.291675888204,19.814526918325807,16.92645837944102
-75.298004,200,153.458899,0.0,0.363078217683983,3301.328328452597,19.64077525354126,16.506641642262984
-140.598199,200,153.592353,0.0,0.7067660090888376,3225.3938895027027,18.78342047057599,16.126969447513513
-36.422425,200,153.724255,0.0,0.22337030818301962,3585.756916217359,20.309619116720253,17.928784581086795
-153.769968,200,153.852219,0.0,0.6901165739527864,3072.0127152052846,18.75156205379556,15.360063576026423
-159.607814,200,153.983,0.0,0.7695462166228394,3095.9793500869846,18.24740083057613,15.479896750434923
-66.40731,200,154.113139,0.0,0.2770195016520295,2848.088721376631,17.7379953920411,14.240443606883154
-14.825167,61,154.154207,1.0,0.04548524705437079,882.358862165274,5.580491473449001,14.46489937975859
-52.300608,200,154.290566,0.0,0.293507658973244,3516.490259138217,20.744694324920378,17.582451295691087
-84.560315,200,154.92558,0.0,0.43949000651106673,2589.229572075565,16.469351660910295,12.946147860377826
-98.900143,200,155.119863,0.0,0.46607776294844827,2752.102559518456,16.99819989491393,13.76051279759228
-78.417421,200,155.260547,0.0,0.3829341966055064,3155.757012289721,18.88251419790664,15.778785061448605
-127.176918,200,155.407109,0.0,0.6069374284770591,3315.344522032915,19.446664336318722,16.576722610164573
-74.310425,200,155.556899,0.0,0.575410217454886,2729.114298338765,16.306386748492564,13.645571491693824
-41.713829,200,155.702869,0.0,0.09787110358072937,3054.7300408389087,17.824067281695914,15.273650204194544
-11.970763,64,155.757154,1.0,0.042094070911975055,965.7251337546278,5.948390058746061,15.08945521491606
-150.74894,200,155.901205,0.0,0.7389859005089021,3433.605736266232,20.01228800201951,17.16802868133116
-161.436533,200,156.03121,0.0,0.7880331569334074,3006.9640479920645,17.109713911091184,15.034820239960322
-100.09056,200,156.160593,0.0,0.4792757997641002,3158.0088790876885,18.151795443559635,15.790044395438443
-124.694953,200,156.287419,0.0,0.5449790473696069,3103.412159868457,18.799279535794135,15.517060799342284
-108.389536,200,156.838062,0.0,0.5160605057942689,3209.3877611488847,19.13123842558387,16.046938805744425
-66.723041,200,157.044881,0.0,0.24154121580369586,2202.1439936291736,13.83510346763024,11.010719968145867
-78.493604,200,157.189669,0.0,0.36958987300832413,3501.332845639678,20.243065300518282,17.50666422819839
-81.498007,200,157.320517,0.0,0.3334191388833323,2528.778046939237,16.212952659671164,12.643890234696185
-70.395552,200,157.448771,0.0,0.2657419882302666,2477.717565435824,15.744013177258411,12.38858782717912
-115.614783,200,157.606186,0.0,0.5064793162945246,2922.2975107245006,17.493063695627416,14.611487553622503
-87.230717,200,157.743637,0.0,0.2865055458227556,2193.1773832919594,13.925599793032568,10.965886916459796
-63.321737,200,157.875712,0.0,0.2897097477120906,3453.1501367538867,19.751561832572115,17.265750683769433
-49.978798,200,158.004522,0.0,0.34332411653968614,3324.482018693443,19.594990166397153,16.622410093467217
-127.556902,200,158.136963,0.0,0.5923705737558901,3037.5186987253314,18.30394292653397,15.187593493626657
-83.824538,200,158.264496,0.0,0.4059988787947217,2070.1706159471905,14.247384506762094,10.350853079735952
-107.994681,200,158.854704,0.0,0.465818508072234,3050.4796107515954,17.67805919364929,15.252398053757977
-63.903379,200,158.997329,0.0,0.34212139739958747,3357.6560646719604,19.245731065917692,16.788280323359803
-175.377405,200,159.12898,0.0,0.8632821400778874,3434.1947329445843,19.73740611363254,17.170973664722922
-127.40472,200,159.265852,0.0,0.5701068152238862,2875.505138922079,17.459936092677253,14.377525694610394
-112.646293,200,159.409687,0.0,0.5027426973777596,2678.0479040675127,16.75411311826434,13.390239520337564
-82.312291,200,159.562204,0.0,0.38608617123926237,3345.7079629566892,19.432746512457317,16.728539814783446
-60.020875,200,159.716099,0.0,0.25754974799778296,3151.292041866649,18.71734020847569,15.756460209333245
-152.583685,200,159.853103,0.0,0.734286271700829,3244.649974401568,19.37754110474108,16.22324987200784
-102.560779,200,159.989381,0.0,0.3944625891214179,2423.18625544086,15.390932552635656,12.1159312772043
-68.427317,200,160.118541,0.0,0.5649521546506562,2974.689080756444,18.84230216104509,14.87344540378222
-81.500487,200,160.692152,0.0,0.42029794131855946,2832.2790448082915,17.92906393114081,14.161395224041458
-172.522251,200,160.845661,0.0,0.8520781812233725,3146.077553128458,18.885606078349017,15.73038776564229
-50.343514,200,160.975731,0.0,0.3276719312975222,2250.626599422737,14.29407928295611,11.253132997113685
-106.289106,200,161.110494,0.0,0.5053596972741164,2530.593464428181,15.817725645379838,12.652967322140904
-33.480974,200,161.239412,0.0,0.14962889722228875,3306.74316043201,19.467926338256415,16.53371580216005
-71.699576,200,161.365667,0.0,0.44890842739942916,2442.7035286220776,15.638655143101293,12.213517643110388
-72.610099,200,161.495803,0.0,0.6372550554078239,2770.400839444702,16.74758331555852,13.85200419722351
-106.302512,200,161.647544,0.0,0.4776066617196759,2118.431544371241,13.694470326646826,10.592157721856205
-168.559663,200,161.820065,0.0,0.7871407033077188,2971.070229450214,17.647079384265997,14.855351147251069
-121.067647,200,161.96455,0.0,0.5714105574435979,3429.189597029913,18.98352916193012,17.145947985149565
-67.272978,200,162.515754,0.0,0.28901073834708174,2794.281283120217,16.954656485482744,13.971406415601084
-54.932266,200,162.685215,0.0,0.31723567605344916,2228.6215013117344,13.821336962514913,11.143107506558671
-154.623589,200,162.822031,0.0,0.7643428845690957,3192.2912628261583,18.592850033690702,15.961456314130793
-101.81686,200,162.959063,0.0,0.4567247783562698,2876.8742209972133,17.092049677984516,14.384371104986066
-116.359716,200,163.096618,0.0,0.429936803480908,2336.353795623838,14.760590335830873,11.68176897811919
-55.766344,200,163.223951,0.0,0.4267932915333265,3370.59040453169,19.798800468532118,16.85295202265845
-89.500335,200,163.352942,0.0,0.3908898368367126,2047.657181875878,13.801291424603718,10.23828590937939
-146.01454,200,163.48577,0.0,0.6498244394948559,2717.5704689684467,16.856608745386488,13.587852344842233
-70.295163,200,163.62779,0.0,0.3207220454706007,2643.6498617402835,16.32632303842742,13.218249308701418
-71.350665,200,163.803653,0.0,0.3551412213784526,3512.0436789625346,19.5116723455713,17.560218394812672
-56.408539,200,164.380483,0.0,0.461837910306988,3207.040427311031,19.532098603259247,16.035202136555156
-44.905086,200,164.568776,0.0,0.32135497956135967,2744.7699355824475,16.768135354926056,13.723849677912238
-19.24214,69,164.618955,1.0,0.04727409883878804,304.7293426863436,2.5062035829753144,4.416367285309327
-130.647613,200,164.748641,0.0,0.642572492395705,3446.1173308889106,19.801543026395976,17.230586654444554
-69.094441,200,164.882794,0.0,0.3618563970621379,3139.927154443526,18.888229384753167,15.69963577221763
-150.124507,200,165.017721,0.0,0.7174060320968169,3380.7878452668606,19.531303833348762,16.903939226334302
-55.82506,200,165.145708,0.0,0.2677949002099904,3320.9000804258735,19.782311176760317,16.604500402129368
-49.383491,200,165.274887,0.0,0.42273179603389455,3393.986146325592,19.457003319124023,16.96993073162796
-18.726828,72,165.319742,1.0,0.04780593718302881,923.2947022276722,6.169736345310431,12.823537530939893
-149.146768,200,165.454533,0.0,0.6490752529375818,2807.8851512741403,17.022227158484082,14.0394257563707
-94.752351,200,165.584887,0.0,0.42756517791605236,2658.583081718212,16.548215042362074,13.292915408591059
-79.472485,200,165.718091,0.0,0.47694463107478424,2566.639179118579,16.160941360082678,12.833195895592894
-110.106516,200,166.322834,0.0,0.5301362369001157,3091.053529685027,18.475054535633156,15.455267648425135
-54.716919,200,166.484846,0.0,0.2558568062421943,2762.3359019455106,16.731666242243318,13.811679509727552
-48.297845,200,166.621952,0.0,0.19443977872659698,3440.3487557161634,20.031978916431463,17.201743778580816
-125.307231,200,166.766735,0.0,0.6097210817656277,3157.1239241665235,19.347689105557816,15.785619620832618
-68.624334,200,166.916583,0.0,0.3963044101460607,2731.333453047231,16.863417357101948,13.656667265236155
-45.140592,200,167.060567,0.0,0.3836252684650583,2846.1847629390877,17.117808673645545,14.230923814695439
-135.037454,200,167.19278,0.0,0.5115943075673737,2612.8462960480356,16.583611159501118,13.064231480240178
-69.046202,200,167.322734,0.0,0.385851951788335,2719.4948807861547,16.453715452557002,13.597474403930773
-155.133491,200,167.448951,0.0,0.7530567118611678,3302.0637820125344,19.561578714850576,16.510318910062672
-146.673294,200,167.578768,0.0,0.6943306103196515,3385.447152474289,19.629992183794485,16.927235762371446
-139.576516,200,168.154398,0.0,0.6782326254240199,3427.430935765618,19.184546548054914,17.13715467882809
-76.23747,200,168.322847,0.0,0.342090653413589,3490.0856701155317,20.08361164884212,17.45042835057766
-11.741929,48,168.356681,1.0,0.04417104701684392,296.3745699704413,2.3785529901410487,6.174470207717527
-73.574099,200,168.485904,0.0,0.39518133454833076,2817.231442561671,17.00070761552331,14.086157212808354
-114.834883,200,168.642862,0.0,0.42855254406903376,2425.3049763551144,15.125448611668949,12.126524881775572
-54.482846,200,168.784946,0.0,0.3293502008942347,2394.461358478697,14.749696062686233,11.972306792393486
-107.473227,200,168.927962,0.0,0.4609978444601012,3209.5560108438876,18.77520910099528,16.047780054219437
-131.843681,200,169.063849,0.0,0.5973617365055133,3198.217437679014,19.483749138238085,15.99108718839507
-143.509172,200,169.192984,0.0,0.6802104544837525,3410.1268910959434,19.78779715775356,17.050634455479717
-92.39674,200,169.330565,0.0,0.47321170225381964,3312.223250407539,19.753803099940747,16.561116252037696
-56.290029,200,169.457541,0.0,0.17679679199988962,2512.507892987403,15.066237426372322,12.562539464937014
-143.629809,200,170.018726,0.0,0.6753991416356684,3427.3755532833447,19.88785862362682,17.136877766416724
-111.091726,200,170.19208,0.0,0.5192136800005662,3398.4694239521373,19.82642710224735,16.992347119760687
-119.324052,200,170.323187,0.0,0.5186257679419745,2674.65153685814,16.649572662868984,13.3732576842907
-55.226685,200,170.482896,0.0,0.24296132006946144,3465.4639186908207,19.8853633265363,17.327319593454103
-87.957514,200,170.61615,0.0,0.3936288416583387,2651.39415067453,16.168968070359558,13.25697075337265
-176.597985,200,170.748492,0.0,0.8525806454188276,3466.7936593951067,19.375434247072967,17.333968296975534
-91.950761,200,170.888875,0.0,0.4251264722989873,2922.405433396506,17.52142494280793,14.61202716698253
-57.006091,200,171.028371,0.0,0.24618418894951002,3396.251892109489,19.09204136388304,16.981259460547445
-54.763126,200,171.160936,0.0,0.24705853833058677,3423.7636496963787,19.921017242482048,17.118818248481894
-81.84996,200,171.29667,0.0,0.4956186644865704,2938.263791733185,18.00713052394099,14.691318958665924
-99.918653,200,171.863035,0.0,0.36092996257759663,2520.373543899699,15.884649651773481,12.601867719498495
-91.550117,200,172.065841,0.0,0.43399896150520434,3369.264455151761,19.35286920836686,16.846322275758805
-61.768652,200,172.250643,0.0,0.316420745815446,3256.2186859384697,19.609090369815892,16.281093429692348
-55.278153,200,172.476551,0.0,0.281745269988653,2544.5489636498714,16.402736347289164,12.722744818249357
-13.097557,47,172.524488,1.0,0.04349045234017173,505.4417546665144,3.465209900585717,10.754079886521582
-164.68696,200,172.707664,0.0,0.814537934025715,3452.1794447851375,19.719348222190177,17.26089722392569
-62.472543,200,172.877596,0.0,0.3711434792739301,2479.270815758418,16.077231997358744,12.39635407879209
-15.236307,78,172.956383,1.0,0.04468076529969076,1004.8743742221293,6.232943374860258,12.883004797719606
-110.690784,200,173.146848,0.0,0.5172188652518217,3022.187452437268,18.15509617349421,15.11093726218634
-127.161968,200,173.334286,0.0,0.6207479914510894,3445.4374825656014,19.85841654923385,17.227187412828005
-69.228778,200,173.503006,0.0,0.41131477422877966,2598.810125310633,16.01911232832651,12.994050626553165
-163.638098,200,173.676838,0.0,0.8035201602799575,3304.3218656217205,19.275654409844524,16.521609328108603
-60.318768,200,174.386754,0.0,0.2587847063071587,2379.4186561650868,15.248040580015783,11.897093280825434
-67.796419,200,174.590694,0.0,0.286881852354341,3294.5634988938564,19.60352258382925,16.472817494469282
-80.499707,200,174.787645,0.0,0.36902485388442713,2444.9227177049984,15.616906124239373,12.224613588524992
-165.660732,200,175.016021,0.0,0.7968945197472223,3244.0588713263833,20.211936611912705,16.220294356631918
-74.176243,200,175.230054,0.0,0.3533371335783326,3609.6348853169507,20.754579509913388,18.048174426584755
-118.655466,200,175.410837,0.0,0.5028447558441802,2399.0237465985515,14.83748233416129,11.995118732992758
-99.083114,200,175.593791,0.0,0.48432900077875607,3215.4045418652267,18.93810794134215,16.077022709326133
-48.717867,200,175.770666,0.0,0.2811114965137454,3405.9126084256336,19.594649729895675,17.029563042128167
-137.140857,200,175.935472,0.0,0.6069025813346585,2662.9168766088474,16.22396973155997,13.314584383044236
-61.963036,200,176.096229,0.0,0.19317244334036082,2526.306811543493,15.986330460165947,12.631534057717465
-72.818464,200,176.719312,0.0,0.5713002323904313,3086.1804629795765,18.55033080575189,15.430902314897883
-64.695456,200,176.90687,0.0,0.3701517897603793,3063.647478784194,18.428212820164948,15.31823739392097
-112.707324,200,177.039676,0.0,0.4594120557300028,2387.17232816356,15.233972327037632,11.9358616408178
-117.459973,200,177.172786,0.0,0.5774002116128126,3416.2687365036245,19.480827741820207,17.081343682518124
-178.379631,200,177.300676,0.0,0.8726078108191986,3466.6304101100072,19.861076114564863,17.333152050550037
-103.237939,200,177.451972,0.0,0.4394254627912103,2464.0897630466984,16.24717864365315,12.320448815233492
-111.947323,200,177.599643,0.0,0.49819336284978755,2535.868038515237,16.2551629370358,12.679340192576184
-61.079341,200,177.746747,0.0,0.4220613257098264,2211.5938277862374,14.210057655686729,11.057969138931186
-14.182054,64,177.792177,1.0,0.04952592186614427,493.5751347928488,3.723739591689743,7.712111481138263
-85.892261,200,177.928204,0.0,0.40846185260405754,3284.728636785638,19.37726851690284,16.423643183928192
-73.774015,200,178.059624,0.0,0.2998486150972332,2975.5441576390426,17.41787022531857,14.877720788195212
-65.150726,200,178.624819,0.0,0.2712263886676662,2832.3054723040036,17.04512250590079,14.161527361520019
-133.974976,200,178.804639,0.0,0.5806533486227158,3017.2041531471255,17.659013187735013,15.086020765735627
-70.258017,200,178.940877,0.0,0.34280166702881465,2975.214194705922,17.754763589703938,14.876070973529611
-104.233932,200,179.076687,0.0,0.4808924055454527,3079.4918140329573,18.64373508032505,15.397459070164787
-154.489925,200,179.209929,0.0,0.7306723981424443,3245.196801752994,19.222602701103835,16.225984008764968
-73.843448,200,179.336906,0.0,0.38183131469432335,3119.576931252996,18.2142134957784,15.59788465626498
-133.866487,200,179.468651,0.0,0.6455356455917362,3339.40474582639,19.93535890177101,16.69702372913195
-91.070467,200,179.610742,0.0,0.41233103480962735,3455.6374003182914,19.838931900733048,17.27818700159146
-50.521765,200,179.763795,0.0,0.16401034251412105,2519.0004283205258,15.38744124933159,12.59500214160263
-66.333113,200,179.91349,0.0,0.1881529321252559,2384.9539311595267,15.393231279830006,11.924769655797634
-121.168645,200,180.508591,0.0,0.49936668879852875,2850.1073173000827,17.61989139412035,14.250536586500413
-31.669969,200,180.708765,0.0,0.3192355509299789,3141.4314298638405,18.90959332418394,15.707157149319203
-88.375155,200,180.83861,0.0,0.3903718304829838,3223.9441711337827,18.59083609952992,16.119720855668913
-56.011445,200,180.970507,0.0,0.35732595018262525,2901.0201087221203,17.79565912051254,14.505100543610602
-103.996748,200,181.107622,0.0,0.4586438737841945,3014.8602526282093,17.623636796376566,15.074301263141047
-94.656998,200,181.237829,0.0,0.5049766872886526,3270.336108107624,18.249428298702355,16.35168054053812
-141.17512,200,181.374641,0.0,0.6290192568455206,2885.5645918991518,17.73519037597732,14.427822959495758
-59.808989,200,181.509816,0.0,0.40762566167826414,3319.1263301354197,19.11015454185693,16.5956316506771
-172.698237,200,181.641982,0.0,0.8366959086775636,3363.637535984071,19.174298059932305,16.818187679920353
-96.820197,200,181.781075,0.0,0.5109841967242833,3387.9565925673255,19.552533320470918,16.939782962836627
-129.194163,200,181.92702,0.0,0.6110841981036034,3362.2204092254183,19.627097063212428,16.81110204612709
-59.562133,200,182.584623,0.0,0.3910976203328525,3561.893447745534,20.069374209268414,17.80946723872767
-73.157373,200,182.768322,0.0,0.3324889974995917,3000.36005040147,18.12437267912029,15.00180025200735
-104.353189,200,182.90836,0.0,0.512296075879647,2963.3392551968427,17.93965684639503,14.816696275984214
-28.759371,148,183.004197,1.0,0.04965743704944734,1597.9592403297222,10.070512936822228,10.797021894119744
-100.406892,200,183.135624,0.0,0.39956696834507693,2539.4301374222496,15.940202123813501,12.697150687111249
-125.369492,200,183.264856,0.0,0.5192097249203367,2765.1414191148565,17.298275484574656,13.825707095574282
-95.946194,200,183.398586,0.0,0.49417818612234793,2935.262419396044,17.431401814649913,14.67631209698022
-142.426017,200,183.52457,0.0,0.6286461807033116,2481.725574370755,15.184075695980614,12.408627871853776
-81.645323,200,183.654677,0.0,0.38104326409600575,3412.9409743749698,19.512814143413785,17.06470487187485
-43.332534,200,183.789014,0.0,0.14314987317411781,2499.5864186048448,15.83556197826059,12.497932093024223
-50.55547,200,184.357661,0.0,0.2426330194872623,2648.0363580964363,16.646894834265897,13.24018179048218
-58.525374,200,184.531097,0.0,0.3028034151907382,2780.3032921724225,16.847247176314532,13.901516460862112
-93.975366,200,184.672157,0.0,0.44894983868468896,3299.889013378946,19.21063136904509,16.49944506689473
-33.90226,200,184.821012,0.0,0.3480221524975727,3006.667929028702,17.887055789627674,15.03333964514351
-49.593444,200,184.954782,0.0,0.18689284548902815,3237.253923571584,19.02832977219297,16.18626961785792
-90.917383,200,185.08677,0.0,0.4440373158497694,3634.0954363454352,20.205983530258713,18.170477181727176
-43.112105,200,185.221113,0.0,0.23882355257407475,2549.557928814884,15.517299261434621,12.74778964407442
-59.717493,200,185.349691,0.0,0.27277235514737985,3274.042889057765,19.195921497465527,16.370214445288823
-139.737725,200,185.495265,0.0,0.5433870185349483,2444.0553799909126,15.136941325440329,12.220276899954563
-144.293,200,185.64075,0.0,0.7013843315977778,3450.822864156329,19.246481771377223,17.254114320781646
-29.830855,173,186.235138,1.0,0.0461299777117794,2276.831824247993,14.197776138941803,13.16087759680921
-36.15203,194,186.425708,1.0,0.046192093211408956,2206.954645141272,13.411763700222282,11.376054871862227
-147.537835,200,186.568067,0.0,0.7200515834963654,3164.436065114633,18.337723981840156,15.822180325573164
-65.099823,200,186.701895,0.0,0.4046998951303314,3073.758374071641,18.783180135320936,15.368791870358205
-149.817814,200,186.832263,0.0,0.7257830950252971,3352.419473965046,19.714617300414517,16.76209736982523
-16.058054,58,186.880013,1.0,0.049360446534138555,505.48377712831166,3.631374354771114,8.715237536695028
-43.775047,200,187.013517,0.0,0.29345619605187634,3401.8479565731504,19.59921573445227,17.009239782865752
-87.000269,200,187.144595,0.0,0.4498373095487127,3222.7028360328777,19.97934037558703,16.113514180164387
-91.096107,200,187.270807,0.0,0.45633013346094353,3341.467558504017,19.629627212843488,16.707337792520082
-137.990848,200,187.40456,0.0,0.6407072975381943,3268.690685791829,18.940929455519917,16.343453428959144
-61.728723,200,187.533063,0.0,0.34227601015171466,2698.8397220797124,16.75969139253995,13.494198610398563
-46.272131,200,188.118279,0.0,0.14693881409581894,2708.8426755665046,16.849047572717836,13.544213377832524
-89.058494,200,188.326144,0.0,0.4187373785562722,3103.6817709574602,18.029014837930326,15.518408854787301
-32.078729,198,188.471084,1.0,0.04657133153047969,3116.816454848226,18.395597468733932,15.741497246708212
-16.259294,139,188.562951,1.0,0.04623049065736857,1862.8201475389515,11.485680661734857,13.401583795244255
-93.488698,200,188.697571,0.0,0.45290388850368807,2780.9051553072827,16.75516820096404,13.904525776536413
-121.785339,200,188.832066,0.0,0.5366355930338962,2374.4003663293447,14.787265380918043,11.872001831646724
-143.82338,200,188.980666,0.0,0.6656146005331723,2641.0703955273907,16.19602541596578,13.205351977636953
-149.372729,200,189.124735,0.0,0.706773158892867,3163.0292302986154,18.893595550275954,15.815146151493076
-113.629245,200,189.257911,0.0,0.5578000528324013,2926.4643510469195,17.615780338421978,14.632321755234598
-143.495653,200,189.389669,0.0,0.5829494764864073,2331.5946400851994,15.053654742377587,11.657973200425998
-80.603306,200,189.519059,0.0,0.32217894392463514,2995.316421474492,17.925728260093695,14.97658210737246
-79.60584,200,190.082842,0.0,0.49535495366732846,3189.0336933360204,18.5099174873914,15.945168466680101
-56.788191,200,190.255612,0.0,0.26643348073234296,3549.0398992572723,19.863210175971172,17.74519949628636
-85.708352,200,190.389875,0.0,0.4103572987520133,3457.9555004541394,19.315673793777705,17.289777502270695
-79.561186,200,190.524655,0.0,0.3513146762542874,2748.9012197773573,16.898565555096898,13.744506098886786
-80.08793,200,190.662038,0.0,0.32315952059927705,2481.2834335384036,15.58732932127446,12.406417167692018
-78.401861,200,190.795618,0.0,0.34038974646209563,3190.579995367696,18.69648648925705,15.95289997683848
-62.613856,200,190.924197,0.0,0.17470776731823628,2552.6397027012717,16.060822243677247,12.763198513506358
-167.312741,200,191.069966,0.0,0.8212939246052311,3539.955472659931,20.655171914128232,17.699777363299653
-152.240141,200,191.194772,0.0,0.7412348931662553,2856.941416731884,16.883895911722263,14.28470708365942
-35.707766,200,191.322973,0.0,0.05675260744522688,2868.3066341022027,16.96131314837066,14.341533170511013
-36.549263,200,191.87455,0.0,0.06914576931531861,2926.8115684509826,17.973337428244392,14.634057842254913
-34.843926,200,192.07995,0.0,0.10613191560506895,3495.00359248491,20.50515980326778,17.47501796242455
-98.359641,200,192.229641,0.0,0.44380205237109327,2597.320351470958,15.515463771228852,12.98660175735479
-82.12081,200,192.371086,0.0,0.32730903428183505,2865.495878280797,17.70775056296789,14.327479391403985
-172.622264,200,192.494592,0.0,0.843585538375523,3488.3057490609763,20.015395960508542,17.441528745304883
-137.880076,200,192.628846,0.0,0.5727505144526355,2921.9044574182317,17.853860869501116,14.609522287091158
-47.655808,200,192.765343,0.0,0.19001542829168916,3201.393511820567,19.14024324802961,16.006967559102833
-90.205827,200,192.898314,0.0,0.3394354497885254,2382.64725601537,14.040426551671587,11.913236280076852
-131.953179,200,193.024374,0.0,0.652432801242768,3009.0825268389926,18.674478914539723,15.045412634194964
-84.611682,200,193.170687,0.0,0.3413747023962935,2523.5013726352995,14.557769084830568,12.617506863176498
-67.868157,200,193.306046,0.0,0.3128642773289782,3261.5800394705157,18.685869296622457,16.307900197352577
-114.528324,200,193.874651,0.0,0.5676671876333328,3226.2897212587914,18.93710655266372,16.131448606293958
-145.764343,200,194.012796,0.0,0.649796206344684,2719.4520104808685,16.62212356997205,13.597260052404343
-71.260793,200,194.146426,0.0,0.32963705246404396,3088.2818006236043,18.125132647271883,15.441409003118022
-124.3349,200,194.286602,0.0,0.5251225526949775,2463.150215193713,15.73138653874997,12.315751075968565
-81.09452,200,194.43477,0.0,0.44337917547931727,3474.1743021231346,20.023881687205826,17.37087151061567
-62.898563,200,194.589952,0.0,0.2843815612078832,3316.8965346450336,19.712035833756133,16.584482673225168
-138.574477,200,194.742265,0.0,0.6433079038761359,3234.5042561129344,18.973108393804875,16.172521280564673
-60.89433,200,194.874869,0.0,0.2574638723026604,3050.7301746159264,18.30459356494928,15.253650873079632
-72.783148,200,195.013226,0.0,0.35692062516707546,3024.4442201493803,18.247829398717037,15.122221100746902
-148.762612,200,195.154446,0.0,0.702461613728346,2945.5017748547666,18.223652137258664,14.727508874273832
-131.782042,200,195.786712,0.0,0.6435179387558195,3057.3930462279664,18.622832503789642,15.286965231139831
-165.353682,200,195.931221,0.0,0.8175181417283977,3393.214440609646,19.7007542101914,16.966072203048228
-159.1087,200,196.071021,0.0,0.768398480874007,2977.3727121202974,17.079979871959384,14.886863560601487
-78.176629,200,196.20049,0.0,0.38973054847626715,3316.9008597381894,20.006535235798548,16.58450429869095
-27.976106,200,196.334151,0.0,0.1346598414597662,2699.1239260450557,16.492785880315328,13.495619630225278
-95.171731,200,196.462941,0.0,0.4553060675741189,2820.0812351521818,17.50232205664797,14.10040617576091
-81.612606,200,196.593116,0.0,0.38996970804365294,3239.482130925578,19.35612329040804,16.19741065462789
-177.411335,200,196.728865,0.0,0.8781588207757266,3366.4580565575666,19.195938365413635,16.832290282787834
-66.131504,200,196.864982,0.0,0.34780096497150537,3065.4136094934024,17.545255735753972,15.327068047467012
-141.870912,200,196.998405,0.0,0.6218499919186037,2717.5826433562174,16.001876189505325,13.587913216781088
-62.0035,200,197.58414,0.0,0.2301169879130896,2407.6235786298616,15.165886480843273,12.038117893149309
-69.990302,200,197.771972,0.0,0.2397127615934029,2755.9078119548194,16.821230187982934,13.779539059774097
-100.174302,200,197.920155,0.0,0.49026949658038976,3255.2695272320893,18.911593258738883,16.276347636160448
-169.171631,200,198.049621,0.0,0.8628668318190471,3107.092934641128,18.71710588241391,15.53546467320564
-49.138305,200,198.176743,0.0,0.0956985340235841,2448.6583575969985,15.577577820091989,12.243291787984992
-109.480054,200,198.308608,0.0,0.5345038815086387,3483.947774191442,20.000284291168672,17.41973887095721
-121.515796,200,198.447937,0.0,0.4433925325976697,2052.1516800221984,13.379940790583577,10.260758400110992
-126.159502,200,198.577921,0.0,0.6162466527818656,3433.3102310590325,20.169092027905684,17.166551155295164
-42.060034,200,198.713004,0.0,0.18162121450079427,2684.6102050191553,16.606199371119892,13.423051025095777
-93.431285,200,198.836615,0.0,0.3834980615941008,2493.9403193510307,15.614671414067358,12.469701596755153
-124.662983,200,199.397805,0.0,0.6125625902336715,3483.0709938710966,20.597372994322367,17.415354969355484
-31.431519,175,199.569916,1.0,0.0458711369286489,2798.1717471388574,16.938165124433695,15.98955284079347
-36.013158,200,199.720904,0.0,0.20204147240980158,2921.524461019426,17.675323215151483,14.607622305097129
-78.057522,200,199.86448,0.0,0.2431682106067672,2150.0842290450073,13.241461500381137,10.750421145225037
-66.26917,200,199.999549,0.0,0.3233782180758903,3117.425347080578,18.312201145935667,15.58712673540289
-127.783335,200,200.129953,0.0,0.4860749688043234,2280.701257221029,13.960025216039513,11.403506286105147
-98.409367,200,200.268815,0.0,0.3014017224046115,2170.137709732484,13.924849864606305,10.85068854866242
-155.833321,200,200.404933,0.0,0.7053027675829536,2804.0993461500166,16.579089740994764,14.020496730750082
-129.234017,200,200.530816,0.0,0.5422295087497292,2493.580281014306,15.2154608627216,12.46790140507153
-45.293751,200,200.657717,0.0,0.20953254357468049,3367.420310746903,19.40524077011851,16.837101553734513
-143.484524,200,200.786287,0.0,0.6377649357845063,2550.740210384657,15.176715344447311,12.753701051923285
-108.365729,200,201.372521,0.0,0.5318459589636814,3569.356038302115,20.80421973143455,17.846780191510575
-112.899494,200,201.549549,0.0,0.5560964144635465,3295.1095138021296,18.50084577327906,16.475547569010647
-83.453564,200,201.702289,0.0,0.40909123703163225,2948.887313593633,18.157496681063424,14.744436567968163
-164.575426,200,201.834654,0.0,0.8229794690519219,3183.788377695136,18.483701315779964,15.91894188847568
-48.69986,200,201.961186,0.0,0.15417482685546047,2664.1260132429193,16.52872584752501,13.320630066214596
-81.665378,200,202.0992,0.0,0.32705357846005934,2438.385632585726,15.318511155885213,12.19192816292863
-44.908555,200,202.226465,0.0,0.1715819299112235,3171.344844716343,18.503119096514162,15.856724223581715
-166.100029,200,202.358238,0.0,0.8049400920166193,3031.3512163234172,18.050575925809976,15.156756081617086
-60.98127,200,202.492029,0.0,0.3019432865771067,3428.087795781301,20.140683064221182,17.140438978906506
-80.358559,200,202.618718,0.0,0.4462922141312861,3253.570741213771,19.02518035034463,16.267853706068856
-115.52,200,203.190665,0.0,0.5582745110543408,3547.2006688653782,20.127054167546696,17.736003344326893
-80.117723,200,203.352865,0.0,0.36499373715135996,2906.2999613086076,17.174856392135414,14.531499806543039
-67.792587,200,203.486914,0.0,0.29623782070853766,2759.866442188246,16.85688555572806,13.799332210941229
-113.044559,200,203.663237,0.0,0.498466090722568,3087.5421616693484,18.522468934920266,15.437710808346742
-32.859656,200,203.833024,0.0,0.14083097929757693,3468.253317120521,19.671031979172877,17.341266585602604
-93.115605,200,203.962441,0.0,0.38033346830782055,2628.247509474746,15.955164108526471,13.14123754737373
-51.943017,200,204.092113,0.0,0.2532113641452946,3258.438591030053,18.713338601955638,16.292192955150266
-45.959231,200,204.219563,0.0,0.14513521680457067,2422.6959135357347,14.724096831892158,12.113479567678674
-75.272691,200,204.348152,0.0,0.2912259855578747,2989.3040339010868,18.35306116790145,14.946520169505433
-103.407202,200,204.476358,0.0,0.43525930247772054,2685.1749734730442,16.651609891583877,13.425874867365222
-18.571837,151,204.977007,1.0,0.049937712622838075,2001.2322308084356,12.136775770154436,13.253193581512818
-91.127781,200,205.157924,0.0,0.3669045027878874,2654.9799538768107,15.9431026619501,13.274899769384053
-116.416975,200,205.288951,0.0,0.42934113820815845,2399.8128472345084,14.860234531655347,11.999064236172542
-55.690671,200,205.426685,0.0,0.30117252581170056,2530.2827961171324,16.203772633263227,12.651413980585662
-170.837486,200,205.557757,0.0,0.8164844074133164,3373.2335011425603,20.32396350230335,16.866167505712802
-149.352868,200,205.70457,0.0,0.7268538899429478,3095.7752523904746,18.097017097530355,15.478876261952372
-76.762678,200,205.854219,0.0,0.3776385976398388,3371.874559157615,19.66169376283727,16.859372795788076
-105.371156,200,206.013326,0.0,0.4899727661506603,3110.5070355643543,17.578356575632277,15.552535177821772
-126.094757,200,206.150847,0.0,0.6207852972035465,3192.9364882308478,18.659738668296924,15.964682441154238
-40.557134,200,206.296171,0.0,0.3170589764130252,3526.797546503024,20.302998787350617,17.63398773251512
-128.94262,200,206.429571,0.0,0.5426608192387641,2646.0308368333754,16.333109117182264,13.230154184166876
-82.545306,200,207.02676,0.0,0.3474968927846924,2972.08785114003,18.18402457403171,14.86043925570015
-76.448177,200,207.160974,0.0,0.33680131708750444,3339.371940545862,19.48914891685532,16.69685970272931
-117.938102,200,207.29485,0.0,0.5244870486328658,3088.125206928374,18.494701128133435,15.440626034641872
-138.985926,200,207.442062,0.0,0.6745981187409457,3130.667999322618,18.62959446842242,15.65333999661309
-156.03125,200,207.569956,0.0,0.7293430817898532,2522.515660845777,15.7579836617228,12.612578304228885
-74.537262,200,207.695699,0.0,0.3248533143067574,3013.4999474921983,18.040907908726346,15.067499737460992
-123.53126,200,207.848996,0.0,0.589166791207452,3341.2152332609107,19.683558327872877,16.706076166304555
-140.882364,200,208.009528,0.0,0.7035831407652041,3467.1569615989047,20.265081198174478,17.335784807994525
-45.285666,200,208.158615,0.0,0.27761204689687935,3381.6199895888744,19.28836810479456,16.908099947944372
-122.384845,200,208.302448,0.0,0.5546939951296498,3148.3018621524607,18.05922394693579,15.741509310762304
-70.591059,200,208.8966,0.0,0.3992708784587036,3156.7597249479327,19.096828562462136,15.783798624739664
-84.015196,200,209.052299,0.0,0.40403984081808914,3249.6482536227736,18.648498490381858,16.24824126811387
-148.684419,200,209.182058,0.0,0.6811594286761626,2795.534608100067,17.339096162898763,13.977673040500335
-52.266233,200,209.318826,0.0,0.1780674695269759,1952.6784799678226,12.844065596973797,9.763392399839113
-76.286393,200,209.454182,0.0,0.3345687421583485,3189.1625145520643,18.5580516756181,15.945812572760321
-92.787418,200,209.590547,0.0,0.367689470354716,2367.9903481475903,15.327449210811155,11.839951740737952
-74.272271,200,209.720819,0.0,0.34675981465919736,3365.9251547787453,19.14914663934757,16.829625773893728
-84.37489,200,209.857635,0.0,0.4120304893118208,3366.9269033883133,19.11571516884528,16.834634516941566
-123.655303,200,209.987164,0.0,0.6036860668869354,3502.426863662045,20.154175114600843,17.512134318310224
-101.272376,200,210.132926,0.0,0.35873749736180277,1968.93868611869,13.02960251827858,9.84469343059345
-107.286938,200,210.764494,0.0,0.5056656305227644,2974.5614064248402,17.718346848640486,14.872807032124202
-53.713014,200,210.934157,0.0,0.26137096639467394,3344.2403011912656,19.380575008910153,16.72120150595633
-24.921268,200,211.068946,0.0,0.10633389611636253,3459.250060329274,19.821037053140245,17.29625030164637
-65.429409,200,211.196819,0.0,0.36693250571247615,1969.693709439655,12.873930712318177,9.848468547198275
-72.827486,200,211.325588,0.0,0.35004492357950634,2619.725091461594,16.134879843206903,13.09862545730797
-150.698977,200,211.459045,0.0,0.6765343178940095,3075.386851427305,18.99978123757375,15.376934257136524
-103.217294,200,211.590268,0.0,0.4564849348391857,2931.4731198079976,16.531537881663546,14.657365599039988
-77.875867,200,211.718938,0.0,0.3084507672840907,2722.857149175937,16.743429206282677,13.614285745879686
-30.845147,200,211.850391,0.0,0.13081580798575382,3436.6336627552173,19.514791876875424,17.183168313776086
-90.472312,200,211.994623,0.0,0.4916747396078252,2871.509993928455,17.790705104725372,14.357549969642275
-27.627919,200,212.623699,0.0,0.11100320454220453,3185.139257040511,18.929263257685346,15.925696285202555
-157.634856,200,212.805682,0.0,0.7429626654354875,2881.32449816049,16.941642529693656,14.40662249080245
-65.819261,200,212.942166,0.0,0.35543968397785464,3417.846456659364,19.006580668907098,17.08923228329682
-103.530114,200,213.074645,0.0,0.4774189552061704,3034.700576423322,18.18210487606703,15.173502882116612
-97.165,200,213.203033,0.0,0.4809851100040705,3419.9027728742294,19.281706744561294,17.099513864371147
-124.796535,200,213.328524,0.0,0.5810686068120435,3210.7083063527534,18.777908065103947,16.053541531763766
-81.835137,200,213.460811,0.0,0.34090204679970715,1946.4088144014074,12.971698038701613,9.732044072007037
-49.2401,200,213.596392,0.0,0.2277612668295801,1800.440967831344,12.111927762320368,9.00220483915672
-76.270032,200,213.725767,0.0,0.34315860704458445,2837.315861849075,18.277285466918354,14.186579309245376
-67.66773,200,213.850702,0.0,0.376030047086904,2467.114505469994,14.816684333825105,12.33557252734997
-47.034296,200,213.988285,0.0,0.18241793163536377,3202.5862239576077,18.88510234898263,16.01293111978804
-124.442724,200,214.568619,0.0,0.41962273717792375,2023.4591760061476,13.124218768648435,10.117295880030738
-122.192064,200,214.707095,0.0,0.5564002247876852,2727.2618406735037,16.801722590502877,13.636309203367519
-84.45749,200,214.840003,0.0,0.7211046228451267,2086.59790548284,13.926810392593094,10.4329895274142
-104.959042,200,214.974823,0.0,0.4974516062125358,3188.700047619224,18.400839242448477,15.943500238096119
-133.268658,200,215.102998,0.0,0.44919045256752704,1952.2061496958167,13.108231931144578,9.761030748479083
-89.290892,200,215.242015,0.0,0.3005385497205226,1826.355009227608,12.511840059266168,9.13177504613804
-106.57436,200,215.368202,0.0,0.4262861228149556,2004.5751547836296,13.293136545452434,10.022875773918148
-109.004367,200,215.52118,0.0,0.5165309909363399,3016.972627378978,18.11600286413118,15.084863136894889
-45.487663,200,215.669572,0.0,0.09530870714656231,2431.3413094187617,14.93118496282423,12.156706547093808
-164.951254,200,215.813958,0.0,0.8098737192648353,3313.1294065975085,19.546772067797594,16.565647032987542
-90.746285,200,216.41873,0.0,0.8020155953856061,1996.4064774284384,13.937734407565188,9.982032387142192
-110.931784,200,216.572219,0.0,0.4536703394083681,2383.1161873654373,14.952225560389945,11.915580936827187
-138.966202,200,216.708925,0.0,0.6224984404232724,2487.2217668503263,15.810677816459496,12.436108834251632
-112.339827,200,216.835373,0.0,0.513858580374999,3061.792695714336,17.719234601116785,15.308963478571679
-172.401439,200,216.962844,0.0,0.8131751956595189,3277.1069525831454,19.507218317769123,16.385534762915725
-71.547539,200,217.096903,0.0,0.2879057115565913,2734.9004975086214,17.344839759443108,13.674502487543107
-165.277073,200,217.224171,0.0,0.8142372128452838,3137.730712248285,18.31763324111687,15.688653561241424
-139.620871,200,217.350577,0.0,0.5839965258649953,2334.5470300995926,15.18986469695375,11.672735150497964
-92.13431,200,217.48319,0.0,0.4699432156227169,3581.1677389716738,20.645951873884137,17.905838694858367
-125.81082,200,217.612125,0.0,0.5281440145102823,2447.7067089789534,15.216440339818824,12.238533544894768
-32.886289,200,218.245924,0.0,0.1266720354520268,3175.8232924772374,18.47601955131403,15.879116462386186
-66.471244,200,218.410656,0.0,0.31561270548097237,3505.0870608854816,20.712711353543778,17.525435304427408
-81.865172,200,218.54394,0.0,0.328066174333132,2531.1880482495426,15.371764144813296,12.655940241247713
-72.525871,200,218.672048,0.0,0.3746771663381791,2847.913356393148,18.0337542132195,14.239566781965742
-108.512719,200,218.803865,0.0,0.5766349270568346,3470.6626930931243,19.516486813447116,17.35331346546562
-126.364995,200,218.9357,0.0,0.4547306668164978,2328.3147735013495,15.209430905615102,11.641573867506747
-22.802548,160,219.042729,1.0,0.04923729473688094,2676.243342316721,15.554669635406487,16.726520889479506
-47.9676,200,219.16516,0.0,0.2726034548005929,1997.189939382998,12.139274383965951,9.985949696914991
-74.689465,200,219.303805,0.0,0.3682011976934759,1790.434220564424,12.196264705231096,8.95217110282212
-67.382123,200,219.430836,0.0,0.27554248669093107,2888.548108443011,17.548474218197924,14.442740542215056
-55.33471,200,219.967451,0.0,0.18688741265099038,2907.669047147959,17.386265414855345,14.538345235739795
-111.245031,200,220.148884,0.0,0.5515075984323081,2989.0938068533815,18.102546373435903,14.945469034266907
-18.321882,63,220.189229,1.0,0.047411752234212894,291.40086126364764,2.7248025048028612,4.625410496248375
-73.089014,200,220.349739,0.0,0.38542119050488904,3556.5226139792644,20.53797395431961,17.78261306989632
-120.075452,200,220.496163,0.0,0.3864324871889812,2018.9576491419468,13.416943714002171,10.094788245709735
-119.515709,200,220.640199,0.0,0.4339627476708971,2170.2596554122515,13.764497366616053,10.851298277061257
-98.525588,200,220.786771,0.0,0.42455304149251494,3236.118148361905,19.164841733475065,16.180590741809525
-100.462874,200,220.923084,0.0,0.4085197459630246,2612.952651053836,15.011412638453015,13.06476325526918
-163.962222,200,221.048189,0.0,0.8089650913146124,3283.7131229755983,19.191034578418616,16.41856561487799
-35.449828,200,221.177564,0.0,0.29066716141738774,3522.892691795558,20.456123196577018,17.61446345897779
-151.899581,200,221.31416,0.0,0.7411988760200056,3417.661934275217,20.083777302747794,17.088309671376084
-79.820035,200,221.858115,0.0,0.4011669154431711,2901.9926279267142,17.545629120234423,14.509963139633571
-88.76694,200,222.03893,0.0,0.423287367758178,3169.363998973227,18.58881839708554,15.846819994866134
-55.789437,200,222.169768,0.0,0.4263259552749512,3500.371343738317,20.18980023060038,17.501856718691585
-61.289002,200,222.300864,0.0,0.2997291167449366,3280.71736430427,19.55950958458185,16.40358682152135
-81.657905,200,222.442426,0.0,0.36130572417517126,2941.7642993948048,17.7296372883263,14.708821496974023
-131.779062,200,222.572045,0.0,0.48510850525663,1861.853211989593,12.358412795825126,9.309266059947966
-79.346306,200,222.698946,0.0,0.2560835708178867,1928.6820684266643,12.411319426206733,9.643410342133322
-127.627449,200,222.831966,0.0,0.6007781263190695,2903.4470328839293,17.262482982155927,14.517235164419647
-110.37084,200,222.970748,0.0,0.5296501873625735,3279.1525105562164,18.917058825971562,16.395762552781083
-130.532712,200,223.097696,0.0,0.6235841848325491,3425.3320975939046,19.286664277486185,17.126660487969524
-113.688424,200,223.230507,0.0,0.5550307419433903,3337.5176267567213,19.62677315749744,16.687588133783606
-10.230228,44,223.714263,1.0,0.04933517772507985,258.58248344655635,2.176064130892188,5.876874623785372
-95.973554,200,223.916232,0.0,0.3921293358365439,2543.147108195988,16.009473240827646,12.71573554097994
-52.218859,200,224.048666,0.0,0.29654037991668314,3625.7560737932945,20.66430673600966,18.128780368966474
-62.740082,200,224.184513,0.0,0.3699140214753426,3039.7192346746724,18.82032071121381,15.198596173373362
-172.146658,200,224.310548,0.0,0.8317343840907664,3387.0513201023373,19.228473181975524,16.935256600511686
-96.326174,200,224.455807,0.0,0.43857759041453437,3095.2825971678653,18.003381379826898,15.476412985839326
-79.748312,200,224.587823,0.0,0.406697499523536,2675.590007713099,16.69386637654911,13.377950038565496
-29.806778,200,224.722197,0.0,0.19135120617410678,3333.8200946741144,19.82622067128422,16.669100473370573
-98.371507,200,224.848556,0.0,0.3943253852054179,1970.299250770503,13.569092645641526,9.851496253852515
-116.133682,200,224.979719,0.0,0.3963169181406943,2050.878297096812,12.82280875596076,10.254391485484058
-103.121402,200,225.110722,0.0,0.41294111926275473,2825.5807506692117,17.239246644706142,14.12790375334606
-86.376846,200,225.748876,0.0,0.3924972874644738,3451.4041662854124,19.304258789678077,17.257020831427063
-142.638253,200,225.90011,0.0,0.6184334556276947,2799.2531630016815,15.936067626143608,13.996265815008407
-94.087877,200,226.043852,0.0,0.4388726730647072,3296.717285025461,19.14414912861381,16.483586425127307
-73.995296,200,226.177958,0.0,0.20413203367535016,1648.5699782265506,10.523667937804587,8.242849891132753
-86.610722,200,226.310361,0.0,0.32468198424382144,2406.469873864931,14.874832846038423,12.032349369324654
-85.028741,200,226.436709,0.0,0.2884791268004831,2477.1064796606843,15.288964501153874,12.385532398303422
-53.634178,200,226.577131,0.0,0.22256784706377825,3135.0192819238014,18.86256514657666,15.675096409619007
-46.280624,200,226.702193,0.0,0.34967629032724784,3310.480762049302,19.026654606389915,16.55240381024651
-163.732009,200,226.834546,0.0,0.8063118317015124,3045.4235755541054,18.373200875173833,15.227117877770526
-11.923744,45,226.867903,1.0,0.04623736296841467,282.2603809790885,2.289057519748474,6.272452910646411
-68.900911,200,226.99653,0.0,0.30143819762849383,2557.801008762573,15.960721263186436,12.789005043812866
-132.645313,200,227.578688,0.0,0.6007892275565706,2933.8348940908413,17.83299548865302,14.669174470454207
-62.861874,200,227.7238,0.0,0.3562974082982514,3329.4518099526854,19.70563019988543,16.647259049763427
-92.425869,200,227.853081,0.0,0.4601743169808165,3297.244309481667,19.380355439943862,16.486221547408334
-151.319784,200,227.997681,0.0,0.5880112901609229,2457.7522610629203,15.15513080108789,12.288761305314601
-74.75805,200,228.152969,0.0,0.3178817087451242,2976.612494257985,17.289694419676767,14.883062471289925
-52.060504,200,228.305377,0.0,0.34471833649463923,3211.4433674340194,18.428413831211632,16.057216837170095
-64.171296,200,228.443023,0.0,0.3513707884735352,3058.9966780112586,18.60727377225173,15.294983390056293
-112.609278,200,228.578003,0.0,0.4721947431975706,2228.6923822779245,14.801769488256452,11.143461911389622
-151.520313,200,228.719857,0.0,0.7121198019725365,3300.341041676929,18.89683624467363,16.501705208384646
-72.844414,200,228.847911,0.0,0.3179334122713204,2804.54966800889,16.668816377633537,14.02274834004445
-41.14028,200,229.409649,0.0,0.1566969795511572,3381.426328989127,19.55758691025493,16.907131644945636
-146.234245,200,229.569236,0.0,0.6581448124021987,2779.2354594124336,17.235930633221436,13.896177297062168
-51.771007,200,229.700164,0.0,0.14802248648182625,2974.9966257007973,17.87778214244708,14.874983128503986
-66.099586,200,229.834499,0.0,0.45813667546454845,2121.3827617420375,13.84037946461661,10.606913808710187
-116.004483,200,229.962929,0.0,0.46179127986790897,2437.5999511785612,15.89952192560715,12.187999755892806
-95.434509,200,230.093635,0.0,0.45474835801891456,3358.5555532598014,19.701134157626733,16.792777766299007
-90.159858,200,230.220934,0.0,0.35393223686532865,2591.9557298984487,15.811018736026899,12.959778649492243
-166.140051,200,230.357682,0.0,0.8183136009532184,3476.1266770626235,19.780942457011587,17.380633385313118
-68.67587,200,230.492239,0.0,0.3445890668787938,3235.8790878915056,19.500434117703485,16.17939543945753
-162.488478,200,230.624594,0.0,0.7778276366119807,3428.1725545260706,20.151073674299276,17.140862772630353
-41.862502,200,231.185766,0.0,0.1806305772569667,3490.970342696872,20.406077248844316,17.45485171348436
-61.566325,200,231.347537,0.0,0.2613622099537198,2165.936680011631,13.504279837577302,10.829683400058155
-139.741433,200,231.47784,0.0,0.6819373651291951,3427.7318851327477,20.39748416146345,17.13865942566374
-173.74692,200,231.612545,0.0,0.8470505650140917,3161.4924320853434,19.110764123256782,15.807462160426716
-82.683494,200,231.740045,0.0,0.3572414180597853,2091.629401024683,13.501878622169237,10.458147005123415
-80.751123,200,231.881066,0.0,0.4232511779034461,2650.035101651249,16.305072105680786,13.250175508256245
-74.020223,200,232.032045,0.0,0.3100386051035756,2767.1276907544666,16.798506241201387,13.835638453772333
-51.168115,200,232.178645,0.0,0.2042876010149468,3227.047414126139,18.70412629720905,16.135237070630694
-54.360328,200,232.319909,0.0,0.25177434902398266,3390.1523664134575,20.208514120799286,16.950761832067286
-76.669212,200,232.449823,0.0,0.324821382957444,2384.649141509495,14.453161952218442,11.923245707547476
-96.925554,200,233.003784,0.0,0.4147066575117857,2466.8641539883,15.597240827189234,12.3343207699415
-105.617719,200,233.188757,0.0,0.48920287059476664,2836.1547116825222,17.049364222943385,14.18077355841261
-164.991454,200,233.320741,0.0,0.8075910912432833,3038.307856414383,17.887083702156705,15.191539282071915
-125.107744,200,233.450847,0.0,0.5866277184034123,3147.090805225512,18.37002125106165,15.735454026127561
-90.693029,200,233.579933,0.0,0.4388832787356868,2988.15333487203,17.95415016871022,14.94076667436015
-152.156642,200,233.708662,0.0,0.7481630015603608,3381.8997788972624,19.16940997447661,16.909498894486312
-113.260397,200,233.834896,0.0,0.46613328975261054,2487.728139605166,15.739304638399322,12.438640698025829
-134.175146,200,233.962822,0.0,0.5392082086011504,2230.0250585469266,14.410119756586564,11.150125292734634
-11.465322,46,233.992226,1.0,0.04611454293541167,409.5776933407553,3.2328242809573395,8.903862898712072
-179.379269,200,234.120465,0.0,0.860953050744184,3421.020680930155,19.663228064079178,17.105103404650773
-67.834272,200,234.248362,0.0,0.32731489882477527,2537.7400903620046,15.83291655522639,12.688700451810023
-114.934849,200,234.844024,0.0,0.3881536950184304,1968.5205650826877,12.414811166666896,9.842602825413438
-49.270851,200,235.045117,0.0,0.1818134171049915,2323.941147027941,14.267049747389812,11.619705735139705
-83.429412,200,235.177664,0.0,0.4056906779696812,2913.437985396103,17.869511287876968,14.567189926980516
-116.808704,200,235.314427,0.0,0.5674291303624883,3460.6381245749135,20.108943777296094,17.303190622874567
-130.737818,200,235.44491,0.0,0.6135465807344577,3066.931688216871,17.934432434627684,15.334658441084354
-60.821623,200,235.577624,0.0,0.21641742714833284,2304.2982954707254,14.40701451725318,11.521491477353628
-140.177296,200,235.70421,0.0,0.6719349352387975,3168.2114541719343,18.56203912589753,15.841057270859672
-84.433962,200,235.838634,0.0,0.3320371804529819,2570.392697604673,15.740280185383554,12.851963488023364
-81.064217,200,235.969547,0.0,0.39436040910712167,3281.0574481116096,19.53876741442361,16.40528724055805
-55.261372,200,236.095415,0.0,0.4681071331773487,2702.7480483986888,16.69885768556233,13.513740241993444
-161.469128,200,236.228841,0.0,0.7891630577397273,3360.9226907227553,19.947739184495124,16.804613453613776
-133.095724,200,236.795778,0.0,0.6542264835792694,3449.648494320606,20.084631109086775,17.24824247160303
-111.792856,200,236.962054,0.0,0.3835286767314469,2011.9233133589573,12.825057429715619,10.059616566794787
-48.354414,200,237.097943,0.0,0.2562344051450496,2298.2607135761364,14.353006129794496,11.491303567880681
-99.808203,200,237.224547,0.0,0.46542130306681784,3239.554103138639,18.862318441213127,16.197770515693197
-112.741288,200,237.360475,0.0,0.44589170748796025,2502.443570889248,15.562494649954143,12.51221785444624
-118.698763,200,237.483765,0.0,0.5801094498314133,3418.3165185706375,19.54938605251645,17.091582592853186
-156.934579,200,237.613773,0.0,0.7384736543768599,3304.1976215198456,19.2479718877262,16.520988107599226
-91.850139,200,237.740683,0.0,0.3369865615953891,2712.875683715829,15.984354316779866,13.564378418579144
-96.21105,200,237.873677,0.0,0.3658833352803311,2100.5229436317954,13.47063573945706,10.502614718158977
-98.900095,200,238.018776,0.0,0.42110898621085247,2572.8295521085506,16.184853097129885,12.864147760542753
-143.941317,200,238.62861,0.0,0.5614929971868513,2462.9572972462274,15.323832154559614,12.314786486231137
-139.819915,200,238.782869,0.0,0.5677589847422686,2259.1897263535134,13.903079545698992,11.295948631767567
-77.618776,200,238.912148,0.0,0.25304335727377586,2296.2694916201485,14.266283450976038,11.481347458100743
-149.266241,200,239.05065,0.0,0.7162657052833287,3233.6185285401743,18.786437503912357,16.16809264270087
-156.485573,200,239.197925,0.0,0.742167239811982,3241.5549828414573,19.610722810839352,16.207774914207288
-53.269415,200,239.330051,0.0,0.21178391480446154,2675.163852163341,16.397366440036837,13.375819260816705
-165.199491,200,239.463922,0.0,0.7920458643597008,3218.541333904281,18.60962010160178,16.092706669521405
-153.367138,200,239.592229,0.0,0.7559735909009129,3450.119064778452,20.851529970894642,17.25059532389226
-12.081574,46,239.623019,1.0,0.046690641636576734,269.7734551237516,2.295722185995161,5.864640328777209
-130.856354,200,239.750491,0.0,0.6390218124650947,3361.4921601282254,19.691745444890294,16.807460800641127
-100.353646,200,239.877641,0.0,0.4301440877281952,2938.338620184392,17.201093943686505,14.69169310092196
-62.111839,200,240.419554,0.0,0.33460145180283285,2565.7704181802155,15.867383814648981,12.828852090901078
-40.427711,200,240.575294,0.0,0.1520319306208353,3069.7260573223684,18.2086778268749,15.348630286611842
-54.847891,200,240.707123,0.0,0.1955958518214543,2486.1406438304657,15.48031138627861,12.430703219152328
-67.019362,200,240.846391,0.0,0.4545688111421102,2949.30462448077,17.56686917136572,14.74652312240385
-161.760447,200,240.978787,0.0,0.7836171310813688,3317.0667467741846,19.48966298002399,16.58533373387092
-35.959421,200,241.107404,0.0,0.09741970964156937,3116.8708140874546,18.88649398039664,15.584354070437273
-161.889003,200,241.255406,0.0,0.7769754575074391,3496.662050725405,19.806424024514452,17.483310253627025
-90.878632,200,241.407127,0.0,0.38426913581451916,2393.636849700862,15.104272853339063,11.96818424850431
-54.893859,200,241.55636,0.0,0.29967072156906494,3158.7156404553193,18.54881129564579,15.793578202276597
-46.069643,200,241.704633,0.0,0.21298555189591006,3404.7775390012225,20.847899389025912,17.023887695006113
-132.485065,200,242.274236,0.0,0.6508634261104063,3312.8495269955024,19.704080922011713,16.564247634977512
-134.236227,200,242.436751,0.0,0.5674444861348568,2614.282379880168,16.08760559534459,13.07141189940084
-140.095456,200,242.565045,0.0,0.6944506112295793,3445.8756782999453,19.859405966478267,17.229378391499726
-66.854194,200,242.696698,0.0,0.2869164357955269,3476.0233221555513,19.305670970346867,17.38011661077776
-91.109604,200,242.825159,0.0,0.39400680739896604,2714.1840929647265,16.57813389006801,13.570920464823633
-58.041674,200,242.956965,0.0,0.23074421563093372,2103.795280274338,14.153361582247186,10.51897640137169
-51.850648,200,243.079787,0.0,0.21950284329943448,3641.261337620643,20.855358282370354,18.206306688103215
-67.273404,200,243.218475,0.0,0.16053979092277007,2110.974314012056,13.361117127313255,10.554871570060278
-76.598376,200,243.356959,0.0,0.374854755214594,3300.024383838973,19.58420473884422,16.500121919194864
-29.615674,191,243.488413,1.0,0.04642058878248964,2784.5064712996596,16.525751492821236,14.578567912563663
-96.824622,200,244.029439,0.0,0.4720376419245075,3106.985886600892,18.679870227368014,15.53492943300446
-55.482619,200,244.214226,0.0,0.2696011538574746,3173.9868320046257,18.539202671312534,15.869934160023128
-53.364063,200,244.349855,0.0,0.2695163977924532,3166.9100628979363,18.688534978199417,15.834550314489682
-63.350906,200,244.477889,0.0,0.3096754253368652,2999.088875565602,17.921717735955646,14.99544437782801
-35.185987,200,244.609067,0.0,0.13316160655604264,3229.0226624004436,18.77082846984298,16.145113312002216
-61.733898,200,244.743956,0.0,0.4006926428300898,3554.3831849186245,20.44400957347062,17.771915924593124
-79.638967,200,244.879634,0.0,0.3747347754521966,2593.131719277084,15.801120145723115,12.965658596385419
-107.651728,200,245.034479,0.0,0.47201412207428445,3154.2634265303604,18.408861823287804,15.771317132651802
-129.008508,200,245.187148,0.0,0.5234158038049486,2158.3659133007445,13.613567837043492,10.791829566503722
-146.515509,200,245.339921,0.0,0.7234317283523934,3050.4054734436913,18.101866840149953,15.252027367218457
-120.174001,200,245.47457,0.0,0.5884624536891454,3427.7692433714546,20.025622141294836,17.138846216857274
-69.345462,200,246.08461,0.0,0.4503689432235762,2467.805140741856,15.387318993809103,12.33902570370928
-127.390056,200,246.229632,0.0,0.6118455714568586,3223.021659632428,19.119585231419254,16.11510829816214
-118.315912,200,246.368801,0.0,0.5279289198262452,3221.9078661076855,18.052248330349354,16.10953933053843
-45.612311,200,246.499044,0.0,0.21359560134574365,3201.8555571113297,18.92546603995125,16.009277785556648
-140.794726,200,246.648656,0.0,0.6672845606264369,3459.242810920195,20.60506979645559,17.296214054600977
-172.573266,200,246.794744,0.0,0.8454475128596519,3298.658962425716,18.996712987980445,16.49329481212858
-52.993963,200,246.918709,0.0,0.2950021004509329,3280.8015854787045,18.609026256820155,16.404007927393522
-102.752147,200,247.050895,0.0,0.4695420003059563,2994.0118722781817,17.120866587279153,14.97005936139091
-114.804858,200,247.184777,0.0,0.5297178908373805,2735.255933079721,16.825267399537367,13.676279665398607
-84.666248,200,247.314113,0.0,0.46916283930835684,3296.625043472575,19.076782478892788,16.483125217362876
-126.280625,200,247.948767,0.0,0.5718586302822738,3308.498780057284,19.06259808087306,16.54249390028642
-57.01889,200,248.112025,0.0,0.18937037331119666,2807.2886365990703,17.03879612833043,14.03644318299535
-34.936076,200,248.246593,0.0,0.17060297505010322,3307.809046471004,19.468239565835116,16.53904523235502
-54.867378,200,248.377808,0.0,0.21990492536743056,2814.6896005870526,17.028635814455466,14.073448002935264
-66.850029,200,248.5058,0.0,0.3481156675000418,2613.4432394217215,16.47249752784846,13.067216197108607
-101.539969,200,248.636552,0.0,0.41445563336912944,2757.633237762171,16.50891711603299,13.788166188810855
-74.056686,200,248.760588,0.0,0.35172018930820226,3034.109193161398,18.031957405118593,15.170545965806989
-77.005737,200,248.896738,0.0,0.3953030129376284,2495.4045287125236,15.285629375635116,12.477022643562618
-75.284671,200,249.026828,0.0,0.24322965459681567,2291.0838739427136,15.02822736673123,11.455419369713567
-105.688316,200,249.157719,0.0,0.4848023445144889,3036.187457455059,18.306263313079114,15.180937287275293
-138.567504,200,249.719604,0.0,0.6136015672726665,2844.172658442128,16.274460662616285,14.220863292210641
-55.680182,200,249.892977,0.0,0.1272294458353669,1980.3002729670616,12.56866844514288,9.901501364835308
-51.439855,200,250.0243,0.0,0.2276241166349141,3088.5793018446693,18.440276728438395,15.442896509223347
-63.942736,200,250.188603,0.0,0.2765512866660794,3243.487954616365,18.66562557192678,16.217439773081825
-10.416683,40,250.223035,1.0,0.04976080373474783,250.1873566318114,2.0594601268038644,6.254683915795285
-87.957078,200,250.365707,0.0,0.4287159710942561,2366.4720988423696,14.682367612391417,11.832360494211848
-69.861215,200,250.497662,0.0,0.2869731084095761,2902.3528354455225,17.864742385613404,14.511764177227612
-117.354402,200,250.630783,0.0,0.5396613526265186,2647.797751701443,15.994442750297939,13.238988758507213
-78.022402,200,250.773826,0.0,0.3498403194741759,2798.540309910213,16.549461220811015,13.992701549551066
-8.382734,43,250.80517,1.0,0.04917513705607293,402.2521138860885,2.869509408328655,9.354700322932292
-160.2708,200,250.932927,0.0,0.7677761803678658,3398.189603039184,19.27926935780308,16.99094801519592
-135.86328,200,251.069146,0.0,0.5837159338216809,2491.9343896951805,15.635341639255769,12.459671948475902
-104.073264,200,251.656893,0.0,0.5029493528121531,2978.166117123469,17.491598509343213,14.890830585617346
-76.262222,200,251.80911,0.0,0.39258778848999654,3216.225713160909,18.58421778750628,16.081128565804544
-168.539702,200,251.959374,0.0,0.8333962363503633,3118.6740587393565,18.262880572038977,15.593370293696783
-97.783611,200,252.116489,0.0,0.41194890225087677,2536.159424176702,15.93058549072182,12.68079712088351
-110.313201,200,252.25275,0.0,0.5459316925625599,3364.4628787471115,19.138391830135486,16.822314393735557
-147.338673,200,252.395249,0.0,0.6482117959286102,2554.0380882491495,15.717952035554612,12.770190441245747
-103.969357,200,252.524601,0.0,0.4018309644514559,2252.1044280526135,14.909191555993162,11.260522140263067
-32.715537,182,252.641148,1.0,0.04934060675747376,2762.672172397652,16.27055456769876,15.17951743075633
-9.123087,39,252.67046,1.0,0.048808453456600544,185.72810772783694,1.6294872146354453,4.76225917250864
-108.923403,200,252.800611,0.0,0.43041696331798485,2779.100953050111,17.439503272852757,13.895504765250555
-87.051476,200,252.93544,0.0,0.36427473806899113,2650.2005647324836,16.461257735342908,13.251002823662418
-69.882343,200,253.483195,0.0,0.3151007550628458,3140.810206743976,18.528052840997308,15.70405103371988
-103.888015,200,253.66971,0.0,0.3340878109749594,2027.251682794652,13.30644973940536,10.136258413973259
-52.525614,200,253.800689,0.0,0.2785110081655637,3434.2429272916747,19.69861671762638,17.171214636458373
-71.442333,200,253.943084,0.0,0.26223386925435455,2493.096067816299,15.321745077217729,12.465480339081497
-158.234004,200,254.068887,0.0,0.7917144365809208,2976.0134358697205,17.74289764749629,14.880067179348602
-40.85274,200,254.196081,0.0,0.2530179018222208,3265.9866181974658,18.54591986586328,16.32993309098733
-31.743755,200,254.326447,0.0,0.11580204984929923,3170.5887488456324,18.750121482536933,15.852943744228162
-65.60656,200,254.47577,0.0,0.23118888774840737,2015.283863409114,13.210189927884516,10.07641931704557
-62.634684,200,254.608895,0.0,0.2947163221542353,3427.2032158386924,19.413070087206883,17.13601607919346
-72.702994,200,254.736924,0.0,0.34377263207337283,3027.3436437723553,18.03934323410728,15.136718218861777
-63.157239,200,255.324639,0.0,0.2814273908164862,2379.293884718475,15.44709099191653,11.896469423592375
-136.281365,200,255.524478,0.0,0.6332743416372895,2727.2929628975726,16.914352825709322,13.636464814487862
-137.710894,200,255.663745,0.0,0.7059795431705224,3285.1899330696083,19.23438715427857,16.425949665348043
-74.967385,200,255.805702,0.0,0.36659790727470504,3411.2424072092754,19.5458833212003,17.056212036046375
-72.943164,200,255.943972,0.0,0.3315966688117532,2912.192885432512,17.44862406036989,14.56096442716256
-99.461383,200,256.070729,0.0,0.3881820031794113,2817.3197262248655,16.240203380443376,14.086598631124327
-36.391189,200,256.200525,0.0,0.16881333081358513,2905.0634384569826,17.006748033586042,14.525317192284913
-138.121716,200,256.327846,0.0,0.591639016938608,2453.9295814527095,15.026702874371297,12.269647907263547
-150.476123,200,256.458338,0.0,0.6623823650882616,2404.7248448150444,14.976244442463733,12.023624224075222
-173.955633,200,256.595811,0.0,0.859582207804807,3098.4091927128143,19.141117666399982,15.492045963564072
-37.479214,200,256.735399,0.0,0.31405081280243113,3176.3309527662664,18.8029286788736,15.881654763831332
-133.392908,200,257.328506,0.0,0.527060741129385,2751.169749068303,16.92890716626267,13.755848745341517
-98.332914,200,257.464223,0.0,0.41148037998034015,2423.641112891973,15.1046012357035,12.118205564459865
-97.614681,200,257.600804,0.0,0.4192213611503265,3359.4012808847647,19.654190392403194,16.797006404423822
-50.820133,200,257.730555,0.0,0.11945390059284218,2668.6318802478963,16.27452459670339,13.343159401239483
-129.823402,200,257.890437,0.0,0.516058001678133,2500.4242802602894,15.777805481788619,12.502121401301446
-24.098481,200,258.025205,0.0,0.22932806049522156,3246.7787487262967,18.520759042050127,16.233893743631484
-37.231212,200,258.157281,1.0,0.04510648466264684,2973.183690910327,16.961703653561113,14.865918454551636
-35.034606,200,258.283746,0.0,0.1775154557729941,3312.530351312257,19.57175373305967,16.562651756561287
-77.318049,200,258.408756,0.0,0.31889462467266433,2748.737327469154,16.751622937477606,13.74368663734577
-110.489735,200,258.537625,0.0,0.5399508401694509,3378.918326278899,19.37948276641198,16.894591631394494
-76.233199,200,259.186597,0.0,0.3500811167215155,3294.304526973524,19.96441618074067,16.47152263486762
-76.671131,200,259.339923,0.0,0.305242623885334,2511.6427933190685,15.137141571062076,12.558213966595343
-158.422746,200,259.475122,0.0,0.7493066720624334,3234.534797643977,19.012171771702466,16.172673988219884
-115.437476,200,259.605388,0.0,0.5115369542863365,3203.983863291158,18.36125442726718,16.019919316455788
-108.339769,200,259.733443,0.0,0.502784988652252,2469.0315143249145,15.0406814772187,12.345157571624572
-46.776612,200,259.864935,0.0,0.16997173190277645,3054.685562765191,18.720990392012144,15.273427813825956
-49.080307,200,260.003047,0.0,0.17260147888292096,2926.155606190246,17.429629493377465,14.63077803095123
-102.579918,200,260.130913,0.0,0.42118126012014356,2511.718321180596,15.823278670304315,12.55859160590298
-100.576855,200,260.264148,0.0,0.485021115340074,3087.76632357503,18.32289658102765,15.43883161787515
-82.065575,200,260.398018,0.0,0.27806472569033813,2458.165447764529,15.177812964751745,12.290827238822644
-90.293476,200,260.94957,0.0,0.4015977019234923,3624.829549416733,19.470085313825642,18.124147747083665
-84.882961,200,261.117513,0.0,0.30606620621560726,2835.571585778993,16.45885695490653,14.177857928894964
-72.714295,200,261.254727,0.0,0.31928927137549923,3026.948595215697,18.300924132277483,15.134742976078485
-63.916577,200,261.394695,0.0,0.3109222967272229,3094.024529399219,17.93322061973163,15.470122646996094
-88.338668,200,261.536931,0.0,0.4188669658505518,3299.092085967264,19.276159562422215,16.49546042983632
-103.880877,200,261.684186,0.0,0.43643844577816404,2465.391920491449,15.019686816183459,12.326959602457245
-174.260149,200,261.81689,0.0,0.8618481630101261,3255.3007263106642,19.26451833336293,16.27650363155332
-143.735766,200,261.963802,0.0,0.615733168177518,2317.5572837665036,14.151731744217699,11.587786418832518
-47.594835,200,262.133214,0.0,0.1564563317172999,2977.1172550455462,18.24086945212538,14.88558627522773
-121.461231,200,262.270518,0.0,0.5258194164131098,3104.9008161303364,18.2129980616854,15.524504080651681
-58.126375,200,262.818247,0.0,0.20531020438278838,1946.7062267127008,12.643482815926317,9.733531133563504
-77.009464,200,263.00669,0.0,0.2503925820756197,2981.48037179571,17.120778817858643,14.90740185897855
-61.534744,200,263.143254,0.0,0.09086407464673621,2152.3217665969946,13.545794928102236,10.761608832984972
-122.24241,200,263.282391,0.0,0.5279349326980652,3126.5685088712985,18.359212943721484,15.632842544356492
-160.815075,200,263.427106,0.0,0.7562975685196628,3707.7387891494527,21.26813822282991,18.538693945747262
-121.026968,200,263.555832,0.0,0.5091587984584175,2692.966362112008,16.511331765513443,13.46483181056004
-141.117419,200,263.687663,0.0,0.5887231262654612,2465.588667878486,14.949800468476775,12.32794333939243
-56.104331,200,263.813771,0.0,0.17935120102804183,3142.7649400339933,18.328566556171012,15.713824700169967
-75.340679,200,263.940189,0.0,0.2755898484423879,2642.458332943759,15.821414301696409,13.212291664718796
-52.303501,200,264.082901,0.0,0.22336450550079526,3284.7651402200067,18.997073607841156,16.423825701100032
-8.905454,43,264.113236,1.0,0.04838070646444425,514.3466590369165,3.4419619945673685,11.96155021016085
-117.35653,200,264.65891,0.0,0.43580762109253013,2438.785991561963,14.702224607536733,12.193929957809814
-108.472234,200,264.833952,0.0,0.4723954937769565,3090.3099419027562,18.395371483034605,15.451549709513781
-146.689991,200,264.965755,0.0,0.7190112957314782,3629.3217949439854,20.918402407778917,18.14660897471993
-172.608505,200,265.106652,0.0,0.8134301530125698,3183.955701884768,18.55998629943187,15.91977850942384
-51.25557,200,265.237782,0.0,0.18724557893254704,3392.1774591561816,19.851521001020707,16.960887295780907
-77.061257,200,265.365937,0.0,0.26452139015765935,1743.9542434264292,11.40974730796165,8.719771217132147
-38.996522,200,265.497266,0.0,0.15584924260397362,3362.516409957014,18.951187859649927,16.812582049785068
-119.056151,200,265.638904,0.0,0.5984491537919033,3347.8934147854275,19.13531890106085,16.739467073927138
-115.025047,200,265.767579,0.0,0.44204553125167995,2483.147275159201,15.036675855413161,12.415736375796005
-39.822162,200,265.897396,0.0,0.12525785255417107,2935.7249497005646,17.522142501127774,14.678624748502823
-84.932374,200,266.025877,0.0,0.30775964074916795,2595.3392178096624,15.768648746913387,12.976696089048312
-74.736619,200,266.688159,0.0,0.26801421604622605,3155.8816574010043,18.201826117598806,15.77940828700502
-162.045425,200,266.822848,0.0,0.7501287045685536,3164.1628742270264,18.660062321149216,15.820814371135132
-91.999537,200,266.955955,0.0,0.3637042811711569,3105.1745852129707,18.17055771826095,15.525872926064853
-166.579546,200,267.089731,0.0,0.7510303139366468,3382.2417516928576,19.68403788713199,16.911208758464287
-135.987034,200,267.217237,0.0,0.6013285750415763,3008.552109781212,17.35236711582471,15.04276054890606
-120.34377,200,267.346819,0.0,0.5376630876375297,3141.154886632237,18.174507480759132,15.705774433161185
-130.197048,200,267.468708,0.0,0.5476613547209455,2646.1745667548225,15.91351513880201,13.230872833774113
-13.19696,50,267.50111,1.0,0.048891772996151744,185.0783364382485,1.7830758686197958,3.70156672876497
-129.135454,200,267.626502,0.0,0.5604434347983275,2690.793913017539,16.36105193957377,13.453969565087696
-88.912689,200,267.771415,0.0,0.3247035599084299,2753.4458621207814,16.85562470490959,13.767229310603907
-92.074327,200,267.904872,0.0,0.48054872686335776,3577.9037312909227,20.32104889746544,17.889518656454612
-89.560658,200,268.524738,0.0,0.39165197061023255,2749.6908206938606,16.04323499772582,13.748454103469303
-50.916413,200,268.668248,0.0,0.1731225164771986,2574.716353627685,15.96897388817716,12.873581768138424
-71.822427,200,268.803868,0.0,0.4070344149046344,2451.8963693947967,15.352893964916616,12.259481846973983
-43.178985,187,268.926447,1.0,0.048107337784529226,2867.000449173986,16.712911785778676,15.331553204138963
-64.293195,200,269.054945,0.0,0.4506243652929153,1732.4712574813652,11.225575034135563,8.662356287406826
-100.074674,200,269.189485,0.0,0.35181287154104657,2500.2434571943377,15.031642331291607,12.501217285971688
-107.536595,200,269.319472,0.0,0.4025547288485723,2579.6948530801787,15.474056030172688,12.898474265400894
-52.43783,200,269.453762,0.0,0.16415094232461477,3302.4168106158663,19.752181855589654,16.51208405307933
-114.58616,200,269.585674,0.0,0.3849843596559226,1510.6338975966573,9.83608711189387,7.553169487983286
-39.802989,200,269.713992,0.0,0.11338333002076349,2837.372011781726,17.04490331489684,14.18686005890863
-38.015709,200,270.304303,0.0,0.20303754882275124,2168.9375912821506,13.242401698168866,10.844687956410754
-97.472356,200,270.478903,0.0,0.33967080842248976,2487.094877523809,15.776290632213765,12.435474387619045
-89.923754,200,270.628896,0.0,0.41375567301271565,3081.8491126990943,17.901454634103786,15.409245563495471
-130.205925,200,270.76218,0.0,0.5648457652329985,3428.083704153442,19.305651158706226,17.14041852076721
-96.82994,200,270.890611,0.0,0.4649841775915379,3207.2375462897353,18.45835560166525,16.036187731448678
-102.996366,200,271.023166,0.0,0.4140454189635274,2664.3318944540974,16.242121174654486,13.321659472270488
-63.166163,200,271.149176,0.0,0.252122595061173,2302.014493951724,14.001658595846278,11.51007246975862
-141.471923,200,271.27894,0.0,0.6411570369379919,2490.1044941377154,14.37456547325552,12.450522470688577
-137.514837,200,271.40958,0.0,0.5610612432197344,2882.161227968884,16.786070494164765,14.41080613984442
-142.032373,200,271.535677,0.0,0.6333566470441844,2803.8171407368577,17.004051930926106,14.019085703684288
-87.302368,200,272.086937,0.0,0.3352788184069893,2982.3143332163127,17.850010000729622,14.911571666081564
-67.613003,200,272.262022,0.0,0.1749624536267125,2310.9714444036813,15.331346555712564,11.554857222018406
-171.189298,200,272.388528,0.0,0.7909049849590571,3076.365953711596,17.62563643927824,15.38182976855798
-67.826382,200,272.525886,0.0,0.2645827207516196,3007.8507096067437,18.03740972842185,15.039253548033718
-171.698837,200,272.650857,0.0,0.8354468613551065,3511.807660288631,20.43437301006262,17.559038301443152
-120.763429,200,272.779023,0.0,0.5190853437369959,2530.932448922227,15.766221297679992,12.654662244611137
-89.078508,200,272.908168,0.0,0.357307992676499,3041.3961136539083,18.292780297149886,15.206980568269541
-100.418966,200,273.053763,0.0,0.348599475353571,2438.9749809314594,14.98635231091673,12.194874904657297
-78.904876,200,273.193119,0.0,0.29021744811761463,2030.863012011846,13.15716741223371,10.15431506005923
-56.20203,200,273.333474,0.0,0.15302138755959482,2462.1694684195904,15.60921292015475,12.310847342097953
-32.264414,200,273.882958,0.0,0.09534929908593473,2952.1799806229296,17.552958438906234,14.760899903114648
-118.752788,200,274.066888,0.0,0.5550088259362422,2905.749780421281,16.913842436113526,14.528748902106404
-43.293919,200,274.19766,0.0,0.2024390193575777,3259.326242937324,18.412885612519503,16.29663121468662
-128.58256,200,274.341748,0.0,0.5607301725091883,3198.641238045857,18.53060317777813,15.993206190229284
-112.97741,200,274.476489,0.0,0.4914447487832819,3334.5877902457214,19.31363383423489,16.672938951228605
-95.818635,200,274.617662,0.0,0.2764949128137349,1685.4884491246532,11.191371342650783,8.427442245623267
-115.216513,200,274.746217,0.0,0.48093552745295304,3167.2889648841674,17.948463742827652,15.836444824420838
-51.962489,200,274.883601,0.0,0.27866989668875,3377.9833620621753,19.244997820088965,16.889916810310876
-35.973765,200,275.017853,0.0,0.2710340689236167,3263.77772792297,18.19971540671279,16.31888863961485
-73.658005,200,275.15286,0.0,0.3838586105540065,2931.482293317896,17.683239161370345,14.657411466589481
-80.106984,200,275.30572,0.0,0.3304427786947714,2725.274386421508,16.564988948889578,13.62637193210754
-58.560833,200,275.940593,0.0,0.09186761757450967,2791.2476987414784,16.469072904593546,13.956238493707392
-106.859713,200,276.077083,0.0,0.3674955996894472,2164.6721716559114,13.486789380937298,10.823360858279557
-55.702971,200,276.209865,0.0,0.30766496369163754,3028.881995011778,17.958911436531206,15.14440997505889
-62.780999,200,276.340557,0.0,0.20887819583516626,1725.2933224946148,11.28840449425662,8.626466612473074
-59.904312,200,276.466879,0.0,0.19132356187597122,2823.5644688399248,16.607086148302898,14.117822344199624
-66.126735,200,276.62101,0.0,0.3041715189743456,3379.200367046995,19.885683064448074,16.896001835234973
-23.675207,200,276.747133,0.0,0.19759538620658948,3108.2525605890532,17.405013785689427,15.541262802945266
-168.401226,200,276.889539,0.0,0.7516820046726944,3202.954908964501,17.951469986024684,16.014774544822505
-116.73709,200,277.043944,0.0,0.3977949746815293,1677.7648587361832,10.338746184876571,8.388824293680916
-60.470551,200,277.172364,0.0,0.26235144065653254,3388.6318536189106,19.890362113251502,16.943159268094554
-94.048413,200,277.763683,0.0,0.3212300622181339,2241.494759916748,13.771596587779515,11.20747379958374
-107.986596,200,277.924228,0.0,0.3806291835944061,2587.517135528362,15.256369237509244,12.93758567764181
-140.831131,200,278.068719,0.0,0.6619686090934128,2946.386333952557,18.055714369658578,14.731931669762785
-90.906152,200,278.209944,0.0,0.22849862623781533,1792.348382864806,11.972836112174573,8.96174191432403
-111.389353,200,278.336712,0.0,0.510168281181309,2796.5133592575394,16.651924058133496,13.982566796287697
-158.819202,200,278.47754,0.0,0.7623310340210198,3379.7396857067192,19.97686786422823,16.898698428533596
-146.11717,200,278.602767,0.0,0.5629101486211965,3224.0971502580514,18.25758138192628,16.120485751290257
-35.960244,200,278.755943,0.0,0.1774385590563225,2399.0695371119127,14.544526691309006,11.995347685559564
-86.497722,200,278.897764,0.0,0.41215026046363007,2853.076583303491,17.446773024071376,14.265382916517456
-20.731613,149,278.997566,1.0,0.0497309099969843,1875.6574726968915,11.213069476333857,12.588305185885178
-103.741897,200,279.546542,0.0,0.43014300775573544,2351.853418465247,14.576772871968007,11.759267092326235
-101.857418,200,279.727797,0.0,0.34445493488344014,2485.8439150913987,15.37259742175952,12.429219575456994
-120.117111,200,279.860175,0.0,0.5458883954552977,3371.7319085492495,19.71176800993549,16.85865954274625
-87.614626,200,279.998822,0.0,0.2971855834953068,2293.7357441014346,14.42344147703998,11.468678720507173
-54.974747,200,280.125244,0.0,0.2242985908719157,1975.9485732153473,12.401163680764093,9.879742866076736
-40.361793,200,280.25888,0.0,0.20303144270110263,2076.8614871417417,13.09647694157729,10.384307435708708
-94.309125,200,280.388589,0.0,0.4262022998000564,3113.0762325880337,18.472538225940557,15.565381162940168
-114.945212,200,280.525638,0.0,0.4562523209560253,3265.4503905644174,18.121642207287184,16.32725195282209
-19.652684,137,280.615678,1.0,0.04717835680354446,2072.128953260517,11.99243102257297,15.125028855916183
-131.489431,200,280.762021,0.0,0.5928345659587951,3557.617884362825,20.7033028862108,17.788089421814124
-71.26027,200,280.914878,0.0,0.28533210087457295,2544.410185189128,15.045207433026047,12.72205092594564
-100.54627,200,281.54063,0.0,0.36917953101781054,2673.339937490214,15.50744789925821,13.36669968745107
-90.596124,200,281.692833,0.0,0.4369952923253881,3372.4081727089447,19.06067722524346,16.862040863544724
-82.655062,200,281.825701,0.0,0.23500415276210962,2562.828559247492,15.35947885691583,12.81414279623746
-69.82354,200,281.955766,0.0,0.3591926482108416,3086.7381484170655,18.029753863280686,15.433690742085327
-65.469158,200,282.083661,0.0,0.18283277239968995,3185.4251616178567,18.458679541590723,15.927125808089283
-45.470835,200,282.218645,0.0,0.2280136647185866,2842.7752950253243,16.830100327905143,14.213876475126622
-55.608384,200,282.354651,0.0,0.18666261565609515,2880.1678628721534,16.470166004578335,14.400839314360766
-111.471186,200,282.493896,0.0,0.4217855339619467,2513.4527780380517,15.35326622429917,12.567263890190258
-80.290257,200,282.616026,0.0,0.32300405221916206,3396.8906453885775,19.12901319588442,16.984453226942886
-139.152186,200,282.757915,0.0,0.5954257242274744,3333.775640353594,18.76174667992245,16.66887820176797
-130.551971,200,283.394911,0.0,0.4809396245711137,2706.988747494525,15.983320605030872,13.534943737472624
-27.989437,200,283.559572,0.0,0.06652625899601983,2943.90745438017,17.604311085122365,14.71953727190085
-54.588922,200,283.698794,0.0,0.3082194879664839,1518.1293009371768,10.052966220735426,7.590646504685884
-137.619444,200,283.825812,0.0,0.6298447772470236,3425.905054182056,20.09188367207171,17.129525270910282
-56.665143,200,283.952796,0.0,0.3314385472341391,3271.059826958475,18.64412604575178,16.355299134792375
-97.652526,200,284.083148,0.0,0.19787877091436606,1462.6907460827558,9.52914198607699,7.313453730413779
-76.351051,200,284.209791,0.0,0.38303899506666633,3207.9714123226745,19.54443397613548,16.03985706161337
-79.885694,200,284.342867,0.0,0.2753199851534722,3391.668888353448,18.776495821396075,16.958344441767238
-58.636099,200,284.470931,0.0,0.21267503313692385,2226.6766542088158,14.320380861579208,11.133383271044078
-115.999977,200,284.59725,0.0,0.40137931994847204,2880.2627146069954,16.70119980227058,14.401313573034976
-118.322709,200,285.154698,0.0,0.3955443857167917,2053.212315153358,12.510170794666863,10.26606157576679
-41.417804,200,285.33956,0.0,0.19740768433089256,2350.1560533197166,14.559348451482636,11.750780266598584
-133.357348,200,285.492822,0.0,0.5619753986408627,2339.6330542511555,14.438441019436924,11.698165271255778
-141.657905,200,285.659661,0.0,0.6223803434259575,2727.6732619958807,16.541385375661623,13.638366309979403
-151.841845,200,285.808018,0.0,0.5671915337715432,2603.8266186530436,15.740786913932606,13.019133093265218
-72.196675,200,285.943611,0.0,0.1522651763823407,2595.051300590961,15.146585087251466,12.975256502954805
-50.09708,194,286.069616,1.0,0.049095052412636876,2406.2772316866844,14.875695933080198,12.40349088498291
-62.03326,200,286.202939,0.0,0.37286258920811227,3112.323813352875,18.167975902546843,15.561619066764374
-53.526076,200,286.338752,0.0,0.2334470661777412,1843.473586298946,11.933116712007484,9.21736793149473
-50.920537,200,286.47003,0.0,0.13791740404552427,1427.8251105884665,9.552286428478457,7.139125552942333
-107.170584,200,286.597902,0.0,0.38519569646778334,2970.946474933271,17.5766120685159,14.854732374666355
-82.623142,200,287.197548,0.0,0.44180901063292294,2161.992923002254,13.65700699058821,10.80996461501127
-43.802952,200,287.347191,0.0,0.15533319229741138,2239.2848610150486,13.706761699118623,11.196424305075244
-100.748739,200,287.484901,0.0,0.29809898333415524,1782.3713884955282,11.53248072389692,8.911856942477641
-113.332961,200,287.620007,0.0,0.31230319860793615,1443.132552370085,9.938870660378692,7.215662761850425
-123.373682,200,287.751865,0.0,0.5658827740416311,3180.5239679541673,18.296875110491808,15.902619839770837
-126.688614,200,287.880241,0.0,0.33870438830979244,1338.167694608322,9.21866964276639,6.690838473041611
-158.97648,200,288.009877,0.0,0.7291128257283448,2701.77257374662,15.830011210407502,13.508862868733098
-99.538043,200,288.140821,0.0,0.3000497357383161,2221.517576579354,13.347784837209497,11.107587882896771
-118.368505,200,288.275815,0.0,0.48715265290021786,3379.4194606568053,18.735244376962694,16.897097303284028
-76.083492,200,288.440639,0.0,0.5934037784223024,2514.0578809917465,16.187032468373204,12.570289404958732
-36.319923,200,289.068649,0.0,0.3186797559966264,3492.816976770315,19.644383743744708,17.464084883851573
-59.128018,200,289.235894,0.0,0.08699135029913926,2801.9027098180973,16.617930988228995,14.009513549090487
-131.152544,200,289.3737,0.0,0.5767104503874619,3028.6113806534086,18.081335459047832,15.143056903267043
-113.043903,200,289.502956,0.0,0.5534762341550312,3326.4737184147834,19.39143171737281,16.632368592073917
-59.291662,200,289.630922,0.0,0.32924455192857704,2939.4138238341557,17.597425048338422,14.697069119170779
-22.011266,138,289.723812,1.0,0.04373796355745875,1577.2155884852953,9.212910743735534,11.429098467284748
-92.329587,200,289.864789,0.0,0.33766897794350237,3090.144022189099,18.05515807922769,15.450720110945495
-65.229112,200,289.998536,0.0,0.2629962270542058,3101.028308955791,18.339809112936912,15.505141544778956
-111.607384,200,290.129833,0.0,0.5185283983374565,3302.262612659159,19.095823420001615,16.511313063295795
-98.59319,200,290.258713,0.0,0.40412479312311245,3458.6135555118717,19.29972258685956,17.293067777559358
-85.648651,200,290.824654,0.0,0.39457650795833404,3215.116181204864,19.150121593584995,16.07558090602432
-173.364881,200,291.02656,0.0,0.8138471400016256,3167.3028857347294,18.36798954388613,15.836514428673647
-69.929425,200,291.166855,0.0,0.1578397474552235,2523.661267648005,15.188051183887533,12.618306338240025
-93.487729,200,291.315832,0.0,0.4662135961628843,3201.609545937959,18.84844859657008,16.008047729689796
-63.82663,200,291.450856,0.0,0.18709975180569696,2764.296973107033,15.99235850288134,13.821484865535165
-76.11517,200,291.583554,0.0,0.49875123373085334,2082.985223271566,13.741145051890435,10.414926116357831
-116.232612,200,291.723548,0.0,0.5530039344185023,3195.0586075238916,18.515210268853327,15.975293037619458
-129.449648,200,291.8544,0.0,0.4099385121754153,2173.01399983478,13.009762282580631,10.8650699991739
-137.315059,200,292.000753,0.0,0.5822067441570224,2346.7729128986157,14.636361985015439,11.733864564493079
-59.338901,200,292.130096,0.0,0.3515543400821757,2897.8694161594303,17.353966248974036,14.489347080797153
-122.3169,200,292.264756,0.0,0.37777621010291185,1698.7823108587027,11.086137335054568,8.493911554293513
-73.219177,200,292.846713,0.0,0.13557968603623943,2666.315166690355,15.59431902564759,13.331575833451774
-113.680542,200,292.992809,0.0,0.34099455455137595,1704.5793769485451,10.702429118033884,8.522896884742726
-55.65523,200,293.12902,0.0,0.30175578512786805,3169.273175098774,18.715974955647226,15.84636587549387
-53.514677,200,293.268233,0.0,0.28299687020735637,3233.5964154914436,18.93241029994287,16.167982077457218
-49.171152,184,293.395491,1.0,0.04755430530817929,1374.4963506620843,8.451091945500638,7.470088862293936
-141.372739,200,293.524521,0.0,0.5555657133533584,2986.5837414524067,17.37277203738766,14.932918707262033
-79.466678,200,293.670587,0.0,0.19257620631806335,2083.8747588929914,12.89674732252738,10.419373794464956
-91.738174,200,293.815721,0.0,0.37802042642123573,2352.0638036871483,15.017571870205774,11.760319018435741
-113.85013,200,293.963177,0.0,0.3878656786467435,2819.8057124498496,16.610087795862395,14.099028562249249
-64.992247,200,294.093897,0.0,0.32886805213639875,2266.8494141570945,14.65354243213581,11.334247070785473
-91.426145,200,294.682073,0.0,0.3150719907300615,2564.3388258778577,15.485119643762323,12.82169412938929
-114.82283,200,294.84544,0.0,0.43257965689083877,2979.9330188625077,17.197752868456792,14.899665094312539
-165.839984,200,294.974183,0.0,0.7843037051690972,3229.967579345236,19.4637781107233,16.14983789672618
-111.89669,200,295.109943,0.0,0.39984627628701075,2254.5678570107375,14.187785213510097,11.272839285053687
-86.541874,200,295.244751,0.0,0.2892707909869053,3064.1888211420533,17.093885318883636,15.320944105710266
-104.374054,200,295.386712,0.0,0.3863095961773743,2352.6074405673908,14.562618012428372,11.763037202836953
-7.078692,32,295.409548,1.0,0.04059334626691286,291.23102470892445,2.105760191622669,9.100969522153889
-8.284998,36,295.43235,1.0,0.045554639564203775,286.88681066162286,2.1511877540263225,7.969078073933968
-117.234075,200,295.563568,0.0,0.34941518302205715,1859.0338463456437,11.545080213792067,9.295169231728218
-69.280102,200,295.692769,0.0,0.17593474979237209,1531.76263775827,10.038490707377411,7.658813188791351
-99.378471,200,295.819658,0.0,0.2428545284316048,1581.9552518972314,9.912522766720656,7.909776259486157
-49.965614,200,295.947974,0.0,0.28119139188215664,3201.432907086365,19.078081924148613,16.007164535431826
-36.731058,200,296.635738,0.0,0.4081800009751477,3308.7456937543125,19.008237685138234,16.543728468771562
-69.528572,200,296.772095,0.0,0.4188450822848986,3578.692086588741,19.700506336947793,17.893460432943705
-159.92874,200,296.906721,0.0,0.6282750054960556,2488.123028070328,15.137707738679648,12.44061514035164
-106.44061,200,297.039999,0.0,0.44422615474532856,2219.5835837526793,13.934413675494975,11.097917918763397
-87.154217,200,297.17063,0.0,0.23054425212616414,2505.1997677860604,14.79433538260621,12.525998838930303
-93.092866,200,297.302422,0.0,0.4020816765021062,2334.433345743528,14.22299943302293,11.672166728717642
-69.376403,200,297.443775,0.0,0.11420894171524312,1402.6448340726856,8.674639501602643,7.013224170363428
-46.260285,200,297.576521,0.0,0.37803899299530097,3079.188372727055,17.381265077150342,15.395941863635276
-76.155535,200,297.712982,0.0,0.3497766444363476,3087.483245042935,18.758145532876,15.437416225214674
-96.996921,200,297.837803,0.0,0.24515259524032454,1719.821305328796,10.743667991230287,8.599106526643979
-81.096521,200,298.38839,0.0,0.22073375440835089,2552.5242598764885,14.866920430724344,12.762621299382442
-168.285701,200,298.570415,0.0,0.8076431240419503,3483.9709399399853,19.51068805720603,17.419854699699926
-62.542169,200,298.704724,0.0,0.39085224795926254,3050.935850650236,18.196728964352463,15.25467925325118
-69.954769,200,298.84285,0.0,0.3375579196638837,2575.088190222911,15.5021390570311,12.875440951114555
-94.872404,200,298.98106,0.0,0.4335154512471983,3026.103522890469,18.504651138769212,15.130517614452344
-96.382854,200,299.117431,0.0,0.42452065474544093,2996.5002876113176,18.17528219151958,14.982501438056588
-31.765102,166,299.227432,1.0,0.04949434219815695,2365.433229932437,13.632057719925218,14.249597770677331
-63.493608,200,299.352183,0.0,0.5145994374777179,3093.723333020509,18.164973619225325,15.468616665102545
-138.684351,200,299.487993,0.0,0.5758187175710602,3341.1804878160456,19.77368432747351,16.705902439080226
-38.02776,200,299.625484,0.0,0.12815976252692357,2426.047280688913,14.372432118008149,12.130236403444565
-52.021615,192,299.753492,1.0,0.041397282209754215,2340.1504415123813,14.082939029186916,12.188283549543653
-52.177307,200,300.41335,0.0,0.25439849617730886,3191.644060621936,19.431345003649113,15.95822030310968
-97.615934,200,300.553813,0.0,0.3582499663133179,1878.8482792898735,12.515205546231249,9.394241396449367
-155.254645,200,300.692074,0.0,0.6860974544399189,2922.5091128615445,17.56441924409247,14.612545564307723
-72.691778,200,300.830625,0.0,0.45658624114782925,2596.834453436528,16.393104931474475,12.98417226718264
-94.705477,200,300.965927,0.0,0.24140453729104136,2889.1385487049397,16.426888101580097,14.445692743524699
-83.705777,200,301.102137,0.0,0.44502370741975167,3350.9246076034065,19.52905922274476,16.754623038017034
-132.738367,200,301.230844,0.0,0.5247974229189443,2768.9057357250563,17.38634700377705,13.84452867862528
-88.633908,200,301.359307,0.0,0.5597943189175335,2235.738148409244,15.004413940978466,11.17869074204622
-133.586925,200,301.487625,0.0,0.5524694648642219,2503.848948417221,15.837476795087676,12.519244742086105
-56.952021,200,301.633845,0.0,0.19263992098110128,3088.5443919863733,17.722923995123647,15.442721959931866
-110.858326,200,302.20997,0.0,0.38797802339916637,2722.237363677159,15.951729118813654,13.611186818385795
-82.901231,200,302.363158,0.0,0.14745730177328234,1686.046341446596,10.199018736623167,8.43023170723298
-59.845695,200,302.492151,0.0,0.06637130509090183,2299.8568812358485,13.425052289814246,11.499284406179243
-159.660275,200,302.624404,0.0,0.6020985873016015,3188.621502833704,18.363989374900925,15.94310751416852
-62.254618,200,302.758848,0.0,0.1534920431796784,2948.59912958048,17.061837784221655,14.7429956479024
-66.859869,200,302.898466,0.0,0.4958080113251657,2904.331797090607,17.151492986134897,14.521658985453035
-49.889293,200,303.054725,0.0,0.1781989212487136,1168.6016180481995,7.536880797107218,5.843008090240997
-147.837396,200,303.196016,0.0,0.5624324193554314,3215.4617294854033,18.690322821239164,16.077308647427017
-136.805729,200,303.332464,0.0,0.48241529759574864,2909.6540321715593,16.992309223630247,14.548270160857797
-126.307293,200,303.460653,0.0,0.5994573710567737,3229.3885625642706,18.63147247450901,16.146942812821354
-135.405099,200,304.032947,0.0,0.4754661116192351,2008.8124896355985,12.546463116023503,10.044062448177993
-48.338866,197,304.195485,1.0,0.044327333230647026,2273.8079521110662,13.611733328220483,11.542172345741452
-55.597136,200,304.330753,0.0,0.2013126173367552,3279.2292549313174,18.722958480590826,16.396146274656587
-105.571211,200,304.460364,0.0,0.2955676830512167,1940.183101627986,11.685796851306385,9.70091550813993
-11.315823,101,304.52744,1.0,0.049584198701036364,1549.4981930035747,8.633621894329526,15.341566267362126
-63.958726,200,304.657811,0.0,0.31905292760677345,2994.65934061048,18.119071897115358,14.9732967030524
-37.319208,188,304.781283,1.0,0.04827033980720397,2523.2926585332266,15.013512052828043,13.42176946028312
-99.357258,200,304.913866,0.0,0.26275224776545214,1449.3895491758103,9.67920572351493,7.246947745879051
-83.930601,200,305.044467,0.0,0.27193420426736586,3310.561961773045,18.87586465772674,16.552809808865224
-110.842482,200,305.184737,0.0,0.4480772645989075,3281.6183657930683,18.787466355213628,16.40809182896534
-168.637248,200,305.314528,0.0,0.6581809569549805,2871.1651080543306,16.919188257706303,14.355825540271653
-89.217523,200,305.992515,0.0,0.25259593299360733,2914.6223874927036,17.25809710204502,14.573111937463517
-77.084139,200,306.144715,0.0,0.3540258004221653,2895.6842812787195,17.47125212326439,14.478421406393597
-77.806903,200,306.284662,0.0,0.34199504480241316,3165.8784844290785,18.169002953021252,15.829392422145393
-72.862768,200,306.41085,0.0,0.36877216566711557,2999.651291622463,18.092248777886844,14.998256458112314
-62.365598,200,306.541224,0.0,0.3606953776508879,3352.1169896427373,19.34529071195101,16.760584948213687
-101.816908,200,306.674011,0.0,0.47522622448792723,3247.459622360749,18.677179124927406,16.237298111803746
-74.296451,200,306.802973,0.0,0.415954499892706,2749.4551067570756,16.68983602700403,13.747275533785377
-49.419297,200,306.937326,0.0,0.43135466150916496,3366.5566906357985,19.107608631753926,16.832783453178994
-34.324128,200,307.064948,0.0,0.30067865294064317,3271.3212619162146,18.529723782375687,16.35660630958107
-134.886254,200,307.204121,0.0,0.4792225347004886,2137.308667119991,13.053841250134294,10.686543335599954
-139.582272,200,307.847731,0.0,0.6459336241085053,2952.9409950696354,17.125170230879743,14.764704975348177
-67.708895,200,308.033003,0.0,0.2548486032999148,1475.8395244431508,10.12700144576419,7.379197622215754
-68.075364,200,308.178046,0.0,0.20120450299805184,3349.5277050002665,19.143645956353502,16.74763852500133
-86.02026,200,308.308465,0.0,0.43134630807639796,3275.7099460233776,18.843528462406628,16.378549730116887
-55.613085,200,308.442224,0.0,0.2649478395444964,1762.110629737043,11.616463106634495,8.810553148685214
-14.739547,124,308.524732,1.0,0.04830654286486379,1801.408679252101,10.412055127349822,14.527489348807265
-78.506836,200,308.650847,0.0,0.20184732875558378,1791.9776631160573,11.662198038587075,8.959888315580287
-165.038086,200,308.780397,0.0,0.6811228164842961,3006.038684545214,17.454205909871195,15.03019342272607
-89.27056,200,308.910113,0.0,0.2687811606239424,1415.5471427467178,9.29400248288211,7.077735713733589
-84.447147,200,309.042196,0.0,0.3964800851079034,3008.6898853142534,17.633562808570034,15.043449426571266
-50.228942,200,309.168911,0.0,0.23771366748792358,1437.4659622027405,8.892013356445293,7.1873298110137025
-52.994551,200,309.775685,0.0,0.11232058983018549,1742.3835921516682,10.73087889082179,8.71191796075834
-89.774372,200,309.92382,0.0,0.22728944523204275,2995.750159795843,17.157913382151527,14.978750798979215
-67.262282,200,310.075594,0.0,0.4370338084797804,2627.6241065273266,15.93993571537201,13.138120532636632
-59.458836,200,310.212191,0.0,0.10977065416280994,1867.320982158628,11.227192148910962,9.33660491079314
-65.875046,200,310.342998,0.0,0.10332819094943119,2616.1580627449957,15.796868806182331,13.080790313724979
-98.353734,200,310.473602,0.0,0.44926670000087193,2859.1600108091984,16.891244408123825,14.295800054045992
-140.139349,200,310.618654,0.0,0.6616750987577533,3123.2628003187156,18.49115373004391,15.616314001593578
-15.834678,133,310.726578,1.0,0.04903508219256548,2294.0570670953252,13.513351481078082,17.24854937665658
-50.969448,200,310.903852,0.0,0.22007168081650627,3249.3772564283317,18.59047949975689,16.24688628214166
-18.562934,145,311.007331,1.0,0.04866914143397256,2135.6245375307954,12.263805977584333,14.728445086419278
-90.853257,200,311.137581,0.0,0.40692018138781294,3450.517683868014,19.496174552629263,17.25258841934007
-71.924717,200,311.753766,0.0,0.39625081519083655,2665.3218141748866,16.33787291627885,13.326609070874433
-47.647285,200,311.895908,0.0,0.16151385553607664,2125.023635013319,12.889370691647377,10.625118175066596
-50.838806,200,312.046949,0.0,0.30383637572814925,1613.000391938077,10.349040471648598,8.065001959690385
-107.054672,200,312.183817,0.0,0.33747082658887406,2886.7818028948313,17.13854273020498,14.433909014474157
-155.318286,200,312.315968,0.0,0.6558348869574687,3143.7598718084582,18.904893255786003,15.718799359042292
-30.993398,200,312.451901,0.0,0.1838494159679471,3449.2808186469497,19.807234212190668,17.246404093234748
-59.689471,200,312.585701,0.0,0.4041083546557023,3233.492765484569,18.938362968738616,16.167463827422846
-28.549715,200,312.718976,0.0,0.22958668829712006,2754.5712074820394,16.027480396608446,13.772856037410197
-167.654939,200,312.845517,0.0,0.6761103442246453,2820.607922736148,17.140923732760314,14.103039613680739
-25.20191,151,312.95353,1.0,0.04766434341746054,2431.328120751831,13.70559165480491,16.101510733455836
-112.645926,200,313.575948,0.0,0.33285834088445054,1500.6096682198158,10.023261963127041,7.503048341099079
-83.452582,200,313.754801,0.0,0.39788537824690184,3336.195897850774,19.761988271743125,16.680979489253872
-47.184197,200,313.899172,0.0,0.08291965156536314,2777.1503922723728,16.665393734276655,13.885751961361864
-154.084635,200,314.043502,0.0,0.5681308998807033,2739.1280552882613,16.369436943289447,13.695640276441306
-113.398224,200,314.190509,0.0,0.49918405779195846,3438.2737800387117,19.879382724063564,17.19136890019356
-111.388833,200,314.321048,0.0,0.3587763387739737,2647.5123514755614,15.88616040750859,13.237561757377808
-64.207673,200,314.456865,0.0,0.113153345063932,2324.7644262710555,13.688997991272643,11.623822131355277
-112.610374,200,314.592775,0.0,0.34868169834555723,1795.1670941190657,11.319475936354978,8.975835470595328
-85.906085,200,314.72542,0.0,0.37178726239832954,3469.3292112553,19.617567859374997,17.346646056276498
-117.837273,200,314.853867,0.0,0.41283868823278813,3129.3511629332334,18.04575606317285,15.646755814666166
-37.296461,200,315.427663,0.0,0.23210663651176291,2213.135189927136,13.818197512013931,11.06567594963568
-49.542807,200,315.610629,0.0,0.11257039582192797,2358.1866388662625,14.605958325259595,11.790933194331313
-44.033269,200,315.753116,0.0,0.2382705001236925,1698.4079141562886,10.973497030774219,8.492039570781444
-88.637495,200,315.892188,0.0,0.2488182504753437,2190.547579282926,13.533960256037858,10.95273789641463
-128.679092,200,316.038846,0.0,0.6061191145044158,3431.3528907649643,19.592899685901543,17.15676445382482
-62.824457,200,316.203131,0.0,0.21010392517047283,2058.912003236401,13.45224917668788,10.294560016182004
-61.770938,200,316.364545,0.0,0.22299592853874645,1092.0332653395785,7.541327020305685,5.460166326697893
-107.346587,200,316.493658,0.0,0.45715501835783634,2862.167100882218,17.055312375500993,14.310835504411092
-63.493416,200,316.630707,0.0,0.2554013949483452,3319.8371939221183,18.768195593477667,16.59918596961059
-164.229046,200,316.765673,0.0,0.7767658339130652,3178.0563097370946,18.65349438022493,15.890281548685472
-129.46466,200,317.3097,0.0,0.40284401236797474,2050.138170187421,12.314737060481782,10.250690850937106
-128.091831,200,317.503198,0.0,0.4523635345185394,2705.965610051796,16.379647711872,13.52982805025898
-95.707961,200,317.643172,0.0,0.42858702016531147,2767.3936794984306,16.809936151425607,13.836968397492154
-170.729634,200,317.786745,0.0,0.7975315609212932,3315.233112965985,19.751289187512587,16.576165564829925
-137.051385,200,317.914984,0.0,0.6456621825142758,3356.100531806896,19.071089025227145,16.78050265903448
-48.677378,200,318.045523,0.0,0.269138551645189,2539.3705685331493,16.002330941855252,12.696852842665747
-70.957909,200,318.18057,0.0,0.257883039457861,2650.377212496441,16.555536064484016,13.251886062482207
-62.963496,200,318.328827,0.0,0.19562036893856027,1584.541645491255,10.64301896986205,7.922708227456274
-41.080718,200,318.471212,0.0,0.28610962895583303,3383.3291090693842,20.010162330775753,16.91664554534692
-56.687357,200,318.612185,0.0,0.16875662771607844,3240.740467257628,18.740296910789098,16.203702336288142
-69.407767,200,318.767531,0.0,0.2220912243374532,1357.5170145111374,9.71023343733104,6.787585072555687
-77.73794,200,319.405695,0.0,0.19626152876897043,1664.8473390773295,10.606803559820635,8.324236695386647
-113.890915,200,319.559588,0.0,0.47876987777330143,3109.7104062423223,18.067325711086546,15.548552031211612
-42.809733,200,319.711953,0.0,0.13106356101636157,3313.274150857674,19.081285266188885,16.56637075428837
-98.970326,200,319.845617,0.0,0.3266896913417505,2608.777781155818,15.672790257907723,13.04388890577909
-49.407664,200,319.976727,0.0,0.19148949932582898,3385.944004658651,19.523013661378368,16.929720023293257
-70.411926,200,320.106404,0.0,0.3574051829370273,1944.5623782843254,13.020121207658987,9.722811891421626
-68.093882,200,320.24339,0.0,0.23852925228955746,2221.794971191852,13.84387124243871,11.108974855959259
-76.282936,200,320.37576,0.0,0.3451026843504808,3079.097404121466,17.58811449990271,15.395487020607328
-124.101949,200,320.517388,0.0,0.45921965968281014,2576.0212913511796,15.5502562739283,12.880106456755898
-89.975114,200,320.661156,0.0,0.29901018414207137,2820.0967824636145,16.548120985284605,14.100483912318072
-48.833288,200,321.335065,0.0,0.07011067959502817,2464.053344296667,14.902798742365231,12.320266721483335
-73.838087,200,321.498921,0.0,0.23551990672242348,2276.0898121338314,13.973924953775454,11.380449060669157
-38.339908,200,321.636591,0.0,0.14124924774904732,3155.5423966047283,19.10904643299511,15.777711983023641
-166.255406,200,321.778788,0.0,0.6427885418795173,2908.1191495006597,17.02529977421912,14.540595747503298
-140.633206,200,321.917875,0.0,0.5738071217535181,2940.2820804681915,17.60215155582382,14.701410402340958
-77.908071,200,322.046653,0.0,0.30853741889320124,3378.9280043394733,19.13449951198632,16.894640021697366
-113.417458,200,322.185532,0.0,0.4059169161319726,2939.43497274905,17.385759488667148,14.69717486374525
-56.109984,200,322.331999,0.0,0.25274162080317014,1565.5784697758456,10.320490001937914,7.827892348879228
-118.477221,200,322.475036,0.0,0.445665344318096,3160.061367757489,18.158126232826582,15.800306838787444
-168.563777,200,322.607158,0.0,0.720176606270222,3043.370410659371,17.882943180258415,15.216852053296854
-136.713052,200,323.174331,0.0,0.5194512445574238,3048.4268570029376,18.65569212514683,15.242134285014687
-137.732996,200,323.363817,0.0,0.46178224750567415,2623.628934172841,15.981970735283916,13.118144670864206
-65.414971,200,323.507651,0.0,0.3221323311165117,1601.620847831155,11.073382653631922,8.008104239155776
-147.856617,200,323.662297,0.0,0.6079870650795444,2828.700951407491,16.4042906310623,14.143504757037455
-78.877302,200,323.805857,0.0,0.23262479519217982,1930.2140294569679,12.283916065492196,9.65107014728484
-86.98507,200,323.953669,0.0,0.2425332234951557,2461.9321160944437,15.530299303463524,12.309660580472219
-87.70448,200,324.083918,0.0,0.27870270622306303,2526.839883185504,14.910679052483996,12.634199415927519
-91.300376,200,324.216785,0.0,0.2765085112102986,1632.466306752208,10.625628119389145,8.16233153376104
-40.929466,200,324.34764,0.0,0.19640032989822984,2931.409313560961,17.51155159931477,14.657046567804805
-80.803954,200,324.479929,0.0,0.274997758538503,2997.7877673998687,17.608568235842817,14.988938836999344
-139.182635,200,325.051188,0.0,0.5718652338934612,2802.309162407312,16.968381679273417,14.01154581203656
-119.847263,200,325.239623,0.0,0.4221800666747356,2786.6292741438547,16.627848832534198,13.933146370719273
-148.160198,200,325.37571,0.0,0.5637666324693897,2095.491380408168,13.13195291389487,10.47745690204084
-56.97839,200,325.510957,0.0,0.2688062931483692,1238.1187883862174,8.451805634540738,6.190593941931087
-45.170341,200,325.640644,0.0,0.36208490004100624,1846.651522551236,11.375495810126406,9.23325761275618
-113.901267,200,325.777201,0.0,0.48406237644209277,3477.7705991903204,19.865150639996415,17.388852995951602
-51.231546,200,325.930876,0.0,0.17279495530146688,2087.1698361988697,12.92695045880469,10.435849180994348
-113.701177,200,326.077891,0.0,0.2818721843924438,1277.5748288566958,8.95495537377493,6.387874144283479
-168.392497,200,326.211983,0.0,0.7216555612261889,3228.78446701709,18.93219658210873,16.14392233508545
-104.92476,200,326.35084,0.0,0.3734980225859915,1974.1387999767462,11.980773808119649,9.87069399988373
-54.247351,200,326.485782,0.0,0.4091059214498672,1712.6800667981558,11.365983516577588,8.56340033399078
-68.816644,200,327.09291,0.0,0.22703158083549946,3072.397675886733,17.545753494826688,15.361988379433665
-138.736405,200,327.249962,0.0,0.522254772596487,2082.2281114073207,12.962499544357744,10.411140557036603
-89.279235,200,327.386503,0.0,0.21432923553397615,1109.2882467876634,7.664610353461664,5.546441233938317
-79.351712,200,327.520261,0.0,0.3523929403563887,3305.7824190972983,19.500815614871865,16.52891209548649
-39.082829,200,327.646948,0.0,0.15561247993645602,3078.274553675641,18.406578639607147,15.391372768378206
-129.367725,200,327.78224,0.0,0.4105624284932639,1303.6515237141662,8.357599472199121,6.518257618570831
-44.030715,200,327.934404,0.0,0.13436943050230274,3022.6790404723993,17.390682954232144,15.113395202361996
-104.247994,200,328.08859,0.0,0.35708853702264076,3004.497825996943,17.977825981897997,15.022489129984715
-63.658013,200,328.23456,0.0,0.41428579555085054,2669.86663903963,16.598730686305622,13.34933319519815
-154.500252,200,328.376633,0.0,0.6798109147359971,2897.0755770230817,17.22967956405126,14.485377885115408
-129.822028,200,328.985715,0.0,0.5741542186449526,3352.4802610245215,18.981417201765478,16.76240130512261
-161.702516,200,329.143124,0.0,0.6439660524493623,2485.6601670155364,14.97564183127135,12.428300835077682
-68.475996,200,329.278604,0.0,0.2300673758018947,1683.7687131055786,11.1858760792787,8.418843565527894
-142.749551,200,329.416254,0.0,0.5995027390138375,2897.692341593669,16.21726508783819,14.488461707968344
-46.611058,200,329.558864,0.0,0.3328394500267747,1900.389032004503,11.807056236055269,9.501945160022515
-149.32507,200,329.690569,0.0,0.6715836084175246,2957.3372591556454,17.674941144200723,14.786686295778226
-37.89864,200,329.827914,0.0,0.30354101078849544,2196.4671829595636,13.416722812169677,10.982335914797819
-163.34312,200,329.965594,0.0,0.7802029780918252,3159.2253702533876,18.98541142470868,15.796126851266939
-162.093718,200,330.093875,0.0,0.7809274548222754,3445.2972383396204,20.424361135200144,17.2264861916981
-94.87928,200,330.222178,0.0,0.4341680382147529,3418.1873846588787,19.77974791662229,17.090936923294393
-34.037272,200,330.900749,0.0,0.11020087763209926,3485.8170386827733,19.604078149917306,17.429085193413865
-75.199795,200,331.079635,0.0,0.21849864497681393,2580.175106710764,15.446669421410219,12.900875533553819
-51.390305,200,331.212294,0.0,0.38753442634127694,1357.7018434099991,9.106809045566093,6.788509217049995
-138.344063,200,331.34657,0.0,0.502791365311666,2398.044954657265,14.90296078674806,11.990224773286325
-46.910215,200,331.475793,0.0,0.19277980949898657,2432.872303421891,15.065434692964452,12.164361517109455
-123.665185,200,331.616159,0.0,0.3830542271967564,2075.487647774462,12.869401718842372,10.37743823887231
-119.282238,200,331.7467,0.0,0.271110703172512,1164.3951259155172,8.363028195465628,5.821975629577586
-75.452399,200,331.885841,0.0,0.13172722357824507,2174.5214005447733,14.271435728669307,10.872607002723866
-59.264643,200,332.01578,0.0,0.20492053001276744,2990.2774190915566,18.414114078628433,14.951387095457783
-50.37999,200,332.157214,0.0,0.15940982115240895,2098.291694728931,12.809218184080606,10.491458473644654
-90.357081,200,332.706792,0.0,0.38176081865516726,2998.1252296469193,17.561279783955996,14.990626148234597
-76.791843,200,332.889588,0.0,0.3176576739797157,3084.5476787116036,18.192296115143236,15.422738393558017
-149.107786,200,333.039879,0.0,0.542363326203892,3091.9781865008363,18.410039088977907,15.459890932504182
-121.963021,200,333.182179,0.0,0.5498929856947422,3468.2984986356146,19.955332956248867,17.341492493178073
-96.874239,200,333.32034,0.0,0.2502477868509863,1256.3650663033204,8.96628368075823,6.281825331516602
-60.28678,200,333.447723,0.0,0.21085810000073726,2112.4115723229766,12.848474107817863,10.562057861614882
-91.576726,200,333.580697,0.0,0.331188000431225,2710.365942995295,16.503516493302836,13.551829714976474
-23.49507,169,333.706548,1.0,0.04687239200994576,2862.6371584072735,16.298540910501046,16.938681410693928
-51.76748,200,333.886775,0.0,0.22645006271724116,1965.9272023288866,12.66748437785911,9.829636011644432
-88.403513,200,334.019318,0.0,0.26607628784411175,2456.240453769831,15.032138254225732,12.281202268849157
-58.997626,200,334.166816,0.0,0.23744930959258753,1884.2343753413968,12.32430812265757,9.421171876706984
-106.615068,200,334.746797,0.0,0.32823542737281314,2561.758823173835,15.281791105781492,12.808794115869174
-126.103013,200,334.90217,0.0,0.43853521012089425,2471.5127682492657,15.200339766214398,12.357563841246328
-87.422976,200,335.041958,0.0,0.293772544918703,1983.267255181649,12.417158742261671,9.916336275908245
-90.519049,200,335.185668,0.0,0.3228671417844807,2942.7259274424837,17.437771011597533,14.713629637212419
-55.285135,200,335.315256,0.0,0.18905604459851252,2259.313596065174,13.653833061518378,11.29656798032587
-52.594821,200,335.451161,0.0,0.09510903249378261,3037.948874924271,16.79470734738307,15.189744374621355
-38.524911,200,335.584677,0.0,0.16461477237312447,3158.1755013523607,17.427493721461683,15.790877506761804
-157.887669,200,335.744887,0.0,0.7275059156886154,3300.5051030589166,18.672093052535516,16.502525515294582
-56.87359,200,335.892977,0.0,0.38674985578389204,2226.454968661869,14.0603343295954,11.132274843309345
-44.886286,200,336.041336,0.0,0.2715534377043863,1832.4832215570573,11.354435986973089,9.162416107785287
-92.90774,200,336.607563,0.0,0.16613485964460373,974.2632811751052,6.572069212552229,4.871316405875526
-150.211017,200,336.781976,0.0,0.6721473111184374,3018.4808058129065,18.001139529879254,15.092404029064532
-75.016188,200,336.922855,0.0,0.24514295987134052,2170.6775211182708,13.224465797562356,10.853387605591355
-83.136284,200,337.068959,0.0,0.18599262766114344,2659.373142686832,15.639773902501771,13.29686571343416
-100.201653,200,337.205556,0.0,0.3079195668676232,2588.1414030147785,15.478274756509618,12.940707015073892
-36.270271,200,337.338008,0.0,0.06832431464922421,3120.335641329721,18.25254537384266,15.601678206648605
-75.060731,200,337.486707,0.0,0.2512621043046746,1079.0619052654135,7.580808649695992,5.395309526327067
-112.992986,200,337.633131,0.0,0.38679501059644006,2742.0228267854973,16.49691106976208,13.710114133927487
-60.34341,200,337.763097,0.0,0.2646318058909022,3075.854803775791,17.9367121524644,15.379274018878954
-46.422071,200,337.896658,0.0,0.28215804425405355,2672.50049633285,16.60685238642197,13.36250248166425
-138.716779,200,338.552952,0.0,0.5948621305014273,3385.9845229285634,19.14693116576196,16.929922614642816
-77.150174,200,338.737841,0.0,0.22291313516783812,1987.8550250964056,12.067611586951472,9.939275125482029
-58.35831,200,338.872959,0.0,0.3026411463534761,1854.1434122495843,11.602929839553504,9.270717061247922
-168.038745,200,339.006502,0.0,0.8270271978048399,3402.281027187417,19.67951516055965,17.011405135937085
-35.360376,200,339.135009,0.0,0.20144699672350316,3427.6920437337053,19.22864139041746,17.138460218668527
-108.860939,200,339.278776,0.0,0.4816896328972192,3321.6361723284176,18.939794649063526,16.608180861642087
-57.945185,200,339.407765,0.0,0.14787632742486118,2992.844859721918,17.612994290767748,14.96422429860959
-167.433897,200,339.542516,0.0,0.7654465644876638,3314.176314632393,19.12210670346953,16.570881573161966
-61.059416,200,339.672735,0.0,0.19497009219957692,2033.5590186748536,12.10459221252401,10.167795093374268
-105.145402,200,339.805554,0.0,0.3577078922098123,2503.508364868322,14.937711774111724,12.517541824341611
-43.681648,200,339.936793,0.0,0.244803098907929,2405.733167975704,14.05532484612565,12.02866583987852
-69.001395,200,340.543923,0.0,0.16330745314770675,3209.589633040514,18.461375710634496,16.04794816520257
-54.876345,200,340.685485,0.0,0.23533333165780754,887.0959383956957,5.821513811980144,4.435479691978479
-45.97268,200,340.819779,0.0,0.2695660975344401,2371.990579671485,14.010918680790228,11.859952898357426
-128.350253,200,340.95288,0.0,0.491305857029309,2874.664762992738,16.84741769740542,14.37332381496369
-91.459901,200,341.088264,0.0,0.3207503492895758,3379.915557285052,19.495037515398703,16.899577786425258
-126.760907,200,341.247549,0.0,0.4238979721674106,1908.9464677748936,11.733610002328513,9.544732338874468
-103.806917,200,341.409164,0.0,0.4521179118699785,3491.8714194045606,19.731343410671826,17.459357097022803
-151.648654,200,341.552201,0.0,0.6915615891080507,3401.7155663591097,19.297169505791924,17.00857783179555
-117.22116,200,341.682834,0.0,0.3775942550655504,1916.769895956618,12.210203167457868,9.58384947978309
-73.11844,200,341.8158,0.0,0.30319621603918795,2995.049819179923,18.163044058610357,14.975249095899615
-29.964379,200,342.410594,0.0,0.1619812976826152,3035.55683543478,17.97294048859208,15.177784177173901
-9.079872,56,342.462916,1.0,0.04953389344621509,312.87065512683637,2.356498130644254,5.586975984407792
-113.969648,200,342.601317,0.0,0.3095871634077918,1043.4832816968685,7.150285442404789,5.217416408484342
-163.278618,200,342.749683,0.0,0.6800210162499465,3131.418071602397,18.078463669034605,15.657090358011985
-89.580982,200,342.890806,0.0,0.23229743779100667,1547.3594450554508,9.894945341885258,7.736797225277254
-148.29724,200,343.023113,0.0,0.5426350465141361,2861.126956547027,16.566212024733687,14.305634782735135
-60.459772,200,343.153071,0.0,0.29580552987061587,1139.8593785511418,7.5294971553376815,5.699296892755709
-62.260117,200,343.28671,0.0,0.3515928490100975,2058.8330102988234,13.197091847339692,10.294165051494117
-53.1104,200,343.438703,0.0,0.34771331169893993,837.3921869858443,5.9207946962189295,4.186960934929221
-124.769127,200,343.582006,0.0,0.440657918916712,2572.824702228022,15.474629317154582,12.86412351114011
-57.859112,200,343.732153,0.0,0.21951288396975582,2775.599230809064,16.651912913025033,13.87799615404532
-117.507128,200,344.320706,0.0,0.31557230638769845,1328.5733224530873,8.546116017392139,6.642866612265436
-55.498474,200,344.475865,0.0,0.1260166383171672,3480.525444214644,19.187654394638972,17.402627221073217
-145.049623,200,344.605638,0.0,0.49250914401839996,2040.363882075386,11.933864651831161,10.201819410376931
-99.195736,200,344.736755,0.0,0.2735755193366986,2090.2262980265355,12.838214000364323,10.451131490132678
-118.3911,200,344.875883,0.0,0.31135474995926854,1302.236079706775,8.364044601392226,6.511180398533875
-139.466151,200,345.020763,0.0,0.5231294784478742,2885.0891133968007,17.211353835812048,14.425445566984003
-49.734479,200,345.158582,0.0,0.2092846756179374,2513.3215615665204,14.812113519416318,12.566607807832602
-71.799942,200,345.287858,0.0,0.2584121102498603,1560.2820085439175,9.897529203780522,7.801410042719588
-81.212981,200,345.434895,0.0,0.22576731361338884,2656.97850686974,15.417497655969182,13.284892534348701
-99.50432,200,345.56287,0.0,0.31470865641109347,1781.541409485958,11.312948619015124,8.90770704742979
-52.71007,200,346.233858,0.0,0.2871966193065351,2411.714011924914,15.190452988750746,12.05857005962457
-155.388987,200,346.399238,0.0,0.7483496088847031,3298.0214470796973,19.13475705905769,16.490107235398487
-69.827858,200,346.532785,0.0,0.24726324100185784,1674.0886058006233,10.69689004564078,8.370443029003116
-38.063335,200,346.664985,0.0,0.2711499003345743,2195.016429410922,13.373646774545257,10.975082147054609
-60.477721,200,346.793936,0.0,0.1258374125694357,2633.414877167821,15.003259250695677,13.167074385839106
-51.176932,200,346.931417,0.0,0.16817842243979023,2541.079267988406,14.903637588461578,12.70539633994203
-27.854655,200,347.073518,0.0,0.19811839831886816,2663.4632340969038,16.06543242033747,13.317316170484519
-129.482616,200,347.219424,0.0,0.47905178802286064,2396.7593802544943,14.191352772451559,11.983796901272472
-86.287244,200,347.345924,0.0,0.21559548002080542,3317.2368027201105,18.492772433389582,16.58618401360055
-118.39492,200,347.49782,0.0,0.3917891342866898,2257.0838736876826,14.331545703543028,11.285419368438413
-127.583567,200,348.076702,0.0,0.44312483081914306,1595.2533448768922,10.787967623089504,7.976266724384462
-72.808694,200,348.254182,0.0,0.20693558783184307,2652.2039671802104,15.765691046157874,13.261019835901052
-103.727103,200,348.386183,0.0,0.4065107705497472,2715.1280974243377,16.54839744869228,13.575640487121689
-152.013032,200,348.533029,0.0,0.6198673190853733,2494.175031609422,15.069887620041204,12.47087515804711
-125.290565,200,348.666566,0.0,0.4981214888171189,3087.866836717015,18.009545253592204,15.439334183585075
-142.943729,200,348.796662,0.0,0.4801150756098809,1775.240169402884,11.10444449455022,8.87620084701442
-9.732867,43,348.828414,1.0,0.041773654201515534,351.23862236186216,2.4313062262476057,8.168340054927027
-38.535222,191,348.969865,1.0,0.049341572013941785,2959.0633323662137,17.41070459434091,15.49247817992782
-145.428877,200,349.137756,0.0,0.5558831157035037,2473.0958311298195,14.676874481779649,12.365479155649098
-124.180582,200,349.315549,0.0,0.330948228553671,1298.8164082304677,8.71927806422388,6.494082041152338
-51.082162,200,349.450756,0.0,0.20373450793332495,2545.743999219441,15.394364345889652,12.728719996097205
-147.896359,200,350.022938,0.0,0.5316189321450897,1629.3017834853877,10.461652576764038,8.146508917426939
-39.125337,173,350.192412,1.0,0.0459844000448733,2625.1293640393533,14.592386032404065,15.17415817363788
-138.446122,200,350.32755,0.0,0.49343941114439566,2074.387820820236,12.869743316982929,10.37193910410118
-173.116145,200,350.458437,0.0,0.8636747469760562,3548.0052790157783,20.806893303680777,17.740026395078893
-14.292155,113,350.534523,1.0,0.04756144998026862,1914.1481666015502,11.464562372303494,16.939364306208407
-147.0009,200,350.668638,0.0,0.6104555786804098,2808.3759817613504,16.30657772620928,14.041879908806752
-71.054992,200,350.803044,0.0,0.22679185658135917,2693.343421109781,16.0222985949568,13.466717105548906
-50.022148,200,350.934787,0.0,0.433664968333304,1376.6415167305784,9.024805176591096,6.883207583652892
-39.70359,200,351.067949,0.0,0.1659438262505669,3121.123201895733,17.52784001693092,15.605616009478664
-109.502996,200,351.202381,0.0,0.497039868194833,3240.026394363439,18.837900268016085,16.200131971817196
-48.006161,200,351.34226,0.0,0.1827702177126985,2624.5898923692293,15.775169573359937,13.122949461846147
-161.863493,200,352.003024,0.0,0.7938146685718955,3433.417822748503,19.89749809414418,17.167089113742517
-79.075094,200,352.179852,0.0,0.16201968632862904,1717.670092525719,10.513370695530172,8.588350462628595
-86.256791,200,352.318728,0.0,0.22737740940234138,3027.4082439185736,16.544729833363515,15.137041219592868
-126.170697,200,352.452779,0.0,0.3458505535650071,1346.762112004307,8.7744204066574,6.733810560021535
-80.429014,200,352.578733,0.0,0.16387203741794903,1747.2467887579721,10.68297694544616,8.73623394378986
-40.608563,200,352.712765,0.0,0.3445715592281841,1450.3639758426814,9.160639144838322,7.251819879213407
-111.845357,200,352.8449,0.0,0.4972410853291056,2887.3675025415832,17.376764778925256,14.436837512707916
-9.7103,55,352.880954,1.0,0.049604662586485444,264.9811440707738,2.089652099839677,4.817838983104978
-60.715541,200,353.01762,0.0,0.12988984878998305,2722.808232271453,16.056380723070422,13.614041161357266
-144.792763,200,353.158884,0.0,0.650751449979223,3038.5945157575034,18.458805459660447,15.192972578787517
-9.722415,48,353.190781,1.0,0.04586146673970553,665.4801476329601,4.217597836236159,13.864169742353335
-51.736174,200,353.330149,0.0,0.1312467289347,2954.1970147550146,17.61722183045984,14.770985073775073
-56.255108,200,353.973105,0.0,0.06041492004897656,3193.023281743929,17.96052515725251,15.965116408719645
-97.44421,200,354.130896,0.0,0.1579012410411468,958.530353188624,7.013013146862003,4.79265176594312
-80.450695,200,354.305605,0.0,0.17545768421699312,2921.6772915187244,17.134705390030994,14.608386457593621
-146.58677,200,354.489666,0.0,0.6541581196471511,3429.3973646852164,19.77539216585628,17.146986823426083
-50.494438,200,354.681442,0.0,0.28589064565522937,1039.0368447554367,6.975100967995553,5.195184223777184
-48.494059,200,354.858894,0.0,0.2580237359382393,3238.7701927943417,19.101058463416848,16.19385096397171
-20.170962,132,354.977889,1.0,0.046697904371833965,2176.9931733934527,11.79026157277453,16.492372525707975
-79.506864,200,355.147013,0.0,0.15161693077244814,1480.1408451194502,9.778996093960325,7.400704225597251
-116.03003,200,355.308644,0.0,0.4090440210785973,2425.279499783972,15.050741875502434,12.126397498919859
-48.417381,200,355.464766,0.0,0.28221463183115136,1641.6683394962652,10.358300916889378,8.208341697481325
-125.585253,200,356.114374,0.0,0.38366464828556585,2361.7965164090638,14.236086262279633,11.808982582045319
-62.462701,200,356.330253,0.0,0.08381642679412685,2438.3951499443206,14.607739721991528,12.191975749721603
-85.683831,200,356.489924,0.0,0.18960858515828474,1211.6954416780136,8.231247731594344,6.058477208390068
-84.843099,200,356.658344,0.0,0.14089305112320738,1225.7934545273986,7.708212048552068,6.128967272636993
-36.257143,200,356.879828,0.0,0.1551718670135502,3366.373358924052,19.56187448688068,16.83186679462026
-74.318102,200,357.064917,0.0,0.24413667647263795,3452.1465689202355,19.13639593988577,17.26073284460118
-79.701504,200,357.226825,0.0,0.21842245448256328,1036.7097897346816,7.3187338754818825,5.183548948673408
-117.762024,200,357.397945,0.0,0.37515209687403017,2847.061444443555,16.78593735833124,14.235307222217775
-32.263571,159,357.518348,1.0,0.04657353068902212,2032.0222851230585,12.042839044222609,12.780014371843135
-132.3851,200,357.700881,0.0,0.40863463485239926,2414.833142877989,14.603182663515453,12.074165714389943
-37.584502,200,357.869968,0.0,0.2390057975634718,3228.9333854707793,19.23890138507119,16.144666927353896
-85.783143,200,358.530865,0.0,0.20825787221500017,2148.6161939930093,12.992870807960763,10.743080969965046
-40.113132,200,358.704626,0.0,0.1722014848512507,2519.9008991735004,14.872356095254124,12.599504495867501
-133.074783,200,358.867897,0.0,0.46931827006025517,3223.1656958194317,18.92473730540161,16.115828479097157
-156.678921,200,359.062936,0.0,0.5888134997744575,3383.240643247082,18.783339967985768,16.91620321623541
-38.572783,200,359.273802,0.0,0.24828070711813746,2537.714783389709,14.657501801507172,12.688573916948544
-78.264001,200,359.453586,0.0,0.11838344396573589,721.512771817434,5.123471199958461,3.60756385908717
-42.247731,200,359.622084,0.0,0.21117873605445642,3036.776178834387,18.289335847639418,15.183880894171935
-132.479748,200,359.772121,0.0,0.38262570240262,1483.1840549933527,9.607255845845028,7.415920274966763
-146.532075,200,359.933926,0.0,0.5227454758840934,2447.521867093453,14.593626047411295,12.237609335467264
-145.86167,200,360.110995,0.0,0.6373344504526297,3470.7024644761955,20.037815108392873,17.35351232238098
-120.414491,200,360.767689,0.0,0.568515096207492,3358.826894775733,20.318731724782626,16.794134473878664
-126.465565,200,360.967894,0.0,0.38091272268447873,1397.322327723853,9.010400639435863,6.986611638619265
-45.982922,200,361.171975,0.0,0.30015652616044,1712.0344516801165,10.615611998497382,8.560172258400582
-72.501238,200,361.353657,0.0,0.1954568189935435,2983.678552189131,17.659888688053833,14.918392760945656
-152.489641,200,361.538058,0.0,0.5256952327996017,2124.7535118519204,12.66360378984595,10.623767559259601
-107.353366,200,361.686749,0.0,0.28232135811019665,1691.904527858375,10.389553709799955,8.459522639291876
-53.6802,200,361.825957,0.0,0.20083641944006844,1119.9394843458867,7.195870464716547,5.5996974217294335
-55.578906,200,361.970879,0.0,0.10648624083111125,2674.8558085640984,15.600539637664406,13.374279042820492
-70.025948,200,362.110837,0.0,0.08009668851798472,1338.2264449282495,8.705730416313726,6.6911322246412475
-115.795553,200,362.260639,0.0,0.3147959203964323,2720.285815195217,16.037454647803784,13.601429075976084
-158.765958,200,363.010229,0.0,0.6083323302722031,3194.8694373643907,17.40864150960123,15.974347186821953
-73.126399,200,363.210443,0.0,0.15210293892706375,2805.1413016787737,16.50520926573403,14.025706508393869
-59.776968,200,363.391897,0.0,0.1161055669138223,3318.5725721702997,18.739632165154422,16.592862860851497
-119.725952,200,363.547648,0.0,0.40345845913016665,2159.7907662646094,13.542526964750286,10.798953831323047
-161.433596,200,363.678956,0.0,0.6150627573959702,2506.479196344031,15.200294066226084,12.532395981720155
-66.134014,200,363.806608,0.0,0.2592423712272424,2693.3927951322025,16.317470842468556,13.466963975661013
-107.267685,200,363.934191,0.0,0.39533401339562135,2480.2899708693185,15.465126257923906,12.401449854346593
-106.727893,200,364.077583,0.0,0.16873106039218744,879.4834465822914,6.060296424767066,4.397417232911457
-129.375669,200,364.207932,0.0,0.3209977180915253,1192.6524941398336,8.235426567323586,5.963262470699168
-55.410922,200,364.350341,0.0,0.2460564673555944,3154.402289952895,18.608296381129634,15.772011449764475
-77.569682,200,364.484648,0.0,0.3488241506671689,3231.2183912177634,18.619125934412832,16.156091956088815
-117.499615,200,365.088074,0.0,0.5267585885572501,3231.4328252973214,18.412578358718704,16.157164126486606
-46.002282,200,365.22849,0.0,0.19783365423595486,3363.7112158213636,19.22761934091461,16.818556079106816
-77.26369,200,365.366559,0.0,0.09879157114598112,1478.44399154557,9.119424088491769,7.39221995772785
-136.187139,200,365.526107,0.0,0.4882127386979995,2255.294149517379,13.996421280971807,11.276470747586895
-70.750597,200,365.673409,0.0,0.20078605711521902,1385.2070606978948,9.18993250299375,6.926035303489474
-83.001412,200,365.834215,0.0,0.18551057240522448,2455.299673250472,14.588756394394787,12.27649836625236
-66.392197,200,365.964381,0.0,0.1580698088464666,856.5173899458674,5.844978759348182,4.282586949729337
-90.247851,200,366.095397,0.0,0.2509314379087931,3063.0173690024876,17.518845694176708,15.315086845012438
-25.333258,144,366.192144,1.0,0.04860299698747603,2307.6661118686725,12.878862611775219,16.025459110199115
-75.128945,200,366.323769,0.0,0.13845775203399105,2640.6891196669444,15.698776968322163,13.203445598334723
-89.287038,200,366.899672,0.0,0.30725678845980686,3310.0939981768756,19.693483584389504,16.550469990884377
-162.752238,200,367.073339,0.0,0.7388999186730395,3404.7919854575193,19.922792627305782,17.023959927287596
-89.67448,200,367.212047,0.0,0.22260698098391418,2310.3532618096187,13.831711424269406,11.551766309048094
-156.892599,200,367.353424,0.0,0.5766564980752764,2579.581260414636,15.420090453912913,12.89790630207318
-59.96433,200,367.480439,0.0,0.13971956009125322,2008.9551777534446,12.149086388274888,10.044775888767223
-82.512998,200,367.617336,0.0,0.23588786342427928,2747.6424989205684,16.6624174752196,13.738212494602841
-65.967859,200,367.765002,0.0,0.33166340881726636,898.0326102508502,6.455203814161847,4.490163051254251
-88.977848,200,367.92754,0.0,0.2454214844812544,3136.9132906887357,17.359790051169735,15.68456645344368
-60.305661,200,368.059022,0.0,0.10666720628138433,2017.0538373078446,11.871377165494893,10.085269186539223
-81.148435,200,368.186859,0.0,0.15696436148178736,3065.6668540487126,16.90312713518235,15.328334270243563
-157.13837,200,368.790614,0.0,0.5585615806535997,2158.9191445597016,12.86933450709484,10.794595722798508
-78.988733,200,368.995946,0.0,0.23665361082150724,2184.574779620671,13.962203061529543,10.922873898103354
-68.275649,200,369.136015,0.0,0.18411298372188736,919.6304717808488,6.295711412257775,4.598152358904244
-44.615486,200,369.273831,0.0,0.3243855447723179,1663.415339815461,10.176565009659447,8.317076699077305
-126.076578,200,369.412069,0.0,0.6264486232008718,3302.131914737813,19.604325010432454,16.510659573689065
-76.992737,200,369.54317,0.0,0.14280201462069778,1818.288595807255,11.13288076335213,9.091442979036275
-130.045194,200,369.674255,0.0,0.3827094276648649,1516.6803175684913,10.090675871192735,7.583401587842457
-74.193776,200,369.804626,0.0,0.1744820256925409,2559.9272206323085,15.013574658597555,12.799636103161543
-179.110613,200,369.93311,0.0,0.8748122554784576,3562.3333943386556,20.523660328480812,17.811666971693278
-45.718635,200,370.064474,0.0,0.2568992248149986,2080.466865131781,12.528776468744233,10.402334325658906
-141.31182,200,370.193185,0.0,0.5495779300942412,2549.3754125363853,15.636954335084585,12.746877062681927
-108.738512,200,370.806754,0.0,0.31994304304826704,2407.6791540024306,14.070641136973503,12.038395770012153
-44.274728,170,370.924795,1.0,0.04597064673120549,2426.5155994563497,13.827083248985447,14.273621173272645
-157.765898,200,371.062999,0.0,0.6128439423234832,2982.6441293508033,17.287971369365163,14.913220646754016
-41.401961,200,371.188163,0.0,0.20386654701064905,3122.215153864006,18.519417853486342,15.61107576932003
-77.070395,200,371.329569,0.0,0.1215776477151385,2584.17926631631,15.385654768664288,12.92089633158155
-133.370996,200,371.46746,0.0,0.4215161361972824,1308.124297679325,8.641582229086167,6.540621488396625
-64.599354,200,371.604951,0.0,0.0615667434992556,2847.5257146998015,16.386384652174662,14.237628573499007
-5.864448,39,371.630916,1.0,0.04888820799603171,429.9221708979764,2.934643761461535,11.023645407640421
-83.777195,200,371.762796,0.0,0.21101939023603267,1411.831682598643,8.907373217799547,7.059158412993216
-103.005895,200,371.899667,0.0,0.2509911455997656,2170.6239320920317,13.178506842612721,10.853119660460159
-35.061805,200,372.026443,0.0,0.3162327564986327,1943.1468895855392,11.291426394048674,9.715734447927696
-31.713475,200,372.702773,0.0,0.21939910852805158,2516.183161667261,14.650983405831933,12.580915808336306
-158.053871,200,372.860731,0.0,0.683421612576116,3012.282181484759,17.937364134612437,15.061410907423795
-82.286488,200,372.996467,0.0,0.28524283183101706,3265.9049189986126,18.57262577235796,16.329524594993064
-10.514019,86,373.052897,1.0,0.04885527230216928,1404.301100073656,8.159482265527426,16.329082558996
-60.630309,200,373.184936,0.0,0.32027461790862044,2409.1064518890653,14.969388193251032,12.045532259445327
-119.444828,200,373.321086,0.0,0.45898751181880054,2439.610385930565,15.547384608437401,12.198051929652825
-37.811415,200,373.448382,0.0,0.0637524829252871,3203.972156685195,18.54423712014152,16.019860783425976
-179.538794,200,373.574626,0.0,0.8211225089888242,3159.8197885368595,18.42676763456955,15.799098942684298
-48.916734,200,373.713857,0.0,0.1637158410186803,3050.2206921015527,17.227372416108846,15.251103460507764
-123.71212,200,373.848176,0.0,0.5319941681855703,2872.254009758898,17.299359578509584,14.36127004879449
-157.844705,200,373.979039,0.0,0.5692927537824648,2343.707412471925,14.242095299828078,11.718537062359626
-36.233006,200,374.558137,0.0,0.17608766291966707,3319.1609376478173,18.92865193360536,16.595804688239085
-40.184243,200,374.714284,0.0,0.2291228346386255,1956.7571377449196,12.013565792543753,9.783785688724599
-92.111699,200,374.850896,0.0,0.21567282393042192,1366.690701228886,9.16012415026258,6.83345350614443
-181.407334,200,374.98583,0.0,0.8684232106410982,3067.841865653223,17.77545967242198,15.339209328266115
-126.619512,200,375.119481,0.0,0.3864289343936555,1545.1214440705369,9.66963852907176,7.725607220352685
-142.889725,200,375.247382,0.0,0.6938578611180048,3547.1847055032213,19.525154138342184,17.735923527516107
-128.177181,200,375.383114,0.0,0.4157808894156536,2184.5133657903216,13.372141929723226,10.922566828951608
-48.491241,200,375.527973,0.0,0.25497818851400533,3231.945375649906,18.75307618447333,16.15972687824953
-135.769549,200,375.679415,0.0,0.4254663757286757,1585.5254440522385,10.40891851050715,7.927627220261193
-51.029403,200,375.824961,0.0,0.17940982073886508,3315.1539425028373,18.978785827488306,16.575769712514187
-59.123766,200,376.455945,0.0,0.07526325100203757,3083.654525941165,17.468376655622027,15.418272629705825
-109.06267,200,376.617991,0.0,0.28255622808645897,1443.3013661268005,9.672957103603494,7.216506830634002
-43.73046,200,376.768842,0.0,0.20150130057644824,3097.126820768734,17.858963776565723,15.48563410384367
-41.544664,200,376.914602,0.0,0.08714284475085361,3341.877061764178,18.621536467603203,16.70938530882089
-67.711503,200,377.042872,0.0,0.199241292717624,1291.631892591135,8.345847035701949,6.458159462955675
-28.355389,200,377.172861,0.0,0.2561414971094549,2637.967026591266,15.752856599032338,13.189835132956329
-95.945277,200,377.307088,0.0,0.24325678905184356,1352.9719799691547,9.023107422779066,6.764859899845773
-59.132939,200,377.445096,0.0,0.32420231002154953,2472.6363911982435,15.299050025600112,12.363181955991218
-64.613149,200,377.573478,0.0,0.16991605704828902,1296.3395128387988,8.719725222064517,6.481697564193994
-102.172087,200,377.702052,0.0,0.24897242901994843,1330.7850800889228,8.757925630018205,6.653925400444614
-76.821306,200,378.287726,0.0,0.17377345680895873,2279.1785113375263,13.037097125824038,11.395892556687631
-111.742715,200,378.467839,0.0,0.3316544917647902,2603.074230557216,15.04742143233205,13.01537115278608
-37.068939,200,378.610589,0.0,0.18038537296067683,3081.9811256601033,17.39353982622856,15.409905628300516
-169.587432,200,378.75665,0.0,0.7560223485215114,3189.5877049057844,18.40702059467048,15.947938524528922
-88.015746,200,378.905957,0.0,0.3644219823141765,2732.878553805932,16.625090282765594,13.664392769029659
-87.762819,200,379.032038,0.0,0.3862457800560302,3336.6500035348986,19.55590132675544,16.683250017674492
-97.728528,200,379.160799,0.0,0.2932814374464891,1808.3280383043507,11.599653177641686,9.041640191521754
-7.061053,40,379.188162,1.0,0.04915489436206907,144.99257100896844,1.3562919811528307,3.624814275224211
-43.59979,200,379.31689,0.0,0.24664287989090444,1965.9075099288605,11.538364093332815,9.829537549644302
-28.277702,200,379.445706,0.0,0.2520039524150605,3382.55237880583,18.266416462752208,16.91276189402915
-60.27471,200,379.579538,0.0,0.29583700298317483,2455.2649172685174,15.453762535883376,12.276324586342588
-20.711449,149,380.083179,1.0,0.045353218980339984,2222.8101033299545,12.916065030466191,14.918188612952715
-151.447829,200,380.274197,0.0,0.5618712453693478,2357.4373861960235,13.869546506158601,11.787186930980118
-54.688074,200,380.409431,0.0,0.30988489463980035,1624.678815424473,10.935978153974926,8.123394077122365
-53.829711,200,380.547776,0.0,0.27600847856544364,1321.4974446113597,9.000182739572947,6.607487223056799
-45.457871,200,380.680916,0.0,0.1737101895781083,2137.912486116389,12.864381733858032,10.689562430581946
-130.948001,200,380.826962,0.0,0.4658953782235248,2282.9387168842795,13.757485947171164,11.414693584421398
-116.788467,200,380.992942,0.0,0.441862387392799,2619.723261784935,16.539133108247654,13.098616308924674
-62.580897,200,381.140508,0.0,0.058228145878144545,1769.0931758679606,11.202445357527269,8.845465879339804
-59.187515,200,381.278602,0.0,0.09643998729404378,3169.786016152903,18.217042172291105,15.848930080764514
-70.083196,200,381.406806,0.0,0.28564915513270017,2719.9872185214404,16.684964920093808,13.599936092607201
-124.903115,200,381.54511,0.0,0.3786858588875272,1280.6483088431455,9.041316177518494,6.403241544215728
-140.509195,200,382.139038,0.0,0.48856193087937305,2220.4293600742494,13.628246329359216,11.102146800371248
-8.932653,49,382.179653,1.0,0.04946540408766709,157.90308884311895,1.5132728909875415,3.222512017206509
-101.389206,200,382.323904,0.0,0.27292663839705733,3349.469950819181,18.803822561774872,16.747349754095907
-55.983711,200,382.477189,0.0,0.10114357242084808,1962.3089393961022,12.034464015686028,9.811544696980512
-57.354843,200,382.610587,1.0,0.04981152984371317,2628.739872379669,15.341649567792402,13.143699361898346
-35.416091,169,382.723825,1.0,0.04893303383163128,2170.451505139585,12.496554213015262,12.842908314435416
-13.61527,58,382.765707,1.0,0.04730824575444834,164.9046115893268,1.5667290636395799,2.8431829584366692
-81.673306,200,382.889293,0.0,0.13904408546244004,1035.4069088068886,6.82879633243383,5.177034544034443
-77.225104,200,383.025778,0.0,0.15659423880355888,2906.3179920139737,16.472606855546175,14.53158996006987
-153.801728,200,383.163957,0.0,0.7068658004329883,3121.8166460008133,18.296887048128703,15.609083230004067
-49.989558,200,383.292455,0.0,0.37506328791300486,1648.5402643096877,10.477761194802122,8.242701321548438
-47.111486,200,383.857795,0.0,0.17247808412649054,3273.301366524381,19.14432045862018,16.366506832621905
-62.183233,200,384.086705,0.0,0.2601608242719049,3330.599022112684,19.777758149675577,16.65299511056342
-120.881177,200,384.232744,0.0,0.5437558064858826,3449.0437736184613,19.522510568678285,17.245218868092305
-125.930378,200,384.384366,0.0,0.415557509339953,1756.9693190682892,11.16220031754088,8.784846595341445
-137.284344,200,384.506857,0.0,0.4631157131053508,1783.9054502958834,11.413599590578308,8.919527251479417
-109.97075,200,384.635549,0.0,0.49872105604740175,3236.417345324541,19.263033131169216,16.182086726622707
-82.6421,200,384.769786,0.0,0.170177673833285,2574.9274375764367,14.89262341267469,12.874637187882183
-65.836535,200,384.907248,0.0,0.10124551867662117,2464.7755720451405,14.350625939882734,12.323877860225702
-62.344874,200,385.037551,0.0,0.21628987685708154,3189.750205333246,18.82994189338004,15.94875102666623
-111.952493,200,385.185753,0.0,0.5185995203665777,3397.7386367437275,18.881985770574246,16.988693183718638
-72.209641,200,385.315915,0.0,0.0776152143988244,1720.8755726173963,10.272844762284583,8.604377863086981
-166.92891,200,385.913811,0.0,0.6230550579894824,2721.272846646672,15.93240091770695,13.606364233233359
-49.296427,200,386.066745,0.0,0.1524476542367691,1932.3525621371614,11.310663554947812,9.661762810685808
-57.714686,200,386.200684,0.0,0.34247588305020366,2850.527506988028,16.95093279066941,14.25263753494014
-121.993163,200,386.329757,0.0,0.32774516464075093,1071.7785663111038,7.586156434405538,5.358892831555519
-34.700927,200,386.46366,0.0,0.314109385288402,3225.33756728748,18.03786698063766,16.126687836437398
-141.594737,200,386.597937,0.0,0.5395879320212756,3268.7616751171063,19.269629078080964,16.34380837558553
-55.757296,200,386.728939,0.0,0.3070764573565635,1910.9772812340386,11.933938127960467,9.554886406170192
-61.244883,200,386.859493,0.0,0.085402296264023,1544.1402834246471,9.325742354241898,7.7207014171232355
-66.075926,200,386.996797,0.0,0.08626852081726269,3050.5165720186756,17.433436263538773,15.252582860093378
-37.235224,157,387.104505,1.0,0.04900223495831061,2052.815584702315,11.897822869145418,13.07525850128863
-95.799928,200,387.766206,0.0,0.2790974672553599,1410.7189167021243,8.926120452771439,7.0535945835106215
-110.050049,200,387.937526,0.0,0.28320292156812327,2713.381132191446,15.279553604365027,13.566905660957229
-120.963733,200,388.0748,0.0,0.4203987511262357,2992.2243601588357,17.59146434982728,14.961121800794178
-47.360942,200,388.209641,0.0,0.13150526065965695,2094.028580536075,11.726699600344116,10.470142902680374
-45.35111,200,388.334728,0.0,0.1324631592127031,2529.353933555148,14.36031548181744,12.646769667775741
-58.153523,200,388.465432,0.0,0.1916393088913952,1528.8250573725177,9.621716708293462,7.644125286862589
-150.126774,200,388.597703,0.0,0.554662150825452,3307.804852325976,19.126164387466996,16.53902426162988
-93.997344,200,388.732896,0.0,0.21964057512678573,885.8291327118442,6.234924817375229,4.429145663559221
-45.964523,168,388.840613,1.0,0.04804710333238126,2085.6842064264265,12.274641371752956,12.414786943014443
-92.375137,200,388.97562,0.0,0.21025361555441285,2706.9777290293405,15.509135033631546,13.534888645146703
-105.634611,200,389.113035,0.0,0.21120154495394416,811.6261464896492,5.539040721950587,4.058130732448245
-123.879973,200,389.715631,0.0,0.31860463579106385,1026.4550832413347,7.309714418482023,5.1322754162066735
-105.184322,200,389.853138,0.0,0.21874850700628862,1018.2748575021011,6.986496278194457,5.091374287510505
-109.969788,200,389.988813,0.0,0.4963895990937577,3133.0730591518945,18.429127314698967,15.665365295759473
-41.547581,168,390.09863,1.0,0.04616994418406648,2509.0796270655674,14.440262213095624,14.934997780152187
-42.74105,200,390.226874,0.0,0.1818863673549929,1963.4731195970382,11.670549647017154,9.81736559798519
-113.731803,200,390.354578,0.0,0.5020733658981612,2878.541142097252,17.048499563629886,14.39270571048626
-140.824118,200,390.4829,0.0,0.6159766223138736,2561.1999597426625,15.412334681320392,12.805999798713312
-113.221117,200,390.612024,0.0,0.2697779787992089,1242.9344827669304,8.220104982100832,6.214672413834652
-76.470642,200,390.751206,0.0,0.16481697355034833,1720.599339232999,10.833524270505206,8.602996696164995
-53.346113,200,390.880786,0.0,0.4158601574116875,1331.20590759327,8.77995955659979,6.65602953796635
-106.979772,200,391.550707,0.0,0.4005126547094901,2982.8307768850877,17.66267987297249,14.914153884425438
-146.133145,200,391.706293,0.0,0.5151612673453533,3183.5331029981253,17.950035203286316,15.917665514990626
-74.604047,200,391.850603,0.0,0.12394644212543682,2662.9552737670533,15.97146137162511,13.314776368835266
-157.676357,200,391.986959,0.0,0.5466016009949239,2794.591511903539,15.854324144143064,13.972957559517695
-50.143309,200,392.118883,0.0,0.2087882284618211,1956.2482079006295,11.533947238282655,9.781241039503147
-128.669492,200,392.250802,0.0,0.4402823692375954,3110.336715106836,18.06105044557884,15.55168357553418
-46.422283,200,392.381928,0.0,0.15073308795274418,1545.2556645326838,8.968899699441558,7.726278322663419
-49.743843,194,392.507574,1.0,0.04523485592862328,1668.6165386625426,9.95986241268364,8.6011161786729
-111.492948,200,392.640622,0.0,0.3040827781894594,2666.5160403803297,15.537132286466475,13.33258020190165
-52.893672,200,392.768672,0.0,0.27266386965359707,2625.544474291229,15.516202907768372,13.127722371456146
-141.004349,200,393.317756,0.0,0.665788807347414,3315.922478386353,19.288277503191296,16.579612391931764
-68.92246,200,393.516299,0.0,0.07519258777976978,2421.708152612933,14.318462178713453,12.108540763064665
-37.376747,168,393.632852,1.0,0.04462377093878942,1685.0993815952484,10.386101371799482,10.030353461876478
-93.945693,200,393.769377,0.0,0.3643919392901959,2693.65093766699,17.134994022239947,13.46825468833495
-35.362814,200,393.905437,0.0,0.1291315629959435,2753.7413858705127,15.609526301810243,13.768706929352563
-55.601832,196,394.052192,1.0,0.04103454846441505,2470.681825202618,14.43703354344533,12.605519516339887
-138.152848,200,394.209052,0.0,0.4584438633494403,2419.027789323354,14.525191991020778,12.095138946616771
-55.192185,200,394.357169,0.0,0.09146633604327871,3009.947044662089,16.667138485544633,15.049735223310444
-62.576353,200,394.492165,0.0,0.15204928191066353,1622.7118378983994,9.943462603867353,8.113559189491998
-167.632295,200,394.620612,0.0,0.6294457653089013,2852.890810942101,16.30160055515961,14.264454054710505
-61.411327,200,394.750351,0.0,0.054642422241734476,2914.263555528216,16.615269202594423,14.57131777764108
-145.943985,200,395.355615,0.0,0.4802986614466383,2322.2882128633723,13.817197558228075,11.611441064316862
-90.808265,200,395.50303,0.0,0.1649213722534803,2510.8998528239845,14.542867111945766,12.554499264119922
-113.03407,200,395.639033,0.0,0.5119003067785797,3151.7060457845696,18.436557267823108,15.758530228922847
-64.423509,200,395.777012,0.0,0.1245868054522009,1246.87570128458,7.912888028512549,6.2343785064229
-33.341474,200,395.910629,0.0,0.2574157872788503,3260.591927722019,18.65890083647663,16.302959638610094
-53.901317,200,396.038311,0.0,0.1133293346209374,2146.61386724958,12.48879988245002,10.7330693362479
-15.248183,121,396.114603,1.0,0.046461990040249666,1932.7088374085884,11.172049118478176,15.972800309161887
-85.937452,200,396.242011,0.0,0.1774037753433688,2953.8537390009287,16.04134623919938,14.769268695004644
-131.247306,200,396.371309,0.0,0.43301641447557687,3017.1804738704614,17.19379909944351,15.085902369352306
-19.853933,124,396.455554,1.0,0.04754795374347248,1344.6675278293326,7.886486378600941,10.844092966365585
-27.381866,152,396.55672,1.0,0.04644570062118502,2379.436031614832,13.719451135153456,15.65418441851863
-120.600298,200,397.114768,0.0,0.3333706723310364,1552.1542979931778,9.174783994201093,7.760771489965889
-41.296367,176,397.260196,1.0,0.0477834878571628,2371.692992307454,13.67853453599412,13.475528365383262
-118.209,200,397.396194,0.0,0.4573273381110269,3253.3132056013046,18.803432048465414,16.266566028006523
-58.13394,195,397.558887,1.0,0.048730741901818815,2729.945834543919,15.919012833963976,13.999722228430354
-65.986615,200,397.732852,0.0,0.11329950413799994,967.1777366581102,6.538227638635277,4.835888683290551
-40.350599,200,397.876618,0.0,0.318838944430267,1935.827951692578,11.737176520749424,9.67913975846289
-133.035223,200,398.029509,0.0,0.4409160023075709,2374.7592972509456,14.311617628956148,11.873796486254728
-62.598666,200,398.197299,0.0,0.10613230694928859,3160.7521247173354,17.75441392138739,15.803760623586676
-154.07148,200,398.325924,0.0,0.6827455960074146,2992.1266991861985,18.162355046868065,14.960633495930992
-137.786094,200,398.456657,0.0,0.4278902057253905,1341.273858267701,9.035742410273976,6.706369291338505
-96.845235,200,398.997798,0.0,0.23000534848324863,1899.3246876698217,11.590034164392987,9.49662343834911
-108.482375,200,399.176773,0.0,0.46082960694083064,2851.111219239948,16.487581920474113,14.255556096199738
-13.255698,121,399.260961,1.0,0.04868766782311567,1976.221444435659,10.864210793411319,16.33240863169966
-75.54879,200,399.390278,0.0,0.11928149860253671,1554.2715533950375,9.429797654780684,7.771357766975187
-44.750597,200,399.522229,0.0,0.15024908812186646,3124.5036032016174,17.85832591255713,15.622518016008087
-135.065473,200,399.649432,0.0,0.4208580997487057,2419.9114959727895,14.20495745722802,12.099557479863947
-13.149308,53,399.681888,1.0,0.04183314926491118,215.92438049735242,2.0933073708832795,4.074044915044385
-53.474624,200,399.846585,0.0,0.2007122546395255,2812.2609966803716,16.89769179485308,14.061304983401858
-37.982991,200,399.990807,0.0,0.1877825093567119,2493.1220157970342,15.044909080883897,12.465610078985172
-124.326713,200,400.151236,0.0,0.3817165124748175,2787.5333960998137,16.397058574351345,13.937666980499069
-38.368237,200,400.292942,0.0,0.10834948258511748,3111.9065340377374,18.586774055172384,15.559532670188688
-134.078019,200,400.430611,0.0,0.40383807609052164,1587.2435387817004,9.560680665713257,7.936217693908502
-58.114571,200,401.03316,0.0,0.2169615691805419,1199.918302611445,7.925023519436288,5.999591513057225
-55.432184,200,401.170972,0.0,0.11798523205843908,1396.372714707232,8.729098237332595,6.9818635735361605
-70.607443,200,401.302936,0.0,0.11298538229537475,3012.766494029393,17.123261439570573,15.063832470146965
-102.500757,200,401.431113,0.0,0.2247145667680883,1432.243668411292,9.501638622522263,7.16121834205646
-90.851423,200,401.573916,0.0,0.28208497925045234,3043.0649151279854,17.77573817325258,15.215324575639928
-132.236945,200,401.704292,0.0,0.42861025287165705,1751.9920132184316,11.333664759117315,8.759960066092157
-48.363467,200,401.83881,0.0,0.25187165165621256,1372.2145267445267,8.699898184889355,6.8610726337226335
-39.776488,200,401.970408,0.0,0.1034719917909323,2949.2948131292437,17.29408622257363,14.746474065646218
-132.611373,200,402.111245,0.0,0.6391504979779652,3332.4063350153347,19.12086197018814,16.662031675076673
-31.319751,200,402.242801,0.0,0.20217983397852032,2640.342262495391,15.248268519281302,13.201711312476954
-53.879599,200,402.89559,0.0,0.1023360667330546,2900.6728727648224,17.194678417491918,14.503364363824112
-41.714138,200,403.076135,0.0,0.20731566612697735,1851.504135155162,11.567574239204992,9.25752067577581
-74.897093,200,403.227811,0.0,0.09800225607510517,1980.4036897286537,11.719501092319868,9.902018448643268
-30.301349,152,403.325933,1.0,0.04922986683431302,2338.616978776302,13.148198301507994,15.385638018265144
-45.440595,200,403.454237,0.0,0.11578474931473062,2249.9379701939474,13.489297717884927,11.249689850969737
-53.323839,200,403.584641,0.0,0.05978116705437097,2302.499927376758,13.559855418949178,11.51249963688379
-141.58146,200,403.720709,0.0,0.6382020487589668,3497.8373075549607,19.06951498449111,17.489186537774803
-156.261692,200,403.850225,0.0,0.5576437362868436,2364.742006518415,13.903773373486283,11.823710032592075
-47.165534,200,403.993165,0.0,0.22341585209279582,2081.7098734852834,12.819822903954101,10.408549367426417
-25.817487,147,404.094624,1.0,0.048854467400967154,2296.73650563714,12.941625657752573,15.624057861477143
-73.316228,200,404.226605,0.0,0.06620385754121656,1193.573308579386,7.931059729501145,5.967866542896931
-146.774861,200,404.848588,0.0,0.6822353799080553,2977.0188263576474,17.129061898201638,14.885094131788238
-74.796518,200,404.99095,0.0,0.33089408634455914,2901.387025197037,17.19991940410879,14.506935125985185
-35.561351,200,405.127968,0.0,0.2054509719665644,2920.2192091041475,17.40940858608979,14.601096045520737
-34.537,200,405.259075,0.0,0.1036842251435955,3121.7073949286223,18.54467101883455,15.608536974643112
-12.087562,54,405.298918,1.0,0.04682954274759817,158.28644424161158,1.4802629607837607,2.931230448918733
-6.708175,32,405.318905,1.0,0.04732239383320464,250.6675278640763,1.9564930886492489,7.8333602457523845
-131.705119,200,405.4506,0.0,0.40807800399074073,2481.367190884998,14.930104357498196,12.40683595442499
-106.981134,200,405.582161,0.0,0.3244057778507267,2602.77684404952,15.794769477007028,13.0138842202476
-146.212503,200,405.713186,0.0,0.4964838188619015,2116.216439642968,12.41684625482575,10.58108219821484
-65.701026,200,405.84494,0.0,0.07010749644577113,2197.923691781814,12.807456885631288,10.989618458909069
-165.124599,200,405.972836,0.0,0.7181411806773441,3109.364458950371,17.965310624357524,15.546822294751856
-47.883345,200,406.593103,0.0,0.19084225901526505,1509.334144298535,9.171279471421421,7.546670721492675
-112.595709,200,406.79866,0.0,0.33669793663738573,2941.978059496189,16.60594613502254,14.709890297480944
-109.623374,200,406.929687,0.0,0.24984998072788064,1097.8912128890292,7.0285371815548325,5.489456064445147
-100.050809,200,407.067787,0.0,0.3139282561955077,3068.92684397724,16.71451779057411,15.3446342198862
-141.20047,200,407.20597,0.0,0.5713551370189774,2651.3941268474578,15.864127485895562,13.25697063423729
-103.885463,200,407.334827,0.0,0.23104416503122682,1499.5115326870152,9.540667302612125,7.497557663435076
-39.322973,200,407.464581,0.0,0.15476777948275136,3063.59491432283,17.79740915070669,15.31797457161415
-62.42705,200,407.59479,0.0,0.11243311763022573,2215.4764556982477,13.496834722691755,11.077382278491239
-10.459041,52,407.630684,1.0,0.04723048185149128,123.06807987592634,1.1625865147931578,2.3666938437678144
-155.456089,200,407.769168,0.0,0.7105794149261906,2963.5544487435873,17.3466331671557,14.817772243717936
-79.867211,200,407.89868,0.0,0.35317303225175745,2970.122019720123,18.079858795923023,14.850610098600614
-33.836485,162,408.004765,1.0,0.047781955932977044,2070.0081176424965,12.025402207703873,12.777827886682077
-120.457391,200,408.622219,0.0,0.3968930183729317,3315.8499609375704,18.233495141835196,16.57924980468785
-94.447631,200,408.766059,0.0,0.34145128296843585,2414.3899420922257,15.266773819856612,12.071949710461128
-147.347753,200,408.917444,0.0,0.7033146676194675,2988.8042133713284,17.245453171684222,14.944021066856642
-34.430041,200,409.046673,0.0,0.07317293861710913,3313.635801792498,19.286269242594482,16.568179008962492
-101.793137,200,409.173772,0.0,0.4741019566439615,2865.7053950895574,17.354864117816252,14.328526975447787
-143.625246,200,409.308793,0.0,0.6608458291187652,3312.458944350988,19.396375902828524,16.56229472175494
-12.82407,68,409.357918,1.0,0.04970070319198958,229.89112557749743,1.953313271959107,3.3807518467279034
-104.214744,200,409.497747,0.0,0.4108570035196701,2671.7519301088523,16.504929169469957,13.358759650544261
-99.243866,200,409.647504,0.0,0.2658393155748787,2570.7930209509686,14.913561513332448,12.853965104754844
-41.151075,200,409.799613,0.0,0.1552673739067908,2835.170705437518,16.75544477898608,14.17585352718759
-130.429441,200,410.365465,0.0,0.534474115666346,2384.9856684631686,14.91799192353562,11.924928342315843
-152.974317,200,410.546605,0.0,0.5465220911599193,2833.283057413641,16.333655074513498,14.166415287068205
-10.199293,51,410.585833,1.0,0.047037254414949645,159.06105962406681,1.3689335886840746,3.1188443063542515
-119.408283,200,410.714584,0.0,0.4527623086914723,3207.520224434168,18.248721837430818,16.03760112217084
-112.850109,200,410.851089,0.0,0.4929118309041704,2831.781834467476,16.729281768933376,14.158909172337381
-105.916394,200,410.979845,0.0,0.26664646762980737,2069.5941294878758,12.199099744226723,10.347970647439379
-147.626718,200,411.111331,0.0,0.7410661375800661,3296.2304692455127,19.640576197516207,16.481152346227564
-103.370053,200,411.252885,0.0,0.22959072550571874,1297.5920887559216,7.6405606786737,6.487960443779608
-84.63451,200,411.405634,0.0,0.1672037327443115,2142.236068797602,12.577462553212055,10.71118034398801
-45.395548,200,411.5807,0.0,0.1792215428972675,2855.133643855027,16.866529211908194,14.275668219275135
-15.54199,64,411.62484,1.0,0.04543437636405657,127.502471763454,1.2345587196120915,1.9922261213039687
-132.743148,200,411.773412,0.0,0.376436198036849,1332.3937369266564,8.471252646033195,6.661968684633282
-119.542264,200,412.34225,0.0,0.36368154118171825,2472.375350847177,14.11906770436154,12.361876754235885
-126.661345,200,412.509852,0.0,0.4082431435571612,2990.7377027763573,17.365166226533972,14.953688513881787
-77.006055,200,412.639852,0.0,0.3281304015498072,3021.8933127469777,17.548206386580322,15.10946656373489
-55.100289,200,412.782209,0.0,0.0782977227668888,2959.0400461636937,16.473664897770593,14.795200230818468
-64.348648,200,412.928653,0.0,0.2534653647155603,3099.123034811165,18.87421443016334,15.495615174055825
-16.317498,117,413.016827,1.0,0.04606694816717507,1361.9680059348486,7.840259102285037,11.64075218747734
-46.446224,179,413.140745,1.0,0.04953272375476656,2076.245942891576,12.415345717537361,11.599139345762994
-36.578461,159,413.246515,1.0,0.04647303540020837,1461.6670784265139,8.460571201727321,9.192874707084993
-53.688125,200,413.397889,0.0,0.1427826207039485,3125.9205098541793,18.09457622233917,15.629602549270896
-102.792322,200,413.539506,0.0,0.2773705608708503,3100.7046587888813,17.70632548597068,15.503523293944406
-108.384615,200,413.666592,0.0,0.42457782812287814,2706.7123124039326,16.359087447982468,13.533561562019663
-14.115785,120,413.743706,1.0,0.04973311865815447,1891.956243362829,11.099523682283008,15.766302028023574
-111.948927,200,414.332745,0.0,0.3125638742721921,1660.0502064571222,9.940861253473468,8.30025103228561
-39.490241,160,414.465129,1.0,0.04847957201304333,1631.3323932403575,9.376909250696283,10.195827457752234
-77.536346,200,414.594465,0.0,0.14383026144109554,2608.2469046188257,15.326563038771443,13.04123452309413
-15.799373,65,414.637674,1.0,0.049198940864639704,118.80410509666298,1.1113357993906485,1.8277554630255843
-53.900856,185,414.758558,1.0,0.04729843634051776,2289.7521925502915,13.548375332350426,12.377038878650225
-64.89491,200,414.895648,0.0,0.27583567919471913,3071.092119798947,17.495119596514797,15.355460598994734
-37.521256,200,415.026206,0.0,0.2158855759845797,1871.1988391211012,11.69289198155444,9.355994195605506
-116.9709,200,415.150722,0.0,0.5321138556712649,3139.025016959641,18.019075303164144,15.695125084798205
-56.923846,191,415.270535,1.0,0.04438583208691795,1147.3993767863396,7.453247606465395,6.007326580033192
-14.765252,68,415.315635,1.0,0.04908529694804332,164.7501983215817,1.5518525921135962,2.4227970341409075
-95.130921,200,415.447926,0.0,0.22721700920960936,2928.0740094255266,16.897340230656614,14.640370047127632
-63.905846,200,416.005629,0.0,0.08438481555087696,2551.1740682895547,14.98934750231105,12.755870341447773
-10.481605,96,416.097406,1.0,0.04445152349727496,1430.4886799020262,8.276043746755047,14.900923748979439
-32.484778,200,416.270616,0.0,0.11966304387498444,3422.718072152728,20.185595732661167,17.113590360763638
-80.84911,200,416.419871,0.0,0.1528720541771767,2323.5182900227896,13.81736729993969,11.617591450113949
-128.981309,200,416.57087,0.0,0.6180779517131314,3374.231389560183,19.513218756115883,16.871156947800912
-40.002768,200,416.698499,0.0,0.24356849252257423,1566.7931311774153,9.370321511710527,7.833965655887076
-89.454113,200,416.824865,0.0,0.12749066521970842,1213.7337394169954,7.465768954013411,6.068668697084977
-38.304611,165,416.934581,1.0,0.047012365931985434,2119.533559499405,11.700263198475115,12.845657936360029
-113.394706,200,417.067119,0.0,0.32603873240438597,2112.3966418702394,12.263370218148287,10.561983209351197
-29.433539,146,417.16287,1.0,0.048197949822137626,2137.2470575210723,12.42145996776935,14.638678476171728
-60.607755,200,417.299885,0.0,0.10568257293066682,3297.426781233112,18.81456421414841,16.48713390616556
-133.937421,200,417.422293,0.0,0.38886690855452677,1273.9086027680048,7.961065680285382,6.369543013840024
-40.834578,200,418.002127,0.0,0.2003186210376875,2026.5900193288044,12.279119001709052,10.132950096644022
-69.127451,200,418.154846,0.0,0.06991714821096541,1780.7370902171988,10.709117097786637,8.903685451085995
-46.236649,200,418.289453,0.0,0.22624928375474362,2157.400919978401,12.219779115267272,10.787004599892004
-36.828106,164,418.398827,1.0,0.04935768244713014,1239.9466570235998,7.669972515922672,7.560650347704876
-139.120834,200,418.536018,0.0,0.657751195435786,3108.5380591674034,18.316301562282554,15.542690295837017
-52.516772,200,418.686795,0.0,0.1529152994518609,1383.199299935971,9.319688634820103,6.9159964996798555
-66.56568,200,418.842931,0.0,0.133533984181864,3106.108952187828,17.62572620025279,15.53054476093914
-45.816053,200,418.979562,0.0,0.1654450832299603,1543.9053608938648,9.297711448284632,7.719526804469324
-69.679788,200,419.108658,0.0,0.1428712156912062,3031.9799870182983,17.24827983775944,15.159899935091492
-146.438863,200,419.23861,0.0,0.47521054028750576,2728.1351504766812,16.053197032611255,13.640675752383407
-103.185061,200,419.80065,0.0,0.28761500149453445,2302.028155474519,13.997923591139365,11.510140777372595
-90.815627,200,419.970007,0.0,0.2229203084269741,2421.8166326665364,14.199956016772024,12.109083163332683
-104.776989,200,420.102174,0.0,0.37672639140930725,3458.98820962586,19.064293163858473,17.2949410481293
-48.676138,186,420.2346,1.0,0.048697269829745586,2554.4715280315895,14.569114017669575,13.733717892642954
-155.799943,200,420.359856,0.0,0.5615509302038528,2657.692321401166,15.6610457835006,13.288461607005829
-126.122917,200,420.494859,0.0,0.5845382864073663,3442.5374236372263,19.869831448105224,17.212687118186132
-56.957209,195,420.635786,1.0,0.04699339778815697,2104.8333414156127,12.727658181374519,10.794017135464681
-60.322566,200,420.769813,0.0,0.07328676514897924,2768.0941701993797,15.853271094348953,13.8404708509969
-46.315804,175,420.885577,1.0,0.04582685598725462,952.3016952444056,6.18680326070527,5.441723972825175
-59.665141,200,421.020526,0.0,0.2314701437344968,3265.458450881432,18.763669787545147,16.32729225440716
-7.401637,44,421.050717,1.0,0.04918979300913308,114.82460379289944,1.0699132106626836,2.60965008620226
-45.996548,200,421.667588,0.0,0.2407161787409834,1411.2044365999047,9.144578806830406,7.0560221829995236
-63.912598,200,421.865607,0.0,0.18489073959957136,2154.1508308928774,14.503356844451217,10.770754154464386
-51.356291,200,422.010775,0.0,0.16683080802623712,2519.5390405940134,15.541110415935696,12.597695202970067
-126.379935,200,422.151063,0.0,0.49886679750527,2327.9188321965808,14.652653064899116,11.639594160982904
-33.92553,148,422.246745,1.0,0.04862786729691237,1039.2475780294449,6.775715176817222,7.021943094793547
-101.18591,200,422.378732,0.0,0.46956600867963233,3026.2532793510104,18.306028349817524,15.131266396755052
-38.044788,200,422.505303,0.0,0.14480390837434673,2835.0476741413454,17.161647961005087,14.175238370706728
-43.882584,200,422.635668,0.0,0.18103802397081542,3205.7023858693,18.42240392023932,16.0285119293465
-54.472464,200,422.789546,0.0,0.11658417461136274,3117.5532800750893,18.195316197887543,15.587766400375447
-124.023684,200,422.918656,0.0,0.3806158835533285,1639.5405730859502,9.7763122732528,8.19770286542975
-28.444401,156,423.023001,1.0,0.048033168901788534,1935.1842481412273,11.320362306610647,12.405027231674534
-84.635244,200,423.579734,0.0,0.1282439045982135,1448.497468045169,9.195978469857698,7.2424873402258445
-57.209769,200,423.750623,0.0,0.21217027722292683,2624.3576978245583,15.765742841660325,13.12178848912279
-48.289363,200,423.889629,0.0,0.15798836284425918,3313.2154875187584,18.51162197689769,16.56607743759379
-26.060801,92,423.958115,1.0,0.04686414250292732,111.68647270796724,1.0227818675989073,1.213983398999644
-46.564264,172,424.06687,1.0,0.049838341557608,1342.8532391649096,7.7479252763607045,7.807286274214591
-167.591635,200,424.19858,0.0,0.815092411854267,3300.21690317563,19.2184898182062,16.501084515878148
-20.582895,124,424.276058,1.0,0.04457294002995968,1329.4752200683013,7.951752791748575,10.721574355389526
-77.685074,200,424.41381,0.0,0.2726410425358032,2833.664661626509,17.169166198116223,14.168323308132544
-92.769687,200,424.552132,0.0,0.27469984693139293,3255.7371427874627,18.76989460239307,16.278685713937314
-86.858906,200,424.698443,0.0,0.2124000344260885,1955.5939121775098,11.323789131491791,9.777969560887549
-95.224883,200,424.862869,0.0,0.20739429384537225,2112.431354198135,12.291443964022333,10.562156770990676
-36.540341,200,425.422201,0.0,0.19263832511035162,2123.015181943433,13.02124437021847,10.615075909717167
-92.148478,200,425.598805,0.0,0.2410776221719931,3165.3516504527965,17.369208275569473,15.826758252263982
-35.337778,200,425.73675,0.0,0.19613817857571658,3279.698362335936,18.521165350700247,16.39849181167968
-46.255519,182,425.867942,1.0,0.04783225465293676,1721.9926211778293,10.134759835371492,9.461497918559502
-90.237553,200,426.001286,0.0,0.21561719178611075,1725.0255501024935,10.339527066486273,8.625127750512467
-48.055737,200,426.150282,0.0,0.11691000871074757,2267.4043247321915,13.752427726192511,11.337021623660958
-83.086744,200,426.288355,0.0,0.3201108360414969,2781.0301800151324,16.918707577962365,13.905150900075661
-67.98435,200,426.41718,0.0,0.16029726348744314,1990.6903425496967,12.902615541377305,9.953451712748484
-83.288054,200,426.548123,0.0,0.10675176959549569,1374.7792014399906,8.713913350627086,6.873896007199953
-90.841368,200,426.681051,0.0,0.2958243058682733,3207.2306954147552,18.244495665799967,16.036153477073775
-121.719544,200,426.817844,0.0,0.3612595957618393,2885.565367046947,16.477202143431764,14.427826835234734
-165.544271,200,427.425672,0.0,0.6531476010532726,3090.0961328792596,17.761693175820962,15.450480664396299
-43.71627,178,427.553704,1.0,0.04945242441020549,2103.9589933709854,12.143283449354785,11.819994344780817
-64.967536,200,427.687426,0.0,0.11616909464175823,2709.5376570278404,15.203299311178974,13.547688285139202
-34.23391,200,427.842942,0.0,0.23539633125104886,2032.1618760238136,11.954009825010464,10.160809380119069
-39.309217,200,427.982793,0.0,0.056907760157764234,3308.9218404192843,18.89581145221758,16.54460920209642
-66.632622,183,428.109734,1.0,0.04653429632324286,923.2961895131417,6.012596113869071,5.045334368924272
-80.146345,200,428.243692,0.0,0.12448962853526338,1496.0247051777196,9.02223849037156,7.480123525888598
-60.367688,200,428.39684,0.0,0.26240111946808226,2789.8602471729882,17.484312591001313,13.949301235864942
-81.889621,200,428.537214,0.0,0.10677505148125738,1361.515183006796,8.157461844588962,6.80757591503398
-55.576384,200,428.668576,0.0,0.17200936503699718,2545.7588173940026,15.063775619124117,12.728794086970012
-102.431645,200,429.257555,0.0,0.28115623313343635,2119.836233705329,12.643151881468706,10.599181168526645
-54.196752,187,429.409523,1.0,0.048486382073421305,2530.056021808268,14.405443516980135,13.529711346568277
-118.716715,200,429.540552,0.0,0.38809622291966756,2784.974956416539,16.29405375332852,13.924874782082695
-55.286275,200,429.676721,0.0,0.23800380195057327,3133.8692186956555,18.326926562477006,15.669346093478277
-132.872265,200,429.813515,0.0,0.5269266525910601,2192.1336407522276,13.649496832566712,10.960668203761138
-58.955234,200,429.946759,0.0,0.08384815352612211,2722.338797302577,15.942638829487104,13.611693986512885
-47.157864,200,430.076732,0.0,0.10301596626873116,2276.324079260425,14.316787323103485,11.381620396302125
-51.086531,200,430.203787,0.0,0.22680862258624024,3090.989541368185,18.298384837398935,15.454947706840926
-156.810641,200,430.354729,0.0,0.5682627276590705,2954.9121336211538,16.607101029145646,14.774560668105769
-27.472588,143,430.458142,1.0,0.04958127934866557,2014.1994654881219,11.167199969166733,14.085310947469385
-77.26314,200,430.595727,0.0,0.1396008877119047,2775.3247527001577,16.174380545443352,13.876623763500788
-32.963057,158,431.17377,1.0,0.048140712715969036,2116.8801375852936,12.218072642788107,13.397975554337302
-148.730946,200,431.333511,0.0,0.6060534816018609,2886.762587801452,16.822576258256454,14.43381293900726
-42.071234,200,431.465263,0.0,0.22899618543671565,1290.3227867647088,8.197314232934051,6.451613933823544
-43.022926,200,431.592874,0.0,0.17835052802674373,2329.4327881825106,14.189949369813524,11.647163940912554
-46.254758,169,431.704537,1.0,0.04825635611790391,1126.0778255518048,6.905486134455367,6.663182399714821
-35.728108,200,431.833239,0.0,0.15467322495528338,2961.383608916771,17.558301188798477,14.806918044583856
-103.471638,200,431.960898,0.0,0.3203992637668048,1963.1429520906195,11.74565869919093,9.815714760453098
-143.685564,200,432.09234,0.0,0.5162383761413754,2919.431791875345,16.857387634095684,14.597158959376724
-130.894357,200,432.227766,0.0,0.5673483905722219,3180.5222600122297,19.003260838399584,15.902611300061148
-35.79338,160,432.330867,1.0,0.04831783916824975,1897.0064003025648,11.233188325534773,11.856290001891029
-61.177262,195,432.92064,1.0,0.046127471452698354,1052.7367223430026,7.015875777638227,5.398649858169244
-93.673274,200,433.137909,0.0,0.22001230905236469,2424.71733261487,13.757617382520845,12.12358666307435
-66.107043,200,433.286403,0.0,0.27555930459556105,3218.151070394468,18.691978651888256,16.09075535197234
-134.209661,200,433.425944,0.0,0.4951156039751839,2215.161919138978,13.729148219920102,11.07580959569489
-78.229111,200,433.559891,0.0,0.356507402116842,2961.3847707915766,17.12620738692418,14.806923853957883
-116.315825,200,433.687611,0.0,0.34035865629795164,1831.490440714822,11.037644509668919,9.15745220357411
-26.611393,95,433.750751,1.0,0.046855741136280916,170.4798191367808,1.4406468730742978,1.7945244119661137
-105.923825,200,433.882151,0.0,0.4787863405925599,3099.4688184525367,18.324003934483503,15.497344092262683
-80.209457,200,434.011381,0.0,0.37963705664851477,3410.096804075873,20.1268210752051,17.050484020379365
-68.752118,200,434.145836,0.0,0.09762475755112349,2313.1458600516053,13.206712892457078,11.565729300258026
-135.481892,200,434.282761,0.0,0.5505857188464992,2380.51148294732,14.499001142563083,11.9025574147366
-126.034709,200,434.846971,0.0,0.5094024854889768,2348.7432711608767,14.302313819218243,11.743716355804384
-92.83203,200,435.043218,0.0,0.24714909149012668,3252.501489047898,18.436338457067006,16.26250744523949
-138.966058,200,435.193658,0.0,0.4327093742953468,2341.2106885587928,13.786808448799281,11.706053442793964
-146.156276,200,435.35169,0.0,0.4646909675616362,2137.5010472922336,12.504101462273749,10.687505236461169
-96.576549,200,435.487221,0.0,0.2419263914371074,2824.544968426305,15.952527373041661,14.122724842131525
-129.673922,200,435.622849,0.0,0.5450247386984142,2421.5167145602018,14.698709755522302,12.107583572801008
-120.589743,200,435.75306,0.0,0.341891805872638,1337.7965059574706,8.512433311619668,6.688982529787353
-54.510689,200,435.884605,0.0,0.181090185909823,2594.192502044999,15.381725706790727,12.970962510224995
-38.709894,200,436.027723,0.0,0.2820521085632545,1386.1004879269124,8.29684870230528,6.930502439634562
-22.269949,122,436.115267,1.0,0.047100510968662884,1090.0401801596952,6.347312667510806,8.93475557507947
-51.720531,200,436.246731,0.0,0.054580542420373926,3394.5891638046774,18.960105876064304,16.972945819023387
-24.452493,99,436.71062,1.0,0.048856584355525805,174.17265244817082,1.3555465917329999,1.759319721698695
-21.767226,139,436.840271,1.0,0.04318386962317751,1880.4372953139273,10.724332694123218,13.528325865567822
-90.594029,200,436.991297,0.0,0.3754807077641287,3003.9820661331596,17.700361207624983,15.019910330665798
-24.83987,132,437.077869,1.0,0.043621774260951374,1322.8570798991445,7.779656921882798,10.021644544690488
-115.537951,200,437.213816,0.0,0.31558124846787355,2143.4923776538267,12.36651767126925,10.717461888269133
-42.487911,200,437.35462,0.0,0.10492530778278066,3217.8698170082407,18.654357234181248,16.089349085041203
-11.104826,60,437.395732,1.0,0.04763693859688517,69.90958909074455,0.6430991477997076,1.1651598181790759
-83.457667,200,437.533226,0.0,0.25443824087595607,3100.127488587936,17.227982376797513,15.50063744293968
-96.835692,200,437.685158,0.0,0.30025978993488195,3110.7958751678148,17.56166976036157,15.553979375839074
-52.07992,200,437.832973,0.0,0.0677773298678396,2333.760571507166,13.877170350503707,11.66880285753583
-66.108996,200,437.977925,0.0,0.26115469995989493,2704.103971826648,15.655805666123356,13.52051985913324
-135.925849,200,438.105434,0.0,0.4471702939192715,3013.3896463276005,17.700738969216765,15.066948231638003
-99.296687,200,438.656173,0.0,0.26558523811369966,3014.91146348766,17.405607425691073,15.0745573174383
-62.172012,200,438.81235,0.0,0.2880076750183674,3227.7115722107474,19.249730562221217,16.138557861053737
-57.143142,181,438.929609,1.0,0.04992978612095365,1134.6747767853587,7.004934496114935,6.2689214187036395
-36.388864,197,439.068785,1.0,0.04830742094363208,2740.124084332665,17.005064973554198,13.909259311333324
-111.666719,200,439.199492,0.0,0.3103073978113157,2257.5345824227334,13.554407086807881,11.287672912113667
-60.533701,200,439.32873,0.0,0.10347820333897095,1455.3375979823645,8.706171531522658,7.276687989911823
-30.94734,187,439.45814,1.0,0.04777887658444824,2357.82416833616,14.042379105252909,12.608685392171978
-32.160964,156,439.556712,1.0,0.04973216304511022,2251.4037469836853,12.660514536499992,14.43207530117747
-63.699635,200,439.693824,0.0,0.22062788469459044,2967.1911246279014,17.889487442215874,14.835955623139506
-32.619545,149,439.816864,1.0,0.04273971433895136,675.4746735621336,4.491389205784017,4.5333870708868025
-114.793643,200,439.968844,0.0,0.3507396369637477,3153.5459926909193,17.858263742946974,15.767729963454597
-12.13313,107,440.462883,1.0,0.041650213918092885,1251.752106971983,7.494072154906495,11.698617822168066
-41.745796,200,440.653904,0.0,0.1941003674905979,2728.8300963627635,16.30873334018535,13.644150481813817
-42.001437,172,440.772793,1.0,0.049410403563183894,2491.285957272933,13.791558652600628,14.484220681819378
-99.211664,200,440.919604,0.0,0.23686883728166622,1804.0426080753666,10.829033143149237,9.020213040376833
-15.652722,113,441.000377,1.0,0.0479664256433045,1586.854236316184,9.099945213233253,14.042957843506052
-9.815082,41,441.028682,1.0,0.0485664584408481,238.14172346651412,1.850789086093328,5.808334718695466
-142.429617,200,441.157634,0.0,0.5533701511324719,2056.8146054765793,12.796855178363828,10.284073027382897
-15.319812,72,441.206703,1.0,0.048634273718296546,118.83186106817716,0.9931247934459171,1.650442514835794
-124.449058,200,441.335844,0.0,0.36052783943577066,1115.1538421702685,6.576486039984381,5.575769210851343
-41.307838,163,441.445575,1.0,0.04939552090086003,1430.6672242841062,8.403358066376253,8.777099535485315
-24.166286,90,441.527194,1.0,0.04829000361748635,192.01124087792806,1.5478579745717467,2.1334582319769786
-125.403163,200,441.684247,0.0,0.3332470359653513,1217.8191335195402,7.193208922980223,6.089095667597701
-154.74664,200,441.838689,0.0,0.6291747700829443,3334.8966874759876,18.661196498011215,16.674483437379937
-85.910823,200,442.398657,0.0,0.16728990298550264,3189.0084020089403,18.27467725023969,15.945042010044702
-119.784657,200,442.58614,0.0,0.36096380696251434,2100.132721347583,11.997915590342279,10.500663606737914
-29.596577,142,442.697357,1.0,0.049923526870560515,936.9292565349594,5.494374642006576,6.598093355879996
-46.245823,200,442.826553,0.0,0.12589736463712148,2903.8895867273873,16.484653758539807,14.519447933636936
-33.782536,149,442.924186,1.0,0.04634529825136636,1177.4984957269703,6.929238980557823,7.902674467966244
-47.322081,200,443.05674,0.0,0.0674234348016702,2499.4913330121008,15.113116038905225,12.497456665060504
-137.164552,200,443.188803,0.0,0.43034651977237004,2019.3317262523135,11.071769158387289,10.096658631261567
-123.97418,200,443.31846,0.0,0.3590586536101278,1565.9878942733906,9.358199401021098,7.829939471366953
-160.60816,200,443.451911,0.0,0.6097867843945903,3344.2567614744808,18.484423427382787,16.721283807372405
-84.508844,200,443.599309,0.0,0.16167383074384664,2737.7228137575094,16.11578883765482,13.688614068787547
-135.80834,200,443.753199,0.0,0.44014230621413464,1923.274739454876,11.399115040821394,9.61637369727438
-110.313269,200,444.396232,0.0,0.28537176423328214,2610.0644081684677,15.0389509222,13.050322040842339
-32.626636,138,444.524889,1.0,0.04940192696209023,859.82798212299,5.213430973691441,6.230637551615869
-119.611235,200,444.657902,0.0,0.3083827451311112,1208.6574683479876,7.526671112968384,6.043287341739938
-92.805892,200,444.792217,0.0,0.21385505722693415,1305.2554385291266,8.082883429319338,6.526277192645633
-152.127922,200,444.927787,0.0,0.7330726385272274,3137.7211792502976,17.781774146695184,15.688605896251488
-89.875023,200,445.05865,0.0,0.3218477098384715,2712.2792419883176,16.350874927322174,13.561396209941588
-59.50966,200,445.189492,0.0,0.11247868016200561,2917.910504026221,15.891682859186846,14.589552520131106
-159.848893,200,445.31805,0.0,0.5865706912617998,3163.80070677512,18.190956808216868,15.8190035338756
-45.388066,200,445.453846,0.0,0.07976856369522121,3145.3162371887024,17.47670307987392,15.726581185943513
-43.07618,200,445.585573,0.0,0.13595519678964457,2517.3942377652006,15.248793178107691,12.586971188826004
-114.95947,200,445.731351,0.0,0.32331944704194315,2313.289476312806,13.13679464618101,11.56644738156403
-86.001517,200,446.334516,0.0,0.1728574133699825,1331.2349101476198,7.574699491971501,6.656174550738099
-142.380745,200,446.491206,0.0,0.4597681126743977,1765.135393086247,10.477303183123253,8.825676965431235
-17.213229,118,446.572967,1.0,0.04757087216049904,1692.3038875324476,9.898786664623481,14.341558368919047
-111.435885,200,446.732089,0.0,0.25342660457302507,1167.8783598005136,7.070055607122018,5.839391799002568
-23.469958,93,446.804486,1.0,0.049885518127290356,107.69775902522956,0.8592248858329308,1.1580404196261243
-80.524029,200,446.957013,0.0,0.14437776540551506,1317.8564732738287,7.746188723095762,6.589282366369144
-117.561583,200,447.092977,0.0,0.5858097065123431,3172.6972287967,18.533329639736188,15.8634861439835
-115.60881,200,447.233191,0.0,0.33182465996492344,2195.582769433795,12.435229875238413,10.977913847168974
-44.979029,200,447.366039,0.0,0.17308610670651747,2273.9243487956874,13.202494959236988,11.369621743978437
-127.653943,200,447.496916,0.0,0.3832888800347604,2447.757573447916,14.59263003757274,12.23878786723958
-13.095881,62,447.538667,1.0,0.047153253066201925,76.99240958633223,0.7076453313665875,1.2418130578440683
-36.558125,200,447.674824,0.0,0.3021132506290457,1915.3083308698658,11.220692354451069,9.57654165434933
-49.855694,200,448.293798,0.0,0.38680045239178873,1105.313643037589,6.607579695306759,5.526568215187945
-53.233153,200,448.430931,0.0,0.23185726197357887,3173.7493769361286,18.24204456166045,15.868746884680643
-63.317794,200,448.577858,0.0,0.19534404048961515,3162.2479854902485,18.23184555574781,15.811239927451243
-27.898579,200,448.715798,0.0,0.253781089620058,3044.4996571344523,17.385245542086118,15.22249828567226
-49.840902,187,448.83762,1.0,0.04676503171313575,2548.650161762493,14.627911595634915,13.629145250066808
-126.011388,200,448.97061,0.0,0.5167235558743457,2459.3586080785703,14.461803729521668,12.296793040392851
-167.60359,200,449.095694,0.0,0.648420893694645,3147.3887070076134,18.029324762203807,15.736943535038067
-51.424038,200,449.226739,0.0,0.2472573047036571,2992.6229944362562,17.388618503079954,14.96311497218128
-83.977774,200,449.390349,0.0,0.16665195212525458,1672.7772711561643,9.706364294306805,8.36388635578082
-16.538029,73,449.444219,1.0,0.046442296112241536,80.49350313830358,0.7439447241825564,1.1026507279219668
-119.029641,200,450.033569,0.0,0.44890826478549223,2432.1858052600596,14.425366539443946,12.160929026300298
-91.196038,200,450.223707,0.0,0.29344474878024446,3007.421842023149,17.049932823396755,15.037109210115746
-130.285938,200,450.373695,0.0,0.370524830349336,1986.9175808690607,11.806960455140125,9.934587904345303
-125.242291,200,450.509046,0.0,0.38972903090441763,1881.205149798457,10.989785027643821,9.406025748992285
-87.491046,200,450.636926,0.0,0.3090378394720078,3188.027015371964,17.72323482296628,15.94013507685982
-95.657542,200,450.777796,0.0,0.34666512778163616,2411.291691891278,15.106356477531603,12.056458459456389
-46.37475,174,450.898911,1.0,0.048690707183812354,1700.5166596812192,10.112211535414959,9.773084251041489
-100.248817,200,451.035546,0.0,0.2642964157771329,2907.0381981064975,16.532189858203438,14.535190990532488
-21.629002,122,451.114519,1.0,0.04867563567046726,1357.2404719449758,7.599479154005591,11.124921901188326
-39.279131,200,451.250709,0.0,0.11094481959052091,2709.2717664954594,16.213476216131358,13.546358832477297
-115.715805,200,451.403843,0.0,0.4328974798423927,2271.8225721852255,13.956216175301082,11.359112860926126
-74.415968,200,452.008603,0.0,0.23181618773840876,2489.6444488169195,15.63715675690351,12.448222244084597
-73.208787,200,452.179432,0.0,0.16071443351554532,1871.378162356003,10.750916437434855,9.356890811780016
-104.713999,200,452.319696,0.0,0.4147990453320991,2876.9976148180203,17.240219517757197,14.384988074090101
-140.687668,200,452.459769,0.0,0.43111663984128473,2091.654404626966,12.005164263634017,10.45827202313483
-55.39611,200,452.590855,0.0,0.14528568595143088,2545.3069717534386,15.453130683472198,12.726534858767193
-91.07454,200,452.723731,0.0,0.24497199281467338,1733.5768972178337,10.217216108925502,8.667884486089168
-78.342338,200,452.854559,0.0,0.16111141915947366,1347.1699621541406,8.459122646772588,6.735849810770703
-118.680607,200,452.998754,0.0,0.3517755594002148,1521.179474073972,8.756688877216323,7.60589737036986
-32.039325,200,453.135669,0.0,0.327118839956626,2086.5259156712214,12.087912281106615,10.432629578356106
-140.482786,200,453.277068,0.0,0.43724721931256183,2932.8766596011274,16.537541266571424,14.664383298005637
-109.935863,200,453.889645,0.0,0.3169028120888123,3011.8409233977377,17.729133472457168,15.059204616988689
-108.050469,200,454.092202,0.0,0.2751757461386756,2898.387404156175,16.3424237029449,14.491937020780874
-118.522757,200,454.232148,0.0,0.45099199929536105,2163.3413443051636,13.054283047612113,10.816706721525819
-76.943649,200,454.368583,0.0,0.15817025038030533,1771.1810190463318,10.461754008465826,8.855905095231659
-37.988527,200,454.502072,0.0,0.12349906953082987,3279.6228015510214,18.541133395212277,16.398114007755108
-85.765401,200,454.640806,0.0,0.2080478946393461,3093.9959461500903,17.048880133285298,15.46997973075045
-11.400491,44,454.671313,1.0,0.0399893459424085,217.25712490847528,1.9326673420738933,4.937661929738074
-45.483656,200,454.797781,0.0,0.2238364969741581,3149.77718183445,18.25558992345088,15.74888590917225
-38.658251,141,454.88526,1.0,0.04568429842740519,499.9469293792305,3.2351906722890447,3.5457229033987976
-28.209752,134,454.97643,1.0,0.04780456672421837,632.6023020625008,3.825420139896654,4.720912701958961
-78.438279,200,455.105764,0.0,0.2687543520361685,2433.0191438339916,14.15660596768168,12.165095719169958
-127.314768,200,455.245658,0.0,0.5084024001832489,2456.031020287881,15.337031516131281,12.280155101439405
-75.212337,200,455.8231,0.0,0.11303845498506421,1957.7854040482812,11.021107456696026,9.788927020241406
-130.908947,200,456.00675,0.0,0.40509513040783773,2731.780366553852,15.579424236875756,13.658901832769262
-29.971585,101,456.078219,1.0,0.04962720694793933,93.43621503062354,0.8837543089892023,0.9251110399071638
-127.77402,200,456.220805,0.0,0.4781750252481556,3133.046234659514,17.478912969309683,15.66523117329757
-8.862957,37,456.247876,1.0,0.046750676064838514,173.89992825113205,1.4918225511686944,4.6999980608414065
-168.883528,200,456.380995,0.0,0.7713982871627658,3219.515844539657,18.659102641389136,16.097579222698286
-158.111459,200,456.513092,0.0,0.5564060819775598,3195.544848358222,17.867124662173786,15.977724241791112
-30.791074,115,456.594236,1.0,0.04813598356483616,278.81265897707806,2.0421480883331466,2.424457904148505
-138.736146,200,456.749772,0.0,0.521504864645472,2212.3200960147365,13.819347931976685,11.061600480073682
-58.21024,200,456.908352,0.0,0.15521141907296082,2368.5573841316295,14.260504110600994,11.842786920658147
-114.789566,200,457.064478,0.0,0.3312419563524177,3083.0092540039,17.45991846941455,15.4150462700195
-44.795918,173,457.178023,1.0,0.04549885608105119,1815.0479688730654,10.796809578962455,10.491606756491707
-102.447221,200,457.752164,0.0,0.38564845211077964,2555.6876891848883,16.00589803664895,12.778438445924442
-47.294779,161,457.906266,1.0,0.04777705993397214,900.747626817326,5.3530178466029,5.594705756629354
-10.860955,88,457.963085,1.0,0.04674621750290739,1382.3124581149464,7.725787014474277,15.708096114942572
-51.049472,200,458.095188,0.0,0.16940449763707383,2758.893176495871,16.189555148851813,13.794465882479356
-107.132087,200,458.246608,0.0,0.2545349173652894,1718.9616839558066,10.469699146309214,8.594808419779033
-49.456944,200,458.386767,0.0,0.19704139640161536,3286.1645547290273,18.721855153400075,16.430822773645136
-32.342551,149,458.478503,1.0,0.03924050687148958,663.311286705619,4.089294316486495,4.451753602051134
-169.861291,200,458.623867,0.0,0.7144430415329797,3192.6829230320113,18.441433904832824,15.963414615160056
-52.233724,183,458.766172,1.0,0.0456544286466848,1703.541993907316,10.073880866143924,9.308972644302273
-54.339624,152,458.866808,1.0,0.04924097797919732,369.4908538548165,2.4896490211224442,2.430860880623793
-8.391981,60,458.904677,1.0,0.049943804233285496,182.2225550685121,1.3441320511214054,3.0370425844752016
-36.330379,120,458.983071,1.0,0.04735191525789251,125.94562975390305,0.9186746641324341,1.0495469146158587
-145.833007,200,459.115093,0.0,0.48636305739084906,2068.5042276997874,12.255179765293413,10.342521138498936
-43.787438,182,459.677661,1.0,0.046487443380002186,1659.2508786922667,10.733729123499717,9.116763069737729
-13.415124,101,459.773019,1.0,0.04527627839785271,1109.0980211986966,6.41061834072918,10.981168526719769
-102.906111,200,459.904273,0.0,0.48025385915501484,3112.0364372208305,18.5001484755389,15.560182186104152
-106.310995,200,460.040734,0.0,0.4606014673632722,2932.5407094369416,16.978455186804137,14.662703547184709
-39.447409,200,460.169696,0.0,0.2645229238693275,1383.6942247528461,8.141901961232538,6.918471123764231
-109.096788,200,460.313535,0.0,0.37792615293180865,2106.591084603994,12.644324270935916,10.53295542301997
-45.883465,200,460.454697,0.0,0.1205117229304843,2198.5030094298745,13.806269330577049,10.992515047149373
-137.235852,200,460.588184,0.0,0.4486232786485124,3161.598975255871,17.80660272254974,15.807994876279356
-36.172412,200,460.72478,0.0,0.16707581110942935,2905.4270419060263,17.703254198783913,14.527135209530131
-102.040251,200,460.883248,0.0,0.31522856724081505,2060.829956841623,12.915229924063304,10.304149784208114
-96.599769,200,461.033885,0.0,0.21867909720870093,2637.1068075214525,14.768737758804608,13.185534037607262
-95.391734,200,461.659734,0.0,0.4550899698172518,3325.4419087306237,19.081182140813972,16.62720954365312
-111.804992,200,461.813446,0.0,0.34747973760312495,1997.2327226475497,12.406527692241946,9.986163613237748
-94.776782,200,461.95229,0.0,0.19816946366792632,1758.39972155572,10.596457344109803,8.7919986077786
-129.132116,200,462.085232,0.0,0.3746393609369703,1617.7840043274912,9.462441745169317,8.088920021637456
-32.507453,200,462.216859,0.0,0.1280043441655645,3164.369710258199,18.685878500168723,15.821848551290996
-101.102881,200,462.352819,0.0,0.2375219328808704,2632.802432037909,15.020078713322002,13.164012160189545
-12.480093,103,462.432739,1.0,0.04708538857096904,1474.1466385486426,8.706367478343331,14.312103286880026
-36.242432,200,462.566692,0.0,0.09526445071008877,2442.174046222926,14.64736784533341,12.21087023111463
-84.417284,200,462.701871,0.0,0.3339140483200543,3237.2063953039547,18.9912219590967,16.18603197651977
-130.90243,200,462.832347,0.0,0.4049484799644908,2064.341433765485,11.922707751250819,10.321707168827425
-148.617978,200,463.399926,0.0,0.6236350000423118,2571.039918691944,15.204069783944924,12.85519959345972
-16.011826,116,463.527028,1.0,0.049786922604886014,1675.9685813557642,9.387168392850445,14.448005011687622
-49.247491,179,463.680731,1.0,0.04633018025758563,2294.3349531938916,13.518913710135307,12.817513704993807
-29.269638,101,463.760808,1.0,0.04731985025093945,82.95213417463548,0.6434935630042348,0.8213082591548067
-101.079717,200,463.902821,0.0,0.22241091892464926,2868.6408668899526,15.752011053251158,14.343204334449762
-34.116965,149,464.015046,1.0,0.048793315265762666,1420.9427481986588,8.26791452521359,9.536528511400395
-13.040163,116,464.089455,1.0,0.045598761244678605,1785.2580197700063,9.925095490102676,15.390155342844881
-51.10289,187,464.213102,1.0,0.04888386233906498,2156.7702916693,12.455638905919638,11.533530971493583
-114.125201,200,464.343689,0.0,0.30996359584658334,2185.225777138704,12.95715002778504,10.92612888569352
-104.797244,200,464.50073,0.0,0.2982247150907583,3067.0184885714216,17.67512766214536,15.335092442857109
-116.397941,200,464.632853,0.0,0.32748400371962716,2490.4237777296976,14.415599849526084,12.452118888648489
-101.82906,200,464.767714,0.0,0.2509185105669843,1937.0255278534823,11.589059185661904,9.685127639267412
-78.776484,200,465.304654,0.0,0.13523213432080422,1762.8834253623043,10.609214606543638,8.814417126811522
-36.274587,115,465.413926,1.0,0.04627251098637417,153.31895835317516,1.1846479006234356,1.3332083335058709
-29.029247,135,465.532059,1.0,0.04934681335586317,937.3098513228041,5.805583005149179,6.943035935724475
-164.425046,200,465.664627,0.0,0.7173516636271912,2965.074696148102,17.246705470661947,14.82537348074051
-79.806281,200,465.799588,0.0,0.140253616136993,1764.321836396184,10.549537204646365,8.82160918198092
-27.472426,135,465.89043,1.0,0.047021087358741886,838.741665170295,5.1773974373068326,6.212901223483667
-141.316262,200,466.016999,0.0,0.46465060858746843,3029.6923964404496,17.146532144277117,15.148461982202248
-71.526,200,466.155722,0.0,0.10907766394678088,1525.5187766068002,9.411244277982124,7.627593883034001
-36.05231,129,466.269567,1.0,0.04917041087306488,476.31283853490805,3.093310223937425,3.6923475855419228
-73.388617,200,466.416957,0.0,0.11915466331305835,1043.872180228699,6.063276520079209,5.219360901143496
-106.953601,200,466.580886,0.0,0.42957649562618644,2414.023739177854,14.653407361982351,12.07011869588927
-107.748705,200,466.722167,0.0,0.2812668193157794,2469.4173470324686,14.109078298848292,12.347086735162343
-51.042162,200,467.275663,0.0,0.10753433673460319,2518.183944339776,15.270655870704806,12.590919721698882
-66.784442,200,467.455145,0.0,0.10590806974536734,1890.1522546162996,11.788760337739193,9.450761273081499
-136.83513,200,467.591229,0.0,0.399759155921237,2908.69562319474,16.443908538962564,14.5434781159737
-134.99039,200,467.725873,0.0,0.4741498856852845,1814.8457406100888,11.32056195856446,9.074228703050444
-154.27971,200,467.856629,0.0,0.5425054652072369,2767.1393817087796,16.441064904368535,13.835696908543898
-90.958194,200,467.986611,0.0,0.3232936678569015,2938.785239013402,17.2823382941869,14.69392619506701
-19.65328,120,468.068656,1.0,0.047741732314320294,1308.0256540308035,7.916256836172888,10.90021378359003
-143.718262,200,468.21276,0.0,0.45470491481490216,3113.796975726956,17.507295003201445,15.568984878634781
-13.551778,97,468.289193,1.0,0.04980426202340555,1135.1970839690339,6.678624801883531,11.703062721330246
-48.321046,147,468.417755,1.0,0.0492948327125048,492.8379788395239,3.0342988341965778,3.352639311833496
-56.979775,200,468.560712,0.0,0.06432195055422754,1951.847906176207,11.470991249328815,9.759239530881036
-88.199937,200,468.704714,0.0,0.15642232275199366,1234.2621900248607,7.365959916375749,6.171310950124304
-57.471422,188,469.298697,1.0,0.04886692256511876,2606.6920481455154,14.769509894730927,13.865383234816571
-150.765413,200,469.442447,0.0,0.4699694820127657,2509.8076820473357,14.520271182386757,12.549038410236678
-22.14987,85,469.500179,1.0,0.04834975338419544,63.99435610558665,0.5910921605604893,0.7528747777127841
-137.306566,200,469.640432,0.0,0.5338108351514144,2325.738985133168,14.352189505069529,11.62869492566584
-96.695537,200,469.764611,0.0,0.21473813162318287,2806.979037441579,15.782173272920303,14.034895187207894
-32.019662,200,469.898693,0.0,0.2669739895366536,1932.6967505943244,11.258796016062156,9.663483752971622
-159.557067,200,470.033135,0.0,0.5736225710871337,2878.5132244558786,16.737043391628966,14.392566122279392
-22.280117,130,470.11757,1.0,0.04813326550722103,1738.814041701191,10.399930473133649,13.375492628470699
-24.689895,173,470.22727,1.0,0.04675613220461629,2679.1366509494765,15.32308361787845,15.486339022829343
-41.773629,200,470.355546,0.0,0.2213680055001311,1686.2417990718595,10.51780273481659,8.431208995359297
-25.216189,94,470.422189,1.0,0.04844045893209965,120.22079488294403,0.9116100771678569,1.2789446264142983
-61.105279,200,471.09226,0.0,0.09873416291212184,1859.5848516159092,11.11221362626949,9.297924258079545
-141.680952,200,471.287039,0.0,0.5282987495959317,2741.7626966133084,15.952395426485925,13.708813483066542
-57.370433,200,471.425064,0.0,0.06255240437892008,2886.247004405792,16.326367213437035,14.43123502202896
-87.33805,200,471.562026,0.0,0.1654788944069911,2116.001623966441,12.377620046859738,10.580008119832206
-91.859984,200,471.696743,0.0,0.23221452031086712,2960.8819804727937,16.59049986511855,14.804409902363968
-17.241641,78,471.750711,1.0,0.04841328931937962,80.79708896211075,0.7253941253710737,1.0358601148988558
-145.213774,200,471.874813,0.0,0.4489223782477555,2977.515961608097,16.49530484182241,14.887579808040485
-78.785552,200,472.01274,0.0,0.14808629566648773,3105.400696999573,17.5183710251361,15.527003484997865
-94.607109,200,472.146156,0.0,0.33077592637903674,3152.7304055224863,17.727480607979185,15.763652027612432
-40.625283,200,472.283706,0.0,0.23185516994860367,1350.4509359829926,7.958961389570212,6.752254679914963
-126.122423,200,472.410649,0.0,0.3410057116628056,1209.8020700703132,7.251325625547148,6.049010350351566
-32.85286,154,472.95535,1.0,0.0439134177459673,2023.0296000696835,11.822413313740453,13.136555844608335
-72.588635,200,473.155638,0.0,0.20877339717501192,2971.5345301148,17.39908475943157,14.857672650573999
-33.042778,150,473.2658,1.0,0.04803762514828807,1120.062505542675,6.816577662002211,7.4670833702845
-146.607872,200,473.417012,0.0,0.5888498497748449,2711.5251533336173,16.46276895231076,13.557625766668087
-111.812629,200,473.578029,0.0,0.46690629051077087,2959.263928560519,18.235350768807464,14.796319642802596
-138.633389,200,473.725113,0.0,0.43495776454259066,3055.7566704755113,17.34443588001375,15.278783352377557
-61.841455,200,473.860175,0.0,0.12849571093658008,2504.489102563883,15.376898466030344,12.522445512819415
-130.570693,200,473.997797,0.0,0.36880934792342895,1257.4811721748838,7.405413063087816,6.2874058608744186
-96.839241,200,474.126729,0.0,0.4241728359528387,3054.804960460905,18.13410123717778,15.274024802304526
-32.83595,200,474.255923,0.0,0.3468672753250804,1898.0817408186158,11.13548324957605,9.49040870409308
-118.096767,200,474.382756,0.0,0.4243718854574137,2547.2887291415727,15.291108061915258,12.736443645707864
-49.030906,173,474.9361,1.0,0.04468429904404273,1782.1445024974782,10.552787120668947,10.301413309233979
-37.514401,200,475.120654,0.0,0.2724846807007066,1542.9645039626625,8.936958317215753,7.714822519813313
-27.692334,159,475.229249,1.0,0.047786296164432494,2239.836362000379,12.734854627645506,14.08702114465647
-6.04947,33,475.252109,1.0,0.04877677442182594,209.26945860746824,1.704865692698144,6.341498745680855
-34.376441,200,475.393783,0.0,0.16377974328407147,3171.076512891048,18.544300753650646,15.85538256445524
-62.947346,192,475.531066,1.0,0.04541907676371231,1435.1727470616465,8.585814792778672,7.474858057612742
-111.862752,200,475.685638,0.0,0.3149302418187758,1458.1065077557196,8.618756604965316,7.2905325387785975
-94.786411,200,475.834235,0.0,0.19072346199091728,1854.8610714593653,10.856271062297942,9.274305357296827
-44.969858,200,475.967664,0.0,0.09335423158112875,2011.3311614658046,12.389289929940439,10.056655807329022
-12.335503,97,476.032549,1.0,0.048599303120374596,1243.5387306807631,7.671348569743664,12.819986914234672
-89.087407,200,476.17273,0.0,0.15166585116215153,1929.0183993452256,11.246095009291544,9.645091996726128
-106.229281,200,476.30556,0.0,0.262687127318088,2092.1423613645043,11.912777203781605,10.460711806822522
-33.027187,200,476.878751,0.0,0.32540253533123387,2577.9864462039145,14.574210969981914,12.889932231019573
-34.403663,200,477.055603,0.0,0.26311431485307957,2000.7881695265335,12.02498333613327,10.003940847632668
-101.501158,200,477.19361,0.0,0.32764995015648724,2599.407173569432,15.632729004675769,12.99703586784716
-101.808829,200,477.336962,0.0,0.4184987992099571,2864.200467965678,17.308774894561544,14.32100233982839
-124.171387,200,477.47234,0.0,0.39032241095195275,3001.0515010080358,17.312825527092695,15.005257505040179
-83.58659,200,477.603078,0.0,0.12929449466000628,2168.5392198802624,12.773054110292545,10.842696099401312
-149.17336,200,477.73371,0.0,0.45645004789001103,2756.680758558572,15.735119528736417,13.78340379279286
-70.672083,200,477.864805,0.0,0.18804984139364922,2326.356004991528,13.992618442107322,11.63178002495764
-45.245059,200,477.996741,0.0,0.11194801758233323,2042.7415306204873,12.671100560077328,10.213707653102437
-43.681687,200,478.132853,0.0,0.05265531882677323,2400.106901066766,14.737073669571865,12.00053450533383
-101.356189,200,478.695834,0.0,0.19799120568940082,1404.13912077845,8.052407707046521,7.02069560389225
-44.418001,200,478.902521,0.0,0.16742742067881108,2533.144885148505,14.911587015790882,12.665724425742527
-73.393453,200,479.058715,0.0,0.10270870250382526,1648.5077073268483,9.407283548073714,8.24253853663424
-153.797927,200,479.21555,0.0,0.614844276312951,3042.128515646868,17.352247150261046,15.21064257823434
-82.776856,200,479.348838,0.0,0.22821585947521816,2231.8340695045604,13.58982993465387,11.159170347522801
-39.201419,200,479.494796,0.0,0.2394364630504111,1419.9780602779638,8.034280933427585,7.099890301389819
-34.329609,200,479.638789,0.0,0.3238383103817663,2094.144425097501,12.02031080709644,10.470722125487505
-154.868967,200,479.765818,0.0,0.5027613320790543,2704.799871885219,15.4392569057706,13.523999359426096
-38.338408,200,479.895743,0.0,0.18417042995216806,1849.007267666819,10.821485875195444,9.245036338334096
-42.406656,200,480.024823,0.0,0.15893450894790725,1827.9727555847155,11.520557413481576,9.139863777923578
-58.609181,200,480.565716,0.0,0.10828916654301012,2150.6102461794403,12.994122064733931,10.753051230897201
-33.002002,200,480.765952,0.0,0.3109888918483845,2595.9935089956984,15.05961445018101,12.979967544978493
-59.900913,162,480.868829,1.0,0.048978887754630974,445.51622027838533,2.9861870648072943,2.750100125175218
-62.359426,188,481.007709,1.0,0.04645915198816244,1385.2740030111795,8.175021870666287,7.3684787394211675
-131.477127,200,481.144162,0.0,0.4051806978670246,1673.6798152880597,10.687764581895689,8.368399076440298
-41.486104,161,481.267042,1.0,0.047997423621993045,2202.795172354857,12.312285422693934,13.681957592266194
-30.256799,145,481.370966,1.0,0.04391418579958214,1348.6912963174939,7.662198916951501,9.301319284948233
-18.326426,86,481.432821,1.0,0.04930371749302926,61.39978487032151,0.4280462854421327,0.7139509868642037
-19.601238,143,481.539685,1.0,0.045416734076933536,2173.23545205191,12.184748640833085,15.197450713649722
-41.597384,200,481.701054,0.0,0.18103710958538155,2039.3797171340484,12.718581959949226,10.196898585670242
-41.02596,127,481.799699,1.0,0.047263203873366216,168.81004577386383,1.1020159844605235,1.3292129588493216
-11.614246,100,481.868587,1.0,0.04987853998440847,1405.0084311597536,7.669584270342842,14.050084311597537
-8.892933,83,481.930403,1.0,0.04976483070539686,1261.5246103293043,7.29968350903092,15.19909169071451
-45.076233,183,482.056515,1.0,0.04874192775813923,2913.5489992053804,16.736071703965457,15.921032782543062
-19.483702,140,482.590703,1.0,0.04292747457694734,1965.3619688811773,11.380519516352727,14.038299777722695
-26.529238,131,482.720787,1.0,0.04652808326882007,1506.7011990169315,8.625098129420621,11.501535870358255
-134.373642,200,482.856604,0.0,0.4886146459227653,2733.39287843373,15.797419597147748,13.66696439216865
-49.598411,151,482.956661,1.0,0.04333941623075864,187.3931613691554,1.243981064722474,1.2410143137030158
-125.661942,200,483.083604,0.0,0.30262270564906624,1149.80820592267,7.100963529421409,5.749041029613349
-27.664982,98,483.149684,1.0,0.047654917679276924,98.88192108421335,0.7557666993713646,1.0089991947368708
-27.412562,98,483.215205,1.0,0.04885146264712722,71.24906208970934,0.5235201967314214,0.7270312458133606
-91.026242,200,483.359673,0.0,0.14208961772077633,1527.2575092311138,8.793722406050962,7.636287546155569
-41.520631,200,483.488502,0.0,0.17910365341006748,3211.622307590818,19.526847038224098,16.05811153795409
-40.285887,165,483.595733,1.0,0.046630703935466714,2517.2778430053017,14.150689226341768,15.256229351547283
-62.849445,182,483.715099,1.0,0.04854723363361129,1109.9959373879822,6.580019250831221,6.0988787768570445
-62.319071,200,483.846892,0.0,0.0558104345511387,2873.3355092852894,16.6228930280284,14.366677546426446
-33.272296,200,484.408973,0.0,0.07229663557657127,2927.731643689214,17.057168360981393,14.63865821844607
-43.675084,166,484.556653,1.0,0.04954184628018409,2212.6021970829597,12.92739076324072,13.328928898090119
-120.4101,200,484.706982,0.0,0.40308751070432847,1839.13533712751,11.037703582019555,9.19567668563755
-81.390358,200,484.869965,0.0,0.1350217102854492,1653.8191017923627,9.4133287791866,8.269095508961813
-81.335684,200,485.024447,0.0,0.12277112416375163,1087.6903868156935,6.958668661705142,5.438451934078468
-70.540561,200,485.159652,0.0,0.05418394861817068,1829.5173982971266,10.779209770098932,9.147586991485634
-90.540949,200,485.29053,0.0,0.15591020883718862,2378.6872097726177,13.908429905198574,11.893436048863089
-38.72879,200,485.430928,0.0,0.28043385489689243,1483.1404565373668,8.603068573806622,7.415702282686834
-23.360421,132,485.526163,1.0,0.03874724965526505,1897.7152087496497,10.631871939407864,14.376630369315528
-46.017148,170,485.634065,1.0,0.04939701870833924,2302.863198816308,13.320928086949996,13.546254110684163
-112.867792,200,485.764162,0.0,0.4915074311742533,2913.2454320071206,17.33484225341276,14.566227160035602
-31.320777,200,486.373943,0.0,0.30838021763651224,2336.118322151513,13.463784465284137,11.680591610757565
-69.685089,200,486.546235,0.0,0.06972059494452025,1795.326655323216,10.396995606450798,8.97663327661608
-34.98045,200,486.680952,0.0,0.2336074539336265,1967.61540395187,11.331187196633339,9.83807701975935
-80.111081,200,486.818226,0.0,0.2762503883429494,2693.96499583211,15.795686061115612,13.46982497916055
-52.436805,176,486.938185,1.0,0.04839909455694913,1415.566562084604,8.575950212610625,8.042991830026159
-104.843834,200,487.064496,0.0,0.28578569407201326,2926.523954145743,16.728620162583574,14.632619770728716
-133.796744,200,487.197309,0.0,0.5027117076558425,2290.8100373920424,13.371927320099468,11.454050186960211
-55.211641,182,487.314584,1.0,0.047210017427816255,2610.592996732308,14.646937267532648,14.343917564463231
-145.563525,200,487.480816,0.0,0.5955134879800291,2583.2579785613357,15.396417739921024,12.91628989280668
-46.290018,200,487.641665,0.0,0.09388735908020424,2161.305960409373,13.327432567573346,10.806529802046864
-30.792197,145,487.749866,1.0,0.04249572464988628,1932.204674198025,11.022617073944847,13.325549477227758
-26.936898,200,488.357754,0.0,0.3134809385395824,2786.036404440546,15.989149635306012,13.93018202220273
-115.633417,200,488.517252,0.0,0.2689519205939289,1202.1567734842681,7.228832073362548,6.010783867421341
-41.489052,200,488.647889,0.0,0.2281847308570352,2431.44179123928,15.274445342520446,12.157208956196401
-114.221098,200,488.784615,0.0,0.26225163259209233,949.7685396027492,5.63908980144603,4.748842698013746
-93.198926,200,488.942784,0.0,0.1717201808042968,2841.1204086660246,16.199437574630842,14.205602043330122
-69.882526,200,489.090654,0.0,0.05349245782428002,2758.6374228613195,16.09451672626687,13.793187114306598
-34.983808,146,489.187066,1.0,0.04721212031938483,1131.4207851276137,6.460675219498019,7.7494574323809156
-47.450503,200,489.317596,0.0,0.1457112162765924,3016.7816011102227,17.992883939729946,15.083908005551114
-10.990891,103,489.390664,1.0,0.04631201105517416,1609.7765591661769,9.116095789074807,15.628898632681329
-100.165858,200,489.528334,0.0,0.21297773826413557,1963.7955527590666,11.327890610910238,9.818977763795333
-147.630588,200,489.658771,0.0,0.45683268854208386,2562.8501212303804,14.558231875634041,12.814250606151901
-123.216657,200,490.262978,0.0,0.3273448957281706,1612.540215247184,9.143476351221002,8.06270107623592
-109.209429,200,490.434838,0.0,0.22570774384120304,1303.3996765326856,8.007242622990397,6.516998382663428
-92.572839,200,490.598983,0.0,0.16455114022769,1054.113526338747,6.1199357248203565,5.270567631693735
-29.304382,200,490.736621,0.0,0.26856815530677103,3037.203343024384,17.43285959405047,15.186016715121921
-121.687675,200,490.866756,0.0,0.2430693210192564,870.8479241305554,5.354679750222087,4.354239620652777
-118.454805,200,490.999582,0.0,0.23777973194153754,842.2458320987423,5.014719956141863,4.211229160493712
-66.04098,200,491.135767,0.0,0.2805125080146081,2900.6798901867646,17.055279256840183,14.503399450933824
-63.435771,200,491.267119,0.0,0.09058465787480566,2827.5053408400995,15.572088383802747,14.137526704200498
-123.17839,200,491.403105,0.0,0.3315657851242465,2958.8216009478388,17.563857691218935,14.794108004739194
-22.185225,127,491.492168,1.0,0.03970231474672068,1888.5901806355982,10.806451089571198,14.870788823902348
-30.624379,200,492.049555,0.0,0.2874336595971097,2558.689955513547,14.685275349286998,12.793449777567735
-83.055853,200,492.248255,0.0,0.13193948807975636,2556.8812612191346,14.781016126002271,12.784406306095672
-144.003732,200,492.378695,0.0,0.631111796849372,2690.5588768518433,15.966959928802416,13.452794384259215
-29.186439,200,492.522803,0.0,0.2972045535695618,2677.774973594005,15.36252233955187,13.388874867970026
-33.448154,200,492.652369,0.0,0.314127200524148,2207.2116986147116,12.037957769973264,11.036058493073558
-32.862585,200,492.793643,0.0,0.30772576252145845,1761.7953463629972,10.322124034569322,8.808976731814987
-81.795152,200,492.927709,0.0,0.15899648205611547,919.626623136908,5.604126346493016,4.59813311568454
-149.382175,200,493.075906,0.0,0.4627043191033062,2911.1457037890136,16.711262520804222,14.555728518945068
-12.575798,63,493.118227,1.0,0.045968487441589746,54.37293502418364,0.5124517961899743,0.8630624607013276
-29.360472,200,493.24563,0.0,0.33256803134388613,2147.188395162107,12.195785523960323,10.735941975810535
-17.119597,130,493.332754,1.0,0.04589350304962341,1798.8605120257748,10.577962368534196,13.837388554044422
-70.19692,200,493.465673,0.0,0.09798599719906824,1912.7885626793488,10.856643515860727,9.563942813396745
-69.02291,200,494.145732,0.0,0.07330203560907081,3018.7184495928354,17.10351781279853,15.093592247964176
-38.686449,200,494.299576,0.0,0.13867050460012992,2960.1046887869893,17.117494000662,14.800523443934946
-28.674215,146,494.403115,1.0,0.04896699709595705,1051.982442369995,6.284253035025025,7.205359194315034
-91.532937,200,494.538578,0.0,0.145467013369662,2763.3507505854736,15.710370827996314,13.816753752927369
-69.966381,200,494.678563,0.0,0.09511676524989568,2873.189247537712,16.984890206652427,14.365946237688561
-109.435546,200,494.808653,0.0,0.2877468644674506,2918.0498061066355,15.904087593537314,14.590249030533178
-80.819012,200,494.951956,0.0,0.10052129915460362,2495.640526968493,13.845354517071923,12.478202634842464
-135.932689,200,495.094357,0.0,0.4535721980571508,3008.8834499443374,16.973465834993934,15.044417249721686
-35.440217,200,495.222919,0.0,0.24138825050693066,1812.893147428434,10.643056806546301,9.06446573714217
-62.843074,190,495.352935,1.0,0.04719701286086134,2330.371339203138,13.479582628514784,12.265112311595464
-54.569878,177,495.910632,1.0,0.04980024508262619,1165.5644723334494,6.522341594700366,6.58511001318333
-35.173167,118,496.020967,1.0,0.047552732380512185,76.28847327385323,0.5769295396162609,0.6465124853716375
-85.950894,200,496.175497,0.0,0.13464372010453424,3202.740827077186,18.26134294669086,16.013704135385932
-74.020098,200,496.309402,0.0,0.11629489533112927,904.1311051130854,5.1774512765420155,4.520655525565427
-54.746364,171,496.423959,1.0,0.048172271405625106,878.2960254345467,5.184640667470821,5.136234066868694
-159.719664,200,496.558553,0.0,0.7029630024907956,3029.2649178107413,17.994760052911808,15.146324589053707
-59.981913,200,496.694505,0.0,0.0568974870445251,2632.995878515327,14.800886750304507,13.164979392576635
-85.722292,200,496.823176,0.0,0.1307458038236167,1797.873790141952,10.432272629446256,8.98936895070976
-44.473128,200,496.954818,0.0,0.2172318118281304,1358.735402356601,7.780148392033879,6.793677011783005
-79.038792,200,497.093462,0.0,0.09550387831546577,2986.2912651663482,16.76643072362386,14.931456325831741
-44.995477,168,497.209597,1.0,0.04998930411662121,1588.8143035178107,8.908897329720435,9.457227997129825
-55.735116,200,497.816653,0.0,0.2348117746330455,2852.824927733991,16.434368902059656,14.264124638669955
-77.43483,200,498.016166,0.0,0.11455248473041411,2332.2985065787966,13.69894284429716,11.661492532893982
-129.209919,200,498.152338,0.0,0.3560161384604926,2064.9864420326594,12.259598564117343,10.324932210163297
-33.109235,200,498.289808,0.0,0.31148434534202524,1738.9486472844183,10.110925339231402,8.694743236422092
-43.133204,167,498.400632,1.0,0.04597785350575134,2476.4740976238627,14.284338829598711,14.829186213316543
-138.782148,200,498.529957,0.0,0.5103081913459875,2030.7286058859327,12.290553020774704,10.153643029429663
-139.576942,200,498.661264,0.0,0.5044037514421084,2296.642462952982,14.075716998781424,11.48321231476491
-73.072616,200,498.793501,0.0,0.07374919972390553,3036.372593225877,17.294206494233237,15.181862966129385
-31.281107,142,498.886621,1.0,0.047174853352547605,1060.7227912459289,5.978607081113775,7.469878811591048
-82.563106,200,499.019829,0.0,0.09099921559326472,1073.9148567111904,6.507703505189874,5.369574283555952
-12.421912,69,499.064869,1.0,0.048807564379737385,111.94315142208195,0.8645837306504007,1.6223645133635065
-70.222345,200,499.199861,0.0,0.0802412967612457,1541.9661071546216,8.729562576421262,7.709830535773108
-83.008368,200,499.837296,0.0,0.10505703634876457,2889.2419437681024,16.062610705728734,14.446209718840512
-77.759166,200,500.003522,0.0,0.10255173036401344,2978.314313895458,17.106776393708117,14.89157156947729
-38.338846,200,500.139143,0.0,0.238744874212091,1501.973184571132,8.392392332245237,7.50986592285566
-31.567952,143,500.233628,1.0,0.047982837334144435,1861.5879873592717,10.224030572940384,13.0180978137012
-41.861737,200,500.363011,0.0,0.10699984060783999,2830.849777521693,16.392495913238765,14.154248887608464
-39.897874,157,500.466193,1.0,0.04634197493129399,1588.2886235561289,9.59402740026459,10.11648804812821
-45.755931,167,500.57195,1.0,0.047113969519138696,2138.533202713668,12.321123488402105,12.805588040201604
-149.551227,200,500.700038,0.0,0.648718156277473,2880.3118121493835,16.98620846644605,14.401559060746917
-73.37009,200,500.835321,0.0,0.10993489488730172,2408.156365304354,14.041096510726668,12.040781826521771
-33.738487,149,500.934742,1.0,0.04829232967289237,1528.4444638585871,8.775912859408276,10.258016535963671
-124.944252,200,501.065629,0.0,0.3342650237911757,2777.9190415115127,15.430136365536486,13.889595207557564
-12.405587,114,501.623197,1.0,0.04496479285266744,1333.4711555360261,7.880085028766986,11.697115399438825
-42.984836,200,501.818275,0.0,0.16546711484258395,2208.903784571192,13.326812672002637,11.044518922855959
-98.895262,200,501.952068,0.0,0.2394858637447243,3277.8751811296784,18.56855054615335,16.389375905648393
-30.934607,200,502.101272,0.0,0.3085883012308036,2924.9799200089374,15.944496351301103,14.624899600044687
-37.53496,200,502.235799,0.0,0.26416123875654135,2800.892490478677,16.27839009669863,14.004462452393383
-65.692593,193,502.358936,1.0,0.04995193492890421,1461.6103435256955,8.591446797338701,7.573110588216039
-70.946527,200,502.490169,0.0,0.07010516381065222,2113.4238762092978,12.216777970948526,10.567119381046489
-96.911018,200,502.626986,0.0,0.34034520778676225,2526.9219301352773,15.382341972005504,12.634609650676387
-49.28062,200,502.763695,0.0,0.28491063068213907,2045.2932137216474,12.687589688539408,10.226466068608238
-117.452853,200,502.89051,0.0,0.28691044863746035,2997.8382039038165,17.365483796293148,14.989191019519083
-110.208774,200,503.019657,0.0,0.1794868868861609,662.6058998355484,4.123860299435606,3.313029499177742
-44.286824,200,503.61572,0.0,0.1124214412041318,3031.6236987197544,17.093080076257582,15.158118493598773
-40.899034,129,503.713943,1.0,0.049381668095662044,83.20233208107855,0.6459955417918813,0.6449793184579733
-79.625129,200,503.859218,0.0,0.09149496144085352,2097.3386090659315,11.88755775852477,10.486693045329657
-31.811789,140,503.955763,1.0,0.049925495536401875,1571.555787479445,9.114787966776909,11.225398481996034
-97.683287,200,504.102988,0.0,0.18436760465271015,2775.2318127831845,15.769503270904801,13.876159063915923
-42.393776,200,504.253723,0.0,0.27188604844141473,1068.9323457720511,6.6679926148016815,5.344661728860256
-148.735887,200,504.404068,0.0,0.4553944874065128,2506.0708914807337,14.407126909822454,12.530354457403668
-37.600155,200,504.536629,0.0,0.3010906852348354,1602.7083950874166,9.127537379697431,8.013541975437084
-82.240203,200,504.67301,0.0,0.11544389547248345,1684.893207137035,9.581517468877886,8.424466035685175
-68.489351,200,504.809641,0.0,0.06199141737783828,1797.742327813817,10.46596132887468,8.988711639069084
-128.464026,200,505.358957,0.0,0.46183210294718,2341.955070150546,14.03169445043982,11.709775350752729
-39.953085,166,505.52574,1.0,0.048502453879180736,1353.016153538802,7.731668932931168,8.150699720113264
-22.23316,91,505.594597,1.0,0.04881649869528769,33.73315530497189,0.28812706036744923,0.37069401434035043
-81.13146,200,505.735537,0.0,0.26525559593251813,2619.1904865215506,15.708285370401788,13.095952432607753
-55.39655,185,505.864346,1.0,0.04629911900766156,2659.2635897626424,14.90835532576684,14.37439778250077
-47.131405,170,505.992973,1.0,0.048434191603428954,2351.255412088451,13.295285365508379,13.830914188755594
-41.482628,200,506.128942,0.0,0.12466136974062111,2394.6970997578633,14.006871371900445,11.973485498789316
-157.065429,200,506.274306,0.0,0.5892327878371654,2815.544274985371,15.670673142468681,14.077721374926854
-52.623837,178,506.39582,1.0,0.045363375119897076,2651.432177682602,15.260612116688872,14.89568639147529
-85.832347,200,506.538806,0.0,0.11335167071311361,2698.292635753675,14.966753530561554,13.491463178768374
-149.318048,200,506.687003,0.0,0.5385835489305405,2611.9993247692305,15.358214520964628,13.059996623846153
-42.583731,163,506.807509,1.0,0.04353231096413869,1280.5462574486,7.501256634055627,7.856112008887117
-142.99584,200,507.399696,0.0,0.5471809331440943,2421.9030839297607,14.685280371969723,12.109515419648803
-138.950169,200,507.569389,0.0,0.3990788954418728,2924.1573898964616,16.643381498437808,14.620786949482309
-82.346663,200,507.695627,0.0,0.1413051400944095,1244.3460220304787,7.285566807544216,6.221730110152394
-94.640559,200,507.825534,0.0,0.19201416654322986,3134.2210553143127,17.666280954538447,15.671105276571563
-109.978934,200,507.955516,0.0,0.2677946374087378,1973.928549498918,11.698974541110756,9.86964274749459
-36.597801,200,508.083622,0.0,0.2756674190216543,1708.0550857559099,9.887686752689126,8.54027542877955
-44.054517,200,508.215935,0.0,0.1561021968856858,1494.0605482697465,8.474794630014117,7.470302741348733
-93.842894,200,508.365432,0.0,0.2535687932380511,2890.2683860567727,16.473074206138268,14.451341930283863
-149.992428,200,508.497586,0.0,0.6043100250987768,2871.3684752464064,17.507948051708038,14.356842376232033
-15.755604,71,508.544733,1.0,0.04954182918272018,25.26556361540038,0.2213853419239964,0.355853008667611
-114.729094,200,508.676905,0.0,0.3560467263585456,1605.602522293959,9.869929090011485,8.028012611469796
-32.079264,200,509.368591,0.0,0.2751752098799677,2163.3616432680574,12.555829106262994,10.816808216340286
-7.291279,32,509.399681,1.0,0.04268852326338161,100.27677299277909,0.9277823820830272,3.1336491560243465
-52.938074,200,509.541082,0.0,0.09875286538665848,2808.444883723833,16.60621177015917,14.042224418619163
-52.502086,190,509.670201,1.0,0.049233412796140484,2582.4429394020212,15.281109946630492,13.591804944221165
-53.010408,200,509.800648,0.0,0.07892380762188787,2157.3988517858397,13.49055359029813,10.786994258929198
-53.684635,187,509.924764,1.0,0.0492007469667526,1512.001567150201,9.855054020875418,8.085569877808561
-71.114552,200,510.057252,0.0,0.12086663948752414,1813.3317328966814,11.176742580740697,9.066658664483407
-127.760707,200,510.196432,0.0,0.41889204052398626,3130.646353314459,18.131808597835,15.653231766572294
-89.952403,200,510.329293,0.0,0.14930093527770918,2110.2812658224393,12.38804981795567,10.551406329112197
-19.189256,122,510.420867,1.0,0.04539926896658621,1445.2043072499982,8.288093729073518,11.845936944672117
-95.946482,200,510.555927,0.0,0.3359751168382836,2379.73315393713,13.946552261800049,11.89866576968565
-43.968285,200,511.109586,0.0,0.14803417263741994,2408.2949536410856,14.778193068649934,12.041474768205427
-9.492826,90,511.194063,1.0,0.04946509856914572,1208.879771749765,7.03398784723303,13.431997463886278
-48.078971,200,511.355717,0.0,0.1022856962102512,2456.854118540705,14.332965230610393,12.284270592703525
-29.836437,200,511.485626,0.0,0.279599763422171,2945.219589281887,16.77627529016856,14.726097946409434
-59.333595,177,511.610683,1.0,0.049530807454679256,906.8581605172525,5.514614008173385,5.1234924323008615
-32.855126,200,511.740653,0.0,0.28537105866609047,2225.2386602113056,13.08783002643815,11.126193301056528
-43.738569,166,511.851202,1.0,0.04982436350452007,2503.053681425551,13.531059557134721,15.078636635093682
-121.287762,200,511.980718,0.0,0.31871381429041623,1695.1307000466757,9.810293468952583,8.475653500233378
-113.238484,200,512.113238,0.0,0.27880224205076704,2997.8687762598356,16.903813808694114,14.989343881299177
-114.8438,200,512.247195,0.0,0.28340803911427803,2817.3294778414233,16.278257610747012,14.086647389207117
-59.860949,187,512.370909,1.0,0.048510604088414414,1246.6344341218191,7.048184038412144,6.66649430011668
-137.37945,200,512.531907,0.0,0.4166074462208664,2802.240380963324,15.896340885809327,14.01120190481662
-40.098158,163,513.200597,1.0,0.04745397597924538,1109.4245498093012,6.993526913596236,6.806285581652155
-119.497707,200,513.352126,0.0,0.3010066565848162,2596.9320446418005,14.803875084196955,12.984660223209003
-67.465699,200,513.484601,0.0,0.05978245748460792,2365.132540656982,13.769927066576118,11.82566270328491
-97.065255,200,513.617828,0.0,0.18262299186591668,1925.7870369590637,11.166750070970352,9.628935184795319
-80.351333,200,513.748396,0.0,0.07506782450443093,1284.637545180725,7.540929162403728,6.423187725903626
-14.393101,98,513.81087,1.0,0.04124600732991236,1362.2252820267495,7.99534405436541,13.90025797986479
-68.812246,200,513.946675,1.0,0.04951243180723355,2824.5853709243524,15.665655522394493,14.122926854621761
-111.66752,200,514.075782,0.0,0.279527399986609,3006.34151582792,16.5444665200845,15.0317075791396
-113.98166,200,514.215648,0.0,0.2798694703433424,1511.6342746764683,8.428549904567689,7.558171373382342
-71.846819,200,514.356767,0.0,0.1476127526102949,2273.1975741046012,14.013062270194055,11.365987870523007
-36.909258,200,514.930742,0.0,0.3003957166196572,1613.969462869706,8.995094023799023,8.069847314348529
-41.320003,200,515.128204,0.0,0.1566172642550606,2692.209861304096,16.23798343304349,13.461049306520481
-83.510148,200,515.268248,0.0,0.4063394386936137,3306.2390643717736,18.822741722390962,16.531195321858867
-102.53029,200,515.40062,0.0,0.17616970143763053,1383.904444662089,8.21520418396861,6.9195222233104445
-29.221362,200,515.532844,0.0,0.3139371794096616,2174.8787230216108,12.238429837592317,10.874393615108055
-41.496484,200,515.669125,0.0,0.24629212362608233,1087.7243421244061,6.23912538377655,5.438621710622031
-134.577767,200,515.809628,0.0,0.5558063571620547,2664.0469391272522,16.06332979135803,13.32023469563626
-111.705884,200,515.968278,0.0,0.25538346316567423,992.8738217459393,5.839005759504078,4.964369108729696
-69.593425,200,516.12142,0.0,0.20641885637754215,2348.9849640500925,13.714069200040143,11.744924820250462
-13.262891,65,516.169691,1.0,0.04709345820201414,32.520106890125064,0.2572819069226766,0.5003093367711549
-40.882826,200,516.300565,0.0,0.22326091214487162,1248.699223634371,7.319353687179826,6.243496118171855
-108.150554,200,516.865546,0.0,0.3856929148708763,2495.541907521605,14.836713067740295,12.477709537608025
-94.429837,200,517.068864,0.0,0.19266854041635087,2168.6769645263576,12.775498869077131,10.843384822631787
-99.155074,200,517.202732,0.0,0.20756937759410574,2016.1814557462938,10.72426820853627,10.080907278731468
-32.843149,200,517.345558,0.0,0.30177280177685045,2130.3232968386787,11.902013653378518,10.651616484193394
-17.518731,113,517.417744,1.0,0.04870950531938039,1748.679297654859,9.97336453747717,15.475038032343885
-110.044495,200,517.551244,0.0,0.266685191740698,2656.364602942578,15.41469370261226,13.281823014712892
-43.27284,200,517.686802,0.0,0.3047683557045021,2811.3493193269687,15.84420830621467,14.056746596634843
-53.290025,173,517.798543,1.0,0.049967480046362076,881.7523706212651,5.212702372984228,5.096834512261648
-89.387464,200,517.927766,0.0,0.2664510831507967,2081.88868554249,12.909013971985097,10.40944342771245
-29.293034,141,518.02204,1.0,0.049115619657602874,1956.6658324108373,11.192846412345975,13.877062641211612
-37.322653,200,518.151298,0.0,0.26249905367473764,1450.10046398528,8.047047313441029,7.2505023199264
-61.347132,200,518.758468,0.0,0.07759498532886994,2937.2530788212503,15.945783033315774,14.68626539410625
-116.462022,200,518.96409,0.0,0.38884918765322873,2460.7785561556475,14.567210850580496,12.303892780778238
-87.520178,200,519.100088,0.0,0.3698223179650859,2712.1625874810143,16.18632916262765,13.560812937405071
-129.746445,200,519.278894,0.0,0.35249360818490766,1162.1683575757909,6.826910001565181,5.810841787878954
-116.066536,200,519.42022,0.0,0.29613637236905277,1733.299574447456,9.803037578473132,8.66649787223728
-119.127126,200,519.553129,0.0,0.3010795582643902,2102.6605947922462,12.207295254464439,10.513302973961231
-111.383783,200,519.686598,0.0,0.34996949606704003,1891.4756534536425,11.886766795428166,9.457378267268213
-29.195687,143,519.784277,1.0,0.04392586490780238,827.0072986773798,4.8771012312569715,5.78326782291874
-41.331926,200,519.913545,0.0,0.333509608386234,2943.2231083571874,16.677439196413246,14.716115541785937
-60.081128,200,520.046799,0.0,0.10668455194970744,2199.3049260860016,13.417870586415729,10.996524630430008
-68.414853,200,520.18697,0.0,0.1076897895535202,2158.609291846207,12.423754624009394,10.793046459231034
-78.403914,200,520.772157,0.0,0.20347224482502327,2252.3235089978257,13.70581039140366,11.261617544989129
-105.730058,200,520.940932,0.0,0.25554274018152734,1801.823060210873,10.36280684797623,9.009115301054365
-159.866564,200,521.086554,0.0,0.7079071828837529,3215.9040456967755,18.65983651868452,16.079520228483876
-97.604747,200,521.214652,0.0,0.26816724988786844,1961.692772499095,12.133766657159997,9.808463862495476
-8.931152,81,521.270934,1.0,0.049057709034223525,1007.4051605977652,5.861124981497033,12.437100748120558
-130.677456,200,521.406737,0.0,0.3656036179752607,1771.5597416274795,10.386620526405041,8.857798708137398
-110.474748,200,521.558789,0.0,0.2631347410312118,2408.4152817191075,13.508041387176148,12.042076408595538
-14.36046,69,521.608478,1.0,0.04647949199767677,39.845032309957844,0.367176397679513,0.5774642363762006
-51.016513,180,521.747243,1.0,0.049132497939050376,2013.7272306437494,11.858874037695848,11.187373503576385
-120.471989,200,521.905585,0.0,0.31892007832764707,2860.599848739414,15.618041650271586,14.30299924369707
-48.768547,135,521.993625,1.0,0.04716970804572417,77.60901418309369,0.6069573171766873,0.5748815865414347
-39.826684,200,522.130954,0.0,0.2519648050492279,1358.7014254685014,7.612374086872476,6.793507127342507
-36.306965,200,522.716918,0.0,0.4029114148394236,2825.7065285415765,15.966678302471518,14.128532642707883
-37.516412,167,522.858989,1.0,0.048048212050907445,2323.4693081295604,13.127053653153048,13.912989869039285
-43.108636,200,523.005903,0.0,0.14068213765280632,2008.028188434531,11.94509111999238,10.040140942172656
-56.536369,200,523.135569,0.0,0.10369826194963411,1637.2449979584,9.136630167056865,8.186224989792
-31.232248,200,523.262329,0.0,0.2711180467015044,2127.1613490873497,12.495472934771572,10.635806745436748
-28.722906,136,523.349964,1.0,0.049827494414712147,1351.5150265935486,7.907061621000403,9.937610489658445
-32.968647,200,523.479621,0.0,0.358900207209475,2111.072220099837,11.736314722085242,10.555361100499185
-19.877759,120,523.564677,1.0,0.04948559816411037,1773.667202169053,9.875524492606626,14.780560018075443
-152.950251,200,523.700266,0.0,0.7381185550538162,3238.0815874186464,19.626007300325497,16.190407937093234
-80.88503,200,523.834589,0.0,0.14677142860447123,3069.6090046210593,17.225386354758886,15.348045023105296
-102.464142,200,523.962411,0.0,0.22751740900318412,1380.239135334814,8.315469483907552,6.901195676674069
-28.025488,133,524.482418,1.0,0.04782046650660376,500.69319604332463,3.1965883613145625,3.7646104965663505
-158.967038,200,524.690588,0.0,0.653709371014671,2853.085715169463,16.713324877248642,14.265428575847316
-65.614761,200,524.830834,0.0,0.1467544369814398,2280.461974122717,14.360421410162731,11.402309870613585
-41.215056,200,524.973042,0.0,0.22260846303854728,2739.3640408197875,16.156275014162368,13.696820204098938
-143.776756,200,525.115585,0.0,0.4304561162722732,2153.4521095094387,12.576975537203731,10.767260547547194
-66.623271,200,525.256249,0.0,0.08984833788213378,1507.253649785024,8.49858713698989,7.53626824892512
-130.542341,200,525.388984,0.0,0.3313339508122093,739.8400428988208,4.452686486697518,3.699200214494104
-33.376034,200,525.518687,0.0,0.3207185327383209,2025.9493064425567,11.202054583173569,10.129746532212783
-93.270132,200,525.646561,0.0,0.1748930700211756,2506.572100159711,14.025087700348104,12.532860500798556
-32.910187,154,525.768097,1.0,0.049783971987905906,1360.9781160392035,7.679850998222797,8.837520234020802
-77.121276,200,525.904982,0.0,0.1115673617404175,3129.644111954125,17.213188719402027,15.648220559770625
-72.576669,200,526.495552,0.0,0.10195525688020173,1284.674104096366,7.562404972729772,6.423370520481829
-103.280689,200,526.658176,0.0,0.2948306284491209,1662.9947811786924,10.330743836182572,8.314973905893462
-118.049676,200,526.78689,0.0,0.275072447691477,1014.4688628581803,6.055032403216044,5.072344314290901
-54.319227,179,526.905004,1.0,0.04902467819076466,2075.54722710581,11.846831969426791,11.59523590561905
-87.639849,200,527.039548,0.0,0.12270362803230736,724.3523302946447,4.123409131849212,3.6217616514732236
-137.057655,200,527.18294,0.0,0.4185475990015527,3106.251604810169,17.11748862852087,15.531258024050844
-93.885812,200,527.326665,0.0,0.16939585672008267,2741.0783173319824,15.367870862848232,13.705391586659912
-36.853048,200,527.477747,0.0,0.33572992992369616,1440.3946741412706,8.137525444151663,7.2019733707063525
-98.447495,200,527.627541,0.0,0.3022321601672676,2296.208300610323,14.082280892146548,11.481041503051616
-103.087379,200,527.760415,0.0,0.1502868990189781,760.4297944735545,4.588450269064264,3.8021489723677724
-49.028886,200,528.34859,0.0,0.16071073047776402,2178.9599315038226,13.048294000803374,10.894799657519114
-70.857825,200,528.53417,0.0,0.06031195451365146,2707.8566475578077,14.828062245389711,13.53928323778904
-117.092074,200,528.667053,0.0,0.2984331682801071,853.4672351793646,4.753188658878777,4.267336175896823
-97.947429,200,528.815672,0.0,0.20778412981619143,1078.713134208453,6.277032493901236,5.393565671042265
-55.700469,200,528.942194,0.0,0.3247776920558183,2204.5053670605425,13.155894698217272,11.022526835302713
-8.028295,36,528.970785,1.0,0.04776420683332094,154.22317043283104,1.2468460358258013,4.283976956467529
-40.603014,200,529.102417,0.0,0.3459039269614978,2730.2199829498777,15.66875227850769,13.651099914749388
-77.413767,200,529.243602,0.0,0.1270713622356785,1928.651577699768,10.932893804166646,9.643257888498841
-120.388089,200,529.375595,0.0,0.38584666687515035,1753.806945245646,11.2645378573079,8.769034726228229
-39.496167,200,529.508578,0.0,0.31211658888681754,1372.9035679733204,7.629798493028309,6.864517839866602
-111.250675,200,529.646654,0.0,0.2590753664821208,2989.3779291642363,16.38195401575189,14.946889645821182
-14.873111,69,529.693203,1.0,0.0473030504467506,25.246952392341154,0.22119922969062686,0.36589786075856745
-17.306927,126,530.273212,1.0,0.048070227016206515,1719.8447370909762,10.036116468112269,13.649561405483938
-130.421484,200,530.461316,0.0,0.3621635139612548,1850.9247363529696,10.464596947486818,9.254623681764848
-129.435122,200,530.597686,0.0,0.3532739697006887,1167.1180224959146,6.539926854734638,5.835590112479573
-125.679626,200,530.733799,0.0,0.42663910717512443,1735.3709952366105,10.843624121724975,8.676854976183053
-53.225674,200,530.866124,0.0,0.16879899467289003,2211.833849849771,13.497806518257365,11.059169249248855
-42.994357,168,530.976749,1.0,0.046891140182320934,2130.2810935245916,12.87572262239093,12.680244604313046
-125.804545,200,531.112736,0.0,0.3154918805892882,1112.7094938463495,6.371027406791537,5.5635474692317475
-64.546314,192,531.270657,1.0,0.048967683498521576,1646.974994964416,9.465316391981736,8.577994765439668
-127.512302,200,531.403564,0.0,0.5384397074851567,3036.85625069004,17.57308528102153,15.1842812534502
-8.409279,51,531.436652,1.0,0.04638372026849799,25.079451384808102,0.21952421959030105,0.4917539487217275
-58.138291,200,531.568171,0.0,0.21996819972885762,2322.677206293646,14.129599037724429,11.613386031468231
-40.380816,200,532.114752,0.0,0.19014673416977398,2672.4434190767174,15.019600287762483,13.362217095383587
-93.070273,200,532.303551,0.0,0.14053651510317408,1243.59005223127,7.488427915474923,6.21795026115635
-115.69655,200,532.466996,0.0,0.27664796105651807,2686.892301586003,15.010988025646201,13.434461507930017
-6.81413,29,532.487347,1.0,0.03910312510570291,71.09080231168463,0.6359337416149217,2.451406976264987
-46.963076,148,532.605875,1.0,0.049409704190431135,540.8534657293301,3.313064032416185,3.65441530898196
-25.099321,136,532.705798,1.0,0.042540086369538,1596.109415380127,8.77113835201412,11.736098642500934
-109.447849,200,532.845334,0.0,0.5160176545065106,3055.816690801728,17.943309945124017,15.279083454008639
-154.578378,200,532.978963,0.0,0.4884784072660792,2920.9630892879713,16.5063325384341,14.604815446439856
-8.512196,37,533.008865,1.0,0.041415880486233785,137.022741440095,1.2841520725720703,3.7033173362187837
-54.178043,200,533.14432,0.0,0.23176907264443614,1516.0623442857727,9.652969553093515,7.580311721428863
-83.739699,200,533.279792,0.0,0.1708235109352846,2848.9562077722394,16.701618592633913,14.244781038861197
-94.304323,200,533.424424,0.0,0.22928750058157846,2913.4501213550066,16.623269668178665,14.567250606775033
-132.463138,200,533.554992,0.0,0.41738102372549796,1348.2221527717534,8.218369013265383,6.741110763858767
-55.574691,200,534.136748,0.0,0.1661984064203503,2572.461010727618,15.463872457969055,12.86230505363809
-86.783269,200,534.302847,0.0,0.1305601442020913,2847.814809874449,16.003620403554745,14.239074049372245
-83.131451,200,534.434717,0.0,0.19579225143477913,1379.7520703569899,7.501738048195379,6.898760351784949
-84.1604,200,534.571483,0.0,0.19848922466403918,1851.127983504161,11.68784055989817,9.255639917520805
-58.401809,196,534.712753,1.0,0.04798131536278393,2826.9707964472095,15.442246680590037,14.423320390036784
-105.556412,200,534.85093,0.0,0.28261839072382083,1402.5289892402207,8.894476976963523,7.012644946201103
-12.455104,99,534.916773,1.0,0.04427685433951035,965.7549210067891,5.613391797493177,9.75510021218979
-12.16853,101,534.993799,1.0,0.04501211040377319,1186.5962723124567,6.826558419197152,11.74847794368769
-99.436765,200,535.136451,0.0,0.22846491868970148,2051.332573262037,11.675002984441255,10.256662866310185
-42.456677,200,535.273061,0.0,0.17846992064334422,2541.933516952126,15.374264849992427,12.70966758476063
-108.057434,200,535.418727,0.0,0.25318123678585225,1420.2467324298639,8.019280119409714,7.101233662149319
-65.603445,200,536.000659,0.0,0.27247211303950336,2512.4876042950564,14.567627884309323,12.562438021475282
-30.575593,143,536.144266,1.0,0.04853209805491401,1281.2557678369096,7.300400653660189,8.959830544314054
-13.59605,97,536.209848,1.0,0.04816793190277738,778.2609757519633,4.410570329223979,8.023309028370756
-94.145476,200,536.34242,0.0,0.20520035509143686,1194.787976572517,6.7409320111107345,5.9739398828625845
-139.743801,200,536.486302,0.0,0.3943186674781399,2481.0585287938534,14.260240012599773,12.405292643969267
-71.789957,200,536.617546,0.0,0.10316623764645515,1433.6583359981241,8.279844602925705,7.16829167999062
-102.031547,200,536.76304,0.0,0.16915038481691066,835.8117565964367,5.191359079112764,4.1790587829821835
-117.684561,200,536.898871,0.0,0.3086110099318888,1392.6642003301852,8.29152022237353,6.963321001650926
-54.860363,185,537.022296,1.0,0.04998475299883761,1591.3016646432934,9.152287233389888,8.601630619693477
-82.655265,200,537.154334,0.0,0.1240841838746729,2521.039078437348,13.70953247121966,12.60519539218674
-67.66353,200,537.294335,0.0,0.08436788085744407,2172.9478668258744,12.132081673041135,10.864739334129371
-39.523326,160,537.393599,1.0,0.04725121501608617,1373.4015986535442,7.684038671786896,8.583759991584651
-62.966485,200,538.002134,0.0,0.07872632883319614,1714.7576429986032,9.16204562638782,8.573788214993016
-126.363359,200,538.157707,0.0,0.3303202676021867,2734.924529928731,15.652964783775824,13.674622649643654
-52.020757,200,538.323218,0.0,0.25271730777127244,2872.9254183123594,16.84788128566014,14.364627091561797
-34.629303,112,538.412091,1.0,0.04911397225016898,68.46358706687715,0.4986117218475537,0.6112820273828318
-112.773106,200,538.561946,0.0,0.2616975536074191,2509.2156118438847,14.085119547460812,12.546078059219424
-135.392808,200,538.692096,0.0,0.45941824407326215,1669.21864145261,10.191845367591306,8.34609320726305
-114.314293,200,538.829729,0.0,0.28059444034116227,1542.101992340762,8.815998497352703,7.71050996170381
-91.550892,200,538.958163,0.0,0.2084980381375046,2103.4540959882675,12.037074201981085,10.517270479941338
-138.805502,200,539.088898,0.0,0.620552056400224,3112.192912939968,18.379322479628655,15.560964564699841
-133.923513,200,539.218674,0.0,0.3811852656174501,2253.912831389472,13.193659517577936,11.26956415694736
-45.951791,131,539.312818,1.0,0.04984303932855835,77.44858124005913,0.5114638083243583,0.5912105438172452
-57.156224,185,539.888615,1.0,0.04845566435171538,2249.790453137079,13.005490731425294,12.161029476416644
-114.837805,200,540.032963,0.0,0.2653456822479748,1465.9463998861067,8.384394268366465,7.329731999430534
-38.711815,200,540.164505,0.0,0.2805376189461978,1271.2341823562142,7.224815408684973,6.356170911781071
-140.594313,200,540.300546,0.0,0.4124202642367755,1570.6706883258555,9.30786289522052,7.853353441629277
-116.345107,200,540.43729,0.0,0.28316011536780367,2286.836489070459,13.185383876625846,11.434182445352294
-34.328007,154,540.536688,1.0,0.04068477356124912,1731.401345295081,9.834308461426136,11.242865878539487
-26.646429,125,540.614835,1.0,0.04923884728163735,662.6116657507353,3.778803998070922,5.300893326005882
-98.467244,200,540.746701,0.0,0.18950153906663358,2456.8383365115697,14.435457988100875,12.284191682557848
-24.92542,95,540.810676,1.0,0.049121950750768556,25.488898292111156,0.2236186887244312,0.2683041925485385
-63.404687,200,540.942003,0.0,0.14418607917682905,2827.9722253692785,16.818978708053294,14.139861126846393
-56.878266,200,541.079958,0.0,0.15512153666525508,1786.911804852671,10.946763136445735,8.934559024263354
-134.596057,200,541.724899,0.0,0.37551514190559554,1387.8271135906646,8.45942515678233,6.939135567953323
-56.79062,200,541.897943,0.0,0.05299846871236185,2922.64258919849,16.42563651969215,14.61321294599245
-9.894007,85,541.953164,1.0,0.04991019364257431,1316.2856620842963,7.507769153675442,15.485713671579957
-46.864681,174,542.072902,1.0,0.0478394267635394,2446.8115088408927,13.78724241921796,14.062135108280993
-37.143289,159,542.176856,1.0,0.04664618361906764,2009.7313405152804,11.35434517750962,12.63981975166843
-73.809106,200,542.308589,0.0,0.1065589679718263,1191.5566732710734,6.565550791804183,5.9577833663553665
-102.046602,200,542.438569,0.0,0.22627736073319862,1350.5956922989344,8.139221644050107,6.752978461494672
-98.360532,200,542.565807,0.0,0.20147337508142596,2468.808549673532,14.190690988274438,12.344042748367661
-76.1234,200,542.694682,0.0,0.18243199642525498,2274.281336604959,13.92837086623589,11.371406683024794
-63.185732,200,542.832145,0.0,0.08437561821100319,1788.9099144661052,10.591082046680395,8.944549572330526
-80.525472,200,542.966209,0.0,0.12285080032982346,1059.0091418237687,6.168575855896508,5.295045709118844
-67.743584,173,543.506624,1.0,0.04926814688525049,473.22164565958514,2.9482631760076865,2.7353852350265035
-52.009496,200,543.686925,0.0,0.07390624624737897,2010.9034290617722,11.375024202206179,10.05451714530886
-122.757601,200,543.833216,0.0,0.30995674463536727,1152.8276551804217,6.490001505225619,5.764138275902109
-41.132319,200,543.966604,0.0,0.21433808154042153,2643.4221450280306,14.98021004211597,13.217110725140152
-49.246623,200,544.09389,0.0,0.080530156728773,2563.3310934154442,14.275896907362634,12.81665546707722
-59.265302,200,544.222813,0.0,0.27974237945302266,2907.6441404357415,16.644322111261918,14.538220702178707
-59.90418,200,544.357047,0.0,0.21504604375323474,2640.5021702855133,15.724270494775636,13.202510851427567
-81.728979,200,544.483026,0.0,0.1498096429786563,1413.9277669456492,8.427112690281579,7.069638834728246
-24.540118,130,544.568231,1.0,0.045617079654975,1562.2229150301753,8.684614469770716,12.017099346385963
-16.675923,119,544.645618,1.0,0.0457722496676923,1634.3738073714148,9.176935959702297,13.73423367539004
-51.916485,187,544.772049,1.0,0.04392692772823112,983.5661139990046,6.302356920227302,5.25971183956687
-77.794984,200,545.348711,0.0,0.12433342197755148,1685.2678211432915,9.620319470904459,8.426339105716458
-59.065004,194,545.529846,1.0,0.045702709670040434,1370.5337243866002,8.455425256251889,7.064606826735052
-38.735564,151,545.636257,1.0,0.04764702041559083,931.3664781151627,5.303889765786154,6.1679899212924685
-66.000367,200,545.770227,0.0,0.1477754417249271,2021.8257739952535,12.964102028073718,10.109128869976267
-121.660517,200,545.919832,0.0,0.32012666027490333,1528.9372328849452,9.065485946461946,7.6446861644247255
-24.276808,127,546.014215,1.0,0.048840828307684235,1615.125991835325,9.144878097120385,12.717527494766339
-46.472452,200,546.146696,0.0,0.253659806923991,1415.069970992854,8.96223669144545,7.07534985496427
-38.311122,155,546.244773,1.0,0.04519809896481589,1196.7848275651174,6.861417817559417,7.721192435903983
-57.909161,156,546.349659,1.0,0.04994234662464672,306.935416698996,2.0041747809909753,1.9675347224294615
-49.166275,181,546.472914,1.0,0.04605626095139031,2240.100233828414,12.549242179140323,12.376244385792342
-100.738332,200,546.599981,0.0,0.23112800703909944,2868.3403309856344,16.816403171760967,14.341701654928173
-41.626264,163,546.699685,1.0,0.04941644389432466,1790.2887681490554,10.082009015827945,10.983366675761076
-39.887025,200,547.258699,0.0,0.226692176866206,1318.0911994041294,7.667964722622088,6.590455997020647
-132.899109,200,547.419895,0.0,0.37199885905212227,1919.7544756764053,10.900038572527624,9.598772378382026
-51.661849,200,547.552129,0.0,0.27754589781469446,1515.3697680579,9.642600621506741,7.5768488402895
-36.280052,158,547.659231,1.0,0.04975751574634445,1903.549983514855,10.76362340017533,12.047784705790223
-83.855072,200,547.802567,0.0,0.20791525743174563,1887.5875182677805,11.410831554942037,9.437937591338903
-20.330285,125,547.900754,1.0,0.04139305808995048,1472.0910024743525,8.450195063046918,11.77672801979482
-104.571459,200,548.068842,0.0,0.30953320315704397,2859.8770492269114,16.207454098449087,14.299385246134557
-13.933638,103,548.141174,1.0,0.04461842754336768,1186.8843573011832,6.810119065887876,11.523149100011487
-32.24844,114,548.217679,1.0,0.04735338174265566,182.80950588940536,1.2630279649913685,1.6035921569246083
-113.114814,200,548.346814,0.0,0.27234947300467754,1071.9319198387352,6.4282422621451385,5.359659599193676
-110.804852,200,548.475835,0.0,0.24166055127134728,878.3224313827664,4.902640437724655,4.3916121569138316
-130.562153,200,548.608713,0.0,0.35501261790899186,2134.4650089912157,12.310203018886597,10.672325044956079
-18.540176,118,549.149822,1.0,0.04743046190989953,1416.783790984004,8.10647707854326,12.006642296474611
-121.165627,200,549.320783,0.0,0.4506274643502256,2697.471939387858,15.629012542059062,13.48735969693929
-22.87179,133,549.420921,1.0,0.04485038789541985,1338.2390143280809,7.642421580450973,10.061947476150984
-121.636639,200,549.579651,0.0,0.3283487549866049,2923.832821363052,16.255641917607182,14.61916410681526
-74.728441,200,549.713637,0.0,0.10877157641406883,953.2205407020535,5.12141753946123,4.766102703510268
-66.89105,200,549.840685,1.0,0.047766741317073695,3063.461310717648,17.29363526855346,15.317306553588239
-13.815794,66,549.886472,1.0,0.04998765587997347,25.219035557752317,0.2209200613405726,0.3821065993598836
-58.057036,200,550.037643,0.0,0.09621593390043097,1688.844120836692,10.581677106179145,8.44422060418346
-121.600987,200,550.184014,0.0,0.32179132135637667,2100.080563736166,11.98363428664009,10.50040281868083
-121.884845,200,550.314469,0.0,0.3741085148558828,1612.0989873263463,9.516754048994681,8.060494936631732
-120.858372,200,550.4452,0.0,0.27101283912956303,1277.995294995046,7.437022009007215,6.38997647497523
-123.24838,200,550.970767,0.0,0.3335162573145285,1280.6367893526922,7.889818814766535,6.403183946763461
-36.513252,136,551.105642,1.0,0.048582472942126774,390.55402746679135,2.2990131858584335,2.871720790196995
-92.77055,200,551.251977,0.0,0.17050092666904135,1330.1497190025748,7.33250798003193,6.650748595012874
-47.65972,200,551.392819,0.0,0.4414732011980715,1280.3108159181697,7.219881209418812,6.4015540795908485
-31.234173,147,551.506742,1.0,0.042731403091416854,1041.903991978759,5.9697709853716905,7.087782258358905
-40.274598,171,551.630067,1.0,0.04902972959251136,2189.20990122595,12.870770231509432,12.802397083192691
-6.002677,29,551.651138,1.0,0.039992361482451486,67.15418722402838,0.6090918861964109,2.3156616284147717
-68.319068,200,551.778636,0.0,0.05020299179224035,2730.75403643084,15.322375854787234,13.6537701821542
-29.71272,140,551.867809,1.0,0.046693826027971265,1560.0777939593581,8.90996597101678,11.143412813995415
-134.375749,200,551.993168,0.0,0.43257551143384576,1803.6780473853798,11.295213587568327,9.0183902369269
-109.213523,200,552.126364,0.0,0.24854564850897368,2074.7196575320672,11.377516597688848,10.373598287660336
-53.818725,184,552.270397,1.0,0.049982924180752654,1129.2967948519847,7.366653289260335,6.137482580717308
-63.661444,200,552.403927,0.0,0.1082751323005972,1353.9331860500263,7.978517937670021,6.769665930250131
-36.201433,200,552.992126,0.0,0.2668494844513224,1668.9710033572649,10.26723056794721,8.344855016786324
-40.012461,161,553.104242,1.0,0.045734027961821216,2058.8669221056207,11.648865636550337,12.787993305003855
-66.444653,200,553.237659,0.0,0.09829901216536135,2878.2853961062283,16.280343897905095,14.391426980531142
-44.073536,154,553.343309,1.0,0.04841860999748261,735.8508527635207,4.13691405438467,4.778252290672213
-54.939527,200,553.46593,0.0,0.4572893051403075,1036.789286385822,5.823637385215327,5.18394643192911
-66.267099,165,553.570929,1.0,0.048818113839851664,347.5162883523145,2.284462291888806,2.106159323347361
-102.830215,200,553.702581,0.0,0.25146055590028354,1168.7298137244118,6.757885572859684,5.843649068622059
-120.338987,200,553.828629,0.0,0.3143858910440182,1957.8937437926306,10.790794718206126,9.789468718963153
-34.010089,200,553.956805,0.0,0.331493460212917,2563.24558933049,14.664087949440326,12.81622794665245
-131.746399,200,554.085962,0.0,0.3796385114372165,1306.7254142945635,7.444777341796401,6.533627071472818
-32.574395,200,554.652155,0.0,0.20480623687942556,2558.388564798032,14.958683868277848,12.79194282399016
-50.047774,200,554.835514,0.0,0.13799797762852303,2646.2513982511623,15.704792685782998,13.231256991255812
-71.013917,200,554.96879,0.0,0.31434351213406236,2744.6980983455637,15.610760799636514,13.72349049172782
-129.545809,200,555.10388,0.0,0.3659425726867415,1722.960454208928,10.011775289322937,8.61480227104464
-134.052193,200,555.243818,0.0,0.45308753998801127,2156.443817219741,13.489522390176726,10.782219086098705
-45.680969,173,555.368922,1.0,0.04558042030605236,1821.1589634733907,10.799359831917599,10.52693042470168
-31.679018,129,555.460065,1.0,0.04830608788418962,312.53187865176864,1.9859826572685815,2.4227277414865784
-118.463509,200,555.595818,0.0,0.30011888617033455,1821.3573194748492,10.546926760608315,9.106786597374246
-131.618614,200,555.728735,0.0,0.48334061811980217,2229.0091445092917,13.08535075854199,11.145045722546458
-120.027698,200,555.860667,0.0,0.33701407039125686,1853.892117119677,10.756749774722302,9.269460585598386
-36.541497,200,555.988672,0.0,0.19417619813581188,2565.191261615178,13.998526372065834,12.82595630807589
-6.747591,32,556.009438,1.0,0.04543749394390289,133.87063679759305,1.279161517911017,4.183457399924783
-27.397686,98,556.487437,1.0,0.048569638172617724,25.516815126699967,0.22389785707448523,0.2603756645581629
-111.95758,200,556.683088,0.0,0.29800937795592947,1679.8482350968766,10.751649953823673,8.399241175484383
-87.508033,200,556.825987,0.0,0.15630908810880256,1890.9036609725727,10.861595919519397,9.454518304862864
-34.945293,151,556.925096,1.0,0.0471962988851977,2319.1407070463006,12.980187724593868,15.358547728783448
-44.504603,171,557.039736,1.0,0.04942306514459607,2330.051243754291,13.596745404557645,13.626030665229774
-72.109075,200,557.173165,0.0,0.11934135614713458,2322.7302343900733,13.060577320339792,11.613651171950366
-85.506776,200,557.304183,0.0,0.17630275583158925,2195.240377857478,12.585372072417035,10.97620188928739
-10.309247,88,557.362041,1.0,0.048462394340940435,869.1270726357897,4.874384077841154,9.876444007224883
-100.770024,200,557.493202,0.0,0.1925621404268144,1302.2284973792534,7.8376422085463915,6.511142486896267
-18.062171,107,557.566475,1.0,0.04999670920895885,578.2533784856616,3.488913754373591,5.404237182108988
-52.820058,200,557.698925,0.0,0.42359874515212964,972.3745364859266,5.550199354262363,4.861872682429633
-50.851575,200,557.825614,0.0,0.08186820255317825,2427.956836200927,13.920405001111718,12.139784181004634
-54.535531,179,558.36209,1.0,0.04948686143542216,2420.527456866135,14.046565653811541,13.522499759028687
-43.809457,176,558.533934,1.0,0.04702360085457938,2499.993294299251,14.300221606034576,14.204507353973016
-101.739238,200,558.674542,0.0,0.20975969030418073,2864.9601833901193,16.087896497373343,14.324800916950597
-20.906734,121,558.763602,1.0,0.048651372584079866,665.1424091754673,3.8020685458157657,5.497044703929482
-113.298889,200,558.921144,0.0,0.2561405971540406,1068.1751167000098,5.929997476519064,5.340875583500049
-35.447649,153,559.026504,1.0,0.04707265990003767,2118.6907725902965,12.078135507437707,13.84765210843331
-47.048159,168,559.140405,1.0,0.04931388853915579,1077.0952562630482,6.455818831680145,6.411281287280049
-40.503244,172,559.261328,1.0,0.04704216049290189,1659.0273890776775,9.29140804155186,9.645508076033009
-22.925515,132,559.346263,1.0,0.047696587135064125,1521.1026043540944,8.837184574564331,11.52350457844011
-57.409514,153,559.440669,1.0,0.047057961517761766,339.4878663605212,2.2640762112914894,2.218874943532818
-149.29797,200,559.570801,0.0,0.6918876628423076,3257.6669855014584,18.456282263651925,16.288334927507293
-72.220053,200,559.696809,0.0,0.19724384386065716,2335.817733573221,14.506059439183266,11.679088667866106
-112.753006,200,560.25366,0.0,0.27130188292748053,1988.5613508096783,11.781225366268334,9.94280675404839
-103.540849,200,560.423498,0.0,0.20817400073924186,774.1313370265568,4.378026394992633,3.870656685132784
-122.737972,200,560.568713,0.0,0.27021993663730853,981.2674609093764,5.83084225127628,4.906337304546882
-32.567064,200,560.697902,0.0,0.2804631682590306,1742.0158269098297,10.054381541599081,8.710079134549149
-42.920535,163,560.807796,1.0,0.04875115446133935,1696.9150190306548,9.536027337066525,10.410521589145121
-34.198831,112,560.878243,1.0,0.049834445840395834,68.46358706687715,0.4986117218475537,0.6112820273828318
-49.153354,200,561.014801,0.0,0.22231025526597772,2634.6184372248395,15.322297880989586,13.173092186124197
-100.274166,200,561.164355,0.0,0.2072617535798693,1502.66610897487,8.26288138050733,7.51333054487435
-47.292457,178,561.293382,1.0,0.048843741287210383,2491.7780363847123,13.597830100796184,13.99875301339726
-74.11747,200,561.435844,0.0,0.0648415600440343,2185.193061177107,12.854772217070165,10.925965305885535
-51.339885,157,561.544995,1.0,0.04929602814950438,583.6242848625815,3.382656732213559,3.7173521328826844
-50.829011,200,562.088857,0.0,0.18907284097402077,1939.5933360945426,11.87687769993916,9.697966680472712
-62.250903,200,562.275842,0.0,0.28223180347353993,2828.9605453238223,17.48205795919113,14.144802726619112
-46.37553,162,562.383744,1.0,0.04899662610840924,882.5019428125814,5.014074644125074,5.447542856867787
-130.199024,200,562.514936,0.0,0.35171318720500927,2062.7794711182282,11.550194993868953,10.313897355591141
-44.183652,166,562.657474,1.0,0.04935194052499857,931.9857653389806,5.494808989063196,5.614372080355305
-44.276665,142,562.7545,1.0,0.04698400406976482,375.0146595872445,2.175582611777857,2.6409483069524264
-52.015198,170,562.866673,1.0,0.0490314648782663,957.8701099187493,5.908790325048833,5.634530058345584
-11.864004,92,562.932319,1.0,0.03969699235865293,686.6320486404799,4.241736649113479,7.463391833048695
-120.450478,200,563.061984,0.0,0.3445383038311166,1632.9029934030705,9.977438422622239,8.164514967015352
-20.335844,127,563.148748,1.0,0.046023743424692495,1530.6088093588114,8.852958412179948,12.05203786896702
-58.44489,186,563.277622,1.0,0.04847947752740668,2265.802097286257,13.177231681291328,12.181731705840091
-135.044919,200,563.426493,0.0,0.4226007528405344,2512.054844111009,14.215488438337674,12.560274220555046
-109.794665,200,563.977585,0.0,0.25026764050566835,2674.691856612495,15.501600422171618,13.373459283062475
-26.083626,133,564.107735,1.0,0.04714535101639616,1182.0449484668802,6.699278605961545,8.887556003510378
-22.834866,127,564.202299,1.0,0.04843904279147708,1500.9569964060192,8.633629667442046,11.818559026819049
-23.464132,127,564.285834,1.0,0.049349904896783287,1570.342531911475,9.19614633603057,12.364901826074606
-132.779395,200,564.427496,0.0,0.3619105812953362,1469.2034517222205,8.592802872260075,7.346017258611102
-119.917756,200,564.563905,0.0,0.30155661776832693,1539.457233406503,9.108185260833483,7.697286167032515
-49.300156,179,564.716241,1.0,0.0481611796607906,2415.198027341461,13.861381042397284,13.492726409728833
-42.967261,157,564.838956,1.0,0.0499061897793914,961.4642823774029,5.47688513928037,6.123976320875178
-60.814349,200,564.98666,0.0,0.289720015846876,2734.0970696924846,15.964419969820714,13.670485348462423
-123.574552,200,565.120903,0.0,0.33279076846854233,2106.599091994753,11.91493373961471,10.532995459973765
-14.34128,104,565.193241,1.0,0.04682394994121414,784.8575835888759,4.591675685258654,7.546707534508422
-56.910931,200,565.323081,0.0,0.11905225970016253,2014.4227264274034,12.901866000808267,10.072113632137016
-33.866481,155,565.434557,1.0,0.04854017404927707,1660.2909324045218,9.735088333939375,10.711554402609817
-54.891073,200,566.027862,0.0,0.08702132009605673,2648.3745786452414,15.596563212396502,13.241872893226207
-144.25584,200,566.170767,0.0,0.4356616785838008,2434.041293456757,14.069981623158952,12.170206467283785
-24.874437,124,566.250129,1.0,0.04675888742583466,672.7586464839737,3.784127472149783,5.425472955515917
-51.920354,200,566.386401,0.0,0.23229345419874026,2203.5362186343204,13.866326141107704,11.017681093171602
-64.509419,195,566.512062,1.0,0.046839427152019,2877.285592344726,16.442913244145974,14.755310729972953
-8.572655,51,566.544426,1.0,0.04953486764160009,25.079451384808102,0.21952421959030105,0.4917539487217275
-16.631479,76,566.595321,1.0,0.04933546253817703,39.90300050763253,0.36775608094763423,0.5250394803635858
-97.063176,200,566.739347,0.0,0.24418620201760546,2750.4253174792707,16.378157019428365,13.752126587396354
-69.018944,200,566.881579,0.0,0.16820428139785903,976.8012398237909,5.541674262362206,4.8840061991189545
-131.675355,200,567.018865,0.0,0.3595116955145021,1652.6495115595724,9.51587789961642,8.263247557797861
-70.020298,200,567.145585,0.0,0.0902998204846325,1654.9118978218005,9.694309157182776,8.274559489109002
-69.803114,200,567.278214,0.0,0.09481611965227778,1830.8079942064037,10.427131689702808,9.154039971032018
-8.496204,57,567.748622,1.0,0.049732967616458075,67.95187573947209,0.4934946085096257,1.1921381708679313
-8.132224,80,567.820616,1.0,0.04496112028669868,796.3571533674179,4.702027541768877,9.954464417092725
-129.900719,200,567.984878,0.0,0.33761862629207856,1118.4558020443242,6.52824066539321,5.59227901022162
-78.930416,200,568.120589,0.0,0.10573337136538694,2766.0794664324662,15.484701129559127,13.830397332162331
-135.768222,200,568.256842,0.0,0.3807364714626327,2556.8856849083577,14.742188270500419,12.784428424541789
-131.8382,200,568.390848,0.0,0.35895148073473665,2518.3215499809276,13.762695466313263,12.591607749904638
-52.784889,200,568.542953,0.0,0.08346267257343838,2343.8939983102496,13.709873967950463,11.719469991551248
-48.013948,200,568.707874,0.0,0.38536383931285817,1119.9785791261827,6.502539524502882,5.599892895630913
-108.745115,200,568.872312,0.0,0.2539433616881812,1426.4630604864901,8.280659475179721,7.132315302432451
-145.735661,200,569.007309,0.0,0.42569418840609546,2561.729084246783,14.666949755634475,12.808645421233914
-20.561441,122,569.087497,1.0,0.04566219114955995,1614.7108614457673,9.341628285897716,13.235334929883338
-56.083821,186,569.21278,1.0,0.0480504111967171,2306.4137014631146,13.236197908160163,12.400073663780187
-60.928755,200,569.810751,0.0,0.11811380034356853,1615.1281732502362,10.55414634381121,8.075640866251181
-63.07475,195,569.963822,1.0,0.04794257872515494,2721.9743990200986,15.155835122474874,13.958843071897942
-36.934801,200,570.096573,0.0,0.18394399124887564,2455.4610632976874,13.613747237079206,12.277305316488437
-114.930053,200,570.227251,0.0,0.37113777125932007,1754.1123638568072,11.029406901656005,8.770561819284035
-93.756129,200,570.359963,0.0,0.2226471237214402,2730.2660493317976,15.956797037459271,13.651330246658988
-82.188457,200,570.49307,0.0,0.13044826442653326,2601.503264736375,13.956279699642126,13.007516323681875
-115.60126,200,570.623134,0.0,0.35758603373503,2064.8978252461206,12.916060119457695,10.324489126230603
-47.424295,139,570.719925,1.0,0.04633367057857743,274.6302934630734,1.8399564860558693,1.9757575069285853
-92.936971,200,570.843139,0.0,0.17048170780370797,1501.098540692139,8.689288179682155,7.505492703460695
-22.378479,124,570.937879,1.0,0.0405325835281,685.9010341034814,4.1400122261561725,5.53145995244743
-69.11924,200,571.069082,0.0,0.16666339676285133,2924.762851966511,16.90532881850786,14.623814259832555
-81.869625,200,571.66261,0.0,0.1395138301753703,3069.204266635051,17.719818924784256,15.346021333175257
-21.8628,120,571.748422,1.0,0.04323869547234749,500.4769153385211,2.974522526808933,4.1706409611543425
-100.892997,200,571.887839,0.0,0.19422206401389497,1329.0450506854665,8.700060662064944,6.645225253427332
-13.046152,64,571.935335,1.0,0.04905435144743095,25.20042433469309,0.22073394910720306,0.3937566302295795
-16.902518,74,571.995525,1.0,0.04782752111805966,25.29348044998923,0.22166451027405074,0.3418037898647193
-55.357552,187,572.17572,1.0,0.045863262659732784,2746.2242925423297,15.458901582238466,14.685691403969678
-76.495556,200,572.329606,0.0,0.09532352993382588,2816.46417763715,15.853283041053514,14.08232088818575
-15.509731,105,572.401965,1.0,0.048053201452208455,957.2043116818271,5.796980414158681,9.116231539826925
-49.155235,175,572.520591,1.0,0.048616981712017074,1418.9459739445442,8.112950219050953,8.108262708254538
-21.017559,141,572.615458,1.0,0.04981470322492925,1954.5858808123912,11.191751340901865,13.862311211435399
-145.51408,200,572.747806,0.0,0.4549523783094089,2711.1518345679824,14.950906593003506,13.555759172839911
-31.537531,106,572.814179,1.0,0.04757329644987973,25.591260018936882,0.22464230600796342,0.24142698131072532
-76.663665,200,572.940427,0.0,0.1594792287061006,2893.017706082999,17.011098950513173,14.465088530414995
-34.30222,110,573.431998,1.0,0.048586334518761036,25.62848246505534,0.2250145304747025,0.2329862042277758
-56.469756,186,573.603092,1.0,0.04826413287013622,2030.8069405677522,11.544073969518358,10.918316884772862
-102.830029,200,573.752068,0.0,0.2543508348805731,2583.5583440656224,14.351141772337963,12.917791720328111
-78.890534,200,573.884186,0.0,0.11977875852789163,2762.4686010208734,16.0765252594985,13.812343005104367
-16.347396,104,573.95063,1.0,0.04644916401357428,636.7655286983514,3.5389483705283205,6.122745468253379
-117.252,200,574.080571,0.0,0.2947999125077769,1446.7937946140871,7.91614917116616,7.233968973070436
-149.73803,200,574.212927,0.0,0.5361122952222604,2696.5838106809906,16.070732701881667,13.482919053404952
-58.344757,200,574.354531,0.0,0.05588888761516384,2533.279428102475,14.292867733327904,12.666397140512375
-52.481303,182,574.484508,1.0,0.0473098363865091,2334.9551876735104,13.254519005453677,12.82942410809621
-108.678805,200,574.616856,0.0,0.22621727949082365,1163.4672406880677,6.921533275801533,5.817336203440338
-104.967752,200,574.754298,0.0,0.25032909589059893,1783.742341761711,10.25384673017431,8.918711708808555
-68.12635,187,575.328607,1.0,0.04895371483452618,890.3567397278608,5.821396338655164,4.761265987849523
-129.263423,200,575.525706,0.0,0.41420735304657263,2007.5954620383068,11.951040203143542,10.037977310191534
-36.878016,167,575.637827,1.0,0.0429901359433444,2502.436941024954,14.52413171207135,14.984652341466791
-101.216753,200,575.782064,0.0,0.2056253922384275,2629.276246515021,14.63174995205388,13.146381232575104
-88.724974,200,575.908891,0.0,0.18904432972903495,2818.331515059407,15.981607930537248,14.091657575297036
-25.544911,138,575.994789,1.0,0.04754377190639191,1602.4307137535602,9.499869769699874,11.611816766330147
-127.489873,200,576.134427,0.0,0.3428436559530135,1835.1626619953988,10.596230803787336,9.175813309976995
-11.976735,108,576.207419,1.0,0.04989376932015814,865.081759530291,5.0696746057752735,8.010016291947139
-134.676198,200,576.3367,0.0,0.42687963932181333,2050.6912488622356,12.217410025252738,10.253456244311177
-52.941218,200,576.472094,0.0,0.44280981077582426,1011.7927984691989,6.1726728211686295,5.058963992345995
-64.593314,200,576.609669,0.0,0.08738054491319479,1967.0217461815437,12.594746889452198,9.835108730907718
-58.351535,200,576.737383,1.0,0.04895360225736822,1350.4346201254261,8.30465934754414,6.752173100627131
-19.574015,94,577.217954,1.0,0.04984374578483152,132.5162683815211,0.8297059052610485,1.4097475359736287
-70.309841,200,577.384408,0.0,0.06053943895649371,2600.554538890501,14.113238561351078,13.002772694452506
-98.383765,200,577.512764,0.0,0.19753552888717563,1942.151357395056,10.927850198621512,9.71075678697528
-43.909338,160,577.61753,1.0,0.0497079389136938,935.3320789986387,5.578967645012167,5.845825493741492
-28.705103,155,577.716445,1.0,0.04624426559265489,1860.539172955418,11.042338615955517,12.003478535196246
-103.550924,200,577.844108,0.0,0.22679932771550745,1070.6659429688752,5.947071289168097,5.353329714844376
-37.45335,117,577.918626,1.0,0.045916162640516914,56.548039730968014,0.4538721248962033,0.4833165788971625
-31.971475,200,578.044521,0.0,0.3304740099458636,2189.747929555433,12.03192829630818,10.948739647777165
-86.726213,200,578.172113,0.0,0.13344022202716516,1849.57859788107,10.512554648173635,9.24789298940535
-127.099242,200,578.29791,0.0,0.35662158655636933,1293.349417138424,7.523307308433414,6.466747085692121
-91.325107,200,578.427514,0.0,0.2159714862687223,2831.1036533698366,16.055525334439274,14.155518266849183
-18.397056,127,578.514889,1.0,0.047747390103042076,1776.4772082351842,10.00263349212999,13.988009513662869
-51.706249,200,579.136698,0.0,0.4013365481980189,1045.46167073588,6.133518017816887,5.2273083536794
-126.098075,200,579.295545,0.0,0.3589354804011962,1436.9376240482964,8.75319538538144,7.184688120241482
-114.655846,200,579.440752,0.0,0.2474295462070985,873.8703202886106,5.3387060633794885,4.369351601443054
-86.768446,200,579.565221,0.0,0.1536871938682512,1687.2331292693573,9.717041240750172,8.436165646346787
-30.055733,135,579.651058,1.0,0.04822846471597651,696.8110015959196,3.977719131274541,5.16156297478459
-81.303489,200,579.802915,0.0,0.14239258189039372,1812.953819943952,10.169791054741323,9.064769099719761
-61.66158,200,579.944158,0.0,0.10852600813504266,2041.6487853293881,12.520380931920068,10.20824392664694
-97.801052,200,580.06902,0.0,0.1912531431532181,1100.1413366494733,6.494161464954509,5.500706683247366
-61.397701,190,580.191185,1.0,0.048705085499436224,2196.58830858478,13.173186658418153,11.56099109781463
-75.681327,200,580.31881,0.0,0.143563891082658,1131.0972255657343,6.448020285924009,5.655486127828672
-138.923252,200,580.886134,0.0,0.4592239851230931,1869.5035678173488,11.515039418112561,9.347517839086743
-30.762201,146,581.024108,1.0,0.04653510627835247,2112.756877676188,11.90594014478279,14.470937518330055
-49.165752,174,581.144495,1.0,0.04786025357871757,1146.9203510367433,6.4709178855790315,6.591496270326111
-58.061951,200,581.280226,0.0,0.22291460011596256,2362.096760390123,14.372627077936288,11.810483801950616
-27.622615,140,581.391016,1.0,0.04994399139918059,1902.4880238147323,10.74900989240869,13.589200170105231
-17.228059,109,581.460572,1.0,0.04766652033328445,460.96414304780876,2.7205700717216854,4.229028835300998
-132.748976,200,581.587794,0.0,0.3379399681958249,1250.5797248868364,7.15016087142985,6.252898624434182
-68.481693,200,581.718572,0.0,0.18818234829932157,2671.692108665898,15.242861397474295,13.35846054332949
-79.209805,200,581.863075,0.0,0.09906597575244068,2287.0403916941295,13.312198370928325,11.435201958470648
-91.808145,200,582.003943,0.0,0.15712825219027304,1213.0834576237748,7.576236528573973,6.065417288118875
-97.421558,200,582.143405,0.0,0.1742241348840899,1010.2769713251652,6.2011814020650355,5.051384856625826
-30.86982,139,582.23881,1.0,0.04684307463709623,948.73390505382,5.478410280009402,6.825423777365612
-130.099227,200,582.830647,0.0,0.32894498660417976,999.302418057776,5.644474520206713,4.9965120902888795
-47.489896,180,582.977661,1.0,0.04874210393897642,2541.0084439632788,14.512370273610106,14.11671357757377
-127.458885,200,583.109791,0.0,0.33644555880677407,2319.170292903203,13.58468078273598,11.595851464516015
-27.058772,148,583.207547,1.0,0.045700750436575045,1888.1787115056304,11.306867396975633,12.757964266929935
-36.735383,150,583.302787,1.0,0.04924779059793845,1035.9503731696575,6.125102939727789,6.90633582113105
-16.334391,102,583.370992,1.0,0.04947696767584988,635.2286938830046,3.740845170060061,6.227732292970633
-79.209659,200,583.524488,0.0,0.21570934881799889,2195.736709619483,12.969061756413293,10.978683548097415
-101.269037,200,583.650247,0.0,0.228349207014731,1433.0932598135246,8.296843255323369,7.165466299067623
-58.613293,200,583.782004,0.0,0.14025181330122108,1524.1990071765447,8.8413813454888,7.620995035882723
-49.632311,147,583.882102,1.0,0.0475723908551802,320.03722359741056,1.8752416413071227,2.177123970050412
-78.445074,200,584.02058,0.0,0.37373325483767483,2877.422213409387,16.825057695465734,14.387111067046936
-34.906198,200,584.61051,0.0,0.25867515549284753,1707.2617256599012,10.190364980916629,8.536308628299507
-103.311673,200,584.801247,0.0,0.21616271735011677,928.5463656726865,5.153337169013914,4.6427318283634325
-97.544699,200,584.938772,0.0,0.17946592505667264,1099.0064214318093,6.7931621221506955,5.495032107159046
-33.884585,111,585.018069,1.0,0.04595409786989711,68.45437923181969,0.4985196435081456,0.6167061192055827
-31.149022,200,585.145675,0.0,0.3101828797344169,2651.186171383935,15.192870992086611,13.255930856919674
-111.122068,200,585.279054,0.0,0.2094069914888583,899.088586311211,5.176862169896611,4.495442931556055
-89.732201,200,585.41289,0.0,0.346067391482633,2873.289397481466,16.741245705120928,14.36644698740733
-86.074851,200,585.566546,0.0,0.12837318604879497,2279.039078692504,13.080277797968003,11.39519539346252
-89.457448,200,585.701192,0.0,0.15875974417102476,1223.8437308874022,7.229467994600474,6.119218654437011
-7.703295,35,585.723096,1.0,0.04213229574586483,126.64010811234097,1.2054975827074184,3.618288803209742
-144.379178,200,585.84868,0.0,0.5303807831483284,2552.000659617831,15.693547288719847,12.760003298089154
-47.003483,177,585.962529,1.0,0.04925040746513502,2635.20516870556,14.778179599733882,14.888164794946666
-131.434105,200,586.555646,0.0,0.5770096031155005,2967.322471447176,17.832318838355857,14.83661235723588
-60.386163,200,586.727693,0.0,0.08392897485530633,1965.961027634766,11.372510414347524,9.82980513817383
-143.005171,200,586.85794,0.0,0.4994286493303483,2102.7245690434092,12.558074853521834,10.513622845217046
-129.66912,200,586.99825,0.0,0.46838071655651664,2997.8736426225687,17.878560376330206,14.989368213112844
-36.371068,148,587.096192,1.0,0.04825737906067114,982.1151633173841,5.7261282968167775,6.635913265658001
-75.030281,200,587.222456,0.0,0.11676958084353731,1086.203347688017,6.176802437280284,5.431016738440085
-61.262784,180,587.336561,1.0,0.04927582469170101,757.09806596989,4.8472654038757055,4.206100366499388
-128.239594,200,587.466323,0.0,0.42649217212545987,2080.9299314065574,12.727908215148686,10.404649657032786
-36.522213,200,587.603188,0.0,0.1404906044582607,2292.1031824180627,13.544795889464561,11.460515912090314
-123.9864,200,587.746143,0.0,0.31403253651672164,2841.691266791637,16.351958454880553,14.208456333958186
-64.918677,200,587.873435,0.0,0.10702542348719418,1269.1921831914142,7.279851972002966,6.345960915957071
-56.050804,187,588.431922,1.0,0.047789810215664016,1470.2699543635777,8.337240786169609,7.86240617306726
-46.335548,140,588.547757,1.0,0.04849015147816633,177.34526039039503,1.3442181167956944,1.266751859931393
-107.054946,200,588.679484,0.0,0.24383044531461984,1821.1165950319298,10.357045224242327,9.105582975159649
-8.066027,76,588.732789,1.0,0.04948576850822563,809.7537448437567,4.813596110869075,10.654654537417851
-19.90598,82,588.796108,1.0,0.04767768401230884,25.36792534222614,0.22240895920752887,0.30936494319787977
-48.027627,200,588.935893,0.0,0.09955911755300828,2286.5171792098104,14.147997615755632,11.432585896049051
-128.354132,200,589.076765,0.0,0.3194200022759342,914.4786560325842,5.191124248841674,4.572393280162921
-14.773851,70,589.126841,1.0,0.048595799451178395,25.256258003870773,0.22129228580731167,0.3608036857695825
-65.785853,200,589.254897,0.0,0.06020888423911945,2350.164879324633,13.505894174551687,11.750824396623166
-61.98319,187,589.375467,1.0,0.04698021015030898,1370.7007278164574,8.837929269954035,7.329950416130789
-46.247678,172,589.482832,1.0,0.04876599601004057,2108.9562392496255,12.10425678970247,12.26137348400945
-44.634675,200,589.621144,0.0,0.14201866665486393,1850.1293081449246,10.58366056656287,9.250646540724624
-146.328462,200,590.164874,0.0,0.43449038731568196,2237.26752088779,12.966380352629958,11.18633760443895
-47.691436,172,590.32771,1.0,0.047650661712054926,2212.831476643498,12.836190661782897,12.865299282811034
-128.195279,200,590.464565,0.0,0.3362598990931736,1635.677845218294,9.659071622306538,8.17838922609147
-126.826362,200,590.592762,0.0,0.42818013795243304,2768.5774113992784,16.347455341962274,13.842887056996393
-41.213776,163,590.698123,1.0,0.046933944661303253,2224.103759413381,12.565416537808847,13.644808339959392
-65.271277,198,590.824277,1.0,0.04792160309298428,2538.729259603451,14.777590203185389,12.821864947492175
-70.565433,200,590.953964,0.0,0.17029950718427783,2539.186118497864,14.936852752883134,12.695930592489319
-92.210477,200,591.082361,0.0,0.1618980390209941,2641.5263088103397,14.676654005322904,13.207631544051699
-96.702957,200,591.210511,0.0,0.4623670413327564,3026.6263075093584,18.208882753340465,15.133131537546792
-85.392484,200,591.335004,0.0,0.2721773314840179,2504.251753544575,14.708234715569096,12.521258767722875
-55.334344,191,591.4566,1.0,0.04929682612691552,1336.6721224951182,8.653838679732571,6.9982833638487865
-117.12623,200,592.080991,0.0,0.30842510182743776,2660.881762595222,14.581958010981952,13.30440881297611
-135.858678,200,592.24742,0.0,0.3840335756892015,2588.902501923673,14.776547534257983,12.944512509618365
-22.094329,130,592.332518,1.0,0.046454695859566804,1705.78568237968,9.726092213263815,13.12142832599754
-40.701672,164,592.448812,1.0,0.047727856298026214,2255.7574915985674,12.716921085782174,13.754618851210777
-121.573173,200,592.572346,0.0,0.3117628948300601,1531.1751936109113,9.311019297029771,7.6558759680545565
-75.828015,200,592.699826,0.0,0.08465154488245681,2589.3959620104124,14.45167547979254,12.946979810052062
-52.352256,190,592.819103,1.0,0.04580931914592507,1484.7371094710984,9.328545916640334,7.81440583932157
-59.160435,187,592.943543,1.0,0.048826913948588506,949.4015419404415,6.196443354796607,5.077013593264393
-72.492374,200,593.070819,0.0,0.06850760913584472,1216.2845345117985,7.22314922208143,6.081422672558992
-61.659261,163,593.174348,1.0,0.046401021286566556,410.26611198312133,2.7330990181450394,2.5169700121663885
-149.619988,200,593.302846,0.0,0.7153870956392495,3396.130335881137,19.2536787091824,16.980651679405685
-34.482829,151,593.814034,1.0,0.048949374076835986,1572.2604008444832,9.235340918477409,10.41232053539393
-45.60793,200,594.003053,0.0,0.20744731040136563,1388.974381078709,8.664003451982484,6.944871905393545
-58.859369,189,594.137858,1.0,0.04700265753370983,1840.4087412502192,10.408764289903926,9.737612387567298
-70.504111,199,594.27584,1.0,0.046819019984054834,2837.9200069534318,16.192928263189092,14.260904557554934
-68.078037,200,594.40122,0.0,0.10133056974661576,1836.2460532304174,10.623644283702303,9.181230266152086
-127.230201,200,594.536122,0.0,0.3263739214670946,1228.5935770083415,7.543609407610609,6.142967885041708
-149.350098,200,594.678329,0.0,0.5524610264539755,2203.484628248243,13.613543898138593,11.017423141241215
-116.375303,200,594.818095,0.0,0.27483737965458294,2080.4651889320817,12.10637192074632,10.402325944660408
-46.160686,198,594.957871,1.0,0.049489615390113276,2697.8425562800994,15.771959180896937,13.625467455960099
-151.930232,200,595.092959,0.0,0.5284359210659391,2860.141985687021,16.205240071407637,14.300709928435106
-68.729868,200,595.222811,0.0,0.0959063587800646,1595.7071315864587,9.229291228344724,7.9785356579322935
-82.940774,200,595.807817,0.0,0.12114243167741102,2319.960896747268,13.182758596131269,11.59980448373634
-93.06129,200,595.94948,0.0,0.359683695330196,2832.078886266945,17.18707160032934,14.160394431334726
-62.089551,180,596.076696,1.0,0.04914771746181055,971.0538078155183,6.215128175677621,5.39474337675288
-61.481715,200,596.213826,0.0,0.08075517363611946,1598.1187948909374,9.266841893028696,7.990593974454686
-10.356686,94,596.280174,1.0,0.04938285580530683,1040.8546441067979,5.911922700898908,11.072921745816998
-135.37879,200,596.408514,0.0,0.3659704562322149,1499.8590771308404,8.25141687931304,7.499295385654202
-47.812629,200,596.536823,0.0,0.26239856270111556,924.9094962712513,5.817608468461039,4.624547481356257
-80.635259,200,596.663741,0.0,0.09576239133625558,1281.4318663700788,7.233687022508819,6.407159331850393
-48.526187,200,596.791952,0.0,0.1397051994328788,2647.7812023805595,15.50564546401956,13.238906011902797
-44.076588,200,596.92202,0.0,0.250705522769623,2015.0562799632614,12.725717971562936,10.075281399816307
-31.883479,127,597.005027,1.0,0.048794179036260106,346.87191536337843,2.0183962673677027,2.73127492412109
-115.593857,200,597.613957,0.0,0.23467003108892212,723.5464034729426,4.364965150147682,3.6177320173647134
-34.810718,146,597.734142,1.0,0.04815433086955844,1270.023621158757,7.584591988293709,8.69879192574491
-53.141728,147,597.830853,1.0,0.04989531897628415,197.206833843175,1.231078996750793,1.3415430873685374
-24.034415,128,597.916722,1.0,0.04883457445953861,1476.0092915585526,8.486595872659375,11.531322590301192
-21.601681,86,597.978609,1.0,0.04918814226239732,68.22164116710721,0.4961922628137496,0.7932748972919442
-29.739075,143,598.08831,1.0,0.040970349349825776,678.7972151980464,4.185112797584732,4.746833672713611
-36.894723,157,598.195018,1.0,0.049822902562495365,1904.3316728260731,10.582024501036571,12.129501100803013
-31.891159,140,598.2822,1.0,0.04628807333393382,959.6349581428171,5.316169295030986,6.854535415305837
-101.531228,200,598.413854,0.0,0.2072975880001416,1964.0203757954591,11.330922927042122,9.820101878977296
-17.566556,73,598.470606,1.0,0.048787731424495294,180.01033458609265,1.7017691847142926,2.4658949943300366
-90.319525,200,598.604991,0.0,0.18709867813332745,2874.732766757326,16.41715857477575,14.37366383378663
-139.742728,200,598.739721,0.0,0.4686358183610668,2160.797755404172,12.95508467479609,10.80398877702086
-141.473431,200,598.867398,0.0,0.42602624811897555,2567.994261860569,14.979837608553455,12.839971309302847
-146.301815,200,599.464889,0.0,0.5847026936889796,2764.3121508011145,15.955557756291794,13.821560754005572
-109.902207,200,599.630753,0.0,0.2435349352252605,2349.9320459435203,13.696503291498868,11.749660229717602
-13.259412,65,599.674743,1.0,0.045685825821271384,25.209729946222698,0.2208270052238878,0.3878419991726569
-127.177559,200,599.813201,0.0,0.23979514319045556,482.25581403799737,2.768406532389726,2.4112790701899867
-79.936669,200,599.94657,0.0,0.09548049098245784,1141.3448468472263,6.218262363254511,5.706724234236131
-11.934243,97,600.013911,1.0,0.040785842374567324,975.3731182759792,5.813434365764439,10.055392971917312
-59.142674,179,600.130564,1.0,0.046573365187534806,1018.17250718661,6.6063075905033,5.688114565288324
-96.405148,200,600.262932,0.0,0.28704515244226514,3002.227778124784,17.334584411697602,15.01113889062392
-51.387767,200,600.398246,0.0,0.3984989111338614,1031.023583300398,5.9313378485007915,5.1551179165019905
-44.468471,200,600.524987,0.0,0.17980956209940516,2211.40812679893,13.648596080910163,11.05704063399465
-142.727912,200,600.655612,0.0,0.42686234583079247,2490.2290472983973,14.35145830798861,12.451145236491987
-46.791253,156,600.759131,1.0,0.048055752268429446,660.7855990348165,3.854811203057029,4.235805122018054
-34.668501,200,601.352918,0.0,0.29961755364008674,1641.9147522999674,9.378447032186997,8.209573761499836
-81.275186,200,601.502966,0.0,0.12538012421199426,2636.4885361423403,15.027221447324598,13.182442680711702
-33.018653,200,601.649819,0.0,0.17218140797025205,2968.6145174505164,16.685897088173565,14.843072587252582
-130.678778,200,601.775674,0.0,0.5126265752846834,2865.1273043616584,16.945204935368725,14.325636521808292
-77.932978,200,601.909848,0.0,0.09467250341940167,2186.0204793899534,12.552626258728315,10.930102396949767
-34.928997,126,601.989161,1.0,0.04723077349119705,198.76880583523115,1.1872556996601407,1.577530205041517
-35.708648,155,602.091058,1.0,0.04717752564212723,2242.2568814858446,12.32232405685798,14.466173428940932
-24.916895,129,602.173702,1.0,0.04737873128551621,1100.8326994681004,6.418605623222356,8.533586817582174
-104.353593,200,602.332371,0.0,0.3361823598651531,2924.291099209007,16.781029333954905,14.621455496045035
-92.387479,200,602.480694,0.0,0.3072477266701348,2356.2483274911447,14.22101444432484,11.781241637455723
-70.479847,200,602.626541,0.0,0.15169182499500652,1332.708607335904,7.30294636605064,6.66354303667952
-113.151012,200,603.236488,0.0,0.33254564129593106,1906.666163545871,11.069738565469578,9.533330817729356
-110.473489,200,603.39555,0.0,0.30928621512706234,2740.2595266819612,15.785873097188924,13.701297633409807
-98.278423,200,603.535906,0.0,0.2431801054610845,1944.8247397914463,11.883429005637753,9.724123698957232
-126.35429,200,603.664981,0.0,0.337040508621521,2425.0420564161805,13.937520153596566,12.125210282080902
-113.730123,200,603.795527,0.0,0.20231662884623816,642.826426019602,3.94891404829523,3.21413213009801
-44.745708,145,603.888383,1.0,0.048821954719096304,304.2456790480703,1.8373893462351825,2.098246062400485
-112.402915,200,604.026451,0.0,0.22446074970100557,1081.2313682467523,6.3408623648048374,5.406156841233761
-21.037928,120,604.109627,1.0,0.0483925481210632,934.3396998032945,5.494014294927485,7.786164165027454
-32.347545,200,604.238267,0.0,0.2469101667264955,2507.3148709888005,14.392116362551935,12.536574354944003
-106.310733,200,604.380834,0.0,0.26057554750830647,1201.9070845088702,7.194516669371494,6.009535422544351
-100.134358,200,604.519528,0.0,0.19947318518638604,1237.0480811665166,7.205836683070931,6.185240405832583
-52.349381,176,605.170942,1.0,0.04704411252538608,1584.1123367592975,9.310175284832008,9.000638277041462
-31.049077,106,605.265148,1.0,0.04872332609975364,25.591260018936882,0.22464230600796342,0.24142698131072532
-33.27965,160,605.370671,1.0,0.04794539009448258,2118.414386849352,11.949047012867688,13.24008991780845
-117.096609,200,605.506567,0.0,0.28526789492069604,1158.3843395708457,7.160497504919564,5.791921697854228
-16.03763,89,605.573215,1.0,0.0472405659561508,164.16003347652946,1.0464912197387473,1.8444947581632525
-25.341866,141,605.666671,1.0,0.04682010375186795,1008.4985302848138,6.015196153018861,7.152471845991587
-134.776395,200,605.807889,0.0,0.3716680124434574,2631.7251455518276,14.86028195696694,13.158625727759137
-47.370438,200,605.93634,0.0,0.2790431384989003,1452.4248743510664,9.298254259859991,7.262124371755331
-109.654291,200,606.066468,0.0,0.24374413481485416,1130.5643432283562,6.711084782926014,5.652821716141781
-30.837082,113,606.146554,1.0,0.049527770784899304,111.28949022254689,0.7721161427890627,0.9848627453322734
-116.507558,200,606.27444,0.0,0.27721434798436534,1920.6378780038026,10.706151512688923,9.603189390019013
-47.445401,200,606.412987,0.0,0.2131692891570187,988.7296545396262,6.480052167249613,4.94364827269813
-26.83035,136,606.930714,1.0,0.03996998190271648,781.476323150796,4.813196643837236,5.746149434932324
-147.473864,200,607.135947,0.0,0.47010515197037356,3009.11160697875,17.636761307778425,15.04555803489375
-65.30358,200,607.264451,0.0,0.09372043977716142,2615.793888390043,15.122811410056096,13.078969441950214
-77.807914,200,607.428726,0.0,0.08722614613060332,1129.6329533089367,6.374038644982095,5.648164766544684
-28.094438,141,607.544858,1.0,0.04797722503726364,2007.2888250121844,11.222958672215455,14.236090957533223
-47.773021,200,607.720729,0.0,0.12200344740231313,1883.0369773057735,11.839064684701425,9.415184886528868
-105.423403,200,607.854551,0.0,0.22498915468287514,1909.6973888974433,11.18201929024,9.548486944487216
-130.487545,200,607.984481,0.0,0.2932128587363319,725.6207102687927,4.403295537090966,3.6281035513439632
-86.162531,200,608.121951,0.0,0.1392679902509288,1999.797387964159,11.295798061716699,9.998986939820796
-58.031005,189,608.247662,1.0,0.04965196502122729,2354.244890189408,13.583858903378413,12.456322170314328
-30.226938,143,608.340652,1.0,0.04910541808383611,1962.4432570881906,11.239727177188156,13.723379420197137
-44.207408,162,608.452155,1.0,0.04768053210779295,1023.1034911665681,5.654337777474888,6.315453649176346
-39.389502,153,609.009699,1.0,0.045262030641389846,953.5573598935348,5.622060103356345,6.232401045055783
-33.143595,200,609.172412,0.0,0.13300675745327425,2592.700401991101,15.1655057302743,12.963502009955505
-115.178863,200,609.306684,0.0,0.23873682586336276,1105.0686674181366,6.184164552828201,5.525343337090683
-106.693021,200,609.438933,0.0,0.24717523181995257,1263.333509243623,6.992247908714066,6.316667546218115
-37.074073,133,609.536283,1.0,0.04911845775071128,380.1319629396961,2.276633538013855,2.8581350596969632
-84.197778,200,609.672033,0.0,0.11446791631351333,1204.0309101428495,6.860745050123649,6.020154550714247
-24.906872,93,609.733914,1.0,0.04919980445487964,25.47028706905187,0.2234325764910611,0.2738740545059341
-32.46105,142,609.830693,1.0,0.048937425027978376,1107.9122338934706,6.329593968123925,7.802198830235708
-37.914081,200,609.970063,0.0,0.11532619430199897,2786.0964864093776,16.682446867712414,13.930482432046889
-31.938795,125,610.057487,1.0,0.04985739634531417,334.99346058154214,2.039138462517605,2.679947684652337
-105.765488,200,610.213078,0.0,0.3591185842718389,2699.44099691254,15.731006909281234,13.4972049845627
-116.052681,200,610.357717,0.0,0.3120622921643097,1673.1255129934564,10.265861110802904,8.365627564967282
-111.518611,200,611.023204,0.0,0.21410483172805106,1009.0658742199967,6.07070184839182,5.045329371099983
-97.917746,200,611.172808,0.0,0.1914467005551312,2111.147391067451,12.127159262100049,10.555736955337254
-49.267757,176,611.300757,1.0,0.04886706079110751,2425.7744351630304,13.690085740386133,13.782809290699037
-67.887287,200,611.429471,0.0,0.11722956320951895,2094.7312897436614,12.83885309233034,10.473656448718307
-111.496076,200,611.558765,0.0,0.2824138982292933,2734.9751105251685,15.647479852300814,13.674875552625842
-143.017479,200,611.696336,0.0,0.5420580051988676,2652.570709132488,15.585527824089002,13.26285354566244
-20.93302,111,611.771963,1.0,0.047242684912538455,558.4570099477295,3.4828439381670737,5.031144233763329
-49.080656,200,611.903799,0.0,0.42967250179837063,1403.9056851287808,7.773245573996587,7.0195284256439034
-24.758209,125,611.989715,1.0,0.04677404178750124,759.7188827783995,4.284546666610793,6.077751062227196
-41.37812,129,612.070451,1.0,0.04788415669121586,186.80447876526833,1.2831074558864362,1.448096734614483
-95.737695,200,612.20514,0.0,0.17007844732373442,1539.4479430169267,8.747423726344115,7.697239715084634
-14.644589,70,612.251939,1.0,0.04695470859365741,68.07284868935706,0.4947043380265277,0.9724692669908152
-110.14354,200,612.842477,0.0,0.2190226641043692,921.0406628581148,5.300723288847498,4.605203314290574
-106.813528,200,612.984689,0.0,0.23047599155063445,2399.641451068126,14.211596063147653,11.998207255340631
-16.83951,76,613.039933,1.0,0.04971314624748972,68.12868282828317,0.49526267942417884,0.8964300372142523
-76.08232,200,613.175646,0.0,0.1212326709133987,1277.7204870571418,7.774442447993684,6.3886024352857085
-50.550317,190,613.304806,1.0,0.04763766590297811,2748.2505633943265,15.75855157030108,14.464476649443824
-32.853116,143,613.398116,1.0,0.04900252602907187,1226.3575361572694,7.475905504056297,8.57592682627461
-53.839894,200,613.542145,0.0,0.10819214085028056,1349.147678370851,8.883129555317296,6.745738391854255
-82.205847,200,613.697695,0.0,0.13320875026309942,1358.1484453972782,8.55862532761127,6.790742226986391
-119.541782,200,613.857925,0.0,0.2927302487835085,1514.5134100249236,8.722506507090442,7.572567050124618
-63.917985,179,613.98559,1.0,0.048889608632505945,939.7566990270427,5.411008205307241,5.250037424732082
-56.960079,184,614.112799,1.0,0.04663848028931485,2313.044259101703,13.000286289421576,12.570892712509256
-52.617528,200,614.686752,0.0,0.12188852429722144,1463.7693547063805,9.591087240837341,7.318846773531902
-25.318582,93,614.784335,1.0,0.04635568824463317,25.47028706905187,0.2234325764910611,0.2738740545059341
-98.152582,200,614.934249,0.0,0.20957883854771875,2812.1807180494875,16.16941312141513,14.060903590247438
-88.824717,200,615.068755,0.0,0.17617069148893014,1438.628584742237,8.378516747876947,7.193142923711186
-55.936293,186,615.190496,1.0,0.04874126614636476,2177.8300835227587,12.732220247222818,11.708763889907305
-148.878649,200,615.326424,0.0,0.5607488379324941,2437.9014549364133,14.643355947878945,12.189507274682066
-78.793594,200,615.465761,0.0,0.2584384872096233,2710.439452451171,16.446584409786183,13.552197262255854
-60.199066,200,615.593895,0.0,0.08483085433072947,1804.0232782776407,11.517090504462908,9.020116391388203
-101.550918,200,615.721168,0.0,0.21700915222959194,2698.8137573921895,14.978280447342966,13.494068786960947
-35.279976,147,615.819499,1.0,0.04790043957534612,975.9333755140325,5.531816100958865,6.639002554517228
-32.088076,200,615.955614,0.0,0.25598635926129926,2735.9945602313996,15.884132756763636,13.679972801156998
-112.292241,200,616.618151,0.0,0.2590073460212322,2239.9325192417764,12.87266723041129,11.199662596208881
-35.080304,136,616.764557,1.0,0.04676962281167453,610.4816373680975,3.7105409357051546,4.4888355688830694
-12.421208,96,616.830831,1.0,0.048595293605953785,1530.4846498937952,8.717111815398948,15.9425484363937
-26.261793,147,616.950932,1.0,0.045825573249778664,2023.3430074154667,11.171999695699018,13.764238145683446
-33.511219,200,617.083545,0.0,0.3673328408934386,2828.8585736565815,16.17227200757344,14.144292868282907
-91.10786,200,617.218413,0.0,0.15405417284010978,805.3541397130879,4.679682303406539,4.026770698565439
-57.726653,185,617.344289,1.0,0.04696754622982604,2375.899474332308,13.64591173777183,12.842699861255717
-32.449848,143,617.438917,1.0,0.04929864250279917,942.3667215753154,5.301399614495187,6.589977073953254
-48.033445,200,617.575852,0.0,0.21337084660255234,2668.551099593922,15.894055961728077,13.34275549796961
-80.669597,200,617.710777,0.0,0.14713588510059888,1015.6144310321906,5.849804899112046,5.078072155160953
-124.456327,200,617.847447,0.0,0.3278744740944187,2339.0799748191885,13.403970556557555,11.695399874095942
-67.935321,198,617.981936,1.0,0.04603643705516603,2770.849871826753,15.406797506835996,13.994191271852287
-100.106918,200,618.571942,0.0,0.27405269475586547,1434.4090292027129,8.821774843721887,7.172045146013565
-132.141331,200,618.739785,0.0,0.35803986852947467,2419.831115277535,13.93264452588369,12.099155576387675
-87.305891,200,618.877927,0.0,0.1769471501733284,1733.6976933360625,11.173063420937606,8.668488466680312
-122.639535,200,619.03491,0.0,0.5734622015780716,2903.3417509842825,16.651963879940514,14.516708754921412
-86.306951,200,619.18422,0.0,0.1497130586337448,1586.8768243386592,8.829320872915138,7.934384121693296
-84.855303,200,619.345184,0.0,0.11804326184737611,2611.653270930978,14.575155261700873,13.05826635465489
-129.857051,200,619.490483,0.0,0.3173159043183723,1248.335835072276,7.4971029110979055,6.24167917536138
-126.527849,200,619.625148,0.0,0.2850559855508757,748.4299486911091,4.523262945288615,3.7421497434555455
-52.587946,177,619.741937,1.0,0.04679112566728712,1309.8488726217458,7.752957697280659,7.4002761165070385
-87.316577,200,619.869035,0.0,0.1290516068521565,2477.7588502775047,14.431854011018288,12.388794251387523
-72.27959,200,620.416644,0.0,0.10142175389304271,1804.9282075314788,11.112550474742418,9.024641037657394
-147.441543,200,620.606102,0.0,0.4488285612647466,2860.8326546950875,16.409601518620313,14.304163273475437
-68.153256,200,620.739455,0.0,0.30651937677646207,2742.2738537725145,16.588111462210936,13.711369268862573
-60.407584,185,620.869433,1.0,0.049848454757932974,1172.2674677842003,7.45575476796051,6.336580906941624
-58.131579,200,621.009424,0.0,0.06634809450043849,1858.9543102931586,10.681175677240795,9.294771551465793
-53.877558,186,621.146388,1.0,0.04597604247963176,2568.309813157597,14.59522109171072,13.808117275040845
-100.66658,200,621.275915,0.0,0.2074518499529198,2787.0175151733424,15.870773730413747,13.935087575866712
-30.751245,136,621.368026,1.0,0.04951995081851792,869.8335273589895,5.196579111729365,6.39583475999257
-112.835246,200,621.507389,0.0,0.4948106338144673,2817.621976431613,16.37456242635948,14.088109882158065
-50.392419,200,621.63666,0.0,0.2145434255193832,2132.004399848522,13.322728576045712,10.66002199924261
-47.765036,200,621.769811,0.0,0.30316381582716867,1760.3121345751033,10.963612712582417,8.801560672875517
-128.364241,200,622.336753,0.0,0.3733383741393065,1838.3232005331272,11.054946610300071,9.191616002665636
-7.770064,81,622.419639,1.0,0.04793578028502301,1115.5564452214712,6.571556133582867,13.77230179285767
-95.533233,200,622.564701,0.0,0.13987839995895637,1070.0212954452609,6.284717428708396,5.350106477226304
-9.835371,86,622.633821,1.0,0.046129152575257126,610.1539287681753,3.640466294776536,7.094813125211341
-128.437984,200,622.816265,0.0,0.3538673152405177,2762.1488611248155,16.28609773603556,13.810744305624077
-114.851925,200,622.972836,0.0,0.2852958504540523,2789.560517225515,15.838170337908846,13.947802586127574
-125.03606,200,623.133145,0.0,0.3223987117213622,2462.0549703198612,13.735973503098505,12.310274851599306
-40.171509,159,623.248951,1.0,0.04709289596253883,1838.865450325349,10.753860918096914,11.565191511480183
-55.144932,199,623.386627,1.0,0.04615240592254117,1456.5371378357186,8.994904449111536,7.319282099676978
-15.164664,70,623.437326,1.0,0.04851240756958771,25.256258003870773,0.22129228580731167,0.3608036857695825
-16.625405,73,623.487845,1.0,0.04959408548595969,25.28417483845961,0.22157145415736593,0.34635855943095356
-32.043791,118,623.569231,1.0,0.045630180503607586,316.63805234223446,1.8830977866670258,2.6833733249341902
-13.89053,101,623.633751,1.0,0.049341429676817206,1071.5377247420631,6.105242468595768,10.609284403386763
-21.885491,126,623.715941,1.0,0.04539373821120915,1725.3339765546682,9.918530174030638,13.693126798052923
-79.062509,200,624.274722,0.0,0.13047945439921538,1351.1916602926563,7.633626032268987,6.755958301463282
-88.677788,200,624.447871,0.0,0.17200374866004864,929.8407594467918,5.373714181986502,4.649203797233959
-40.157767,199,624.578726,1.0,0.04675824484370924,2648.9042170094967,15.49314674414968,13.311076467384405
-120.250534,200,624.710743,0.0,0.3140732503088122,1661.8439688390856,9.086917644593361,8.309219844195429
-55.53832,200,624.840826,1.0,0.043441030691340816,1280.591912090872,8.112384680167152,6.40295956045436
-23.281939,123,624.923986,1.0,0.0478897940297817,921.9342116233985,5.3221327783234145,7.495400094499175
-59.8428,185,625.049282,1.0,0.04887637895837182,923.9421473008806,5.9627926037780705,4.994281877302058
-27.411753,136,625.137999,1.0,0.04674600421387234,1709.4948836231424,9.917386570594221,12.5698153207584
-16.390993,112,625.22208,1.0,0.04949893117962909,1669.4120027410368,9.213000852154494,14.905464310187828
-19.868356,119,625.304722,1.0,0.04839757493622123,1718.3848056087213,9.647033556272486,14.440208450493456
-129.063987,200,625.436758,0.0,0.35265957601215686,3064.420318615136,17.691424103464342,15.32210159307568
-16.606687,115,625.510896,1.0,0.0498490422543421,1132.0401937077088,6.690700650376374,9.84382777137138
-10.687113,99,625.574812,1.0,0.04802984188146466,1331.9514667427857,7.441495447114994,13.454055219624097
-59.591056,200,626.22276,0.0,0.05767614708773006,1849.125679519969,11.304064983365187,9.245628397599845
-129.611811,200,626.382334,0.0,0.4730717181394445,2517.298967102887,15.286092215552824,12.586494835514436
-55.003916,184,626.504757,1.0,0.04982640067074714,2499.0966385784427,13.765857258632318,13.582046948795885
-70.780717,200,626.638476,0.0,0.15338610354556215,723.8430018623189,4.257778030791791,3.6192150093115947
-122.870218,200,626.772863,0.0,0.2939720618106855,967.373194114113,5.5081352782642075,4.836865970570565
-127.027489,200,626.903133,0.0,0.3265550489938798,1909.8796134916067,11.117422644332478,9.549398067458034
-19.383118,112,626.974889,1.0,0.04965982558442045,903.2540007356783,5.203438616669677,8.064767863711413
-41.003698,126,627.062125,1.0,0.04686332677612098,68.59396340476387,0.49991548525841734,0.5443965349584434
-40.75612,200,627.202923,0.0,0.07008481934306753,2730.0072355986476,15.88971629740838,13.650036177993238
-57.354677,193,627.342855,1.0,0.048579561538302056,2622.2477722616363,14.606902331831149,13.586776022081017
-45.260575,156,627.454828,1.0,0.047394567081065896,779.7677852940545,4.74235578738796,4.9985114441926575
-119.318872,200,628.020894,0.0,0.34023352249762245,2716.8104644021196,16.214621301985687,13.584052322010598
-128.151807,200,628.280776,0.0,0.3483392716148764,2471.754673186978,13.887252287313496,12.358773365934889
-31.351861,147,628.386637,1.0,0.0470387098541938,2092.044250865898,11.835026465682011,14.23159354330543
-125.325851,200,628.538167,0.0,0.32726019486685487,1255.2512930006908,7.480611858902823,6.276256465003454
-122.108173,200,628.682011,0.0,0.3995451314026403,2254.375499161878,13.977616659083662,11.27187749580939
-69.343353,200,628.813813,0.0,0.19049145982131435,2341.142865095498,14.10176550280954,11.70571432547749
-101.823907,200,628.942198,0.0,0.20725802952435243,2514.922737086207,14.428548057965054,12.574613685431034
-122.599071,200,629.068916,0.0,0.34399501430397034,2756.63680117675,15.510871645417941,13.783184005883749
-104.643915,200,629.195709,0.0,0.2631417282776218,2553.6667393650932,14.458403955850258,12.768333696825467
-63.742947,200,629.329378,0.0,0.07117299217835095,1670.8890982435569,9.662674507746857,8.354445491217785
-127.253677,200,629.484339,0.0,0.412429810169193,2094.9191284523386,12.801208249287143,10.474595642261693
-41.296312,177,630.031109,1.0,0.04667872229815127,2088.504403132764,12.333301948212936,11.79945990470488
-88.155416,200,630.197412,0.0,0.13921951625255968,2464.1942281129227,14.493422037460434,12.320971140564614
-129.443163,200,630.333717,0.0,0.31460631651883775,1243.6851321070694,7.274253560819987,6.218425660535347
-143.178738,200,630.460643,0.0,0.42850195381796863,2205.837695253495,12.766749127621136,11.029188476267475
-14.875975,69,630.506859,1.0,0.04707111961772539,25.246952392341154,0.22119922969062686,0.36589786075856745
-128.937288,200,630.639564,0.0,0.3861641767098269,1699.8354402163873,9.984547736823469,8.499177201081936
-85.987496,200,630.77859,0.0,0.142912144942512,838.5323821800803,4.94690786746916,4.1926619109004015
-45.006952,200,630.917635,0.0,0.2972185118621506,2221.167978393205,13.773727729496407,11.105839891966024
-95.931242,200,631.063211,0.0,0.2350029092880143,1622.4825082471293,10.092450838770192,8.112412541235647
-96.694023,200,631.213524,0.0,0.1777121769036396,1030.845135783472,5.833900535923858,5.15422567891736
-35.949448,116,631.296929,1.0,0.04679904255408275,121.84254984844767,0.8628121167745623,1.050366809038342
-39.934841,171,631.859758,1.0,0.046957224069797486,2363.375862705682,13.772773653806283,13.820911477811006
-133.633275,200,632.048731,0.0,0.38578729318267424,1413.2001979290399,8.759135999734726,7.066000989645199
-146.058164,200,632.18079,0.0,0.42989636324629094,2118.3412940661215,11.988306576587227,10.591706470330607
-110.551846,200,632.318628,0.0,0.28278047855337685,2854.6355322375425,16.54744983244116,14.273177661187713
-57.729182,200,632.453839,0.0,0.15449676578187216,2261.8343811425866,13.790879533331527,11.309171905712933
-72.159203,200,632.590667,0.0,0.18201817740634768,2657.3213930819825,16.108130613992557,13.286606965409913
-112.07818,200,632.723776,0.0,0.2825889472628236,2710.9721568781847,15.80340137579862,13.554860784390923
-141.866759,200,632.864925,0.0,0.4132757465510773,2216.487346766307,12.459393808200305,11.082436733831535
-20.685919,123,632.946287,1.0,0.049824981531398777,1770.6961621562589,9.69405542058709,14.39590375736796
-9.07223,52,632.978931,1.0,0.04866877958331117,39.67966583092172,0.3655227341471992,0.7630704967484946
-112.191003,200,633.111082,0.0,0.23113835948906067,1045.6225203358383,6.250467486783994,5.228112601679191
-71.588795,200,633.245829,0.0,0.11364077116460801,1677.5904644217399,9.453924872718284,8.3879523221087
-90.015088,200,633.90857,0.0,0.14522593401931724,1498.5617742858733,8.598134114361464,7.492808871429366
-92.333585,200,634.050583,0.0,0.13214008818624742,1053.2226515369919,6.189520934424136,5.266113257684959
-14.528038,91,634.109512,1.0,0.04570364658981664,358.54013292762727,2.2735009210662724,3.9400014607431566
-29.005194,142,634.202876,1.0,0.04771536663165101,1554.4306912308994,9.080706384187687,10.946695008668305
-139.181988,200,634.330658,0.0,0.6718554495497869,2936.4590890732543,17.50512159716344,14.682295445366272
-45.452048,166,634.44068,1.0,0.04973008693988337,1421.1351178668642,8.342413773409234,8.56105492690882
-99.676421,200,634.568017,0.0,0.19814351783484416,1963.99863247709,11.501112268545482,9.819993162385451
-127.36551,200,634.695939,0.0,0.3324687000716347,1862.5098248670872,11.12065723289621,9.312549124335437
-154.239911,200,634.828572,0.0,0.5053918442328029,2932.396250642758,16.67888948856088,14.661981253213789
-139.23202,200,634.964015,0.0,0.45552737189079434,2750.2445609972665,15.678660623909622,13.751222804986332
-108.155966,200,635.098253,0.0,0.23863534975353004,2916.843325835028,16.608625095994253,14.584216629175138
-11.582054,92,635.165099,1.0,0.03997322712098625,431.21047633577876,2.7914099037735647,4.687070394954117
-79.072167,200,635.787627,0.0,0.12576261972234395,2785.1965387930154,16.051324682648318,13.925982693965077
-70.666473,200,635.948595,1.0,0.04583522705189238,2881.8253192930906,16.001817469824772,14.409126596465454
-23.505042,95,636.020465,1.0,0.046973188676522205,138.79041493469137,1.0137984068528318,1.460951736154646
-144.388364,200,636.158741,0.0,0.42093954057257454,2762.765148913216,15.807305430887894,13.81382574456608
-15.867741,94,636.228541,1.0,0.048441018559298644,446.98094358564896,2.6491802311415675,4.755116421123925
-130.540755,200,636.354559,0.0,0.35111339203976855,1551.523062193383,8.60853420578426,7.757615310966916
-17.128107,109,636.42775,1.0,0.04996932770868404,1625.5037205960812,8.84768350752072,14.91287817060625
-81.63544,200,636.559664,0.0,0.10793534051494011,1676.9249066300956,9.738162948679363,8.384624533150479
-38.711362,153,636.663927,1.0,0.049285083460705065,1192.173027732281,7.14790411889674,7.791980573413602
-5.696529,27,636.680767,1.0,0.04977425034058403,73.06897783589075,0.6568752501920312,2.706258438366324
-109.954922,200,636.813076,0.0,0.3152655065766106,1852.6760094914564,11.54200285823566,9.263380047457282
-78.315611,200,636.94478,0.0,0.1415144724071455,2524.5888958799237,15.041667344558055,12.622944479399619
-9.400751,85,636.996612,1.0,0.047222910903893384,1295.6870273291834,7.520990576214212,15.24337679210804
-19.585775,120,637.485911,1.0,0.046106821981788844,1543.197830766613,9.099326248768644,12.859981923055107
-148.816921,200,637.670623,0.0,0.5568984579659397,2682.184435673393,15.726941703762375,13.410922178366967
-124.35868,200,637.81971,0.0,0.2847266464970521,1050.6166214274112,6.173475184852239,5.253083107137056
-118.629548,200,637.952425,0.0,0.25437407463954625,1103.4850510998826,6.550880363234361,5.517425255499413
-67.117651,166,638.058245,1.0,0.047799654310668085,326.6127255020125,2.1293421832887955,1.9675465391687499
-52.573143,200,638.198846,0.0,0.13638683503849147,1599.289270176747,10.22853014745106,7.996446350883735
-129.855663,200,638.337656,0.0,0.3224757966976458,843.836372436864,4.922795404527435,4.21918186218432
-76.589713,200,638.486308,0.0,0.17144588038276531,2716.7464822335824,16.210707063979694,13.583732411167912
-17.359378,84,638.556824,1.0,0.04987627211110747,196.67564086800806,1.2054447903563368,2.341376677000096
-91.21331,200,638.7099,0.0,0.16597969048804312,1235.7553938823562,7.141016248307732,6.178776969411781
-13.624103,101,638.780551,1.0,0.04830618420716973,1197.0303154124128,7.224456494516264,11.851785301112999
-78.691271,200,638.919634,0.0,0.08344894415413535,2737.219266536295,15.711519483560652,13.686096332681474
-98.184737,200,639.495826,0.0,0.24425588151277106,2840.8046964948358,16.76669107018291,14.20402348247418
-55.07568,200,639.656522,0.0,0.09473403315360654,1797.5994079428333,11.142100364139978,8.987997039714166
-21.476351,120,639.740968,1.0,0.04906495156461671,988.3221398450548,5.672668531435439,8.236017832042124
-46.677614,200,639.879702,0.0,0.19977406008163762,2222.529834975773,13.826800021160874,11.112649174878866
-85.393996,200,640.019291,0.0,0.135550860191625,1079.3999277719263,6.450242263646778,5.396999638859631
-36.117935,116,640.099777,1.0,0.04814706085539844,92.06030087953074,0.6877301060298441,0.7936232834442305
-132.550065,200,640.230614,0.0,0.3788097140244782,2809.626279885119,16.072598452552562,14.048131399425595
-22.448819,99,640.305175,1.0,0.048708317215696476,147.17628536703836,0.9039556816236045,1.4866291451215996
-81.747019,200,640.467667,0.0,0.1116779768578341,1732.0573294392655,9.857095219673287,8.660286647196328
-72.221353,200,640.597511,0.0,0.06465391358212272,2951.9078514192943,16.80709437481896,14.75953925709647
-149.294165,200,640.740128,0.0,0.47182688761747626,2435.9633321989136,14.001252829334732,12.179816660994568
-147.329186,200,641.354821,0.0,0.4401413312373721,2264.6342843499565,12.73848021663665,11.323171421749782
-97.259509,200,641.552764,0.0,0.18984879175063055,2392.049194406979,13.752600035687452,11.960245972034896
-88.642047,200,641.689658,0.0,0.12897780088121485,840.0578435992503,4.617964554299364,4.200289217996252
-44.845811,173,641.805714,1.0,0.045855430689398034,2283.935396277178,13.257689955758746,13.201938706804496
-127.345696,200,641.947281,0.0,0.38165668473713965,1853.5952842820607,11.354112944025195,9.267976421410303
-18.053902,79,642.001151,1.0,0.04660704902796015,68.15650188639991,0.4955408699969563,0.8627405302075938
-35.799023,132,642.089573,1.0,0.04823347157570443,410.71847954208823,2.4931708221270945,3.1115036328946077
-65.944466,194,642.218626,1.0,0.04724489288520763,1897.8948604835618,11.067800782689135,9.782963198368876
-20.297448,121,642.297497,1.0,0.04972138285350537,1592.9815198430701,9.018050050175853,13.165136527628679
-143.454928,200,642.43296,0.0,0.4355659329812205,2963.010996741992,17.04672654455997,14.815054983709961
-26.345315,146,642.525441,1.0,0.04925833742616325,1952.371348468889,10.798738532244812,13.372406496362252
-13.788444,66,642.567641,1.0,0.04808627093093717,25.219035557752317,0.2209200613405726,0.3821065993598836
-31.41358,200,642.707583,0.0,0.21199383704771482,2825.6639945812894,16.0685573649323,14.128319972906446
-20.058875,91,642.775637,1.0,0.04836615690009647,225.4483688948457,1.5661380134721765,2.4774546032400626
-43.674127,148,643.48673,1.0,0.04636676481133502,653.7841599105418,4.007790753267123,4.417460539936093
-110.742817,200,643.650106,0.0,0.23178162872146182,1188.406150198815,7.174895212897845,5.942030750994076
-95.855773,200,643.789778,0.0,0.14422291993141637,855.9677542438778,4.942704552148529,4.2798387712193895
-135.892691,200,643.919782,0.0,0.46360924717769575,2339.6561301224515,14.236603923034526,11.698280650612258
-109.802547,200,644.055849,0.0,0.19477000085929394,945.1376800802657,5.676159855246425,4.725688400401328
-61.503829,200,644.183638,0.0,0.10746964923616416,2746.240458681101,16.17021658384354,13.731202293405504
-115.655154,200,644.316589,0.0,0.2626996967240509,1628.4618548232936,9.434722065652913,8.142309274116467
-126.82886,200,644.45206,0.0,0.33351995603681533,2088.8802612579702,11.943799053734837,10.444401306289851
-48.03212,182,644.568735,1.0,0.046815683555852104,2483.072063465596,14.088987828545363,13.643253095964813
-145.742498,200,644.695737,0.0,0.4835396882019174,2788.8402662971507,15.933956635386515,13.944201331485754
-107.98414,200,645.379663,0.0,0.2354178599822055,2485.7681683443548,13.932492390015167,12.428840841721774
-41.44636,156,645.566805,1.0,0.0498505328644215,1107.211961231751,6.504088523518227,7.097512571998404
-47.447755,200,645.77979,0.0,0.4355238294978001,1292.9879907464863,7.362936018390302,6.464939953732431
-50.899598,200,645.985072,0.0,0.13855408216664813,1948.1600272763233,11.952853001938138,9.740800136381615
-40.655067,200,646.20717,0.0,0.2404640958618355,2846.3637364896335,16.807168094408063,14.231818682448168
-93.394714,200,646.426662,0.0,0.16696381653553483,1187.4396862330593,6.947937854340901,5.937198431165297
-86.340277,200,646.651234,0.0,0.12981655455887223,1857.9874039434806,10.631694308164766,9.289937019717403
-139.891251,200,646.858205,0.0,0.41469337538577766,2459.597893136862,14.314260713416422,12.297989465684308
-42.970609,169,647.02224,1.0,0.046440367825426966,2483.9783187999624,14.337118279227381,14.698096560946523
-45.273078,171,647.199831,1.0,0.048215345007477574,2365.7478852106306,13.686913532673254,13.834782954448132
-101.848699,200,647.416357,0.0,0.19787412559447673,1623.5005785377175,9.5232265265591,8.117502892688588
-71.761054,200,648.183897,0.0,0.052050576522740526,1769.5660704018017,10.115962009826612,8.847830352009009
-90.662124,200,648.410767,0.0,0.3232488945803551,2295.8072352684712,14.537094458179157,11.479036176342357
-64.41878,192,648.614706,1.0,0.04787006741289861,2294.960485113588,13.049388623549804,11.95291919329994
-35.084141,151,648.793835,1.0,0.04773489889687925,1980.564139170276,11.369986244119561,13.116318802452158
-16.773912,74,648.882227,1.0,0.04795411451547066,25.29348044998923,0.22166451027405074,0.3418037898647193
-33.957892,129,649.022185,1.0,0.04613412795366733,261.99410813530534,1.6892575020713143,2.0309620785682583
-133.641845,200,649.221254,0.0,0.6578021043083272,3068.2261186322835,18.235209727401873,15.341130593161417
-30.954971,200,649.438694,0.0,0.35926762737088574,2578.129810461412,15.004447517370396,12.89064905230706
-142.105323,200,649.627641,0.0,0.5159291401826025,2871.25094474838,17.147830407562154,14.3562547237419
-130.79031,200,649.80805,0.0,0.35725608591657354,2735.956630126205,15.45464742482297,13.679783150631025
-95.633122,200,650.025521,0.0,0.14468963773674348,1284.9025701000533,7.529918866847194,6.424512850500267
-91.088952,200,650.222768,0.0,0.13414491213298044,1211.4842519825302,7.386711157172786,6.057421259912651
-49.788237,200,650.95984,0.0,0.25635348954972753,1401.606697702077,9.187614351577253,7.008033488510385
-62.689312,200,651.136875,0.0,0.16864894456580648,1975.7502079461742,12.457836612987165,9.87875103973087
-92.292314,200,651.277484,0.0,0.14856702409652342,1605.8769521161566,9.6926027644843,8.029384760580783
-9.146884,36,651.303798,1.0,0.04362856187547499,132.8606453777824,1.2334091567294077,3.6905734827161774
-105.846721,200,651.473614,0.0,0.39832611570360626,2731.145639460537,16.038054471470325,13.655728197302686
-60.929348,189,651.599611,1.0,0.049422849135773744,1795.3577901915714,10.248980730385203,9.499247567151171
-65.739555,172,651.714135,1.0,0.04832021672613834,371.947525117178,2.1884576754940053,2.1624856111463835
-26.037595,134,651.807787,1.0,0.04939192560353832,1715.589061025417,9.488093270526726,12.802903440488187
-48.738628,172,651.91788,1.0,0.04926025567433509,1424.048489501651,8.104760027555471,8.279351683149134
-35.987457,151,652.034139,1.0,0.04906905109969179,1340.7074972620796,7.834064343086574,8.878857597762117
-14.46993,101,652.116996,1.0,0.04979106463692375,1408.0642864307338,7.884924551061553,13.941230558720136
-71.127241,200,652.283647,0.0,0.12821230720470997,1803.2058987093942,11.434762741729338,9.016029493546972
-43.60652,127,652.832864,1.0,0.04521924554050959,68.60326901629348,0.5000085413751019,0.5401832206007361
-99.940342,200,653.057906,0.0,0.300781985867839,2129.8036421126476,13.06414939766156,10.649018210563238
-131.109882,200,653.208822,0.0,0.3487404418674793,2424.489387192628,14.03469563332602,12.12244693596314
-41.17595,141,653.313192,1.0,0.04796035694877675,530.9135523753388,3.2252626334395034,3.765344343087509
-117.374279,200,653.457931,0.0,0.24729109383372094,827.7567237938166,4.535233596901641,4.138783618969083
-20.180221,126,653.540621,1.0,0.043627100581259716,1666.8208020343814,9.5122441475623,13.228736524082391
-58.688554,200,653.681339,0.0,0.056599173185285324,2616.4112404743855,14.766972421622041,13.082056202371927
-46.251978,200,653.823515,0.0,0.14147892092260297,1763.3114705746475,10.988905674567885,8.816557352873238
-77.724743,200,653.954981,0.0,0.18638210733708552,2578.008202122583,15.326569915423537,12.890041010612915
-136.22916,200,654.092434,0.0,0.37852248569888297,2335.7305545713766,13.538841704097456,11.678652772856884
-170.265202,200,654.222231,0.0,0.8325575970284054,3325.182875056826,19.119728801993972,16.62591437528413
-138.235994,200,654.782078,0.0,0.4006572982726358,3059.841852410649,17.383099018265064,15.299209262053246
-31.513775,150,654.932902,1.0,0.04745034740558461,1641.1661171125606,9.835771216406577,10.941107447417071
-38.021165,151,655.042182,1.0,0.048282860836488306,1033.3644472764568,5.960553467557265,6.843473160771237
-47.325137,142,655.134638,1.0,0.04696825599560132,385.2333669774861,2.499591463199921,2.712911035052719
-100.517472,200,655.274792,0.0,0.19635946332669715,2195.2533071878215,12.54640847280216,10.976266535939107
-24.282803,129,655.36645,1.0,0.04720489200946918,1699.3865353004408,9.691795309847192,13.17353903333675
-102.071809,200,655.506965,0.0,0.23775740796416472,1642.1691578316634,10.192853861052804,8.210845789158316
-20.726181,83,655.569846,1.0,0.04884507699122857,27.65280448491441,0.24345558357740238,0.3331663190953543
-11.559367,94,655.644994,1.0,0.048805914088025204,1333.1197944587013,7.705272696024286,14.182125472964907
-80.299411,200,655.797312,0.0,0.12884452216399725,765.5343935768849,4.623482510173457,3.8276719678844247
-149.922603,200,655.953869,0.0,0.4590624820615542,2498.5306267266496,14.1974918818066,12.492653133633247
-137.98843,200,656.09785,0.0,0.38939476975165166,2062.3445471482396,11.976025899621265,10.311722735741197
-122.204516,200,656.244714,0.0,0.3141500747613102,1082.5562704827682,6.491392616576083,5.412781352413841
-74.654606,200,656.8785,0.0,0.10687074716560081,1092.4423115301097,6.388766930846201,5.462211557650549
-53.786088,169,657.006482,1.0,0.04730501975447133,924.3282004517506,5.6532905265234294,5.469397635809175
-34.569619,142,657.10517,1.0,0.0472244922065756,819.9203132777225,5.02994913326494,5.774086713223397
-48.063709,200,657.240783,0.0,0.4076785455518165,1424.0132708339113,8.378371186686703,7.120066354169556
-116.655892,200,657.374472,0.0,0.2818474786460139,2390.7865907074897,13.642104849396684,11.953932953537448
-81.975695,200,657.512302,0.0,0.13450836309842412,2796.227798192078,15.386280679073005,13.981138990960389
-89.116171,200,657.644878,0.0,0.1380724981841778,2408.2605005939176,13.793632504529556,12.041302502969588
-54.716259,180,657.755698,1.0,0.049083249628703994,2248.8634342907017,12.08448778091799,12.493685746059453
-7.192692,33,657.779536,1.0,0.04391377516932071,155.49135030648915,1.42108209583753,4.711859100196641
-46.928474,200,657.912144,0.0,0.20162092488743888,1664.4940147460945,10.886993623714167,8.322470073730473
-87.835196,200,658.048394,0.0,0.13153607511820134,2127.4898930202617,12.816531909399766,10.637449465101309
-69.21178,200,658.592225,1.0,0.049728626084367164,2656.6434700634345,14.944914764731951,13.283217350317173
-153.609718,200,658.786235,0.0,0.4992386850398259,2817.980581443839,16.121974780192303,14.089902907219196
-44.940844,191,658.920437,1.0,0.04890416275040035,2521.9316196188092,15.188260993460837,13.203830469208425
-80.089868,200,659.060737,0.0,0.07544029915212058,1114.644129349463,6.580045555914907,5.573220646747314
-121.655496,200,659.210853,0.0,0.3065735585730943,1865.8651465406076,11.342851242934598,9.329325732703039
-10.8789,84,659.271076,1.0,0.04026124983137645,420.3406317183309,2.5926765953842628,5.004055139503939
-33.606861,159,659.37419,1.0,0.047300861743592285,2180.0172419919377,12.718558587167129,13.710800264100238
-20.029416,128,659.458903,1.0,0.04840949318749544,1490.3701285086763,9.060455039994249,11.643516628974034
-49.138714,200,659.59002,0.0,0.32192055660940844,1579.1016108959498,10.270793130777323,7.895508054479749
-35.200522,155,659.68961,1.0,0.046041636338859465,2228.6374224643264,12.406024696742689,14.378305951382751
-140.247459,200,659.819763,0.0,0.3952607677481774,2547.122195689486,14.399445603368273,12.735610978447431
-12.032356,61,659.858077,1.0,0.04826458217451649,25.172507500104242,0.22045478075714872,0.41266405737875805
-131.008697,200,659.987519,0.0,0.35414169533784096,1595.12349784976,9.2220472793194,7.9756174892488
-71.992403,200,660.592693,0.0,0.07424501615043985,1894.804482878379,11.1700943032627,9.474022414391895
-64.411231,194,660.737453,1.0,0.04693801956144209,1715.147380515683,10.218616033291706,8.84096587894682
-161.245873,200,660.881015,0.0,0.6090251689734534,2718.06085665045,15.266616131522131,13.590304283252252
-80.66891,200,661.011281,0.0,0.11728637096665406,1411.6127868512287,8.936819288492014,7.058063934256143
-76.798291,200,661.136101,0.0,0.07492108920198187,1833.5311711410234,10.573776701610555,9.167655855705117
-38.490592,131,661.224629,1.0,0.047621556935604055,285.3756417984885,1.6609071836142106,2.17844001372892
-46.347769,171,661.332758,1.0,0.04761300789423313,2283.560073391786,12.832293548629758,13.354152475975356
-42.543762,168,661.452786,1.0,0.04632526300530871,2255.904288944661,12.856955722346694,13.428001719908696
-116.437094,200,661.585855,0.0,0.3555703132451001,2170.6852068254643,13.280540913510663,10.853426034127322
-61.625035,192,661.710694,1.0,0.04579537733426172,1665.6037697430702,9.799438439457933,8.67501963407849
-64.084978,200,661.847409,0.0,0.11621992637770742,2234.315019259807,13.579349760693379,11.171575096299033
-88.657485,200,662.438933,0.0,0.1310231332888248,2675.8127333904745,15.373149382706428,13.379063666952373
-57.342165,179,662.625754,1.0,0.04779986440415201,1212.1649823013624,6.705866318468112,6.7718714095048185
-73.937817,200,662.776927,0.0,0.062400748883403155,2322.6401627062696,13.207281812676761,11.613200813531348
-115.824596,200,662.925546,0.0,0.5381679064776026,3100.8038148463484,18.107636720232914,15.504019074231742
-86.335587,200,663.062665,0.0,0.12633315254696081,1467.3240308768036,8.719148058557325,7.336620154384018
-83.844332,200,663.20029,0.0,0.123415095906822,2353.910871427388,13.731816500844454,11.76955435713694
-46.991211,200,663.333846,0.0,0.3477326802587226,2242.021697839544,13.99323151212292,11.210108489197719
-85.533452,200,663.459736,0.0,0.29923513133531593,2541.597843268906,15.009504482196618,12.707989216344531
-29.355707,200,663.592271,0.0,0.23468233247007123,2733.96938391842,15.537688377823057,13.6698469195921
-62.716355,194,663.71422,1.0,0.04875202241517846,2243.599518977844,12.955428633555773,11.564945974112598
-84.209438,200,664.270814,0.0,0.16622053669449902,2484.921553729543,14.854725297002382,12.424607768647716
-22.621686,94,664.365009,1.0,0.04952425381254888,62.687503924548096,0.4787871945501286,0.6668883396228521
-114.378941,200,664.51196,0.0,0.2997716442926958,2621.2619427801733,14.98961304804395,13.106309713900867
-41.963145,155,664.622854,1.0,0.043707674779886664,761.2778679692253,4.630492543031872,4.911470115930486
-97.479467,200,664.760819,0.0,0.1848300398705819,2153.1424912507105,12.327393410643456,10.765712456253553
-58.380199,200,664.890679,0.0,0.05379420720525509,2759.96318539991,15.961070888751985,13.79981592699955
-118.64674,200,665.042464,0.0,0.24688825114946847,1159.6343391628434,6.811271168165173,5.798171695814217
-69.665938,199,665.17394,1.0,0.04639697456323753,1964.508920014247,11.160750191411232,9.871904120674609
-47.879645,168,665.279653,1.0,0.042565632168875316,1073.4109112691167,6.154013339368893,6.389350662316171
-31.249847,166,665.385783,1.0,0.04601293221009938,1885.2776198947142,11.102835746060839,11.357094095751291
-89.5977,200,665.516199,0.0,0.1425308586179853,2235.1104531010064,12.982223646704293,11.175552265505033
-68.509454,200,666.105623,1.0,0.04205630048170279,2717.268469677434,15.393251935738636,13.58634234838717
-128.953331,200,666.295945,0.0,0.3450771774174016,2706.183032634531,15.511424873641207,13.530915163172656
-52.216069,161,666.398695,1.0,0.048904991623124464,635.9655721071321,3.943446992135067,3.950096721162311
-15.140984,107,666.47467,1.0,0.04865236746322565,1062.82670437606,6.037933509515109,9.932959853981869
-30.691071,200,666.60379,0.0,0.17946241988388137,2879.814530803842,16.744525070906562,14.39907265401921
-79.967295,200,666.740506,0.0,0.08105358508237243,1175.632487199469,7.044507570196275,5.8781624359973454
-26.507591,143,666.829695,1.0,0.047682977866263,1781.8049117350877,10.194744445151496,12.460174207937676
-103.335319,200,666.964617,0.0,0.2019296537480865,1397.8753386564208,8.163590989566536,6.989376693282104
-63.2347,200,667.105719,0.0,0.1935685646139803,2645.3106584405373,15.599534260997324,13.226553292202686
-58.361426,151,667.20062,1.0,0.048665430640750594,111.64310393283849,0.7756522799448049,0.7393583041909834
-130.95354,200,667.327589,0.0,0.3963250584464351,2544.5492121093775,14.694738282480978,12.722746060546887
-134.815229,200,667.461953,0.0,0.4767221623188817,2164.459636315514,13.130079635049313,10.82229818157757
-23.295578,90,667.927732,1.0,0.047953845591119815,25.442370234463052,0.223153408141007,0.282693002605145
-127.765758,200,668.108622,0.0,0.3443122296882005,2629.3339989856518,14.837183182712003,13.146669994928258
-83.844095,200,668.240791,0.0,0.11624636510906722,2717.817463167367,15.742539949174477,13.589087315836835
-72.147289,200,668.372175,0.0,0.09517668869265827,2694.178785124648,14.972081858160532,13.47089392562324
-111.168303,200,668.514729,0.0,0.20422637057973797,720.8690111434414,4.2252412083065884,3.604345055717207
-41.659464,200,668.66995,0.0,0.18819682398297669,2874.198005114799,16.926568313038178,14.370990025573995
-12.962627,99,668.739667,1.0,0.04763729698293551,1349.8224910969554,7.640255877456804,13.634570617140964
-82.849221,200,668.86791,0.0,0.10044185053643409,1640.408745436015,9.765548006515283,8.202043727180074
-54.940941,200,668.998636,0.0,0.21067349601885055,2986.8828276868558,17.20228956444017,14.93441413843428
-81.152397,200,669.152904,0.0,0.11891109604008641,2582.4911420659787,14.88865168870288,12.912455710329894
-19.345183,80,669.205902,1.0,0.04709384720467575,25.349314119166912,0.22222284697415934,0.3168664264895864
-77.749678,200,669.346044,0.0,0.16461576390261573,2061.4540081060004,12.865429352458527,10.307270040530002
-38.392237,200,669.931999,0.0,0.2317126431899646,1566.9203776790791,9.235129818228911,7.834601888395396
-101.471691,200,670.080902,0.0,0.201875861329568,2159.6138715771854,12.368457961640384,10.798069357885927
-10.2726,87,670.137082,1.0,0.04986879692336523,845.5604745405694,4.787012274901244,9.719085914259418
-31.29622,200,670.26767,0.0,0.34676788258175756,2013.3075777800732,11.769208972714882,10.066537888900365
-118.23488,200,670.396769,0.0,0.3780735140757269,2740.1627625810224,15.147272768448008,13.700813812905112
-60.300731,177,670.515188,1.0,0.04840756778206926,838.1149330991735,4.9070234941495094,4.735112616379512
-46.156562,170,670.64227,1.0,0.049635471293848,2248.996068864587,12.68519825651284,13.229388640379923
-51.642014,200,670.790229,0.0,0.12562476151588353,2609.6424481170657,14.974812415554355,13.048212240585329
-25.450961,134,670.880445,1.0,0.04758390869950729,2093.9418310423434,11.40624028069898,15.626431574942862
-86.82004,200,671.010137,0.0,0.08587193607692144,1042.5026228064025,6.068449044034505,5.212513114032013
-51.310744,171,671.12059,1.0,0.045984732936972944,1109.0138126040772,6.35418402916739,6.4854608924215045
-73.94137,200,671.726923,0.0,0.11375580187736818,2660.988234820157,15.164091063224253,13.304941174100783
-128.18555,200,671.925111,0.0,0.3310762629840765,1898.0340915474555,10.8825764250525,9.490170457737278
-67.50455,200,672.066611,0.0,0.11805988914280414,2534.8357487353546,14.729985570942501,12.674178743676773
-51.319537,200,672.194879,0.0,0.4262602574508743,1053.6649317569622,6.079971756469945,5.268324658784811
-52.591204,200,672.32585,0.0,0.42257973240406754,887.8964731906442,5.176206255224047,4.439482365953221
-50.796738,168,672.439019,1.0,0.04988755360346299,940.0058426316151,5.372977144908996,5.595272872807233
-61.172692,189,672.570611,1.0,0.047068683434396165,1870.2802925855365,11.226923425184962,9.895662923732997
-116.870774,200,672.724134,0.0,0.2731015335879241,1726.94987503775,9.954972676153531,8.63474937518875
-122.548531,200,672.856675,0.0,0.543536400676719,3015.341316200374,18.214868044322813,15.07670658100187
-151.991957,200,672.985863,0.0,0.5013926456393812,2574.121410716914,14.581226134086934,12.87060705358457
-15.538469,121,673.063026,1.0,0.04571081394503203,998.5460725796045,5.94765149435582,8.252446880823177
-38.726155,158,673.601068,1.0,0.046959752080409464,2010.7504367941647,11.509869802784731,12.72626858730484
-60.359826,171,673.765891,1.0,0.04740988174865748,514.7459428365838,3.25775825128995,3.010210192026806
-61.066374,188,673.894147,1.0,0.04983245290855825,2355.5624065401266,13.4301405355674,12.529587268830461
-74.108393,200,674.033439,0.0,0.07096798485890164,2420.056336718001,14.010066003452593,12.100281683590005
-78.682987,200,674.167714,0.0,0.15438733801687773,1685.193669796892,10.631951574948504,8.42596834898446
-43.67977,127,674.250861,1.0,0.04594818364715803,75.4881423220168,0.5648485114652775,0.5943948214332031
-37.092857,200,674.380138,0.0,0.21995984866052393,1679.8276885757182,10.107107742317835,8.399138442878591
-51.361445,173,674.492795,1.0,0.04823221226868694,761.9810640603306,4.5744116140788975,4.4045148211579805
-38.934289,200,674.632836,0.0,0.24289673651770288,1347.2555963268194,7.886492226531508,6.736277981634097
-101.313019,200,674.776648,0.0,0.20473231307225218,2006.0696904850906,12.062084290553628,10.030348452425454
-33.527439,200,674.918824,0.0,0.23714927065467672,2646.032295768778,15.52182966552174,13.23016147884389
-123.42782,200,675.474532,0.0,0.295785268737548,1072.517553663919,6.497071312030453,5.362587768319595
-17.432759,113,675.580582,1.0,0.048582369795073986,1458.2308541345353,8.522700549233036,12.904697824199427
-45.626825,171,675.742221,1.0,0.04669334201683733,2240.7178022821226,12.829939413268063,13.103612878842823
-107.0875,200,675.90047,0.0,0.22904472682562177,2383.502361052068,13.828771173352923,11.91751180526034
-41.888765,200,676.033017,0.0,0.15815332580303837,2133.959909103029,13.62424491428162,10.669799545515145
-30.867294,200,676.165885,0.0,0.3254627501203732,2587.1417023897593,14.290910534460547,12.935708511948796
-7.123649,33,676.190747,1.0,0.042140298788103096,133.90093910862572,1.2794645373782534,4.0576042154129
-22.55291,88,676.248221,1.0,0.048771040275925374,25.423759011403824,0.22296729590763747,0.28890635240231616
-48.443093,158,676.350485,1.0,0.044039268806338065,435.86535715063445,2.9071883584702776,2.7586415009533827
-13.100609,96,676.412179,1.0,0.04499423125678182,473.21321713887863,2.997240417168704,4.929304345196653
-76.213777,200,676.564148,0.0,0.251797543149443,2720.7199873579466,16.2005781388675,13.603599936789733
-8.337873,74,676.608655,1.0,0.04922232922711671,1021.6652888242272,5.669609157494632,13.806287686813882
-58.663324,200,676.73887,0.0,0.08471467443994925,1694.6451044432238,11.196727524070495,8.473225522216119
-161.764642,200,676.866266,0.0,0.7028696801036045,3010.0816032459275,18.361317034247374,15.050408016229637
-71.026246,200,677.435249,0.0,0.06792072086935505,2470.4634354828963,14.06539951511202,12.352317177414482
-67.080949,196,677.606018,1.0,0.047323798280953,1957.8506484048546,11.564038005375567,9.98903392043293
-31.127971,200,677.760336,0.0,0.09007312382990115,2701.3092684698063,15.943765516594105,13.506546342349031
-12.215158,93,677.828419,1.0,0.04899104950114128,1149.1407856984706,6.8382705668743275,12.356352534392157
-86.143334,200,677.988007,0.0,0.2539310876872807,2636.1047286048465,15.36024582082249,13.180523643024232
-111.983321,200,678.12506,0.0,0.38439346747643177,2324.2691696366755,14.121853192364943,11.621345848183378
-110.979854,200,678.255554,0.0,0.224700793399617,1246.0638247828977,7.235013489769176,6.230319123914488
-114.185763,200,678.387679,0.0,0.32258315587372294,2507.9050916246792,14.716907588225979,12.539525458123396
-129.871509,200,678.520701,0.0,0.3936634205208699,3194.5836065928606,18.261931081846313,15.972918032964303
-54.33853,153,678.618159,1.0,0.047256843544737435,368.54395933704416,2.32484939537357,2.408784047954537
-7.950173,83,678.673852,1.0,0.046350387957197654,1164.6329711754545,6.764058332725683,14.031722544282584
-138.45284,200,679.212203,0.0,0.5270161561383654,2934.1920474749145,16.379874603808624,14.670960237374572
-53.464785,200,679.39695,0.0,0.12132744438857135,2089.3042554210083,13.126156473441187,10.446521277105042
-37.488915,174,679.512956,1.0,0.048572052285270145,2282.371815764391,13.051815813682484,13.117079400944776
-52.953371,163,679.628588,1.0,0.04941193111038355,646.9737621821539,4.055362316684416,3.9691641851665884
-31.614332,105,679.702403,1.0,0.048808501528906756,25.581954407407263,0.2245492498912786,0.2436376610229263
-83.745046,200,679.830183,0.0,0.10913068815087784,1791.4571254698205,10.16696772059689,8.957285627349103
-56.333177,168,679.932194,1.0,0.04748642446511219,753.8369062380285,4.511547380233238,4.487124441893027
-12.607898,101,679.99463,1.0,0.04341285737620729,597.4953009955284,3.4674686532607906,5.915795059361668
-55.888309,181,680.118545,1.0,0.048769845103977666,1704.1995671996754,9.641195056038036,9.415467222097654
-46.919116,164,680.225625,1.0,0.047003856671449795,957.3184421589136,5.7659827232898655,5.837307574139717
-114.114937,200,680.352897,0.0,0.5086696335984411,2893.650331670276,16.767492085034434,14.468251658351381
-60.14789,183,680.469705,1.0,0.04878436251881187,1207.7681482761122,6.8724212854167375,6.5998259468640015
-34.841142,185,680.592875,1.0,0.048783074183732004,2640.58708643238,15.213435017750946,14.273443710445298
-39.83305,141,681.150057,1.0,0.0499519896325047,435.0138715745734,2.626144155352601,3.085204762940237
-123.938053,200,681.313033,0.0,0.46848265210945395,2633.6383886851854,15.064704906416578,13.168191943425928
-7.25768,73,681.360484,1.0,0.048971860214805915,897.6175914771881,5.033874032359561,12.296131390098466
-19.342468,119,681.440604,1.0,0.049221079409718066,1716.8770078508503,10.028833266840254,14.427537881099582
-42.199869,151,681.54191,1.0,0.049255596850251805,709.9215650878232,3.9560347161293006,4.701467318462405
-14.31775,101,681.60744,1.0,0.048590353925556586,1326.5070537179245,7.651292696035411,13.133733205127966
-64.847015,194,681.74622,1.0,0.04780904966201736,2765.5447100616366,16.09056083389564,14.255385103410498
-42.769511,200,681.87942,0.0,0.21905730069445006,1249.2261506355485,7.310176157708881,6.246130753177742
-30.031783,143,681.97411,1.0,0.048463803595054894,1717.3954517801453,9.963292043235139,12.00975840405696
-88.499075,200,682.103099,0.0,0.13256817054523953,1910.7895019613625,10.809027480612247,9.553947509806813
-112.256236,200,682.23215,0.0,0.47110190759189385,2815.644190429467,16.75967411988112,14.078220952147335
-35.969183,153,682.344278,1.0,0.048374849337940076,2212.3298974525574,13.03784866373595,14.459672532369655
-91.556206,200,682.910823,0.0,0.16509352611657113,1363.062337825836,8.041725306805418,6.81531168912918
-129.354841,200,683.122377,0.0,0.34186533027646987,1302.5202537579232,7.729829810304929,6.512601268789616
-25.453409,93,683.184874,1.0,0.04874246204760454,25.47028706905187,0.2234325764910611,0.2738740545059341
-99.709713,200,683.32463,0.0,0.19009710493368068,2702.1165393465826,15.358529312830978,13.510582696732913
-39.074832,165,683.454282,1.0,0.049726028611029365,2135.199439362467,11.774068306164954,12.94060266280283
-146.246909,200,683.600493,0.0,0.430658313002751,2556.6883956045995,14.846589674327808,12.783441978022998
-45.568247,131,683.695401,1.0,0.04657284662532728,111.45708218211092,0.7737928146334894,0.8508174212374879
-54.350219,178,683.83096,1.0,0.04965246482084537,1238.4322005438169,7.469643638545455,6.957484272718072
-55.177971,166,683.943153,1.0,0.04656240088543901,632.4016079845534,3.7985454801347065,3.8096482408708034
-30.584339,144,684.034783,1.0,0.04973555215313506,1769.5303923470285,9.780661300567353,12.28840550240992
-27.048522,200,684.165279,0.0,0.19595736033587088,2630.4661451143957,15.230577736847948,13.152330725571979
-27.413643,134,684.250809,1.0,0.046337821916179134,1938.8839472551329,11.186285578036951,14.46928318847114
-39.991449,200,684.379311,0.0,0.1908733751917454,2538.31737546719,15.328240713405963,12.691586877335949
-46.68898,179,684.959695,1.0,0.04947141841260074,2531.086158647394,14.312074457299191,14.140146137694938
-45.235052,161,685.089331,1.0,0.04784031638799512,966.2010720125616,5.4452516436355145,6.00124889448796
-120.07107,200,685.223509,0.0,0.22820621219834805,1033.2315056823113,6.507379853002027,5.166157528411556
-130.132929,200,685.355797,0.0,0.3106205299334619,1010.2924264842345,6.0085575827321085,5.051462132421173
-31.471564,144,685.447874,1.0,0.0495781613309871,1382.27561118228,8.149175363525892,9.599136188765833
-26.581308,200,685.581268,0.0,0.2770613202980492,2861.537823440357,15.611481895197054,14.307689117201784
-21.317231,125,685.660785,1.0,0.04850945864263075,1387.4879232850483,8.240800038902032,11.099903386280387
-29.159708,200,685.787864,0.0,0.303770607788056,2788.3517467116576,15.81329570809674,13.941758733558288
-47.789952,176,685.911294,1.0,0.04817467030437374,2134.362272117161,12.07348551257789,12.127058364302052
-113.236845,200,686.038631,0.0,0.26022121653216673,2147.674408062234,12.088337323560268,10.73837204031117
-107.997031,200,686.17563,0.0,0.423278480344099,2668.0712423023006,15.515872112964686,13.340356211511503
-55.487024,200,686.84317,0.0,0.07000594761161244,2592.8214604025025,14.62593110525374,12.964107302012513
-90.426841,200,687.008212,0.0,0.24326968186753375,2794.352904812896,15.72045787467762,13.971764524064481
-34.113178,172,687.131009,1.0,0.04911627990124731,2245.2916575775357,13.44636777076351,13.054021264985673
-27.543879,129,687.217824,1.0,0.04464091308937737,375.50659535697974,2.278589069560809,2.910903839976587
-49.202879,200,687.35973,0.0,0.3948318228398687,989.047565072686,5.894882895520437,4.94523782536343
-61.349802,191,687.480075,1.0,0.04878657065857954,2542.94607397536,14.319053365541187,13.313853790446911
-134.662855,200,687.611351,0.0,0.44507119460108346,2316.4338968888064,13.243907501846257,11.582169484444032
-42.688422,200,687.748194,0.0,0.11858310805876757,2642.134212524729,14.969681277614452,13.210671062623645
-30.190076,200,687.879072,0.0,0.32812386333963833,2200.4554178706276,12.467207228148125,11.002277089353138
-30.134855,174,687.99423,1.0,0.049943771483384414,2277.868473762106,13.050400264982574,13.091198125069575
-19.87899,83,688.052684,1.0,0.0497212442896301,25.37723095375575,0.2225020153242136,0.3057497705271777
-86.741422,200,688.597664,0.0,0.2547074734631364,2342.3348416229437,14.317785454392395,11.711674208114719
-35.607177,149,688.74894,1.0,0.04760789288296156,990.7441332400339,5.752265406073631,6.649289484832442
-36.719574,121,688.842889,1.0,0.04781226304352234,101.98120179871519,0.7828086097372141,0.8428198495761586
-72.534103,200,688.989824,0.0,0.07415214323524702,2247.4953384247765,12.766791324510342,11.237476692123883
-93.35197,200,689.129513,0.0,0.1581862292442129,2434.9435184855333,14.012333890494512,12.174717592427667
-138.55183,200,689.26949,0.0,0.4077234527700864,1622.624022957561,10.292498312155631,8.113120114787804
-98.152244,200,689.43441,0.0,0.21924039725527644,2688.0816664858853,15.321244572015136,13.440408332429426
-132.450785,200,689.613846,0.0,0.34384391612836623,1150.3425035900639,6.67470937779193,5.7517125179503195
-124.579193,200,689.756917,0.0,0.32770940841120333,2190.859910632854,12.181181605641067,10.954299553164269
-102.749033,200,689.893614,0.0,0.15879994524324828,1053.4196176890962,6.179703337029817,5.267098088445481
-26.719345,134,689.986671,1.0,0.049063621720180264,1804.7097827263212,9.781916468477005,13.467983453181501
-38.245991,158,690.090146,1.0,0.0463594591621772,2434.5156600254772,13.496485030537965,15.408326962186566
-76.579777,200,690.69968,0.0,0.22920208117021704,2646.3818020284534,15.956844402407228,13.231909010142267
-15.814777,113,690.811285,1.0,0.047688842967765155,1134.2678431137022,6.754615757535401,10.037768523130108
-139.603401,200,690.962027,0.0,0.655827463355117,2981.198216163075,17.364574665128604,14.905991080815374
-80.14185,200,691.100788,0.0,0.12007984271794096,2686.8972891122003,15.436657850650768,13.434486445561001
-127.017354,200,691.247649,0.0,0.49554827427603076,2563.6600809858683,15.051736938034905,12.81830040492934
-63.580513,200,691.382172,0.0,0.06551664656090908,1608.6953410290726,9.389218586919,8.043476705145363
-8.772983,79,691.43464,1.0,0.04752494619021909,1044.2106748323297,5.881107771086622,13.217856643447211
-27.987035,100,691.503804,1.0,0.04619905884146082,25.5354263497592,0.2240839693078548,0.255354263497592
-119.585641,200,691.630717,0.0,0.29930468594524173,2872.6085658908787,16.11278378342917,14.363042829454393
-118.164391,200,691.775717,0.0,0.2702880399314728,1275.400137445751,7.7889043715392345,6.377000687228755
-129.769322,200,691.906501,0.0,0.42103556418098453,2753.696743269831,15.653437770382999,13.768483716349156
-137.065845,200,692.048119,0.0,0.3752669519452104,1684.9711822753277,9.426336865671418,8.424855911376639
-101.394217,200,692.650167,0.0,0.29560738025533473,2639.00952691403,15.082478350963935,13.195047634570152
-26.590482,140,692.750582,1.0,0.045785298666228054,2020.5471208625409,11.57302027413157,14.432479434732434
-50.118908,175,692.872158,1.0,0.045838057345999224,1664.1304657105043,9.634858789659262,9.509316946917167
-133.842375,200,693.007607,0.0,0.4295442492308129,2689.557720049742,14.967170040129371,13.447788600248709
-112.787739,200,693.141941,0.0,0.2153184964157053,849.4134733278421,4.768407189495173,4.247067366639211
-8.842045,37,693.168579,1.0,0.04475974063349777,134.3721522801455,1.142160723853659,3.631679791355284
-68.963436,200,693.319394,0.0,0.06982940379302745,2898.1580983383933,16.09662731151725,14.490790491691966
-40.289897,200,693.462095,0.0,0.2260399865389528,2801.6035784677724,16.292381711069023,14.008017892338863
-119.45022,200,693.592047,0.0,0.2942677796825923,2414.774545980713,14.144138981859205,12.073872729903565
-101.579888,200,693.734935,0.0,0.21262868240654414,2291.0700226409303,13.202784079670064,11.455350113204652
-56.348792,182,693.865351,1.0,0.04942453449784618,1742.5778612294782,9.87786380452166,9.574603633129001
-120.991209,200,694.423851,0.0,0.31865624100148493,2605.4909947547017,14.363322209826467,13.027454973773509
-23.177383,88,694.49886,1.0,0.04980330266632268,25.423759011403824,0.22296729590763747,0.28890635240231616
-39.693349,168,694.636855,1.0,0.04489189260183317,2012.4255022567368,11.441387403489017,11.978723227718671
-50.731197,200,694.775812,0.0,0.4307621146509104,1044.9802414068185,6.25288440610551,5.224901207034093
-43.907245,200,694.913055,0.0,0.19893565489101384,2607.3513970445547,15.501660871662917,13.036756985222773
-26.302635,98,694.978499,1.0,0.04669898284792551,25.516815126699967,0.22389785707448523,0.2603756645581629
-16.878861,112,695.057857,1.0,0.048640818559482726,1676.1480403319897,9.233836422886013,14.965607502964193
-68.563437,200,695.210516,0.0,0.14594639354542777,1895.391484323833,11.8975637013798,9.476957421619165
-23.76023,130,695.312949,1.0,0.04905127817012779,1602.4023970562955,9.073110676455238,12.326172285048427
-103.904833,200,695.451872,0.0,0.23948663434581738,2429.3286835553668,13.97927070019045,12.146643417776835
-99.071032,200,695.592146,0.0,0.21220983261710302,2580.9714934843832,14.70788265371291,12.904857467421916
-79.724976,200,695.730309,0.0,0.29635893614909053,2726.72362700521,15.786880380771033,13.63361813502605
-151.384206,200,696.287578,0.0,0.4903077261533038,2598.1299817021854,14.90084317348299,12.990649908510926
-25.979982,138,696.426704,1.0,0.0492486625139822,1810.2740753906253,10.004018183059125,13.117928082540763
-110.287618,200,696.574701,0.0,0.24632930452052051,1730.0145322185813,10.341026961350343,8.650072661092906
-56.77689,200,696.715645,0.0,0.19020333541153062,2156.579981138907,13.008056960198141,10.782899905694535
-132.699608,200,696.85432,0.0,0.3675298184868535,1878.2091131125765,11.022242682667908,9.391045565562882
-69.559295,198,696.983649,1.0,0.04972426655480556,1703.8555696061314,9.82931351167054,8.605331159626926
-53.260644,180,697.094953,1.0,0.04851354808843347,2180.0461102998306,12.379886295769948,12.111367279443503
-30.782617,200,697.223219,0.0,0.29770310606335215,2261.590026691527,13.063435728469717,11.307950133457634
-74.68148,196,697.355694,1.0,0.045259057283779915,1109.1438223598143,6.647491167927384,5.6588970528561955
-83.462588,200,697.490818,0.0,0.13583770251702967,2311.858396625836,13.073808760825438,11.55929198312918
-102.401383,200,697.619503,0.0,0.21072791125274104,2530.794713121204,14.739240904415594,12.65397356560602
-75.095147,200,698.260866,0.0,0.18642122047180804,2596.0617616559666,15.36589883645224,12.980308808279833
-98.277028,200,698.438805,0.0,0.15780682562155637,1226.2902318227943,7.110743457371774,6.131451159113972
-93.993337,200,698.57728,0.0,0.3356607829819711,2286.5795333296055,13.61124935389388,11.432897666648028
-119.356639,200,698.708845,0.0,0.2584441863986595,771.4408691689571,4.368477708232654,3.8572043458447856
-73.587591,200,698.841259,0.0,0.06356086258316619,1637.2856065854567,9.573622598188068,8.186428032927283
-38.976965,163,698.948913,1.0,0.041450281288615734,2267.054242023131,12.679623754504517,13.908308233270741
-118.66177,200,699.073862,0.0,0.3461871486203839,2633.9315798477332,14.700457176386305,13.169657899238667
-37.864897,169,699.184896,1.0,0.03941201868855152,2183.565772427799,12.859595102389118,12.920507529158574
-53.40643,186,699.31442,1.0,0.04795498333808676,1794.6928293502847,10.60802737253323,9.648886179302606
-122.849036,200,699.442129,0.0,0.3794014671642845,2956.0821863109704,17.67828696413281,14.780410931554853
-30.998385,158,699.546643,1.0,0.04704837434163086,2086.5946147649847,11.831743022872695,13.206295030158131
-103.757448,200,700.125447,0.0,0.1260923165823196,621.0532502579688,3.8772393818304787,3.105266251289844
-56.367023,150,700.260155,1.0,0.04781123534373085,273.94013197304326,1.8370019581399273,1.826267546486955
-124.161379,200,700.397684,0.0,0.3214155102151653,2547.4115701923256,14.390251187876858,12.737057850961628
-106.581783,200,700.543072,0.0,0.1875903860513745,1174.2270829975694,7.447101958461857,5.8711354149878465
-69.787963,200,700.677546,0.0,0.05497482608539155,2442.9035549854293,13.886533921012303,12.214517774927147
-101.937728,200,700.818657,0.0,0.21372623522952836,2226.3223547214734,12.61986667120951,11.131611773607368
-114.50159,200,700.972467,0.0,0.25670325590067417,1537.0838018361824,8.656318280342614,7.685419009180912
-139.189215,200,701.136774,0.0,0.5955350369386009,2801.395774561921,16.493272864123906,14.006978872809604
-11.204591,93,701.205862,1.0,0.047891656085800385,1191.1814507091362,7.007565377334407,12.808402695797163
-10.816394,39,701.241335,1.0,0.03851871909973442,94.60640848653593,0.8602349486247992,2.4258053458086133
-8.571034,80,701.301181,1.0,0.04788455300369565,1221.5962194680094,6.622623369251322,15.269952743350117
-13.194411,66,701.347746,1.0,0.04986888987928158,25.219035557752317,0.2209200613405726,0.3821065993598836
-132.951802,200,701.477671,0.0,0.37013479542251565,2605.7370428053327,15.196729044549855,13.028685214026664
-47.569968,200,702.040382,0.0,0.4431115839719766,1310.455142343067,7.783967677925121,6.552275711715335
-47.972021,200,702.222338,0.0,0.15834253536973408,2850.4008301687536,16.40111652514935,14.252004150843767
-100.811321,200,702.353796,0.0,0.21264324065579976,2688.340286971734,15.00175657854025,13.441701434858668
-160.915611,200,702.496677,0.0,0.6379031275397519,2615.4174007471697,14.889716696973547,13.077087003735848
-58.336049,195,702.634726,1.0,0.048635578784469,2493.263242965101,14.286383087320825,12.78596534853898
-67.468973,191,702.757948,1.0,0.04973855339073406,1494.097355054198,8.781149994381883,7.822499241121456
-44.800148,200,702.894213,0.0,0.1781611762411989,1342.7695093769769,8.098108374245747,6.713847546884884
-23.009335,128,702.975667,1.0,0.04968934045183102,1826.1643488471575,10.533491227291345,14.266908975368418
-38.441721,200,703.107785,0.0,0.18943398875137035,1733.6245213424324,9.804873720035513,8.668122606712162
-35.41233,151,703.2058,1.0,0.043357664372286685,1094.9679292296953,6.188244831071376,7.251443239931757
-30.006673,200,703.334605,0.0,0.29184883059828104,2547.9595020874763,14.144273865096508,12.73979751043738
-88.78495,200,703.888589,0.0,0.201834319233326,2555.048036810451,14.363748946986375,12.775240184052254
-118.443246,200,704.053914,0.0,0.24148891935830433,992.713639939151,5.885277965456543,4.963568199695755
-110.330534,200,704.209859,0.0,0.37994564876583037,2745.537391371865,15.960710257645996,13.727686956859324
-142.193483,200,704.385723,0.0,0.6824907742925084,2957.3287345199433,17.30569633949838,14.786643672599716
-51.371587,161,704.515961,1.0,0.04618502800547076,524.093773705987,3.0200146221032336,3.255240830471969
-43.112791,200,704.667116,0.0,0.19315589533566838,1464.7672971650527,8.557479321109685,7.323836485825264
-118.080166,200,704.795525,0.0,0.5315926666200368,3055.751942780137,18.04518606522003,15.278759713900685
-71.766662,200,704.930587,0.0,0.05219456687267823,1520.3685202287982,8.974469098142176,7.601842601143991
-46.333768,170,705.046179,1.0,0.045472818595258487,1506.27101073706,9.188438970813468,8.860417710218
-33.902912,192,705.170096,1.0,0.04732589851239689,2619.185887906586,14.90875158748018,13.641593166180135
-49.220984,200,705.297771,0.0,0.43442201491325044,1016.918728735483,6.147441258909257,5.084593643677415
-12.85783,98,705.836877,1.0,0.038680887010649284,389.58947781201755,2.39096745869029,3.9754028348165056
-59.534544,200,706.014099,0.0,0.18190495103430857,2927.1134393001726,16.61485984637233,14.635567196500864
-12.28091,100,706.082092,1.0,0.04902181616816377,1402.6272693688143,8.118874188985062,14.026272693688142
-55.906499,200,706.230754,0.0,0.1348877783617782,2723.1773545295873,15.79291050201479,13.615886772647936
-59.627632,200,706.360639,0.0,0.20905583642447453,2646.7193302553683,15.772205243790175,13.23359665127684
-15.109752,108,706.432081,1.0,0.04936700947901783,1503.946187508046,8.667262452048291,13.925427662111538
-57.961236,200,706.569804,0.0,0.0901851441395858,2620.6989614382865,14.737473239736167,13.103494807191431
-94.829186,200,706.720309,0.0,0.09602467289790817,684.1355786437331,4.222107673943702,3.420677893218665
-81.56032,200,706.853957,0.0,0.1008272803902985,1872.6377210471412,10.803939472924748,9.363188605235706
-40.014228,124,706.936536,1.0,0.04818650896956411,39.78857560814016,0.3499915481608861,0.3208756097430658
-29.089478,148,707.035557,1.0,0.047109476638152036,1039.2072555124398,6.024488628269368,7.021670645354323
-19.335427,80,707.089191,1.0,0.04812207532733295,25.404339144914687,0.22277275943943997,0.31755423931143356
-33.093573,200,707.222137,0.0,0.21210245145662146,2662.3084983992862,15.272798708010296,13.31154249199643
-19.519683,119,707.739725,1.0,0.047680195879988924,1453.039268135828,8.30580373891283,12.210414017948136
-18.963353,104,707.857391,1.0,0.04261779577511513,325.25186399431004,1.9567843300103238,3.127421769176058
-93.930358,200,708.019951,0.0,0.34682005712793396,2997.6759699309023,17.478587594004694,14.988379849654512
-53.49447,200,708.160747,0.0,0.06289190206599884,2875.536521815826,16.237878439825764,14.377682609079129
-133.8603,200,708.29698,0.0,0.3740661794494483,1585.9397925520066,8.971824270537104,7.929698962760033
-45.890002,200,708.434773,0.0,0.09967629282509116,2918.61725732918,16.18657748929875,14.593086286645901
-26.609145,142,708.539572,1.0,0.04735584590511699,915.1659257616271,5.585419689970742,6.44483046311005
-114.092146,200,708.67547,0.0,0.27629533120624244,2601.3774337760915,14.821915900128204,13.006887168880457
-61.52615,173,708.809418,1.0,0.046362952939024274,760.3872719110207,4.691527035872459,4.395302149774686
-106.629999,200,708.942797,0.0,0.33462712359007174,2627.964843461279,15.322137697197219,13.139824217306396
-80.300641,200,709.07464,0.0,0.1413869269947714,2719.32809128026,15.309845233927607,13.596640456401301
-30.748811,152,709.575576,1.0,0.044732670088214105,2021.5078609124766,11.59444988899759,13.29939382179261
-106.756189,200,709.76655,0.0,0.16220645550627152,504.4969609508783,2.873110554637386,2.5224848047543915
-129.18356,200,709.902287,0.0,0.4404158072292297,2655.9029695079926,15.164384126193449,13.279514847539962
-116.650486,200,710.039841,0.0,0.3121841609269144,2750.459411272541,15.68773926992613,13.752297056362703
-92.969821,200,710.173123,0.0,0.24976470398105693,2794.6848342315034,15.60201057603562,13.973424171157516
-110.961265,200,710.305971,0.0,0.5143358379063517,3169.7222708810214,18.09524345710816,15.848611354405106
-156.356948,200,710.437142,0.0,0.5680130594140713,3006.9103509295164,17.15532289869794,15.034551754647582
-62.887475,190,710.568681,1.0,0.04921355223465514,2222.7836561397253,12.435959541717255,11.698861348103817
-14.885633,108,710.638842,1.0,0.04767781794944438,664.7267910994824,4.013936846071321,6.1548776953655775
-97.576414,200,710.766667,0.0,0.1794330391477416,2390.291674886664,13.818256259984274,11.95145837443332
-84.893573,200,710.915766,0.0,0.11879453531096754,2345.447878726908,13.165300684457849,11.727239393634541
-27.476497,100,710.988777,1.0,0.04621042249339926,111.16851088375657,0.7709071053640945,1.1116851088375657
-33.343789,157,711.633738,1.0,0.047953274211224126,2087.971257013767,12.101607522349635,13.299179980979408
-99.826072,200,711.794768,0.0,0.20602259038980875,2654.423379596855,15.321781142869936,13.272116897984274
-8.296963,34,711.823955,1.0,0.043533512097006684,110.1871590655052,0.8682319349707058,3.2407987960442703
-125.919243,200,711.95892,0.0,0.3234257776635144,1755.8166993146456,10.058529797947594,8.779083496573229
-27.332661,148,712.053586,1.0,0.0457361770331831,1917.7897445162257,11.037603852194431,12.958038814298822
-136.974629,200,712.188033,0.0,0.47276549781910354,2709.034716537728,16.008105505294466,13.54517358268864
-144.538972,200,712.323792,0.0,0.5168287625317916,2265.847715406892,14.12779899734303,11.32923857703446
-129.418599,200,712.453904,0.0,0.3326262543785416,1415.5022960058543,7.941913681933028,7.077511480029272
-38.089252,174,712.566115,1.0,0.04589297930505868,1770.1414979999133,10.527737798356013,10.173226999999502
-85.435663,200,712.696221,0.0,0.2017090465173132,2786.415838007256,16.06772591284293,13.93207919003628
-18.165548,119,712.775708,1.0,0.04379191443027098,1444.647405471296,8.553220099495128,12.139894163624335
-41.263177,122,712.859208,1.0,0.04633331322392085,25.740149803410706,0.2261312038749197,0.21098483445418612
-49.718018,200,713.475723,0.0,0.11967137967091694,2602.473783382144,15.627461636226085,13.01236891691072
-87.760045,200,713.647492,0.0,0.1682435109278937,3042.8012077467483,17.530210311830633,15.214006038733741
-34.713804,156,713.750698,1.0,0.04591730286593689,987.5866853487845,5.797836394219967,6.330683880440926
-10.353534,98,713.818993,1.0,0.047587470619004,1367.8488043052755,7.703025470367471,13.957640860257913
-98.853892,200,713.952499,0.0,0.15958263155524513,1300.0985420031586,7.592384950774626,6.500492710015793
-93.484277,200,714.089625,0.0,0.16049009364495417,2314.1884865501597,13.036554106486543,11.5709424327508
-126.821468,200,714.218616,0.0,0.3958865013416717,2140.5618113215683,13.341309696054182,10.70280905660784
-101.77555,200,714.362968,0.0,0.2014341015249055,2137.807509469478,12.156104376719757,10.689037547347391
-66.121839,184,714.509709,1.0,0.048177126214177586,1025.4838804356225,5.88225807510072,5.573281958889253
-96.859907,200,714.672087,0.0,0.3389228417315982,2796.2111027706205,16.251768575470933,13.981055513853102
-108.45862,200,714.819851,0.0,0.2335527871384898,1798.1461135496638,10.256999441442456,8.990730567748319
-79.677499,200,715.410779,0.0,0.10083212923192697,2292.646979077474,13.076821770538375,11.46323489538737
-59.831399,183,715.57661,1.0,0.04751102658741333,1475.3108292774266,8.772469210304878,8.061807810259161
-118.085386,200,715.707546,0.0,0.27421797191162023,1482.3854374507735,8.569030597929508,7.411927187253867
-28.922709,101,715.774634,1.0,0.048151450817884536,29.023418488563237,0.254778338877745,0.28736057909468554
-124.146475,200,715.910444,0.0,0.4011233315391033,2516.548597885501,14.859561305148718,12.582742989427505
-49.594147,147,716.006878,1.0,0.04940876147846915,220.8107387737182,1.4743402532914933,1.5021138692089675
-146.994952,200,716.13359,0.0,0.5580641674433859,2384.993866642,14.361830878606503,11.924969333209999
-14.281992,102,716.199521,1.0,0.04983265993752033,1168.643294728751,6.710741744935641,11.45728720322305
-124.832981,200,716.334568,0.0,0.4378499896129086,2693.673515627998,15.267328408224396,13.46836757813999
-16.936542,112,716.413537,1.0,0.048528502852406265,1393.8710527336443,8.26563054937032,12.445277256550396
-45.255302,171,716.538136,1.0,0.049925009845406654,2183.1241496060825,11.911009099120067,12.766807892433231
-22.602988,128,716.623775,1.0,0.04968399335459789,1721.9042206952372,9.707135531735577,13.45237672418154
-54.854812,200,716.762155,0.0,0.438975382610028,1004.9365514920163,5.670910235043825,5.024682757460082
-140.041736,200,717.39235,0.0,0.5960982975993896,2721.1757243593865,15.727606006995627,13.605878621796933
-52.018979,200,717.589648,0.0,0.40714443806751527,905.4379540329533,5.523622344084773,4.5271897701647665
-83.48926,200,717.742282,0.0,0.09108194199500767,1362.7890292983798,8.004118621957792,6.813945146491899
-59.262374,200,717.875562,0.0,0.06559129364855015,2432.588659445227,13.952879044520005,12.162943297226136
-132.325426,200,718.014243,0.0,0.3569885016867779,1927.6695837889683,10.9026773560299,9.638347918944842
-121.989253,200,718.142816,0.0,0.26439558866495577,903.3827211393747,5.578914459808567,4.516913605696874
-98.375226,200,718.274006,0.0,0.11115640143319186,804.8234396216998,4.977015671119774,4.024117198108499
-116.185101,200,718.404125,0.0,0.1751243622326936,414.01512026652165,2.514413466219458,2.0700756013326083
-9.337045,77,718.453513,1.0,0.04681435104077919,933.3023557317756,5.311774863581008,12.120809814698385
-51.453888,154,718.555638,1.0,0.04746488481184368,422.5451313005293,2.480004305442131,2.743799553899541
-118.669445,200,718.691982,0.0,0.2915157703436663,2753.9913901485456,15.725552060586889,13.769956950742728
-22.785014,138,719.296701,1.0,0.048676246767049736,1933.4674686044561,10.707032966350422,14.010633830467073
-92.395801,200,719.470818,0.0,0.10124699913766289,664.8527120505988,4.005162427355644,3.324263560252994
-92.05209,200,719.645643,0.0,0.3518944783222163,2587.891333032876,15.47414506372774,12.93945666516438
-111.120446,200,719.783897,0.0,0.4198176033836115,2562.877628833875,15.46965419895338,12.814388144169374
-99.322725,200,719.919016,0.0,0.09528455957494969,334.23023736328577,1.989282902377987,1.6711511868164288
-142.79895,200,720.057748,0.0,0.5740571734416899,2753.8974343355653,15.885882450632032,13.769487171677827
-69.858568,200,720.188056,0.0,0.2526494273326002,2634.870620611089,16.102111533311305,13.174353103055445
-29.515707,200,720.319635,0.0,0.3132393306642881,2101.712363880762,11.938779050451794,10.50856181940381
-94.452447,200,720.450735,0.0,0.1512529288393577,1656.9098553648853,9.68371913236518,8.284549276824427
-29.49744,143,720.547853,1.0,0.04853736069328818,1902.1266805328657,10.502483661332967,13.301585178551509
-45.045742,174,720.668249,1.0,0.04778709363171224,2339.539532609606,13.424018010722593,13.445629497756356
-42.614582,165,721.304595,1.0,0.04602176671512431,1549.5005322503973,9.01380084168846,9.390912316669075
-41.308249,170,721.438379,1.0,0.047836544534306226,2334.82955302029,13.14073829921689,13.734291488354646
-47.881132,200,721.578917,0.0,0.09377225153548416,2899.271840032856,16.769110994866065,14.49635920016428
-141.323697,200,721.708925,0.0,0.4050170015713409,2084.5429072830602,12.373755836044392,10.4227145364153
-99.410819,200,721.840354,0.0,0.13145776042757004,606.7286183762495,3.740506827398604,3.0336430918812476
-76.310514,200,721.987279,0.0,0.1672029653148793,2868.330766890636,16.352089624286105,14.34165383445318
-115.683554,200,722.138732,0.0,0.22976613743392532,906.6916330558386,5.363026939605829,4.5334581652791925
-72.743973,200,722.274968,0.0,0.10166238271939783,2740.325053096461,15.463289865774115,13.701625265482305
-34.281743,149,722.372648,1.0,0.04958927812216632,2236.738938320796,12.15569977985822,15.011670726985209
-7.982424,79,722.423775,1.0,0.04570696561919132,1015.2560712389269,5.89530257212259,12.851342673910468
-145.211606,200,722.563979,0.0,0.43030167511680784,2364.4409134787093,14.14990375392049,11.822204567393547
-71.475889,200,723.142852,0.0,0.07374364330510592,2866.567116434945,16.68528468311802,14.332835582174726
-129.481943,200,723.346974,0.0,0.46338932874462885,2180.246913755549,13.440356551365884,10.901234568777745
-88.427509,200,723.503778,0.0,0.31660942338063985,2697.949104877516,15.849828982186624,13.489745524387581
-45.365936,139,723.600642,1.0,0.049735544797957165,255.18930882809693,1.5528724434718633,1.8358943081158052
-109.619743,200,723.733527,0.0,0.5098892798676112,2941.70603531102,17.617443485785152,14.7085301765551
-32.257596,141,723.825598,1.0,0.04636043119302601,923.7591687680892,5.56011493781193,6.55148346644035
-69.186113,197,723.952497,1.0,0.048846647523095955,1897.2574761057306,11.245121193582404,9.63074860967376
-69.045586,192,724.075698,1.0,0.049507262670246625,1280.7795081481042,7.389997974619555,6.670726604938043
-138.265302,200,724.228052,0.0,0.4196021641366714,2598.3554138189074,15.112403716651965,12.991777069094537
-53.905967,200,724.355857,0.0,0.16169317261923363,2510.7644848032164,14.236887324630173,12.553822424016083
-103.23131,200,724.482105,0.0,0.15139659970995506,909.1285362182703,5.512400657989033,4.545642681091351
-134.208361,200,725.052399,0.0,0.3418672922720818,1237.293078641744,7.530213811352158,6.18646539320872
-59.638895,163,725.197415,1.0,0.04866220843646194,385.854807319088,2.535454626484573,2.3672074068655706
-79.48539,200,725.329725,0.0,0.09930360653933522,2683.7230099427807,15.375279173894263,13.418615049713903
-121.982801,200,725.475844,0.0,0.19009042374744542,420.07634667955364,2.715786259405844,2.1003817333977683
-127.000706,200,725.610722,0.0,0.3274258867234536,2561.041224263679,15.138873488921927,12.805206121318395
-128.964778,200,725.742202,0.0,0.38177864072136347,2589.5287852104957,14.707694133345731,12.947643926052478
-145.296509,200,725.879489,0.0,0.4257144088500553,2188.4306542894415,12.704273565647647,10.942153271447207
-153.548099,200,726.015707,0.0,0.47685242326305904,2567.4310568817095,15.166877111130264,12.837155284408547
-78.19565,200,726.163229,0.0,0.08421349938682675,1904.7269486185903,10.650643517041642,9.523634743092952
-4.695104,25,726.186611,1.0,0.04745105067077403,109.23077437817396,0.7083122545097577,4.369230975126959
-7.483854,47,726.218599,1.0,0.049726893039299745,39.633137773273646,0.36505745356377534,0.843258250495184
-58.476229,200,726.385967,0.0,0.09257107660360148,2818.2131616524507,16.290634510315837,14.091065808262254
-22.339919,119,726.474803,1.0,0.0498423825255623,1266.8059399416616,7.522453130706672,10.645428066736653
-129.975333,200,727.093113,0.0,0.35366099100395326,2656.1474171166324,15.258409545384522,13.280737085583162
-37.435159,157,727.208642,1.0,0.042396161011990965,1430.192244666676,8.305273691903162,9.109504743099848
-75.86965,200,727.350917,0.0,0.10566423173649735,2567.345720176968,14.590812929468628,12.83672860088484
-136.566698,200,727.482171,0.0,0.52466420900192,2060.9194531313588,12.508592243180672,10.304597265656794
-62.87766,200,727.619711,0.0,0.07024719126329589,2745.128005186292,16.090122342539733,13.72564002593146
-45.803763,200,727.755612,0.0,0.08178905127635593,2440.017090658123,14.28999209378353,12.200085453290615
-129.681685,200,727.895983,0.0,0.5110129182448686,2244.2398288447116,13.559219251276435,11.221199144223558
-59.927482,200,728.030482,0.0,0.09227587507131073,2594.435732288027,14.819726021662172,12.972178661440134
-35.764437,200,728.165657,0.0,0.1942534118605558,1903.5033144186782,11.035306106975167,9.517516572093392
-47.67678,168,728.274653,1.0,0.04695580538944472,1200.4511939176712,6.794822122981899,7.145542820938519
-48.504822,172,728.824558,1.0,0.04818003841858732,1718.2773757822142,10.152938877249333,9.98998474291985
-58.518313,185,728.996677,1.0,0.04688854445598252,1810.0432922433006,10.534260016784279,9.784017795909733
-16.531719,110,729.074391,1.0,0.04878247825173231,1537.7852187226756,9.123591454199932,13.979865624751596
-111.413343,200,729.205866,0.0,0.2756357191701792,2714.326647222574,15.778948270312364,13.57163323611287
-116.463449,200,729.358094,0.0,0.4017245623810605,2322.0098063307523,14.594856085347915,11.610049031653762
-82.858117,200,729.502223,0.0,0.07779716687805731,1036.6152988657132,5.975138535701276,5.183076494328565
-134.497407,200,729.646732,0.0,0.3478832660631534,1074.1200753830435,5.903506755859052,5.370600376915218
-5.799573,26,729.6692,1.0,0.04250127068723871,48.31991362449908,0.43213504283974463,1.8584582163268877
-153.840124,200,729.806439,0.0,0.7308603997815442,2704.301042249305,15.588846901880867,13.521505211246524
-91.644427,200,729.936316,0.0,0.13459785626402523,1279.7202261688278,7.325983573931765,6.398601130844139
-37.212408,158,730.039895,1.0,0.04575365319783932,2196.6610884598044,12.237957648740569,13.902918281391168
-14.689888,114,730.114023,1.0,0.046720950888561985,1424.665020071352,8.212197409400515,12.497061579573263
-13.160932,104,730.188101,1.0,0.046385658938368386,1609.3856769861943,8.788848406631537,15.474862278713406
-95.650551,200,730.760452,0.0,0.12835687908658466,1112.9790820605197,6.700846537950034,5.564895410302598
-110.097045,200,730.935036,0.0,0.23007083037577633,1242.4655933732627,7.278220227448537,6.212327966866313
-28.973911,200,731.076796,0.0,0.3262399696243437,2398.179552335067,13.264811220294662,11.990897761675335
-8.343034,73,731.137935,1.0,0.04933689308975866,890.7698016864782,5.088738750422783,12.202326050499702
-53.692949,175,731.276027,1.0,0.04794416686187434,1213.4080989473014,7.098484085872164,6.9337605654131504
-88.420209,200,731.419225,0.0,0.14494349302195322,2618.6177354540573,14.940411792968337,13.093088677270286
-34.039825,200,731.545293,0.0,0.2954707883101902,2474.8380672784815,13.960520862084598,12.374190336392408
-121.046559,200,731.68026,0.0,0.3388043031691739,2631.2021414970714,14.437607785029439,13.156010707485358
-103.911142,200,731.827686,0.0,0.22988096802174346,2658.148573039033,14.862754810055238,13.290742865195165
-20.413277,86,731.885911,1.0,0.046045996243019555,79.81690926506243,0.6007869832778135,0.9281035961053772
-57.478603,155,731.982356,1.0,0.04991704335788928,248.5854290033838,1.4936243044868958,1.6037769613121535
-30.560047,128,732.064698,1.0,0.04724318431574129,259.7776328738293,1.532848412648974,2.0295127568267914
-60.059583,185,732.663868,1.0,0.045941165875897805,1381.5147806899931,8.013232587109904,7.467647463189152
-136.724407,200,732.852236,0.0,0.3769549236801148,2139.521461911311,12.359865365424362,10.697607309556554
-147.252568,200,732.99637,0.0,0.43163155865292996,1951.0662137806967,11.532809778566259,9.755331068903484
-148.428192,200,733.133861,0.0,0.4515363906601662,2657.870058709839,15.276569312355088,13.289350293549196
-20.575039,83,733.188846,1.0,0.0465498869778682,25.37723095375575,0.2225020153242136,0.3057497705271777
-88.551952,200,733.322778,0.0,0.17099907375017354,2603.6762628632496,15.148240756080572,13.018381314316247
-124.805526,200,733.45876,0.0,0.3149837011359571,1914.9578455311141,11.185128162085277,9.57478922765557
-99.728433,200,733.586607,0.0,0.2096927596233671,2607.0691573832005,14.616051078007551,13.035345786916002
-53.923041,177,733.7029,1.0,0.049940145079373055,1623.680809330813,9.65975003050638,9.173337905823802
-21.488446,86,733.764227,1.0,0.04697639206472379,25.405147788344596,0.22278118367426794,0.29540869521330926
-20.573816,136,733.864984,1.0,0.04545697520242473,1888.7665253099797,10.399135693750702,13.887989156691027
-130.862151,200,734.003082,0.0,0.3304551702905098,1138.358973849351,6.652819035002486,5.691794869246755
-14.451949,68,734.05286,1.0,0.04674579374623684,25.237646780811545,0.22110617357394213,0.3711418644236992
-137.446173,200,734.634965,0.0,0.45543724355674814,3094.884030161895,17.784106546992778,15.474420150809475
-27.162965,133,734.754126,1.0,0.04900858616129452,1848.824179840257,10.944941506620975,13.900933683009452
-23.99913,135,734.853003,1.0,0.04877862701358076,1535.724172669831,8.686344143946227,11.375734612369119
-70.402547,179,734.992332,1.0,0.04901677712604084,605.7714531721076,3.8172256827740787,3.384198062414009
-23.864556,128,735.092225,1.0,0.04993061020673506,1611.3553350711518,8.894041449036617,12.588713555243373
-66.368728,189,735.224622,1.0,0.04838879869276564,1267.7341635760745,7.220049499037399,6.7075881670691775
-48.902683,176,735.344597,1.0,0.04999183971384871,1890.5969918806609,10.88717860320855,10.742028362958301
-43.497763,172,735.465225,1.0,0.04654056813312129,1657.8432318916773,9.809499454406756,9.638623441230681
-134.831917,200,735.592111,0.0,0.3708935194658139,2161.8883209721503,12.638090442896807,10.809441604860751
-39.079925,164,735.700823,1.0,0.049121292922263096,2170.8769950283963,12.652876978644874,13.237054847734123
-87.044737,200,735.830745,0.0,0.27825993659312215,2841.2346421891475,16.09787327286942,14.206173210945737
-36.022141,150,735.937578,1.0,0.04540572106103651,1089.9769245540917,6.313231896867195,7.266512830360612
-83.905953,200,736.53057,0.0,0.15898808655480234,2390.5024992072445,13.260248571405574,11.952512496036222
-131.609408,200,736.690673,0.0,0.347326259588648,1581.0822978199826,9.153204510776842,7.905411489099913
-142.238963,200,736.832171,0.0,0.41088427303178426,2784.193558668521,15.573735853189028,13.920967793342605
-108.705579,200,736.982283,0.0,0.3974198469081596,2574.0089132657013,14.94758848242736,12.870044566328506
-133.990442,200,737.140966,0.0,0.3656989530459045,2448.413765569382,14.24115474397979,12.24206882784691
-145.905657,200,737.27489,0.0,0.479530982124643,2748.6265812052184,15.320033009036836,13.743132906026092
-145.035054,200,737.426328,0.0,0.7088341055133303,2895.838558000914,17.081629183336073,14.47919279000457
-32.071136,143,737.55417,1.0,0.0483910066404068,1673.0749155961018,9.752538306597607,11.699824584588125
-23.202182,129,737.640191,1.0,0.048422102466802175,1624.8112135247038,9.509270492318446,12.595435763757393
-95.756151,200,737.769916,0.0,0.19904973515459612,2414.2189534621284,13.881651967817735,12.071094767310642
-41.971341,200,737.9001,0.0,0.23266235007350383,1282.592170394174,7.389206777687505,6.41296085197087
-40.300239,158,738.458162,1.0,0.04649986300792637,1399.911525076166,8.026873123611566,8.860199525798519
-91.080279,200,738.635573,0.0,0.12720917361584635,1501.0825996766382,8.84608808649992,7.505412998383191
-142.670074,200,738.766609,0.0,0.4115223085016799,1727.5347226681095,10.225914469682603,8.637673613340548
-125.787911,200,738.902136,0.0,0.5174700837440251,2611.008257919851,15.382728367292225,13.055041289599256
-116.51921,200,739.038776,0.0,0.2760746141968382,1919.7980513840405,11.076374151512333,9.598990256920203
-61.594515,200,739.165692,0.0,0.132705605069267,2500.565585380353,14.08187308648079,12.502827926901764
-109.511992,200,739.294566,0.0,0.22322404262778825,1142.2431489546277,6.733487869978144,5.711215744773138
-51.962581,173,739.408295,1.0,0.0465743319171789,1092.210603223512,6.2765785114856385,6.313356087997179
-137.723918,200,739.546625,0.0,0.6370691025936722,2884.101359808245,16.794411981281673,14.420506799041226
-127.795906,200,739.688245,0.0,0.32949194309090135,1934.5320571087714,11.306449966378896,9.672660285543857
-119.016507,200,740.286825,0.0,0.2814675340034471,1458.1277926836349,8.540877081183243,7.290638963418174
-73.485616,200,740.484636,0.0,0.1150006665265668,2469.5240066102187,14.108359445907082,12.347620033051093
-42.450096,165,740.613003,1.0,0.048100345567778986,1824.6024775970598,10.138932385327411,11.058196833921574
-38.542908,134,740.700916,1.0,0.046272914782790026,265.9206862334947,1.5612219390243107,1.9844827330857813
-106.922727,200,740.834432,0.0,0.3382564229246429,2659.9529244251653,15.708084103587012,13.299764622125826
-104.781242,200,740.97382,0.0,0.211551986815342,1877.3460563614742,10.892734072543007,9.38673028180737
-110.150473,200,741.105651,0.0,0.25776035339382597,2808.0716616559434,15.823988224799244,14.040358308279718
-83.03166,200,741.235924,0.0,0.1496075871733974,2654.998318757836,15.017122744951736,13.27499159378918
-131.655146,200,741.372939,0.0,0.38000087069799754,2735.6239447129988,15.553773089475591,13.678119723564993
-34.117136,110,741.446902,1.0,0.04568108143086854,33.303653500058644,0.2967858676585469,0.30276048636416947
-133.548532,200,741.583778,0.0,0.38030631990391567,2698.0524911118177,15.310058976552549,13.490262455559089
-137.552463,200,741.720715,0.0,0.517600267024525,2725.918430802866,15.440750080519988,13.62959215401433
-10.711963,93,742.260666,1.0,0.04487548414317722,1283.290966479713,7.448329087485607,13.798827596556054
-45.716214,130,742.384438,1.0,0.04787688712559741,45.3469652724001,0.38999013181057374,0.3488228097876931
-56.731704,153,742.490261,1.0,0.04821796263504905,281.92066766750196,1.7760079366968826,1.8426187429248495
-18.436442,114,742.564648,1.0,0.04975736548880965,1280.6065961256218,7.4508398518982535,11.233391194084401
-48.562813,200,742.712165,0.0,0.1305773100396672,2381.37964785588,14.494603283619687,11.906898239279402
-5.318055,43,742.738889,1.0,0.049056697077381826,526.842745871561,3.0794682504573605,12.252156880733976
-44.876463,152,742.835542,1.0,0.046085554593641956,537.4453600116578,3.2721001581995557,3.5358247369188014
-56.269644,200,742.968563,0.0,0.09714628601868314,1459.6008542450836,8.401576742750068,7.298004271225418
-133.90081,200,743.116076,0.0,0.36454631735415666,1853.2275596963398,10.995726985694091,9.266137798481699
-24.464274,138,743.221015,1.0,0.04187385466675099,1162.8862193539353,6.738432763301183,8.426711734448807
-110.063985,200,743.392951,0.0,0.2639630531834081,2870.960620463005,16.03713818449417,14.354803102315024
-58.951844,200,743.559597,0.0,0.12685526957927373,2410.2223021039663,14.140468847261833,12.051111510519831
-83.411203,200,743.73423,0.0,0.08867765676634932,783.2334504722634,4.688790697952959,3.916167252361317
-6.450807,61,744.217078,1.0,0.047015439085932045,299.4276559122532,1.8511718565082123,4.908650096922184
-64.496124,173,744.386873,1.0,0.048790703745794015,405.70563097186266,2.419520327950142,2.3451192541726167
-33.443256,200,744.52275,0.0,0.21102454781885474,2829.3703528571777,15.768081574858272,14.14685176428589
-118.282545,200,744.654175,0.0,0.2068396206032231,643.6040338644668,3.933868787816102,3.218020169322334
-84.139343,200,744.79281,0.0,0.1308578722185491,2606.809171466941,15.057580321643718,13.034045857334704
-59.14491,184,744.907825,1.0,0.04826979484133846,1418.8632595656136,8.208475036009636,7.711213367204421
-113.715251,200,745.038571,0.0,0.2714791330123062,2585.4509797503833,15.043636948159268,12.927254898751917
-120.716546,200,745.167965,0.0,0.5299744076205473,2940.382729195073,17.845131133337397,14.701913645975365
-17.293077,108,745.23897,1.0,0.047012147932525,1083.228232901978,6.1711728592270365,10.029891045388684
-97.534523,200,745.396813,0.0,0.17358770264743595,1024.9417971391329,5.998506169351686,5.124708985695665
-46.859413,143,745.487656,1.0,0.04869561030352185,295.1999933905681,1.8997576783988042,2.064335618115861
-53.791104,162,745.590235,1.0,0.04761679925401758,556.3541840363398,3.614982964551357,3.434285086644073
-95.169519,200,746.175932,0.0,0.19692752715183148,2949.3108212252864,16.927525247250884,14.746554106126432
-49.052142,163,746.330816,1.0,0.04879253655114804,809.79993066758,4.551952785212385,4.968097734156933
-96.583108,200,746.478245,0.0,0.18803243451629184,2609.185782416662,15.17225103689075,13.045928912083308
-30.175695,144,746.581082,1.0,0.047669131221705116,1672.4576175321477,9.553610640706218,11.614289010639915
-14.452703,91,746.640691,1.0,0.047722215667402444,1164.0537382536395,6.748935580643869,12.791799321468567
-117.523837,200,746.771169,0.0,0.443238340264372,2776.9964403881936,15.31709576789738,13.884982201940968
-118.848944,200,746.907249,0.0,0.22175121244115448,574.0210822393898,3.488353030332755,2.870105411196949
-29.164264,200,747.039156,0.0,0.3477869006528131,2032.3178652210845,11.145193746794314,10.161589326105423
-21.028343,121,747.122953,1.0,0.04996286746018842,1563.0224409985847,9.139189330030186,12.917540834699047
-108.623842,200,747.260198,0.0,0.3361016519708809,2676.0106190575125,14.97084366201483,13.380053095287563
-5.528102,26,747.283021,1.0,0.03719553640250961,74.5478748786372,0.5311339771967417,2.8672259568706617
-72.518568,200,747.434879,0.0,0.06922365732784741,1440.9355105281204,8.17699566874263,7.204677552640602
-39.960531,143,747.550865,1.0,0.04850558127035477,629.342817004555,3.753784530493653,4.4009987203115735
-9.220306,72,748.044936,1.0,0.049343721321017366,882.7698994224902,5.260781669280849,12.260693047534586
-74.498001,200,748.222366,0.0,0.1437683557731535,2555.9451935766565,15.005462314580745,12.779725967883282
-66.83767,200,748.358443,0.0,0.19016272596053807,2105.516403038926,12.368397503134192,10.52758201519463
-114.951632,200,748.510501,0.0,0.38094744757758675,2638.878224143068,14.758872024361647,13.194391120715341
-8.199911,69,748.55476,1.0,0.049848852206329175,659.7088096769871,3.8621955540523754,9.560997241695466
-46.292171,200,748.680894,0.0,0.12058120727280329,2364.0478328642125,13.451129487899165,11.820239164321062
-86.394183,200,748.820196,0.0,0.1950637063860413,2609.9299718326515,14.77300711854691,13.049649859163258
-31.389677,154,748.99096,1.0,0.04194494295487638,2156.8784397713375,12.024735239354118,14.005704154359334
-67.522298,200,749.140824,0.0,0.1289967502728384,2461.305588968132,13.997425656593768,12.30652794484066
-37.064946,160,749.240893,1.0,0.049336374763951876,1280.276563621672,7.644414323177029,8.00172852263545
-90.296484,200,749.375933,0.0,0.14692903765024076,1551.6079792706325,9.116042652114732,7.7580398963531625
-117.638992,200,749.5021,0.0,0.5011209370009688,2742.4799780146122,16.33236151123874,13.712399890073062
-12.076185,93,749.987411,1.0,0.04753547330109036,1288.3697070596556,7.312038454264547,13.853437710318877
-34.39269,152,750.129509,1.0,0.04581943274268159,2072.7940103272504,11.358658876886807,13.636802699521384
-89.500654,200,750.260329,0.0,0.14151210817177376,2111.654651939711,11.985497713388526,10.558273259698556
-29.706974,200,750.39488,0.0,0.2908803966113555,2363.1509255350284,13.646719462855016,11.815754627675142
-45.297579,181,750.525927,1.0,0.04893498642043868,2496.8546023675563,13.81862223707747,13.794776808660531
-47.556103,200,750.667578,0.0,0.12909150015906345,2623.860961594754,15.243478679192895,13.11930480797377
-22.361423,134,750.756276,1.0,0.04992580387718222,1663.0795798112579,9.737868908896314,12.411041640382521
-71.869682,200,750.892755,0.0,0.11619521464334265,2443.7762105954166,14.129142439983683,12.218881052977084
-114.304053,200,751.024596,0.0,0.2817006532847785,2621.829448916364,15.228556216033551,13.10914724458182
-64.338376,163,751.128631,1.0,0.045822536464222886,283.8531076015162,1.7850009117823868,1.7414301079847618
-124.07292,200,751.261134,0.0,0.31431446603623076,1719.226387045133,10.146270894531376,8.596131935225664
-69.129117,200,751.824557,0.0,0.05550597443848328,2628.6141080517586,15.096970038445312,13.143070540258794
-58.003494,189,751.994786,1.0,0.04872563593001853,2878.0011384107243,15.843590466270202,15.227519250850392
-49.547509,173,752.106245,1.0,0.04746903942827679,1486.4051914081317,8.442738433132778,8.591937522590356
-92.481228,200,752.242879,0.0,0.14548885430269967,1747.2878441530988,10.278018345678714,8.736439220765494
-47.064798,200,752.380064,0.0,0.40406586113448806,1323.942684167235,7.824453044596484,6.619713420836175
-19.945002,108,752.468712,1.0,0.04798051625814627,1028.356952511103,5.699766038518743,9.521823634362065
-95.817436,200,752.634888,0.0,0.14309995681805643,902.2168461622389,5.316294163837693,4.5110842308111945
-58.332899,200,752.77643,0.0,0.1326451890296218,2597.0901568940358,15.036148042804037,12.98545078447018
-82.596493,200,752.919801,0.0,0.12591615670238532,2595.8426291185433,14.722697856621163,12.979213145592716
-82.971888,200,753.057,0.0,0.10474768867931362,1731.8426537831492,9.973420916198167,8.659213268915746
-24.863487,124,753.139856,1.0,0.048726738360244375,1420.0666079114822,8.189992010803007,11.452150063802275
-115.049215,200,753.702079,0.0,0.27043852229390514,2330.7496835562774,13.43812512973846,11.653748417781387
-119.566531,200,753.895169,0.0,0.26961337109824063,1128.157208372372,6.805374605397483,5.64078604186186
-6.068546,27,753.913898,1.0,0.03776494280093433,38.62481853713873,0.32274628497288727,1.4305488347088418
-126.158796,200,754.055694,0.0,0.27284645293918314,853.832822403866,5.03522371978092,4.26916411201933
-52.474398,176,754.172947,1.0,0.04717153605469109,1619.6270195640932,9.597364170749193,9.202426247523256
-129.36727,200,754.307268,0.0,0.3186923926311413,1401.5826256603243,8.110867865463316,7.007913128301621
-43.150416,140,754.403805,1.0,0.04593333146467857,243.83796966781296,1.362900157789383,1.741699783341521
-9.691371,35,754.424692,1.0,0.04960736762217821,99.7845609844407,0.7439811956123294,2.8509874566983058
-26.080246,134,754.512238,1.0,0.04781933921911834,1876.0278969876315,10.220538145259862,14.000208186474861
-31.280942,105,754.582965,1.0,0.046709536860226566,25.581954407407263,0.2245492498912786,0.2436376610229263
-54.892588,184,754.712945,1.0,0.04656834384347745,1987.1374925469433,11.845058023631573,10.799660285581213
-92.029057,200,754.845624,0.0,0.15295403134463773,2249.2378113687914,12.873051673232037,11.246189056843956
-82.426858,200,754.980569,0.0,0.14029371196242496,2755.1414643578137,15.955014033258143,13.775707321789069
-71.625369,200,755.12511,0.0,0.07740516474763114,2761.639723284811,15.396293450614653,13.808198616424056
-32.312213,200,755.734133,0.0,0.3340769606299275,1861.1710875408683,10.886991612188782,9.305855437704341
-51.533722,200,755.889493,0.0,0.42108925695435945,1159.8306608893154,6.403020885906814,5.799153304446577
-87.335482,200,756.067545,0.0,0.1492556665237798,2682.7635498677,15.283414523144875,13.4138177493385
-157.721144,200,756.217062,0.0,0.7403606142986092,2850.0538651526335,16.284768102319678,14.250269325763167
-55.695256,200,756.352299,0.0,0.43393826270143393,1077.2138143090383,6.166037745707443,5.386069071545191
-41.977463,163,756.458599,1.0,0.04954551859435668,2143.96984643736,12.32931021904952,13.153189241946993
-88.037179,200,756.5956,0.0,0.13395136183748688,2182.7918446450512,12.633713684620046,10.913959223225255
-116.77891,200,756.735183,0.0,0.29706978602432516,2447.420729549602,14.178936277759094,12.237103647748011
-71.236536,200,756.884957,0.0,0.07152022202534433,1802.6955024567758,10.058461129575946,9.01347751228388
-29.654573,114,756.956931,1.0,0.04851736069352553,196.9126159405473,1.228203549031646,1.7273036486012923
-111.846221,200,757.088646,0.0,0.25752202948117486,2269.708273446098,12.759334706677556,11.348541367230489
-11.70841,97,757.61783,1.0,0.04131624375927286,1342.1822881840637,7.837437840312774,13.836930806021275
-91.336704,200,757.789604,0.0,0.15946061547259982,2589.5034704797104,14.742603139083075,12.947517352398553
-68.769893,197,757.924403,1.0,0.0463442072904208,2679.181362053221,15.146178201454434,13.599905391133102
-65.066544,200,758.05956,0.0,0.11599303500733113,2645.028958016837,15.101573061836053,13.225144790084185
-70.954397,200,758.19302,0.0,0.055292272118582585,2849.549752726743,15.95904698214162,14.247748763633716
-39.802378,161,758.303134,1.0,0.04877562074172869,1740.7992488843918,10.513099817700887,10.81241769493411
-35.185164,146,758.415477,1.0,0.04960282229388694,945.4247696569578,5.817737372692527,6.475512120938067
-18.473369,115,758.506517,1.0,0.04773061846407982,1490.4386033687101,8.73406402382448,12.960335681467045
-11.137987,98,758.584787,1.0,0.048972857222701935,1135.236083283661,6.530857974688816,11.584041666159806
-40.349225,149,758.696932,1.0,0.0453844542740188,696.8615530153457,4.070611622025178,4.676923174599636
-142.483964,200,758.848983,0.0,0.4502007951108275,2589.6311940104933,15.018291005094248,12.948155970052467
-131.114796,200,758.982369,0.0,0.4374902581780431,2596.3942382307864,15.290429710670402,12.981971191153931
-146.673706,200,759.582404,0.0,0.6077925303061474,2958.3788008612605,16.93200625876924,14.791894004306302
-111.580902,200,759.752804,0.0,0.2518671590168068,1424.9193785708626,8.26878841639636,7.124596892854313
-28.946135,137,759.84682,1.0,0.048249050495058274,1231.9555810210413,7.2456629492064,8.992376503803222
-155.940812,200,759.97563,0.0,0.5795679442544873,2797.7799033407105,16.625158654192862,13.988899516703553
-81.061794,200,760.105766,0.0,0.11617040070029548,1428.474258263997,8.22963412368517,7.142371291319985
-4.628435,49,760.138423,1.0,0.04901853540027256,626.5215183164373,3.578026274059999,12.786153435029334
-69.256676,200,760.268614,0.0,0.08266998859664165,1569.2617441702,9.171588535190065,7.846308720851
-42.176936,161,760.373034,1.0,0.04682189522422407,2248.3020380974604,13.09052586342001,13.964608932282362
-136.882652,200,760.50086,0.0,0.4063904903746885,2891.060770742569,16.5472863954622,14.455303853712843
-7.674995,32,760.522929,1.0,0.04750797963571802,101.54719069542938,0.6063723113289341,3.173349709232168
-27.089079,98,760.583672,1.0,0.04817265430669811,68.33340581218627,0.4973099092937016,0.6972796511447579
-63.396772,160,760.690749,1.0,0.04556939224185623,280.5199650651516,1.8626767145598917,1.7532497816571975
-47.992673,156,760.795815,1.0,0.049366848232469264,708.3257438979084,4.155056511267423,4.540549640371208
-28.250179,138,760.884502,1.0,0.04807450882604838,1709.7274143453926,9.887914726879478,12.389329089459366
-74.628954,200,761.599869,0.0,0.10803527885350046,1427.6882189434557,8.259475292772972,7.138441094717279
-78.73686,200,761.756629,0.0,0.11600296031589244,2732.3504687571867,15.920017025625764,13.661752343785933
-147.327828,200,761.890839,0.0,0.48514731781174925,2650.4881183638154,15.219687767910013,13.252440591819077
-16.680608,90,761.950347,1.0,0.04971813676691054,979.0122318436055,5.649483789597564,10.877913687151173
-111.984994,200,762.078905,0.0,0.25146093051121016,2395.8166471044774,13.670716974927595,11.979083235522387
-20.494617,115,762.153955,1.0,0.04814906254415891,1184.540734831591,6.515183924613157,10.300354215926879
-49.353337,200,762.285459,0.0,0.4180346646121879,1265.2793370656802,7.253960939599101,6.326396685328401
-9.245542,82,762.339222,1.0,0.04875408977574799,863.7154152726617,4.932184180033181,10.533114820398314
-13.62843,100,762.404391,1.0,0.04947933326742618,1324.7497811306919,7.51532159317535,13.24749781130692
-30.510956,104,762.471308,1.0,0.048543573580748636,25.572648795877654,0.2244561937745939,0.2458908538065159
-6.36426,44,762.498052,1.0,0.0469425076921495,452.82419991126267,2.742839764123117,10.291459088892333
-94.001187,200,762.63089,0.0,0.25402830939284887,2491.3274024969296,14.42860050692032,12.456637012484649
-136.422913,200,762.764849,0.0,0.4121633448158231,2775.7430290454336,15.562326838778462,13.878715145227169
-132.046008,200,763.362271,0.0,0.34764550997924887,1090.1968768239653,6.386235515880828,5.450984384119827
-93.255164,200,763.533222,0.0,0.27015192595448523,2441.841954556165,13.781791807871826,12.209209772780826
-11.698141,93,763.594594,1.0,0.047408597627966016,1159.7158744660069,6.8726967520274584,12.470063166301149
-104.186302,200,763.729697,0.0,0.20794637605809205,1141.5601252493616,6.513783180235284,5.707800626246808
-43.39996,200,763.882988,0.0,0.16215771796240414,2560.8270849720047,14.52364957689637,12.804135424860023
-131.893091,200,764.048795,0.0,0.5167438164445844,2661.4143109906995,15.490298834783907,13.307071554953497
-4.884523,28,764.071143,1.0,0.04911948932540738,201.5557005497756,1.1717595125110052,7.198417876777699
-68.597797,199,764.216874,1.0,0.04634274257678719,2429.204982224839,13.877463226669018,12.207060212185121
-113.334288,200,764.346426,0.0,0.26400868005738376,949.4399835531444,5.65128144653843,4.747199917765722
-148.674312,200,764.479531,0.0,0.43744069010916076,2315.8345221746627,13.670223693481725,11.579172610873313
-58.140915,200,764.625777,0.0,0.09729557767337664,2599.7066642148493,15.09032121235887,12.998533321074246
-47.926876,162,764.727483,1.0,0.04526403165582973,958.9141330888401,5.602971389695856,5.919223043758272
-11.239035,85,765.220629,1.0,0.04738488215169547,1092.2763818952642,6.0076647554057026,12.850310375238402
-110.73667,200,765.408684,0.0,0.24966740462949794,1635.9718406389507,9.191439227789013,8.179859203194754
-46.706663,169,765.526625,1.0,0.04569477094181715,2423.681539391562,13.445781790611115,14.34131088397374
-97.999698,200,765.659811,0.0,0.22097853627912759,2837.0397514016236,15.601358472725712,14.185198757008118
-95.899885,200,765.793792,0.0,0.18436257562404026,1452.6934151560556,8.470663828556686,7.263467075780278
-68.587231,200,765.926984,0.0,0.07008737078252601,1954.3488516143686,11.190110782695893,9.771744258071843
-50.621431,200,766.072114,0.0,0.08071376013288022,2656.8389631102486,15.188138545862703,13.284194815551244
-126.07266,200,766.216628,0.0,0.2818233610704039,734.081301952478,4.280808843793507,3.6704065097623904
-141.894389,200,766.383801,0.0,0.47110105343274034,2483.120149016666,14.57129692677465,12.41560074508333
-80.751472,200,766.556294,0.0,0.19946992397655075,2459.5170023083197,13.71659937361145,12.297585011541598
-95.628847,200,766.732421,0.0,0.16989163071562316,2556.6296524044837,14.335695405246176,12.783148262022419
-6.989815,28,766.758622,1.0,0.04827873716666427,31.78991591131218,0.25837970184883424,1.1353541396897207
-102.32228,200,767.424789,0.0,0.2040899560118995,1880.8983741409663,11.137968787282135,9.404491870704831
-23.491356,128,767.533776,1.0,0.04586381423810862,1271.8253883266993,7.416081732047486,9.936135846302339
-101.296217,200,767.670743,0.0,0.24350822266933198,2845.569498430135,16.563002195955406,14.227847492150675
-94.566221,200,767.805531,0.0,0.1695220296906515,944.8109646432987,5.401356738422164,4.724054823216494
-15.354772,110,767.883162,1.0,0.04918114110970201,1194.971099468112,7.043252424451911,10.86337363152829
-145.205045,200,768.015764,0.0,0.548888226364038,2830.9916897352164,16.456398384471257,14.154958448676082
-73.057628,200,768.157891,0.0,0.1794944112884652,2441.433905672789,13.699998518282761,12.207169528363945
-19.189384,111,768.244368,1.0,0.04522273671421074,1207.0062389292998,7.099235394731292,10.873930080444142
-67.75638,195,768.37278,1.0,0.04788772299347791,2796.26208592269,15.657534653235027,14.339805568834308
-95.105297,200,768.503792,0.0,0.13431062773950792,851.3263982380383,5.082552464231698,4.256631991190192
-24.267602,122,768.58566,1.0,0.04844070676073362,711.7317375334701,4.248690154977378,5.833866701094017
-88.930494,200,768.717925,0.0,0.1331029576552153,2692.5412875168695,15.375697839755876,13.462706437584348
-14.509424,103,769.235649,1.0,0.04267420659096937,629.4653534122233,3.6088661460048854,6.1113141107982845
-22.111804,124,769.3738,1.0,0.04993557023782996,1610.6630997497664,9.096279377978247,12.989218546369084
-124.606847,200,769.538713,0.0,0.3173838574807129,2451.4932394387724,13.532316680394926,12.257466197193862
-23.987849,123,769.640871,1.0,0.03809411500462919,1253.1866684870017,7.07799285212813,10.188509499894323
-99.679718,200,769.781142,0.0,0.19226219019162424,2072.6362858815723,12.101122740444385,10.363181429407861
-107.400138,200,769.920622,0.0,0.22364731500725168,1033.8420235454382,6.006035606340087,5.169210117727191
-126.652779,200,770.059088,0.0,0.33038909983803283,1938.3081030426636,11.451930459762782,9.691540515213317
-63.742942,189,770.187513,1.0,0.04796666609716637,2879.4125845906633,16.014669221063322,15.23498722005642
-90.612123,200,770.353775,0.0,0.15345945414720819,2841.192224078286,15.61304533976345,14.20596112039143
-16.366056,84,770.421976,1.0,0.04882177096799985,111.00240445977352,0.6786970558689539,1.3214571959496848
-52.961393,179,770.568438,1.0,0.04571160481810863,1924.081180656736,10.804683880115306,10.749056875177295
-50.866244,157,770.688988,1.0,0.04784676426861371,614.9239767654545,3.6504246596254997,3.916713227805443
-48.775251,173,771.27077,1.0,0.04699772129873768,1820.669477438848,10.472409840219983,10.52410102565808
-84.805507,200,771.468969,0.0,0.13284777878383025,1932.7873578106078,10.84676550882022,9.66393678905304
-115.455017,200,771.639918,0.0,0.26892857435778933,2501.531018080421,14.274898710264166,12.507655090402103
-117.575662,200,771.816861,0.0,0.2632437552584177,774.9041565173522,4.574098157130958,3.874520782586761
-142.873318,200,772.001167,0.0,0.4380466532040689,2534.168683351479,14.542402060584156,12.670843416757396
-91.28411,200,772.156922,0.0,0.17677332325976994,2960.6761953607866,16.294315195853038,14.803380976803933
-22.620653,123,772.283206,1.0,0.0484406120959414,1704.8714218224704,9.685266713878487,13.860743266849353
-86.080739,200,772.457642,0.0,0.21035630862569576,2395.4588606325647,13.441472777212581,11.977294303162823
-147.169019,200,772.61224,0.0,0.447127955356259,2580.4324763687678,14.581924937661205,12.902162381843839
-105.233259,200,772.744879,0.0,0.2845080549763417,2614.728350184549,14.95766199869738,13.073641750922745
-98.964322,200,772.878924,0.0,0.20203468996603433,1475.6221268736647,8.237865346722236,7.378110634368324
-8.310231,80,773.349417,1.0,0.04801043695282664,540.7279194652418,3.1162903791224386,6.759098993315523
-113.358233,200,773.545573,0.0,0.26660401969947795,942.3952531411863,5.259770161355434,4.711976265705932
-19.022806,109,773.625965,1.0,0.048476187428848204,1489.5018468585483,8.314802383050925,13.665154558335306
-11.24528,95,773.692758,1.0,0.04032488235011458,834.3599343755172,4.708825904215633,8.782736151321235
-7.802191,78,773.74761,1.0,0.04321491805605919,657.4968617647556,4.010347665845478,8.429446945701995
-10.754762,58,773.789879,1.0,0.045681796991286654,25.144590665515405,0.22017561240709446,0.433527425267507
-18.945686,108,773.860829,1.0,0.04709589625147147,620.6444025696104,3.7152593795226854,5.746707431200097
-23.141767,121,773.948819,1.0,0.048300366379311545,1449.5596344983362,8.110849471150695,11.979831690068893
-100.452184,200,774.079737,0.0,0.20061160427869268,2655.1277933795313,14.981836767460095,13.275638966897656
-10.084926,81,774.136203,1.0,0.047990884525934634,1059.8357057356152,5.947176198887592,13.084391428834756
-21.775783,122,774.216749,1.0,0.04530036513824125,1532.5223293216734,8.833921457310836,12.561658437062897
-96.414132,200,774.349229,0.0,0.2601006509916052,2445.52600130778,13.73869214656805,12.2276300065389
-121.628753,200,774.487742,0.0,0.3916689683847982,2544.71192290097,14.72146421734017,12.72355961450485
-9.694809,83,774.548648,1.0,0.04821311449881942,756.2079322705783,4.377518238412552,9.110938943019017
-83.392122,200,774.681448,0.0,0.10986803393876732,2551.3555930736097,14.340951809121577,12.756777965368048
-133.60679,200,775.310902,0.0,0.3682146326938151,1633.901200895324,9.77919670959182,8.16950600447662
-42.600305,162,775.466034,1.0,0.04938941511863791,1651.333806784038,9.27001414598462,10.193418560395296
-123.860453,200,775.625989,0.0,0.32714029895572605,2662.140474981019,15.354197067937084,13.310702374905095
-138.153941,200,775.762933,0.0,0.3851685359307608,2540.758238003622,14.136400594866759,12.70379119001811
-124.626809,200,775.890979,0.0,0.3173575330708404,1443.3675787566442,7.992323466589581,7.216837893783221
-11.405188,48,775.923777,1.0,0.047895210696820734,338.27245951396145,1.9270560881081293,7.047342906540863
-59.71332,200,776.067849,0.0,0.19432025478719855,1114.501328147335,6.468489917416242,5.572506640736675
-65.530204,200,776.20853,0.0,0.15049556542397466,1350.3223869407057,7.749066803119362,6.751611934703528
-69.550283,200,776.349791,0.0,0.17202745569179767,2505.032045160145,13.947815410393451,12.525160225800725
-139.285395,200,776.486123,0.0,0.39125297929313174,2363.366801125329,13.688026181105492,11.816834005626644
-120.173017,200,776.618598,0.0,0.29825778506132516,1955.4186950089872,11.083725018984303,9.777093475044936
-145.511344,200,776.749249,0.0,0.42301511949119946,2855.426534984759,15.581766578394433,14.277132674923797
-92.99031,200,777.414817,0.0,0.162569418290102,1874.2602481188603,10.823681320936103,9.3713012405943
-119.109807,200,777.557371,0.0,0.2937866469835565,1200.7562614290387,6.649772201644997,6.003781307145193
-131.519861,200,777.717623,0.0,0.34964345890045084,2038.3431621020202,11.611879780214611,10.1917158105101
-45.260839,200,777.844557,0.0,0.12444639703463432,2225.287462704489,12.459096995619369,11.126437313522445
-47.669315,173,777.953683,1.0,0.04864064723074402,2151.563220446567,12.058584024621325,12.43678162107842
-59.499699,190,778.080868,1.0,0.04918689562753203,2219.147605247712,13.019313050765161,11.679724238145852
-14.653834,105,778.154383,1.0,0.049145092360577944,931.3440562679316,5.193211078745443,8.86994339302792
-43.446942,200,778.284296,0.0,0.17880289361289076,2527.1973841661725,13.744529892815809,12.635986920830863
-5.789795,27,778.302109,1.0,0.04029027969984806,74.58075674133472,0.5314627923173869,2.762250249679064
-111.344136,200,778.432175,0.0,0.25134206339948445,2703.523268701104,14.69927976012615,13.51761634350552
-65.648147,200,778.558918,0.0,0.10785878643644264,1614.2648877363572,9.345864495460114,8.071324438681787
-138.253573,200,779.110894,0.0,0.38534355078093185,2714.9658613213473,15.36372335935065,13.574829306606738
-45.738174,168,779.287797,1.0,0.04726389236568453,1690.014270395391,9.9609716400121,10.059608752353517
-101.468024,200,779.425919,0.0,0.23793798619881873,2457.3530734194883,13.877709326040657,12.286765367097441
-49.325009,200,779.56358,0.0,0.10393098783769739,2071.0087363072244,11.788950773415664,10.355043681536122
-18.863096,112,779.635756,1.0,0.049690550696517934,926.1478378037256,5.444861160569822,8.26917712324755
-120.775786,200,779.783689,0.0,0.2884087450153911,2788.234463346337,15.506135849362607,13.941172316731686
-141.13287,200,779.927014,0.0,0.46100514304515333,2710.1949432723986,15.597159436782936,13.550974716361994
-64.198366,200,780.077564,0.0,0.08932654408282525,2655.648705623161,15.12061705621971,13.278243528115803
-94.820593,200,780.217807,0.0,0.21999050544960438,2732.2920830422913,15.471040909880143,13.661460415211456
-126.649302,200,780.356693,0.0,0.31974548521389357,893.2221017505007,4.870099942743033,4.466110508752504
-53.750814,181,780.474115,1.0,0.04764429285003405,2474.433838325142,13.799453318462302,13.670905184116807
-14.319859,68,780.518701,1.0,0.045812292878415685,25.237646780811545,0.22110617357394213,0.3711418644236992
-80.313234,200,781.082005,0.0,0.16446819881029115,994.9410563249505,5.775059366140084,4.974705281624753
-43.625661,169,781.219761,1.0,0.045680563760047276,1942.180560080907,11.258656961262213,11.492192663200633
-17.355198,111,781.299145,1.0,0.048865239864596254,1357.9185936932954,8.015860326575389,12.233500844083743
-27.133804,101,781.370552,1.0,0.04988411166158616,25.54473196128879,0.22417702542453935,0.25291813823058207
-61.540406,200,781.516576,0.0,0.1199485146533199,1614.8840207134472,9.31680227190587,8.074420103567236
-35.409763,152,781.617207,1.0,0.049478507252996434,2117.893322020883,12.128419636764228,13.933508697505808
-23.832299,123,781.696641,1.0,0.04977791805116086,1587.6428230521772,8.8234487090268,12.907665228066481
-27.20317,132,781.788316,1.0,0.04178057091805959,1566.229529570021,8.714138144022119,11.86537522401531
-33.332724,130,781.900585,1.0,0.04815044530209297,468.87086470999844,2.5956883177867747,3.60669895930768
-134.475959,200,782.028737,0.0,0.3673555685935865,2053.4472525806755,11.761236561653533,10.267236262903378
-137.036505,200,782.157703,0.0,0.39330829180274396,2662.09025021576,15.115447844369537,13.310451251078801
-144.862534,200,782.28695,0.0,0.42143218068906474,2484.701935616089,14.19113068936573,12.423509678080444
-60.392629,200,782.423078,0.0,0.06846801987233217,2104.6510707627617,11.659386636878857,10.52325535381381
-14.52391,83,782.974343,1.0,0.046035815713548756,927.025076135389,5.350704497196457,11.1689768209083
-117.303603,200,783.148711,0.0,0.2885254018247263,1667.1132530076788,9.487099901716498,8.335566265038395
-142.697815,200,783.286613,0.0,0.5228835924580065,2578.9622832630416,14.45246092694525,12.894811416315209
-9.436903,83,783.348957,1.0,0.04975996750034883,1211.8703974898942,6.751138610403781,14.600848162528846
-10.430921,85,783.403034,1.0,0.044973875320105904,689.44628838738,4.150443338672967,8.111132804557412
-138.328579,200,783.535838,0.0,0.3892534202685822,2801.3539819978514,15.511315583078712,14.006769909989258
-100.884581,200,783.667918,0.0,0.20778052192606467,2124.639020640883,12.411531509358706,10.623195103204415
-6.639257,45,783.699968,1.0,0.049813801720859086,317.7767973163651,1.8929709118072169,7.061706607030335
-127.192151,200,783.838061,0.0,0.3545906855785657,2716.6716342129016,15.544632378849776,13.583358171064509
-94.815692,200,783.979642,0.0,0.1737593608246218,1918.7247819609643,10.921929974033592,9.59362390980482
-44.907084,169,784.087965,1.0,0.048721147254021296,1890.1066313082592,10.348887907222819,11.184062907149462
-76.466413,200,784.216267,0.0,0.20771565242833054,2240.232255289058,13.176919905119764,11.201161276445289
-21.740579,120,784.299015,1.0,0.049315376842339234,1001.785752482843,5.530267270622085,8.348214604023692
-19.316886,116,784.792769,1.0,0.04876037266885342,1132.0843477391359,6.596199324479731,9.759347825337379
-10.259851,86,784.87891,1.0,0.04794154822865274,1157.2087846212057,6.702898541195732,13.455916100246577
-54.886677,200,785.049128,0.0,0.0756962088574603,2926.0436607937168,15.829663549547776,14.630218303968583
-17.111588,103,785.120663,1.0,0.04769335254117073,1268.9977687333317,6.8795406889498105,12.320366686731376
-98.328905,200,785.258825,0.0,0.20511213183535684,1421.949761416478,8.018758354252208,7.10974880708239
-57.823698,200,785.394862,0.0,0.16581728229102233,1255.323129142504,7.126446647853888,6.27661564571252
-33.375377,152,785.494052,1.0,0.0485132817580858,1108.9112575749077,6.542291776541493,7.295468799834919
-150.085424,200,785.624483,0.0,0.5549419308205407,2531.3147560982084,14.604624320901115,12.656573780491042
-112.089196,200,785.759783,0.0,0.2405672632044622,1243.1224251594738,7.10505390415933,6.215612125797369
-32.387521,140,785.85988,1.0,0.04860324053044146,1727.4379648855474,9.808974932444363,12.338842606325338
-135.709606,200,785.998528,0.0,0.45034100696257634,2462.5493020148547,14.558158235238169,12.312746510074273
-68.343383,200,786.13773,1.0,0.047214225996331606,2823.627926198609,15.870653854015995,14.118139630993046
-36.034829,159,786.666283,1.0,0.04406809660175749,2050.4540500330468,11.65018109378948,12.895937421591489
-64.712677,200,786.876969,0.0,0.15411036801970887,2437.128273590961,13.595091771070718,12.185641367954805
-69.282062,200,787.048518,0.0,0.07860385316461918,2691.8329594133747,15.338423456414892,13.459164797066874
-127.893267,200,787.19066,0.0,0.2942698337993776,603.9407202381575,3.424215048270035,3.0197036011907876
-83.881785,200,787.324692,0.0,0.12463768387959205,1660.4778480677028,9.394311078244248,8.302389240338513
-61.472549,200,787.457849,0.0,0.1253236839635367,1207.4535253577133,7.1011909608351536,6.037267626788566
-11.346522,84,787.515154,1.0,0.046152016829273154,923.9468568797033,5.3705549098008465,10.999367343805991
-107.064128,200,787.642074,0.0,0.23444807486308786,2198.108411056025,12.403138124194234,10.990542055280125
-58.082245,200,787.77388,0.0,0.0551611124846212,1877.848909898548,10.831991432823461,9.38924454949274
-13.448596,111,787.84488,1.0,0.0416654219500934,872.9365783053041,5.234244247079961,7.864293498245983
-4.090164,22,787.859915,1.0,0.04888393220580822,89.41976607715534,0.6666027163494831,4.06453482168888
-89.055562,200,787.99075,0.0,0.1406860506065893,2146.9276030217493,12.384801915969872,10.734638015108747
-55.707189,200,788.149812,0.0,0.16311018903782865,2490.9988704943203,14.425737688991632,12.454994352471601
-120.281945,200,788.76377,0.0,0.29764501662009374,1492.4643314508817,8.680975369563788,7.462321657254408
-49.028027,172,788.885206,1.0,0.04682531889357307,2110.731780100686,12.140715480732535,12.271696395934221
-44.999978,200,789.020576,0.0,0.17076020889556592,2573.461005163479,14.354364020575066,12.867305025817394
-33.590269,118,789.097169,1.0,0.04845527387222021,184.67789870253654,1.2725600254719422,1.5650669381570894
-130.512958,200,789.220798,0.0,0.35246973519072805,1871.3726844424148,10.722696336630833,9.356863422212074
-52.73036,200,789.354864,0.0,0.11430667636546948,1758.8310436927075,9.674479794067578,8.794155218463537
-93.478271,200,789.484864,0.0,0.20050337002472904,2650.7350031018627,15.17021823969841,13.253675015509314
-6.206089,27,789.502938,1.0,0.037398964630644516,31.773545625989044,0.258216000237184,1.1767979861477424
-38.485629,162,789.610142,1.0,0.0477704014758556,2052.501542775092,11.332774614468622,12.669762609722788
-22.541188,89,789.668602,1.0,0.048469120223208643,25.433064622933433,0.2230603520243222,0.2857647710441959
-6.273632,68,789.713174,1.0,0.04910846292945328,945.2243076954092,5.304541963046173,13.900357466108957
-90.588426,200,789.849202,0.0,0.14329856576400168,2604.4077416448554,14.92813420025295,13.022038708224278
-38.456037,146,789.969495,1.0,0.0489977433657419,843.6465115192503,4.760524292951363,5.778400763830482
-113.698386,200,790.602061,0.0,0.3060643903606295,2485.6501949613203,14.151090221910678,12.428250974806602
-43.244952,174,790.740858,1.0,0.04714963676068664,2351.027541192457,13.397202394043276,13.511652535588835
-6.772766,44,790.769798,1.0,0.04961159771299651,412.04892281880456,2.4217394626355664,9.364748245881922
-39.382918,132,790.865574,1.0,0.04739741200518577,343.6786193594715,2.1221631214668353,2.60362590423842
-119.645833,200,790.998487,0.0,0.28446698660137276,2798.3410193680147,16.085188812345883,13.991705096840073
-87.523111,200,791.126535,0.0,0.14294811244058447,1940.2681869662817,10.815523678921936,9.701340934831409
-94.123223,200,791.255602,0.0,0.1649636865682831,2244.658751681377,13.38267040313001,11.223293758406886
-75.514305,200,791.414817,0.0,0.18020153179226478,2552.2719771789116,15.311499148584073,12.761359885894558
-45.651869,169,791.522136,1.0,0.04473137926220862,2230.6841035091284,12.354082340600941,13.199314221947505
-69.067553,200,791.649863,0.0,0.1759717343850204,1090.5608854972334,6.342374067821638,5.452804427486167
-30.896555,140,791.74399,1.0,0.04337381674324743,1858.270364995801,10.249515074759524,13.273359749970007
-9.544376,83,791.800125,1.0,0.04966446649166869,1149.8764140812584,6.413845903285581,13.853932699774198
-17.798878,108,791.878501,1.0,0.049544418605870166,1168.8442168816518,6.3771022290472965,10.822631637793073
-29.108429,118,792.376236,1.0,0.04779444975480943,320.69565114399126,1.8857288949968738,2.717759755457553
-131.666148,200,792.565612,0.0,0.35034887262267606,1348.6912585002135,7.953337285412706,6.743456292501068
-126.049949,200,792.701973,0.0,0.3251979421583405,1889.0698649647259,10.687458341174327,9.44534932482363
-77.113457,200,792.832037,0.0,0.09795098710827581,2338.475924368866,13.163528135878133,11.69237962184433
-93.76961,200,792.96522,0.0,0.1845398449773561,1254.538057961635,7.066935842559455,6.272690289808176
-107.586893,200,793.113196,0.0,0.23687489324116456,2140.930466036175,12.469570330249883,10.704652330180874
-44.64565,136,793.210759,1.0,0.049044769925925616,221.57246117687234,1.3069303335574802,1.6292092733593555
-25.094972,125,793.300267,1.0,0.04992236425365945,899.7444801650107,5.378843283210401,7.197955841320086
-122.632331,200,793.443006,0.0,0.32544648675035875,2579.3916576123856,15.181675180574235,12.896958288061928
-136.177005,200,793.588877,0.0,0.3774826292759557,1482.2219696549491,8.566413607157063,7.411109848274745
-44.620619,200,793.722151,0.0,0.14859224238776955,2845.5454159432456,16.39950992627419,14.227727079716228
-72.617385,200,794.289622,0.0,0.1315875360033891,2583.1042544154393,15.011314121925361,12.915521272077196
-25.717218,96,794.392635,1.0,0.049311981492262666,25.49820390364074,0.22371174484111567,0.26560629066292435
-106.929736,200,794.544652,0.0,0.3033119416472624,2592.3514696365996,14.746985459883643,12.961757348182998
-7.643091,34,794.570719,1.0,0.04865508816306159,138.8800601984308,0.7743830298277904,4.084707652895024
-41.823038,124,794.652192,1.0,0.04776787524514023,83.13060133825006,0.6273902916412898,0.6704080753084682
-111.213574,200,794.792053,0.0,0.2499800388554658,2547.7045731163735,14.691631354077037,12.738522865581867
-48.234258,173,794.901999,1.0,0.045821573978808885,1985.0666963422032,11.452344302457343,11.474373967295971
-26.956401,98,794.965782,1.0,0.04865001836402915,25.516815126699967,0.22389785707448523,0.2603756645581629
-51.26027,200,795.094953,0.0,0.43231032490607346,1302.7771531856718,7.3940833176442755,6.513885765928359
-51.718372,200,795.225246,0.0,0.4012379485018589,1158.1903163372538,6.813766368510438,5.790951581686269
-60.347589,197,795.350764,1.0,0.04188694727941269,2746.2746857705415,15.405030021940245,13.940480638429145
-7.930568,73,795.402794,1.0,0.04916633191681134,426.93487745846954,2.5598679504956108,5.8484229788831446
-58.055172,200,795.535548,0.0,0.11450912519756487,1720.0491614557789,9.46074148711414,8.600245807278894
-126.902731,200,796.085942,0.0,0.3279840766909427,2046.9277194336394,11.73225641339195,10.234638597168196
-15.985227,73,796.166735,1.0,0.04686813512087703,25.28417483845961,0.22157145415736593,0.34635855943095356
-108.202125,200,796.358742,0.0,0.22958583432194654,983.9383150401036,5.772557811467322,4.919691575200518
-145.138228,200,796.517524,0.0,0.4198236036678401,2870.878099849863,16.32963929535833,14.354390499249314
-109.760908,200,796.655549,0.0,0.24001568436205747,1202.0621868344801,6.856417655210365,6.0103109341724
-134.813574,200,796.790827,0.0,0.37637918228562534,1789.0178911608778,10.438723037141601,8.94508945580439
-59.064093,191,796.923784,1.0,0.04637562770414421,2061.78296247974,11.684990648366455,10.794675196229006
-114.467389,200,797.057642,0.0,0.2708237497644499,2700.0909353250668,15.266823145594154,13.500454676625333
-4.712676,44,797.088928,1.0,0.047668453002505815,540.3613777376398,3.003350247023086,12.280940403128177
-132.225142,200,797.220761,0.0,0.3608318283457801,2740.611575728865,15.626452788691395,13.703057878644325
-8.030581,31,797.242961,1.0,0.04734507454643782,34.665084124842,0.27597604827177324,1.1182285201561935
-68.476444,200,797.373057,0.0,0.1240178444597152,2480.3295255096327,14.028421491145378,12.401647627548163
-26.942289,123,797.45369,1.0,0.048765023372690015,578.5209749992061,3.406333663811198,4.703422560969155
-103.265521,200,798.0005,0.0,0.21483878791887429,2469.5241537829006,14.671744193018851,12.347620768914503
-52.689754,185,798.182141,1.0,0.04760888362033318,1740.00221660195,9.691279293740338,9.405417387037568
-80.755923,200,798.320676,0.0,0.09928652350546724,2607.5889709805433,14.914456030799181,13.037944854902717
-124.295181,200,798.453799,0.0,0.3230548453243391,1908.2508341397377,10.44142111190497,9.541254170698688
-39.337208,123,798.536747,1.0,0.047705186202047105,108.9775506839544,0.765887101365549,0.8859963470240195
-98.161108,200,798.692302,0.0,0.2726031767574693,2270.7366505067153,13.009468653654595,11.353683252533576
-6.195316,31,798.713087,1.0,0.04218447386464707,183.27869021748393,1.003962189743056,5.912215813467223
-109.410147,200,798.84532,0.0,0.2404974544324311,1680.8075068571425,9.658061030498887,8.404037534285713
-76.055724,200,798.984555,0.0,0.10463886569315578,1545.9798304722044,8.674812575769833,7.729899152361022
-74.676708,200,799.138619,0.0,0.11705541674084695,2692.553747074363,14.974837299686282,13.462768735371816
-46.150243,170,799.275519,1.0,0.048717619681226676,2372.7123965672818,13.065531790280419,13.957131744513422
-60.104604,200,799.417691,0.0,0.10689757307788851,1505.2643497743577,8.632863967905076,7.526321748871789
-104.051174,200,799.990633,0.0,0.22512992909947896,1250.7335667764287,7.1104130217404515,6.253667833882144
-139.755827,200,800.160787,0.0,0.39453988777340715,2082.5766349022606,12.227887088040728,10.412883174511302
-147.495136,200,800.294235,0.0,0.4325136722264286,2222.15388684466,12.379637305954775,11.1107694342233
-75.144795,200,800.426726,0.0,0.12364858346078882,1576.5362486861989,9.100910276707497,7.882681243430994
-18.6685,112,800.497715,1.0,0.04887800208493097,1437.0218128076735,7.856604053921849,12.830551900068514
-24.508628,122,800.577706,1.0,0.04642640405715968,1284.4470782437156,7.578997657706093,10.528254739702588
-26.824558,125,800.675592,1.0,0.049763439438214506,669.581951717946,4.134405352902308,5.356655613743568
-107.938068,200,800.808936,0.0,0.22772719589978488,1469.292598048252,8.026802415395037,7.34646299024126
-21.107329,86,800.865854,1.0,0.047469017449602406,25.405147788344596,0.22278118367426794,0.29540869521330926
-93.597112,200,800.996791,0.0,0.18753488767650567,1108.9033343660024,6.548558773363513,5.544516671830012
-74.14916,200,801.125619,0.0,0.12205408805875216,952.03474489602,5.6991252321731025,4.7601737244801
-46.136174,173,801.239605,1.0,0.046140517429011874,2506.9250607004547,14.17745670605737,14.490896304626906
-19.367376,121,801.329797,1.0,0.04064542428083584,1410.4310859881,8.22970397289137,11.6564552561
-48.957301,200,801.920634,0.0,0.3647916347091753,1117.810051735489,6.642890997440929,5.589050258677445
-110.670365,200,802.065534,0.0,0.23781742597694058,2704.890469554435,15.698974655167667,13.524452347772176
-126.088267,200,802.212825,0.0,0.30735159035924287,1113.0548079413597,6.445259663189891,5.565274039706798
-138.24086,200,802.357995,0.0,0.3892625393754169,1964.1872251045354,11.239548248849333,9.820936125522676
-43.693982,157,802.468296,1.0,0.04831426502122943,951.1694188615929,5.544828053229181,6.0584039417935855
-76.823723,200,802.603089,0.0,0.07786093623377804,2414.6831452855004,13.766960288453,12.073415726427502
-113.918817,200,802.75053,0.0,0.2739933312600568,1931.8295179930565,10.973733954136172,9.659147589965283
-94.063264,200,802.882802,0.0,0.1620432231157177,2488.7067633408583,13.704752877377068,12.443533816704292
-16.558695,105,802.950781,1.0,0.04886136949109588,1430.0374645164911,7.871876414120753,13.619404423966582
-54.480126,180,803.082026,1.0,0.047917200943181755,1485.1219408216327,8.3639023379064,8.250677449009071
-147.4071,200,803.220308,0.0,0.4314939042540102,2219.6709696524526,12.441584418307032,11.098354848262263
-84.08735,200,803.830738,0.0,0.1259450666527532,1498.6157626517388,8.575695411674179,7.493078813258694
-18.047754,112,803.914877,1.0,0.047742829587195106,1187.4526794273963,6.411897747043225,10.60225606631604
-48.019089,155,804.016401,1.0,0.04746670436100406,539.2329280893629,3.2759113233904467,3.478922116705567
-45.680321,200,804.152377,0.0,0.19307152050128906,2534.150982812178,14.568034490274782,12.67075491406089
-135.874187,200,804.282148,0.0,0.3747403948992292,1466.8907766909992,8.35365331568234,7.334453883454996
-75.466298,200,804.42067,0.0,0.08412107836263832,2919.0927845774095,16.87859344251035,14.595463922887047
-118.97191,200,804.555763,0.0,0.292919013067748,2079.813804015795,11.48561241196256,10.399069020078976
-46.016078,140,804.648679,1.0,0.046785190577989466,282.76445329928487,1.6649629106635293,2.019746094994892
-118.822068,200,804.786735,0.0,0.2870416353125755,1622.2823122347468,9.442473908414058,8.111411561173734
-85.345622,200,804.935553,0.0,0.11790822587444422,2745.690678850563,15.621730378963134,13.728453394252815
-9.605392,54,804.974012,1.0,0.048629534642587076,25.10736821939695,0.2198033879403554,0.46495126332216574
-17.738218,112,805.048626,1.0,0.04722058764636849,1517.586223532264,8.327506322550647,13.549876995823785
-15.520154,104,805.115719,1.0,0.04669774191782065,1423.0074355509776,8.12956877287855,13.682763803374785
-18.953168,80,805.615141,1.0,0.04935950542610226,60.64343160195322,0.4700513087919026,0.7580428950244152
-7.780146,67,805.698858,1.0,0.04840215313481195,718.6500355186815,4.06691062787809,10.72611993311465
-136.972549,200,805.882817,0.0,0.3768887012226632,1384.0309838609455,7.801165107279951,6.920154919304728
-42.541145,163,806.010244,1.0,0.04748050588429664,1654.690305118645,9.300859352183632,10.151474264531565
-103.07517,200,806.145193,0.0,0.20108715810613226,997.0460940095345,5.905158102558754,4.985230470047672
-36.318365,137,806.230496,1.0,0.046428568462487683,531.3139120826484,3.0098367863436937,3.87820373782955
-11.435848,91,806.290683,1.0,0.04847188418884711,1222.0254499348002,7.116919420399308,13.428851098184618
-48.217099,181,806.418838,1.0,0.04856496177864587,2659.7770283274626,14.655568210929223,14.694900708991506
-124.805729,200,806.552158,0.0,0.2879339052832163,970.2465949706938,5.93117329733154,4.851232974853469
-53.221248,177,806.672213,1.0,0.04532643227953377,2577.915648518029,14.45073644556155,14.564495189367394
-51.044619,174,806.789821,1.0,0.0478480949967883,2184.86807346813,12.511647829686629,12.556713065908795
-12.557602,77,806.840789,1.0,0.04981581449700806,686.7367952612034,3.7237485377196076,8.918659678716928
-121.146875,200,806.992187,0.0,0.30951893237438766,1429.9092226559421,8.160697833279402,7.149546113279711
-59.789203,200,807.565622,0.0,0.15657070623649436,2553.028093200385,14.662053766747139,12.765140466001924
-13.324863,65,807.634271,1.0,0.04719963337503008,25.209729946222698,0.2208270052238878,0.3878419991726569
-113.469729,200,807.77463,0.0,0.24583355663386988,965.8059375765408,5.768924313225108,4.829029687882704
-50.28986,177,807.905758,1.0,0.049772694551891865,2405.3816620512584,13.485588705146688,13.589726904244397
-10.80705,92,807.974472,1.0,0.049534020584821974,1323.7768989246908,7.536069121045543,14.388879336137943
-17.586859,112,808.057588,1.0,0.049941947819631245,1434.8119133453629,8.277772310979342,12.810820654869312
-20.209199,122,808.138748,1.0,0.04678598952754621,1225.126888502202,6.7688187604945735,10.042023676247558
-63.997519,200,808.271012,0.0,0.10996754822222364,1096.6019715046227,6.357950332949303,5.483009857523114
-107.208721,200,808.418773,0.0,0.22632759124173588,2603.4075795065564,14.937172335997895,13.017037897532783
-69.963067,200,808.578991,0.0,0.10182105462502156,1324.5999263436802,7.817105317442147,6.622999631718401
-63.548753,191,808.715173,1.0,0.048644297955376836,2323.0324515368684,13.253702990579368,12.162473568255855
-19.887977,83,808.775119,1.0,0.04612175661297663,25.37723095375575,0.2225020153242136,0.3057497705271777
-85.963697,200,808.902121,0.0,0.11622838426977927,2636.563386509314,14.844931014287885,13.18281693254657
-19.037609,95,808.974756,1.0,0.0491995559202669,1076.0427147445105,6.146694186123544,11.326765418363268
-145.106792,200,809.592771,0.0,0.4131380128383095,2964.4337015875994,16.80148219400761,14.822168507937997
-31.856683,200,809.736099,0.0,0.3705799776651596,2022.4789648694493,11.55951053944639,10.112394824347247
-26.554087,127,809.82945,1.0,0.04837698116526586,1504.183688348859,8.827394493238481,11.843966049991016
-18.459711,117,809.906628,1.0,0.0479460483765636,1024.2486736044348,5.971850655537416,8.754262167559272
-123.779294,200,810.038321,0.0,0.3117490745820171,2758.6783431329136,15.653705294500774,13.793391715664567
-80.157336,200,810.175862,0.0,0.14170542905780828,1129.9746405697408,6.542769628913239,5.649873202848704
-31.073749,142,810.272131,1.0,0.04698812970863568,2050.4091737612716,11.300914526466173,14.439501223670927
-103.053315,200,810.400782,0.0,0.20685031831051953,2495.972686758561,13.744153119188283,12.479863433792804
-10.185461,84,810.46024,1.0,0.049381866232310646,754.4934958708245,4.149718133260455,8.982065427033625
-25.050491,129,810.546767,1.0,0.043008273477356744,1676.5692925342787,9.992071366254223,12.996661182436268
-107.648933,200,810.675766,0.0,0.20734697822908432,815.4016527448798,4.535060079885673,4.077008263724399
-85.17922,200,810.807288,0.0,0.12958674707692835,1515.0552954705577,8.736044408942995,7.575276477352788
-121.203584,200,811.456791,0.0,0.2964653056306446,2668.8243066732794,15.390203276841836,13.344121533366398
-53.900318,200,811.648958,0.0,0.15115307419241666,2530.2264256133217,14.574206405894126,12.651132128066608
-66.985963,200,811.802926,0.0,0.07130964500274226,1910.7456415739603,10.658861236053696,9.553728207869801
-23.484244,120,811.889181,1.0,0.04607344375530334,1366.1478928215247,7.799276767707725,11.384565773512707
-124.285991,200,812.018853,0.0,0.3181835696486447,2818.8957762349396,15.4869363799232,14.094478881174698
-92.797374,200,812.152861,0.0,0.15326593388585716,2715.691058456371,15.12965348610804,13.578455292281856
-19.64373,120,812.234599,1.0,0.04808468040630714,1358.0444913685913,7.720435136107017,11.317037428071593
-129.497638,200,812.37066,0.0,0.3356754076235339,2499.428142809662,13.67567922192116,12.49714071404831
-132.978547,200,812.50606,0.0,0.35362939352459366,2484.360860309148,14.068713705170849,12.42180430154574
-29.204173,135,812.600248,1.0,0.04953897148593779,837.4663253607374,4.956825546669551,6.203454261931388
-137.948874,200,812.750304,0.0,0.37816554772433836,2754.78965023429,15.692825484351182,13.77394825117145
-30.77812,136,812.840621,1.0,0.04839096315920382,1851.426784462986,10.094771615264815,13.613432238698426
-30.681806,105,813.363651,1.0,0.04786530575683018,25.581954407407263,0.2245492498912786,0.2436376610229263
-88.175361,200,813.535134,0.0,0.16683873378618097,1464.6247824011525,8.220742016469957,7.323123912005762
-120.034545,200,813.675217,0.0,0.29953455119922223,1853.3355205644764,10.63857222714249,9.266677602822382
-81.949133,200,813.822135,0.0,0.13933483687356019,1352.308862715557,7.876359522979433,6.761544313577786
-67.428151,200,813.975628,0.0,0.1453095354304635,2300.9285880500956,12.72828910501704,11.504642940250479
-100.055434,200,814.126841,0.0,0.2534314152053503,2415.844987394214,13.728816692741471,12.07922493697107
-102.449019,200,814.262016,0.0,0.19916681911305067,2872.307738718267,16.10854581927116,14.361538693591335
-120.381769,200,814.404723,0.0,0.3066101490677112,1329.3972544237918,7.46822083842462,6.6469862721189585
-70.540939,199,814.54314,1.0,0.048806554111132924,1969.8186797175342,11.013127675129043,9.898586330238865
-146.371492,200,814.675897,0.0,0.443846053745656,2424.3185578626067,13.68929526000232,12.121592789313034
-112.869282,200,815.244591,0.0,0.246858316431591,1207.7460320401526,6.7641700126096564,6.038730160200763
-143.261814,200,815.436764,0.0,0.44504554551444603,2864.0932988608306,15.918803666547953,14.320466494304153
-21.642731,133,815.528576,1.0,0.04873629965833696,924.4239063937696,5.33502237538803,6.9505556871711995
-17.671259,101,815.594891,1.0,0.04951621977654838,1208.3894710694306,6.761041445495316,11.964252188806244
-31.920641,144,815.708642,1.0,0.049847796687867686,1956.8095403751925,11.069946807139518,13.588955141494392
-128.071955,200,815.864818,0.0,0.3168224224895929,793.537330692022,4.206060005648099,3.96768665346011
-113.578001,200,816.023133,0.0,0.31992610171941144,2612.1341548492837,14.288011174011213,13.060670774246418
-114.494399,200,816.159319,0.0,0.2410116532329888,1002.3983046585714,5.8986780842886555,5.011991523292857
-107.833948,200,816.290636,0.0,0.2873669428779752,2438.9825601767648,13.939795075240315,12.194912800883824
-33.598183,144,816.389982,1.0,0.04853865671835381,1904.499753665033,10.642237162616917,13.225692733784951
-95.166751,200,816.517458,0.0,0.1796858461962473,2047.401914789568,11.421674010299984,10.23700957394784
-134.653741,200,816.650461,0.0,0.3933054341498383,2752.017147287859,15.046151478413949,13.760085736439295
-93.600657,200,817.27391,0.0,0.1784821096426767,2751.86796695719,15.236997753368447,13.759339834785951
-45.962445,167,817.430428,1.0,0.047068576313026106,2170.5797649684478,12.512549097868678,12.997483622565555
-76.296648,200,817.568807,0.0,0.07489124844334585,2186.716920879507,12.741665036774167,10.933584604397536
-54.550717,184,817.69385,1.0,0.04525418280797342,2699.261548547906,14.756367934365947,14.669899720369054
-115.531124,200,817.825118,0.0,0.283163580797446,1634.7303447327565,8.890693779316187,8.173651723663783
-121.584131,200,817.956685,0.0,0.31625997355392027,2699.4263670464543,15.523554214473808,13.497131835232272
-73.669411,200,818.092049,0.0,0.14515024129807422,2638.9241963249406,14.819268312369484,13.194620981624702
-71.61336,200,818.226997,0.0,0.06894419270063326,1909.042080892206,10.540689982808003,9.54521040446103
-127.926343,200,818.365768,0.0,0.33578636296907616,1638.2423240336034,9.581643269217956,8.191211620168017
-59.41137,200,818.499848,0.0,0.13126363019180545,2679.900526265169,14.57423986537802,13.399502631325845
-15.548681,103,818.566831,1.0,0.04757515256942881,1389.096746986326,7.70030474396142,13.486376184333263
-42.976561,165,819.210558,1.0,0.042039135515698746,2233.5098022506036,12.555224904470169,13.536423043943051
-100.537804,200,819.383044,0.0,0.20564839432117688,1365.8250620604467,7.645878367088279,6.829125310302234
-117.005662,200,819.530548,0.0,0.2471710677022557,794.1431216125263,4.522394308209195,3.9707156080626316
-127.889707,200,819.676085,0.0,0.33779863090053275,1971.6563216096713,11.303628785136171,9.858281608048356
-6.897157,59,819.717204,1.0,0.04925444422274728,810.9794954211825,4.763591866381104,13.745415176630212
-75.272271,200,819.8469,0.0,0.08674018621638468,1535.3635443063479,8.740638382355353,7.676817721531739
-67.311029,200,819.976672,0.0,0.15997035445519442,885.8476633720379,5.188113114264555,4.429238316860189
-146.260942,200,820.104334,0.0,0.42095593436648315,2857.2492227836897,16.318573715937113,14.286246113918448
-65.406185,197,820.238194,1.0,0.04764989111106998,2647.395527638139,15.345616048337357,13.438555977858574
-128.92956,200,820.36437,0.0,0.361127738281673,2520.9198227886627,13.768069135416749,12.604599113943314
-108.134352,200,820.498228,0.0,0.23604077725239994,1895.9785390194118,10.644421942715116,9.479892695097059
-24.413322,114,820.966741,1.0,0.04919035146391022,1142.9987680175016,6.235343402328979,10.026304982609663
-112.584552,200,821.156269,0.0,0.2984704741898047,2669.206921142113,15.267447446165578,13.346034605710566
-67.376425,195,821.299589,1.0,0.04745996485208245,2423.9780506364446,13.1713202949562,12.430656669930485
-32.364985,134,821.384832,1.0,0.04896118735941628,608.403108273025,3.489158012187892,4.540321703530037
-54.598249,200,821.523835,0.0,0.45486359458869907,1260.1000004723523,7.178545958681879,6.300500002361762
-35.687387,149,821.638795,1.0,0.049683936567658106,2093.71503019967,11.807280352500824,14.05177872617228
-79.300064,200,821.778411,0.0,0.15060903202229214,969.4224708756061,5.832531984527575,4.84711235437803
-20.416344,116,821.862932,1.0,0.04426659236502494,603.0067964393281,3.7064231852099216,5.198334452063174
-5.070794,25,821.87976,1.0,0.04709245417028501,74.54801617450853,0.5311353891322865,2.9819206469803414
-71.298453,200,822.03963,1.0,0.04786853586887394,2644.299135491268,15.103199995108687,13.221495677456339
-67.563541,200,822.210033,0.0,0.08011181048669021,1966.4117968015119,10.976676189858809,9.83205898400756
-36.863216,142,822.306818,1.0,0.04932515478570791,672.1632006413867,3.8801641069845294,4.733543666488639
-114.663653,200,822.44126,0.0,0.28459243682516455,1426.1313110912145,8.147139857228739,7.130656555456072
-67.558301,200,822.987732,0.0,0.09106189750200114,1415.4665049463858,8.036515320783307,7.077332524731929
-8.376024,77,823.066477,1.0,0.04821953228514261,1046.4537069877856,5.9885514870961964,13.590307882958255
-8.862087,82,823.124135,1.0,0.04639721055846658,998.9504525539922,6.0559484375693255,12.182322592121857
-54.367059,152,823.225135,1.0,0.04895920091629795,415.17993510612905,2.6984636427426323,2.731446941487691
-98.625398,200,823.372192,0.0,0.1871107971921578,3046.906046554043,16.963474205562406,15.234530232770215
-70.960859,200,823.50615,0.0,0.13129274776928443,2653.300289192379,15.353588463627107,13.266501445961895
-121.88249,200,823.650964,0.0,0.33769186953860625,2519.681069784594,14.514440717783838,12.59840534892297
-56.615306,179,823.766802,1.0,0.0461456800514566,2350.910878291921,13.32084557137952,13.13358032565319
-90.106193,200,823.898728,0.0,0.15061766220068745,1343.6564390421004,7.527426570637952,6.718282195210502
-136.097238,200,824.03987,0.0,0.3759880831964036,1635.791673189714,9.389367080983467,8.178958365948569
-32.708168,135,824.132899,1.0,0.04760189049547973,748.5532685906577,4.578511965800218,5.544839026597464
-98.699171,200,824.263835,0.0,0.18451567763504007,2706.15429610525,15.279257514921635,13.53077148052625
-7.45195,29,824.282043,1.0,0.04948980716962662,31.80628619663531,0.2585434034604845,1.0967684895391485
-61.629514,200,824.930175,0.0,0.12723199198128338,2357.8473680816824,13.676283314845215,11.789236840408412
-83.94774,200,825.088264,0.0,0.12265122885416153,1844.4687413294946,10.512986114012449,9.222343706647473
-126.755139,200,825.224093,0.0,0.36249082957309564,2343.1857642923737,13.46508693260748,11.715928821461869
-71.14776,200,825.348564,0.0,0.10452947572758343,2624.79132336637,14.840873280425146,13.12395661683185
-87.300771,200,825.482863,0.0,0.12570812468294526,2706.6792365661554,14.98893147920593,13.533396182830778
-45.340081,167,825.599781,1.0,0.04823809922446048,1694.5602644720968,9.458303194917564,10.147067451928724
-11.346688,91,825.657855,1.0,0.04702825366639643,892.5216770383505,5.103944174385749,9.80793051690495
-64.129326,200,825.803091,0.0,0.14291737717220815,1049.433124057609,5.901548275575433,5.247165620288045
-70.114991,200,825.934682,0.0,0.1206864688192275,2491.7839634532074,14.199952760929147,12.458919817266038
-90.720894,200,826.070633,0.0,0.14288972317780502,947.7269518421109,5.5105000472485495,4.738634759210554
-77.275328,200,826.207747,0.0,0.07360366663884552,2871.9838023532707,16.115287896548445,14.359919011766353
-140.213312,200,826.790912,0.0,0.4102713120585067,2591.1792547115915,14.855482709280812,12.955896273557958
-104.621224,200,826.940521,0.0,0.2687038208800859,2511.465180029868,14.563492754991975,12.55732590014934
-20.464096,117,827.017493,1.0,0.04902286787733656,1533.7060458520755,8.8065080287665,13.108598682496371
-46.932789,169,827.134242,1.0,0.049053472380110166,2620.5634080303194,14.835753322475966,15.50629235520899
-32.22384,200,827.265761,0.0,0.34508687377383873,1785.541203982684,10.181568567412134,8.92770601991342
-111.939189,200,827.399247,0.0,0.2550332978494504,1210.7055605952564,6.975485543732057,6.053527802976282
-48.484173,174,827.518742,1.0,0.04857294854861774,1696.9877191787757,9.383647245656816,9.752802983786067
-137.435473,200,827.665579,0.0,0.5365636268486694,2641.4581210685315,15.656043472316087,13.207290605342656
-108.333216,200,827.840517,0.0,0.23192041825848395,2492.1671452861688,14.092833667825994,12.460835726430844
-47.213945,169,827.968448,1.0,0.047144416060385476,2074.248570762533,11.214583161317224,12.273660182026822
-44.41889,166,828.075598,1.0,0.04765596194273814,1890.3204648160674,10.58461968376939,11.387472679614865
-127.338381,200,828.627596,0.0,0.3263393023218001,2978.46359251631,16.72672610810782,14.89231796258155
-102.446729,200,828.790715,0.0,0.20377999223040627,2946.4298889313513,16.50190153473895,14.732149444656757
-47.093931,170,828.905613,1.0,0.04779669617897906,1628.0913786618462,9.435599603539261,9.577008109775566
-7.028964,66,828.953883,1.0,0.04786080196953275,914.9000038011447,5.053610295611594,13.862121269714315
-81.193336,200,829.086549,0.0,0.11081502398699923,788.4608138082136,4.289659124130478,3.942304069041068
-29.750869,137,829.173912,1.0,0.04935929440368289,962.1420059263147,5.590707701673381,7.022934349827115
-45.368894,167,829.286667,1.0,0.04750841926617379,1972.694800382684,11.342344000205694,11.81254371486637
-123.507317,200,829.414521,0.0,0.4089983961764991,2802.020066904026,15.770103824574342,14.01010033452013
-31.791348,136,829.501154,1.0,0.049353430182508144,653.0621206236849,3.5092849438297815,4.801927357527095
-13.252864,97,829.566619,1.0,0.048641484902822454,1329.5833440606152,7.902488291106455,13.707044784130053
-40.291928,159,829.669836,1.0,0.04858833397651956,1510.4333467615913,8.78360479851167,9.499580797242713
-49.828409,200,829.803605,0.0,0.41687911340028416,1153.2982310991392,6.682322529698877,5.766491155495697
-135.148762,200,829.944514,0.0,0.3763870627729448,1247.285218386371,7.398809335623307,6.236426091931856
-15.939838,95,830.428517,1.0,0.04786196844747352,960.2826030740151,5.596248085529671,10.108237927094896
-89.63406,200,830.607087,0.0,0.16677476085635776,975.0702932731003,5.776680074939134,4.875351466365502
-99.1592,200,830.749586,0.0,0.23819206671242268,2598.597205208552,14.800336087949578,12.992986026042761
-73.60689,200,830.892845,0.0,0.15285052264053434,1104.015606564595,6.181421911163787,5.520078032822974
-55.903665,182,831.013205,1.0,0.048522277759752264,2085.279682424682,11.75658320214838,11.457580672663088
-57.796086,185,831.135514,1.0,0.048570013461715515,1770.0973879533692,10.30894226199545,9.56809398893713
-112.290393,200,831.276155,0.0,0.2608362966525911,1751.6362122879434,9.94036533073584,8.758181061439718
-121.862906,200,831.409756,0.0,0.28867428577472176,1224.3121357671325,6.937629713843106,6.121560678835663
-143.389945,200,831.539758,0.0,0.4110413397107846,2701.5198199853553,15.24564773504451,13.507599099926777
-141.405142,200,831.66762,0.0,0.5264897654572288,2369.7701188952574,13.88082173846211,11.848850594476287
-58.893278,151,831.766621,1.0,0.04948186682320564,111.64327172780249,0.7755031080382349,0.7393594154159105
-52.056454,178,832.345743,1.0,0.04917393550456933,1803.1606901389778,10.19338617674218,10.13011623673583
-16.711145,111,832.439678,1.0,0.044554786067660286,707.2842346078332,3.936767792590105,6.3719300415120115
-87.201251,200,832.572844,0.0,0.1294326502925861,2568.5607128132137,14.245762500188201,12.842803564066068
-42.612261,161,832.681916,1.0,0.04969091652977339,2381.26846065482,13.355549643059408,14.790487333259751
-23.736561,90,832.746932,1.0,0.047269651713218085,25.442370234463052,0.223153408141007,0.282693002605145
-17.14621,102,832.810618,1.0,0.04915599403042324,1064.4860129864126,6.138899193773544,10.436137382219732
-7.585101,78,832.860856,1.0,0.04988076301663982,1106.1167448795154,6.380159108142045,14.180983908711736
-102.393263,200,832.986731,0.0,0.2067590835235451,1100.6416891809192,6.1820978348565045,5.503208445904596
-91.088523,200,833.114797,0.0,0.20360821956778405,2414.150096599222,13.44371022255211,12.07075048299611
-96.499593,200,833.254661,0.0,0.18123080885308807,2157.052113974374,11.906498363999885,10.785260569871872
-107.055664,200,833.383219,0.0,0.20395823368361088,856.5532692283175,4.942603044300645,4.282766346141588
-31.683037,139,833.474774,1.0,0.047317859467649236,1686.6596127155578,9.59681623768152,12.134241818097538
-113.823158,200,833.617724,0.0,0.27524024194504043,1414.663022136147,8.209236569142716,7.073315110680735
-81.439703,200,834.243161,0.0,0.1464555396183137,2550.675853161346,13.63129732547605,12.75337926580673
-47.333105,167,834.379292,1.0,0.0493087790425692,2318.3405585822948,12.569700827001439,13.882278793905957
-14.905825,103,834.449788,1.0,0.04943756213252564,1516.3159647561472,7.9394720195316655,14.721514220933468
-11.042126,95,834.515756,1.0,0.04704126466133155,683.4772623815486,3.863456987875136,7.194497498753143
-90.099351,200,834.648653,0.0,0.14194524757700094,2973.169836812797,16.19039630679742,14.865849184063984
-108.514274,200,834.779723,0.0,0.24374237030261392,1788.7392277166916,10.248965271765588,8.943696138583459
-48.391983,172,834.890767,1.0,0.04990242617051592,2247.5517556631557,12.415929801092563,13.067161370134626
-37.936497,156,834.995813,1.0,0.04814789496453625,2209.16849146492,12.06761714572455,14.161336483749487
-27.833409,137,835.086693,1.0,0.04349891192828509,890.6385477867462,5.220786324047269,6.501011297713476
-45.868471,168,835.19863,1.0,0.04798037215160539,1984.1045069372892,11.068560714521855,11.810145874626722
-27.445296,133,835.285267,1.0,0.04842662128216326,506.7805229012343,2.802436828878603,3.810379871437852
-39.92539,157,835.400744,1.0,0.04683679873497358,2300.748543890458,12.959328193169984,14.654449324143046
-59.465688,180,835.51788,1.0,0.04834511876065257,2429.5448969389568,13.54746560196303,13.49747164966087
-122.886951,200,836.203582,0.0,0.342835648369819,2494.798999397185,13.948132640703374,12.473994996985926
-118.479201,200,836.354727,0.0,0.29057993251396924,2704.9501639334726,15.011782582223045,13.524750819667362
-78.928099,200,836.494879,0.0,0.08386761637053831,3084.4746458953946,17.19771126881727,15.422373229476973
-36.806736,200,836.630141,0.0,0.3726426118211163,2370.0221023819618,13.16359027582275,11.85011051190981
-84.979057,200,836.763166,0.0,0.1509306760244258,1444.1617379471502,8.059865623070865,7.220808689735751
-63.110027,190,836.884788,1.0,0.047052222205132666,2563.0666007793648,14.379858459901673,13.489824214628236
-45.318975,163,836.989584,1.0,0.04837145984959758,1031.812142350485,5.774029391879474,6.3301358426410115
-64.708312,189,837.118674,1.0,0.04950274394870228,1520.7607439705694,9.21003489455279,8.046353142701426
-59.446071,154,837.21773,1.0,0.04517149031753753,200.74885170116434,1.4483967416217893,1.3035639720854828
-125.776157,200,837.344868,0.0,0.314679418406292,2978.629343026777,16.63328125917811,14.893146715133884
-82.968699,200,837.880926,0.0,0.10733499336791001,2547.9696942655855,14.30818303011183,12.739848471327928
-82.281358,200,838.070583,0.0,0.09762649167351956,2752.48632450861,15.241310427942537,13.76243162254305
-22.252542,127,838.157633,1.0,0.0453103749835209,1620.5790647933968,9.117481570756294,12.760465077113361
-20.486104,112,838.233915,1.0,0.049119161884489386,432.349360000807,2.4729459878076634,3.860262142864348
-39.937891,143,838.343568,1.0,0.04929095828964294,572.9544325464997,3.291367939097851,4.006674353472025
-97.057769,200,838.484418,0.0,0.16533873106895197,2904.8522248053646,15.888528004158047,14.524261124026824
-28.7059,135,838.578762,1.0,0.04890718638320526,1763.219734357533,9.79283500644136,13.060886921166912
-53.333796,200,838.735726,0.0,0.08638407465797221,1621.9382271127747,9.11786901605328,8.109691135563873
-63.592289,200,838.89342,0.0,0.15054089697114162,902.3493991033969,5.098173946503423,4.511746995516984
-127.559273,200,839.034512,0.0,0.33761574853686477,1712.704441722131,9.536924312526649,8.563522208610655
-46.052201,157,839.145947,1.0,0.040568773935070704,1897.2075324717014,10.948825826079755,12.08412441064778
-124.302827,200,839.277892,0.0,0.2897352409310821,714.1516877962009,4.124653403542253,3.5707584389810045
-134.2376,200,839.839993,0.0,0.36671906668389,2221.2215156793263,12.839654920513615,11.106107578396632
-31.605576,144,839.974039,1.0,0.04749487871654342,1274.2335827527145,7.400122999341972,8.848844324671628
-125.831704,200,840.125961,0.0,0.31825400901135886,2670.5096435298383,15.360088615409408,13.352548217649192
-33.283704,200,840.268744,0.0,0.31250286266216964,2586.350352136078,14.452746648765476,12.93175176068039
-100.496571,200,840.421189,0.0,0.2137711403808056,1945.7404514219127,10.971550510915698,9.728702257109564
-56.524517,181,840.54544,1.0,0.04949157543563944,2502.404957862329,13.692742552186564,13.825441756145464
-43.233081,162,840.649585,1.0,0.048291634886033656,1490.829118718555,8.259608122416337,9.202648880978735
-22.782228,115,840.725687,1.0,0.04698113694634248,1232.515542847038,7.314665970906851,10.71752645953946
-41.49821,167,840.852891,1.0,0.048114891202973104,1994.474815536585,11.246442049598949,11.94296296728494
-104.569414,200,841.033773,0.0,0.23157043387648263,1906.9393572799324,10.902696023230474,9.534696786399662
-122.826193,200,841.201353,0.0,0.29922565030658055,2846.9915142145396,15.701964965460423,14.234957571072698
-136.426944,200,841.358581,0.0,0.3769961079406725,2374.6519261491735,13.442406477468163,11.873259630745867
-54.207072,184,841.944604,1.0,0.04532951581496503,2243.5459936746042,13.047892533229414,12.193184748231545
-63.346066,194,842.086676,1.0,0.048764898474619525,2936.6725195944555,16.70875783457962,15.137487214404409
-106.621764,200,842.229402,0.0,0.23446724486469667,2151.410342231467,12.407975743434019,10.757051711157334
-100.642847,200,842.366637,0.0,0.1947319109611791,2596.827326671396,14.753494422210949,12.984136633356979
-66.637186,200,842.510581,0.0,0.10645333929501546,2500.2486045854894,14.172151654735718,12.501243022927447
-39.967543,135,842.595605,1.0,0.049440582223115585,214.41463935437628,1.3778154609504383,1.5882565878101946
-91.173938,200,842.736811,0.0,0.13165450033916404,2930.261857876503,16.259354281373643,14.651309289382516
-57.063838,152,842.837611,1.0,0.04973052866462954,219.89641193373583,1.3867177626457963,1.446686920616683
-58.416279,185,842.958634,1.0,0.048761711307957104,1156.7120401454522,6.937931592785783,6.252497514299741
-126.486405,200,843.090624,0.0,0.32986732770766863,2168.1578138820887,12.531014034813275,10.840789069410443
-28.806398,136,843.187313,1.0,0.04780343139822949,1777.7694533541871,10.04179813284948,13.071834215839612
-65.788041,200,843.773784,0.0,0.07251275436344778,1454.7231293391799,8.485919762140323,7.273615646695899
-101.813872,200,843.960653,0.0,0.23440069284913043,2668.0396681778752,15.057813687875688,13.340198340889376
-89.26034,200,844.120821,0.0,0.1326843333953462,2543.5706702903085,14.100971686671308,12.717853351451543
-30.582001,123,844.209685,1.0,0.049893916882585904,215.04721239080726,1.4070164572500325,1.7483513202504655
-53.531775,176,844.330172,1.0,0.0496636597990346,2344.9729725836114,13.321513646950402,13.323710071497793
-136.247684,200,844.470617,0.0,0.3928463384645318,2869.0839290684303,16.42339322028686,14.345419645342151
-50.353895,200,844.619715,0.0,0.3925219809601401,1022.7229738744218,6.379256690232787,5.113614869372109
-24.145629,122,844.696587,1.0,0.048317466547118014,702.7837803723658,4.105366536470425,5.760522789937424
-19.431491,115,844.772175,1.0,0.04936136259021497,1386.4319622063374,7.9654947604625725,12.055930106142064
-15.562236,106,844.843858,1.0,0.03934574293244894,812.374893814565,4.69503251770618,7.663914092590236
-98.288279,200,844.982439,0.0,0.19193233417887345,2042.4271280017215,11.635956526745044,10.212135640008608
-46.185322,200,845.114511,0.0,0.10310309884677733,2244.870420393192,12.604781905248256,11.22435210196596
-92.255662,200,845.717542,0.0,0.16679778184497218,2022.6021173298166,11.671748180071877,10.113010586649082
-32.419136,111,845.823967,1.0,0.04730613201515318,25.637788076584947,0.22510758659138722,0.23097106375301754
-12.75611,90,845.885726,1.0,0.04830755294843472,416.17395838781147,2.3938042926703047,4.624155093197905
-22.249239,126,845.975733,1.0,0.04800186235303444,723.9776437608624,3.976905360811747,5.7458543155624
-19.034375,111,846.048548,1.0,0.04710849812029493,343.82588749527565,1.880926427982254,3.097530517975456
-40.674769,161,846.162047,1.0,0.04596080697601089,2321.7809270628068,12.880770440258003,14.420999546973954
-23.318144,125,846.242063,1.0,0.044701420972433896,662.3988305885667,3.6588666323960797,5.299190644708534
-41.318554,157,846.34868,1.0,0.049527713191823954,2156.252537314549,12.111481056214574,13.734092594360185
-95.038253,200,846.515763,0.0,0.18685305687316994,1926.340737463873,11.169780171154622,9.631703687319366
-73.79162,200,846.69586,0.0,0.10249269655072607,902.6462564924734,4.991211920937003,4.5132312824623675
-40.79066,121,846.782223,1.0,0.047229086002653436,25.730844191881086,0.2260381477582349,0.21265160489157922
-131.909806,200,846.912149,0.0,0.3433895899294641,1023.5877416478063,5.818534818499329,5.1179387082390315
-70.039553,200,847.045631,0.0,0.058089422754498514,2546.8373945937115,14.1634575054715,12.734186972968557
-87.04974,200,847.614829,0.0,0.1571157282113379,1382.1187992251475,7.516604466143597,6.910593996125738
-45.393307,176,847.773593,1.0,0.04894813668409788,2158.901514334063,12.107831976121885,12.266485876898086
-66.474358,192,847.904652,1.0,0.0487943471782158,2979.1671146405433,16.786457810427308,15.51649538875283
-91.31093,200,848.038183,0.0,0.15240773431230853,1019.6335892903128,5.97476611561735,5.098167946451564
-39.113227,200,848.182235,0.0,0.43304900797777374,2627.43184509671,14.864187883392546,13.137159225483549
-15.046571,104,848.25053,1.0,0.048941912635290824,1401.251505301955,7.882156921737257,13.473572166364951
-37.089533,152,848.349668,1.0,0.049118351941762485,2179.9606033169753,11.788166466398165,14.341846074453784
-47.086273,164,848.463588,1.0,0.04758133147143157,864.5916588417894,4.863924581084294,5.271900358791399
-55.385336,178,848.57786,1.0,0.049066722007185454,2431.40636538114,13.551524224433415,13.659586322365955
-58.552108,200,848.723717,0.0,0.06033489566777356,2032.7542514958639,11.790015594716339,10.163771257479318
-24.612525,92,848.786665,1.0,0.04738242955330331,25.46098145752228,0.22333952037437654,0.27674979845132913
-10.605871,86,848.842277,1.0,0.04829612277845883,622.3771497835845,3.6337216507890333,7.236943602134704
-59.731569,200,848.974688,0.0,0.08543926556233261,1794.3177251899485,10.284888652853647,8.971588625949742
-23.933618,126,849.509383,1.0,0.04732288307864415,1051.5692826634734,5.777544443193357,8.345787957646614
-22.34561,124,849.647642,1.0,0.04811095699487686,1635.420686933572,9.25350170219953,13.188876507528805
-16.04656,109,849.741187,1.0,0.04585829908103939,1300.2390132792211,7.366753696092368,11.928798286965332
-68.18056,200,849.893845,0.0,0.05150991895982213,2822.035906606712,15.525436882449085,14.11017953303356
-51.331879,200,850.043084,0.0,0.41554207778824387,1139.664821612899,6.828343697994823,5.698324108064495
-45.898959,166,850.154667,1.0,0.04741048636776185,2536.6395907958818,14.443552602858514,15.280961390336637
-11.181945,88,850.212042,1.0,0.04970672237877156,1153.114427598471,6.446576334073028,13.103573040891716
-65.816526,192,850.340384,1.0,0.04991864124039096,2666.9546693590387,14.773885992016382,13.89038890291166
-116.67494,200,850.471968,0.0,0.2715470452581506,2758.747698440297,15.564388197526851,13.793738492201484
-39.315083,149,850.572955,1.0,0.04960521781994096,1569.8421893648172,8.99192943142748,10.535853619898102
-101.793339,200,850.711106,0.0,0.1977746684089659,2712.9534680525967,15.015221253648486,13.564767340262984
-79.150519,200,850.845731,0.0,0.09370683238203828,2121.662805244852,11.751623466716325,10.608314026224258
-99.405011,200,851.415779,0.0,0.18656829023166954,2596.249850542408,14.492797173584336,12.98124925271204
-12.681686,101,851.51584,1.0,0.04695612516220241,1437.9119138460856,8.046970852167252,14.23675162223847
-67.792623,194,851.660067,1.0,0.0484997337237366,2914.029537059395,15.537138161035188,15.02077080958451
-82.50988,200,851.790794,0.0,0.11705168268699351,1869.241863093931,10.351181551416088,9.346209315469656
-92.539916,200,851.929649,0.0,0.16849087876987176,2759.1580876406865,15.297460140356504,13.795790438203433
-53.001393,200,852.100435,0.0,0.06777164712957702,1814.4554901355602,10.348721534630982,9.0722774506778
-32.405327,200,852.255877,0.0,0.2495933740959852,2681.9233510914332,15.130973341956022,13.409616755457167
-41.158684,162,852.37727,1.0,0.04697602004887635,2302.6476468392893,12.451915957097873,14.21387436320549
-73.055316,200,852.535576,0.0,0.13209475992146616,794.8822466529045,4.40462232734176,3.9744112332645227
-10.863071,74,852.584775,1.0,0.04933143289674286,218.9859884528915,1.2827816677105697,2.9592701142282634
-9.009248,33,852.610539,1.0,0.04863997975326851,31.871767337927864,0.25919820990708564,0.9658111314523595
-86.976841,200,852.743929,0.0,0.13005276906040775,2020.7866559223908,11.239780588018535,10.103933279611955
-44.391688,165,852.868397,1.0,0.049451984198657,1894.9507481513438,10.489208236304604,11.484549988796022
-33.665458,148,853.400584,1.0,0.04906155539540866,2177.346445938089,11.61475781723575,14.711800310392492
-78.814212,200,853.564291,0.0,0.13530485630874461,1629.7202109222108,8.962756838587223,8.148601054611055
-29.946867,139,853.664201,1.0,0.047065412732862154,1238.706495622407,7.146231890769614,8.91155752246336
-109.037596,200,853.800203,0.0,0.23147432654866934,2826.055553240776,15.66057653199134,14.13027776620388
-32.873894,114,853.889799,1.0,0.04971827952659072,70.41777106773131,0.5178312804590638,0.6176997462081694
-69.078866,200,854.01878,0.0,0.05565386948874618,2506.020793695287,14.056295972850197,12.530103968476435
-87.331529,200,854.148715,0.0,0.132468642936737,2793.1332852651385,15.72263614259772,13.965666426325692
-36.381022,148,854.257641,1.0,0.04355941231706381,1683.6933830189157,9.706193486592936,11.376306642019701
-107.420693,200,854.393952,0.0,0.2691782279617072,2691.897229168469,15.529251444764899,13.459486145842344
-31.405537,145,854.487609,1.0,0.04608650755004666,2056.0092919944764,11.425329409343936,14.179374427548114
-114.526978,200,854.630683,0.0,0.25736529380221906,2851.701544321332,16.44292675389766,14.25850772160666
-65.768981,199,854.78249,1.0,0.04834209073551109,2709.503227854931,15.44271185075713,13.615594109823775
-41.74126,160,855.484875,1.0,0.04828151607826533,1202.851262860112,6.7987045404129,7.5178203928757
-129.462998,200,855.636847,0.0,0.3386097871102704,3110.0852565332216,17.418687909240226,15.550426282666107
-11.350678,83,855.695909,1.0,0.04977237086297318,412.6964241275094,2.352208100375964,4.972246073825414
-19.608565,89,855.757716,1.0,0.04932383282537324,35.280913787083506,0.28874265847966557,0.3964147616526237
-28.146824,123,855.839773,1.0,0.04919538386140418,514.263314467165,3.073914798730131,4.181002556643618
-109.101412,200,855.970615,0.0,0.23212306379573744,2771.7130643541427,15.695835492646156,13.858565321770714
-73.353416,200,856.103704,0.0,0.0622450841815767,2658.940638248248,14.943680759745762,13.29470319124124
-100.208598,200,856.23665,0.0,0.19369030846008825,2610.7322523315975,14.933737232779805,13.053661261657988
-50.371609,200,856.374598,0.0,0.10026553013681515,1673.5122256282575,9.384103781662311,8.367561128141288
-38.914068,134,856.472123,1.0,0.049806588861148686,350.6583045159933,2.2106262401825463,2.6168530187760695
-125.720488,200,856.607015,0.0,0.3275506643506763,1968.0824471287315,11.06926450778099,9.840412235643658
-84.249957,200,856.743219,0.0,0.1413182633225413,1421.1888179141151,7.958897456029013,7.105944089570576
-101.592065,200,857.332742,0.0,0.1957399295349582,2872.3745103084157,15.776199827904803,14.361872551542078
-39.020899,200,857.503577,0.0,0.2574717047627021,1406.2978521517255,8.210793850658467,7.031489260758628
-142.568313,200,857.657747,0.0,0.3964245979217871,2723.1647741336437,15.204797970939577,13.615823870668219
-131.654522,200,857.816748,0.0,0.2986572312205782,685.6184512406022,4.040336916897245,3.428092256203011
-121.685232,200,857.952784,0.0,0.2760097086514314,932.40568928599,5.181907629118382,4.66202844642995
-10.393812,90,858.01316,1.0,0.04665187506665987,732.0090962609729,4.20057773965926,8.133434402899699
-33.849396,200,858.149539,0.0,0.4016722848482956,2653.477442059393,14.944466069641303,13.267387210296965
-16.362889,120,858.234824,1.0,0.04537351554690791,1655.4521297883223,9.151059439124348,13.795434414902685
-7.780744,31,858.254708,1.0,0.045289116815654014,31.839026767281588,0.2588708066837851,1.0270653795897287
-54.847605,184,858.376673,1.0,0.04883056218859607,2287.973773156619,13.02980723282693,12.434640071503363
-43.27063,200,858.50786,0.0,0.42943688126204627,2655.3809488039956,14.375581028471196,13.276904744019978
-45.962465,200,858.656505,0.0,0.414772994869532,1540.2167444160207,9.093731180704982,7.701083722080103
-13.040695,93,858.718897,1.0,0.04718053648406911,491.5752834237567,2.9565649361826707,5.285755735739319
-103.481013,200,859.330552,0.0,0.20781633233048388,2552.518949305582,14.486891516052518,12.76259474652791
-141.631153,200,859.474326,0.0,0.408332012725346,2804.1238030217455,16.0140701684736,14.020619015108728
-74.838591,200,859.617376,0.0,0.09968350179358734,2537.240983232465,13.829759598422688,12.686204916162326
-88.80865,200,859.753134,0.0,0.1368635746199818,1457.604854119196,8.325207802006902,7.28802427059598
-115.139436,200,859.886783,0.0,0.22295549137931542,636.8164189747122,3.8564361999408088,3.184082094873561
-107.325373,200,860.017901,0.0,0.24475037682871273,2114.192360455957,11.604349750736269,10.570961802279784
-24.052273,120,860.095943,1.0,0.04734584956519185,596.1169304021918,3.401384185492847,4.967641086684932
-51.455931,200,860.23038,0.0,0.3813465199709515,1089.2294982239223,6.085905025272173,5.4461474911196115
-84.49724,200,860.389957,0.0,0.15691234982207022,2556.8462067240766,14.560599461922122,12.784231033620383
-43.316655,167,860.524968,1.0,0.04975959241628599,1814.9024455561023,10.09768482158448,10.8676793147072
-123.037423,200,861.129677,0.0,0.32706416508674074,2795.4029532667532,15.468232778378114,13.977014766333767
-15.750992,106,861.242111,1.0,0.04936402506811611,682.2561756865974,4.100228188633645,6.436379015911297
-75.022389,200,861.395632,0.0,0.10776817438264112,1810.5579855902395,10.027230753343385,9.052789927951197
-37.68685,143,861.493091,1.0,0.04966132721857537,488.44214065812935,2.647550863960211,3.415679305301604
-60.524767,188,861.627307,1.0,0.04966443979685712,2500.0466460238804,13.926115636063157,13.298120457573832
-17.907873,113,861.700679,1.0,0.04955813235456525,1562.0436149024347,8.480504320087153,13.82339482214544
-24.332679,120,861.778736,1.0,0.04870761813502175,1367.6133710044564,7.644101830897399,11.396778091703803
-38.925793,118,861.863832,1.0,0.04646296630992314,25.70292735729225,0.22575897940818063,0.21782141828213772
-32.318119,134,861.956643,1.0,0.03935399308948641,478.24646050515906,2.9036551713530923,3.5690034366056644
-142.867822,200,862.08432,0.0,0.4123633413312089,2908.3216928207157,16.29385241309961,14.541608464103579
-125.832228,200,862.21209,0.0,0.3224520202005872,2300.8487923516072,12.89262619110531,11.504243961758036
-84.250126,200,862.343252,0.0,0.12149724482033677,1946.9003644135216,11.34758555844595,9.734501822067609
-18.402417,114,862.421993,1.0,0.04703387814483651,1551.9630783915798,8.588043023248018,13.613711213961226
-45.398523,168,862.530615,1.0,0.04862106969771658,1780.922479192557,9.902534111548785,10.600729042812839
-19.607279,81,863.018146,1.0,0.04566876897423549,25.35861973069652,0.22231590309084406,0.3130693793913151
-136.764419,200,863.217905,0.0,0.37232850432876985,2904.341118176272,15.800343273868872,14.52170559088136
-56.907742,187,863.377824,1.0,0.04645780770730404,2333.8519921773413,13.683766273137154,12.480491936777227
-87.236465,200,863.514676,0.0,0.13512320614553483,2720.3866713411057,15.100046049474972,13.601933356705528
-10.264597,87,863.571199,1.0,0.04972329615318258,1104.832642888901,6.15513900738505,12.699225780332197
-132.450774,200,863.701024,0.0,0.3409364847243382,2454.7430998734662,14.040227548229904,12.27371549936733
-52.185172,146,863.799773,1.0,0.04780878925437908,206.35922866891613,1.2795701864940263,1.413419374444631
-139.76819,200,863.928951,0.0,0.38937929795368065,2602.6590287980316,14.324275755687255,13.013295143990158
-44.080621,163,864.058881,1.0,0.0427397443185866,2171.5279495581945,12.125069738821772,13.322257359252726
-79.056303,200,864.22455,0.0,0.07704779345001338,2738.8487959256845,15.056924926853588,13.694243979628423
-117.885187,200,864.373784,0.0,0.27775892231419097,2612.9790644825603,14.460331624925862,13.064895322412802
-62.882059,200,864.944978,0.0,0.08881324873050361,2008.2562309540351,11.884288475035492,10.041281154770175
-16.754886,111,865.046655,1.0,0.04757131327884301,476.52488663259174,2.70768239173081,4.293016996690016
-20.174808,107,865.157643,1.0,0.04881326521615889,424.6643928820428,2.3282564403365402,3.968826101701335
-138.617953,200,865.298627,0.0,0.3974611799664161,1589.20852528239,8.604897716854023,7.946042626411949
-67.263024,200,865.450045,0.0,0.0954948590153543,1726.8660502255957,9.556262396988563,8.63433025112798
-17.046967,113,865.527117,1.0,0.0480804727473117,818.7070332575535,4.694578260172337,7.245194984580119
-32.394066,146,865.619932,1.0,0.04544103530766793,2114.7767632161376,11.966363465799205,14.484772350795463
-71.897129,200,865.748071,0.0,0.13078819080284848,1738.1632392835095,9.971862179126344,8.690816196417547
-57.811972,191,865.87271,1.0,0.0482030857028455,2217.791766558427,12.383601136106169,11.611475217583386
-138.411435,200,866.004541,0.0,0.3936444275391049,2928.7806040529367,16.274899203043674,14.643903020264684
-124.158493,200,866.133174,0.0,0.31118511959200834,2669.1487424352204,15.023703509718944,13.345743712176102
-66.621878,200,866.26457,0.0,0.07656181661013867,1961.0368114615542,10.879558918800878,9.805184057307772
-131.805796,200,866.826525,0.0,0.36187646434703435,1936.9513166007805,10.987013643829453,9.684756583003903
-23.561385,125,866.949025,1.0,0.04583773981470622,1401.6293377343945,7.886770285887647,11.213034701875156
-118.678195,200,867.116058,0.0,0.2958828663542994,2203.917414835757,12.21782615112074,11.019587074178785
-6.621054,68,867.16697,1.0,0.04902519455090116,979.6445001453059,5.169789004466165,14.406536766842734
-20.21935,82,867.233623,1.0,0.04975778197809584,25.36792534222614,0.22240895920752887,0.30936494319787977
-29.726628,102,867.316642,1.0,0.04966098836916519,25.554037572818427,0.22427008154122435,0.25052978012567084
-19.564756,119,867.416148,1.0,0.04644398729616383,1477.5190128247846,8.309467929384493,12.416126158191467
-48.554235,165,867.544619,1.0,0.04916311013406981,2097.7095384518225,12.120503383990108,12.713391142132258
-39.531012,153,867.644715,1.0,0.04822624543330293,1951.7019623240928,11.055367302374437,12.756221975974462
-38.352242,152,867.743759,1.0,0.046899583220937735,930.1043924233975,5.619958032391621,6.119107844890773
-35.081362,148,867.844551,1.0,0.048067951571414254,2093.585027694191,11.559687284553338,14.145844781717507
-93.401101,200,867.982814,0.0,0.17480191752858007,1985.6786285100497,11.551932810340642,9.928393142550249
-20.552007,86,868.039633,1.0,0.04883984488223952,25.405147788344596,0.22278118367426794,0.29540869521330926
-89.492144,200,868.167727,0.0,0.13165410316141282,2947.3484089325284,16.62934443392,14.736742044662641
-37.494475,149,868.274193,1.0,0.047722072617993105,2138.6504039873726,11.696053614943967,14.353358416022635
-46.734282,160,868.805173,1.0,0.04832683369663503,1894.402309220202,10.55008297368854,11.840014432626262
-80.305457,200,868.97517,0.0,0.11465191086530133,2802.4509783400786,15.826168698374799,14.012254891700392
-22.116002,91,869.042986,1.0,0.0477013191489159,68.2682670012274,0.49665852117445014,0.7502007362772242
-129.865483,200,869.17914,0.0,0.3125074532642943,865.8201630045061,4.977002002433356,4.329100815022531
-110.528112,200,869.317718,0.0,0.2698232169418258,1794.6301352262392,10.13952205749668,8.973150676131196
-72.564245,200,869.452301,0.0,0.1166507510041179,1366.6359110185829,7.593022663787047,6.833179555092914
-133.974829,200,869.613077,0.0,0.3499482550266266,2799.36761910778,15.412487752721864,13.996838095538898
-21.708824,120,869.694491,1.0,0.048903515706819126,1799.5656472270437,9.823689446774083,14.996380393558697
-56.900603,200,869.826914,0.0,0.11969006544424933,1529.0909144469697,8.830011026477273,7.645454572234849
-6.69025,60,869.866464,1.0,0.049036479519854154,694.0039879637721,4.106323637618753,11.566733132729535
-32.612688,151,869.967821,1.0,0.045532731071020356,1952.6504955575053,11.316422816903797,12.931460235480168
-28.611697,100,870.028621,1.0,0.04561751407825205,25.5354263497592,0.2240839693078548,0.255354263497592
-124.040978,200,870.159821,0.0,0.3233006962171828,1879.356212689175,10.41191001778803,9.396781063445875
-38.317016,200,870.780961,0.0,0.3848336443141347,2186.5838471912907,12.371238691189731,10.932919235956454
-104.344957,200,870.93211,0.0,0.20382665141704265,1238.6365655394495,7.10197758818142,6.193182827697248
-61.774737,200,871.070883,0.0,0.06857100096185935,2410.7941798243087,13.301470729895359,12.053970899121543
-40.63499,122,871.158592,1.0,0.047871592829076,48.14636649811152,0.4078169154425143,0.39464234834517636
-50.748436,167,871.285584,1.0,0.0478135532997858,862.2677105146958,5.0040248368232545,5.1632797036808125
-50.037224,160,871.409997,1.0,0.04954359384425759,695.0887574561783,4.256123528769663,4.344304734101114
-15.590544,116,871.512685,1.0,0.04905626441228024,1871.4547444697187,10.221316982389443,16.133230555773437
-60.902369,200,871.663783,0.0,0.07246394252148915,2000.7524432329576,11.049046102714907,10.003762216164787
-28.041783,135,871.749793,1.0,0.049960708371453194,1237.7423622179554,6.881023726009736,9.168461942355226
-14.954337,86,871.808982,1.0,0.04636598534514218,829.1455663643321,4.88887788595051,9.641227515864328
-41.392982,147,871.910151,1.0,0.0497355166431326,1835.853241335117,10.061530785109948,12.488797560102837
-42.840468,161,872.015893,1.0,0.04794165458405631,2446.509221116159,13.648969831337709,15.195709447926454
-63.792963,190,872.146575,1.0,0.04740762271310475,1250.0029118959799,7.2197437199565275,6.578962694189368
-69.978636,200,872.746526,0.0,0.0904436346895959,1602.1276058162448,8.874558753273606,8.010638029081225
-103.39479,200,872.882865,0.0,0.22960475019511853,1346.2898500092656,7.837484208403448,6.731449250046328
-97.975466,200,873.016589,0.0,0.16529005220423737,780.9437182831757,4.451238197091746,3.9047185914158784
-13.004036,81,873.072208,1.0,0.04547725958575824,770.3228619069471,4.578362122400598,9.510158788974655
-70.908164,199,873.209487,1.0,0.04753643799690251,2803.5035200862167,15.189651340649666,14.087957387367924
-78.165221,200,873.338029,0.0,0.12721516943535316,1051.5749854931453,5.787464630911269,5.257874927465727
-18.766559,117,873.414309,1.0,0.04939146518195704,1372.1481469735754,7.858544781748641,11.72776193994509
-94.107566,200,873.558868,0.0,0.17404640225010595,2118.11352150265,11.843728052309793,10.59056760751325
-25.85202,123,873.65363,1.0,0.04799652106996446,705.6757392903511,4.039642459309683,5.737201132441879
-114.192615,200,873.825147,0.0,0.2476368241768005,996.4931859073631,5.937976788134502,4.982465929536816
-56.52455,183,873.964746,1.0,0.048836935803765025,2519.824374770317,14.44174157896291,13.769532102570038
-84.37228,200,874.536492,0.0,0.15596383263212632,2151.8804496993184,11.91548085885877,10.759402248496592
-48.691318,174,874.702873,1.0,0.04891610015959219,2270.402430234431,12.450423281695606,13.04828982893351
-6.97175,56,874.74278,1.0,0.04873018460120952,613.681721027443,3.5896608648067705,10.95860216120434
-108.720975,200,874.875641,0.0,0.23241309253451534,2496.5729728165907,13.819861961843236,12.482864864082954
-5.195568,56,874.912086,1.0,0.049645464682316454,807.2755314075565,4.566592127115933,14.415634489420652
-25.627919,128,875.000817,1.0,0.048147042216586146,941.2641890605387,5.374832133475167,7.3536264770354585
-99.488229,200,875.133213,0.0,0.18774503079394644,2616.4240169504897,15.131126393658596,13.082120084752448
-29.097994,144,875.235351,1.0,0.04718476306144906,2150.809245144465,12.094959131942144,14.93617531350323
-130.759631,200,875.364181,0.0,0.3409617098286704,2863.115499947468,16.040793845313953,14.315577499737339
-90.885802,200,875.492855,0.0,0.1395111730450182,3034.457575431619,16.87502281942931,15.172287877158094
-61.75815,200,875.622108,0.0,0.06814504199321372,2010.389458883669,11.064423266148042,10.051947294418346
-49.53036,138,875.712549,1.0,0.049566444434176536,75.63377806541612,0.5662545509254919,0.5480708555464936
-11.516908,92,875.784262,1.0,0.04988582660380326,1162.8620107341615,6.338299466151616,12.639804464501754
-24.166387,126,875.874801,1.0,0.04707069082292378,1013.318086118401,6.058532092434733,8.042207032685722
-104.448528,200,876.462993,0.0,0.2106831754613745,2523.4083225758136,14.090199240323766,12.617041612879069
-116.692848,200,876.621033,0.0,0.31696512047497716,2493.688363486349,13.620576210811054,12.468441817431744
-69.266605,200,876.761958,0.0,0.05613606287165829,2255.353338761898,12.68983574291536,11.27676669380949
-95.26051,200,876.898861,0.0,0.18122561929884975,2013.022513370441,11.432351978054959,10.065112566852205
-11.788875,91,876.955656,1.0,0.04851244878141798,1108.8192024897057,6.131614794519402,12.184826400985777
-132.031737,200,877.104226,0.0,0.36203566302782475,1656.6621251730771,9.730180982093616,8.283310625865386
-38.823305,150,877.22316,1.0,0.04983742525336223,1150.899207144763,6.749787714740772,7.672661380965087
-32.828068,145,877.340704,1.0,0.04754065646870146,2177.35208853345,11.94114542424283,15.01622130023069
-120.072092,200,877.487888,0.0,0.28661022842002437,813.4101066660787,5.051387920160492,4.067050533330393
-138.762497,200,877.625558,0.0,0.4269102229239883,2634.136933990239,14.333394491011674,13.170684669951195
-106.636653,200,877.757487,0.0,0.2260397585264891,1079.848209991787,5.92288512865333,5.399241049958935
-29.221309,138,877.859137,1.0,0.046817564808043624,2053.266274148165,11.185143784500768,14.878741117015688
-19.894369,101,878.372944,1.0,0.04894889198864703,1050.0968940867933,5.85967866118873,10.396998951354389
-86.747014,200,878.549271,0.0,0.13354833850869974,2151.4451553910535,12.155304725996258,10.757225776955268
-137.966348,200,878.693756,0.0,0.4851068424517477,2383.6508160678623,13.900238113045631,11.918254080339311
-54.68236,187,878.819754,1.0,0.04922261339845171,1807.4151086681118,10.42721672755179,9.66532143672787
-44.189472,134,878.906588,1.0,0.048630883775760886,139.856547647205,0.9689578255082881,1.0437055794567536
-46.610848,165,879.013087,1.0,0.04412085802689898,2090.2092811349935,11.481229283844758,12.66793503718178
-19.150023,106,879.095574,1.0,0.04615255696834663,1092.355999557982,6.013989094394062,10.305245278848886
-95.552617,200,879.241012,0.0,0.19116286033153412,1402.0065612207854,7.905928764826545,7.010032806103927
-16.54517,109,879.311016,1.0,0.04594182750394574,1599.8475434399681,8.861500177874174,14.677500398531818
-9.865176,37,879.336654,1.0,0.04918240988072212,96.13782270623105,0.5923283558460032,2.598319532600839
-123.745167,200,879.468852,0.0,0.3037419846513306,2563.5605192592284,14.05453513260544,12.817802596296142
-21.20152,86,879.523965,1.0,0.04743847242951073,25.405147788344596,0.22278118367426794,0.29540869521330926
-96.679193,200,879.659072,0.0,0.20132324390829118,1632.290649029082,9.108180799161271,8.16145324514541
-5.415915,26,879.677838,1.0,0.04559126583810431,31.757175340665892,0.2580522986255336,1.221429820794842
-131.511679,200,880.365606,0.0,0.3570511605408557,2014.8123868208259,11.854366326767277,10.07406193410413
-106.149363,200,880.534694,0.0,0.20191761509410608,2831.2324561710234,15.770477527393577,14.156162280855117
-65.577885,200,880.679028,0.0,0.05103642800590346,2559.9773467101872,14.043511108416268,12.799886733550936
-51.738806,168,880.787808,1.0,0.049525912094978336,1027.9378175773857,5.702451876883605,6.118677485579677
-24.838545,129,880.887614,1.0,0.04577341967420417,633.5515234559441,3.654261736559001,4.91125211981352
-96.082768,200,881.017361,0.0,0.16426784938258043,2735.0063155062926,15.354876331448073,13.675031577531463
-6.712817,35,881.042428,1.0,0.04507870384116,258.3889806291258,1.3880447618546665,7.382542303689308
-122.617553,200,881.169154,0.0,0.37742262979420826,2694.8929187945773,15.37579706497595,13.474464593972886
-31.545965,105,881.23663,1.0,0.048458666091946455,25.581954407407263,0.2245492498912786,0.2436376610229263
-38.549681,151,881.334297,1.0,0.04779717668831115,2186.807246285028,12.332054579797198,14.482167193940585
-134.320221,200,881.465816,0.0,0.39834192608588437,2621.8353629851213,14.508335414432121,13.109176814925606
-85.186503,200,881.597029,0.0,0.11021909771755696,2826.096871130428,15.831758420182922,14.13048435565214
-30.060459,200,882.16414,0.0,0.32679183496842884,2132.1708718776763,11.924205716747185,10.66085435938838
-18.255685,117,882.28063,1.0,0.04894607977172632,1700.1843408358218,9.247966907824706,14.531490092613861
-14.71768,100,882.376952,1.0,0.04915753689386347,1374.2265422171251,7.557748398491608,13.74226542217125
-32.255334,145,882.483767,1.0,0.04959233672905789,1468.5939864142501,8.332915486579491,10.128234389063794
-97.003715,200,882.70218,0.0,0.20699363042125685,1509.2234597277563,8.225994667069596,7.546117298638782
-128.505799,200,882.875875,0.0,0.34444591304093214,1506.5306522089254,8.709813200171832,7.532653261044627
-97.054714,200,883.014725,0.0,0.1746985259068877,2430.3572664911435,13.453557037671175,12.151786332455718
-34.871352,151,883.110943,1.0,0.048841617645534234,1396.8799046295294,8.047291810950984,9.250860295559796
-11.950038,95,883.176533,1.0,0.04630821123905454,1510.5559718935606,7.998479461754703,15.900589177826953
-10.799687,100,883.24372,1.0,0.04008084546005024,714.3931959511985,4.152846430172038,7.143931959511986
-13.051117,96,883.303151,1.0,0.04855920848018235,1272.7921792458178,7.388609687095359,13.258251867143935
-124.901875,200,883.433837,0.0,0.33672039143302623,2756.907913309127,15.351432427821743,13.784539566545634
-37.031411,200,883.562904,0.0,0.27132900684519906,1355.690741803112,7.536386996749309,6.77845370901556
-14.732524,99,883.630791,1.0,0.048627832405331,1550.6462856813973,8.150018149285504,15.66309379476159
-86.134215,200,884.230883,0.0,0.15417063871027756,2581.7647238575337,14.320807004589025,12.908823619287668
-17.707826,77,884.308606,1.0,0.04616469685734369,25.321397284578065,0.221943678624105,0.3288493153841307
-46.923281,174,884.430714,1.0,0.04979088629829052,2070.1455616486255,11.800133746587523,11.897388285336929
-31.44742,141,884.527662,1.0,0.04979280887513826,1190.9156915052909,6.584778625745147,8.446210578051708
-41.379172,164,884.636235,1.0,0.04994829975264345,2139.6453927437137,12.53439962686334,13.046618248437278
-140.864103,200,884.765613,0.0,0.39735782352397525,2358.3079827573056,13.585959267933385,11.791539913786528
-125.886656,200,884.892151,0.0,0.32519329866325153,2264.0357530607657,12.426016348135965,11.32017876530383
-73.813495,200,885.027204,0.0,0.09685635264305793,1510.5631264978435,8.568797459921587,7.552815632489217
-60.339329,185,885.152147,1.0,0.047833662236814685,2632.1218894086514,14.639890810276714,14.227685888695413
-25.537889,93,885.219731,1.0,0.04870241877416466,25.47028706905187,0.2234325764910611,0.2738740545059341
-55.076752,183,885.344211,1.0,0.04994739993011327,1919.3083202911273,11.069199202896218,10.488023608148236
-136.774358,200,885.483638,0.0,0.3797537631971787,2294.902078197714,13.38491496664705,11.474510390988572
-90.3661,200,886.062993,0.0,0.1681161474004389,2603.5912066752376,14.499616686142517,13.017956033376187
-51.777949,175,886.262794,1.0,0.049315731185733486,2493.7047879506204,13.674953478508591,14.249741645432117
-17.458886,111,886.349805,1.0,0.04788388982294445,1596.3667679495863,8.945539639287219,14.381682594140418
-30.777899,104,886.433579,1.0,0.045105261370676,25.572648795877654,0.2244561937745939,0.2458908538065159
-52.968555,200,886.577759,0.0,0.12020307010674923,2559.3257376712286,14.41245811074783,12.796628688356144
-46.376884,166,886.688386,1.0,0.047911733241569804,2418.0173270722353,13.41075306444456,14.566369440194189
-37.34919,158,886.798454,1.0,0.04835787390083761,1813.0999654223197,10.105605135184469,11.475316236850125
-73.705649,200,886.928923,0.0,0.09595839286779874,2727.8251610788666,15.139231725119485,13.639125805394333
-27.473933,132,887.022815,1.0,0.04999193875666491,1770.3443638017766,9.985844262887356,13.411699725771035
-93.572465,200,887.152094,0.0,0.18309701795117608,2434.923168009493,13.772661792969,12.174615840047466
-105.276673,200,887.294705,0.0,0.26922900538166533,2338.5899607692513,13.300369856578007,11.692949803846256
-81.355864,200,887.422074,0.0,0.10216861258995959,2580.559499845828,14.399142229509321,12.902797499229141
-33.294272,139,887.516718,1.0,0.04845268727358781,1611.3087416819114,9.155039000376012,11.592149220733177
-108.564771,200,888.124894,0.0,0.2610638360102642,2712.30780277336,14.817444334804538,13.561539013866799
-121.705709,200,888.258522,0.0,0.29957861433612887,2594.084912612808,14.76168475046342,12.97042456306404
-80.336619,200,888.415581,0.0,0.08302815769701896,2850.708755552268,16.15049492901951,14.25354377776134
-150.674574,200,888.547316,0.0,0.6940150225593403,2844.335069926813,15.785062582147402,14.221675349634065
-118.312933,200,888.684824,0.0,0.2826339629626438,1365.8341097057175,7.419453459422291,6.829170548528587
-69.300048,200,888.81772,0.0,0.09176241338599876,2531.0311346981216,14.056487481345195,12.655155673490608
-31.009699,140,888.915011,1.0,0.04746503252620077,1022.1601107416171,5.943818418600094,7.301143648154408
-110.427986,200,889.045535,0.0,0.24293672092480023,2704.3098516141154,14.847178222354147,13.521549258070577
-59.940922,187,889.172186,1.0,0.04824439318835356,2361.3501573971653,12.94148614880213,12.627540948647942
-14.452896,68,889.213788,1.0,0.04887854494283422,25.237646780811545,0.22110617357394213,0.3711418644236992
-115.845709,200,889.344201,0.0,0.29767904704068165,2709.775603204178,15.173499338258859,13.54887801602089
-70.058594,200,890.062109,0.0,0.08584860790299646,1428.561654975597,7.795417771488877,7.142808274877986
-35.39596,144,890.174466,1.0,0.048503291837514735,2018.4170189069994,11.072511313174582,14.016784853520829
-128.210987,200,890.309881,0.0,0.2662429561545475,632.7461179988176,3.7201159908234587,3.163730589994088
-107.930388,200,890.457883,0.0,0.24496275935225065,2813.939284720059,15.618740981011115,14.069696423600295
-18.256487,108,890.528747,1.0,0.04975824839492633,1070.6683925174125,6.066492173826209,9.913596227013079
-26.695028,121,890.607717,1.0,0.04813700746985319,1246.310092675422,7.121428333156118,10.300083410540678
-15.338813,70,890.657196,1.0,0.04924211110175179,32.97282403046772,0.293423768292683,0.471040343292396
-77.166993,200,890.785446,0.0,0.1230913849507524,2672.1266315735024,15.103545685683725,13.360633157867513
-38.322466,150,890.890572,1.0,0.04404453489414033,1816.2770717213748,10.447123466216167,12.108513811475833
-30.824103,200,891.030591,0.0,0.35821839521615395,2863.382042440525,15.930732936155879,14.316910212202623
-12.786563,97,891.097517,1.0,0.046924463081997735,1097.0104748746978,5.867622097321481,11.309386338914411
-54.185447,183,891.215633,1.0,0.04548254053455207,2513.745597062314,14.036355814303583,13.736314738045433
-96.002976,200,891.354243,0.0,0.18639517386251192,2635.371939410706,15.085990121054126,13.17685969705353
-17.741538,77,891.862143,1.0,0.0478311214928321,51.40007775752864,0.40544773777056337,0.6675334773705018
-55.823854,200,892.052146,0.0,0.13393000564425492,2530.7277698649136,14.368458187864153,12.653638849324569
-53.628888,179,892.196731,1.0,0.04717618481778633,2574.309758265139,15.207072617156124,14.38161876125776
-57.621537,200,892.362095,0.0,0.09876735636699713,2659.7073926354415,14.665546980332687,13.298536963177208
-33.216676,152,892.467116,1.0,0.04609201947096131,1838.9216724740709,10.331948111398106,12.098168897855729
-14.098526,100,892.534284,1.0,0.0469820504629088,907.5127070348802,5.0723897719958,9.075127070348803
-75.210423,200,892.67631,0.0,0.1264817778826753,2863.2129931209106,15.90371199235507,14.316064965604554
-112.502948,200,892.80131,0.0,0.2566280103344672,1474.2358587651242,8.742403917490025,7.371179293825621
-47.309572,158,892.910221,1.0,0.049898334841690165,825.6427502251992,4.772136851698147,5.225587026741767
-44.339887,133,892.999928,1.0,0.04787359038637062,153.06108333201482,0.9472555522187914,1.1508352130226678
-106.664884,200,893.124727,0.0,0.23489114162986247,1421.2746737646478,8.032730011809889,7.106373368823239
-90.051082,200,893.259878,0.0,0.1593503312159706,979.7756602780333,5.641331644427737,4.898878301390167
-134.584566,200,893.846407,0.0,0.3629785120540284,2829.952298326568,15.974786343342153,14.14976149163284
-51.517132,200,894.014942,0.0,0.3917286839321446,1012.7449436626803,5.867750252703472,5.063724718313401
-69.188929,200,894.149652,0.0,0.0655429272536157,2036.4638650807192,11.750454917039008,10.182319325403595
-136.328969,200,894.29055,0.0,0.36198518266414226,2618.6318122850503,14.877334356664239,13.09315906142525
-134.00234,200,894.418706,0.0,0.36891193162378555,1989.6050308401962,11.338522731159566,9.94802515420098
-53.928625,178,894.530658,1.0,0.04488307577632376,2579.4185329339466,14.72154819454997,14.491115353561497
-128.096311,200,894.674737,0.0,0.3406565053926189,2306.7447701120595,13.401461036483065,11.533723850560298
-19.947144,116,894.754949,1.0,0.04840737681940186,1826.2021859928368,10.571115649840191,15.743122293041697
-33.180612,145,894.850554,1.0,0.04683008237549518,982.9493951225642,5.575644574278465,6.778961345672856
-120.516895,200,894.985812,0.0,0.34109984202298405,2457.6996484157876,14.352029090967536,12.288498242078937
-89.299254,200,895.11316,0.0,0.13185631023513497,2762.7566256896716,15.584144733578652,13.813783128448359
-132.890857,200,895.729098,0.0,0.36420078571151754,2105.6205547701734,12.116247453251818,10.528102773850867
-92.764043,200,895.896804,0.0,0.18684478717519412,2749.2500477402223,15.715218102082467,13.746250238701112
-29.844392,138,895.994031,1.0,0.04691153310651686,994.901820287027,5.708488677969468,7.209433480340776
-134.784742,200,896.131972,0.0,0.3650055305618605,2652.7455257015577,14.814179588599796,13.263727628507787
-136.144919,200,896.264596,0.0,0.36950088856093005,2422.5114968726066,12.997245795264277,12.112557484363032
-127.960035,200,896.394548,0.0,0.32044692764930977,2817.0625370929174,15.952375905846065,14.085312685464586
-127.29199,200,896.527879,0.0,0.345595735415649,1734.7851810968432,9.735703356797627,8.673925905484216
-35.978411,151,896.625721,1.0,0.04802346749201823,2001.6091123856197,11.284370375044938,13.25568948599748
-108.773254,200,896.797968,0.0,0.22491045645442578,2933.523333949449,16.38397741863293,14.667616669747245
-118.570698,200,896.925647,0.0,0.3106797092822711,2777.9686476182296,15.20556991391804,13.889843238091148
-50.529076,171,897.039541,1.0,0.04966791494110558,2423.5427626537908,13.562818074057759,14.172764693881817
-54.641513,200,897.624873,0.0,0.12280800462119908,2435.6826823167303,13.7792818543348,12.178413411583652
-37.987833,132,897.750514,1.0,0.048646290303148834,306.15947886367695,1.9451766886837523,2.319389991391492
-44.998872,170,897.878325,1.0,0.04844658716477607,1879.847920249506,10.529435971214317,11.057928942644153
-131.265276,200,898.026909,0.0,0.3528195205950713,2029.1193288354718,11.372309860640305,10.14559664417736
-11.061295,84,898.087265,1.0,0.0454487479308657,1302.7839391266361,7.322402423282237,15.50933260865043
-18.124565,77,898.139186,1.0,0.047707158113892076,25.321397284578065,0.221943678624105,0.3288493153841307
-53.316364,176,898.252071,1.0,0.04811551305284576,2738.5500047695605,15.549734287762346,15.559943208917957
-38.031968,145,898.354845,1.0,0.048024724461404336,1953.7536476591351,10.985778765175334,13.47416308730438
-113.368697,200,898.489176,0.0,0.26740042053540225,2364.5942858549133,13.596058387863458,11.822971429274567
-21.871934,120,898.569519,1.0,0.04897939844550547,1659.896782387215,9.464638112043936,13.832473186560124
-12.460589,62,898.608633,1.0,0.04965267364440305,25.18181311163386,0.22054783687383353,0.40615827599409454
-40.108915,134,898.697064,1.0,0.0489083599923614,180.85254623207808,0.9356016428800176,1.3496458674035678
-144.285843,200,898.84079,0.0,0.41759593393706673,2205.1185743041656,11.86068465739575,11.025592871520828
-120.053526,200,898.97,0.0,0.3028989828167179,815.3547057092998,4.688511857198112,4.076773528546499
-27.881696,100,899.447745,1.0,0.04688011529255315,25.5354263497592,0.2240839693078548,0.255354263497592
-111.521517,200,899.624726,0.0,0.2526350925686434,2644.680466923903,14.367339354267557,13.223402334619516
-124.480438,200,899.759637,0.0,0.31475592838593786,2877.6804134617255,15.801849903599049,14.388402067308627
-113.480029,200,899.895803,0.0,0.24323206158880106,2853.623114619803,15.856134171969684,14.268115573099015
-34.938393,152,899.999097,1.0,0.04763635251519969,2055.304898444217,12.138824028406594,13.521742752922481
-70.778442,200,900.128577,0.0,0.052493341263327234,3101.9011294169454,17.116936449521212,15.509505647084728
-46.962309,164,900.254299,1.0,0.049292824049932675,1118.8775855346903,6.830386642646414,6.822424302040795
-63.373235,200,900.388252,0.0,0.10420494168280511,1443.99232740076,8.237174658640086,7.2199616370038
-98.834076,200,900.534603,0.0,0.17699787405991319,2973.850461753574,16.259846401925557,14.869252308767871
-54.026047,174,900.654636,1.0,0.04813254060598939,2629.7066271970452,13.969758485166246,15.113256478143938
-18.057237,104,900.725095,1.0,0.04548309325066369,425.68677951183156,2.3997697495089056,4.093142110690688
-71.893184,199,901.398732,1.0,0.04234680081510742,2630.526179014954,14.659056349149953,13.218724517663086
-18.05765,120,901.51572,1.0,0.043692114526356074,615.9932179933985,3.7582680147074767,5.133276816611654
-105.06407,200,901.683197,0.0,0.22092632284055666,1452.531404747802,8.129101825591308,7.262657023739011
-18.613307,111,901.762053,1.0,0.04746094180032696,1510.1596571203154,8.959065981148553,13.605041956038878
-47.019731,138,901.854832,1.0,0.04972195694167006,197.1367229804788,1.2147878241315555,1.4285269781194117
-70.498187,200,901.995071,0.0,0.05505399721667525,2382.6755408876033,13.47075872405303,11.913377704438016
-103.257171,200,902.1269,0.0,0.24481895707497517,2780.640458228991,15.87805134683719,13.903202291144956
-135.239932,200,902.263127,0.0,0.36862905944420427,2962.7380709116906,16.262514971527885,14.813690354558453
-88.892286,200,902.396564,0.0,0.15508842574515078,1430.4249675758224,8.29599099738866,7.152124837879112
-17.031145,96,902.460719,1.0,0.0480445823482569,1082.6114123541715,6.346832099333873,11.27720221202262
-5.538511,51,902.497661,1.0,0.04961196749907817,616.6970747101208,3.447511734509013,12.092099504120014
-99.345504,200,902.638344,0.0,0.16033875994726768,717.1764831713302,4.051589298596989,3.585882415856651
-12.71899,92,902.705858,1.0,0.048866922992191135,1142.732427623737,6.201336854823443,12.421004648084098
-51.47124,138,902.803109,1.0,0.04832679244406579,43.278319860686295,0.3759809518307999,0.313611013483234
-32.495893,133,903.394516,1.0,0.04997138217324562,1705.5150402950283,9.644454812644195,12.823421355601717
-89.832713,200,903.607616,0.0,0.17965248488522134,1479.1875337303522,8.583047772585227,7.3959376686517615
-14.495646,103,903.67966,1.0,0.0421421356891379,453.64540974572026,2.4380476721279027,4.404324366463303
-93.785849,200,903.813957,0.0,0.15872207861290596,2604.215847105407,14.622790399569164,13.021079235527036
-41.134532,123,903.89684,1.0,0.04968136020396986,74.81325442362171,0.5488891282102557,0.6082378408424529
-9.908485,84,903.960726,1.0,0.04729832535458419,1175.2236677677618,6.664642874205832,13.990757949616212
-76.279094,200,904.097684,0.0,0.11852871032984086,960.5783696076551,5.144213181554465,4.802891848038275
-32.778629,146,904.1906,1.0,0.04987758466581665,1750.606249631315,10.118669539627454,11.990453764598048
-15.396983,73,904.23874,1.0,0.049889410459764715,25.28417483845961,0.22157145415736593,0.34635855943095356
-57.993761,200,904.3696,0.0,0.12337503347054155,2513.0172372553384,14.257566455374514,12.565086186276693
-15.020589,85,904.433039,1.0,0.04784154392977174,843.7177086920751,4.892930804051277,9.926090690495002
-46.428869,165,904.546668,1.0,0.04377449655214547,2170.46639031674,12.422642402227876,13.154341759495395
-129.753916,200,904.683068,0.0,0.349131425909376,2214.632097248053,12.282877342276691,11.073160486240265
-10.473455,55,904.720102,1.0,0.049349228030640804,376.3657057175717,2.2486996737817964,6.8430128312285765
-34.385641,110,904.793674,1.0,0.049605586637621824,25.62848246505534,0.2250145304747025,0.2329862042277758
-68.493795,194,905.399473,1.0,0.04874058938375003,2737.3375074535365,15.275658044001846,14.109987151822354
-132.915614,200,905.555571,0.0,0.3437191575042578,948.0275251612728,5.627794711465182,4.740137625806364
-53.562721,176,905.674314,1.0,0.04695556991384948,2464.1000294286964,13.166134078290181,14.000568349026684
-130.893059,200,905.805446,0.0,0.35999832547623223,1889.4341471132784,10.622683875267763,9.447170735566392
-70.015333,200,905.940486,0.0,0.10406322990294199,1237.286285213476,6.849997237557914,6.18643142606738
-41.686319,158,906.045057,1.0,0.04983040811837425,2354.4425823908555,12.870764407407249,14.901535331587693
-54.246965,181,906.168867,1.0,0.04937137545321625,1931.37424591099,10.740595894263754,10.670575944259614
-8.903948,82,906.21947,1.0,0.04315457482290361,897.5027052736417,5.090752924850812,10.945154942361484
-54.863894,185,906.340538,1.0,0.047717110364152854,2068.7566282459975,11.319536422681859,11.182468260789175
-27.945423,125,906.436695,1.0,0.048835167692244295,416.3402606317193,2.369980364855906,3.330722085053754
-41.806506,159,906.569603,1.0,0.04740060003678992,1174.8718069129923,6.6684639967817,7.3891308610880015
-37.791592,149,906.702161,1.0,0.04806073056777064,1998.3045308991593,11.253469081875306,13.411439804692344
-45.695092,139,907.263542,1.0,0.0480762179533474,256.1704741617037,1.7998211056196807,1.8429530515230481
-35.647878,149,907.416985,1.0,0.04866670757467589,1972.8667814797184,11.377010889157667,13.240716654226297
-103.840203,200,907.558663,0.0,0.21959328474701778,1145.9239050767542,6.564514727838235,5.729619525383771
-150.145069,200,907.688228,0.0,0.42842020551299004,2889.826863674451,16.009789813685952,14.449134318372256
-10.926027,59,907.728576,1.0,0.04905377384861,25.153896277045014,0.2202686685237792,0.42633722503466126
-9.975148,79,907.779571,1.0,0.04954057400146641,1108.7005701632909,6.357125060596512,14.03418443244672
-13.198205,84,907.834344,1.0,0.0496837014759725,873.4603563973747,4.626774832262001,10.398337576159221
-60.137025,200,907.967034,0.0,0.09657902069928265,2764.410772705691,15.80581928105585,13.822053863528456
-89.43582,200,908.1045,0.0,0.17841933596516352,2478.1033107563335,13.875783887645586,12.390516553781667
-42.838671,164,908.234536,1.0,0.04956334979787937,1912.7214825632682,11.085269828688537,11.662935869288221
-129.334561,200,908.37049,0.0,0.32679555541621685,1187.6678167018142,6.949265220355236,5.938339083509071
-21.534873,86,908.42748,1.0,0.04686229704165841,25.405147788344596,0.22278118367426794,0.29540869521330926
-36.219334,149,908.522051,1.0,0.04886372320580293,1140.9263016998927,6.454679108550452,7.657223501341562
-121.39447,200,908.661177,0.0,0.31258727652662527,2497.3788334628493,13.364573728066265,12.486894167314247
-7.281953,67,909.147681,1.0,0.048993011221364444,867.7668465678337,5.065909768771346,12.951743978624384
-60.363223,187,909.3338,1.0,0.04740810191904394,2240.9951782002227,12.893778842333987,11.98393143422579
-132.243289,200,909.463767,0.0,0.34692244454531335,2659.3150261849482,14.277382535501069,13.296575130924742
-23.352691,136,909.555198,1.0,0.04643493377074946,1000.809986149935,5.710154986622002,7.3588969569848155
-16.509526,104,909.62766,1.0,0.04957287732791123,1525.816366098853,8.160898875729288,14.671311212488972
-110.440083,200,909.788825,0.0,0.24391817907278407,2437.0480540046788,13.687686865955339,12.185240270023394
-80.066117,200,909.945954,0.0,0.11017155390486795,2368.484947846648,13.157901149738008,11.842424739233241
-89.107185,200,910.082266,0.0,0.13720309725374485,2548.4565097822933,14.160223291605814,12.742282548911467
-133.311336,200,910.219584,0.0,0.35248361696362157,3018.9949139704845,16.31589147129658,15.094974569852422
-127.619499,200,910.346949,0.0,0.29363215886046123,667.7124460145625,3.975927735263283,3.3385622300728124
-78.897415,200,910.477694,0.0,0.10939356975483568,1991.0310654852576,10.925340874394534,9.955155327426288
-10.265852,59,910.519591,1.0,0.04807287531730023,567.403012930972,3.4660641758271495,9.617000219169016
-32.992122,141,911.044747,1.0,0.0484787966334753,1873.675012559449,10.592847789584333,13.28847526637907
-37.351872,117,911.162153,1.0,0.046212225952492365,25.94852553577287,0.22819061002523383,0.22178226953652025
-94.343314,200,911.316646,0.0,0.1654914925710317,2725.3855500892146,15.47698207835375,13.626927750446074
-24.413479,129,911.412015,1.0,0.04536086673043772,1573.1767996700585,8.831325285969797,12.195168989690377
-123.123512,200,911.569966,0.0,0.30788104950046724,1358.959623912666,7.910064629245632,6.79479811956333
-49.625481,171,911.687698,1.0,0.04630617493718833,2217.9649656367524,12.464570126565516,12.970555354600892
-31.903169,139,911.781149,1.0,0.049483114928850436,939.1411003039005,5.537828455028279,6.756410793553242
-128.051678,200,911.913041,0.0,0.3442847938198381,1888.0000614836633,10.940758380272634,9.440000307418316
-107.244626,200,912.064171,0.0,0.22547783235998642,2798.2329436863843,15.64407222742491,13.991164718431921
-10.126681,42,912.096622,1.0,0.048408542373120485,216.21150580014356,1.3784805663348354,5.147892995241513
-39.684891,154,912.220171,1.0,0.048763868085705445,996.8256999297157,5.921710788728348,6.472894155387764
-81.382291,200,912.378942,0.0,0.10466170165743234,2682.83948706581,14.878743252099698,13.414197435329049
-32.075951,155,912.494199,1.0,0.04863832181441898,1830.2737062774358,10.272858704123111,11.808217459854426
-90.311653,200,913.105462,0.0,0.14852302924650435,2849.7760066395613,15.877599098417004,14.248880033197807
-49.939221,173,913.269443,1.0,0.04992186223150575,2417.168639300824,13.282854098757362,13.972073059542335
-49.342856,162,913.376218,1.0,0.04923330926829847,2017.3867832700876,11.197970155849681,12.45300483500054
-129.703155,200,913.517551,0.0,0.3918159177869191,2607.459263254105,14.63314001570406,13.037296316270524
-56.204293,182,913.640743,1.0,0.04684739913023836,2232.189912314799,12.580205514753551,12.264779737993402
-36.136523,123,913.73087,1.0,0.04888522229537641,163.05323433478688,0.9295952889136512,1.3256360515023324
-13.724943,97,913.795494,1.0,0.04962093711497797,620.1922324233976,3.611678650948048,6.3937343548803875
-118.424387,200,913.931221,0.0,0.2706665898974434,3206.391445056241,17.933700879506432,16.031957225281204
-112.472637,200,914.062268,0.0,0.2471528912271938,1250.4282212799806,7.2284355696196085,6.252141106399903
-59.515342,200,914.198759,0.0,0.12426987939378116,2621.78305440274,14.328136782177456,13.1089152720137
-123.871975,200,914.337172,0.0,0.2927611478857769,2848.171900470183,15.56962263672036,14.240859502350915
-118.763823,200,914.462406,0.0,0.24800501120971805,668.923375246167,3.8349348414262385,3.344616876230835
-24.089633,127,915.094363,1.0,0.04901433883775995,1450.021331856395,8.144264624167917,11.417490802018857
-11.55988,87,915.18448,1.0,0.04810685609694572,1191.6839559520395,7.052451432962462,13.697516735080914
-11.322637,92,915.250931,1.0,0.043348330290493814,1141.9943802451216,6.301037032414734,12.412982393968713
-30.675088,132,915.339844,1.0,0.04979281316269901,607.6804520359758,3.364132541246337,4.603639788151332
-108.225795,200,915.490689,0.0,0.24086605384510762,2306.636584029261,13.161719765190767,11.533182920146306
-113.705705,200,915.623714,0.0,0.2681556040442541,2816.9000304098586,15.656115839716826,14.084500152049293
-7.185018,29,915.643046,1.0,0.04283312132727555,38.97282844065086,0.3127637981951372,1.3438906358845124
-120.812122,200,915.776708,0.0,0.2702037107191745,957.8096938110621,5.747271318723903,4.78904846905531
-28.611759,200,915.911594,0.0,0.3630822447218445,2402.374034014552,13.634318121038717,12.01187017007276
-112.329717,200,916.045855,0.0,0.2473085292337078,1385.6289686514028,8.126718724720764,6.928144843257014
-29.686947,133,916.139905,1.0,0.049959955027819115,1872.0021508736597,10.599287417245863,14.075204141907216
-33.053985,200,916.274635,0.0,0.2849097966513508,2860.910831735848,15.35324153028472,14.304554158679242
-108.949453,200,916.407729,0.0,0.22412982640739715,2887.946976529837,15.85038665306016,14.439734882649184
-58.782016,177,916.986264,1.0,0.046082398185315225,911.0003980496915,5.558027706880633,5.146894904235546
-14.400124,72,917.058648,1.0,0.04832576817930168,25.27486922693,0.2214783980406812,0.3510398503740278
-13.18187,90,917.132834,1.0,0.04954675016714657,1246.5333879541506,6.958583408495372,13.85037097726834
-138.956748,200,917.260592,0.0,0.3935734677465498,2146.41644490348,12.192818107601092,10.7320822245174
-39.539274,154,917.370971,1.0,0.04467967022494064,1071.0882098797094,6.436945672756414,6.955118245972139
-131.438116,200,917.504695,0.0,0.34521615099661696,2998.710145188578,15.761687159442884,14.993550725942889
-108.77092,200,917.660114,0.0,0.20529990017225594,863.951731470648,5.077108758039328,4.3197586573532405
-132.111238,200,917.812312,0.0,0.34978603488107995,2639.6090752232135,14.722846608866838,13.198045376116067
-14.711137,96,917.888141,1.0,0.048720975750601636,1344.3285129871153,7.306318256239586,14.003422010282451
-77.304262,200,918.046763,0.0,0.11722823108664017,2504.57695186982,14.261675973572276,12.522884759349099
-79.289829,200,918.190985,0.0,0.11150325038325577,1374.664606654151,8.307421711897977,6.873323033270754
-88.15674,200,918.323944,0.0,0.12829051597562272,2996.2542885435064,16.957564392185407,14.981271442717532
-69.281557,194,918.872763,1.0,0.04983356216628914,2802.4433727165274,15.342377862385288,14.445584395446017
-54.159727,200,919.05049,0.0,0.10212495673889305,1573.715474451223,8.83566924955417,7.868577372256115
-47.855839,200,919.184177,0.0,0.43125123407103505,1407.3276441431885,7.948473782880519,7.036638220715942
-128.568806,200,919.322057,0.0,0.30466189669122773,951.622693619943,5.621433780224756,4.758113468099715
-50.720133,200,919.455624,0.0,0.414765282075066,1003.6500006641354,5.886872208931089,5.018250003320677
-64.96079,200,919.579533,0.0,0.08880133471065911,2339.838121190898,12.923550740742334,11.699190605954492
-81.955047,200,919.717847,0.0,0.1429613775144269,1814.009267645221,9.865189916150321,9.070046338226105
-29.953701,133,919.802975,1.0,0.04978368705311237,1706.8751743439445,9.305448770426297,12.83364792739808
-54.374554,200,919.943243,0.0,0.08450890282750678,2261.0990451524676,12.414179842840902,11.305495225762337
-32.900097,145,920.036485,1.0,0.04640385132974089,816.6031118931022,4.743284770729713,5.631745599262774
-118.216053,200,920.162206,0.0,0.3183664955458342,2658.603219667296,15.205157259730019,13.29301609833648
-31.656669,143,920.692499,1.0,0.04845402665995902,1972.630844213894,10.897563711293607,13.794621288209049
-70.169208,200,920.880811,0.0,0.09252777079557951,1475.0845975221691,8.447948735873048,7.375422987610846
-11.566158,91,920.956452,1.0,0.04956531879258305,1376.6882685930857,8.069270303588295,15.128442512011931
-50.56307,177,921.096905,1.0,0.049333651640614935,2080.2871528903943,11.579821740527612,11.753034762092623
-11.881915,85,921.158033,1.0,0.04915942281246815,1276.4736551467104,7.031644604186393,15.017337119373064
-48.228082,169,921.281329,1.0,0.04678415293017907,2434.318456239042,14.204053992793371,14.40425122034936
-22.83167,115,921.354647,1.0,0.049275303675855545,1382.6404982556328,7.871437562966302,12.022960854396807
-117.085423,200,921.494088,0.0,0.2775659140956328,2376.20489373103,13.376904922995045,11.88102446865515
-21.267512,116,921.579259,1.0,0.04749627547264731,1566.8217078740959,8.986996698050774,13.507083688569791
-96.801529,200,921.707817,0.0,0.18704410149236905,1285.0898978372775,7.572187680384657,6.425449489186388
-145.099307,200,921.847237,0.0,0.4103744873073214,2782.9498492042535,15.518386285458464,13.914749246021268
-104.534445,200,921.980855,0.0,0.2294178650854445,1794.6902670262014,9.932667265372999,8.973451335131006
-47.698609,142,922.075617,1.0,0.049862541527123,238.34230926150775,1.5617359131053181,1.6784669666303362
-100.996309,200,922.640515,0.0,0.17904953257710032,909.5060489301082,5.213008021937301,4.547530244650542
-48.591076,167,922.797902,1.0,0.0462566599036882,2019.4414259106343,10.91832867973345,12.09246362820739
-19.123275,113,922.874919,1.0,0.04736531337864298,1678.6544001843354,9.069772984264743,14.855348674197659
-19.369948,103,922.947649,1.0,0.048493037648163935,1268.5392052939694,6.8583834354344235,12.315914614504557
-132.898626,200,923.085984,0.0,0.32926339359133405,794.0256098871588,4.724326410115145,3.970128049435794
-79.285731,200,923.215538,0.0,0.11119346552991603,1599.8554257374362,9.070950111052442,7.999277128687181
-54.261308,200,923.369026,0.0,0.0879725437462557,2667.1818945614746,14.360804836441947,13.335909472807373
-108.689054,200,923.503974,0.0,0.20774011366844128,1063.1685225513581,6.464599058215078,5.315842612756791
-117.42869,200,923.638167,0.0,0.28014252639793996,2993.8761074476556,16.910258314505473,14.969380537238278
-39.410465,153,923.74987,1.0,0.044533914258173775,2109.092205155035,11.796047787705067,13.784916373562321
-110.761282,200,923.914121,0.0,0.21668633288631337,2794.7620774624806,15.482021831125337,13.973810387312403
-86.84697,200,924.039207,0.0,0.14472003108346818,2705.213626223182,15.305175493770223,13.52606813111591
-75.388615,200,924.725032,0.0,0.10332576267942663,1434.0185442471745,8.076199423321668,7.170092721235872
-99.537218,200,924.883188,0.0,0.19919987252573132,1836.2922140581077,10.540757054144558,9.181461070290538
-82.972323,200,925.014416,0.0,0.12362964906975128,1781.501764240846,10.512603467140117,8.90750882120423
-85.941497,200,925.14865,0.0,0.1719452283749561,2352.169137424809,13.816674036363581,11.760845687124045
-106.27241,200,925.277052,0.0,0.22511076708527047,2623.355660596344,15.083356587135455,13.11677830298172
-74.6443,200,925.405548,0.0,0.12870190075560897,1737.3954245091522,9.961288665423774,8.68697712254576
-34.861382,149,925.499368,1.0,0.04891961597873269,1646.9752906752747,9.652576158509081,11.053525440773656
-35.666594,200,925.632266,0.0,0.28755882343352873,1590.6341391643405,9.133684988466797,7.9531706958217026
-93.092866,200,925.76112,0.0,0.11656515831857113,545.4067007629351,3.1965094364347517,2.7270335038146754
-120.381974,200,925.896528,0.0,0.2955885934860386,2590.913275414705,14.672627152677993,12.954566377073524
-144.656053,200,926.47417,0.0,0.41246557682023505,2884.83042194234,15.676162581277525,14.424152109711699
-105.803085,200,926.665874,0.0,0.22325966733346542,1300.6963219613588,7.2940166305733936,6.503481609806794
-87.749383,200,926.800748,0.0,0.13086290797752578,2797.313305794144,15.676024983456927,13.98656652897072
-12.874845,93,926.872239,1.0,0.04576384230671637,934.6009669866348,5.403748138765637,10.049472763297148
-105.016575,200,927.046828,0.0,0.22168425818370405,1621.8339622456617,9.198680786678286,8.109169811228309
-43.022406,135,927.166097,1.0,0.04767464115179865,216.52973113624716,1.2793552613008792,1.6039239343425715
-77.828099,200,927.297913,0.0,0.08112819902592862,2532.478568626213,14.361467020179871,12.662392843131066
-126.151207,200,927.425612,0.0,0.34076710285415635,2643.49528754102,14.885677111174646,13.2174764377051
-61.381649,175,927.536705,1.0,0.04992340825138319,643.9405192407388,3.651621039804427,3.6796601099470787
-106.78716,200,927.678409,0.0,0.2198246146574682,1391.5092190248286,8.183768359942027,6.957546095124143
-36.900246,151,927.779682,1.0,0.048586808422611455,2005.6154271257656,11.589319521438279,13.282221371693812
-16.611027,101,927.845616,1.0,0.04885453358926181,1207.752780229746,6.483894391167671,11.957948319106395
-46.265829,159,928.395164,1.0,0.0499178165261098,864.9845784113764,4.7596663538794735,5.440154581203625
-131.435858,200,928.578951,0.0,0.3465887919842385,3155.8055564827946,17.822596966658775,15.779027782413973
-118.372573,200,928.71947,0.0,0.2844640765610316,2335.028529547226,13.056953918841218,11.675142647736129
-103.740764,200,928.854898,0.0,0.20564700275873893,2623.6419539789385,14.026695764169387,13.118209769894692
-69.188998,200,928.986031,0.0,0.06590425483820662,996.1986510223104,5.893205302241248,4.980993255111552
-118.463185,200,929.11485,0.0,0.28986076367072006,2087.8575824051195,11.39743215060397,10.439287912025598
-50.310533,169,929.253201,1.0,0.04602863817441597,2525.914942042328,14.48505448283663,14.946242260605493
-90.215903,200,929.406949,0.0,0.14871223159456085,2640.00917210937,14.59114867578635,13.20004586054685
-80.354081,200,929.558947,0.0,0.09029509905642807,1631.4617116310546,9.130605936818709,8.157308558155274
-32.327712,143,929.679927,1.0,0.04950389510820144,1730.901548166963,9.450775968283097,12.104206630538203
-49.290486,174,929.789761,1.0,0.04555148350275432,2040.6220264848785,11.872166177549516,11.727712795890106
-11.684789,93,929.850485,1.0,0.04941587565231512,876.0396732112671,4.909825298563645,9.419781432379216
-51.367816,171,930.414458,1.0,0.049257443691680954,2254.884592278739,12.654145698739082,13.186459603969235
-124.4212,200,930.573461,0.0,0.30834513147061765,2765.3485932851254,15.577647014409626,13.826742966425627
-69.599114,199,930.705646,1.0,0.041221729843195755,2655.439922670992,15.366026070809843,13.34391920940197
-39.26362,157,930.820921,1.0,0.04661577279105167,1194.570116305171,6.961737488788219,7.60872685544695
-13.920419,96,930.88379,1.0,0.04885895377749272,1525.0963102620374,8.447556199630046,15.88641989856289
-32.222771,200,931.020233,0.0,0.2717188134418829,1968.7831593998296,11.132475822264006,9.843915796999148
-144.368059,200,931.158451,0.0,0.4197173421774256,2003.5020686185096,11.402699397740406,10.017510343092548
-130.071347,200,931.292186,0.0,0.3458008789223311,2793.9966155580623,15.585519428685085,13.969983077790312
-92.944375,200,931.430825,0.0,0.17424971391863578,1544.134876929188,8.567374061448639,7.720674384645941
-20.432413,118,931.508315,1.0,0.04810597551679499,1413.1180390040358,7.560592366470344,11.975576601729117
-55.244127,172,931.643115,1.0,0.04930330573503824,2175.153006786147,11.919800891803602,12.646238411547367
-69.413458,200,932.262195,0.0,0.06699322849996149,1705.2838061178718,9.451323963504723,8.52641903058936
-107.595572,200,932.449639,0.0,0.2358354451600897,2045.9652794944918,11.312216325408652,10.22982639747246
-97.937721,200,932.58382,0.0,0.1847821151564778,1553.6147827938369,8.959709593079813,7.768073913969184
-9.617786,87,932.640987,1.0,0.04823160224500485,1032.2525951370228,5.9323976732409625,11.864972357896814
-93.461079,200,932.770639,0.0,0.15241511880837122,3194.9196798960234,17.72332439878421,15.974598399480117
-89.128949,200,932.90357,0.0,0.14981270524918833,2784.1268056422437,15.96832392477589,13.920634028211218
-95.308816,200,933.032814,0.0,0.16707184671123765,2578.1413305863184,14.630677461409569,12.890706652931591
-64.155031,191,933.154173,1.0,0.04936747092698502,1670.9870935463562,9.3957779623359,8.748623526420714
-76.819563,200,933.282159,0.0,0.06883668752407471,3028.694071506046,17.00717868724052,15.14347035753023
-104.208497,200,933.418529,0.0,0.21607769083396725,2723.8724341558486,14.984420149519755,13.619362170779244
-38.536041,200,933.556401,0.0,0.3512628903633885,2291.852975603579,12.854292538711649,11.459264878017896
