mode,seed,episode_idx,success,final_distance,length,return,tau_effort,tau_sum_total,energy,target_radius,torque_sat1_count,torque_sat2_count,torque_sat_any_count,torque_sat1_rate,torque_sat2_rate,torque_sat_any_rate,step,theta1,theta2,target_x,target_y,action0,action1,distance,tau1,tau2,tau_sum,omega1,omega2,power,cumulative_energy,tip_x,tip_y,sat1,sat2,sat_any,reward,done
pure,3,16,0,0.3615663335200734,200,-40.512691656708526,0.41277540926785067,82.55508185357013,0.4865954967551094,0.8920017744440921,1,0,1,0.005,0.0,0.005,0,0.0,0.0,0.8222672939300537,0.3457508683204651,0.0,0.0,0.388757736580639,0.0,0.0,0.0,0.0,0.0,0.0,0.0,1.0,0.0,False,False,False,0.0,False
pure,3,16,0,0.3615663335200734,200,-40.512691656708526,0.41277540926785067,82.55508185357013,0.4865954967551094,0.8920017744440921,1,0,1,0.005,0.0,0.005,1,0.0,0.0,0.8222672939300537,0.3457508683204651,0.10000000149011612,0.10000000149011612,0.37806438070849385,20.0,3.1105159320256677,23.110515932025667,1.6857737576570138,2.400000035762787,41.18071350124259,0.17158630625517746,0.9999152421951294,0.012023617513477802,True,False,True,-0.37820580207125154,False
pure,3,16,0,0.3615663335200734,200,-40.512691656708526,0.41277540926785067,82.55508185357013,0.4865954967551094,0.8920017744440921,1,0,1,0.005,0.0,0.005,2,0.00702405720949173,0.009999999776482582,0.8222672939300537,0.3457508683204651,0.10000000149011612,0.10000000149011612,0.3647349902524462,7.70733011086543,0.5461881733495724,8.253518284215003,2.400000035762787,2.399748214650084,19.808306635571267,0.2541209172367244,0.9995849132537842,0.027018895372748375,False,False,False,-0.3648764116152039,False
pure,3,16,0,0.3615663335200734,200,-40.512691656708526,0.41277540926785067,82.55508185357013,0.4865954967551094,0.8920017744440921,1,0,1,0.005,0.0,0.005,3,0.017024056985974312,0.019998950883746147,0.8222672939300537,0.3457508683204651,0.10000000149011612,0.10000000149011612,0.351421272856164,0.012964453801222048,0.003658842271611695,0.01662329607283374,2.4000000357627864,2.39991467952911,0.039895598864300455,0.254287148898659,0.9990047216415405,0.04200625792145729,False,False,False,-0.35156269421892167,False
pure,3,16,0,0.3615663335200734,200,-40.512691656708526,0.41277540926785067,82.55508185357013,0.4865954967551094,0.8920017744440921,1,0,1,0.005,0.0,0.005,4,0.027024056762456894,0.029998594895005226,0.8222672939300537,0.3457508683204651,0.10000000149011612,0.10000000149011612,0.33812957830904217,0.012838578235293366,0.003532966705674115,0.01637154494096748,2.400000035762787,2.3999155082770383,0.03929140981102116,0.2544508631062049,0.9981749653816223,0.05698089301586151,False,False,False,-0.33827099967179985,False
pure,3,16,0,0.3615663335200734,200,-40.512691656708526,0.41277540926785067,82.55508185357013,0.4865954967551094,0.8920017744440921,1,0,1,0.005,0.0,0.005,5,0.037024058401584625,0.03999824449419975,0.8222672939300537,0.3457508683204651,0.10000000149011612,0.10000000149011612,0.3248666779184867,0.012837951561884416,0.0035323400322740633,0.016370291594158478,2.4000000357627864,2.399915512402972,0.03928840184618006,0.254614564780564,0.9970958232879639,0.07193826884031296,False,False,False,-0.3250080992812444,False
pure,3,16,0,0.3615663335200734,200,-40.512691656708526,0.41277540926785067,82.55508185357013,0.4865954967551094,0.8920017744440921,1,0,1,0.005,0.0,0.005,6,0.04702405631542206,0.04999789223074913,0.8222672939300537,0.3457508683204651,0.10000000149011612,0.10000000149011612,0.311640283935456,0.012837948441991012,0.0035323369123717585,0.01637028535436277,2.400000035762787,2.3999155124235125,0.0392883868710064,0.25477826639252654,0.9957677125930786,0.08687393367290497,False,False,False,-0.3117817052982137,False
pure,3,16,0,0.3615663335200734,200,-40.512691656708526,0.41277540926785067,82.55508185357013,0.4865954967551094,0.8920017744440921,1,0,1,0.005,0.0,0.005,7,0.05702405795454979,0.05999753996729851,0.8222672939300537,0.3457508683204651,0.10000000149011612,0.10000000149011612,0.29845923905114696,0.012837948426449189,0.003532336896838834,0.016370285323288023,2.4000000357627864,2.3999155124236147,0.03928838679642867,0.25494196800417834,0.99419105052948,0.1017833799123764,False,False,False,-0.29860066041390465,False
pure,3,16,0,0.3615663335200734,200,-40.512691656708526,0.41277540926785067,82.55508185357013,0.4865954967551094,0.8920017744440921,1,0,1,0.005,0.0,0.005,8,0.06702405959367752,0.06999718397855759,0.8222672939300537,0.3457508683204651,0.10000000149011612,0.10000000149011612,0.28533366995404524,0.012837948426382013,0.0035323368967627635,0.016370285323144777,2.400000035762787,2.3999155124236156,0.039288386796084894,0.2551056696158287,0.9923663139343262,0.11666218936443329,False,False,False,-0.28547509131680293,False
pure,3,16,0,0.3615663335200734,200,-40.512691656708526,0.41277540926785067,82.55508185357013,0.4865954967551094,0.8920017744440921,1,0,1,0.005,0.0,0.005,9,0.07702405750751495,0.07999683171510696,0.8222672939300537,0.3457508683204651,0.10000000149011612,0.10000000149011612,0.2722755841219932,0.012837948426371815,0.0035323368967614625,0.016370285323133275,2.4000000357627864,2.399915512423616,0.0392883867960573,0.25526937122747895,0.9902942776679993,0.13150586187839508,False,False,False,-0.2724170054847509,False
pure,3,16,0,0.3615663335200734,200,-40.512691656708526,0.41277540926785067,82.55508185357013,0.4865954967551094,0.8920017744440921,1,0,1,0.005,0.0,0.005,10,0.08702405542135239,0.08999648690223694,0.8222672939300537,0.3457508683204651,0.10000000149011612,0.10000000149011612,0.2592988447231505,0.01283794842638067,0.0035323368967614182,0.016370285323142088,2.400000035762787,2.399915512423615,0.03928838679607844,0.25543307283912925,0.987975537776947,0.1463099867105484,False,False,False,-0.2594402660859082,False
pure,3,16,0,0.3615663335200734,200,-40.512691656708526,0.41277540926785067,82.55508185357013,0.4865954967551094,0.8920017744440921,1,0,1,0.005,0.0,0.005,11,0.09702406078577042,0.09999613463878632,0.8222672939300537,0.3457508683204651,0.10000000149011612,0.10000000149011612,0.24642004296035577,0.01283794842637249,0.003532336896762135,0.016370285323134625,2.4000000357627864,2.3999155124236164,0.03928838679606053,0.2555967744507795,0.9854109287261963,0.1610700935125351,False,False,False,-0.24656146432311346,False
pure,3,16,0,0.3615663335200734,200,-40.512691656708526,0.41277540926785067,82.55508185357013,0.4865954967551094,0.8920017744440921,1,0,1,0.005,0.0,0.005,12,0.10702405869960785,0.1099957823753357,0.8222672939300537,0.3457508683204651,0.10000000149011612,0.10000000149011612,0.23365886580991946,0.01283794842638067,0.0035323368967614182,0.016370285323142088,2.400000035762787,2.3999155124236156,0.03928838679607845,0.2557604760624298,0.9826012849807739,0.17578183114528656,False,False,False,-0.23380028717267715,False
pure,3,16,0,0.3615663335200734,200,-40.512691656708526,0.41277540926785067,82.55508185357013,0.4865954967551094,0.8920017744440921,1,0,1,0.005,0.0,0.005,13,0.11702405661344528,0.11999543011188507,0.8222672939300537,0.3457508683204651,0.10000000149011612,0.10000000149011612,0.22103922442573826,0.012837948426371818,0.0035323368967614625,0.016370285323133282,2.4000000357627864,2.399915512423616,0.0392883867960573,0.25592417767408004,0.9795476198196411,0.19044074416160583,False,False,False,-0.22118064578849594,False
pure,3,16,0,0.3615663335200734,200,-40.512691656708526,0.41277540926785067,82.55508185357013,0.4865954967551094,0.8920017744440921,1,0,1,0.005,0.0,0.005,14,0.12702405452728271,0.12999507784843445,0.8222672939300537,0.3457508683204651,0.10000000149011612,0.10000000149011612,0.20859011670775005,0.01283794842638067,0.0035323368967614182,0.016370285323142088,2.400000035762787,2.399915512423615,0.03928838679607844,0.25608787928573035,0.9762510061264038,0.20504248142242432,False,False,False,-0.20873153807050773,False
pure,3,16,0,0.3615663335200734,200,-40.512691656708526,0.41277540926785067,82.55508185357013,0.4865954967551094,0.8920017744440921,1,0,1,0.005,0.0,0.005,15,0.13702405989170074,0.13999472558498383,0.8222672939300537,0.3457508683204651,0.10000000149011612,0.10000000149011612,0.1963469814037121,0.012837948426372491,0.0035323368967621355,0.01637028532313463,2.4000000357627864,2.3999155124236164,0.03928838679606053,0.2562515808973806,0.9727123975753784,0.2195827066898346,False,False,False,-0.19648840276646978,False
pure,3,16,0,0.3615663335200734,200,-40.512691656708526,0.41277540926785067,82.55508185357013,0.4865954967551094,0.8920017744440921,1,0,1,0.005,0.0,0.005,16,0.14702406525611877,0.1499943733215332,0.8222672939300537,0.3457508683204651,0.10000000149011612,0.10000000149011612,0.18435390207193306,0.01283794842638067,0.0035323368967614182,0.016370285323142088,2.400000035762787,2.3999155124236156,0.03928838679607845,0.2564152825090309,0.96893310546875,0.23405709862709045,False,False,False,-0.18449532343469074,False
pure,3,16,0,0.3615663335200734,200,-40.512691656708526,0.41277540926785067,82.55508185357013,0.4865954967551094,0.8920017744440921,1,0,1,0.005,0.0,0.005,17,0.1570240557193756,0.15999402105808258,0.8222672939300537,0.3457508683204651,0.10000000149011612,0.10000000149011612,0.172665767367418,0.012837948426371815,0.0035323368967614625,0.016370285323133275,2.4000000357627864,2.399915512423616,0.0392883867960573,0.25657898412068114,0.9649144411087036,0.24846132099628448,False,False,False,-0.1728071887301757,False
pure,3,16,0,0.3615663335200734,200,-40.512691656708526,0.41277540926785067,82.55508185357013,0.4865954967551094,0.8920017744440921,1,0,1,0.005,0.0,0.005,18,0.16702406108379364,0.16999366879463196,0.8222672939300537,0.3457508683204651,0.10000000149011612,0.10000000149011612,0.16135127812672492,0.012837948426382011,0.0035323368967627635,0.016370285323144773,2.400000035762787,2.399915512423617,0.0392883867960849,0.2567426857323315,0.9606577157974243,0.26279109716415405,False,False,False,-0.1614926994894826,False
pure,3,16,0,0.3615663335200734,200,-40.512691656708526,0.41277540926785067,82.55508185357013,0.4865954967551094,0.8920017744440921,1,0,1,0.005,0.0,0.005,19,0.17702406644821167,0.17999331653118134,0.8222672939300537,0.3457508683204651,0.10000000149011612,0.10000000149011612,0.15049698454558982,0.012837948426370469,0.0035323368967601168,0.016370285323130587,2.4000000357627864,2.3999155124236156,0.03928838679605083,0.2569063873439817,0.9561644792556763,0.2770421802997589,False,False,False,-0.1506384059083475,False
pure,3,16,0,0.3615663335200734,200,-40.512691656708526,0.41277540926785067,82.55508185357013,0.4865954967551094,0.8920017744440921,1,0,1,0.005,0.0,0.005,20,0.1870240569114685,0.1899929642677307,0.8222672939300537,0.3457508683204651,0.10000000149011612,0.10000000149011612,0.14021139614804165,0.012837948426391545,0.0035323368967633915,0.01637028532315494,2.4000000357627878,2.3999155124236164,0.0392883867961093,0.25707008895563216,0.9514360427856445,0.2912103533744812,False,False,False,-0.14035281751079934,False
pure,3,16,0,0.3615663335200734,200,-40.512691656708526,0.41277540926785067,82.55508185357013,0.4865954967551094,0.8920017744440921,1,0,1,0.005,0.0,0.005,21,0.19702406227588654,0.1999926120042801,0.8222672939300537,0.3457508683204651,0.10000000149011612,0.10000000149011612,0.13063050335158183,0.012837948426370467,0.0035323368967601168,0.016370285323130583,2.4000000357627873,2.399915512423615,0.03928838679605084,0.25723379056728235,0.9464741945266724,0.3052913546562195,False,False,False,-0.13077192471433952,False
pure,3,16,0,0.3615663335200734,200,-40.512691656708526,0.41277540926785067,82.55508185357013,0.4865954967551094,0.8920017744440921,1,0,1,0.005,0.0,0.005,22,0.20702406764030457,0.20999225974082947,0.8222672939300537,0.3457508683204651,0.10000000149011612,0.10000000149011612,0.12192136092697005,0.01283794842636296,0.0035323368967615063,0.016370285323124466,2.400000035762786,2.3999155124236164,0.03928838679603615,0.2573974921789325,0.9412806034088135,0.31928110122680664,False,False,False,-0.12206278228972774,False
pure,3,16,0,0.3615663335200734,200,-40.512691656708526,0.41277540926785067,82.55508185357013,0.4865954967551094,0.8920017744440921,1,0,1,0.005,0.0,0.005,23,0.2170240581035614,0.21999190747737885,0.8222672939300537,0.3457508683204651,0.10000000149011612,0.10000000149011612,0.11428370151537515,0.012837948426389523,0.003532336896761373,0.016370285323150897,2.4000000357627873,2.3999155124236147,0.039288386796099584,0.2575611937905829,0.9358569979667664,0.3331754207611084,False,False,False,-0.11442512287813283,False
pure,3,16,0,0.3615663335200734,200,-40.512691656708526,0.41277540926785067,82.55508185357013,0.4865954967551094,0.8920017744440921,1,0,1,0.005,0.0,0.005,24,0.22702406346797943,0.22999155521392822,0.8222672939300537,0.3457508683204651,0.10000000149011612,0.10000000149011612,0.10794476708993717,0.012837948426382686,0.0035323368967634366,0.016370285323146123,2.4000000357627878,2.3999155124236164,0.03928838679608814,0.25772489540223326,0.9302051663398743,0.34697026014328003,False,False,False,-0.10808618845269485,False
pure,3,16,0,0.3615663335200734,200,-40.512691656708526,0.41277540926785067,82.55508185357013,0.4865954967551094,0.8920017744440921,1,0,1,0.005,0.0,0.005,25,0.23702405393123627,0.2399912029504776,0.8222672939300537,0.3457508683204651,0.10000000149011612,0.10000000149011612,0.10314325073649121,0.012837948426370469,0.0035323368967601168,0.016370285323130587,2.4000000357627873,2.399915512423615,0.039288386796050845,0.25788859701388345,0.9243270754814148,0.3606615960597992,False,False,False,-0.1032846720992489,False
pure,3,16,0,0.3615663335200734,200,-40.512691656708526,0.41277540926785067,82.55508185357013,0.4865954967551094,0.8920017744440921,1,0,1,0.005,0.0,0.005,26,0.2470240592956543,0.24999085068702698,0.8222672939300537,0.3457508683204651,0.10000000149011612,0.10000000149011612,0.10009873645636355,0.012837948426362959,0.0035323368967615067,0.016370285323124466,2.400000035762786,2.3999155124236164,0.03928838679603614,0.2580522986255336,0.9182246923446655,0.3742453157901764,False,False,False,-0.10024015781912124,False
pure,3,16,0,0.3615663335200734,200,-40.512691656708526,0.41277540926785067,82.55508185357013,0.4865954967551094,0.8920017744440921,1,0,1,0.005,0.0,0.005,27,0.25702404975891113,0.25999051332473755,0.8222672939300537,0.3457508683204651,0.10000000149011612,0.10000000149011612,0.098970925706257,0.012837948426390198,0.003532336896762046,0.016370285323152243,2.4000000357627873,2.3999155124236156,0.039288386796102824,0.258216000237184,0.9119001626968384,0.38771742582321167,False,False,False,-0.09911234706901469,False
pure,3,16,0,0.3615663335200734,200,-40.512691656708526,0.41277540926785067,82.55508185357013,0.4865954967551094,0.8920017744440921,1,0,1,0.005,0.0,0.005,28,0.26702407002449036,0.26999014616012573,0.8222672939300537,0.3457508683204651,0.10000000149011612,0.10000000149011612,0.09982142834319259,0.012837948426371816,0.0035323368967614625,0.01637028532313328,2.400000035762787,2.399915512423616,0.039288386796057305,0.25837970184883424,0.9053555727005005,0.40107405185699463,False,False,False,-0.09996284970595028,False
pure,3,16,0,0.3615663335200734,200,-40.512691656708526,0.41277540926785067,82.55508185357013,0.4865954967551094,0.8920017744440921,1,0,1,0.005,0.0,0.005,29,0.2770240604877472,0.2799898087978363,0.8222672939300537,0.3457508683204651,0.10000000149011612,0.10000000149011612,0.10259707578905265,0.012837948426371142,0.0035323368967607894,0.01637028532313193,2.4000000357627864,2.3999155124236156,0.039288386796054064,0.2585434034604845,0.8985930681228638,0.41431131958961487,False,False,False,-0.10273849715181034,False
pure,3,16,0,0.3615663335200734,200,-40.512691656708526,0.41277540926785067,82.55508185357013,0.4865954967551094,0.8920017744440921,1,0,1,0.005,0.0,0.005,30,0.28702405095100403,0.2899894416332245,0.8222672939300537,0.3457508683204651,0.10000000149011612,0.10000000149011612,0.10714395127233232,0.012837948426381343,0.003532336896762091,0.016370285323143434,2.400000035762787,2.3999155124236156,0.039288386796081674,0.25870710507213485,0.8916150331497192,0.4274253249168396,False,False,False,-0.10728537263509001,False
pure,3,16,0,0.3615663335200734,200,-40.512691656708526,0.41277540926785067,82.55508185357013,0.4865954967551094,0.8920017744440921,1,0,1,0.005,0.0,0.005,31,0.29702407121658325,0.29998910427093506,0.8222672939300537,0.3457508683204651,0.10000000149011612,0.10000000149011612,0.11324410398540859,0.012837948426371816,0.0035323368967614625,0.01637028532313328,2.4000000357627864,2.399915512423616,0.0392883867960573,0.2588708066837851,0.8844238519668579,0.440412312746048,False,False,False,-0.11338552534816627,False
pure,3,16,0,0.3615663335200734,200,-40.512691656708526,0.41277540926785067,82.55508185357013,0.4865954967551094,0.8920017744440921,1,0,1,0.005,0.0,0.005,32,0.3070240616798401,0.30998873710632324,0.8222672939300537,0.3457508683204651,0.10000000149011612,0.10000000149011612,0.12065682800616871,0.01283794842638067,0.0035323368967614182,0.016370285323142088,2.400000035762787,2.399915512423615,0.03928838679607844,0.2590345082954354,0.877021849155426,0.4532683491706848,False,False,False,-0.1207982493689264,False
pure,3,16,0,0.3615663335200734,200,-40.512691656708526,0.41277540926785067,82.55508185357013,0.4865954967551094,0.8920017744440921,1,0,1,0.005,0.0,0.005,33,0.3170240521430969,0.3199883997440338,0.8222672939300537,0.3457508683204651,0.10000000149011612,0.10000000149011612,0.1291511814744275,0.012837948426372486,0.0035323368967621355,0.01637028532313462,2.4000000357627864,2.3999155124236164,0.03928838679606052,0.25919820990708564,0.8694115877151489,0.46598997712135315,False,False,False,-0.1292926028371852,False
pure,3,16,0,0.3615663335200734,200,-40.512691656708526,0.41277540926785067,82.55508185357013,0.4865954967551094,0.8920017744440921,1,0,1,0.005,0.0,0.005,34,0.32702407240867615,0.329988032579422,0.8222672939300537,0.3457508683204651,0.10000000149011612,0.10000000149011612,0.1385226242509421,0.012837948426380674,0.0035323368967614182,0.01637028532314209,2.400000035762787,2.3999155124236156,0.039288386796078455,0.25936191151873594,0.8615955710411072,0.4785733222961426,False,False,False,-0.1386640456136998,False
pure,3,16,0,0.3615663335200734,200,-40.512691656708526,0.41277540926785067,82.55508185357013,0.4865954967551094,0.8920017744440921,1,0,1,0.005,0.0,0.005,35,0.337024062871933,0.33998769521713257,0.8222672939300537,0.3457508683204651,0.10000000149011612,0.10000000149011612,0.1485998209859919,0.012837948426371815,0.0035323368967614625,0.016370285323133275,2.4000000357627864,2.399915512423616,0.0392883867960573,0.2595256131303862,0.8535765409469604,0.49101489782333374,False,False,False,-0.14874124234874958,False
pure,3,16,0,0.3615663335200734,200,-40.512691656708526,0.41277540926785067,82.55508185357013,0.4865954967551094,0.8920017744440921,1,0,1,0.005,0.0,0.005,36,0.3470240533351898,0.34998732805252075,0.8222672939300537,0.3457508683204651,0.10000000149011612,0.10000000149011612,0.159243042346037,0.01283794842638067,0.0035323368967614182,0.016370285323142088,2.400000035762787,2.399915512423615,0.03928838679607844,0.2596893147420365,0.8453571200370789,0.503311038017273,False,False,False,-0.1593844637087947,False
pure,3,16,0,0.3615663335200734,200,-40.512691656708526,0.41277540926785067,82.55508185357013,0.4865954967551094,0.8920017744440921,1,0,1,0.005,0.0,0.005,37,0.35702407360076904,0.3599869906902313,0.8222672939300537,0.3457508683204651,0.10000000149011612,0.10000000149011612,0.1703406007185821,0.01283794842637249,0.003532336896762135,0.016370285323134625,2.4000000357627864,2.3999155124236164,0.03928838679606053,0.25985301635368674,0.8369401693344116,0.515458345413208,False,False,False,-0.17048202208133978,False
pure,3,16,0,0.3615663335200734,200,-40.512691656708526,0.41277540926785067,82.55508185357013,0.4865954967551094,0.8920017744440921,1,0,1,0.005,0.0,0.005,38,0.3670240640640259,0.3699866235256195,0.8222672939300537,0.3457508683204651,0.10000000149011612,0.10000000149011612,0.18180349433540396,0.01283794842638067,0.0035323368967614182,0.016370285323142088,2.400000035762787,2.3999155124236156,0.03928838679607845,0.26001671796533704,0.8283283710479736,0.5274533033370972,False,False,False,-0.18194491569816165,False
pure,3,16,0,0.3615663335200734,200,-40.512691656708526,0.41277540926785067,82.55508185357013,0.4865954967551094,0.8920017744440921,1,0,1,0.005,0.0,0.005,39,0.3770240545272827,0.3799862861633301,0.8222672939300537,0.3457508683204651,0.10000000149011612,0.10000000149011612,0.19356101348436858,0.012837948426371816,0.0035323368967614625,0.01637028532313328,2.4000000357627864,2.399915512423616,0.0392883867960573,0.2601804195769873,0.8195247650146484,0.5392924547195435,False,False,False,-0.19370243484712626,False
pure,3,16,0,0.3615663335200734,200,-40.512691656708526,0.41277540926785067,82.55508185357013,0.4865954967551094,0.8920017744440921,1,0,1,0.005,0.0,0.005,40,0.38702407479286194,0.38998591899871826,0.8222672939300537,0.3457508683204651,0.10000000149011612,0.10000000149011612,0.20555695578885466,0.01283794842638067,0.0035323368967614182,0.016370285323142088,2.400000035762787,2.399915512423615,0.03928838679607844,0.2603441211886376,0.8105322122573853,0.550972580909729,False,False,False,-0.20569837715161235,False
pure,3,16,0,0.3615663335200734,200,-40.512691656708526,0.41277540926785067,82.55508185357013,0.4865954967551094,0.8920017744440921,1,0,1,0.005,0.0,0.005,41,0.3970240652561188,0.39998558163642883,0.8222672939300537,0.3457508683204651,0.10000000149011612,0.10000000149011612,0.21774611930004606,0.012837948426372486,0.0035323368967621355,0.01637028532313462,2.4000000357627864,2.3999155124236164,0.03928838679606052,0.26050782280028784,0.8013538122177124,0.5624903440475464,False,False,False,-0.21788754066280375,False
pure,3,16,0,0.3615663335200734,200,-40.512691656708526,0.41277540926785067,82.55508185357013,0.4865954967551094,0.8920017744440921,1,0,1,0.005,0.0,0.005,42,0.4070240557193756,0.409985214471817,0.8222672939300537,0.3457508683204651,0.10000000149011612,0.10000000149011612,0.23009193268672998,0.012837948426399725,0.003532336896762675,0.016370285323162398,2.4000000357627886,2.3999155124236156,0.039288386796127214,0.26067152441193836,0.791992723941803,0.5738424062728882,False,False,False,-0.23023335404948767,False
pure,3,16,0,0.3615663335200734,200,-40.512691656708526,0.41277540926785067,82.55508185357013,0.4865954967551094,0.8920017744440921,1,0,1,0.005,0.0,0.005,43,0.41702407598495483,0.4199848771095276,0.8222672939300537,0.3457508683204651,0.10000000149011612,0.10000000149011612,0.24256480883981282,0.012837948426354105,0.003532336896761551,0.016370285323115658,2.4000000357627864,2.399915512423618,0.03928838679601501,0.26083522602358844,0.7824519872665405,0.5850256681442261,False,False,False,-0.2427062302025705,False
pure,3,16,0,0.3615663335200734,200,-40.512691656708526,0.41277540926785067,82.55508185357013,0.4865954967551094,0.8920017744440921,1,0,1,0.005,0.0,0.005,44,0.42702406644821167,0.42998450994491577,0.8222672939300537,0.3457508683204651,0.10000000149011612,0.10000000149011612,0.2551405571921375,0.012837948426379324,0.0035323368967600725,0.016370285323139395,2.400000035762787,2.399915512423615,0.03928838679607198,0.26099892763523874,0.7727346420288086,0.5960371494293213,False,False,False,-0.2552819785548952,False
pure,3,16,0,0.3615663335200734,200,-40.512691656708526,0.41277540926785067,82.55508185357013,0.4865954967551094,0.8920017744440921,1,0,1,0.005,0.0,0.005,45,0.4370240569114685,0.43998417258262634,0.8222672939300537,0.3457508683204651,0.07443585246801376,0.10000000149011612,0.2655543938708161,6.600973587131741,0.46332925605156555,7.064302843183307,1.7864604592323299,2.4002157089582656,12.904468464642763,0.3147675462379169,0.7643927335739136,0.6049219965934753,False,False,False,-0.2656790562030529,False
pure,3,16,0,0.3615663335200734,200,-40.512691656708526,0.41277540926785067,82.55508185357013,0.4865954967551094,0.8920017744440921,1,0,1,0.005,0.0,0.005,46,0.4444676637649536,0.4499850571155548,0.8222672939300537,0.3457508683204651,0.038289040327072144,0.10000000149011612,0.2728315212632665,9.343279185027104,0.6576256143091581,10.000904799336261,0.9189369678497312,2.4003053081368524,10.164386896855346,0.35711915830814756,0.7581436634063721,0.6109398603439331,False,False,False,-0.27293860091074795,False
pure,3,16,0,0.3615663335200734,200,-40.512691656708526,0.41277540926785067,82.55508185357013,0.4865954967551094,0.8920017744440921,1,0,1,0.005,0.0,0.005,47,0.44829654693603516,0.4599863290786743,0.8222672939300537,0.3457508683204651,0.010753003880381584,0.10000000149011612,0.2776984847814376,7.120138268069308,0.5013552844945771,7.621493552563885,0.2580720931291579,2.4002326715932836,3.040878320129493,0.36978948464202044,0.7535250186920166,0.6148065328598022,False,False,False,-0.2777990612641508,False
pure,3,16,0,0.3615663335200734,200,-40.512691656708526,0.41277540926785067,82.55508185357013,0.4865954967551094,0.8920017744440921,1,0,1,0.005,0.0,0.005,48,0.4493718445301056,0.46998730301856995,0.8222672939300537,0.3457508683204651,-0.010249665006995201,0.10000000149011612,0.28071643370323873,5.432194910143313,0.38255403321148224,5.814748943354795,-0.24599196016788488,2.400177521525952,2.254473865243453,0.3791831257472015,0.7501664161682129,0.6170499324798584,False,False,False,-0.28081695761465525,False
pure,3,16,0,0.3615663335200734,200,-40.512691656708526,0.41277540926785067,82.55508185357013,0.4865954967551094,0.8920017744440921,1,0,1,0.005,0.0,0.005,49,0.448346883058548,0.4799880385398865,0.8222672939300537,0.3457508683204651,-0.0262856837362051,0.10000000149011612,0.28231656393496135,4.148527316338729,0.29216863603749793,4.440695952376227,-0.6308564096689224,2.400135580335274,3.3183693870105264,0.3930096648597453,0.7477753162384033,0.618062436580658,False,False,False,-0.2824199609243665,False
pure,3,16,0,0.3615663335200734,200,-40.512691656708526,0.41277540926785067,82.55508185357013,0.4865954967551094,0.8920017744440921,1,0,1,0.005,0.0,0.005,50,0.44571831822395325,0.4899885952472687,0.8222672939300537,0.3457508683204651,-0.03853924572467804,0.10000000149011612,0.2828294993330933,3.17110365269487,0.2232910862394063,3.3943947389342766,-0.924941897392273,2.4001036450332904,3.469008379337802,0.4074638664403195,0.7461231350898743,0.6181377172470093,False,False,False,-0.2829366687004663,False
pure,3,16,0,0.3615663335200734,200,-40.512691656708526,0.41277540926785067,82.55508185357013,0.4865954967551094,0.8920017744440921,1,0,1,0.005,0.0,0.005,51,0.44186440110206604,0.49998903274536133,0.8222672939300537,0.3457508683204651,-0.04790829122066498,0.10000000149011612,0.28250859799087413,2.425876663561372,0.17073985333687386,2.596616516898246,-1.1497989892959595,2.400079296278673,3.1990597229630082,0.42079328195266535,0.7450319528579712,0.6174967288970947,False,False,False,-0.28261948173344503,False
pure,3,16,0,0.3615663335200734,200,-40.512691656708526,0.41277540926785067,82.55508185357013,0.4865954967551094,0.8920017744440921,1,0,1,0.005,0.0,0.005,52,0.43707355856895447,0.5099893808364868,0.8222672939300537,0.3457508683204651,-0.05507475882768631,0.10000000149011612,0.28154804021711116,1.8569250147853387,0.13059781731246706,1.9875228320978058,-1.3217942118644714,2.4000607069571824,2.7679154261556334,0.4323262628949805,0.7443643808364868,0.6163066625595093,False,False,False,-0.28166220339233644,False
pure,3,16,0,0.3615663335200734,200,-40.512691656708526,0.41277540926785067,82.55508185357013,0.4865954967551094,0.8920017744440921,1,0,1,0.005,0.0,0.005,53,0.4315660893917084,0.5199896097183228,0.8222672939300537,0.3457508683204651,-0.06055813282728195,0.10000000149011612,0.2800963320274313,1.4222170618851995,0.0999148248295803,1.5221318867147797,-1.4533951878547668,2.400046503771537,2.306843659836074,0.4419381114776308,0.7440143823623657,0.6146940588951111,False,False,False,-0.2802132392067869,False
pure,3,16,0,0.3615663335200734,200,-40.512691656708526,0.41277540926785067,82.55508185357013,0.4865954967551094,0.8920017744440921,1,0,1,0.005,0.0,0.005,54,0.4255102872848511,0.5299898386001587,0.8222672939300537,0.3457508683204651,-0.06475455313920975,0.10000000149011612,0.27826750312654547,1.089855850248587,0.07644848299122076,1.166304333239808,-1.5541092753410342,2.400035644554541,1.8772341698070698,0.44975992051849356,0.7439003586769104,0.6127554178237915,False,False,False,-0.27838663814870884,False
pure,3,16,0,0.3615663335200734,200,-40.512691656708526,0.41277540926785067,82.55508185357013,0.4865954967551094,0.8920017744440921,1,0,1,0.005,0.0,0.005,55,0.41903480887413025,0.5399899482727051,0.8222672939300537,0.3457508683204651,-0.0679660215973854,0.10000000149011612,0.2761488382401886,0.8355064216781867,0.058485885872279104,0.8939923075504658,-1.6311845183372498,2.400027334211634,1.5032328647718638,0.45602339078837634,0.7439597845077515,0.6105642318725586,False,False,False,-0.2762697488698187,False
pure,3,16,0,0.3615663335200734,200,-40.512691656708526,0.41277540926785067,82.55508185357013,0.4865954967551094,0.8920017744440921,1,0,1,0.005,0.0,0.005,56,0.412238210439682,0.5499900579452515,0.8222672939300537,0.3457508683204651,-0.07042403519153595,0.10000000149011612,0.27380785728570406,0.6407389153249192,0.0445335648114981,0.6852724801364173,-1.6901768445968628,2.400296571878982,1.1898558410648776,0.46098112345948,0.744144082069397,0.6081770658493042,False,False,False,-0.2739301665085215,False
pure,3,16,0,0.3615663335200734,200,-40.512691656708526,0.41277540926785067,82.55508185357013,0.4865954967551094,0.8920017744440921,1,0,1,0.005,0.0,0.005,57,0.40519580245018005,0.5599913001060486,0.8222672939300537,0.3457508683204651,-0.07230720669031143,0.10000000149011612,0.2712950510863126,0.49256826780031576,0.034306102809775266,0.526874370610091,-1.7353729605674741,2.4002279980070034,0.9371321216407558,0.46488584063298316,0.7444174289703369,0.6056362390518188,False,False,False,-0.2714184542182744,False
pure,3,16,0,0.3615663335200734,200,-40.512691656708526,0.41277540926785067,82.55508185357013,0.4865954967551094,0.8920017744440921,1,0,1,0.005,0.0,0.005,58,0.39796510338783264,0.5699922442436218,0.8222672939300537,0.3457508683204651,-0.07374771684408188,0.10000000149011612,0.26865012359062623,0.37826106327126324,0.02621981545012156,0.40448087872138483,-1.7699452042579649,2.4001750962498702,0.7324335029661404,0.46793764689534206,0.7447513341903687,0.6029748320579529,False,False,False,-0.26877437626013945,False
pure,3,16,0,0.3615663335200734,200,-40.512691656708526,0.41277540926785067,82.55508185357013,0.4865954967551094,0.8920017744440921,1,0,1,0.005,0.0,0.005,59,0.3905903100967407,0.5799930095672607,0.8222672939300537,0.3457508683204651,-0.07484931498765945,0.10000000149011612,0.26590339128178586,0.29074648210392234,0.020028097013681932,0.31077457911760425,-1.7963835597038271,2.4001345942085726,0.5703623289919125,0.470314156599475,0.745124340057373,0.6002181172370911,False,False,False,-0.26602830093604557,False
pure,3,16,0,0.3615663335200734,200,-40.512691656708526,0.41277540926785067,82.55508185357013,0.4865954967551094,0.8920017744440921,1,0,1,0.005,0.0,0.005,60,0.38310539722442627,0.5899935364723206,0.8222672939300537,0.3457508683204651,-0.07569148391485214,0.10000000149011612,0.2630780638999943,0.22375725567247384,0.015288262831285364,0.2390455185037592,-1.8165956139564516,2.400103591370197,0.4431698637727278,0.47216069769852803,0.7455201148986816,0.5973854064941406,False,False,False,-0.2632034800149206,False
pure,3,16,0,0.3615663335200734,200,-40.512691656708526,0.41277540926785067,82.55508185357013,0.4865954967551094,0.8920017744440921,1,0,1,0.005,0.0,0.005,61,0.3755362331867218,0.5999940037727356,0.8222672939300537,0.3457508683204651,-0.0763351246714592,0.10000000149011612,0.2601923037912164,0.1724943961173673,0.011660972946295492,0.1841553690636628,-1.8320429921150205,2.4000798667470873,0.34400441598102144,0.4735940494317823,0.745925784111023,0.594491720199585,False,False,False,-0.26031810940759514,False
pure,3,16,0,0.3615663335200734,200,-40.512691656708526,0.41277540926785067,82.55508185357013,0.4865954967551094,0.8920017744440921,1,0,1,0.005,0.0,0.005,62,0.3679027259349823,0.6099942922592163,0.8222672939300537,0.3457508683204651,-0.07682660222053528,0.10000000149011612,0.2572600229005783,0.13320387578941867,0.008880759237151222,0.1420846350265699,-1.8438384532928467,2.400061682962675,0.26692079826887766,0.4747062194245693,0.7463316917419434,0.5915485620498657,False,False,False,-0.25738612732994254,False
pure,3,16,0,0.3615663335200734,200,-40.512691656708526,0.41277540926785067,82.55508185357013,0.4865954967551094,0.8920017744440921,1,0,1,0.005,0.0,0.005,63,0.3602200746536255,0.619994580745697,0.8222672939300537,0.3457508683204651,-0.07720192521810532,0.10000000149011612,0.25429178640663136,0.10321147693851274,0.006758373186345226,0.10996985012485797,-1.8528462052345276,2.400047802380026,0.20745541209572624,0.47557061697496816,0.7467308044433594,0.5885646939277649,False,False,False,-0.25441811985194196,False
pure,3,16,0,0.3615663335200734,200,-40.512691656708526,0.41277540926785067,82.55508185357013,0.4865954967551094,0.8920017744440921,1,0,1,0.005,0.0,0.005,64,0.3524998724460602,0.6299947500228882,0.8222672939300537,0.3457508683204651,-0.077488012611866,0.10000000149011612,0.2512961181886485,0.08016977870156312,0.005127881879042373,0.08529766058060549,-1.859712302684784,2.400037138604902,0.1613998307068943,0.4762431162695802,0.7471171617507935,0.5855470299720764,False,False,False,-0.25142262666299847,False
pure,3,16,0,0.3615663335200734,200,-40.512691656708526,0.41277540926785067,82.55508185357013,0.4865954967551094,0.8920017744440921,1,0,1,0.005,0.0,0.005,65,0.3447510898113251,0.6399949193000793,0.8222672939300537,0.3457508683204651,-0.07770609110593796,0.10000000149011612,0.2482794563567144,0.06260909612640381,0.0038851614669723165,0.06649425759337613,-1.864946186542511,2.4000290114621863,0.12608709529875883,0.4767684791666584,0.7474865913391113,0.5825008153915405,False,False,False,-0.2484060985242826,False
pure,3,16,0,0.3615663335200734,200,-40.512691656708526,0.41277540926785067,82.55508185357013,0.4865954967551094,0.8920017744440921,1,0,1,0.005,0.0,0.005,66,0.3369804620742798,0.6499950289726257,0.8222672939300537,0.3457508683204651,-0.07787179201841354,0.10000000149011612,0.24524687047572913,0.04908442628821187,0.0029281135554958823,0.05201253984370775,-1.8689230084419248,2.4000227521996833,0.09876255280042527,0.4771799898033268,0.7478358149528503,0.579430103302002,False,False,False,-0.2453736143735248,False
pure,3,16,0,0.3615663335200734,200,-40.512691656708526,0.41277540926785067,82.55508185357013,0.4865954967551094,0.8920017744440921,1,0,1,0.005,0.0,0.005,67,0.3291932940483093,0.6599951386451721,0.8222672939300537,0.3457508683204651,-0.07799781113862991,0.10000000149011612,0.24220280987411952,0.0386579291943781,0.002022882858618509,0.040680812052996604,-1.8719474673271181,2.40025455440957,0.07722104644196326,0.47750174416350166,0.7481618523597717,0.5763383507728577,False,False,False,-0.24232963124305223,False
pure,3,16,0,0.3615663335200734,200,-40.512691656708526,0.41277540926785067,82.55508185357013,0.4865954967551094,0.8920017744440921,1,0,1,0.005,0.0,0.005,68,0.32139351963996887,0.6699962019920349,0.8222672939300537,0.3457508683204651,-0.078094981610775,0.10000000149011612,0.2391499833918658,0.031423035157827725,0.0017092459899713218,0.03313228114779905,-1.8742795586585999,2.4002069208327548,0.06299809652186181,0.47776423623234276,0.7484632730484009,0.5732276439666748,False,False,False,-0.23927686454425723,False
pure,3,16,0,0.3615663335200734,200,-40.512691656708526,0.41277540926785067,82.55508185357013,0.4865954967551094,0.8920017744440921,1,0,1,0.005,0.0,0.005,69,0.31358399987220764,0.6799970865249634,0.8222672939300537,0.3457508683204651,-0.07816807180643082,0.10000000149011612,0.2360911338448768,0.02520038406865442,0.001264814714974327,0.026465198783628748,-1.8760337233543394,2.4001659517284173,0.050312535568403594,0.4779738717972111,0.7487386465072632,0.5701000690460205,False,False,False,-0.23621805999877502,False
pure,3,16,0,0.3615663335200734,200,-40.512691656708526,0.41277540926785067,82.55508185357013,0.4865954967551094,0.8920017744440921,1,0,1,0.005,0.0,0.005,70,0.3057672083377838,0.6899977326393127,0.8222672939300537,0.3457508683204651,-0.07822262495756149,0.10000000149011612,0.23302845686823254,0.020406704094341793,0.0009194233711301292,0.02132612746547192,-1.8773429989814758,2.4001343907791997,0.04051712271653476,0.47814269314186336,0.7489867806434631,0.5669571757316589,False,False,False,-0.23315541662424927,False
pure,3,16,0,0.3615663335200734,200,-40.512691656708526,0.41277540926785067,82.55508185357013,0.4865954967551094,0.8920017744440921,1,0,1,0.005,0.0,0.005,71,0.29794493317604065,0.6999983191490173,0.8222672939300537,0.3457508683204651,-0.07826341688632965,0.10000000149011612,0.22996377274930369,0.016847224109418468,0.000662150038429547,0.017509374147848016,-1.8783220052719116,2.4001109556380036,0.033233745333979076,0.47828116708075497,0.7492067217826843,0.5638001561164856,False,False,False,-0.23009075764357936,False
pure,3,16,0,0.3615663335200734,200,-40.512691656708526,0.41277540926785067,82.55508185357013,0.4865954967551094,0.8920017744440921,1,0,1,0.005,0.0,0.005,72,0.29011860489845276,0.7099987864494324,0.8222672939300537,0.3457508683204651,-0.07829347997903824,0.10000000149011612,0.22689875358258416,0.014072766604239688,0.00046244556997628765,0.014535212174215975,-1.8790435194969177,2.4000926889800502,0.027553253120640532,0.47839597230209097,0.7493977546691895,0.5606300830841064,False,False,False,-0.22702575701390434,False
pure,3,16,0,0.3615663335200734,200,-40.512691656708526,0.41277540926785067,82.55508185357013,0.4865954967551094,0.8920017744440921,1,0,1,0.005,0.0,0.005,73,0.2822892367839813,0.7199991941452026,0.8222672939300537,0.3457508683204651,-0.07831547409296036,0.10000000149011612,0.22383501814505824,0.011985579381676407,0.00031176180263111996,0.012297341184307527,-1.8795713782310484,2.4000789472179194,0.023276004896356818,0.4784929556558258,0.7495592832565308,0.5574479699134827,False,False,False,-0.22396203512153395,False
pure,3,16,0,0.3615663335200734,200,-40.512691656708526,0.41277540926785067,82.55508185357013,0.4865954967551094,0.8920017744440921,1,0,1,0.005,0.0,0.005,74,0.2744576930999756,0.7299994826316833,0.8222672939300537,0.3457508683204651,-0.07833123207092285,0.10000000149011612,0.2207734918709739,0.010372615597965398,0.00019558285179155794,0.010568198449756955,-1.8799495697021484,2.4000683276796226,0.019969406438103018,0.47857616151598453,0.7496910691261292,0.5542541742324829,False,False,False,-0.22090051856300671,False
pure,3,16,0,0.3615663335200734,200,-40.512691656708526,0.41277540926785067,82.55508185357013,0.4865954967551094,0.8920017744440921,1,0,1,0.005,0.0,0.005,75,0.2666245698928833,0.7399997711181641,0.8222672939300537,0.3457508683204651,-0.07834241539239883,0.10000000149011612,0.21771578941643452,0.009188933814263063,0.00010994692062828032,0.009298880734891343,-1.880217969417572,2.4000605344767254,0.01754107774245334,0.47864924933991143,0.7497924566268921,0.5510495901107788,False,False,False,-0.21784282300770497,False
pure,3,16,0,0.3615663335200734,200,-40.512691656708526,0.41277540926785067,82.55508185357013,0.4865954967551094,0.8920017744440921,1,0,1,0.005,0.0,0.005,76,0.25879034399986267,0.7500000596046448,0.8222672939300537,0.3457508683204651,-0.07835020869970322,0.10000000149011612,0.21466292716380558,0.008311769873851793,4.654209087770128e-05,0.008358311964729494,-1.8804050087928772,2.400054759346402,0.015741197269445614,0.47871483766186745,0.7498633861541748,0.5478346347808838,False,False,False,-0.2147899655681511,False
pure,3,16,0,0.3615663335200734,200,-40.512691656708526,0.41277540926785067,82.55508185357013,0.4865954967551094,0.8920017744440921,1,0,1,0.005,0.0,0.005,77,0.2509553134441376,0.7600002884864807,0.8222672939300537,0.3457508683204651,-0.07835515588521957,0.10000000149011612,0.21161582146993732,0.007575713868971594,6.117625113329219e-06,0.007581831494084923,-1.88052374124527,2.400049913251895,0.014260992393104695,0.4787742584635054,0.7499037384986877,0.544609546661377,False,False,False,-0.21174286292902086,False
pure,3,16,0,0.3615663335200734,200,-40.512691656708526,0.41277540926785067,82.55508185357013,0.4865954967551094,0.8920017744440921,1,0,1,0.005,0.0,0.005,78,0.24311980605125427,0.7700004577636719,0.8222672939300537,0.3457508683204651,-0.07835812121629715,0.10000000149011612,0.20857593659202708,0.00706248610094119,4.341358693503381e-05,0.007105899687876224,-1.8805949091911316,2.4000465342287622,0.013385870036524994,0.47883003292199094,0.7499130964279175,0.5413749814033508,False,False,False,-0.2087029798690523,False
pure,3,16,0,0.3615663335200734,200,-40.512691656708526,0.41277540926785067,82.55508185357013,0.4865954967551094,0.8920017744440921,1,0,1,0.005,0.0,0.005,79,0.2352839857339859,0.7800006866455078,0.8222672939300537,0.3457508683204651,-0.07835967093706131,0.10000000149011612,0.20554418246202694,0.00669588417212208,6.999427187704653e-05,0.006765878443999126,-1.8806321024894714,2.400044120570587,0.012760484069336045,0.47888320160561315,0.7498915195465088,0.5381311178207397,False,False,False,-0.20567122670762764,False
pure,3,16,0,0.3615663335200734,200,-40.512691656708526,0.41277540926785067,82.55508185357013,0.4865954967551094,0.8920017744440921,1,0,1,0.005,0.0,0.005,80,0.2274480164051056,0.790000855922699,0.8222672939300537,0.3457508683204651,-0.0783601775765419,0.10000000149011612,0.2025217231890934,0.006425732364234291,8.952591172395564e-05,0.006515258275958247,-1.8806442618370058,2.4000423419271364,0.01229938267773468,0.47893444903343707,0.7498388290405273,0.5348782539367676,False,False,False,-0.2026487677327173,False
pure,3,16,0,0.3615663335200734,200,-40.512691656708526,0.41277540926785067,82.55508185357013,0.4865954967551094,0.8920017744440921,1,0,1,0.005,0.0,0.005,81,0.2196120023727417,0.8000010251998901,0.8222672939300537,0.3457508683204651,-0.0783597007393837,0.10000000149011612,0.1995097237359362,0.006171271406929654,0.00010757034647558631,0.00627884175340524,-1.8806328177452087,2.4000406665901526,0.011864068741145154,0.47898388265319186,0.7497550249099731,0.5316166877746582,False,False,False,-0.19963676799643806,False
pure,3,16,0,0.3615663335200734,200,-40.512691656708526,0.41277540926785067,82.55508185357013,0.4865954967551094,0.8920017744440921,1,0,1,0.005,0.0,0.005,82,0.2117760330438614,0.8100011944770813,0.8222672939300537,0.3457508683204651,-0.07835870236158371,0.10000000149011612,0.19650968008456463,0.006035679669772599,0.00011769790805233704,0.006153377577824936,-1.880608856678009,2.4000397738722508,0.011633232303672919,0.4790323544544572,0.7496396899223328,0.528346836566925,False,False,False,-0.19663672371921773,False
pure,3,16,0,0.3615663335200734,200,-40.512691656708526,0.41277540926785067,82.55508185357013,0.4865954967551094,0.8920017744440921,1,0,1,0.005,0.0,0.005,83,0.20394016802310944,0.8200013637542725,0.8222672939300537,0.3457508683204651,-0.07835721224546432,0.10000000149011612,0.19352273345056697,0.005908285563607923,0.0001267296613116841,0.006035015224919607,-1.8805730938911438,2.4000389351264566,0.011415118983329963,0.47907991745022105,0.7494931221008301,0.5250689387321472,False,False,False,-0.19364977617624923,False
pure,3,16,0,0.3615663335200734,200,-40.512691656708526,0.41277540926785067,82.55508185357013,0.4865954967551094,0.8920017744440921,1,0,1,0.005,0.0,0.005,84,0.19610443711280823,0.8300015330314636,0.8222672939300537,0.3457508683204651,-0.07835540920495987,0.10000000149011612,0.19055008777536178,0.005826901652125507,0.00013268684834451673,0.005959588500470024,-1.8805298209190369,2.4000383993056444,0.011276115851494106,0.47912690126626895,0.7493152022361755,0.5217830538749695,False,False,False,-0.19067712938345696,False
pure,3,16,0,0.3615663335200734,200,-40.512691656708526,0.41277540926785067,82.55508185357013,0.4865954967551094,0.8920017744440921,1,0,1,0.005,0.0,0.005,85,0.18826889991760254,0.8400017023086548,0.8222672939300537,0.3457508683204651,-0.07835349440574646,0.10000000149011612,0.18759338575318454,0.005797493538436247,0.00013500040099836592,0.005932493939434613,-1.880483865737915,2.400038205686549,0.01122609918092826,0.4791736766795228,0.7491057515144348,0.5184895992279053,False,False,False,-0.187720426184088,False
pure,3,16,0,0.3615663335200734,200,-40.512691656708526,0.41277540926785067,82.55508185357013,0.4865954967551094,0.8920017744440921,1,0,1,0.005,0.0,0.005,86,0.18043355643749237,0.8500018119812012,0.8222672939300537,0.3457508683204651,-0.07835130393505096,0.10000000149011612,0.18465412437144987,0.00572613363555102,0.0001398388399233273,0.005865972475474348,-1.8804312944412234,2.400037735862471,0.01110321937719785,0.4792199400935945,0.7488647699356079,0.5151888132095337,False,False,False,-0.18478116344634765,False
pure,3,16,0,0.3615663335200734,200,-40.512691656708526,0.41277540926785067,82.55508185357013,0.4865954967551094,0.8920017744440921,1,0,1,0.005,0.0,0.005,87,0.17259842157363892,0.8600019812583923,0.8222672939300537,0.3457508683204651,-0.07834916561841965,0.10000000149011612,0.18173383822744243,0.005738922201074798,0.00013932117753410157,0.0058782433786088994,-1.8803799748420713,2.4000378200606796,0.011125730479294866,0.4792662973039249,0.7485922574996948,0.5118808746337891,False,False,False,-0.181860875991038,False
pure,3,16,0,0.3615663335200734,200,-40.512691656708526,0.41277540926785067,82.55508185357013,0.4865954967551094,0.8920017744440921,1,0,1,0.005,0.0,0.005,88,0.16476351022720337,0.8700021505355835,0.8222672939300537,0.3457508683204651,-0.07834699004888535,0.10000000149011612,0.17883429393653485,0.005729120717115912,0.00013990190843840528,0.005869022625554317,-1.880327761173248,2.4000377555290173,0.01110839459382857,0.47931258228139917,0.7482881546020508,0.5085660815238953,False,False,False,-0.17896133035902592,False
pure,3,16,0,0.3615663335200734,200,-40.512691656708526,0.41277540926785067,82.55508185357013,0.4865954967551094,0.8920017744440921,1,0,1,0.005,0.0,0.005,89,0.15692880749702454,0.8800023198127747,0.8222672939300537,0.3457508683204651,-0.07834472507238388,0.10000000149011612,0.17595723016729098,0.005705775645372802,0.0001414810990253432,0.005847256744398145,-1.8802734017372134,2.400037601828181,0.01106797813988326,0.479358698856982,0.7479524612426758,0.5052446126937866,False,False,False,-0.1760842651890729,False
pure,3,16,0,0.3615663335200734,200,-40.512691656708526,0.41277540926785067,82.55508185357013,0.4865954967551094,0.8920017744440921,1,0,1,0.005,0.0,0.005,90,0.1490943282842636,0.8900024890899658,0.8222672939300537,0.3457508683204651,-0.07834263890981674,0.10000000149011612,0.1731046304702687,0.005751400443492693,0.00013857366321055564,0.005889974106703249,-1.8802233338356016,2.400037902215763,0.011146499360041605,0.4794051426043155,0.747585117816925,0.501916766166687,False,False,False,-0.17323166421055075,False
pure,3,16,0,0.3615663335200734,200,-40.512691656708526,0.41277540926785067,82.55508185357013,0.4865954967551094,0.8920017744440921,1,0,1,0.005,0.0,0.005,91,0.1412600725889206,0.9000025987625122,0.8222672939300537,0.3457508683204651,-0.07834044843912125,0.10000000149011612,0.17027846315526007,0.005724507168582656,0.0001401290586289083,0.005864636227211564,-1.8801707625389101,2.4000377251540295,0.01109936603541321,0.4794513899627964,0.7471860647201538,0.4985826909542084,False,False,False,-0.17040549553953646,False
pure,3,16,0,0.3615663335200734,200,-40.512691656708526,0.41277540926785067,82.55508185357013,0.4865954967551094,0.8920017744440921,1,0,1,0.005,0.0,0.005,92,0.1334260255098343,0.9100027680397034,0.8222672939300537,0.3457508683204651,-0.07833840698003769,0.10000000149011612,0.16748090412846744,0.00576245177192857,0.00013774497159267757,0.005900196743521247,-1.8801217675209048,2.4000379749762346,0.01116470417337676,0.4794979095635188,0.7467553615570068,0.4952426850795746,False,False,False,-0.16760793526104628,False
pure,3,16,0,0.3615663335200734,200,-40.512691656708526,0.41277540926785067,82.55508185357013,0.4865954967551094,0.8920017744440921,1,0,1,0.005,0.0,0.005,93,0.1255921870470047,0.9200029373168945,0.8222672939300537,0.3457508683204651,-0.07833653688430786,0.10000000149011612,0.1647142327330658,0.00580649288209372,0.00013465724404446858,0.0059411501261381885,-1.8800768852233884,2.4000382649370255,0.011239835590196225,0.47954474221181126,0.7462929487228394,0.49189695715904236,False,False,False,-0.16484126270335406,False
pure,3,16,0,0.3615663335200734,200,-40.512691656708526,0.41277540926785067,82.55508185357013,0.4865954967551094,0.8920017744440921,1,0,1,0.005,0.0,0.005,94,0.11775852739810944,0.9300031065940857,0.8222672939300537,0.3457508683204651,-0.07833468168973923,0.10000000149011612,0.16198089801056162,0.005810307916561757,0.00013419504623301366,0.00594450296279477,-1.8800323605537417,2.400038290054704,0.011245640157212588,0.4795915990457996,0.7457987070083618,0.4885457158088684,False,False,False,-0.16210792683346048,False
pure,3,16,0,0.3615663335200734,200,-40.512691656708526,0.41277540926785067,82.55508185357013,0.4865954967551094,0.8920017744440921,1,0,1,0.005,0.0,0.005,95,0.10992506146430969,0.9400032758712769,0.8222672939300537,0.3457508683204651,-0.07833297550678253,0.10000000149011612,0.1592833017462066,0.005848448764694271,0.00013165599429280282,0.005980104758987074,-1.8799914121627808,2.400038541168958,0.0113110129125779,0.4796387282662687,0.7452728748321533,0.48518913984298706,False,False,False,-0.15941032952602419,False
pure,3,16,0,0.3615663335200734,200,-40.512691656708526,0.41277540926785067,82.55508185357013,0.4865954967551094,0.8920017744440921,1,0,1,0.005,0.0,0.005,96,0.10209176689386368,0.950003445148468,0.8222672939300537,0.3457508683204651,-0.07833125442266464,0.10000000149011612,0.15662443589138908,0.005844583376563235,0.000131728373454665,0.0059763117500179,-1.8799501061439512,2.400038515719762,0.011303678309041538,0.4796858269258897,0.74471515417099,0.48182761669158936,False,False,False,-0.15675146259832307,False
pure,3,16,0,0.3615663335200734,200,-40.512691656708526,0.41277540926785067,82.55508185357013,0.4865954967551094,0.8920017744440921,1,0,1,0.005,0.0,0.005,97,0.0942586362361908,0.9600035548210144,0.8222672939300537,0.3457508683204651,-0.07832971960306168,0.10000000149011612,0.15400701909176126,0.005892293315355105,0.00012859427751923564,0.006020887592874341,-1.8799132704734802,2.4000388298356286,0.011385631656399066,0.47973326705779135,0.7441256642341614,0.47846126556396484,False,False,False,-0.15413404485992208,False
pure,3,16,0,0.3615663335200734,200,-40.512691656708526,0.41277540926785067,82.55508185357013,0.4865954967551094,0.8920017744440921,1,0,1,0.005,0.0,0.005,98,0.08642566949129105,0.9700037240982056,0.8222672939300537,0.3457508683204651,-0.07832839339971542,0.10000000149011612,0.15143398432216174,0.005946038428220152,0.00012482245537613005,0.006070860883596282,-1.87988144159317,2.4000391836862787,0.01147742607611753,0.47978108966644184,0.743504524230957,0.47509026527404785,False,False,False,-0.1515610092707587,False
pure,3,16,0,0.3615663335200734,200,-40.512691656708526,0.41277540926785067,82.55508185357013,0.4865954967551094,0.8920017744440921,1,0,1,0.005,0.0,0.005,99,0.07859282940626144,0.9800038933753967,0.8222672939300537,0.3457508683204651,-0.07832709699869156,0.10000000149011612,0.14890872335136326,0.005953807874652797,0.00012405581483245366,0.00607786368948525,-1.8798503279685974,2.400039234839278,0.011490006508735922,0.47982896469356157,0.7428514957427979,0.47171491384506226,False,False,False,-0.14903574749529752,False
pure,3,16,0,0.3615663335200734,200,-40.512691656708526,0.41277540926785067,82.55508185357013,0.4865954967551094,0.8920017744440921,1,0,1,0.005,0.0,0.005,100,0.07076011598110199,0.9900040626525879,0.8222672939300537,0.3457508683204651,-0.07832591980695724,0.10000000149011612,0.14643471738611474,0.005984368236032977,0.00012200001023190229,0.00610636824626488,-1.8798220753669739,2.400039436044619,0.011542352352974121,0.47987705782836565,0.7421665191650391,0.46833550930023193,False,False,False,-0.14656174081479326,False
pure,3,16,0,0.3615663335200734,200,-40.512691656708526,0.41277540926785067,82.55508185357013,0.4865954967551094,0.8920017744440921,1,0,1,0.005,0.0,0.005,101,0.06292752921581268,1.0000042915344238,0.8222672939300537,0.3457508683204651,-0.07832501083612442,0.10000000149011612,0.1440152224581034,0.006053418056410475,0.00011729955492901508,0.00617071761133949,-1.879800260066986,2.400039890659421,0.011660740447720832,0.4799256442468978,0.7414499521255493,0.46495214104652405,False,False,False,-0.14414224532053777,False
pure,3,16,0,0.3615663335200734,200,-40.512691656708526,0.41277540926785067,82.55508185357013,0.4865954967551094,0.8920017744440921,1,0,1,0.005,0.0,0.005,102,0.05509502440690994,1.0100044012069702,0.8222672939300537,0.3457508683204651,-0.07832401990890503,0.10000000149011612,0.141654186136142,0.00603254711162018,0.00011835205803434039,0.006150899169654521,-1.8797764778137205,2.4000397532479054,0.011623889805887836,0.479974077121089,0.7407014966011047,0.4615650773048401,False,False,False,-0.14178120838762878,False
pure,3,16,0,0.3615663335200734,200,-40.512691656708526,0.41277540926785067,82.55508185357013,0.4865954967551094,0.8920017744440921,1,0,1,0.005,0.0,0.005,103,0.04726262390613556,1.0200045108795166,0.8222672939300537,0.3457508683204651,-0.07832325249910355,0.10000000149011612,0.13935554421243082,0.0060898563287957435,0.00011466609124720883,0.006204522420042952,-1.879758059978485,2.400040130564144,0.011722659738773018,0.48002292153666726,0.7399212121963501,0.45817458629608154,False,False,False,-0.13948256598708045,False
pure,3,16,0,0.3615663335200734,200,-40.512691656708526,0.41277540926785067,82.55508185357013,0.4865954967551094,0.8920017744440921,1,0,1,0.005,0.0,0.005,104,0.039430297911167145,1.0300047397613525,0.8222672939300537,0.3457508683204651,-0.07832278311252594,0.10000000149011612,0.1371233020243925,0.006166764324487941,0.00010932392243554789,0.006276088246923489,-1.8797467947006223,2.4000406369161236,0.011854337329062737,0.4800723146088717,0.739109218120575,0.45478084683418274,False,False,False,-0.13725032351592004,False
pure,3,16,0,0.3615663335200734,200,-40.512691656708526,0.41277540926785067,82.55508185357013,0.4865954967551094,0.8920017744440921,1,0,1,0.005,0.0,0.005,105,0.03159802034497261,1.040004849433899,0.8222672939300537,0.3457508683204651,-0.0783221498131752,0.10000000149011612,0.13496197673570529,0.006124890833938981,0.00011172649781378484,0.006236617331752766,-1.8797315955162046,2.40004036122665,0.011781298923814285,0.4801214033543876,0.7382652759552002,0.45138418674468994,False,False,False,-0.1350889978249015,False
pure,3,16,0,0.3615663335200734,200,-40.512691656708526,0.41277540926785067,82.55508185357013,0.4865954967551094,0.8920017744440921,1,0,1,0.005,0.0,0.005,106,0.023765804246068,1.0500050783157349,0.8222672939300537,0.3457508683204651,-0.07832206040620804,0.10000000149011612,0.13287581625043607,0.006264616411061202,0.00010270297642310431,0.0063673193874843066,-1.8797294497489927,2.400041281161202,0.012022275342366159,0.4801714961683141,0.7373895645141602,0.4479846954345703,False,False,False,-0.1330028372949288,False
pure,3,16,0,0.3615663335200734,200,-40.512691656708526,0.41277540926785067,82.55508185357013,0.4865954967551094,0.8920017744440921,1,0,1,0.005,0.0,0.005,107,0.015933597460389137,1.0600051879882812,0.8222672939300537,0.3457508683204651,-0.07832174748182297,0.10000000149011612,0.13086937550049788,0.0062077607870036485,0.00010580239444549265,0.006313563181449142,-1.879721939563751,2.4000409068313617,0.011922794221604187,0.4802211744775708,0.7364822030067444,0.44458261132240295,False,False,False,-0.1309963963512755,False
pure,3,16,0,0.3615663335200734,200,-40.512691656708526,0.41277540926785067,82.55508185357013,0.4865954967551094,0.8920017744440921,1,0,1,0.005,0.0,0.005,108,0.008101423271000385,1.0700054168701172,0.8222672939300537,0.3457508683204651,-0.0783219262957573,0.10000000149011612,0.128947590095173,0.006334026707399311,9.773741019717392e-05,0.006431764117596485,-1.8797262310981748,2.400041738149331,0.01214081001422673,0.4802717611859634,0.7355430126190186,0.44117823243141174,False,False,False,-0.1290746110651599,False
pure,3,16,0,0.3615663335200734,200,-40.512691656708526,0.41277540926785067,82.55508185357013,0.4865954967551094,0.8920017744440921,1,0,1,0.005,0.0,0.005,109,0.00026923074619844556,1.0800056457519531,0.8222672939300537,0.3457508683204651,-0.07832218706607819,0.10000000149011612,0.1271154248648439,0.006355777496847555,9.571520117394107e-05,0.006451492698021496,-1.8797324895858765,2.400041881353626,0.01217688194890279,0.4803224981940838,0.7345719337463379,0.43777182698249817,False,False,False,-0.12724244598384243,False
pure,3,16,0,0.3615663335200734,200,-40.512691656708526,0.41277540926785067,82.55508185357013,0.4865954967551094,0.8920017744440921,1,0,1,0.005,0.0,0.005,110,-0.007562987972050905,1.0900057554244995,0.8222672939300537,0.3457508683204651,-0.07832233607769012,0.10000000149011612,0.1253776726875246,0.006327149111134851,9.750307749481989e-05,0.006424652188629671,-1.879736065864563,2.4000416928681547,0.012127381829473614,0.4803730289517066,0.7335691452026367,0.4343635141849518,False,False,False,-0.12550469389593008,False
pure,3,16,0,0.3615663335200734,200,-40.512691656708526,0.41277540926785067,82.55508185357013,0.4865954967551094,0.8920017744440921,1,0,1,0.005,0.0,0.005,111,-0.015395221300423145,1.1000059843063354,0.8222672939300537,0.3457508683204651,-0.0783228874206543,0.10000000149011612,0.12373940408218818,0.0064305988864323,9.081300601842968e-05,0.00652141189245073,-1.8797492980957033,2.40004237396767,0.01230586880565774,0.4804243034050635,0.732534646987915,0.4309535324573517,False,False,False,-0.12386642563332038,False
pure,3,16,0,0.3615663335200734,200,-40.512691656708526,0.41277540926785067,82.55508185357013,0.4865954967551094,0.8920017744440921,1,0,1,0.005,0.0,0.005,112,-0.02322751097381115,1.1100060939788818,0.8222672939300537,0.3457508683204651,-0.07832340151071548,0.10000000149011612,0.1222057645933249,0.006421595447673402,9.092676316817566e-05,0.006512522210841578,-1.8797616362571714,2.4000423146902303,0.012289296845241597,0.4804755088085853,0.7314684391021729,0.42754217982292175,False,False,False,-0.12233278647228264,False
pure,3,16,0,0.3615663335200734,200,-40.512691656708526,0.41277540926785067,82.55508185357013,0.4865954967551094,0.8920017744440921,1,0,1,0.005,0.0,0.005,113,-0.03105985000729561,1.1200063228607178,0.8222672939300537,0.3457508683204651,-0.07832423597574234,0.10000000149011612,0.1207817732177539,0.006504091755938474,8.552851381517256e-05,0.0065896202697536465,-1.8797816634178162,2.400042857834915,0.01243154451872347,0.48052730691074663,0.7303705215454102,0.42412957549095154,False,False,False,-0.12090879560335112,False
pure,3,16,0,0.3615663335200734,200,-40.512691656708526,0.41277540926785067,82.55508185357013,0.4865954967551094,0.8920017744440921,1,0,1,0.005,0.0,0.005,114,-0.03889227285981178,1.1300064325332642,0.8222672939300537,0.3457508683204651,-0.07832518965005875,0.10000000149011612,0.11947253791471237,0.006535298791863872,8.308828250398861e-05,0.006618387074367861,-1.87980455160141,2.4000430632978746,0.012484499871085936,0.4805793256602095,0.729240894317627,0.4207160472869873,False,False,False,-0.11959956088145487,False
pure,3,16,0,0.3615663335200734,200,-40.512691656708526,0.41277540926785067,82.55508185357013,0.4865954967551094,0.8920017744440921,1,0,1,0.005,0.0,0.005,115,-0.04672479256987572,1.1400066614151,0.8222672939300537,0.3457508683204651,-0.07832638174295425,0.10000000149011612,0.11828298406055139,0.006596953850352999,7.887880871594909e-05,0.006675832659068948,-1.879833161830902,2.400043469226551,0.012590485184680705,0.48063178601514567,0.7280795574188232,0.41730180382728577,False,False,False,-0.11841000777235197,False
pure,3,16,0,0.3615663335200734,200,-40.512691656708526,0.41277540926785067,82.55508185357013,0.4865954967551094,0.8920017744440921,1,0,1,0.005,0.0,0.005,116,-0.0545574314892292,1.1500067710876465,0.8222672939300537,0.3457508683204651,-0.07832755148410797,0.10000000149011612,0.117217898995478,0.006591660515439444,7.894433487015448e-05,0.006670604850309598,-1.8798612356185913,2.4000434343759407,0.012580876913918562,0.4806842063356203,0.726886510848999,0.413887083530426,False,False,False,-0.11734492342253432,False
pure,3,16,0,0.3615663335200734,200,-40.512691656708526,0.41277540926785067,82.55508185357013,0.4865954967551094,0.8920017744440921,1,0,1,0.005,0.0,0.005,117,-0.06239018589258194,1.1600069999694824,0.8222672939300537,0.3457508683204651,-0.0783291608095169,0.10000000149011612,0.1162815893323329,0.006704948062255656,7.149964948386812e-05,0.006776447711739524,-1.8798998594284055,2.4000441802460304,0.012776233237342557,0.4807374406407759,0.7256619930267334,0.41047200560569763,False,False,False,-0.11640861475776701,False
pure,3,16,0,0.3615663335200734,200,-40.512691656708526,0.41277540926785067,82.55508185357013,0.4865954967551094,0.8920017744440921,1,0,1,0.005,0.0,0.005,118,-0.07022310048341751,1.1700072288513184,0.8222672939300537,0.3457508683204651,-0.07833095639944077,0.10000000149011612,0.11547858066408366,0.006753670517665103,6.776292822220347e-05,0.006821433445887307,-1.8799429535865781,2.4000445010281752,0.012859149343783195,0.48079102042970834,0.7244057655334473,0.40705686807632446,False,False,False,-0.1156056071922037,False
pure,3,16,0,0.3615663335200734,200,-40.512691656708526,0.41277540926785067,82.55508185357013,0.4865954967551094,0.8920017744440921,1,0,1,0.005,0.0,0.005,119,-0.078056201338768,1.1800073385238647,0.8222672939300537,0.3457508683204651,-0.0783325806260109,0.10000000149011612,0.11481274847898046,0.0067100298506788305,7.041993195291502e-05,0.006780449782631746,-1.8799819350242615,2.4000442137038474,0.012783745852962757,0.480844286037429,0.7231179475784302,0.403641939163208,False,False,False,-0.1149397760054783,False
pure,3,16,0,0.3615663335200734,200,-40.512691656708526,0.41277540926785067,82.55508185357013,0.4865954967551094,0.8920017744440921,1,0,1,0.005,0.0,0.005,120,-0.08588945865631104,1.1900075674057007,0.8222672939300537,0.3457508683204651,-0.07833468168973923,0.10000000149011612,0.11428750581202782,0.006832774808045002,6.253131246523537e-05,0.0068953061205102376,-1.8800323605537417,2.400045021840266,0.012995915716692312,0.48089843568624857,0.7217986583709717,0.4002273678779602,False,False,False,-0.11441453463492668,False
pure,3,16,0,0.3615663335200734,200,-40.512691656708526,0.41277540926785067,82.55508185357013,0.4865954967551094,0.8920017744440921,1,0,1,0.005,0.0,0.005,121,-0.09372292459011078,1.2000077962875366,0.8222672939300537,0.3457508683204651,-0.07833705097436905,0.10000000149011612,0.11390596580591829,0.006902705955233593,5.735300545178366e-05,0.006960058960685377,-1.8800892233848572,2.4000454822576063,0.013115352900257605,0.48095308298999967,0.7204478979110718,0.39681339263916016,False,False,False,-0.11403299608913095,False
pure,3,16,0,0.3615663335200734,200,-40.512691656708526,0.41277540926785067,82.55508185357013,0.4865954967551094,0.8920017744440921,1,0,1,0.005,0.0,0.005,122,-0.10155662894248962,1.210007905960083,0.8222672939300537,0.3457508683204651,-0.07833924144506454,0.10000000149011612,0.1136708769009643,0.006857326816667385,6.002759610173425e-05,0.00691735441276912,-1.880141794681549,2.400045183487414,0.013036815690707226,0.4810074030553776,0.7190655469894409,0.39340031147003174,False,False,False,-0.11379790854018262,False
pure,3,16,0,0.3615663335200734,200,-40.512691656708526,0.41277540926785067,82.55508185357013,0.4865954967551094,0.8920017744440921,1,0,1,0.005,0.0,0.005,123,-0.10939055681228638,1.220008134841919,0.8222672939300537,0.3457508683204651,-0.07834187895059586,0.10000000149011612,0.11358403648218743,0.0069724638646581705,5.265056529457535e-05,0.007025114429952746,-1.8802050948143008,2.4000459415343727,0.013236025857293637,0.4810625531631163,0.7176518440246582,0.3899882137775421,False,False,False,-0.11371106974563233,False
pure,3,16,0,0.3615663335200734,200,-40.512691656708526,0.41277540926785067,82.55508185357013,0.4865954967551094,0.8920017744440921,1,0,1,0.005,0.0,0.005,124,-0.11722473800182343,1.2300083637237549,0.8222672939300537,0.3457508683204651,-0.07834472507238388,0.10000000149011612,0.11364710554745489,0.007027081911497338,4.85193485066723e-05,0.0070756012600040104,-1.8802734017372127,2.400046301132304,0.013329283892933922,0.4811180918460035,0.7162066698074341,0.38657745718955994,False,False,False,-0.1137741405692368,False
pure,3,16,0,0.3615663335200734,200,-40.512691656708526,0.41277540926785067,82.55508185357013,0.4865954967551094,0.8920017744440921,1,0,1,0.005,0.0,0.005,125,-0.12505921721458435,1.2400084733963013,0.8222672939300537,0.3457508683204651,-0.07834748178720474,0.10000000149011612,0.11386086877862175,0.007004704088397431,4.9749417042130424e-05,0.007054453505439562,-1.8803395628929138,2.4000461537997038,0.013290623120797174,0.4811734694423402,0.7147301435470581,0.3831682503223419,False,False,False,-0.11398790549913605,False
pure,3,16,0,0.3615663335200734,200,-40.512691656708526,0.41277540926785067,82.55508185357013,0.4865954967551094,0.8920017744440921,1,0,1,0.005,0.0,0.005,126,-0.13289396464824677,1.2500087022781372,0.8222672939300537,0.3457508683204651,-0.07835068553686142,0.10000000149011612,0.1142255838107633,0.0071200286800476,4.225456121195841e-05,0.0071622832412595585,-1.880416452884674,2.4000469130814244,0.013490032004172628,0.4812296779090242,0.7132222652435303,0.3797606825828552,False,False,False,-0.11435262251313204,False
pure,3,16,0,0.3615663335200734,200,-40.512691656708526,0.41277540926785067,82.55508185357013,0.4865954967551094,0.8920017744440921,1,0,1,0.005,0.0,0.005,127,-0.14072902500629425,1.2600089311599731,0.8222672939300537,0.3457508683204651,-0.078354112803936,0.10000000149011612,0.11474090555514307,0.007178556585244039,3.786622539210426e-05,0.007216422810636143,-1.8804987072944641,2.400047298421341,0.01359014711074531,0.48128630352198565,0.7116831541061401,0.37635520100593567,False,False,False,-0.11486794635857554,False
pure,3,16,0,0.3615663335200734,200,-40.512691656708526,0.41277540926785067,82.55508185357013,0.4865954967551094,0.8920017744440921,1,0,1,0.005,0.0,0.005,128,-0.1485644429922104,1.2700090408325195,0.8222672939300537,0.3457508683204651,-0.07835740596055984,0.10000000149011612,0.11540600430935055,0.007144764902437035,3.983267871784337e-05,0.007184597581154879,-1.8805777430534363,2.400047075941411,0.013531886158956119,0.4813426863809813,0.7101126909255981,0.37295183539390564,False,False,False,-0.1155330471542421,False
pure,3,16,0,0.3615663335200734,200,-40.512691656708526,0.41277540926785067,82.55508185357013,0.4865954967551094,0.8920017744440921,1,0,1,0.005,0.0,0.005,129,-0.1564001888036728,1.2800092697143555,0.8222672939300537,0.3457508683204651,-0.07836120575666428,0.10000000149011612,0.11621922140324781,0.007275445833325665,3.137960322931992e-05,0.007306825436554984,-1.8806689381599426,2.400047936327221,0.013758017541974053,0.4814000114540729,0.7085111141204834,0.369550883769989,False,False,False,-0.11634626658762166,False
pure,3,16,0,0.3615663335200734,200,-40.512691656708526,0.41277540926785067,82.55508185357013,0.4865954967551094,0.8920017744440921,1,0,1,0.005,0.0,0.005,130,-0.16423630714416504,1.2900094985961914,0.8222672939300537,0.3457508683204651,-0.07836522907018661,0.10000000149011612,0.11717862844396112,0.007334127022619328,2.6911394954996192e-05,0.0073610384175743235,-1.8807654976844788,2.4000483226763394,0.013858361708100442,0.48145775462785667,0.7068783640861511,0.3661525249481201,False,False,False,-0.11730567610192774,False
pure,3,16,0,0.3615663335200734,200,-40.512691656708526,0.41277540926785067,82.55508185357013,0.4865954967551094,0.8920017744440921,1,0,1,0.005,0.0,0.005,131,-0.17207282781600952,1.3000097274780273,0.8222672939300537,0.3457508683204651,-0.07836935669183731,0.10000000149011612,0.11828159719191912,0.007361789625747093,2.482519760687497e-05,0.007386614823353968,-1.8808645606040963,2.400048504803227,0.013906110888088425,0.48151569675655703,0.7052146196365356,0.36275702714920044,False,False,False,-0.11840864741288547,False
pure,3,16,0,0.3615663335200734,200,-40.512691656708526,0.41277540926785067,82.55508185357013,0.4865954967551094,0.8920017744440921,1,0,1,0.005,0.0,0.005,132,-0.17990976572036743,1.3100099563598633,0.8222672939300537,0.3457508683204651,-0.07837376743555069,0.10000000149011612,0.11952553384503321,0.007435343613065591,1.9856637679867543e-05,0.007455200250745459,-1.8809704184532166,2.400048989072863,0.014033318290401388,0.4815741689161004,0.7035195827484131,0.35936468839645386,False,False,False,-0.11965258677801088,False
pure,3,16,0,0.3615663335200734,200,-40.512691656708526,0.41277540926785067,82.55508185357013,0.4865954967551094,0.8920017744440921,1,0,1,0.005,0.0,0.005,133,-0.18774713575839996,1.3200100660324097,0.8222672939300537,0.3457508683204651,-0.0783781036734581,0.10000000149011612,0.12090666756561626,0.007417097657486348,2.0730572242622672e-05,0.00743782822972897,-1.8810744881629944,2.400048868943926,0.014001867566174542,0.48163251003095947,0.7017937302589417,0.35597556829452515,False,False,False,-0.12103372318080295,False
pure,3,16,0,0.3615663335200734,200,-40.512691656708526,0.41277540926785067,82.55508185357013,0.4865954967551094,0.8920017744440921,1,0,1,0.005,0.0,0.005,134,-0.1955849528312683,1.3300102949142456,0.8222672939300537,0.3457508683204651,-0.07838285714387894,0.10000000149011612,0.12242158606611092,0.007524974085727785,1.3712416625840252e-05,0.007538686502353626,-1.8811885714530945,2.4000495791879337,0.014188805730304305,0.48169163005483573,0.700036883354187,0.3525899648666382,False,False,False,-0.1225486446019252,False
pure,3,16,0,0.3615663335200734,200,-40.512691656708526,0.41277540926785067,82.55508185357013,0.4865954967551094,0.8920017744440921,1,0,1,0.005,0.0,0.005,135,-0.20342323184013367,1.3400105237960815,0.8222672939300537,0.3457508683204651,-0.07838783413171768,0.10000000149011612,0.12406636534131343,0.0075836643809639595,9.352612168253888e-06,0.007593016993132214,-1.8813080191612244,2.4000499655970047,0.0142896553510475,0.4817511702854651,0.698249101638794,0.34920814633369446,False,False,False,-0.12419342696166809,False
pure,3,16,0,0.3615663335200734,200,-40.512691656708526,0.41277540926785067,82.55508185357013,0.4865954967551094,0.8920017744440921,1,0,1,0.005,0.0,0.005,136,-0.21126201748847961,1.3500107526779175,0.8222672939300537,0.3457508683204651,-0.07839294523000717,0.10000000149011612,0.12583686713820053,0.007619121941318676,6.755008418880799e-06,0.007625876949737557,-1.881430685520173,2.4000501990448506,0.014351062176417273,0.48181096637786686,0.6964304447174072,0.3458302319049835,False,False,False,-0.1259639319027002,False
pure,3,16,0,0.3615663335200734,200,-40.512691656708526,0.41277540926785067,82.55508185357013,0.4865954967551094,0.8920017744440921,1,0,1,0.005,0.0,0.005,137,-0.21910130977630615,1.3600109815597534,0.8222672939300537,0.3457508683204651,-0.07839833945035934,0.10000000149011612,0.12772862652607186,0.007692841449762343,1.7421327307043347e-06,0.007694583582493047,-1.8815601468086243,2.400050684404256,0.014478725094442955,0.4818712943990937,0.694581151008606,0.34245651960372925,False,False,False,-0.12785569461353047,False
pure,3,16,0,0.3615663335200734,200,-40.512691656708526,0.41277540926785067,82.55508185357013,0.4865954967551094,0.8920017744440921,1,0,1,0.005,0.0,0.005,138,-0.22694115340709686,1.3700110912322998,0.8222672939300537,0.3457508683204651,-0.07840364426374435,0.10000000149011612,0.1297375458508734,0.007670886942845237,2.862827465829086e-06,0.0076737497703110655,-1.8816874623298652,2.4000505398587126,0.014441082715906637,0.48193146557707667,0.692700982093811,0.33908727765083313,False,False,False,-0.12986461721658749,False
pure,3,16,0,0.3615663335200734,200,-40.512691656708526,0.41277540926785067,82.55508185357013,0.4865954967551094,0.8920017744440921,1,0,1,0.005,0.0,0.005,139,-0.23478150367736816,1.3800113201141357,0.8222672939300537,0.3457508683204651,-0.07840941101312637,0.10000000149011612,0.1318589443778913,0.007790377792197817,4.90131322922372e-06,0.007795279105427041,-1.8818258643150332,2.4000513265705177,0.014671897825461034,0.48199259848468273,0.6907902359962463,0.33572259545326233,False,False,False,-0.1319860193049829,False
pure,3,16,0,0.3615663335200734,200,-40.512691656708526,0.41277540926785067,82.55508185357013,0.4865954967551094,0.8920017744440921,1,0,1,0.005,0.0,0.005,140,-0.24262244999408722,1.3900115489959717,0.8222672939300537,0.3457508683204651,-0.0784153863787651,0.10000000149011612,0.13408847707649987,0.007845420477835726,9.071598910829549e-06,0.007854492076746556,-1.8819692730903637,2.400051688964215,0.014786612580048297,0.4820542093704329,0.6888488531112671,0.3323627710342407,False,False,False,-0.13421555568417828,False
pure,3,16,0,0.3615663335200734,200,-40.512691656708526,0.41277540926785067,82.55508185357013,0.4865954967551094,0.8920017744440921,1,0,1,0.005,0.0,0.005,141,-0.25046399235725403,1.4000117778778076,0.8222672939300537,0.3457508683204651,-0.07842160016298294,0.10000000149011612,0.13642169929099365,0.007907840831132315,1.3427795673190284e-05,0.007921268626805505,-1.8821184039115908,2.4000520999314903,0.014915720172680553,0.48211635820448573,0.6868768930435181,0.3290080726146698,False,False,False,-0.13654878172827048,False
pure,3,16,0,0.3615663335200734,200,-40.512691656708526,0.41277540926785067,82.55508185357013,0.4865954967551094,0.8920017744440921,1,0,1,0.005,0.0,0.005,142,-0.2583061456680298,1.4100120067596436,0.8222672939300537,0.3457508683204651,-0.0784280076622963,0.10000000149011612,0.1388541167989642,0.007958820541430038,1.706298570031268e-05,0.007975883527130351,-1.882272183895111,2.4000524355751,0.015021618582135007,0.48217894828191127,0.6848745346069336,0.3256586492061615,False,False,False,-0.13898120319994992,False
pure,3,16,0,0.3615663335200734,200,-40.512691656708526,0.41277540926785067,82.55508185357013,0.4865954967551094,0.8920017744440921,1,0,1,0.005,0.0,0.005,143,-0.26614895462989807,1.4200122356414795,0.8222672939300537,0.3457508683204651,-0.0784345343708992,0.10000000149011612,0.14138154573734818,0.007990587937687676,1.9377026857800348e-05,0.008009964964545476,-1.882428824901581,2.4000526447273978,0.015088218946371176,0.48224181586085446,0.6828417181968689,0.3223147392272949,False,False,False,-0.1415086361616474,False
pure,3,16,0,0.3615663335200734,200,-40.512691656708526,0.41277540926785067,82.55508185357013,0.4865954967551094,0.8920017744440921,1,0,1,0.005,0.0,0.005,144,-0.2739924192428589,1.4300124645233154,0.8222672939300537,0.3457508683204651,-0.07844134420156479,0.10000000149011612,0.1439996802265727,0.008064471477422038,2.4379334238121993e-05,0.008088850811660159,-1.8825922608375547,2.4000531311667626,0.015240623288613895,0.4823053184578904,0.6807786226272583,0.3189765214920044,False,False,False,-0.1441267748529994,False
pure,3,16,0,0.3615663335200734,200,-40.512691656708526,0.41277540926785067,82.55508185357013,0.4865954967551094,0.8920017744440921,1,0,1,0.005,0.0,0.005,145,-0.28183653950691223,1.4400126934051514,0.8222672939300537,0.3457508683204651,-0.07844840735197067,0.10000000149011612,0.14670454396768778,0.00813092938288111,2.9087110646592238e-05,0.008160016493527702,-1.8827617764472961,2.4000535687167432,0.015378413672791769,0.482369395181527,0.678685188293457,0.3156443238258362,False,False,False,-0.14683164296015472,False
pure,3,16,0,0.3615663335200734,200,-40.512691656708526,0.41277540926785067,82.55508185357013,0.4865954967551094,0.8920017744440921,1,0,1,0.005,0.0,0.005,146,-0.2896813750267029,1.4500129222869873,0.8222672939300537,0.3457508683204651,-0.07845551520586014,0.10000000149011612,0.14949199744920705,0.008143678230599702,3.021676058260762e-05,0.008173894991182309,-1.8829323649406435,2.4000536526534555,0.015406517156666376,0.4824335890030131,0.676561713218689,0.31231820583343506,False,False,False,-0.14961910082261537,False
pure,3,16,0,0.3615663335200734,200,-40.512691656708526,0.41277540926785067,82.55508185357013,0.4865954967551094,0.8920017744440921,1,0,1,0.005,0.0,0.005,147,-0.29752692580223083,1.4600131511688232,0.8222672939300537,0.3457508683204651,-0.07846295088529587,0.10000000149011612,0.1523585541534535,0.008229050047071836,3.588656143220994e-05,0.008264936608504046,-1.8831108212471006,2.4000542147301016,0.015582342885242484,0.4824985154317016,0.6744078993797302,0.30899858474731445,False,False,False,-0.15248566211641948,False
pure,3,16,0,0.3615663335200734,200,-40.512691656708526,0.41277540926785067,82.55508185357013,0.4865954967551094,0.8920017744440921,1,0,1,0.005,0.0,0.005,148,-0.3053732216358185,1.4700133800506592,0.8222672939300537,0.3457508683204651,-0.07847055047750473,0.10000000149011612,0.15530026868811517,0.00827262964830707,3.913684911638961e-05,0.00831176649742346,-1.8832932114601133,2.4000545016523804,0.015673717828482647,0.48256382258932023,0.6722241640090942,0.30568549036979675,False,False,False,-0.1554273813449469,False
pure,3,16,0,0.3615663335200734,200,-40.512691656708526,0.41277540926785067,82.55508185357013,0.4865954967551094,0.8920017744440921,1,0,1,0.005,0.0,0.005,149,-0.3132202923297882,1.4800136089324951,0.8222672939300537,0.3457508683204651,-0.0784783884882927,0.10000000149011612,0.1583136327339484,0.00833520229398893,4.344485702325172e-05,0.008378647151012181,-1.8834813237190249,2.4000549136223293,0.015803467892718397,0.48262967037220655,0.6700105667114258,0.3023792505264282,False,False,False,-0.15844075023365753,False
pure,3,16,0,0.3615663335200734,200,-40.512691656708526,0.41277540926785067,82.55508185357013,0.4865954967551094,0.8920017744440921,1,0,1,0.005,0.0,0.005,150,-0.3210681080818176,1.490013837814331,0.8222672939300537,0.3457508683204651,-0.07848647981882095,0.10000000149011612,0.16139555138371575,0.00840173643719284,4.810190690576139e-05,0.0084498383440986,-1.8836755156517027,2.4000553516742493,0.01594159245479383,0.48269609367410155,0.6677669286727905,0.2990800738334656,False,False,False,-0.16152267387531388,False
pure,3,16,0,0.3615663335200734,200,-40.512691656708526,0.41277540926785067,82.55508185357013,0.4865954967551094,0.8920017744440921,1,0,1,0.005,0.0,0.005,151,-0.3289167582988739,1.500014066696167,0.8222672939300537,0.3457508683204651,-0.07849477976560593,0.10000000149011612,0.16454258151618972,0.00845681486214668,5.202099472456072e-05,0.008508835856871242,-1.8838747143745422,2.4000557143032477,0.016056432968597382,0.4827629954781374,0.6654936075210571,0.29578813910484314,False,False,False,-0.1646697091337873,False
pure,3,16,0,0.3615663335200734,200,-40.512691656708526,0.41277540926785067,82.55508185357013,0.4865954967551094,0.8920017744440921,1,0,1,0.005,0.0,0.005,152,-0.33676624298095703,1.510014295578003,0.8222672939300537,0.3457508683204651,-0.07850318402051926,0.10000000149011612,0.16775186700577266,0.008485010754127184,5.411286309376946e-05,0.008539123617220954,-1.8840764164924624,2.400055899941238,0.016116282551866864,0.48283014665543683,0.663190484046936,0.2925037145614624,False,False,False,-0.16787899980897433,False
pure,3,16,0,0.3615663335200734,200,-40.512691656708526,0.41277540926785067,82.55508185357013,0.4865954967551094,0.8920017744440921,1,0,1,0.005,0.0,0.005,153,-0.344616562128067,1.5200145244598389,0.8222672939300537,0.3457508683204651,-0.0785117968916893,0.10000000149011612,0.17102051270068966,0.008539938463928727,5.784252469072267e-05,0.00859778098861945,-1.884283125400543,2.4000562615779493,0.016230487253109382,0.4828977736856581,0.6608576774597168,0.2892269492149353,False,False,False,-0.1711476508236059,False
pure,3,16,0,0.3615663335200734,200,-40.512691656708526,0.41277540926785067,82.55508185357013,0.4865954967551094,0.8920017744440921,1,0,1,0.005,0.0,0.005,154,-0.35246774554252625,1.5300147533416748,0.8222672939300537,0.3457508683204651,-0.07852066308259964,0.10000000149011612,0.17434560322264567,0.008606534533256074,6.246571473731713e-05,0.008669000247993391,-1.8844959139823916,2.400056700037582,0.016368900418647355,0.4829659774374025,0.6584954261779785,0.2859581708908081,False,False,False,-0.1744727468291892,False
pure,3,16,0,0.3615663335200734,200,-40.512691656708526,0.41277540926785067,82.55508185357013,0.4865954967551094,0.8920017744440921,1,0,1,0.005,0.0,0.005,155,-0.3603198230266571,1.5400149822235107,0.8222672939300537,0.3457508683204651,-0.07852982729673386,0.10000000149011612,0.17772477303702033,0.008684729624611514,6.790757913992479e-05,0.008752637203751438,-1.8847158551216128,2.400057214863628,0.01653122969620839,0.4830348575611367,0.6561036109924316,0.28269749879837036,False,False,False,-0.17785192230600513,False
pure,3,16,0,0.3615663335200734,200,-40.512691656708526,0.41277540926785067,82.55508185357013,0.4865954967551094,0.8920017744440921,1,0,1,0.005,0.0,0.005,156,-0.3681727945804596,1.5500152111053467,0.8222672939300537,0.3457508683204651,-0.07853909581899643,0.10000000149011612,0.1811555091379831,0.008713152364761959,7.011944271800262e-05,0.008783271807479962,-1.8849382996559143,2.400057401995157,0.016592045290596432,0.4831039910831808,0.6536823511123657,0.27944523096084595,False,False,False,-0.18128266411411262,False
pure,3,16,0,0.3615663335200734,200,-40.512691656708526,0.41277540926785067,82.55508185357013,0.4865954967551094,0.8920017744440921,1,0,1,0.005,0.0,0.005,157,-0.3760266900062561,1.5600154399871826,0.8222672939300537,0.3457508683204651,-0.07854854315519333,0.10000000149011612,0.18463534158909176,0.008760520720421659,7.334890430843237e-05,0.008833869624730092,-1.8851650357246397,2.400057713862088,0.016691068960468926,0.4831735372038494,0.6512319445610046,0.276201456785202,False,False,False,-0.1847625024064765,False
pure,3,16,0,0.3615663335200734,200,-40.512691656708526,0.41277540926785067,82.55508185357013,0.4865954967551094,0.8920017744440921,1,0,1,0.005,0.0,0.005,158,-0.3838815689086914,1.5700156688690186,0.8222672939300537,0.3457508683204651,-0.0785582885146141,0.10000000149011612,0.18816217406925745,0.008838695045202924,7.869808679198226e-05,0.008917393131994905,-1.8853989243507385,2.40005822855141,0.016853346121666144,0.4832437594793564,0.6487523317337036,0.27296650409698486,False,False,False,-0.1882893409067113,False
pure,3,16,0,0.3615663335200734,200,-40.512691656708526,0.41277540926785067,82.55508185357013,0.4865954967551094,0.8920017744440921,1,0,1,0.005,0.0,0.005,159,-0.3917373716831207,1.5800158977508545,0.8222672939300537,0.3457508683204651,-0.07856833189725876,0.10000000149011612,0.19173393108697578,0.008917061439068522,8.42024925293145e-05,0.009001263931597836,-1.8856399655342104,2.40005874450529,0.017016458353135727,0.4833146613891611,0.6462436318397522,0.2697405219078064,False,False,False,-0.19186110412331267,False
pure,3,16,0,0.3615663335200734,200,-40.512691656708526,0.41277540926785067,82.55508185357013,0.4865954967551094,0.8920017744440921,1,0,1,0.005,0.0,0.005,160,-0.3995942175388336,1.5900161266326904,0.8222672939300537,0.3457508683204651,-0.07857831567525864,0.10000000149011612,0.1953487764927111,0.008903402091181104,8.363662628445005e-05,0.008987038717465553,-1.8858795762062073,2.4000586545739653,0.01699147697126344,0.48338545920987475,0.6437057256698608,0.26652389764785767,False,False,False,-0.1954759557130299,False
pure,3,16,0,0.3615663335200734,200,-40.512691656708526,0.41277540926785067,82.55508185357013,0.4865954967551094,0.8920017744440921,1,0,1,0.005,0.0,0.005,161,-0.4074520468711853,1.6000163555145264,0.8222672939300537,0.3457508683204651,-0.07858870178461075,0.10000000149011612,0.1990046708107808,0.009008193882344175,9.045572415237751e-05,0.009098649606496551,-1.8861288428306582,2.4000593445091334,0.017207713409316285,0.4834571580157469,0.641139030456543,0.2633165717124939,False,False,False,-0.1991318564385989,False
pure,3,16,0,0.3615663335200734,200,-40.512691656708526,0.41277540926785067,82.55508185357013,0.4865954967551094,0.8920017744440921,1,0,1,0.005,0.0,0.005,162,-0.41531091928482056,1.6100167036056519,0.8222672939300537,0.3457508683204651,-0.07859935611486435,0.10000000149011612,0.2026999518245803,0.00907910372476103,9.559026233386212e-05,0.009174693987094893,-1.8863845467567444,2.4000598113700735,0.01735610331177663,0.4835294751128793,0.638543426990509,0.2601190209388733,False,False,False,-0.20282714403871166,False
pure,3,16,0,0.3615663335200734,200,-40.512691656708526,0.41277540926785067,82.55508185357013,0.4865954967551094,0.8920017744440921,1,0,1,0.005,0.0,0.005,163,-0.42317086458206177,1.6200169324874878,0.8222672939300537,0.3457508683204651,-0.07861005514860153,0.10000000149011612,0.20643278961093364,0.009092338569478,9.676180371173954e-05,0.00918910037318974,-1.886641323566437,2.400059898506525,0.017386215797829844,0.4836019176787036,0.6359193325042725,0.2569311857223511,False,False,False,-0.20655998844118056,False
pure,3,16,0,0.3615663335200734,200,-40.512691656708526,0.41277540926785067,82.55508185357013,0.4865954967551094,0.8920017744440921,1,0,1,0.005,0.0,0.005,164,-0.43103185296058655,1.6300171613693237,0.8222672939300537,0.3457508683204651,-0.0786210373044014,0.10000000149011612,0.2102019747840239,0.00916666852538015,0.00010169460429989716,0.009268363129680048,-1.8869048953056335,2.4000603878850346,0.017540704905625704,0.4836750039491437,0.6332663297653198,0.25375354290008545,False,False,False,-0.21032918039429915,False
pure,3,16,0,0.3615663335200734,200,-40.512691656708526,0.41277540926785067,82.55508185357013,0.4865954967551094,0.8920017744440921,1,0,1,0.005,0.0,0.005,165,-0.43889397382736206,1.6400173902511597,0.8222672939300537,0.3457508683204651,-0.07863219827413559,0.10000000149011612,0.2140058077194515,0.009214487333508077,0.0001051622980338276,0.009319649631541905,-1.887172758579254,2.4000607027176852,0.017641725378988504,0.4837485111382228,0.6305848360061646,0.2505861520767212,False,False,False,-0.21413302022896438,False
pure,3,16,0,0.3615663335200734,200,-40.512691656708526,0.41277540926785067,82.55508185357013,0.4865954967551094,0.8920017744440921,1,0,1,0.005,0.0,0.005,166,-0.4467571973800659,1.6500176191329956,0.8222672939300537,0.3457508683204651,-0.07864346355199814,0.10000000149011612,0.2178427310948311,0.009243016880858119,0.00010723360608917515,0.009350250486947294,-1.8874431252479555,2.400060890552419,0.01770303585245399,0.48382227378760806,0.6278750896453857,0.24742931127548218,False,False,False,-0.21796995057808743,False
pure,3,16,0,0.3615663335200734,200,-40.512691656708526,0.41277540926785067,82.55508185357013,0.4865954967551094,0.8920017744440921,1,0,1,0.005,0.0,0.005,167,-0.4546215236186981,1.6600178480148315,0.8222672939300537,0.3457508683204651,-0.07865501195192337,0.10000000149011612,0.22171169615995792,0.009317496414822731,0.00011224573399475111,0.009429742148817482,-1.8877202868461609,2.4000613809157305,0.017858223656210585,0.4838966830528423,0.6251369118690491,0.24428318440914154,False,False,False,-0.22183892278087047,False
pure,3,16,0,0.3615663335200734,200,-40.512691656708526,0.41277540926785067,82.55508185357013,0.4865954967551094,0.8920017744440921,1,0,1,0.005,0.0,0.005,168,-0.46248704195022583,1.670018196105957,0.8222672939300537,0.3457508683204651,-0.07866691797971725,0.10000000149011612,0.225611372491302,0.009411421907439276,0.00011875367568576434,0.00953017558312504,-1.8880060315132141,2.400061999308639,0.01805383751065258,0.4839719073758033,0.6223704814910889,0.24114800989627838,False,False,False,-0.22573860645848703,False
pure,3,16,0,0.3615663335200734,200,-40.512691656708526,0.41277540926785067,82.55508185357013,0.4865954967551094,0.8920017744440921,1,0,1,0.005,0.0,0.005,169,-0.47035372257232666,1.680018424987793,0.8222672939300537,0.3457508683204651,-0.07867883890867233,0.10000000149011612,0.229540343176734,0.009417261448463573,0.0001195406930949558,0.00953680214155853,-1.888292133808136,2.4000620377553976,0.01806944579461255,0.48404719673328084,0.6195762157440186,0.23802390694618225,False,False,False,-0.2296675845199938,False
pure,3,16,0,0.3615663335200734,200,-40.512691656708526,0.41277540926785067,82.55508185357013,0.4865954967551094,0.8920017744440921,1,0,1,0.005,0.0,0.005,170,-0.478221595287323,1.690018653869629,0.8222672939300537,0.3457508683204651,-0.07869099825620651,0.10000000149011612,0.2334978747545931,0.009480204617964736,0.00012368414629594545,0.00960388876426068,-1.888583958148956,2.4000624521648257,0.01820101203691081,0.4841230342834346,0.6167536973953247,0.234911248087883,False,False,False,-0.23362512362293933,False
pure,3,16,0,0.3615663335200734,200,-40.512691656708526,0.41277540926785067,82.55508185357013,0.4865954967551094,0.8920017744440921,1,0,1,0.005,0.0,0.005,171,-0.4860907196998596,1.7000188827514648,0.8222672939300537,0.3457508683204651,-0.07870324701070786,0.10000000149011612,0.23748280891079038,0.009505102868803014,0.00012558323104401706,0.009630686099847031,-1.8888779282569887,2.4000626160915863,0.018255386632730932,0.48419909839440434,0.6139031648635864,0.23181019723415375,False,False,False,-0.23761006534892648,False
pure,3,16,0,0.3615663335200734,200,-40.512691656708526,0.41277540926785067,82.55508185357013,0.4865954967551094,0.8920017744440921,1,0,1,0.005,0.0,0.005,172,-0.49396103620529175,1.7100192308425903,0.8222672939300537,0.3457508683204651,-0.07871591299772263,0.10000000149011612,0.24149380694906505,0.00961421619741104,0.00013285990002087186,0.009747076097431912,-1.8891819119453443,2.4000633344791806,0.01848187551234355,0.4842761062090391,0.6110251545906067,0.22872087359428406,False,False,False,-0.24162107122521195,False
pure,3,16,0,0.3615663335200734,200,-40.512691656708526,0.41277540926785067,82.55508185357013,0.4865954967551094,0.8920017744440921,1,0,1,0.005,0.0,0.005,173,-0.5018326044082642,1.7200194597244263,0.8222672939300537,0.3457508683204651,-0.07872875779867172,0.10000000149011612,0.245530147153198,0.009662426556714373,0.00013651013587320608,0.009798936692587579,-1.8894901871681213,2.4000636518897527,0.018584693178368278,0.4843535424306156,0.6081194877624512,0.22564353048801422,False,False,False,-0.2456574193716638,False
pure,3,16,0,0.3615663335200734,200,-40.512691656708526,0.41277540926785067,82.55508185357013,0.4865954967551094,0.8920017744440921,1,0,1,0.005,0.0,0.005,174,-0.5097054839134216,1.7300196886062622,0.8222672939300537,0.3457508683204651,-0.07874151319265366,0.10000000149011612,0.24959103492433474,0.00964130759766595,0.00013530304389897045,0.00977661064156492,-1.8897963166236877,2.4000635128453447,0.018544843484343917,0.4844308126118004,0.6051861047744751,0.22257845103740692,False,False,False,-0.2497183150255148,False
pure,3,16,0,0.3615663335200734,200,-40.512691656708526,0.41277540926785067,82.55508185357013,0.4865954967551094,0.8920017744440921,1,0,1,0.005,0.0,0.005,175,-0.5175796747207642,1.7400200366973877,0.8222672939300537,0.3457508683204651,-0.07875474542379379,0.10000000149011612,0.2536754091462764,0.009765601484559327,0.0001433651514958299,0.009908966636055156,-1.8901138901710512,2.4000643311797076,0.018802184598279943,0.48450915504762654,0.6022253632545471,0.21952581405639648,False,False,False,-0.25380269744309514,False
pure,3,16,0,0.3615663335200734,200,-40.512691656708526,0.41277540926785067,82.55508185357013,0.4865954967551094,0.8920017744440921,1,0,1,0.005,0.0,0.005,176,-0.525455117225647,1.7500202655792236,0.8222672939300537,0.3457508683204651,-0.07876806706190109,0.10000000149011612,0.2577825277977189,0.009790944734294628,0.0001455759002085366,0.009936520634503164,-1.890433609485626,2.4000644980362824,0.01885852254418706,0.484587732224894,0.599237322807312,0.21648576855659485,False,False,False,-0.25790982433487974,False
pure,3,16,0,0.3615663335200734,200,-40.512691656708526,0.41277540926785067,82.55508185357013,0.4865954967551094,0.8920017744440921,1,0,1,0.005,0.0,0.005,177,-0.5333319306373596,1.7600204944610596,0.8222672939300537,0.3457508683204651,-0.07878138870000839,0.10000000149011612,0.26191162231675225,0.009792790050304749,0.00014577556559785103,0.0099385656159026,-1.8907533288002014,2.400064510185597,0.018865621147298832,0.48466633897967437,0.5962220430374146,0.2134585976600647,False,False,False,-0.26203892710915644,False
pure,3,16,0,0.3615663335200734,200,-40.512691656708526,0.41277540926785067,82.55508185357013,0.4865954967551094,0.8920017744440921,1,0,1,0.005,0.0,0.005,178,-0.5412100553512573,1.770020842552185,0.8222672939300537,0.3457508683204651,-0.07879523187875748,0.10000000149011612,0.2660618238266321,0.009928780109050723,0.00015471431197948456,0.010083494421030207,-1.8910855650901792,2.400065405525995,0.019147497211102035,0.48474612021805397,0.5931798219680786,0.21044445037841797,False,False,False,-0.2661891371723028,False
pure,3,16,0,0.3615663335200734,200,-40.512691656708526,0.41277540926785067,82.55508185357013,0.4865954967551094,0.8920017744440921,1,0,1,0.005,0.0,0.005,179,-0.5490896105766296,1.780021071434021,0.8222672939300537,0.3457508683204651,-0.07880901545286179,0.10000000149011612,0.2702325631391353,0.009915900508772694,0.00015445629354394019,0.010070356802316634,-1.8914163708686826,2.400065320728426,0.019125801747900833,0.48482581105867023,0.5901105999946594,0.20744356513023376,False,False,False,-0.2703598850231714,False
pure,3,16,0,0.3615663335200734,200,-40.512691656708526,0.41277540926785067,82.55508185357013,0.4865954967551094,0.8920017744440921,1,0,1,0.005,0.0,0.005,180,-0.556970477104187,1.790021300315857,0.8222672939300537,0.3457508683204651,-0.07882296293973923,0.10000000149011612,0.2744231140242697,0.009959811920332177,0.0001572512469705242,0.010117063167302702,-1.8917511105537415,2.400065609835299,0.01921889857115246,0.4849058898027167,0.5870145559310913,0.2044561505317688,False,False,False,-0.27455044453607813,False
pure,3,16,0,0.3615663335200734,200,-40.512691656708526,0.41277540926785067,82.55508185357013,0.4865954967551094,0.8920017744440921,1,0,1,0.005,0.0,0.005,181,-0.564852774143219,1.8000216484069824,0.8222672939300537,0.3457508683204651,-0.0788373276591301,0.10000000149011612,0.2786328381229884,0.01006924064650893,0.0001646318244398163,0.010233872470948747,-1.8920958638191225,2.4000663302994285,0.019447095877792704,0.48498691936887417,0.583891749382019,0.20148250460624695,False,False,False,-0.27876017753079,False
pure,3,16,0,0.3615663335200734,200,-40.512691656708526,0.41277540926785067,82.55508185357013,0.4865954967551094,0.8920017744440921,1,0,1,0.005,0.0,0.005,182,-0.5727365016937256,1.8100218772888184,0.8222672939300537,0.3457508683204651,-0.07885172218084335,0.10000000149011612,0.28286106154734464,0.010079312774445298,0.00016576237433863636,0.010245075148783934,-1.8924413323402405,2.4000663966129747,0.019472348800418208,0.4850680541555426,0.5807424783706665,0.1985226571559906,False,False,False,-0.2829884098660407,False
pure,3,16,0,0.3615663335200734,200,-40.512691656708526,0.41277540926785067,82.55508185357013,0.4865954967551094,0.8920017744440921,1,0,1,0.005,0.0,0.005,183,-0.5806217193603516,1.8200222253799438,0.8222672939300537,0.3457508683204651,-0.07886626571416855,0.10000000149011612,0.287107255206099,0.010119581977069768,0.00016842198760237326,0.010288003964672141,-1.892790377140045,2.4000666617400315,0.019558471384425936,0.48514954778631103,0.5775667428970337,0.19557690620422363,False,False,False,-0.28723461252509636,False
pure,3,16,0,0.3615663335200734,200,-40.512691656708526,0.41277540926785067,82.55508185357013,0.4865954967551094,0.8920017744440921,1,0,1,0.005,0.0,0.005,184,-0.5885083079338074,1.8300224542617798,0.8222672939300537,0.3457508683204651,-0.07888107746839523,0.10000000149011612,0.2913708094782139,0.010190709558402436,0.00017325722746824938,0.010363966785870685,-1.8931458592414856,2.400067130034534,0.01970832857990966,0.4852316658220607,0.5743647217750549,0.19264546036720276,False,False,False,-0.2914981759763266,False
pure,3,16,0,0.3615663335200734,200,-40.512691656708526,0.41277540926785067,82.55508185357013,0.4865954967551094,0.8920017744440921,1,0,1,0.005,0.0,0.005,185,-0.5963964462280273,1.8400226831436157,0.8222672939300537,0.3457508683204651,-0.07889574021100998,0.10000000149011612,0.2956511904847043,0.010154616433223428,0.00017116274779141867,0.010325779181014846,-1.8934977650642397,2.400066892402215,0.019638545565579937,0.48531349309525057,0.5711365342140198,0.1897285282611847,False,False,False,-0.2957785660725253,False
pure,3,16,0,0.3615663335200734,200,-40.512691656708526,0.41277540926785067,82.55508185357013,0.4865954967551094,0.8920017744440921,1,0,1,0.005,0.0,0.005,186,-0.6042860150337219,1.8500230312347412,0.8222672939300537,0.3457508683204651,-0.07891096919775009,0.10000000149011612,0.29994795715739947,0.010302100074202384,0.00018067858110257224,0.010482778655304956,-1.893863260746002,2.4000678634148245,0.01994440969517223,0.4853965948023138,0.5678821802139282,0.18682637810707092,False,False,False,-0.3000753421776555,False
pure,3,16,0,0.3615663335200734,200,-40.512691656708526,0.41277540926785067,82.55508185357013,0.4865954967551094,0.8920017744440921,1,0,1,0.005,0.0,0.005,187,-0.6121770739555359,1.8600232601165771,0.8222672939300537,0.3457508683204651,-0.07892622798681259,0.10000000149011612,0.3042603964267206,0.010312474519641283,0.00018200343936830362,0.010494477959009587,-1.8942294716835022,2.4000679317187887,0.019971013779380077,0.48547980735972784,0.5646021366119385,0.18393906950950623,False,False,False,-0.30438779089431284,False
pure,3,16,0,0.3615663335200734,200,-40.512691656708526,0.41277540926785067,82.55508185357013,0.4865954967551094,0.8920017744440921,1,0,1,0.005,0.0,0.005,188,-0.6200697422027588,1.8700236082077026,0.8222672939300537,0.3457508683204651,-0.07894157618284225,0.10000000149011612,0.3085884158109944,0.010337513645252348,0.0001836569911760245,0.010521170636428372,-1.8945978283882141,2.4000680965730505,0.020026220188462802,0.4855632499438464,0.5612959861755371,0.18106696009635925,False,False,False,-0.3087158197855275,False
pure,3,16,0,0.3615663335200734,200,-40.512691656708526,0.41277540926785067,82.55508185357013,0.4865954967551094,0.8920017744440921,1,0,1,0.005,0.0,0.005,189,-0.6279639005661011,1.8800238370895386,0.8222672939300537,0.3457508683204651,-0.07895710319280624,0.10000000149011612,0.31293112585503696,0.01038565394405692,0.0001869023265605733,0.010572556270617492,-1.8949704766273499,2.4000684135223533,0.020129085974848127,0.4856471211354083,0.5579644441604614,0.17821013927459717,False,False,False,-0.31305853945572015,False
pure,3,16,0,0.3615663335200734,200,-40.512691656708526,0.41277540926785067,82.55508185357013,0.4865954967551094,0.8920017744440921,1,0,1,0.005,0.0,0.005,190,-0.6358596086502075,1.890024185180664,0.8222672939300537,0.3457508683204651,-0.07897301763296127,0.10000000149011612,0.31728828275062476,0.010487637430145821,0.00019380628380078916,0.01068144371394661,-1.8953524231910706,2.4000690849680164,0.020342917486999065,0.48573188329160416,0.5546073913574219,0.17536884546279907,False,False,False,-0.31741570620097553,False
pure,3,16,0,0.3615663335200734,200,-40.512691656708526,0.41277540926785067,82.55508185357013,0.4865954967551094,0.8920017744440921,1,0,1,0.005,0.0,0.005,191,-0.6437568664550781,1.9000244140625,0.8222672939300537,0.3457508683204651,-0.07898890227079391,0.10000000149011612,0.32165938950571005,0.01048253025860671,0.0001938957600438844,0.010676426018650594,-1.8957336544990537,2.4000690513430802,0.020337448608413376,0.4858166226608059,0.5512250661849976,0.1725432574748993,False,False,False,-0.32178682282062954,False
pure,3,16,0,0.3615663335200734,200,-40.512691656708526,0.41277540926785067,82.55508185357013,0.4865954967551094,0.8920017744440921,1,0,1,0.005,0.0,0.005,192,-0.6516557931900024,1.9100247621536255,0.8222672939300537,0.3457508683204651,-0.07900487631559372,0.10000000149011612,0.32604420270030293,0.010507573944780043,0.00019547540607908363,0.010703049350859127,-1.8961170315742493,2.4000692162273727,0.020392744421883213,0.4859015924292304,0.5478173494338989,0.1697336733341217,False,False,False,-0.3261716459095934,False
pure,3,16,0,0.3615663335200734,200,-40.512691656708526,0.41277540926785067,82.55508185357013,0.4865954967551094,0.8920017744440921,1,0,1,0.005,0.0,0.005,193,-0.6595562696456909,1.9200249910354614,0.8222672939300537,0.3457508683204651,-0.07902105897665024,0.10000000149011612,0.33044208854220525,0.010563468134872295,0.00019923011270084047,0.010762698247573135,-1.896505415439606,2.400069584227261,0.02051184065736448,0.48598705843196943,0.5443847179412842,0.16694021224975586,False,False,False,-0.3305695417799772,False
pure,3,16,0,0.3615663335200734,200,-40.512691656708526,0.41277540926785067,82.55508185357013,0.4865954967551094,0.8920017744440921,1,0,1,0.005,0.0,0.005,194,-0.6674583554267883,1.930025339126587,0.8222672939300537,0.3457508683204651,-0.07903748005628586,0.10000000149011612,0.3348528816816234,0.010627215434144755,0.00020364580286806613,0.010830861237012821,-1.8968995213508604,2.4000700039309675,0.020647524053211748,0.48607308978219116,0.5409270524978638,0.16416308283805847,False,False,False,-0.33498034511178965,False
pure,3,16,0,0.3615663335200734,200,-40.512691656708526,0.41277540926785067,82.55508185357013,0.4865954967551094,0.8920017744440921,1,0,1,0.005,0.0,0.005,195,-0.6753621101379395,1.9400255680084229,0.8222672939300537,0.3457508683204651,-0.0790538415312767,0.10000000149011612,0.3392760294677372,0.010614311957921983,0.00020304118865027725,0.01081735314657226,-1.897292196750641,2.4000699189761967,0.020625764300835098,0.486159030466778,0.5374447107315063,0.16140249371528625,False,False,False,-0.33940350304559425,False
pure,3,16,0,0.3615663335200734,200,-40.512691656708526,0.41277540926785067,82.55508185357013,0.4865954967551094,0.8920017744440921,1,0,1,0.005,0.0,0.005,196,-0.6832675337791443,1.9500259160995483,0.8222672939300537,0.3457508683204651,-0.0790705606341362,0.10000000149011612,0.34371130908963055,0.010708428252349694,0.00020913906196582855,0.010917567314315523,-1.8976934552192686,2.400070538625324,0.020823262711269046,0.4862457940614083,0.5339376926422119,0.15865862369537354,False,False,False,-0.3438387930237946,False
pure,3,16,0,0.3615663335200734,200,-40.512691656708526,0.41277540926785067,82.55508185357013,0.4865954967551094,0.8920017744440921,1,0,1,0.005,0.0,0.005,197,-0.6911745667457581,1.9600261449813843,0.8222672939300537,0.3457508683204651,-0.07908730953931808,0.10000000149011612,0.34815832863210106,0.010718731511489813,0.00021020561845925626,0.010928937129949069,-1.898095428943634,2.400070606460607,0.020849683612209836,0.48633266774312583,0.53040611743927,0.15593180060386658,False,False,False,-0.3482858229523745,False
pure,3,16,0,0.3615663335200734,200,-40.512691656708526,0.41277540926785067,82.55508185357013,0.4865954967551094,0.8920017744440921,1,0,1,0.005,0.0,0.005,198,-0.6990833282470703,1.9700264930725098,0.8222672939300537,0.3457508683204651,-0.0791042372584343,0.10000000149011612,0.35261667040055467,0.010766981511264376,0.00021338479221852256,0.010980366303482899,-1.898501694202423,2.4000709241321716,0.020953271276037244,0.4864199730401093,0.5268503427505493,0.15322205424308777,False,False,False,-0.3527441752261467,False
pure,3,16,0,0.3615663335200734,200,-40.512691656708526,0.41277540926785067,82.55508185357013,0.4865954967551094,0.8920017744440921,1,0,1,0.005,0.0,0.005,199,-0.7069936990737915,1.9800267219543457,0.8222672939300537,0.3457508683204651,-0.07912137359380722,0.10000000149011612,0.35708609782866035,0.010823116183728354,0.00021726016014032476,0.01104037634386868,-1.898912966251373,2.400071293715359,0.021073595530147645,0.48650777968815156,0.5232703685760498,0.1505296528339386,False,False,False,-0.3572136132787803,False
pure,3,16,0,0.3615663335200734,200,-40.512691656708526,0.41277540926785067,82.55508185357013,0.4865954967551094,0.8920017744440921,1,0,1,0.005,0.0,0.005,200,-0.714905858039856,1.9900270700454712,0.8222672939300537,0.3457508683204651,-0.07913845032453537,0.10000000149011612,0.3615663335200734,0.010810268522449628,0.00021662128393787252,0.0110268898063875,-1.8993228077888489,2.400071209128066,0.021052096069874085,0.4865954967551094,0.519666314125061,0.1478547751903534,False,False,False,-0.36169385957982014,True
