mode,seed,episode_idx,success,final_distance,length,return,tau_effort,tau_sum_total,energy,target_radius,torque_sat1_count,torque_sat2_count,torque_sat_any_count,torque_sat1_rate,torque_sat2_rate,torque_sat_any_rate,step,theta1,theta2,target_x,target_y,action0,action1,distance,tau1,tau2,tau_sum,omega1,omega2,power,cumulative_energy,tip_x,tip_y,sat1,sat2,sat_any,reward,done
pirl,1,10,0,0.26574270375954406,200,-44.531978663721915,0.36216457240309263,72.43291448061852,0.46932851229363914,0.8762138995886324,1,0,1,0.005,0.0,0.005,0,0.0,0.0,0.7405956387519836,0.46826156973838806,0.0,0.0,0.5353125445273542,0.0,0.0,0.0,0.0,0.0,0.0,0.0,1.0,0.0,False,False,False,0.0,False
pirl,1,10,0,0.26574270375954406,200,-44.531978663721915,0.36216457240309263,72.43291448061852,0.46932851229363914,0.8762138995886324,1,0,1,0.005,0.0,0.005,1,0.0,0.0,0.7405956387519836,0.46826156973838806,0.10000000149011612,0.10000000149011612,0.5247854064680673,20.0,3.1105159320256677,23.110515932025667,1.6857737576570138,2.400000035762787,41.18071350124259,0.17158630625517746,0.9999152421951294,0.012023617513477802,True,False,True,-0.5364820857968378,False
pirl,1,10,0,0.26574270375954406,200,-44.531978663721915,0.36216457240309263,72.43291448061852,0.46932851229363914,0.8762138995886324,1,0,1,0.005,0.0,0.005,2,0.00702405720949173,0.009999999776482582,0.7405956387519836,0.46826156973838806,0.10000000149011612,0.10000000149011612,0.5116351618890133,7.70733011086543,0.5461881733495724,8.253518284215003,2.400000035762787,2.399748214650084,19.808306635571267,0.2541209172367244,0.9995849132537842,0.027018895372748375,False,False,False,-0.5159033423938784,False
pirl,1,10,0,0.26574270375954406,200,-44.531978663721915,0.36216457240309263,72.43291448061852,0.46932851229363914,0.8762138995886324,1,0,1,0.005,0.0,0.005,3,0.017024056985974312,0.019998950883746147,0.7405956387519836,0.46826156973838806,0.10000000149011612,0.10000000149011612,0.4984664900516005,0.012964453801222048,0.003658842271611695,0.01662329607283374,2.4000000357627864,2.39991467952911,0.039895598864300455,0.254287148898659,0.9990047216415405,0.04200625792145729,False,False,False,-0.4986162230623946,False
pirl,1,10,0,0.26574270375954406,200,-44.531978663721915,0.36216457240309263,72.43291448061852,0.46932851229363914,0.8762138995886324,1,0,1,0.005,0.0,0.005,4,0.027024056762456894,0.029998594895005226,0.7405956387519836,0.46826156973838806,0.10000000149011612,0.10000000149011612,0.48528229014919466,0.012838578235293366,0.003532966705674115,0.01637154494096748,2.400000035762787,2.3999155082770383,0.03929140981102116,0.2544508631062049,0.9981749653816223,0.05698089301586151,False,False,False,-0.4854318972844228,False
pirl,1,10,0,0.26574270375954406,200,-44.531978663721915,0.36216457240309263,72.43291448061852,0.46932851229363914,0.8762138995886324,1,0,1,0.005,0.0,0.005,5,0.037024058401584625,0.03999824449419975,0.7405956387519836,0.46826156973838806,0.10000000149011612,0.09234341979026794,0.47242499022838924,0.12694864272398587,0.13625425425359622,0.2632028969775821,2.4000000357627864,2.2163008272235034,0.6066571634925702,0.25697860128742395,0.9971327185630798,0.07155752182006836,False,False,False,-0.4726927067212334,False
pirl,1,10,0,0.26574270375954406,200,-44.531978663721915,0.36216457240309263,72.43291448061852,0.46932851229363914,0.8762138995886324,1,0,1,0.005,0.0,0.005,6,0.04702405631542206,0.04923282936215401,0.7405956387519836,0.46826156973838806,0.10000000149011612,0.0808989405632019,0.4600685183383615,0.19648569339129773,0.205791304920917,0.40227699831221475,2.400000035762787,1.9416655077538845,0.8711435497265972,0.26060836607795146,0.9959220290184021,0.08554564416408539,False,False,False,-0.4603982828115767,False
pirl,1,10,0,0.26574270375954406,200,-44.531978663721915,0.36216457240309263,72.43291448061852,0.46932851229363914,0.8762138995886324,1,0,1,0.005,0.0,0.005,7,0.05702405795454979,0.05732310190796852,0.7405956387519836,0.46826156973838806,0.10000000149011612,0.06905651092529297,0.4482361627416551,0.2041255751544018,0.21343118668401215,0.41755676183841395,2.4000000357627864,1.6574507322069398,0.8436530643158757,0.2641235871792676,0.9945766925811768,0.09892529249191284,False,False,False,-0.4485664680865831,False
pirl,1,10,0,0.26574270375954406,200,-44.531978663721915,0.36216457240309263,72.43291448061852,0.46932851229363914,0.8762138995886324,1,0,1,0.005,0.0,0.005,8,0.06702405959367752,0.06422914564609528,0.7405956387519836,0.46826156973838806,0.10000000149011612,0.05680309236049652,0.43695101753921717,0.2119737559152819,0.22127936744490115,0.43325312336018307,2.400000035762787,1.363372318816169,0.8104231860769788,0.26750035045458836,0.9931298494338989,0.11167684197425842,False,False,False,-0.4372826510245728,False
pirl,1,10,0,0.26574270375954406,200,-44.531978663721915,0.36216457240309263,72.43291448061852,0.46932851229363914,0.8762138995886324,1,0,1,0.005,0.0,0.005,9,0.07702405750751495,0.06990986317396164,0.7405956387519836,0.46826156973838806,0.10000000149011612,0.04412522912025452,0.4262358229291627,0.22005796587783868,0.229363577407449,0.4494215432852877,2.4000000357627864,1.05910734244981,0.7710597748994835,0.27071309951666955,0.9916138052940369,0.1237810030579567,False,False,False,-0.4265698361992055,False
pirl,1,10,0,0.26574270375954406,200,-44.531978663721915,0.36216457240309263,72.43291448061852,0.46932851229363914,0.8762138995886324,1,0,1,0.005,0.0,0.005,10,0.08702405542135239,0.07432281225919724,0.7405956387519836,0.46826156973838806,0.10000000149011612,0.031008973717689514,0.4161130563004372,0.22838531315720154,0.23769092468682074,0.4660762378440223,2.400000035762787,0.7443210667124639,0.7250431223557453,0.27373411252648516,0.9900596141815186,0.1352183222770691,False,False,False,-0.41645079187035466,False
pirl,1,10,0,0.26574270375954406,200,-44.531978663721915,0.36216457240309263,72.43291448061852,0.46932851229363914,0.8762138995886324,1,0,1,0.005,0.0,0.005,11,0.09702406078577042,0.07742415368556976,0.7405956387519836,0.46826156973838806,0.10000000149011612,0.0174398273229599,0.40660488643776704,0.23696382116740125,0.2462694326970116,0.48323325386441285,2.4000000357627864,0.41866552340119434,0.6718177002140591,0.27653335294404374,0.988497257232666,0.14596927165985107,False,False,False,-0.4069480124122573,False
pirl,1,10,0,0.26574270375954406,200,-44.531978663721915,0.36216457240309263,72.43291448061852,0.46932851229363914,0.8762138995886324,1,0,1,0.005,0.0,0.005,12,0.10702405869960785,0.07916858792304993,0.7405956387519836,0.46826156973838806,0.10000000149011612,0.0034028738737106323,0.3977329602865939,0.24579888586819257,0.2551044973978118,0.5009033832660044,2.400000035762787,0.08178272951674886,0.6107804769833067,0.27907827159814086,0.986954927444458,0.15601389110088348,False,False,False,-0.3980834698632777,False
pirl,1,10,0,0.26574270375954406,200,-44.531978663721915,0.36216457240309263,72.43291448061852,0.46932851229363914,0.8762138995886324,1,0,1,0.005,0.0,0.005,13,0.11702405661344528,0.07950935512781143,0.7405956387519836,0.46826156973838806,0.10000000149011612,-0.0111173614859581,0.3895185109790029,0.25489829245534273,0.2642039039849531,0.5191021964402958,2.4000000357627864,-0.26669870787945327,0.6822187508181898,0.28192084972654996,0.9854590892791748,0.16533160209655762,False,False,False,-0.3898786781597721,False
pirl,1,10,0,0.26574270375954406,200,-44.531978663721915,0.36216457240309263,72.43291448061852,0.46932851229363914,0.8762138995886324,1,0,1,0.005,0.0,0.005,14,0.12702405452728271,0.07839810848236084,0.7405956387519836,0.46826156973838806,0.10000000149011612,-0.026136770844459534,0.3819822661945809,0.2642670340359117,0.27357264556553096,0.5378396796014426,2.400000035762787,-0.6271601965985032,0.8058147653139647,0.28527841124869147,0.9840341806411743,0.1739010214805603,False,False,False,-0.3823545452716949,False
pirl,1,10,0,0.26574270375954406,200,-44.531978663721915,0.36216457240309263,72.43291448061852,0.46932851229363914,0.8762138995886324,1,0,1,0.005,0.0,0.005,15,0.13702405989170074,0.07578493654727936,0.7405956387519836,0.46826156973838806,0.10000000149011612,-0.04167169705033302,0.37514429706611163,0.27391048932665696,0.2832161008562673,0.5571265901829243,2.4000000357627864,-0.9999939625160572,0.9405995751233851,0.2891975761450389,0.9827021360397339,0.1816997230052948,False,False,False,-0.3755311956326808,False
pirl,1,10,0,0.26574270375954406,200,-44.531978663721915,0.36216457240309263,72.43291448061852,0.46932851229363914,0.8762138995886324,1,0,1,0.005,0.0,0.005,16,0.14702406525611877,0.07161829620599747,0.7405956387519836,0.46826156973838806,0.10000000149011612,-0.05773882940411568,0.36902397127556613,0.28383189077130716,0.2931375023009264,0.5769693930722335,2.400000035762787,-1.38560054734902,1.0873680316384449,0.2937282762768657,0.9814821481704712,0.18870408833026886,False,False,False,-0.36942792793121637,False
pirl,1,10,0,0.26574270375954406,200,-44.531978663721915,0.36216457240309263,72.43291448061852,0.46932851229363914,0.8762138995886324,1,0,1,0.005,0.0,0.005,17,0.1570240557193756,0.06584496051073074,0.7405956387519836,0.46826156973838806,0.10000000149011612,-0.07435524463653564,0.36364013985179955,0.2940349592554271,0.3033405707850375,0.5973755300404646,2.4000000357627864,-1.7843897909128295,1.246961730407026,0.29892395015356166,0.9803905487060547,0.19488900899887085,False,False,False,-0.36406344183320705,False
pirl,1,10,0,0.26574270375954406,200,-44.531978663721915,0.36216457240309263,72.43291448061852,0.46932851229363914,0.8762138995886324,1,0,1,0.005,0.0,0.005,18,0.16702406108379364,0.058410003781318665,0.7405956387519836,0.46826156973838806,0.10000000149011612,-0.091538205742836,0.35901064366280827,0.304519465876577,0.31382507740619625,0.6183445432827732,2.400000035762787,-2.196776005199255,1.4202501288699805,0.30484165902385324,0.9794398546218872,0.20022782683372498,False,False,False,-0.3594553860135379,False
pirl,1,10,0,0.26574270375954406,200,-44.531978663721915,0.36216457240309263,72.43291448061852,0.46932851229363914,0.8762138995886324,1,0,1,0.005,0.0,0.005,19,0.17702406644821167,0.04925677180290222,0.7405956387519836,0.46826156973838806,0.10000000149011612,-0.10000000149011612,0.35474659632832445,0.14532742584804184,0.15463303737765222,0.29996046322569403,2.4000000357627864,-2.399932777743324,0.7198947221572503,0.3078412203661751,0.9785346984863281,0.20514532923698425,False,False,False,-0.35503799792269497,False
pirl,1,10,0,0.26574270375954406,200,-44.531978663721915,0.36216457240309263,72.43291448061852,0.46932851229363914,0.8762138995886324,1,0,1,0.005,0.0,0.005,20,0.1870240569114685,0.03925705328583717,0.7405956387519836,0.46826156973838806,0.10000000149011612,-0.10000000149011612,0.350475858307853,0.009208261475505254,9.735005412289586e-05,0.00930561152962815,2.4000000357627878,-2.4000606617274673,0.022333473905843112,0.3079342765074495,0.9775804877281189,0.21005329489707947,False,False,False,-0.3506219324763755,False
pirl,1,10,0,0.26574270375954406,200,-44.531978663721915,0.36216457240309263,72.43291448061852,0.46932851229363914,0.8762138995886324,1,0,1,0.005,0.0,0.005,21,0.19702406227588654,0.029256800189614296,0.7405956387519836,0.46826156973838806,0.10000000149011612,-0.10000000149011612,0.3461984188949706,0.009305118358604626,4.931710057282581e-07,0.009305611529610354,2.4000000357627873,-2.4000612994202606,0.022333468034072917,0.30802733262425813,0.9765772819519043,0.21495145559310913,False,False,False,-0.3463444930634931,False
pirl,1,10,0,0.26574270375954406,200,-44.531978663721915,0.36216457240309263,72.43291448061852,0.46932851229363914,0.8762138995886324,1,0,1,0.005,0.0,0.005,22,0.20702406764030457,0.01925654336810112,0.7405956387519836,0.46826156973838806,0.10000000149011612,-0.10000000149011612,0.34191439138523827,0.009305601334913486,1.0194687967653214e-08,0.009305611529601453,2.400000035762786,-2.400061302600111,0.02233346800446268,0.3081203887409434,0.9755251407623291,0.21983937919139862,False,False,False,-0.34206046555376074,False
pirl,1,10,0,0.26574270375954406,200,-44.531978663721915,0.36216457240309263,72.43291448061852,0.46932851229363914,0.8762138995886324,1,0,1,0.005,0.0,0.005,23,0.2170240581035614,0.009256288409233093,0.7405956387519836,0.46826156973838806,0.10000000149011612,-0.10000000149011612,0.3376239983572402,0.00930560374329957,7.786328579169484e-09,0.009305611529628149,2.4000000357627873,-2.4000613026159683,0.022333468004379207,0.3082134448576283,0.9744241237640381,0.22471648454666138,False,False,False,-0.33777007252576274,False
pirl,1,10,0,0.26574270375954406,200,-44.531978663721915,0.36216457240309263,72.43291448061852,0.46932851229363914,0.8762138995886324,1,0,1,0.005,0.0,0.005,24,0.22702406346797943,-0.0007439669570885599,0.7405956387519836,0.46826156973838806,0.10000000149011612,-0.10000000149011612,0.33332743772411455,0.009305603755300224,7.77431902820267e-09,0.009305611529619253,2.4000000357627878,-2.400061302616047,0.02233346800435712,0.3083065009743131,0.9732744097709656,0.22958233952522278,False,False,False,-0.333473511892637,False
pirl,1,10,0,0.26574270375954406,200,-44.531978663721915,0.36216457240309263,72.43291448061852,0.46932851229363914,0.8762138995886324,1,0,1,0.005,0.0,0.005,25,0.23702405393123627,-0.010744222439825535,0.7405956387519836,0.46826156973838806,0.10000000149011612,-0.10000000149011612,0.329024860021537,0.009305603755350575,7.774259777400976e-09,0.009305611529610352,2.4000000357627873,-2.400061302616047,0.022333468004335753,0.30839955709099787,0.9720760583877563,0.23443646728992462,False,False,False,-0.3291709341900595,False
pirl,1,10,0,0.26574270375954406,200,-44.531978663721915,0.36216457240309263,72.43291448061852,0.46932851229363914,0.8762138995886324,1,0,1,0.005,0.0,0.005,26,0.2470240592956543,-0.020744478330016136,0.7405956387519836,0.46826156973838806,0.10000000149011612,-0.10000000149011612,0.32471653341753315,0.009305603755341047,7.774260405865542e-09,0.009305611529601453,2.400000035762786,-2.400061302616047,0.022333468004314384,0.3084926132076825,0.9708293080329895,0.2392784059047699,False,False,False,-0.3248626075860556,False
pirl,1,10,0,0.26574270375954406,200,-44.531978663721915,0.36216457240309263,72.43291448061852,0.46932851229363914,0.8762138995886324,1,0,1,0.005,0.0,0.005,27,0.25702404975891113,-0.030744733288884163,0.7405956387519836,0.46826156973838806,0.10000000149011612,-0.10000000149011612,0.3204026449530493,0.009305603755369629,7.774258520675133e-09,0.009305611529628149,2.4000000357627873,-2.400061302616047,0.02233346800437847,0.30858566932436743,0.969534158706665,0.24410757422447205,False,False,False,-0.32054871912157185,False
pirl,1,10,0,0.26574270375954406,200,-44.531978663721915,0.36216457240309263,72.43291448061852,0.46932851229363914,0.8762138995886324,1,0,1,0.005,0.0,0.005,28,0.26702407002449036,-0.04074499011039734,0.7405956387519836,0.46826156973838806,0.10000000149011612,-0.10000000149011612,0.3160833844700595,0.009305603755350575,7.774259777400976e-09,0.009305611529610352,2.400000035762787,-2.400061302616047,0.02233346800433575,0.3086787254410522,0.9681907892227173,0.24892356991767883,False,False,False,-0.316229458638582,False
pirl,1,10,0,0.26574270375954406,200,-44.531978663721915,0.36216457240309263,72.43291448061852,0.46932851229363914,0.8762138995886324,1,0,1,0.005,0.0,0.005,29,0.2770240604877472,-0.050745245069265366,0.7405956387519836,0.46826156973838806,0.10000000149011612,-0.10000000149011612,0.31175897670244146,0.009305603755350573,7.774259777400976e-09,0.00930561152961035,2.4000000357627864,-2.400061302616047,0.022333468004335742,0.30877178155773694,0.9667993187904358,0.25372588634490967,False,False,False,-0.31190505087096393,False
pirl,1,10,0,0.26574270375954406,200,-44.531978663721915,0.36216457240309263,72.43291448061852,0.46932851229363914,0.8762138995886324,1,0,1,0.005,0.0,0.005,30,0.28702405095100403,-0.06074550002813339,0.7405956387519836,0.46826156973838806,0.10000000149011612,-0.10000000149011612,0.3074296522561592,0.009305603755360105,7.774259148834767e-09,0.009305611529619255,2.400000035762787,-2.400061302616047,0.022333468004357118,0.30886483767442174,0.9653599262237549,0.25851407647132874,False,False,False,-0.3075757264246817,False
pirl,1,10,0,0.26574270375954406,200,-44.531978663721915,0.36216457240309263,72.43291448061852,0.46932851229363914,0.8762138995886324,1,0,1,0.005,0.0,0.005,31,0.29702407121658325,-0.07074575126171112,0.7405956387519836,0.46826156973838806,0.10000000149011612,-0.10000000149011612,0.3030956203892313,0.009305603755350575,7.774259777400976e-09,0.009305611529610352,2.4000000357627864,-2.400061302616047,0.022333468004335746,0.3089578937911065,0.9638726711273193,0.26328760385513306,False,False,False,-0.3032416945577538,False
pirl,1,10,0,0.26574270375954406,200,-44.531978663721915,0.36216457240309263,72.43291448061852,0.46932851229363914,0.8762138995886324,1,0,1,0.005,0.0,0.005,32,0.3070240616798401,-0.08074600994586945,0.7405956387519836,0.46826156973838806,0.10000000149011612,-0.10000000149011612,0.2987571447600268,0.009305603755360102,7.774259148834767e-09,0.009305611529619251,2.400000035762787,-2.400061302616047,0.02233346800435711,0.3090509499077913,0.9623377919197083,0.2680460512638092,False,False,False,-0.29890321892854926,False
pirl,1,10,0,0.26574270375954406,200,-44.531978663721915,0.36216457240309263,72.43291448061852,0.46932851229363914,0.8762138995886324,1,0,1,0.005,0.0,0.005,33,0.3170240521430969,-0.09074626863002777,0.7405956387519836,0.46826156973838806,0.10000000149011612,-0.10000000149011612,0.2944144433084235,0.009305603755350575,7.774259777604264e-09,0.009305611529610352,2.4000000357627864,-2.400061302616047,0.02233346800433575,0.30914400602447606,0.9607553482055664,0.2727888822555542,False,False,False,-0.29456051747694595,False
pirl,1,10,0,0.26574270375954406,200,-44.531978663721915,0.36216457240309263,72.43291448061852,0.46932851229363914,0.8762138995886324,1,0,1,0.005,0.0,0.005,34,0.32702407240867615,-0.1007465198636055,0.7405956387519836,0.46826156973838806,0.10000000149011612,-0.10000000149011612,0.29006785715779826,0.009305603755360102,7.774259149038055e-09,0.009305611529619251,2.400000035762787,-2.400061302616047,0.02233346800435711,0.30923706214116087,0.9591256380081177,0.2775156497955322,False,False,False,-0.29021393132632073,False
pirl,1,10,0,0.26574270375954406,200,-44.531978663721915,0.36216457240309263,72.43291448061852,0.46932851229363914,0.8762138995886324,1,0,1,0.005,0.0,0.005,35,0.337024062871933,-0.11074677854776382,0.7405956387519836,0.46826156973838806,0.10000000149011612,-0.10000000149011612,0.2857175763067945,0.009305603755350575,7.774259777400976e-09,0.009305611529610352,2.4000000357627864,-2.400061302616047,0.022333468004335746,0.3093301182578456,0.9574487209320068,0.2822258770465851,False,False,False,-0.285863650475317,False
pirl,1,10,0,0.26574270375954406,200,-44.531978663721915,0.36216457240309263,72.43291448061852,0.46932851229363914,0.8762138995886324,1,0,1,0.005,0.0,0.005,36,0.3470240533351898,-0.12074702978134155,0.7405956387519836,0.46826156973838806,0.10000000149011612,-0.10000000149011612,0.28136382201074916,0.009305603755360105,7.774259149038055e-09,0.009305611529619255,2.400000035762787,-2.400061302616047,0.022333468004357118,0.30942317437453043,0.9557247161865234,0.28691911697387695,False,False,False,-0.28150989617927163,False
pirl,1,10,0,0.26574270375954406,200,-44.531978663721915,0.36216457240309263,72.43291448061852,0.46932851229363914,0.8762138995886324,1,0,1,0.005,0.0,0.005,37,0.35702407360076904,-0.13074728846549988,0.7405956387519836,0.46826156973838806,0.10000000149011612,-0.10000000149011612,0.27700702580311126,0.009305603755350573,7.774259777400976e-09,0.00930561152961035,2.4000000357627864,-2.400061302616047,0.022333468004335742,0.3095162304912152,0.9539539813995361,0.29159489274024963,False,False,False,-0.27715309997163373,False
pirl,1,10,0,0.26574270375954406,200,-44.531978663721915,0.36216457240309263,72.43291448061852,0.46932851229363914,0.8762138995886324,1,0,1,0.005,0.0,0.005,38,0.3670240640640259,-0.1407475471496582,0.7405956387519836,0.46826156973838806,0.10000000149011612,-0.10000000149011612,0.27264730841256274,0.009305603755360107,7.774259148834767e-09,0.009305611529619257,2.400000035762787,-2.400061302616047,0.02233346800435712,0.3096092866079,0.9521364569664001,0.2962527275085449,False,False,False,-0.2727933825810852,False
pirl,1,10,0,0.26574270375954406,200,-44.531978663721915,0.36216457240309263,72.43291448061852,0.46932851229363914,0.8762138995886324,1,0,1,0.005,0.0,0.005,39,0.3770240545272827,-0.15074779093265533,0.7405956387519836,0.46826156973838806,0.10000000149011612,-0.10000000149011612,0.26828513949219013,0.009305603755350575,7.774259777604264e-09,0.009305611529610352,2.4000000357627864,-2.400061302616047,0.02233346800433575,0.30970234272458474,0.9502725005149841,0.3008921146392822,False,False,False,-0.2684312136607126,False
pirl,1,10,0,0.26574270375954406,200,-44.531978663721915,0.36216457240309263,72.43291448061852,0.46932851229363914,0.8762138995886324,1,0,1,0.005,0.0,0.005,40,0.38702407479286194,-0.16074804961681366,0.7405956387519836,0.46826156973838806,0.10000000149011612,-0.10000000149011612,0.26392072279186013,0.009305603755358756,7.774260494600714e-09,0.00930561152961925,2.400000035762787,-2.4000613026160487,0.022333468004357107,0.30979539884126955,0.9483622312545776,0.3055126965045929,False,False,False,-0.2640667969603826,False
pirl,1,10,0,0.26574270375954406,200,-44.531978663721915,0.36216457240309263,72.43291448061852,0.46932851229363914,0.8762138995886324,1,0,1,0.005,0.0,0.005,41,0.3970240652561188,-0.17074830830097198,0.7405956387519836,0.46826156973838806,0.10000000149011612,-0.10000000149011612,0.2595544972341737,0.009305603755351922,7.774258431838318e-09,0.009305611529610354,2.4000000357627864,-2.400061302616047,0.022333468004335753,0.3098884549579543,0.9464058876037598,0.31011390686035156,False,False,False,-0.25970057140269615,False
pirl,1,10,0,0.26574270375954406,200,-44.531978663721915,0.36216457240309263,72.43291448061852,0.46932851229363914,0.8762138995886324,1,0,1,0.005,0.0,0.005,42,0.4070240557193756,-0.1807485669851303,0.7405956387519836,0.46826156973838806,0.10000000149011612,-0.10000000149011612,0.255186728075034,0.009305603755379156,7.774257892312212e-09,0.009305611529637048,2.4000000357627886,-2.4000613026160473,0.022333468004399837,0.3099815110746393,0.9444035887718201,0.3146953284740448,False,False,False,-0.25533280224355653,False
pirl,1,10,0,0.26574270375954406,200,-44.531978663721915,0.36216457240309263,72.43291448061852,0.46932851229363914,0.8762138995886324,1,0,1,0.005,0.0,0.005,43,0.41702407598495483,-0.19074882566928864,0.7405956387519836,0.46826156973838806,0.10000000149011612,-0.10000000149011612,0.25081789160022855,0.009305603755331524,7.77426103412682e-09,0.009305611529592557,2.4000000357627864,-2.4000613026160473,0.022333468004293044,0.3100745671913238,0.9423556327819824,0.319256454706192,False,False,False,-0.250963965768751,False
pirl,1,10,0,0.26574270375954406,200,-44.531978663721915,0.36216457240309263,72.43291448061852,0.46932851229363914,0.8762138995886324,1,0,1,0.005,0.0,0.005,44,0.42702406644821167,-0.20074906945228577,0.7405956387519836,0.46826156973838806,0.10000000149011612,-0.10000000149011612,0.24644820034514145,0.009305603755359429,7.774259821819384e-09,0.00930561152961925,2.400000035762787,-2.400061302616048,0.022333468004357107,0.3101676233080086,0.9402620792388916,0.32379692792892456,False,False,False,-0.24659427451366395,False
pirl,1,10,0,0.26574270375954406,200,-44.531978663721915,0.36216457240309263,72.43291448061852,0.46932851229363914,0.8762138995886324,1,0,1,0.005,0.0,0.005,45,0.4370240569114685,-0.2107493281364441,0.7405956387519836,0.46826156973838806,0.10000000149011612,-0.10000000149011612,0.2420782136217827,0.009305603755351255,7.77425910441636e-09,0.009305611529610359,2.4000000357627864,-2.4000613026160473,0.022333468004335763,0.3102606794246934,0.9381232857704163,0.32831624150276184,False,False,False,-0.2422242877903052,False
pirl,1,10,0,0.26574270375954406,200,-44.531978663721915,0.36216457240309263,72.43291448061852,0.46932851229363914,0.8762138995886324,1,0,1,0.005,0.0,0.005,46,0.44702407717704773,-0.22074958682060242,0.7405956387519836,0.46826156973838806,0.10000000149011612,-0.10000000149011612,0.2377082501045298,0.009305603755360778,7.774258476256725e-09,0.009305611529619255,2.400000035762787,-2.4000613026160464,0.022333468004357118,0.3103537355413782,0.9359393119812012,0.33281391859054565,False,False,False,-0.2378543242730523,False
pirl,1,10,0,0.26574270375954406,200,-44.531978663721915,0.36216457240309263,72.43291448061852,0.46932851229363914,0.8762138995886324,1,0,1,0.005,0.0,0.005,47,0.45702406764030457,-0.23074984550476074,0.7405956387519836,0.46826156973838806,0.10000000149011612,-0.10000000149011612,0.2333388913367932,0.009305603755349902,7.77426045028395e-09,0.009305611529610352,2.4000000357627864,-2.4000613026160473,0.022333468004335746,0.31044679165806294,0.9337105751037598,0.33728957176208496,False,False,False,-0.2334849655053157,False
pirl,1,10,0,0.26574270375954406,200,-44.531978663721915,0.36216457240309263,72.43291448061852,0.46932851229363914,0.8762138995886324,1,0,1,0.005,0.0,0.005,48,0.4670240581035614,-0.24075010418891907,0.7405956387519836,0.46826156973838806,0.10000000149011612,-0.10000000149011612,0.228970550139681,0.009305603755359432,7.77425982171774e-09,0.009305611529619253,2.400000035762787,-2.400061302616048,0.022333468004357114,0.31053984777474775,0.9314371347427368,0.3417426347732544,False,False,False,-0.2291166243082035,False
pirl,1,10,0,0.26574270375954406,200,-44.531978663721915,0.36216457240309263,72.43291448061852,0.46932851229363914,0.8762138995886324,1,0,1,0.005,0.0,0.005,49,0.4770240783691406,-0.2507503628730774,0.7405956387519836,0.46826156973838806,0.10000000149011612,-0.10000000149011612,0.22460376189080353,0.009305603755351248,7.774259104822935e-09,0.009305611529610352,2.4000000357627864,-2.4000613026160473,0.02233346800433575,0.3106329038914325,0.929119348526001,0.3461728096008301,False,False,False,-0.22474983605932602,False
pirl,1,10,0,0.26574270375954406,200,-44.531978663721915,0.36216457240309263,72.43291448061852,0.46932851229363914,0.8762138995886324,1,0,1,0.005,0.0,0.005,50,0.48702406883239746,-0.2607506215572357,0.7405956387519836,0.46826156973838806,0.10000000149011612,-0.10000000149011612,0.22023902524198236,0.009305603755360102,7.774259148834767e-09,0.009305611529619251,2.400000035762787,-2.4000613026160473,0.02233346800435711,0.3107259600081173,0.9267573356628418,0.35057955980300903,False,False,False,-0.22038509941050485,False
pirl,1,10,0,0.26574270375954406,200,-44.531978663721915,0.36216457240309263,72.43291448061852,0.46932851229363914,0.8762138995886324,1,0,1,0.005,0.0,0.005,51,0.4970240592956543,-0.27075085043907166,0.7405956387519836,0.46826156973838806,0.10000000149011612,-0.10000000149011612,0.21587690375174412,0.009305603755350575,7.774259777604264e-09,0.009305611529610352,2.4000000357627864,-2.4000613026160473,0.02233346800433575,0.31081901612480206,0.9243513345718384,0.35496246814727783,False,False,False,-0.21602297792026662,False
pirl,1,10,0,0.26574270375954406,200,-44.531978663721915,0.36216457240309263,72.43291448061852,0.46932851229363914,0.8762138995886324,1,0,1,0.005,0.0,0.005,52,0.5070240497589111,-0.28075110912323,0.7405956387519836,0.46826156973838806,0.10000000149011612,-0.10000000149011612,0.21151811499663906,0.009305603755360105,7.774259148834767e-09,0.009305611529619255,2.400000035762787,-2.4000613026160473,0.022333468004357118,0.31091207224148687,0.9219017028808594,0.35932108759880066,False,False,False,-0.21166418916516155,False
pirl,1,10,0,0.26574270375954406,200,-44.531978663721915,0.36216457240309263,72.43291448061852,0.46932851229363914,0.8762138995886324,1,0,1,0.005,0.0,0.005,53,0.517024040222168,-0.2907513678073883,0.7405956387519836,0.46826156973838806,0.10000000149011612,-0.10000000149011612,0.20716321263504012,0.009305603755350575,7.774259777604264e-09,0.009305611529610352,2.4000000357627864,-2.4000613026160473,0.02233346800433575,0.3110051283581716,0.9194085597991943,0.3636549711227417,False,False,False,-0.20730928680356261,False
pirl,1,10,0,0.26574270375954406,200,-44.531978663721915,0.36216457240309263,72.43291448061852,0.46932851229363914,0.8762138995886324,1,0,1,0.005,0.0,0.005,54,0.5270240902900696,-0.30075162649154663,0.7405956387519836,0.46826156973838806,0.10000000149011612,-0.10000000149011612,0.20281290180459716,0.009305603755360102,7.774259148834767e-09,0.009305611529619251,2.400000035762787,-2.4000613026160473,0.02233346800435711,0.31109818447485643,0.9168722033500671,0.3679637610912323,False,False,False,-0.20295897597311965,False
pirl,1,10,0,0.26574270375954406,200,-44.531978663721915,0.36216457240309263,72.43291448061852,0.46932851229363914,0.8762138995886324,1,0,1,0.005,0.0,0.005,55,0.5370240807533264,-0.31075188517570496,0.7405956387519836,0.46826156973838806,0.10000000149011612,-0.10000000149011612,0.19846794617932229,0.009305603755350575,7.774259777604264e-09,0.009305611529610352,2.4000000357627864,-2.4000613026160473,0.02233346800433575,0.3111912405915412,0.9142928719520569,0.37224698066711426,False,False,False,-0.19861402034784478,False
pirl,1,10,0,0.26574270375954406,200,-44.531978663721915,0.36216457240309263,72.43291448061852,0.46932851229363914,0.8762138995886324,1,0,1,0.005,0.0,0.005,56,0.5470240712165833,-0.3207521438598633,0.7405956387519836,0.46826156973838806,0.10000000149011612,-0.10000000149011612,0.1941292137966536,0.009305603755360105,7.774259148834767e-09,0.009305611529619255,2.400000035762787,-2.4000613026160473,0.022333468004357118,0.311284296708226,0.9116708636283875,0.37650415301322937,False,False,False,-0.1942752879651761,False
pirl,1,10,0,0.26574270375954406,200,-44.531978663721915,0.36216457240309263,72.43291448061852,0.46932851229363914,0.8762138995886324,1,0,1,0.005,0.0,0.005,57,0.5570240616798401,-0.3307524025440216,0.7405956387519836,0.46826156973838806,0.10000000149011612,-0.10000000149011612,0.18979753765504345,0.009305603755350575,7.774259777400976e-09,0.009305611529610352,2.4000000357627864,-2.4000613026160473,0.022333468004335746,0.31137735282491075,0.9090064167976379,0.3807348906993866,False,False,False,-0.18994361182356595,False
pirl,1,10,0,0.26574270375954406,200,-44.531978663721915,0.36216457240309263,72.43291448061852,0.46932851229363914,0.8762138995886324,1,0,1,0.005,0.0,0.005,58,0.5670240521430969,-0.34075266122817993,0.7405956387519836,0.46826156973838806,0.10000000149011612,-0.10000000149011612,0.18547383259716854,0.009305603755360107,7.774259148834767e-09,0.009305611529619257,2.400000035762787,-2.4000613026160473,0.02233346800435712,0.31147040894159556,0.9062997698783875,0.3849387764930725,False,False,False,-0.18561990676569104,False
pirl,1,10,0,0.26574270375954406,200,-44.531978663721915,0.36216457240309263,72.43291448061852,0.46932851229363914,0.8762138995886324,1,0,1,0.005,0.0,0.005,59,0.5770240426063538,-0.35075291991233826,0.7405956387519836,0.46826156973838806,0.10000000149011612,-0.10000000149011612,0.1811591418853809,0.009305603755350575,7.774259777400976e-09,0.009305611529610352,2.4000000357627864,-2.4000613026160473,0.022333468004335746,0.3115634650582803,0.9035512208938599,0.3891153931617737,False,False,False,-0.1813052160539034,False
pirl,1,10,0,0.26574270375954406,200,-44.531978663721915,0.36216457240309263,72.43291448061852,0.46932851229363914,0.8762138995886324,1,0,1,0.005,0.0,0.005,60,0.5870240926742554,-0.3607531487941742,0.7405956387519836,0.46826156973838806,0.10000000149011612,-0.10000000149011612,0.17685460642213147,0.009305603755360105,7.774259148834767e-09,0.009305611529619255,2.400000035762787,-2.4000613026160473,0.022333468004357118,0.3116565211749651,0.900761067867279,0.3932642936706543,False,False,False,-0.17700068059065396,False
pirl,1,10,0,0.26574270375954406,200,-44.531978663721915,0.36216457240309263,72.43291448061852,0.46932851229363914,0.8762138995886324,1,0,1,0.005,0.0,0.005,61,0.5970240831375122,-0.3707534074783325,0.7405956387519836,0.46826156973838806,0.10000000149011612,-0.10000000149011612,0.17256136939680355,0.009305603755350576,7.774259777400976e-09,0.009305611529610354,2.4000000357627864,-2.4000613026160473,0.02233346800433575,0.31174957729164987,0.8979295492172241,0.3973851203918457,False,False,False,-0.17270744356532605,False
pirl,1,10,0,0.26574270375954406,200,-44.531978663721915,0.36216457240309263,72.43291448061852,0.46932851229363914,0.8762138995886324,1,0,1,0.005,0.0,0.005,62,0.607024073600769,-0.38075366616249084,0.7405956387519836,0.46826156973838806,0.10000000149011612,-0.10000000149011612,0.1682807721998975,0.009305603755360105,7.774259149038055e-09,0.009305611529619255,2.400000035762787,-2.4000613026160473,0.022333468004357118,0.3118426334083347,0.895056962966919,0.4014774262905121,False,False,False,-0.16842684636842,False
pirl,1,10,0,0.26574270375954406,200,-44.531978663721915,0.36216457240309263,72.43291448061852,0.46932851229363914,0.8762138995886324,1,0,1,0.005,0.0,0.005,63,0.6170240640640259,-0.39075392484664917,0.7405956387519836,0.46826156973838806,0.10000000149011612,-0.10000000149011612,0.16401426236283195,0.009305603755350575,7.774259777400976e-09,0.009305611529610352,2.4000000357627864,-2.4000613026160473,0.022333468004335746,0.31193568952501943,0.8921436071395874,0.40554079413414,False,False,False,-0.16416033653135445,False
pirl,1,10,0,0.26574270375954406,200,-44.531978663721915,0.36216457240309263,72.43291448061852,0.46932851229363914,0.8762138995886324,1,0,1,0.005,0.0,0.005,64,0.6270240545272827,-0.4007541835308075,0.7405956387519836,0.46826156973838806,0.10000000149011612,-0.10000000149011612,0.1597633658750419,0.009305603755360778,7.774258476256725e-09,0.009305611529619255,2.400000035762787,-2.4000613026160464,0.022333468004357118,0.31202874564170424,0.8891897201538086,0.40957480669021606,False,False,False,-0.1599094400435644,False
pirl,1,10,0,0.26574270375954406,200,-44.531978663721915,0.36216457240309263,72.43291448061852,0.46932851229363914,0.8762138995886324,1,0,1,0.005,0.0,0.005,65,0.6370240449905396,-0.4107544422149658,0.7405956387519836,0.46826156973838806,0.10000000149011612,-0.10000000149011612,0.15552984866642114,0.009305603755351248,7.774259104822935e-09,0.009305611529610352,2.4000000357627864,-2.4000613026160456,0.02233346800433575,0.312121801758389,0.8861956596374512,0.4135791063308716,False,False,False,-0.15567592283494364,False
pirl,1,10,0,0.26574270375954406,200,-44.531978663721915,0.36216457240309263,72.43291448061852,0.46932851229363914,0.8762138995886324,1,0,1,0.005,0.0,0.005,66,0.6470240950584412,-0.42075470089912415,0.7405956387519836,0.46826156973838806,0.10000000149011612,-0.10000000149011612,0.1513156820456495,0.009305603755358762,7.774260494600714e-09,0.009305611529619257,2.400000035762787,-2.4000613026160473,0.022333468004357124,0.3122148578750738,0.8831617832183838,0.41755324602127075,False,False,False,-0.151461756214172,False
pirl,1,10,0,0.26574270375954406,200,-44.531978663721915,0.36216457240309263,72.43291448061852,0.46932851229363914,0.8762138995886324,1,0,1,0.005,0.0,0.005,67,0.657024085521698,-0.43075495958328247,0.7405956387519836,0.46826156973838806,0.10000000149011612,-0.10000000149011612,0.14712278412800558,0.00930560375535058,7.774259777400976e-09,0.009305611529610357,2.4000000357627864,-2.4000613026160473,0.02233346800433576,0.31230791399175856,0.880088210105896,0.42149683833122253,False,False,False,-0.14726885829652808,False
pirl,1,10,0,0.26574270375954406,200,-44.531978663721915,0.36216457240309263,72.43291448061852,0.46932851229363914,0.8762138995886324,1,0,1,0.005,0.0,0.005,68,0.6670240759849548,-0.4407552182674408,0.7405956387519836,0.46826156973838806,0.10000000149011612,-0.10000000149011612,0.14295362985120164,0.009305603755360105,7.774259149038055e-09,0.009305611529619255,2.400000035762787,-2.4000613026160473,0.022333468004357118,0.31240097010844337,0.876975417137146,0.4254094958305359,False,False,False,-0.14309970401972413,False
pirl,1,10,0,0.26574270375954406,200,-44.531978663721915,0.36216457240309263,72.43291448061852,0.46932851229363914,0.8762138995886324,1,0,1,0.005,0.0,0.005,69,0.6770240664482117,-0.45075544714927673,0.7405956387519836,0.46826156973838806,0.10000000149011612,-0.10000000149011612,0.13881070211630958,0.009305603755350576,7.774259777400976e-09,0.009305611529610354,2.4000000357627864,-2.4000613026160473,0.02233346800433575,0.3124940262251281,0.8738236427307129,0.42929089069366455,False,False,False,-0.13895677628483208,False
pirl,1,10,0,0.26574270375954406,200,-44.531978663721915,0.36216457240309263,72.43291448061852,0.46932851229363914,0.8762138995886324,1,0,1,0.005,0.0,0.005,70,0.6870240569114685,-0.46075570583343506,0.7405956387519836,0.46826156973838806,0.10000000149011612,-0.10000000149011612,0.13469687456138982,0.009305603755360105,7.774259148834767e-09,0.009305611529619255,2.400000035762787,-2.4000613026160473,0.022333468004357118,0.3125870823418129,0.8706331849098206,0.43314051628112793,False,False,False,-0.13484294872991232,False
pirl,1,10,0,0.26574270375954406,200,-44.531978663721915,0.36216457240309263,72.43291448061852,0.46932851229363914,0.8762138995886324,1,0,1,0.005,0.0,0.005,71,0.6970240473747253,-0.4707559645175934,0.7405956387519836,0.46826156973838806,0.10000000149011612,-0.10000000149011612,0.13061534827095447,0.009305603755350575,7.774259777604264e-09,0.009305611529610352,2.4000000357627864,-2.4000613026160473,0.02233346800433575,0.3126801384584977,0.8674044013023376,0.43695804476737976,False,False,False,-0.13076142243947697,False
pirl,1,10,0,0.26574270375954406,200,-44.531978663721915,0.36216457240309263,72.43291448061852,0.46932851229363914,0.8762138995886324,1,0,1,0.005,0.0,0.005,72,0.707024097442627,-0.4807562232017517,0.7405956387519836,0.46826156973838806,0.10000000149011612,-0.10000000149011612,0.12656971025999134,0.009305603755360105,7.774259148834767e-09,0.009305611529619255,2.400000035762787,-2.4000613026160473,0.022333468004357118,0.3127731945751825,0.8641376495361328,0.440743088722229,False,False,False,-0.12671578442851383,False
pirl,1,10,0,0.26574270375954406,200,-44.531978663721915,0.36216457240309263,72.43291448061852,0.46932851229363914,0.8762138995886324,1,0,1,0.005,0.0,0.005,73,0.7170240879058838,-0.49075648188591003,0.7405956387519836,0.46826156973838806,0.10000000149011612,-0.10000000149011612,0.1225637797891012,0.009305603755350575,7.774259777400976e-09,0.009305611529610352,2.4000000357627864,-2.4000613026160473,0.022333468004335746,0.31286625069186724,0.8608331084251404,0.4444953203201294,False,False,False,-0.1227098539576237,False
pirl,1,10,0,0.26574270375954406,200,-44.531978663721915,0.36216457240309263,72.43291448061852,0.46932851229363914,0.8762138995886324,1,0,1,0.005,0.0,0.005,74,0.7270240783691406,-0.5007567405700684,0.7405956387519836,0.46826156973838806,0.10000000149011612,-0.10000000149011612,0.11860216539578433,0.009305603755360105,7.774259148834767e-09,0.009305611529619255,2.400000035762787,-2.4000613026160473,0.022333468004357118,0.31295930680855205,0.8574912548065186,0.4482143223285675,False,False,False,-0.11874823956430683,False
pirl,1,10,0,0.26574270375954406,200,-44.531978663721915,0.36216457240309263,72.43291448061852,0.46932851229363914,0.8762138995886324,1,0,1,0.005,0.0,0.005,75,0.7370240688323975,-0.5107569694519043,0.7405956387519836,0.46826156973838806,0.10000000149011612,-0.10000000149011612,0.11468984306823787,0.009305603755350576,7.774259777400976e-09,0.009305611529610354,2.4000000357627864,-2.4000613026160473,0.02233346800433575,0.3130523629252368,0.8541123867034912,0.4518996775150299,False,False,False,-0.11483591723676037,False
pirl,1,10,0,0.26574270375954406,200,-44.531978663721915,0.36216457240309263,72.43291448061852,0.46932851229363914,0.8762138995886324,1,0,1,0.005,0.0,0.005,76,0.7470240592956543,-0.520757257938385,0.7405956387519836,0.46826156973838806,0.10000000149011612,-0.10000000149011612,0.11083245121039548,0.009305603755360105,7.774259148834767e-09,0.009305611529619255,2.400000035762787,-2.4000613026160473,0.022333468004357118,0.3131454190419216,0.850696861743927,0.4555510878562927,False,False,False,-0.11097852537891797,False
pirl,1,10,0,0.26574270375954406,200,-44.531978663721915,0.36216457240309263,72.43291448061852,0.46932851229363914,0.8762138995886324,1,0,1,0.005,0.0,0.005,77,0.7570240497589111,-0.530757486820221,0.7405956387519836,0.46826156973838806,0.10000000149011612,-0.10000000149011612,0.10703629637825861,0.009305603755350575,7.774259777604264e-09,0.009305611529610352,2.4000000357627864,-2.4000613026160473,0.02233346800433575,0.31323847515860637,0.8472449779510498,0.45916813611984253,False,False,False,-0.1071823705467811,False
pirl,1,10,0,0.26574270375954406,200,-44.531978663721915,0.36216457240309263,72.43291448061852,0.46932851229363914,0.8762138995886324,1,0,1,0.005,0.0,0.005,78,0.767024040222168,-0.5407577753067017,0.7405956387519836,0.46826156973838806,0.10000000149011612,-0.10000000149011612,0.10330847986197932,0.009305603755360102,7.774259148834767e-09,0.009305611529619251,2.400000035762787,-2.4000613026160473,0.02233346800435711,0.3133315312752912,0.8437570333480835,0.46275049448013306,False,False,False,-0.10345455403050181,False
pirl,1,10,0,0.26574270375954406,200,-44.531978663721915,0.36216457240309263,72.43291448061852,0.46932851229363914,0.8762138995886324,1,0,1,0.005,0.0,0.005,79,0.7770240902900696,-0.5507580041885376,0.7405956387519836,0.46826156973838806,0.10000000149011612,-0.10000000149011612,0.09965725960049364,0.009305603755350575,7.774259777400976e-09,0.009305611529610352,2.4000000357627864,-2.4000613026160473,0.022333468004335746,0.31342458739197593,0.840233564376831,0.46629780530929565,False,False,False,-0.09980333376901614,False
pirl,1,10,0,0.26574270375954406,200,-44.531978663721915,0.36216457240309263,72.43291448061852,0.46932851229363914,0.8762138995886324,1,0,1,0.005,0.0,0.005,80,0.7870240807533264,-0.5607582926750183,0.7405956387519836,0.46826156973838806,0.10000000149011612,-0.10000000149011612,0.09609150715929264,0.009305603755360105,7.774259149038055e-09,0.009305611529619255,2.400000035762787,-2.4000613026160473,0.022333468004357118,0.31351764350866074,0.836674690246582,0.46980971097946167,False,False,False,-0.09623758132781514,False
pirl,1,10,0,0.26574270375954406,200,-44.531978663721915,0.36216457240309263,72.43291448061852,0.46932851229363914,0.8762138995886324,1,0,1,0.005,0.0,0.005,81,0.7970240712165833,-0.5707585215568542,0.7405956387519836,0.46826156973838806,0.10000000149011612,-0.10000000149011612,0.09262160313589453,0.009305603755350576,7.774259777400976e-09,0.009305611529610354,2.4000000357627864,-2.4000613026160473,0.02233346800433575,0.3136106996253455,0.8330808877944946,0.47328582406044006,False,False,False,-0.09276767730441703,False
pirl,1,10,0,0.26574270375954406,200,-44.531978663721915,0.36216457240309263,72.43291448061852,0.46932851229363914,0.8762138995886324,1,0,1,0.005,0.0,0.005,82,0.8070240616798401,-0.580758810043335,0.7405956387519836,0.46826156973838806,0.10000000149011612,-0.10000000149011612,0.08925908857364658,0.009305603755360105,7.774259148834767e-09,0.009305611529619255,2.400000035762787,-2.4000613026160473,0.022333468004357118,0.3137037557420303,0.8294525146484375,0.47672581672668457,False,False,False,-0.08940516274216907,False
pirl,1,10,0,0.26574270375954406,200,-44.531978663721915,0.36216457240309263,72.43291448061852,0.46932851229363914,0.8762138995886324,1,0,1,0.005,0.0,0.005,83,0.8170240521430969,-0.5907590389251709,0.7405956387519836,0.46826156973838806,0.10000000149011612,-0.10000000149011612,0.086016971760832,0.009305603755350575,7.774259777604264e-09,0.009305611529610352,2.4000000357627864,-2.4000613026160473,0.02233346800433575,0.31379681185871505,0.8257899880409241,0.4801293909549713,False,False,False,-0.0861630459293545,False
pirl,1,10,0,0.26574270375954406,200,-44.531978663721915,0.36216457240309263,72.43291448061852,0.46932851229363914,0.8762138995886324,1,0,1,0.005,0.0,0.005,84,0.8270240426063538,-0.6007592678070068,0.7405956387519836,0.46826156973838806,0.10000000149011612,-0.10000000149011612,0.08290958236626018,0.009305603755360102,7.774259148834767e-09,0.009305611529619251,2.400000035762787,-2.4000613026160473,0.02233346800435711,0.31388986797539986,0.8220935463905334,0.48349615931510925,False,False,False,-0.08305565653478268,False
pirl,1,10,0,0.26574270375954406,200,-44.531978663721915,0.36216457240309263,72.43291448061852,0.46932851229363914,0.8762138995886324,1,0,1,0.005,0.0,0.005,85,0.8370240926742554,-0.6107595562934875,0.7405956387519836,0.46826156973838806,0.10000000149011612,-0.10000000149011612,0.07995306573519134,0.009305603755350576,7.774259777400976e-09,0.009305611529610354,2.4000000357627864,-2.4000613026160473,0.02233346800433575,0.3139829240920846,0.8183636665344238,0.48682576417922974,False,False,False,-0.08009913990371384,False
pirl,1,10,0,0.26574270375954406,200,-44.531978663721915,0.36216457240309263,72.43291448061852,0.46932851229363914,0.8762138995886324,1,0,1,0.005,0.0,0.005,86,0.8470240831375122,-0.6207597851753235,0.7405956387519836,0.46826156973838806,0.10000000149011612,-0.10000000149011612,0.07716496483815288,0.009305603755360105,7.774259148834767e-09,0.009305611529619255,2.400000035762787,-2.4000613026160473,0.022333468004357118,0.3140759802087694,0.8146005868911743,0.49011796712875366,False,False,False,-0.07731103900667538,False
pirl,1,10,0,0.26574270375954406,200,-44.531978663721915,0.36216457240309263,72.43291448061852,0.46932851229363914,0.8762138995886324,1,0,1,0.005,0.0,0.005,87,0.857024073600769,-0.6307600736618042,0.7405956387519836,0.46826156973838806,0.10000000149011612,-0.10000000149011612,0.07456460118408859,0.009305603755350575,7.774259777400976e-09,0.009305611529610352,2.4000000357627864,-2.4000613026160473,0.022333468004335746,0.3141690363254542,0.8108048439025879,0.4933723211288452,False,False,False,-0.07471067535261108,False
pirl,1,10,0,0.26574270375954406,200,-44.531978663721915,0.36216457240309263,72.43291448061852,0.46932851229363914,0.8762138995886324,1,0,1,0.005,0.0,0.005,88,0.8670240640640259,-0.6407603025436401,0.7405956387519836,0.46826156973838806,0.10000000149011612,-0.10000000149011612,0.07217242940637696,0.009305603755360105,7.774259148834767e-09,0.009305611529619255,2.400000035762787,-2.4000613026160473,0.022333468004357118,0.314262092442139,0.8069766759872437,0.4965885877609253,False,False,False,-0.07231850357489945,False
pirl,1,10,0,0.26574270375954406,200,-44.531978663721915,0.36216457240309263,72.43291448061852,0.46932851229363914,0.8762138995886324,1,0,1,0.005,0.0,0.005,89,0.8770240545272827,-0.6507605910301208,0.7405956387519836,0.46826156973838806,0.10000000149011612,-0.10000000149011612,0.07001018186944022,0.009305603755350576,7.774259777400976e-09,0.009305611529610354,2.4000000357627864,-2.4000613026160473,0.02233346800433575,0.31435514855882374,0.8031166195869446,0.49976640939712524,False,False,False,-0.07015625603796272,False
pirl,1,10,0,0.26574270375954406,200,-44.531978663721915,0.36216457240309263,72.43291448061852,0.46932851229363914,0.8762138995886324,1,0,1,0.005,0.0,0.005,90,0.8870240449905396,-0.6607608199119568,0.7405956387519836,0.46826156973838806,0.10000000149011612,-0.10000000149011612,0.06809990868544237,0.009305603755360105,7.774259148834767e-09,0.009305611529619255,2.400000035762787,-2.4000613026160473,0.022333468004357118,0.31444820467550855,0.7992249727249146,0.5029054880142212,False,False,False,-0.06824598285396487,False
pirl,1,10,0,0.26574270375954406,200,-44.531978663721915,0.36216457240309263,72.43291448061852,0.46932851229363914,0.8762138995886324,1,0,1,0.005,0.0,0.005,91,0.8970240950584412,-0.6707611083984375,0.7405956387519836,0.46826156973838806,0.10000000149011612,-0.10000000149011612,0.06646345703658976,0.009305603755350575,7.774259777604264e-09,0.009305611529610352,2.4000000357627864,-2.4000613026160473,0.02233346800433575,0.3145412607921933,0.7953020930290222,0.5060054063796997,False,False,False,-0.06660953120511226,False
pirl,1,10,0,0.26574270375954406,200,-44.531978663721915,0.36216457240309263,72.43291448061852,0.46932851229363914,0.8762138995886324,1,0,1,0.005,0.0,0.005,92,0.907024085521698,-0.6807613372802734,0.7405956387519836,0.46826156973838806,0.10000000149011612,-0.10000000149011612,0.06512177544658779,0.009305603755360105,7.774259148834767e-09,0.009305611529619255,2.400000035762787,-2.4000613026160473,0.022333468004357118,0.3146343169088781,0.791348397731781,0.5090660452842712,False,False,False,-0.06526784961511028,False
pirl,1,10,0,0.26574270375954406,200,-44.531978663721915,0.36216457240309263,72.43291448061852,0.46932851229363914,0.8762138995886324,1,0,1,0.005,0.0,0.005,93,0.9170240759849548,-0.6907615661621094,0.7405956387519836,0.46826156973838806,0.10000000149011612,-0.10000000149011612,0.06409347555882394,0.009305603755331524,7.77426103412682e-09,0.009305611529592557,2.4000000357627846,-2.4000613026160473,0.022333468004293026,0.31472737302556264,0.7873643636703491,0.5120869278907776,False,False,False,-0.06423954972734643,False
pirl,1,10,0,0.26574270375954406,200,-44.531978663721915,0.36216457240309263,72.43291448061852,0.46932851229363914,0.8762138995886324,1,0,1,0.005,0.0,0.005,94,0.9270240664482117,-0.7007618546485901,0.7405956387519836,0.46826156973838806,0.10000000149011612,-0.10000000149011612,0.06339387441971944,0.009305603755379156,7.774257892312212e-09,0.009305611529637048,2.400000035762787,-2.4000613026160478,0.02233346800439982,0.3148204291422476,0.7833502292633057,0.5150678753852844,False,False,False,-0.06353994858824195,False
pirl,1,10,0,0.26574270375954406,200,-44.531978663721915,0.36216457240309263,72.43291448061852,0.46932851229363914,0.8762138995886324,1,0,1,0.005,0.0,0.005,95,0.9370240569114685,-0.710762083530426,0.7405956387519836,0.46826156973838806,0.10000000149011612,-0.10000000149011612,0.06303400245455323,0.009305603755388685,7.774257263746002e-09,0.009305611529645949,2.40000003576279,-2.400061302616048,0.022333468004421212,0.3149134852589327,0.7793065309524536,0.5180084705352783,False,False,False,-0.06318007662307575,False
pirl,1,10,0,0.26574270375954406,200,-44.531978663721915,0.36216457240309263,72.43291448061852,0.46932851229363914,0.8762138995886324,1,0,1,0.005,0.0,0.005,96,0.9470240473747253,-0.7207623720169067,0.7405956387519836,0.46826156973838806,0.10000000149011612,-0.10000000149011612,0.0630196868522746,0.009305603755322665,7.7742609899117e-09,0.009305611529583655,2.400000035762787,-2.4000613026160473,0.022333468004271675,0.3150065413756172,0.7752335667610168,0.5209084749221802,False,False,False,-0.06316576102079709,False
pirl,1,10,0,0.26574270375954406,200,-44.531978663721915,0.36216457240309263,72.43291448061852,0.46932851229363914,0.8762138995886324,1,0,1,0.005,0.0,0.005,97,0.957024097442627,-0.7307626008987427,0.7405956387519836,0.46826156973838806,0.10000000149011612,-0.10000000149011612,0.06335128189356343,0.009305603755331524,7.77426103412682e-09,0.009305611529592557,2.4000000357627846,-2.4000613026160473,0.022333468004293026,0.3150995974923017,0.7711318731307983,0.5237676501274109,False,False,False,-0.06349735606208591,False
pirl,1,10,0,0.26574270375954406,200,-44.531978663721915,0.36216457240309263,72.43291448061852,0.46932851229363914,0.8762138995886324,1,0,1,0.005,0.0,0.005,98,0.9670240879058838,-0.7407628893852234,0.7405956387519836,0.46826156973838806,0.10000000149011612,-0.10000000149011612,0.06402331614236322,0.009305603755379158,7.774257892210568e-09,0.00930561152963705,2.400000035762787,-2.4000613026160478,0.022333468004399826,0.3151926536089867,0.767001748085022,0.5265856981277466,False,False,False,-0.06416939031088573,False
pirl,1,10,0,0.26574270375954406,200,-44.531978663721915,0.36216457240309263,72.43291448061852,0.46932851229363914,0.8762138995886324,1,0,1,0.005,0.0,0.005,99,0.9770240783691406,-0.7507631182670593,0.7405956387519836,0.46826156973838806,0.10000000149011612,-0.10000000149011612,0.06502515309959407,0.009305603755388685,7.774257263746002e-09,0.009305611529645949,2.40000003576279,-2.400061302616048,0.022333468004421212,0.31528570972567177,0.7628437280654907,0.5293622612953186,False,False,False,-0.06517122726811658,False
pirl,1,10,0,0.26574270375954406,200,-44.531978663721915,0.36216457240309263,72.43291448061852,0.46932851229363914,0.8762138995886324,1,0,1,0.005,0.0,0.005,100,0.9870240688323975,-0.76076340675354,0.7405956387519836,0.46826156973838806,0.10000000149011612,-0.10000000149011612,0.06634172506048683,0.00930560375532267,7.774260989708412e-09,0.00930561152958366,2.400000035762787,-2.4000613026160473,0.02233346800427169,0.31537876584235625,0.7586580514907837,0.5320971012115479,False,False,False,-0.06648779922900931,False
pirl,1,10,0,0.26574270375954406,200,-44.531978663721915,0.36216457240309263,72.43291448061852,0.46932851229363914,0.8762138995886324,1,0,1,0.005,0.0,0.005,101,0.9970240592956543,-0.770763635635376,0.7405956387519836,0.46826156973838806,0.10000000149011612,-0.10000000149011612,0.06795464399536405,0.009305603755331519,7.774261034330108e-09,0.009305611529592552,2.4000000357627846,-2.4000613026160473,0.022333468004293013,0.3154718219590408,0.7544453144073486,0.5347899198532104,False,False,False,-0.06810071816388653,False
pirl,1,10,0,0.26574270375954406,200,-44.531978663721915,0.36216457240309263,72.43291448061852,0.46932851229363914,0.8762138995886324,1,0,1,0.005,0.0,0.005,102,1.0070240497589111,-0.7807638645172119,0.7405956387519836,0.46826156973838806,0.10000000149011612,-0.10000000149011612,0.06984329028141821,0.009305603755379156,7.774257892312212e-09,0.009305611529637048,2.400000035762787,-2.4000613026160478,0.02233346800439982,0.31556487807572575,0.7502058744430542,0.5374405384063721,False,False,False,-0.06998936444994072,False
pirl,1,10,0,0.26574270375954406,200,-44.531978663721915,0.36216457240309263,72.43291448061852,0.46932851229363914,0.8762138995886324,1,0,1,0.005,0.0,0.005,103,1.017024040222168,-0.7907641530036926,0.7405956387519836,0.46826156973838806,0.10000000149011612,-0.10000000149011612,0.07198569110755362,0.009305603755350576,7.774259777400976e-09,0.009305611529610354,2.4000000357627864,-2.4000613026160478,0.02233346800433575,0.3156579341924105,0.745940089225769,0.5400485992431641,False,False,False,-0.07213176527607612,False
pirl,1,10,0,0.26574270375954406,200,-44.531978663721915,0.36216457240309263,72.43291448061852,0.46932851229363914,0.8762138995886324,1,0,1,0.005,0.0,0.005,104,1.0270240306854248,-0.8007643818855286,0.7405956387519836,0.46826156973838806,0.10000000149011612,-0.10000000149011612,0.07435980079971204,0.009305603755360105,7.774259149038055e-09,0.009305611529619255,2.400000035762787,-2.4000613026160478,0.022333468004357118,0.3157509903090953,0.7416484355926514,0.5426139235496521,False,False,False,-0.07450587496823453,False
pirl,1,10,0,0.26574270375954406,200,-44.531978663721915,0.36216457240309263,72.43291448061852,0.46932851229363914,0.8762138995886324,1,0,1,0.005,0.0,0.005,105,1.0370240211486816,-0.8107646703720093,0.7405956387519836,0.46826156973838806,0.10000000149011612,-0.10000000149011612,0.07694385577012393,0.009305603755350576,7.774259777400976e-09,0.009305611529610354,2.4000000357627864,-2.4000613026160478,0.02233346800433575,0.31584404642578007,0.7373312711715698,0.5451361536979675,False,False,False,-0.07708992993864643,False
pirl,1,10,0,0.26574270375954406,200,-44.531978663721915,0.36216457240309263,72.43291448061852,0.46932851229363914,0.8762138995886324,1,0,1,0.005,0.0,0.005,106,1.047024130821228,-0.8207648992538452,0.7405956387519836,0.46826156973838806,0.10000000149011612,-0.10000000149011612,0.07971720241085548,0.009305603755360102,7.774259148834767e-09,0.009305611529619251,2.400000035762787,-2.4000613026160478,0.02233346800435711,0.3159371025424649,0.7329891920089722,0.5476150512695312,False,False,False,-0.07986327657937797,False
pirl,1,10,0,0.26574270375954406,200,-44.531978663721915,0.36216457240309263,72.43291448061852,0.46932851229363914,0.8762138995886324,1,0,1,0.005,0.0,0.005,107,1.0570241212844849,-0.8307651877403259,0.7405956387519836,0.46826156973838806,0.10000000149011612,-0.10000000149011612,0.08266058920605383,0.009305603755350575,7.774259777604264e-09,0.009305611529610352,2.4000000357627864,-2.4000613026160478,0.02233346800433575,0.31603015865914963,0.728622555732727,0.5500504374504089,False,False,False,-0.08280666337457633,False
pirl,1,10,0,0.26574270375954406,200,-44.531978663721915,0.36216457240309263,72.43291448061852,0.46932851229363914,0.8762138995886324,1,0,1,0.005,0.0,0.005,108,1.0670241117477417,-0.8407654166221619,0.7405956387519836,0.46826156973838806,0.10000000149011612,-0.10000000149011612,0.08575625125026924,0.009305603755360105,7.774259149038055e-09,0.009305611529619255,2.400000035762787,-2.4000613026160478,0.022333468004357118,0.31612321477583444,0.7242317199707031,0.5524420738220215,False,False,False,-0.08590232541879174,False
pirl,1,10,0,0.26574270375954406,200,-44.531978663721915,0.36216457240309263,72.43291448061852,0.46932851229363914,0.8762138995886324,1,0,1,0.005,0.0,0.005,109,1.0770241022109985,-0.8507657051086426,0.7405956387519836,0.46826156973838806,0.10000000149011612,-0.10000000149011612,0.08898792396204788,0.009305603755350576,7.774259777400976e-09,0.009305611529610354,2.4000000357627864,-2.4000613026160478,0.02233346800433575,0.3162162708925192,0.7198172807693481,0.554789662361145,False,False,False,-0.08913399813057038,False
pirl,1,10,0,0.26574270375954406,200,-44.531978663721915,0.36216457240309263,72.43291448061852,0.46932851229363914,0.8762138995886324,1,0,1,0.005,0.0,0.005,110,1.0870240926742554,-0.8607659339904785,0.7405956387519836,0.46826156973838806,0.10000000149011612,-0.10000000149011612,0.09234105972943454,0.009305603755360105,7.774259149038055e-09,0.009305611529619255,2.400000035762787,-2.4000613026160478,0.022333468004357118,0.316309327009204,0.7153794765472412,0.5570929646492004,False,False,False,-0.09248713389795704,False
pirl,1,10,0,0.26574270375954406,200,-44.531978663721915,0.36216457240309263,72.43291448061852,0.46932851229363914,0.8762138995886324,1,0,1,0.005,0.0,0.005,111,1.0970240831375122,-0.8707661628723145,0.7405956387519836,0.46826156973838806,0.10000000149011612,-0.10000000149011612,0.09580260375109444,0.009305603755350576,7.774259777400976e-09,0.009305611529610354,2.4000000357627864,-2.4000613026160478,0.02233346800433575,0.31640238312588875,0.7109189033508301,0.5593518018722534,False,False,False,-0.09594867791961693,False
pirl,1,10,0,0.26574270375954406,200,-44.531978663721915,0.36216457240309263,72.43291448061852,0.46932851229363914,0.8762138995886324,1,0,1,0.005,0.0,0.005,112,1.107024073600769,-0.8807664513587952,0.7405956387519836,0.46826156973838806,0.10000000149011612,-0.10000000149011612,0.09936083711733737,0.009305603755360102,7.774259148834767e-09,0.009305611529619251,2.400000035762787,-2.4000613026160478,0.02233346800435711,0.31649543924257356,0.7064359784126282,0.5615658760070801,False,False,False,-0.09950691128585987,False
pirl,1,10,0,0.26574270375954406,200,-44.531978663721915,0.36216457240309263,72.43291448061852,0.46932851229363914,0.8762138995886324,1,0,1,0.005,0.0,0.005,113,1.1170240640640259,-0.8907666802406311,0.7405956387519836,0.46826156973838806,0.10000000149011612,-0.10000000149011612,0.10300544965875011,0.009305603755350576,7.774259777400976e-09,0.009305611529610354,2.4000000357627864,-2.4000613026160478,0.02233346800433575,0.3165884953592583,0.7019311189651489,0.5637350082397461,False,False,False,-0.1031515238272726,False
pirl,1,10,0,0.26574270375954406,200,-44.531978663721915,0.36216457240309263,72.43291448061852,0.46932851229363914,0.8762138995886324,1,0,1,0.005,0.0,0.005,114,1.1270240545272827,-0.9007669687271118,0.7405956387519836,0.46826156973838806,0.10000000149011612,-0.10000000149011612,0.1067272733353713,0.009305603755360102,7.774259148834767e-09,0.009305611529619251,2.400000035762787,-2.4000613026160478,0.02233346800435711,0.3166815514759431,0.6974048018455505,0.5658590197563171,False,False,False,-0.1068733475038938,False
pirl,1,10,0,0.26574270375954406,200,-44.531978663721915,0.36216457240309263,72.43291448061852,0.46932851229363914,0.8762138995886324,1,0,1,0.005,0.0,0.005,115,1.1370240449905396,-0.9107671976089478,0.7405956387519836,0.46826156973838806,0.10000000149011612,-0.10000000149011612,0.11051812187561003,0.009305603755350575,7.774259777400976e-09,0.009305611529610352,2.4000000357627864,-2.4000613026160478,0.022333468004335746,0.3167746075926279,0.6928575038909912,0.5679376721382141,False,False,False,-0.11066419604413252,False
pirl,1,10,0,0.26574270375954406,200,-44.531978663721915,0.36216457240309263,72.43291448061852,0.46932851229363914,0.8762138995886324,1,0,1,0.005,0.0,0.005,116,1.1470240354537964,-0.9207674860954285,0.7405956387519836,0.46826156973838806,0.10000000149011612,-0.10000000149011612,0.11437083877592977,0.009305603755360107,7.774259148834767e-09,0.009305611529619257,2.400000035762787,-2.4000613026160478,0.02233346800435712,0.3168676637093127,0.6882895827293396,0.5699707865715027,False,False,False,-0.11451691294445226,False
pirl,1,10,0,0.26574270375954406,200,-44.531978663721915,0.36216457240309263,72.43291448061852,0.46932851229363914,0.8762138995886324,1,0,1,0.005,0.0,0.005,117,1.1570240259170532,-0.9307677149772644,0.7405956387519836,0.46826156973838806,0.10000000149011612,-0.10000000149011612,0.11827884802080611,0.009305603755350575,7.774259777604264e-09,0.009305611529610352,2.4000000357627864,-2.4000613026160478,0.02233346800433575,0.31696071982599744,0.6837015748023987,0.5719580054283142,False,False,False,-0.11842492218932861,False
pirl,1,10,0,0.26574270375954406,200,-44.531978663721915,0.36216457240309263,72.43291448061852,0.46932851229363914,0.8762138995886324,1,0,1,0.005,0.0,0.005,118,1.16702401638031,-0.9407680034637451,0.7405956387519836,0.46826156973838806,0.10000000149011612,-0.10000000149011612,0.12223657848473558,0.009305603755360105,7.774259148834767e-09,0.009305611529619255,2.400000035762787,-2.4000613026160478,0.022333468004357118,0.31705377594268225,0.6790939569473267,0.5738992691040039,False,False,False,-0.12238265265325808,False
pirl,1,10,0,0.26574270375954406,200,-44.531978663721915,0.36216457240309263,72.43291448061852,0.46932851229363914,0.8762138995886324,1,0,1,0.005,0.0,0.005,119,1.1770241260528564,-0.950768232345581,0.7405956387519836,0.46826156973838806,0.10000000149011612,-0.10000000149011612,0.12623909212544934,0.009305603755350575,7.774259777604264e-09,0.009305611529610352,2.4000000357627864,-2.4000613026160478,0.02233346800433575,0.317146832059367,0.6744670867919922,0.5757944583892822,False,False,False,-0.12638516629397184,False
pirl,1,10,0,0.26574270375954406,200,-44.531978663721915,0.36216457240309263,72.43291448061852,0.46932851229363914,0.8762138995886324,1,0,1,0.005,0.0,0.005,120,1.1870241165161133,-0.960768461227417,0.7405956387519836,0.46826156973838806,0.10000000149011612,-0.10000000149011612,0.13028167797402707,0.009305603755360102,7.774259148834767e-09,0.009305611529619251,2.400000035762787,-2.4000613026160478,0.02233346800435711,0.3172398881760518,0.669821560382843,0.5776432156562805,False,False,False,-0.13042775214254956,False
pirl,1,10,0,0.26574270375954406,200,-44.531978663721915,0.36216457240309263,72.43291448061852,0.46932851229363914,0.8762138995886324,1,0,1,0.005,0.0,0.005,121,1.1970241069793701,-0.9707687497138977,0.7405956387519836,0.46826156973838806,0.10000000149011612,-0.10000000149011612,0.1343604873938277,0.009305603755350575,7.774259777604264e-09,0.009305611529610352,2.4000000357627864,-2.4000613026160478,0.02233346800433575,0.31733294429273656,0.6651577353477478,0.579445481300354,False,False,False,-0.1345065615623502,False
pirl,1,10,0,0.26574270375954406,200,-44.531978663721915,0.36216457240309263,72.43291448061852,0.46932851229363914,0.8762138995886324,1,0,1,0.005,0.0,0.005,122,1.207024097442627,-0.9807689785957336,0.7405956387519836,0.46826156973838806,0.10000000149011612,-0.10000000149011612,0.13847179959546066,0.009305603755360105,7.774259148834767e-09,0.009305611529619255,2.400000035762787,-2.4000613026160478,0.022333468004357118,0.31742600040942137,0.6604761481285095,0.5812009572982788,False,False,False,-0.13861787376398316,False
pirl,1,10,0,0.26574270375954406,200,-44.531978663721915,0.36216457240309263,72.43291448061852,0.46932851229363914,0.8762138995886324,1,0,1,0.005,0.0,0.005,123,1.2170240879058838,-0.9907692670822144,0.7405956387519836,0.46826156973838806,0.10000000149011612,-0.10000000149011612,0.14261248100181934,0.009305603755350576,7.774259777400976e-09,0.009305611529610354,2.4000000357627864,-2.4000613026160478,0.02233346800433575,0.3175190565261061,0.6557772159576416,0.5829095244407654,False,False,False,-0.14275855517034183,False
pirl,1,10,0,0.26574270375954406,200,-44.531978663721915,0.36216457240309263,72.43291448061852,0.46932851229363914,0.8762138995886324,1,0,1,0.005,0.0,0.005,124,1.2270240783691406,-1.0007694959640503,0.7405956387519836,0.46826156973838806,0.10000000149011612,-0.10000000149011612,0.1467796884906676,0.009305603755360105,7.774259149038055e-09,0.009305611529619255,2.400000035762787,-2.4000613026160478,0.022333468004357118,0.31761211264279093,0.6510614156723022,0.5845710635185242,False,False,False,-0.1469257626591901,False
pirl,1,10,0,0.26574270375954406,200,-44.531978663721915,0.36216457240309263,72.43291448061852,0.46932851229363914,0.8762138995886324,1,0,1,0.005,0.0,0.005,125,1.2370240688323975,-1.0107697248458862,0.7405956387519836,0.46826156973838806,0.10000000149011612,-0.10000000149011612,0.15097073229439406,0.009305603755350576,7.774259777400976e-09,0.009305611529610354,2.4000000357627864,-2.4000613026160478,0.02233346800433575,0.3177051687594757,0.6463292837142944,0.5861853361129761,False,False,False,-0.15111680646291656,False
pirl,1,10,0,0.26574270375954406,200,-44.531978663721915,0.36216457240309263,72.43291448061852,0.46932851229363914,0.8762138995886324,1,0,1,0.005,0.0,0.005,126,1.2470240592956543,-1.0207700729370117,0.7405956387519836,0.46826156973838806,0.10000000149011612,-0.10000000149011612,0.15518334217486315,0.009305603755360105,7.774259148834767e-09,0.009305611529619255,2.400000035762787,-2.4000613026160478,0.022333468004357118,0.3177982248761605,0.6415812373161316,0.5877522230148315,False,False,False,-0.15532941634338565,False
pirl,1,10,0,0.26574270375954406,200,-44.531978663721915,0.36216457240309263,72.43291448061852,0.46932851229363914,0.8762138995886324,1,0,1,0.005,0.0,0.005,127,1.2570240497589111,-1.0307703018188477,0.7405956387519836,0.46826156973838806,0.10000000149011612,-0.10000000149011612,0.15941538705639888,0.009305603755350575,7.774259777400976e-09,0.009305611529610352,2.4000000357627864,-2.4000613026160478,0.022333468004335746,0.31789128099284525,0.6368177533149719,0.5892715454101562,False,False,False,-0.15956146122492137,False
pirl,1,10,0,0.26574270375954406,200,-44.531978663721915,0.36216457240309263,72.43291448061852,0.46932851229363914,0.8762138995886324,1,0,1,0.005,0.0,0.005,128,1.267024040222168,-1.0407705307006836,0.7405956387519836,0.46826156973838806,0.10000000149011612,-0.10000000149011612,0.1636649771058101,0.009305603755360102,7.774259148834767e-09,0.009305611529619251,2.400000035762787,-2.4000613026160478,0.02233346800435711,0.31798433710953006,0.6320393085479736,0.5907431840896606,False,False,False,-0.1638110512743326,False
pirl,1,10,0,0.26574270375954406,200,-44.531978663721915,0.36216457240309263,72.43291448061852,0.46932851229363914,0.8762138995886324,1,0,1,0.005,0.0,0.005,129,1.2770240306854248,-1.0507707595825195,0.7405956387519836,0.46826156973838806,0.10000000149011612,-0.10000000149011612,0.1679303060956792,0.009305603755350575,7.774259777400976e-09,0.009305611529610352,2.4000000357627864,-2.4000613026160478,0.022333468004335746,0.3180773932262148,0.6272463798522949,0.5921669006347656,False,False,False,-0.16807638026420169,False
pirl,1,10,0,0.26574270375954406,200,-44.531978663721915,0.36216457240309263,72.43291448061852,0.46932851229363914,0.8762138995886324,1,0,1,0.005,0.0,0.005,130,1.2870240211486816,-1.0607709884643555,0.7405956387519836,0.46826156973838806,0.10000000149011612,-0.10000000149011612,0.172209813913222,0.009305603755360102,7.774259148834767e-09,0.009305611529619251,2.400000035762787,-2.4000613026160478,0.02233346800435711,0.3181704493428996,0.6224395036697388,0.5935426354408264,False,False,False,-0.17235588808174448,False
pirl,1,10,0,0.26574270375954406,200,-44.531978663721915,0.36216457240309263,72.43291448061852,0.46932851229363914,0.8762138995886324,1,0,1,0.005,0.0,0.005,131,1.297024130821228,-1.070771336555481,0.7405956387519836,0.46826156973838806,0.10000000149011612,-0.10000000149011612,0.17650210934279706,0.009305603755350576,7.774259777400976e-09,0.009305611529610354,2.4000000357627864,-2.4000613026160478,0.02233346800433575,0.3182635054595844,0.6176190376281738,0.5948702096939087,False,False,False,-0.17664818351131956,False
pirl,1,10,0,0.26574270375954406,200,-44.531978663721915,0.36216457240309263,72.43291448061852,0.46932851229363914,0.8762138995886324,1,0,1,0.005,0.0,0.005,132,1.3070241212844849,-1.080771565437317,0.7405956387519836,0.46826156973838806,0.10000000149011612,-0.10000000149011612,0.18080588641772968,0.009305603755360105,7.774259149038055e-09,0.009305611529619255,2.400000035762787,-2.4000613026160478,0.022333468004357118,0.3183565615762692,0.6127855777740479,0.5961496233940125,False,False,False,-0.18095196058625218,False
pirl,1,10,0,0.26574270375954406,200,-44.531978663721915,0.36216457240309263,72.43291448061852,0.46932851229363914,0.8762138995886324,1,0,1,0.005,0.0,0.005,133,1.3170241117477417,-1.0907717943191528,0.7405956387519836,0.46826156973838806,0.10000000149011612,-0.10000000149011612,0.1851198151660313,0.009305603755350575,7.774259777604264e-09,0.009305611529610352,2.4000000357627864,-2.4000613026160478,0.02233346800433575,0.31844961769295393,0.6079395413398743,0.597380518913269,False,False,False,-0.1852658893345538,False
pirl,1,10,0,0.26574270375954406,200,-44.531978663721915,0.36216457240309263,72.43291448061852,0.46932851229363914,0.8762138995886324,1,0,1,0.005,0.0,0.005,134,1.3270241022109985,-1.1007720232009888,0.7405956387519836,0.46826156973838806,0.10000000149011612,-0.10000000149011612,0.1894428730897953,0.009305603755360102,7.774259148834767e-09,0.009305611529619251,2.400000035762787,-2.4000613026160478,0.02233346800435711,0.31854267380963874,0.603081464767456,0.5985629558563232,False,False,False,-0.1895889472583178,False
pirl,1,10,0,0.26574270375954406,200,-44.531978663721915,0.36216457240309263,72.43291448061852,0.46932851229363914,0.8762138995886324,1,0,1,0.005,0.0,0.005,135,1.3370240926742554,-1.1107723712921143,0.7405956387519836,0.46826156973838806,0.10000000149011612,-0.10000000149011612,0.19377403977902835,0.009305603755350575,7.774259777604264e-09,0.009305611529610352,2.4000000357627864,-2.4000613026160478,0.02233346800433575,0.3186357299263235,0.5982117652893066,0.5996967554092407,False,False,False,-0.19392011394755085,False
pirl,1,10,0,0.26574270375954406,200,-44.531978663721915,0.36216457240309263,72.43291448061852,0.46932851229363914,0.8762138995886324,1,0,1,0.005,0.0,0.005,136,1.3470240831375122,-1.1207726001739502,0.7405956387519836,0.46826156973838806,0.10000000149011612,-0.10000000149011612,0.19811228707319348,0.009305603755360102,7.774259148834767e-09,0.009305611529619251,2.400000035762787,-2.4000613026160478,0.02233346800435711,0.3187287860430083,0.593330979347229,0.6007817387580872,False,False,False,-0.19825836124171597,False
pirl,1,10,0,0.26574270375954406,200,-44.531978663721915,0.36216457240309263,72.43291448061852,0.46932851229363914,0.8762138995886324,1,0,1,0.005,0.0,0.005,137,1.357024073600769,-1.1307728290557861,0.7405956387519836,0.46826156973838806,0.10000000149011612,-0.10000000149011612,0.20245681841702673,0.009305603755350575,7.774259777400976e-09,0.009305611529610352,2.4000000357627864,-2.4000613026160478,0.022333468004335746,0.31882184215969306,0.5884395837783813,0.6018179059028625,False,False,False,-0.20260289258554923,False
pirl,1,10,0,0.26574270375954406,200,-44.531978663721915,0.36216457240309263,72.43291448061852,0.46932851229363914,0.8762138995886324,1,0,1,0.005,0.0,0.005,138,1.3670240640640259,-1.140773057937622,0.7405956387519836,0.46826156973838806,0.10000000149011612,-0.10000000149011612,0.20680677188420574,0.009305603755360102,7.774259148834767e-09,0.009305611529619251,2.400000035762787,-2.4000613026160478,0.02233346800435711,0.31891489827637787,0.5835381150245667,0.6028051376342773,False,False,False,-0.20695284605272823,False
pirl,1,10,0,0.26574270375954406,200,-44.531978663721915,0.36216457240309263,72.43291448061852,0.46932851229363914,0.8762138995886324,1,0,1,0.005,0.0,0.005,139,1.3770240545272827,-1.150773286819458,0.7405956387519836,0.46826156973838806,0.10000000149011612,-0.10000000149011612,0.211161392725254,0.009305603755350575,7.774259777400976e-09,0.009305611529610352,2.4000000357627864,-2.4000613026160478,0.022333468004335746,0.3190079543930626,0.5786269903182983,0.6037432551383972,False,False,False,-0.2113074668937765,False
pirl,1,10,0,0.26574270375954406,200,-44.531978663721915,0.36216457240309263,72.43291448061852,0.46932851229363914,0.8762138995886324,1,0,1,0.005,0.0,0.005,140,1.3870240449905396,-1.1607736349105835,0.7405956387519836,0.46826156973838806,0.10000000149011612,-0.10000000149011612,0.2155200013743829,0.009305603755360102,7.774259148834767e-09,0.009305611529619251,2.400000035762787,-2.4000613026160478,0.02233346800435711,0.31910101050974743,0.5737067461013794,0.6046322584152222,False,False,False,-0.2156660755429054,False
pirl,1,10,0,0.26574270375954406,200,-44.531978663721915,0.36216457240309263,72.43291448061852,0.46932851229363914,0.8762138995886324,1,0,1,0.005,0.0,0.005,141,1.3970240354537964,-1.1707738637924194,0.7405956387519836,0.46826156973838806,0.10000000149011612,-0.10000000149011612,0.2198819395494013,0.009305603755350573,7.774259777400976e-09,0.00930561152961035,2.4000000357627864,-2.4000613026160478,0.022333468004335742,0.3191940666264322,0.5687777996063232,0.6054719686508179,False,False,False,-0.2200280137179238,False
pirl,1,10,0,0.26574270375954406,200,-44.531978663721915,0.36216457240309263,72.43291448061852,0.46932851229363914,0.8762138995886324,1,0,1,0.005,0.0,0.005,142,1.4070240259170532,-1.1807740926742554,0.7405956387519836,0.46826156973838806,0.10000000149011612,-0.10000000149011612,0.22424656322667152,0.009305603755360105,7.774259148834767e-09,0.009305611529619255,2.400000035762787,-2.4000613026160478,0.022333468004357118,0.319287122743117,0.5638407468795776,0.6062623858451843,False,False,False,-0.22439263739519402,False
pirl,1,10,0,0.26574270375954406,200,-44.531978663721915,0.36216457240309263,72.43291448061852,0.46932851229363914,0.8762138995886324,1,0,1,0.005,0.0,0.005,143,1.4170241355895996,-1.1907743215560913,0.7405956387519836,0.46826156973838806,0.10000000149011612,-0.10000000149011612,0.22861332852975288,0.009305603755350575,7.774259777400976e-09,0.009305611529610352,2.4000000357627864,-2.4000613026160478,0.022333468004335746,0.31938017885980174,0.558896005153656,0.607003390789032,False,False,False,-0.22875940269827538,False
pirl,1,10,0,0.26574270375954406,200,-44.531978663721915,0.36216457240309263,72.43291448061852,0.46932851229363914,0.8762138995886324,1,0,1,0.005,0.0,0.005,144,1.4270241260528564,-1.2007746696472168,0.7405956387519836,0.46826156973838806,0.10000000149011612,-0.10000000149011612,0.2329815842723158,0.009305603755360107,7.774259148834767e-09,0.009305611529619257,2.400000035762787,-2.4000613026160478,0.02233346800435712,0.31947323497648655,0.5539441704750061,0.6076948642730713,False,False,False,-0.2331276584408383,False
pirl,1,10,0,0.26574270375954406,200,-44.531978663721915,0.36216457240309263,72.43291448061852,0.46932851229363914,0.8762138995886324,1,0,1,0.005,0.0,0.005,145,1.4370241165161133,-1.2107748985290527,0.7405956387519836,0.46826156973838806,0.10000000149011612,-0.10000000149011612,0.2373510537895605,0.009305603755350576,7.774259777400976e-09,0.009305611529610354,2.4000000357627864,-2.4000613026160478,0.02233346800433575,0.3195662910931713,0.5489855408668518,0.608336865901947,False,False,False,-0.237497127958083,False
pirl,1,10,0,0.26574270375954406,200,-44.531978663721915,0.36216457240309263,72.43291448061852,0.46932851229363914,0.8762138995886324,1,0,1,0.005,0.0,0.005,146,1.4470241069793701,-1.2207751274108887,0.7405956387519836,0.46826156973838806,0.10000000149011612,-0.10000000149011612,0.24172100951674058,0.009305603755360105,7.774259148834767e-09,0.009305611529619255,2.400000035762787,-2.4000613026160478,0.022333468004357118,0.3196593472098561,0.5440208315849304,0.6089292168617249,False,False,False,-0.24186708368526308,False
pirl,1,10,0,0.26574270375954406,200,-44.531978663721915,0.36216457240309263,72.43291448061852,0.46932851229363914,0.8762138995886324,1,0,1,0.005,0.0,0.005,147,1.457024097442627,-1.2307753562927246,0.7405956387519836,0.46826156973838806,0.10000000149011612,-0.10000000149011612,0.24609102486635404,0.009305603755350575,7.774259777604264e-09,0.009305611529610352,2.4000000357627864,-2.4000613026160478,0.02233346800433575,0.31975240332654087,0.5390504598617554,0.6094717979431152,False,False,False,-0.24623709903487653,False
pirl,1,10,0,0.26574270375954406,200,-44.531978663721915,0.36216457240309263,72.43291448061852,0.46932851229363914,0.8762138995886324,1,0,1,0.005,0.0,0.005,148,1.4670240879058838,-1.2407755851745605,0.7405956387519836,0.46826156973838806,0.10000000149011612,-0.10000000149011612,0.2504608337854395,0.009305603755360102,7.774259148834767e-09,0.009305611529619251,2.400000035762787,-2.4000613026160478,0.02233346800435711,0.3198454594432257,0.5340748429298401,0.6099647283554077,False,False,False,-0.25060690795396195,False
pirl,1,10,0,0.26574270375954406,200,-44.531978663721915,0.36216457240309263,72.43291448061852,0.46932851229363914,0.8762138995886324,1,0,1,0.005,0.0,0.005,149,1.4770240783691406,-1.250775933265686,0.7405956387519836,0.46826156973838806,0.10000000149011612,-0.10000000149011612,0.25482993806155435,0.009305603755350576,7.774259777400976e-09,0.009305611529610354,2.4000000357627864,-2.4000613026160478,0.02233346800433575,0.31993851555991043,0.5290945768356323,0.6104079484939575,False,False,False,-0.2549760122300768,False
pirl,1,10,0,0.26574270375954406,200,-44.531978663721915,0.36216457240309263,72.43291448061852,0.46932851229363914,0.8762138995886324,1,0,1,0.005,0.0,0.005,150,1.4870240688323975,-1.260776162147522,0.7405956387519836,0.46826156973838806,0.10000000149011612,-0.10000000149011612,0.25919788971240754,0.009305603755360105,7.774259149038055e-09,0.009305611529619255,2.400000035762787,-2.4000613026160478,0.022333468004357118,0.32003157167659524,0.5241101384162903,0.6108012795448303,False,False,False,-0.25934396388093,False
pirl,1,10,0,0.26574270375954406,200,-44.531978663721915,0.36216457240309263,72.43291448061852,0.46932851229363914,0.8762138995886324,1,0,1,0.005,0.0,0.005,151,1.4970240592956543,-1.270776391029358,0.7405956387519836,0.46826156973838806,0.10000000149011612,-0.10000000149011612,0.2635643587169741,0.009305603755350575,7.774259777400976e-09,0.009305611529610352,2.4000000357627864,-2.4000613026160478,0.022333468004335746,0.32012462779328,0.5191220045089722,0.6111447215080261,False,False,False,-0.26371043288549656,False
pirl,1,10,0,0.26574270375954406,200,-44.531978663721915,0.36216457240309263,72.43291448061852,0.46932851229363914,0.8762138995886324,1,0,1,0.005,0.0,0.005,152,1.5070240497589111,-1.2807766199111938,0.7405956387519836,0.46826156973838806,0.10000000149011612,-0.10000000149011612,0.2679289786915778,0.009305603755360102,7.774259148834767e-09,0.009305611529619251,2.400000035762787,-2.4000613026160478,0.02233346800435711,0.3202176839099648,0.514130711555481,0.6114382743835449,False,False,False,-0.26807505286010025,False
pirl,1,10,0,0.26574270375954406,200,-44.531978663721915,0.36216457240309263,72.43291448061852,0.46932851229363914,0.8762138995886324,1,0,1,0.005,0.0,0.005,153,1.517024040222168,-1.2907769680023193,0.7405956387519836,0.46826156973838806,0.09997354447841644,-0.10000000149011612,0.2722894183068936,0.0023301409147784558,0.00044927319934322973,0.0027794141141216856,2.399348642724607,-2.4000000357627873,0.006669076135721776,0.320245471727197,0.5091383457183838,0.6116806864738464,False,False,False,-0.2724322106608499,False
pirl,1,10,0,0.26574270375954406,200,-44.531978663721915,0.36216457240309263,72.43291448061852,0.46932851229363914,0.8762138995886324,1,0,1,0.005,0.0,0.005,154,1.5270214080810547,-1.3007769584655762,0.7405956387519836,0.46826156973838806,0.09202364832162857,-0.10000000149011612,0.27602376470530016,2.0472935309979725,0.14519155986498272,2.1924850908629554,2.2085675597190857,-2.399933144669816,4.870036114631146,0.3405372888714934,0.5046299695968628,0.6114723086357117,False,False,False,-0.27725590557259866,False
pirl,1,10,0,0.26574270375954406,200,-44.531978663721915,0.36216457240309263,72.43291448061852,0.46932851229363914,0.8762138995886324,1,0,1,0.005,0.0,0.005,155,1.5362237691879272,-1.3107765913009644,0.7405956387519836,0.46826156973838806,0.08462758362293243,-0.10000000149011612,0.2791833644843971,1.9053919799078207,0.13516814483175657,2.0405601247395775,2.031062006950378,-2.3999377810102835,4.194364396309535,0.3580138071894498,0.5005717873573303,0.610851526260376,False,False,False,-0.2803346477030713,False
pirl,1,10,0,0.26574270375954406,200,-44.531978663721915,0.36216457240309263,72.43291448061852,0.46932851229363914,0.8762138995886324,1,0,1,0.005,0.0,0.005,156,1.5446864366531372,-1.320776343345642,0.7405956387519836,0.46826156973838806,0.07774201035499573,-0.10000000149011612,0.28181589612872565,1.7743394488358644,0.12587567656776746,1.900215125403632,1.8658082485198975,-2.3999420628814008,3.6126715102008444,0.37306660514862,0.4969315528869629,0.6098525524139404,False,False,False,-0.2828926678978131,False
pirl,1,10,0,0.26574270375954406,200,-44.531978663721915,0.36216457240309263,72.43291448061852,0.46932851229363914,0.8762138995886324,1,0,1,0.005,0.0,0.005,157,1.5524606704711914,-1.3307760953903198,0.7405956387519836,0.46826156973838806,0.0713270902633667,-0.10000000149011612,0.2839657505161404,1.653478443680569,0.11731588301393044,1.7707943266944994,1.7118501663208006,-2.3999460117654325,3.112059134378463,0.38603351820853027,0.4936787486076355,0.6085063219070435,False,False,False,-0.2849739790836968,False
pirl,1,10,0,0.26574270375954406,200,-44.531978663721915,0.36216457240309263,72.43291448061852,0.46932851229363914,0.8762138995886324,1,0,1,0.005,0.0,0.005,158,1.5595934391021729,-1.340775966644287,0.7405956387519836,0.46826156973838806,0.06534704566001892,-0.10000000149011612,0.28567395784284566,1.5417729396069595,0.10941332847300425,1.6511862680799638,1.5683290958404539,-2.3999496615123523,2.680593840998788,0.3972026592126919,0.4907847046852112,0.6068404316902161,False,False,False,-0.28661900907112486,False
pirl,1,10,0,0.26574270375954406,200,-44.531978663721915,0.36216457240309263,72.43291448061852,0.46932851229363914,0.8762138995886324,1,0,1,0.005,0.0,0.005,159,1.566128134727478,-1.3507757186889648,0.7405956387519836,0.46826156973838806,0.0597691684961319,-0.10000000149011612,0.2869789006597781,1.4384412186778852,0.10211088638611097,1.540552105063996,1.4344600439071653,-2.3999530376631806,2.3084477856633825,0.406821191652956,0.4882221221923828,0.60487961769104,False,False,False,-0.2878656771570203,False
pirl,1,10,0,0.26574270375954406,200,-44.531978663721915,0.36216457240309263,72.43291448061852,0.46932851229363914,0.8762138995886324,1,0,1,0.005,0.0,0.005,160,1.572105050086975,-1.3607754707336426,0.7405956387519836,0.46826156973838806,0.054563265293836594,-0.10000000149011612,0.28791628587285445,1.3428435004426165,0.09536176017644502,1.4382052606190614,1.3095183670520782,-2.3999561611214255,1.9873422717769547,0.4151017844520266,0.48596546053886414,0.6026462912559509,False,False,False,-0.288749305801779,False
pirl,1,10,0,0.26574270375954406,200,-44.531978663721915,0.36216457240309263,72.43291448061852,0.46932851229363914,0.8762138995886324,1,0,1,0.005,0.0,0.005,161,1.577561378479004,-1.3707753419876099,0.7405956387519836,0.46826156973838806,0.04970186948776245,-0.10000000149011612,0.2885196076768507,1.254283666355583,0.08911543569087173,1.3433991020464546,1.192844867706299,-2.3999590546313234,1.7100392308538201,0.4222269479139175,0.4839905798435211,0.6001607775688171,False,False,False,-0.289302977625096,False
pirl,1,10,0,0.26574270375954406,200,-44.531978663721915,0.36216457240309263,72.43291448061852,0.46932851229363914,0.8762138995886324,1,0,1,0.005,0.0,0.005,162,1.5825315713882446,-1.3807752132415771,0.7405956387519836,0.46826156973838806,0.04515976458787918,-0.10000000149011612,0.2888201060088454,1.1721877062313253,0.08333023442116338,1.2555179406524886,1.0838343501091006,-2.3999617369474726,1.4704466749307612,0.42835380905946235,0.4822748899459839,0.5974414348602295,False,False,False,-0.28955758920278535,False
pirl,1,10,0,0.26574270375954406,200,-44.531978663721915,0.36216457240309263,72.43291448061852,0.46932851229363914,0.8762138995886324,1,0,1,0.005,0.0,0.005,163,1.5870474576950073,-1.3907749652862549,0.7405956387519836,0.46826156973838806,0.040914036333560944,-0.10000000149011612,0.28884703988500826,1.0959670660028062,0.07796363644470775,1.173930702447514,0.9819368720054626,-2.3999642272996646,1.263280411109295,0.4336174774390844,0.48079714179039,0.5945047736167908,False,False,False,-0.2895420513357756,False
pirl,1,10,0,0.26574270375954406,200,-44.531978663721915,0.36216457240309263,72.43291448061852,0.46932851229363914,0.8762138995886324,1,0,1,0.005,0.0,0.005,164,1.5911389589309692,-1.4007748365402222,0.7405956387519836,0.46826156973838806,0.036943159997463226,-0.10000000149011612,0.28862822028632446,1.025268389007322,0.07298987899874712,1.098258268006069,0.8866358399391174,-2.3999665372330985,1.0842129664042188,0.43813503146576865,0.4795371890068054,0.5913661122322083,False,False,False,-0.2892839552257841,False
pirl,1,10,0,0.26574270375954406,200,-44.531978663721915,0.36216457240309263,72.43291448061852,0.46932851229363914,0.8762138995886324,1,0,1,0.005,0.0,0.005,165,1.594833254814148,-1.4107747077941895,0.7405956387519836,0.46826156973838806,0.03322761505842209,-0.10000000149011612,0.28818946790471894,0.9595785620481876,0.06837205869999222,1.0279506207481799,0.7974627614021301,-2.3999686835126894,0.9293189695805055,0.44200719383902076,0.4784764349460602,0.588039219379425,False,False,False,-0.2888088190936059,False
pirl,1,10,0,0.26574270375954406,200,-44.531978663721915,0.36216457240309263,72.43291448061852,0.46932851229363914,0.8762138995886324,1,0,1,0.005,0.0,0.005,166,1.5981559753417969,-1.4207745790481567,0.7405956387519836,0.46826156973838806,0.029749592766165733,-0.10000000149011612,0.2875553749892403,0.8984594188211414,0.06407866873921884,0.9625380875603603,0.7139902263879777,-2.3999706804546173,0.7952781700612067,0.4453208528809425,0.4775972366333008,0.5845367908477783,False,False,False,-0.28814097542209,False
pirl,1,10,0,0.26574270375954406,200,-44.531978663721915,0.36216457240309263,72.43291448061852,0.46932851229363914,0.8762138995886324,1,0,1,0.005,0.0,0.005,167,1.6011309623718262,-1.430774450302124,0.7405956387519836,0.46826156973838806,0.026492195203900337,-0.10000000149011612,0.2867492347284533,0.8416794124290146,0.060092882917074326,0.9017722953460889,0.6358126848936081,-2.3999725356242014,0.6793717156236253,0.4481515683627076,0.47688302397727966,0.580870509147644,False,False,False,-0.2873035705560375,False
pirl,1,10,0,0.26574270375954406,200,-44.531978663721915,0.36216457240309263,72.43291448061852,0.46932851229363914,0.8762138995886324,1,0,1,0.005,0.0,0.005,168,1.6037801504135132,-1.4407743215560913,0.7405956387519836,0.46826156973838806,0.023440491408109665,-0.10000000149011612,0.2857928691548545,0.7887333015982192,0.05637863998061222,0.8451119415788314,0.5625717937946318,-2.3999742655291545,0.579026393384675,0.45056417833514373,0.47631844878196716,0.5770509243011475,False,False,False,-0.28631813567815756,False
pirl,1,10,0,0.26574270375954406,200,-44.531978663721915,0.36216457240309263,72.43291448061852,0.46932851229363914,0.8762138995886324,1,0,1,0.005,0.0,0.005,169,1.6061241626739502,-1.4507741928100586,0.7405956387519836,0.46826156973838806,0.020580077543854713,-0.10000000149011612,0.2847072532532354,0.7394878478931342,0.052926196744549105,0.7924140446376833,0.493921861052513,-2.399975874522772,0.49227080937425804,0.45261530670753647,0.4758889675140381,0.5730880498886108,False,False,False,-0.2852055560136076,False
pirl,1,10,0,0.26574270375954406,200,-44.531978663721915,0.36216457240309263,72.43291448061852,0.46932851229363914,0.8762138995886324,1,0,1,0.005,0.0,0.005,170,1.6081821918487549,-1.4607741832733154,0.7405956387519836,0.46826156973838806,0.01789778284728527,-0.10000000149011612,0.28351218358189956,0.6936268543407063,0.04971296373879922,0.7433398180795054,0.4295467883348465,-2.3999773729361333,0.4172551756995654,0.454353869939618,0.47558096051216125,0.5689907670021057,False,False,False,-0.28398544252245683,False
pirl,1,10,0,0.26574270375954406,200,-44.531978663721915,0.36216457240309263,72.43291448061852,0.46932851229363914,0.8762138995886324,1,0,1,0.005,0.0,0.005,171,1.6099720001220703,-1.4707740545272827,0.7405956387519836,0.46826156973838806,0.01538168266415596,-0.10000000149011612,0.28222681575586833,0.650617352897392,0.04650308536690761,0.6971204382642996,0.36916038393974304,-2.3996989278725946,0.35177555589119647,0.455819601422498,0.4753817319869995,0.5647683143615723,False,False,False,-0.28267655204318726,False
pirl,1,10,0,0.26574270375954406,200,-44.531978663721915,0.36216457240309263,72.43291448061852,0.46932851229363914,0.8762138995886324,1,0,1,0.005,0.0,0.005,172,1.611510157585144,-1.4807727336883545,0.7405956387519836,0.46826156973838806,0.013020750135183334,-0.10000000149011612,0.2808688732654974,0.6108811904899342,0.04393209405351801,0.6548132845434522,0.3124980032444,-2.399717317901656,0.2963237591595779,0.4570542837523296,0.4752793610095978,0.5604276657104492,False,False,False,-0.28129712404513973,False
pirl,1,10,0,0.26574270375954406,200,-44.531978663721915,0.36216457240309263,72.43291448061852,0.46932851229363914,0.8762138995886324,1,0,1,0.005,0.0,0.005,173,1.6128122806549072,-1.4907716512680054,0.7405956387519836,0.46826156973838806,0.010804232209920883,-0.10000000149011612,0.2794555643099698,0.5736838267178282,0.04132936389169362,0.6150131906095219,0.25930157303810125,-2.3997345329662028,0.247936620450874,0.4580873530042082,0.47526276111602783,0.5559762716293335,False,False,False,-0.27986365287161513,False
pirl,1,10,0,0.26574270375954406,200,-44.531978663721915,0.36216457240309263,72.43291448061852,0.46932851229363914,0.8762138995886324,1,0,1,0.005,0.0,0.005,174,1.613892674446106,-1.5007704496383667,0.7405956387519836,0.46826156973838806,0.008722713217139244,-0.10000000149011612,0.27800335608906795,0.5389077121200085,0.038897202247281035,0.5778049143672895,0.20934511721134186,-2.3997506274685234,0.20616128365954198,0.45894635835278963,0.4753214418888092,0.5514208078384399,False,False,False,-0.2783926382591313,False
pirl,1,10,0,0.26574270375954406,200,-44.531978663721915,0.36216457240309263,72.43291448061852,0.46932851229363914,0.8762138995886324,1,0,1,0.005,0.0,0.005,175,1.614764928817749,-1.5107694864273071,0.7405956387519836,0.46826156973838806,0.006767170503735542,-0.10000000149011612,0.2765279990729574,0.5064526534534886,0.03662843590853279,0.5430810893620214,0.16241209208965302,-2.3997656477783837,0.17015369721688633,0.4596553320911933,0.4754456579685211,0.5467677116394043,False,False,False,-0.2768997683370517,False
pirl,1,10,0,0.26574270375954406,200,-44.531978663721915,0.36216457240309263,72.43291448061852,0.46932851229363914,0.8762138995886324,1,0,1,0.005,0.0,0.005,176,1.6154416799545288,-1.5207685232162476,0.7405956387519836,0.46826156973838806,0.004929240792989731,-0.10000000149011612,0.27504450082963544,0.4761494257660723,0.0345110686803243,0.5106604944463966,0.11830177903175354,-2.3997796722136595,0.13914828523848596,0.4602351166130203,0.47562628984451294,0.5420227646827698,False,False,False,-0.27539995249301014,False
pirl,1,10,0,0.26574270375954406,200,-44.531978663721915,0.36216457240309263,72.43291448061852,0.46932851229363914,0.8762138995886324,1,0,1,0.005,0.0,0.005,177,1.6159346103668213,-1.530767560005188,0.7405956387519836,0.46826156973838806,0.003201322630047798,-0.10000000149011612,0.2735674108056629,0.44780213303718536,0.03253122411334796,0.4803333571505333,0.07683174312114717,-2.3997927914356847,0.11247361557840596,0.46070375667793034,0.47585469484329224,0.53719162940979,False,False,False,-0.27390762871592045,False
pirl,1,10,0,0.26574270375954406,200,-44.531978663721915,0.36216457240309263,72.43291448061852,0.46932851229363914,0.8762138995886324,1,0,1,0.005,0.0,0.005,178,1.6162546873092651,-1.540766716003418,0.7405956387519836,0.46826156973838806,0.0015762317925691605,-0.10000000149011612,0.2721104834007935,0.42130384966117235,0.03068128338038059,0.4519851330415529,0.03782956302165985,-2.3998050549299887,0.08956683948000202,0.46107695184243036,0.4761229455471039,0.5322795510292053,False,False,False,-0.27243648839637286,False
pirl,1,10,0,0.26574270375954406,200,-44.531978663721915,0.36216457240309263,72.43291448061852,0.46932851229363914,0.8762138995886324,1,0,1,0.005,0.0,0.005,179,1.6164122819900513,-1.550765872001648,0.7405956387519836,0.46826156973838806,4.719570279121399e-05,-0.10000000149011612,0.27068700983031163,0.39654901917938773,0.02895376656509424,0.42550278574448197,0.0011326968669891357,-2.3998165115484524,0.06993289690606479,0.4613683389128723,0.4764234721660614,0.5272913575172424,False,False,False,-0.27099976123957514,False
pirl,1,10,0,0.26574270375954406,200,-44.531978663721915,0.36216457240309263,72.43291448061852,0.46932851229363914,0.8762138995886324,1,0,1,0.005,0.0,0.005,180,1.6164170503616333,-1.5607651472091675,0.7405956387519836,0.46826156973838806,-0.0013919416815042496,-0.10000000149011612,0.2693096752947186,0.37337899745350533,0.027337473740628365,0.40071647119413367,-0.03340660035610199,-2.399827234712117,0.07807853696027857,0.4616936661502068,0.4767492711544037,0.5222318172454834,False,False,False,-0.26961004321756055,False
pirl,1,10,0,0.26574270375954406,200,-44.531978663721915,0.36216457240309263,72.43291448061852,0.46932851229363914,0.8762138995886324,1,0,1,0.005,0.0,0.005,181,1.616277813911438,-1.570764422416687,0.7405956387519836,0.46826156973838806,-0.0027468688786029816,-0.10000000149011612,0.2679904947568079,0.35167561401966857,0.02582389395875779,0.37749950797842635,-0.06592485308647156,-2.3998372791106655,0.08515730660236898,0.46204848826105,0.4770938456058502,0.517105221748352,False,False,False,-0.2682792822345768,False
pirl,1,10,0,0.26574270375954406,200,-44.531978663721915,0.36216457240309263,72.43291448061852,0.46932851229363914,0.8762138995886324,1,0,1,0.005,0.0,0.005,182,1.616003155708313,-1.5807636976242065,0.7405956387519836,0.46826156973838806,-0.004022965207695961,-0.10000000149011612,0.2667410878605557,0.33136136235327407,0.02440740944324235,0.35576877179651645,-0.09655116498470306,-2.39984668061438,0.09056736610088817,0.4624258522864704,0.47745099663734436,0.5119158625602722,False,False,False,-0.2670190531388977,False
pirl,1,10,0,0.26574270375954406,200,-44.531978663721915,0.36216457240309263,72.43291448061852,0.46932851229363914,0.8762138995886324,1,0,1,0.005,0.0,0.005,183,1.615600824356079,-1.5907630920410156,0.7405956387519836,0.46826156973838806,-0.0052254293113946915,-0.10000000149011612,0.26557237445098497,0.3123894126915329,0.02308475631882568,0.3354741690103586,-0.1254103034734726,-2.3998554608962315,0.09457692956273761,0.4628199228263151,0.47781500220298767,0.5066674947738647,False,False,False,-0.26584024797201217,False
pirl,1,10,0,0.26574270375954406,200,-44.531978663721915,0.36216457240309263,72.43291448061852,0.46932851229363914,0.8762138995886324,1,0,1,0.005,0.0,0.005,184,1.615078330039978,-1.6007624864578247,0.7405956387519836,0.46826156973838806,-0.00635884515941143,-0.10000000149011612,0.26449481695362137,0.294600743373325,0.021844794903707842,0.3164455382770328,-0.15261228382587433,-2.3998636935519753,0.0973842224455011,0.463225690419838,0.478180468082428,0.5013641119003296,False,False,False,-0.2647532417020394,False
pirl,1,10,0,0.26574270375954406,200,-44.531978663721915,0.36216457240309263,72.43291448061852,0.46932851229363914,0.8762138995886324,1,0,1,0.005,0.0,0.005,185,1.6144424676895142,-1.6107618808746338,0.7405956387519836,0.46826156973838806,-0.007427474483847618,-0.10000000149011612,0.2635181356706454,0.2779119369425179,0.020681657285481436,0.29859359422799936,-0.17825938761234283,-2.3998714171874918,0.09917372986902763,0.4636389142942923,0.4785424470901489,0.49600908160209656,False,False,False,-0.26376770793211535,False
pirl,1,10,0,0.26574270375954406,200,-44.531978663721915,0.36216457240309263,72.43291448061852,0.46932851229363914,0.8762138995886324,1,0,1,0.005,0.0,0.005,186,1.6136996746063232,-1.6207613945007324,0.7405956387519836,0.46826156973838806,-0.008435523137450218,-0.10000000149011612,0.26265168058735816,0.26230851294948965,0.019594343771426572,0.2819028567209162,-0.2024525552988052,-2.39987863850438,0.1001290757758119,0.46405611877669156,0.4788961410522461,0.4906059205532074,False,False,False,-0.2628929871789352,False
pirl,1,10,0,0.26574270375954406,200,-44.531978663721915,0.36216457240309263,72.43291448061852,0.46932851229363914,0.8762138995886324,1,0,1,0.005,0.0,0.005,187,1.612856149673462,-1.630760908126831,0.7405956387519836,0.46826156973838806,-0.009386826306581497,-0.10000000149011612,0.26190398130061615,0.24769463518971552,0.018576159563910732,0.26627079475362625,-0.22528383135795596,-2.3998854018559572,0.10038225058232658,0.4644743781541179,0.47923725843429565,0.48515784740448,False,False,False,-0.26213755629863944,False
pirl,1,10,0,0.26574270375954406,200,-44.531978663721915,0.36216457240309263,72.43291448061852,0.46932851229363914,0.8762138995886324,1,0,1,0.005,0.0,0.005,188,1.611917495727539,-1.6407604217529297,0.7405956387519836,0.46826156973838806,-0.010284706950187683,-0.10000000149011612,0.2612830940357481,0.2339378353644843,0.01761780474618912,0.2515556401106734,-0.24683296680450437,-2.3998917685489953,0.10002439454112205,0.4648911464647059,0.4795616567134857,0.4796680212020874,False,False,False,-0.2615093993434987,False
pirl,1,10,0,0.26574270375954406,200,-44.531978663721915,0.36216457240309263,72.43291448061852,0.46932851229363914,0.8762138995886324,1,0,1,0.005,0.0,0.005,189,1.610888957977295,-1.6507599353790283,0.7405956387519836,0.46826156973838806,-0.011132605373859406,-0.10000000149011612,0.2607963486741413,0.22106845423794771,0.01672140607597646,0.23778986031392418,-0.26718252897262573,-2.3998977245416877,0.09919529307223751,0.46530446018584026,0.47986555099487305,0.47413936257362366,False,False,False,-0.2610158613706786,False
pirl,1,10,0,0.26574270375954406,200,-44.531978663721915,0.36216457240309263,72.43291448061852,0.46932851229363914,0.8762138995886324,1,0,1,0.005,0.0,0.005,190,1.6097757816314697,-1.6607595682144165,0.7405956387519836,0.46826156973838806,-0.01193377748131752,-0.10000000149011612,0.26045053780989985,0.20903888148998737,0.015883667057651818,0.22492254854763918,-0.2864106595516205,-2.3999032918682484,0.09799022877807817,0.4657127528057489,0.48014530539512634,0.46857473254203796,False,False,False,-0.26066370864915756,False
pirl,1,10,0,0.26574270375954406,200,-44.531978663721915,0.36216457240309263,72.43291448061852,0.46932851229363914,0.8762138995886324,1,0,1,0.005,0.0,0.005,191,1.6085823774337769,-1.6707590818405151,0.7405956387519836,0.46826156973838806,-0.012690775096416473,-0.10000000149011612,0.2602517033151027,0.1976670841748358,0.01509181520660164,0.21275889938143744,-0.3045786023139953,-2.399908554774136,0.09642414064284802,0.46611452005842746,0.48039761185646057,0.46297693252563477,False,False,False,-0.2604588848287354,False
pirl,1,10,0,0.26574270375954406,200,-44.531978663721915,0.36216457240309263,72.43291448061852,0.46932851229363914,0.8762138995886324,1,0,1,0.005,0.0,0.005,192,1.6073132753372192,-1.6807587146759033,0.7405956387519836,0.46826156973838806,-0.013406522572040558,-0.10000000149011612,0.2602052000093172,0.18704939715957097,0.01435259247731288,0.20140198963688385,-0.32175654172897333,-2.399913468675251,0.09462934715926308,0.4665088090049244,0.4806194007396698,0.4573485851287842,False,False,False,-0.26040679567879443,False
pirl,1,10,0,0.26574270375954406,200,-44.531978663721915,0.36216457240309263,72.43291448061852,0.46932851229363914,0.8762138995886324,1,0,1,0.005,0.0,0.005,193,1.6059726476669312,-1.6907583475112915,0.7405956387519836,0.46826156973838806,-0.014083601534366608,-0.10000000149011612,0.2603157961648359,0.17709730930169337,0.013659844606655426,0.1907571539083488,-0.33800643682479853,-2.3999180745348476,0.09264253845517434,0.466894819581821,0.48080772161483765,0.45169222354888916,False,False,False,-0.2605121616099332,False
pirl,1,10,0,0.26574270375954406,200,-44.531978663721915,0.36216457240309263,72.43291448061852,0.46932851229363914,0.8762138995886324,1,0,1,0.005,0.0,0.005,194,1.6045643091201782,-1.7007579803466797,0.7405956387519836,0.46826156973838806,-0.014724291861057281,-0.10000000149011612,0.26058753942526913,0.16773283364893762,0.013008092538771573,0.1807409261877092,-0.3533830046653748,-2.399922408445546,0.09049234551083027,0.46727187102144946,0.48095986247062683,0.4460102617740631,False,False,False,-0.26077898810062417,False
pirl,1,10,0,0.26574270375954406,200,-44.531978663721915,0.36216457240309263,72.43291448061852,0.46932851229363914,0.8762138995886324,1,0,1,0.005,0.0,0.005,195,1.603091835975647,-1.7107577323913574,0.7405956387519836,0.46826156973838806,-0.015330787748098373,-0.10000000149011612,0.26102376228184904,0.15893386009339897,0.012395784786058402,0.17132964487945737,-0.36793890595436096,-2.3999264806399796,0.08822692275824442,0.4676394831996088,0.4810733199119568,0.4403051435947418,False,False,False,-0.26121059544622344,False
pirl,1,10,0,0.26574270375954406,200,-44.531978663721915,0.36216457240309263,72.43291448061852,0.46932851229363914,0.8762138995886324,1,0,1,0.005,0.0,0.005,196,1.601558804512024,-1.7207573652267456,0.7405956387519836,0.46826156973838806,-0.015905223786830902,-0.10000000149011612,0.26162712017283046,0.1506850480544065,0.01182186335841087,0.16250691141281737,-0.38172537088394165,-2.399930298217822,0.08589195391047423,0.46799736634090244,0.4811457693576813,0.43457913398742676,False,False,False,-0.26180963061002893,False
pirl,1,10,0,0.26574270375954406,200,-44.531978663721915,0.36216457240309263,72.43291448061852,0.46932851229363914,0.8762138995886324,1,0,1,0.005,0.0,0.005,197,1.5999681949615479,-1.7307571172714233,0.7405956387519836,0.46826156973838806,-0.01644938811659813,-0.10000000149011612,0.262399685718815,0.14289687763732942,0.011280057834105536,0.15417693547143496,-0.3947853147983551,-2.3999339026091775,0.08348498204121725,0.46834522043274085,0.4811749756336212,0.42883434891700745,False,False,False,-0.26257811807161485,False
pirl,1,10,0,0.26574270375954406,200,-44.531978663721915,0.36216457240309263,72.43291448061852,0.46932851229363914,0.8762138995886324,1,0,1,0.005,0.0,0.005,198,1.5983233451843262,-1.740756869316101,0.7405956387519836,0.46826156973838806,-0.016965351998806,-0.10000000149011612,0.2633427625407088,0.13564261386986415,0.010775511700490618,0.14641812557035477,-0.40716844797134394,-2.3999372599067472,0.08108994459273743,0.46868309520187723,0.48115894198417664,0.42307305335998535,False,False,False,-0.2635174005145839,False
pirl,1,10,0,0.26574270375954406,200,-44.531978663721915,0.36216457240309263,72.43291448061852,0.46932851229363914,0.8762138995886324,1,0,1,0.005,0.0,0.005,199,1.5966267585754395,-1.7507566213607788,0.7405956387519836,0.46826156973838806,-0.017454594373703003,-0.10000000149011612,0.26445706554891857,0.1287691915693041,0.01029751668855751,0.1390667082578616,-0.41891026496887207,-2.3999404409496106,0.07865616290234731,0.46901082921397036,0.4810957908630371,0.41729727387428284,False,False,False,-0.2646281107912535,False
pirl,1,10,0,0.26574270375954406,200,-44.531978663721915,0.36216457240309263,72.43291448061852,0.46932851229363914,0.8762138995886324,1,0,1,0.005,0.0,0.005,200,1.594881296157837,-1.7607563734054565,0.7405956387519836,0.46826156973838806,-0.01791878044605255,-0.10000000149011612,0.26574270375954406,0.12232479472862727,0.009849428754546299,0.13217422348317356,-0.4300507307052613,-2.399943423438055,0.0762439391205123,0.46932851229363914,0.48098376393318176,0.41150903701782227,False,False,False,-0.2659103836057417,True
