mode,seed,episode_idx,success,final_distance,length,return,tau_effort,tau_sum_total,energy,target_radius,torque_sat1_count,torque_sat2_count,torque_sat_any_count,torque_sat1_rate,torque_sat2_rate,torque_sat_any_rate,step,theta1,theta2,target_x,target_y,action0,action1,distance,tau1,tau2,tau_sum,omega1,omega2,power,cumulative_energy,tip_x,tip_y,sat1,sat2,sat_any,reward,done
pure,2,13,0,0.21699369787800854,200,-49.94088151048387,21.19434637234711,4238.869274469422,40.03847209363504,0.48305871852172694,171,0,171,0.855,0.0,0.855,1,0.0,0.0,0.280809611082077,-0.3930543065071106,-0.10000000149011612,0.10000000149011612,0.48793933562950714,20.0,16.02846281139811,36.028462811398114,6.692027025700523,-55.238522533411334,1019.2291446973707,4.246788102905711,0.46241962909698486,0.059828221797943115,True,False,True,-0.48808075699226483,False
pure,2,13,0,0.21699369787800854,200,-49.94088151048387,21.19434637234711,4238.869274469422,40.03847209363504,0.48305871852172694,171,0,171,0.855,0.0,0.855,2,-0.10000000149011612,0.10000000149011612,0.280809611082077,-0.3930543065071106,-0.10000000149011612,0.10000000149011612,0.5056027505700871,20.0,6.731521923201509,26.73152192320151,8.011154030295094,-47.31467024430743,478.7228206445074,6.241466522257825,0.5499604344367981,0.034954994916915894,True,False,True,-0.5057441719328447,False
pure,2,13,0,0.21699369787800854,200,-49.94088151048387,21.19434637234711,4238.869274469422,40.03847209363504,0.48305871852172694,171,0,171,0.855,0.0,0.855,3,-0.20000000298023224,0.20000000298023224,0.280809611082077,-0.3930543065071106,-0.10000000149011612,0.10000000149011612,0.5272806400548128,20.0,6.266305496932434,26.266305496932432,9.37471473563547,-40.18320318411389,439.29452170967517,8.071860362714805,0.6188058853149414,0.011647284030914307,True,False,True,-0.5274220614175704,False
pure,2,13,0,0.21699369787800854,200,-49.94088151048387,21.19434637234711,4238.869274469422,40.03847209363504,0.48305871852172694,171,0,171,0.855,0.0,0.855,4,-0.30000001192092896,0.30000001192092896,0.280809611082077,-0.3930543065071106,-0.10000000149011612,0.10000000149011612,0.5518133482841567,20.0,5.831262285017263,25.831262285017264,10.779294273703846,-33.76488282993971,412.47777327833126,9.79051775137452,0.6725764870643616,-0.004445672035217285,True,False,True,-0.5519547696469144,False
pure,2,13,0,0.21699369787800854,200,-49.94088151048387,21.19434637234711,4238.869274469422,40.03847209363504,0.48305871852172694,171,0,171,0.855,0.0,0.855,5,-0.4000000059604645,0.4000000059604645,0.280809611082077,-0.3930543065071106,-0.10000000149011612,0.10000000149011612,0.5712026432783914,20.0,2.6008436404600084,22.60084364046001,8.510994129332467,-27.98839451118296,243.01332045774535,10.803073253281791,0.7142633199691772,-0.021045804023742676,True,False,True,-0.5713440646411491,False
pure,2,13,0,0.21699369787800854,200,-49.94088151048387,21.19434637234711,4238.869274469422,40.03847209363504,0.48305871852172694,171,0,171,0.855,0.0,0.855,6,-0.5,0.5,0.280809611082077,-0.3930543065071106,-0.10000000149011612,0.10000000149011612,0.5852799282458562,20.0,2.2132243120430966,22.213224312043096,6.285778258666518,-22.78955502430188,176.1539624137592,11.537048096672455,0.7460079193115234,-0.03788799047470093,True,False,True,-0.5854213496086138,False
pure,2,13,0,0.21699369787800854,200,-49.94088151048387,21.19434637234711,4238.869274469422,40.03847209363504,0.48305871852172694,171,0,171,0.855,0.0,0.855,7,-0.6000000238418579,0.6000000238418579,0.280809611082077,-0.3930543065071106,-0.10000000149011612,0.10000000149011612,0.5942438134118002,20.0,1.8607546520364884,21.860754652036487,4.099136830481525,-18.110599486108896,115.68211885457727,12.019056925233194,0.7695518136024475,-0.05503544211387634,True,False,True,-0.5943852347745578,False
pure,2,13,0,0.21699369787800854,200,-49.94088151048387,21.19434637234711,4238.869274469422,40.03847209363504,0.48305871852172694,171,0,171,0.855,0.0,0.855,8,-0.699999988079071,0.699999988079071,0.280809611082077,-0.3930543065071106,-0.10000000149011612,0.10000000149011612,0.5984017814897744,20.0,1.5406951644577582,21.54069516445776,1.9468904067001342,-13.899539501735227,60.35276143251575,12.270526764535344,0.7862574458122253,-0.07273077964782715,True,False,True,-0.598543202852532,False
pure,2,13,0,0.21699369787800854,200,-49.94088151048387,21.19434637234711,4238.869274469422,40.03847209363504,0.48305871852172694,171,0,171,0.855,0.0,0.855,9,-0.800000011920929,0.800000011920929,0.280809611082077,-0.3930543065071106,-0.10000000149011612,0.10000000149011612,0.5980524237223386,20.0,1.2503913154553277,21.250391315455328,-0.174826841089172,-10.109585515798914,16.13747475359137,12.337766242675308,0.797150731086731,-0.09129524230957031,True,False,True,-0.5981938450850962,False
pure,2,13,0,0.21699369787800854,200,-49.94088151048387,21.19434637234711,4238.869274469422,40.03847209363504,0.48305871852172694,171,0,171,0.855,0.0,0.855,10,-0.9000000357627869,0.9000000357627869,0.280809611082077,-0.3930543065071106,-0.10000000149011612,0.10000000149011612,0.5934384066905105,20.0,0.9873066178900917,20.98730661789009,-2.2695806584787683,-6.698626928456237,52.005211866816985,12.554454625453712,0.8029680252075195,-0.11106190085411072,True,False,True,-0.5935798280532681,False
pure,2,13,0,0.21699369787800854,200,-49.94088151048387,21.19434637234711,4238.869274469422,40.03847209363504,0.48305871852172694,171,0,171,0.855,0.0,0.855,11,-1.0,1.0,0.280809611082077,-0.3930543065071106,-0.10000000149011612,0.10000000149011612,0.5847371334806184,20.0,0.7496907367526304,20.74969073675263,-4.33979833107039,-3.6287641998478293,89.51641752789328,12.9274396984866,0.8042017817497253,-0.13232813775539398,True,False,True,-0.584878554843376,False
pure,2,13,0,0.21699369787800854,200,-49.94088151048387,21.19434637234711,4238.869274469422,40.03847209363504,0.48305871852172694,171,0,171,0.855,0.0,0.855,12,-1.100000023841858,1.100000023841858,0.280809611082077,-0.3930543065071106,-0.10000000149011612,0.10000000149011612,0.572068227696337,20.0,0.5357330295014745,20.535733029501475,-6.387059222997168,-0.8658877441002595,128.20506912429838,13.46162748650451,0.8011420965194702,-0.1553230583667755,True,False,True,-0.5722096490590947,False
pure,2,13,0,0.21699369787800854,200,-49.94088151048387,21.19434637234711,4238.869274469422,40.03847209363504,0.48305871852172694,171,0,171,0.855,0.0,0.855,13,-1.2000000476837158,1.2000000476837158,0.280809611082077,-0.3930543065071106,-0.10000000149011612,0.10000000149011612,0.5555075045188156,20.0,0.34328531173928706,20.343285311739287,-8.412754148824767,1.6207010660725523,168.81144584719826,14.165008510867835,0.7939133644104004,-0.18018554151058197,True,False,True,-0.5556489258815732,False
pure,2,13,0,0.21699369787800854,200,-49.94088151048387,21.19434637234711,4238.869274469422,40.03847209363504,0.48305871852172694,171,0,171,0.855,0.0,0.855,14,-1.3000000715255737,1.3000000715255737,0.280809611082077,-0.3930543065071106,-0.10000000149011612,0.10000000149011612,0.535103318708584,20.0,0.17035321618874014,20.17035321618874,-10.418098370172707,3.858630995228083,209.0192976035768,15.035922250882738,0.7825064659118652,-0.20694731175899506,True,False,True,-0.5352447400713416,False
pure,2,13,0,0.21699369787800854,200,-49.94088151048387,21.19434637234711,4238.869274469422,40.03847209363504,0.48305871852172694,171,0,171,0.855,0.0,0.855,15,-1.399999976158142,1.399999976158142,0.280809611082077,-0.3930543065071106,-0.0535624660551548,0.10000000149011612,0.5108946489868518,20.0,0.015093783396710608,20.01509378339671,-12.404144736308865,5.872767931468062,248.17153701327402,16.06997032177138,0.7668099403381348,-0.2355201542377472,True,False,True,-0.5110080903349277,False
pure,2,13,0,0.21699369787800854,200,-49.94088151048387,21.19434637234711,4238.869274469422,40.03847209363504,0.48305871852172694,171,0,171,0.855,0.0,0.855,16,-1.4535624980926514,1.5,0.280809611082077,-0.3930543065071106,-0.0009820368140935898,0.10000000149011612,0.48666010461179554,1.257403318988417,1.3770007380365517,2.6344040570249687,-12.399888859525005,7.685450091024364,26.17453185453787,16.17903087116529,0.7487969398498535,-0.2595406174659729,False,False,False,-0.48676010944126186,False
pure,2,13,0,0.21699369787800854,200,-49.94088151048387,21.19434637234711,4238.869274469422,40.03847209363504,0.48305871852172694,171,0,171,0.855,0.0,0.855,17,-1.4545445442199707,1.600000023841858,0.280809611082077,-0.3930543065071106,-0.09964853525161743,0.10000000149011612,0.46010172199942484,11.337611466014136,0.36196674307600624,11.699578209090143,-13.551464819611324,9.316972360493837,157.01367706076968,16.83325452558516,0.7274959683418274,-0.28275978565216064,False,False,False,-0.4602428950492324,False
pure,2,13,0,0.21699369787800854,200,-49.94088151048387,21.19434637234711,4238.869274469422,40.03847209363504,0.48305871852172694,171,0,171,0.855,0.0,0.855,18,-1.5541930198669434,1.7000000476837158,0.280809611082077,-0.3930543065071106,0.08670330047607422,0.10000000149011612,0.43657701952781247,20.0,2.4621975733004278,22.46219757330043,-11.78186275377267,10.785249000457794,262.19266899182145,17.925723979717752,0.7065787315368652,-0.2965134382247925,True,False,True,-0.4367093730720477,False
pure,2,13,0,0.21699369787800854,200,-49.94088151048387,21.19434637234711,4238.869274469422,40.03847209363504,0.48305871852172694,171,0,171,0.855,0.0,0.855,19,-1.4674897193908691,1.8000000715255737,0.280809611082077,-0.3930543065071106,-0.10000000149011612,0.10000000149011612,0.4134675678531053,5.651252393148602,1.3441345270990943,6.995386920247697,-11.33725288660993,12.106539493160252,80.34249524363072,18.260484376566215,0.6848573684692383,-0.30529993772506714,False,False,False,-0.413608989215863,False
pure,2,13,0,0.21699369787800854,200,-49.94088151048387,21.19434637234711,4238.869274469422,40.03847209363504,0.48305871852172694,171,0,171,0.855,0.0,0.855,20,-1.567489743232727,1.899999976158142,0.280809611082077,-0.3930543065071106,-0.06686011701822281,0.10000000149011612,0.3890278743056484,4.307837171751156,0.5473629646386216,4.855200136389778,-11.808170406386283,13.29621097231495,58.14552886326966,18.502757413496504,0.6613022089004517,-0.3120107352733612,False,False,False,-0.3891481667606064,False
pure,2,13,0,0.21699369787800854,200,-49.94088151048387,21.19434637234711,4238.869274469422,40.03847209363504,0.48305871852172694,171,0,171,0.855,0.0,0.855,21,-1.6343498229980469,2.0,0.280809611082077,-0.3930543065071106,0.0270257368683815,0.10000000149011612,0.36745590286575003,20.0,2.180542571265018,22.18054257126502,-10.014805083393336,14.366449161152856,231.62275566167511,19.467852228753483,0.6389225721359253,-0.3107199966907501,True,False,True,-0.36755949047080916,False
pure,2,13,0,0.21699369787800854,200,-49.94088151048387,21.19434637234711,4238.869274469422,40.03847209363504,0.48305871852172694,171,0,171,0.855,0.0,0.855,22,-1.6073241233825684,2.1000001430511475,0.280809611082077,-0.3930543065071106,-0.10000000149011612,0.10000000149011612,0.34299533208740257,14.05998776809543,0.30085299463247916,14.360840762727909,-11.377255208329952,15.329836722003543,164.57609634866085,20.15358596353957,0.6136629581451416,-0.3102627694606781,False,False,False,-0.34313675345016026,False
pure,2,13,0,0.21699369787800854,200,-49.94088151048387,21.19434637234711,4238.869274469422,40.03847209363504,0.48305871852172694,171,0,171,0.855,0.0,0.855,23,-1.7073241472244263,2.200000047683716,0.280809611082077,-0.3930543065071106,0.04798085615038872,0.10000000149011612,0.32175839737868633,20.0,2.037904072693815,22.037904072693816,-9.570641911609826,16.196820644362788,224.4204049880347,21.08867098432305,0.5896084308624268,-0.3026565909385681,True,False,True,-0.3218693124956521,False
pure,2,13,0,0.21699369787800854,200,-49.94088151048387,21.19434637234711,4238.869274469422,40.03847209363504,0.48305871852172694,171,0,171,0.855,0.0,0.855,24,-1.6593432426452637,2.299999952316284,0.280809611082077,-0.3930543065071106,-0.10000000149011612,0.10000000149011612,0.2988623287413101,9.851726557425986,0.13057909038111598,9.982305647807102,-10.530924984489436,16.977161346993785,105.96465562989931,21.53019038278096,0.5631903409957886,-0.2951778173446655,False,False,False,-0.29900375010406777,False
pure,2,13,0,0.21699369787800854,200,-49.94088151048387,21.19434637234711,4238.869274469422,40.03847209363504,0.48305871852172694,171,0,171,0.855,0.0,0.855,25,-1.7593432664871216,2.4000000953674316,0.280809611082077,-0.3930543065071106,0.017871525138616562,0.062172554433345795,0.2795365125810558,15.70620893973275,0.9778000805407437,16.684009020273493,-9.048915882713692,16.771527547791454,158.52336451898924,22.190704401610084,0.5381832122802734,-0.28396955132484436,False,False,False,-0.2796012027462775,False
pure,2,13,0,0.21699369787800854,200,-49.94088151048387,21.19434637234711,4238.869274469422,40.03847209363504,0.48305871852172694,171,0,171,0.855,0.0,0.855,26,-1.741471767425537,2.462172508239746,0.280809611082077,-0.3930543065071106,-0.07897142320871353,-0.010099254548549652,0.25933507078788065,12.220069661604123,2.2067661019382454,14.426835763542368,-10.039338451451448,14.852057119328373,155.456431428142,22.838439532560677,0.513216495513916,-0.2779816687107086,False,False,False,-0.25941468536010764,False
pure,2,13,0,0.21699369787800854,200,-49.94088151048387,21.19434637234711,4238.869274469422,40.03847209363504,0.48305871852172694,171,0,171,0.855,0.0,0.855,27,-1.8204431533813477,2.452073335647583,0.280809611082077,-0.3930543065071106,0.10000000149011612,0.027589835226535797,0.24407845417400134,20.0,0.8410892990130487,20.84108929901305,-8.116122245158813,14.028979256949915,174.12206923227288,23.563948154361814,0.4909038245677948,-0.26881781220436096,True,False,True,-0.2441821903734399,False
pure,2,13,0,0.21699369787800854,200,-49.94088151048387,21.19434637234711,4238.869274469422,40.03847209363504,0.48305871852172694,171,0,171,0.855,0.0,0.855,28,-1.7204431295394897,2.479663133621216,0.280809611082077,-0.3930543065071106,-0.10000000149011612,-0.03505859524011612,0.22957966486737688,2.9381782999568697,1.785308044973169,4.723486344930039,-8.223792381790425,11.784771044407218,45.20241487327431,23.752291549667124,0.4703741669654846,-0.2635471820831299,False,False,False,-0.2296856323368903,False
pure,2,13,0,0.21699369787800854,200,-49.94088151048387,21.19434637234711,4238.869274469422,40.03847209363504,0.48305871852172694,171,0,171,0.855,0.0,0.855,29,-1.8204431533813477,2.4446046352386475,0.280809611082077,-0.3930543065071106,0.10000000149011612,0.03562260419130325,0.2200946817070092,20.0,1.1907166128642175,21.190716612864218,-6.338819896713262,11.461140441642689,140.4233682604991,24.337388917419204,0.45205411314964294,-0.25479012727737427,True,False,True,-0.22020083711741817,False
pure,2,13,0,0.21699369787800854,200,-49.94088151048387,21.19434637234711,4238.869274469422,40.03847209363504,0.48305871852172694,171,0,171,0.855,0.0,0.855,30,-1.7204431295394897,2.48022723197937,0.280809611082077,-0.3930543065071106,-0.10000000149011612,-0.035646967589855194,0.2103476299307609,6.18883303391981,1.8461040122103738,8.034937046130183,-6.767531153940053,9.459701382674963,59.34671304045392,24.584666888421097,0.4351828992366791,-0.2501732110977173,False,False,False,-0.21045379352190735,False
pure,2,13,0,0.21699369787800854,200,-49.94088151048387,21.19434637234711,4238.869274469422,40.03847209363504,0.48305871852172694,171,0,171,0.855,0.0,0.855,31,-1.8204431533813477,2.444580316543579,0.280809611082077,-0.3930543065071106,0.10000000149011612,0.03564884513616562,0.20550558433733246,20.0,1.3532620900045924,21.35326209000459,-4.901029652320917,9.369101320322375,110.69944268062257,25.045914566257025,0.42024701833724976,-0.242091566324234,True,False,True,-0.2056117485543277,False
pure,2,13,0,0.21699369787800854,200,-49.94088151048387,21.19434637234711,4238.869274469422,40.03847209363504,0.48305871852172694,171,0,171,0.855,0.0,0.855,32,-1.7204431295394897,2.480229139328003,0.280809611082077,-0.3930543065071106,-0.10000000149011612,-0.0356488898396492,0.1993738276379625,8.933852995424763,1.8939454897412016,10.827798485165964,-5.600675073313955,7.576909727356442,64.38586178442965,25.314188990358815,0.4064461290836334,-0.23824673891067505,False,False,False,-0.1994799918698589,False
pure,2,13,0,0.21699369787800854,200,-49.94088151048387,21.19434637234711,4238.869274469422,40.03847209363504,0.48305871852172694,171,0,171,0.855,0.0,0.855,33,-1.8204431533813477,2.444580078125,0.280809611082077,-0.3930543065071106,0.10000000149011612,0.0356491282582283,0.19789952477153963,20.0,1.4848648514024707,21.48486485140247,-3.74882854719121,7.67450593760039,86.37217506244659,25.67407305311901,0.3943130373954773,-0.2309395670890808,True,False,True,-0.19800568908539243,False
pure,2,13,0,0.21699369787800854,200,-49.94088151048387,21.19434637234711,4238.869274469422,40.03847209363504,0.48305871852172694,171,0,171,0.855,0.0,0.855,34,-1.7204431295394897,2.480229377746582,0.280809611082077,-0.3930543065071106,-0.10000000149011612,-0.035649336874485016,0.1942631387270099,11.136601565453866,1.9311864402486052,13.067788005702472,-4.665724711263437,6.051496954803524,63.64688598575546,25.93926841139299,0.38305723667144775,-0.22787687182426453,False,False,False,-0.19436930310791792,False
pure,2,13,0,0.21699369787800854,200,-49.94088151048387,21.19434637234711,4238.869274469422,40.03847209363504,0.48305871852172694,171,0,171,0.855,0.0,0.855,35,-1.8204431533813477,2.444580078125,0.280809611082077,-0.3930543065071106,0.10000000149011612,0.0356491282582283,0.19500075187465138,20.0,1.591944769596429,21.59194476959643,-2.825603097066567,6.301900641569831,66.54433970619482,26.216536493502137,0.37322431802749634,-0.22134289145469666,True,False,True,-0.19510691618850418,False
pure,2,13,0,0.21699369787800854,200,-49.94088151048387,21.19434637234711,4238.869274469422,40.03847209363504,0.48305871852172694,171,0,171,0.855,0.0,0.855,36,-1.7204431295394897,2.480229139328003,0.280809611082077,-0.3930543065071106,-0.10000000149011612,-0.0356488898396492,0.19292765463517705,12.902190497553153,1.9596946993446607,14.861885196897815,-3.916591930430438,4.816166991029946,59.970832111073065,26.466414960631607,0.3640609383583069,-0.2190132439136505,False,False,False,-0.19303381886707346,False
pure,2,13,0,0.21699369787800854,200,-49.94088151048387,21.19434637234711,4238.869274469422,40.03847209363504,0.48305871852172694,171,0,171,0.855,0.0,0.855,37,-1.8204431533813477,2.444580078125,0.280809611082077,-0.3930543065071106,0.10000000149011612,0.0356491282582283,0.19497989822202735,20.0,1.6786520835151681,21.678652083515168,-2.0858398634278195,5.19009960035575,50.42916877634481,26.67653649719971,0.3561054766178131,-0.2131996750831604,True,False,True,-0.19508606253588015,False
pure,2,13,0,0.21699369787800854,200,-49.94088151048387,21.19434637234711,4238.869274469422,40.03847209363504,0.48305871852172694,171,0,171,0.855,0.0,0.855,38,-1.7204431295394897,2.480229377746582,0.280809611082077,-0.3930543065071106,-0.10000000149011612,-0.035649336874485016,0.19379022547026017,14.317380132488259,1.9816335438283244,16.299013676316584,-3.316348751044611,3.8155385904279857,55.042424979171905,26.905879934612926,0.3486538231372833,-0.2115279734134674,False,False,False,-0.1938963898511682,False
pure,2,13,0,0.21699369787800854,200,-49.94088151048387,21.19434637234711,4238.869274469422,40.03847209363504,0.48305871852172694,171,0,171,0.855,0.0,0.855,39,-1.8204431533813477,2.444580078125,0.280809611082077,-0.3930543065071106,0.10000000149011612,0.0356491282582283,0.19653793721332066,20.0,1.7489821753484125,21.748982175348413,-1.4931150990907753,4.289530774487218,37.36461484700212,27.061565829808767,0.3422253727912903,-0.2063586711883545,True,False,True,-0.19664410152717346,False
pure,2,13,0,0.21699369787800854,200,-49.94088151048387,21.19434637234711,4238.869274469422,40.03847209363504,0.48305871852172694,171,0,171,0.855,0.0,0.855,40,-1.7204431295394897,2.480229139328003,0.280809611082077,-0.3930543065071106,-0.10000000149011612,-0.0356488898396492,0.19578275919687746,15.451124032443767,1.9984295904808604,17.449553622924626,-2.8354023660310705,3.0050399919175215,49.81551447985694,27.26913047347484,0.33616945147514343,-0.20526140928268433,False,False,False,-0.19588892342877387,False
pure,2,13,0,0.21699369787800854,200,-49.94088151048387,21.19434637234711,4238.869274469422,40.03847209363504,0.48305871852172694,171,0,171,0.855,0.0,0.855,41,-1.8204431533813477,2.444580316543579,0.280809611082077,-0.3930543065071106,0.10000000149011612,0.03564884513616562,0.198834523191791,20.0,1.806007774381951,21.80600777438195,-1.0182123406501633,3.5600726249631442,26.793765651051064,27.38077116368755,0.33098044991493225,-0.2006535530090332,True,False,True,-0.19894068740878626,False
pure,2,13,0,0.21699369787800854,200,-49.94088151048387,21.19434637234711,4238.869274469422,40.03847209363504,0.48305871852172694,171,0,171,0.855,0.0,0.855,42,-1.7204431295394897,2.480229139328003,0.280809611082077,-0.3930543065071106,-0.10000000149011612,-0.0356488898396492,0.19823938328607948,16.3591704881135,2.0112669152666136,18.370437403380112,-2.4500408953629513,2.3485297525197675,44.80415690085506,27.567455150774446,0.32605987787246704,-0.20004844665527344,False,False,False,-0.1983455475179759,False
pure,2,13,0,0.21699369787800854,200,-49.94088151048387,21.19434637234711,4238.869274469422,40.03847209363504,0.48305871852172694,171,0,171,0.855,0.0,0.855,43,-1.8204431533813477,2.444580078125,0.280809611082077,-0.3930543065071106,0.10000000149011612,0.0356491282582283,0.20136506186941971,20.0,1.8522474893181162,21.852247489318117,-0.63771737125823,2.969218109260758,18.254074213280724,27.64351379332978,0.3218754529953003,-0.1959211528301239,True,False,True,-0.2014712261832725,False
pure,2,13,0,0.21699369787800854,200,-49.94088151048387,21.19434637234711,4238.869274469422,40.03847209363504,0.48305871852172694,171,0,171,0.855,0.0,0.855,44,-1.7204431295394897,2.480229377746582,0.280809611082077,-0.3930543065071106,-0.10000000149011612,-0.035649336874485016,0.2007733084477394,17.08627937106424,2.0210486529621954,19.107328024026437,-2.141265068700834,1.8167516372405685,40.25799662053543,27.811255445915346,0.3178771138191223,-0.19573244452476501,False,False,False,-0.20087947282864743,False
pure,2,13,0,0.21699369787800854,200,-49.94088151048387,21.19434637234711,4238.869274469422,40.03847209363504,0.48305871852172694,171,0,171,0.855,0.0,0.855,45,-1.8204431533813477,2.444580078125,0.280809611082077,-0.3930543065071106,0.10000000149011612,0.0356491282582283,0.2038471452057515,20.0,1.8897057267357062,21.889705726735706,-0.33286194434671845,2.4906161278204593,11.363770446777,27.858604489443582,0.3145061731338501,-0.1920115351676941,True,False,True,-0.2039533095196043,False
pure,2,13,0,0.21699369787800854,200,-49.94088151048387,21.19434637234711,4238.869274469422,40.03847209363504,0.48305871852172694,171,0,171,0.855,0.0,0.855,46,-1.7204431295394897,2.480229139328003,0.280809611082077,-0.3930543065071106,-0.10000000149011612,-0.0356488898396492,0.2031767560405644,17.66841422172057,2.028455693205293,19.696869914925863,-1.893852367396079,1.3860219259646651,36.272852168570445,28.009741373479294,0.3112561106681824,-0.19217175245285034,False,False,False,-0.2032829202724608,False
pure,2,13,0,0.21699369787800854,200,-49.94088151048387,21.19434637234711,4238.869274469422,40.03847209363504,0.48305871852172694,171,0,171,0.855,0.0,0.855,47,-1.8204431533813477,2.444580316543579,0.280809611082077,-0.3930543065071106,0.10000000149011612,0.03564884513616562,0.2061370565822963,20.0,1.9200421806494141,21.920042180649414,-0.0886100768346938,2.102951249558334,5.80995663969527,28.033949526144692,0.30854350328445435,-0.1887914538383484,True,False,True,-0.20624322079929155,False
pure,2,13,0,0.21699369787800854,200,-49.94088151048387,21.19434637234711,4238.869274469422,40.03847209363504,0.48305871852172694,171,0,171,0.855,0.0,0.855,48,-1.7204431295394897,2.480229139328003,0.280809611082077,-0.3930543065071106,-0.10000000149011612,-0.0356488898396492,0.20535075264457783,18.134438767468563,2.034060172891617,20.16849894036018,-1.6956061229730004,1.0371246108068586,32.858439275966596,28.170859689794554,0.30590012669563293,-0.1892421543598175,False,False,False,-0.20545691687647424,False
pure,2,13,0,0.21699369787800854,200,-49.94088151048387,21.19434637234711,4238.869274469422,40.03847209363504,0.48305871852172694,171,0,171,0.855,0.0,0.855,49,-1.8204431533813477,2.444580078125,0.280809611082077,-0.3930543065071106,0.10000000149011612,0.0356491282582283,0.2081733505107146,20.0,1.9446240198180327,21.944624019818033,0.1070842331722075,1.788949385567708,5.620518608857826,28.194278517331462,0.3037201166152954,-0.18614551424980164,True,False,True,-0.20827951482456739,False
pure,2,13,0,0.21699369787800854,200,-49.94088151048387,21.19434637234711,4238.869274469422,40.03847209363504,0.48305871852172694,171,0,171,0.855,0.0,0.855,50,-1.7204431295394897,2.480229377746582,0.280809611082077,-0.3930543065071106,-0.10000000149011612,-0.035649336874485016,0.20725958842290337,18.507433438239474,2.0382843634816554,20.54571780172113,-1.5367539339929233,0.7545130650055845,29.979283326770187,28.31919219785967,0.3015683591365814,-0.18683692812919617,False,False,False,-0.2073657528038114,False
pure,2,13,0,0.21699369787800854,200,-49.94088151048387,21.19434637234711,4238.869274469422,40.03847209363504,0.48305871852172694,171,0,171,0.855,0.0,0.855,51,-1.8204431533813477,2.444580078125,0.280809611082077,-0.3930543065071106,0.10000000149011612,0.0356491282582283,0.20994154285258107,20.0,1.9645316006040137,21.964531600604012,0.2638757904219753,1.5345981337202161,8.292282336360813,28.353743374261175,0.2998190224170685,-0.18397516012191772,True,False,True,-0.21004770716643387,False
pure,2,13,0,0.21699369787800854,200,-49.94088151048387,21.19434637234711,4238.869274469422,40.03847209363504,0.48305871852172694,171,0,171,0.855,0.0,0.855,52,-1.7204431295394897,2.480229139328003,0.280809611082077,-0.3930543065071106,-0.10000000149011612,-0.0356488898396492,0.20890303729166207,18.80585804629697,2.041431238503053,20.84728928480002,-1.4094661196358285,0.5256083557465918,27.57921308357573,28.468656762109408,0.2980653643608093,-0.18486517667770386,False,False,False,-0.20900920152355848,False
pure,2,13,0,0.21699369787800854,200,-49.94088151048387,21.19434637234711,4238.869274469422,40.03847209363504,0.48305871852172694,171,0,171,0.855,0.0,0.855,53,-1.8204431533813477,2.444580078125,0.280809611082077,-0.3930543065071106,0.10000000149011612,0.0356491282582283,0.21145212490197737,20.0,1.9806557177292046,21.980655717729206,0.38949857970839674,1.3285832068194274,10.421437519233836,28.512079418439548,0.296664297580719,-0.1821974217891693,True,False,True,-0.21155828921583017,False
pure,2,13,0,0.21699369787800854,200,-49.94088151048387,21.19434637234711,4238.869274469422,40.03847209363504,0.48305871852172694,171,0,171,0.855,0.0,0.855,54,-1.7204431295394897,2.480229377746582,0.280809611082077,-0.3930543065071106,-0.10000000149011612,-0.035649336874485016,0.21029863785986477,19.044634478570416,2.043787654376183,21.088422132946597,-1.3074693656430867,0.34018474363876294,25.59554153985695,28.61872750818895,0.29523295164108276,-0.18325087428092957,False,False,False,-0.2104048022407728,False
pure,2,13,0,0.21699369787800854,200,-49.94088151048387,21.19434637234711,4238.869274469422,40.03847209363504,0.48305871852172694,171,0,171,0.855,0.0,0.855,55,-1.8204431533813477,2.444580078125,0.280809611082077,-0.3930543065071106,0.10000000149011612,0.0356491282582283,0.21272789838283893,20.0,1.9937167110181708,21.99371671101817,0.49014924833212636,1.16170140498345,12.119088470971318,28.669223710151332,0.294113427400589,-0.18074283003807068,True,False,True,-0.21283406269669172,False
pure,2,13,0,0.21699369787800854,200,-49.94088151048387,21.19434637234711,4238.869274469422,40.03847209363504,0.48305871852172694,171,0,171,0.855,0.0,0.855,56,-1.7204431295394897,2.480229139328003,0.280809611082077,-0.3930543065071106,-0.10000000149011612,-0.0356488898396492,0.21147223045159186,19.23565411055605,2.0455139452420714,21.281168055798123,-1.2257373539119865,0.19000229157010384,23.966512107273797,28.769084177264972,0.29294297099113464,-0.18193045258522034,False,False,False,-0.21157839468348827,False
pure,2,13,0,0.21699369787800854,200,-49.94088151048387,21.19434637234711,4238.869274469422,40.03847209363504,0.48305871852172694,171,0,171,0.855,0.0,0.855,57,-1.8204431533813477,2.444580316543579,0.280809611082077,-0.3930543065071106,0.10000000149011612,0.03564884513616562,0.21379642756486614,20.0,2.004290272661188,22.004290272661187,0.5707932611392967,1.026529962444485,13.473329241108672,28.825223049102924,0.2920509874820709,-0.17955362796783447,True,False,True,-0.21390259178186138,False
pure,2,13,0,0.21699369787800854,200,-49.94088151048387,21.19434637234711,4238.869274469422,40.03847209363504,0.48305871852172694,171,0,171,0.855,0.0,0.855,58,-1.7204431295394897,2.480229139328003,0.280809611082077,-0.3930543065071106,-0.10000000149011612,-0.0356488898396492,0.21245193323900224,19.388494013959434,2.046785873123711,21.435279887083144,-1.1602429446347138,0.0683483459389983,22.635257815708126,28.91953662333504,0.2910916805267334,-0.18085134029388428,False,False,False,-0.21255809747089865,False
pure,2,13,0,0.21699369787800854,200,-49.94088151048387,21.19434637234711,4238.869274469422,40.03847209363504,0.48305871852172694,171,0,171,0.855,0.0,0.855,59,-1.8204431533813477,2.444580078125,0.280809611082077,-0.3930543065071106,0.10000000149011612,0.0356491282582283,0.2146857685998762,20.0,2.0128637465592316,22.012863746559233,0.635406672183777,0.9170478536520398,14.554025822151686,28.980178397594006,0.29038360714912415,-0.17858213186264038,True,False,True,-0.214791932913729,False
pure,2,13,0,0.21699369787800854,200,-49.94088151048387,21.19434637234711,4238.869274469422,40.03847209363504,0.48305871852172694,171,0,171,0.855,0.0,0.855,60,-1.7204431295394897,2.480229377746582,0.280809611082077,-0.3930543065071106,-0.10000000149011612,-0.035649336874485016,0.21326538844618245,19.510771816128297,2.0477169876096184,21.558488803737916,-1.10775931738962,-0.03019599867352718,21.67507212822054,29.07049119812826,0.2895951569080353,-0.17996996641159058,False,False,False,-0.21337155282709047,False
pure,2,13,0,0.21699369787800854,200,-49.94088151048387,21.19434637234711,4238.869274469422,40.03847209363504,0.48305871852172694,171,0,171,0.855,0.0,0.855,61,-1.8204431533813477,2.444580078125,0.280809611082077,-0.3930543065071106,0.10000000149011612,0.0356491282582283,0.215422551393648,20.0,2.0198044884973,22.0198044884973,0.6871778544503462,0.8283576613640341,15.416677611511126,29.134727354842887,0.28903573751449585,-0.1777888834476471,True,False,True,-0.2155287157075008,False
pure,2,13,0,0.21699369787800854,200,-49.94088151048387,21.19434637234711,4238.869274469422,40.03847209363504,0.48305871852172694,171,0,171,0.855,0.0,0.855,62,-1.7204431295394897,2.480229139328003,0.280809611082077,-0.3930543065071106,-0.10000000149011612,-0.0356488898396492,0.2139380456966629,19.608588933074827,2.048370257423456,21.656959190498284,-1.065701171095693,-0.1100062171991103,21.12222965295421,29.22273664506353,0.2883854806423187,-0.17925044894218445,False,False,False,-0.2140442099285593,False
pure,2,13,0,0.21699369787800854,200,-49.94088151048387,21.19434637234711,4238.869274469422,40.03847209363504,0.48305871852172694,171,0,171,0.855,0.0,0.855,63,-1.8204431533813477,2.444580316543579,0.280809611082077,-0.3930543065071106,0.10000000149011612,0.03564884513616562,0.2160307372959809,20.0,2.0254207634703834,22.025420763470382,0.7286600269308121,0.7565214440639458,16.105474779433955,29.28984278997784,0.2879461348056793,-0.1771414875984192,True,False,True,-0.21613690151297615,False
pure,2,13,0,0.21699369787800854,200,-49.94088151048387,21.19434637234711,4238.869274469422,40.03847209363504,0.48305871852172694,171,0,171,0.855,0.0,0.855,64,-1.7204431295394897,2.480229139328003,0.280809611082077,-0.3930543065071106,-0.10000000149011612,-0.0356488898396492,0.21449256748491063,19.68686051871779,2.0488380752228417,21.735698593940633,-1.0319970566792005,-0.17465863216986532,20.674629366326677,29.3759870790042,0.28740763664245605,-0.1786632537841797,False,False,False,-0.21459873171680705,False
pure,2,13,0,0.21699369787800854,200,-49.94088151048387,21.19434637234711,4238.869274469422,40.03847209363504,0.48305871852172694,171,0,171,0.855,0.0,0.855,65,-1.8204431533813477,2.444580078125,0.280809611082077,-0.3930543065071106,0.10000000149011612,0.0356491282582283,0.21653140115319108,20.0,2.02997894891925,22.02997894891925,0.7618970713366271,0.6983408849204302,16.655558722290657,29.44538524034708,0.28706538677215576,-0.17661330103874207,True,False,True,-0.21663756546704388,False
pure,2,13,0,0.21699369787800854,200,-49.94088151048387,21.19434637234711,4238.869274469422,40.03847209363504,0.48305871852172694,171,0,171,0.855,0.0,0.855,66,-1.7204431295394897,2.480229377746582,0.280809611082077,-0.3930543065071106,-0.10000000149011612,-0.035649336874485016,0.2149485773636527,19.74947908762679,2.0491699858115133,21.798649073438302,-1.004987058144943,-0.22703171975261982,20.31319747411336,29.530023563155886,0.2866172790527344,-0.17818421125411987,False,False,False,-0.2150547417445607,False
pure,2,13,0,0.21699369787800854,200,-49.94088151048387,21.19434637234711,4238.869274469422,40.03847209363504,0.48305871852172694,171,0,171,0.855,0.0,0.855,67,-1.8204431533813477,2.444580078125,0.280809611082077,-0.3930543065071106,0.10000000149011612,0.0356491282582283,0.2169426833072843,20.0,2.0336674081285757,22.033667408128576,0.7885293644298361,0.651204961613491,17.0949215950417,29.601252403135227,0.2863534390926361,-0.17618247866630554,True,False,True,-0.2170488476211371,False
pure,2,13,0,0.21699369787800854,200,-49.94088151048387,21.19434637234711,4238.869274469422,40.03847209363504,0.48305871852172694,171,0,171,0.855,0.0,0.855,68,-1.7204431295394897,2.480229139328003,0.280809611082077,-0.3930543065071106,-0.10000000149011612,-0.0356488898396492,0.21532271265158412,19.79956545422759,2.0493796597841167,21.848945114011705,-0.9833412887734313,-0.2694432063264204,20.02192163742645,29.684677076624503,0.2859784662723541,-0.17779365181922913,False,False,False,-0.21542887688348053,False
pure,2,13,0,0.21699369787800854,200,-49.94088151048387,21.19434637234711,4238.869274469422,40.03847209363504,0.48305871852172694,171,0,171,0.855,0.0,0.855,69,-1.8204431533813477,2.444580078125,0.280809611082077,-0.3930543065071106,0.10000000149011612,0.0356491282582283,0.21728004650932956,20.0,2.036654226767605,22.036654226767606,0.8098694544302064,0.6130345081306814,17.44592841074288,29.757368445002598,0.2857779264450073,-0.17583107948303223,True,False,True,-0.21738621082318235,False
pure,2,13,0,0.21699369787800854,200,-49.94088151048387,21.19434637234711,4238.869274469422,40.03847209363504,0.48305871852172694,171,0,171,0.855,0.0,0.855,70,-1.7204431295394897,2.480229377746582,0.280809611082077,-0.3930543065071106,-0.10000000149011612,-0.035649336874485016,0.2156294196421433,19.83965293598915,2.049529889799941,21.889182825789092,-0.9659941053391098,-0.3038072508014624,19.787649829394827,29.83981698595841,0.2854621410369873,-0.17747509479522705,True,False,True,-0.21573558402305132,False
pure,2,13,0,0.21699369787800854,200,-49.94088151048387,21.19434637234711,4238.869274469422,40.03847209363504,0.48305871852172694,171,0,171,0.855,0.0,0.855,71,-1.8204431533813477,2.444580078125,0.280809611082077,-0.3930543065071106,0.10000000149011612,0.0356491282582283,0.21755618785137068,20.0,2.0390742438229106,22.03907424382291,0.8269690953235415,0.5821067756076062,17.7263408397671,29.91367673945744,0.28531280159950256,-0.17554473876953125,True,False,True,-0.21766235216522348,False
pure,2,13,0,0.21699369787800854,200,-49.94088151048387,21.19434637234711,4238.869274469422,40.03847209363504,0.48305871852172694,171,0,171,0.855,0.0,0.855,72,-1.7204431295394897,2.480229139328003,0.280809611082077,-0.3930543065071106,-0.10000000149011612,-0.0356488898396492,0.21588043595053438,19.871708199598782,2.049607843778409,21.92131604337719,-0.9520916043375515,-0.3316314072737101,19.59940087427515,29.99534090976692,0.28504478931427,-0.17721542716026306,True,False,True,-0.2159866001824308,False
pure,2,13,0,0.21699369787800854,200,-49.94088151048387,21.19434637234711,4238.869274469422,40.03847209363504,0.48305871852172694,171,0,171,0.855,0.0,0.855,73,-1.8204431533813477,2.444580316543579,0.280809611082077,-0.3930543065071106,0.10000000149011612,0.03564884513616562,0.21778216005656068,20.0,2.041028848655095,22.041028848655095,0.8406717379979175,0.5570581658906091,17.95040654691998,30.070134270379086,0.2849368453025818,-0.17531126737594604,True,False,True,-0.21788832427355592,False
pure,2,13,0,0.21699369787800854,200,-49.94088151048387,21.19434637234711,4238.869274469422,40.03847209363504,0.48305871852172694,171,0,171,0.855,0.0,0.855,74,-1.7204431295394897,2.480229139328003,0.280809611082077,-0.3930543065071106,-0.10000000149011612,-0.0356488898396492,0.21608561431898882,19.897366995278503,2.0496557560754587,21.947022751353963,-0.9409496177035893,-0.35417509681538717,19.448356893361566,30.151169090768093,0.2847074866294861,-0.1770038604736328,True,False,True,-0.21619177855088523,False
pure,2,13,0,0.21699369787800854,200,-49.94088151048387,21.19434637234711,4238.869274469422,40.03847209363504,0.48305871852172694,171,0,171,0.855,0.0,0.855,75,-1.8204431533813477,2.444580078125,0.280809611082077,-0.3930543065071106,0.10000000149011612,0.0356491282582283,0.21796681176699212,20.0,2.0426211746883123,22.042621174688314,0.8516509979052602,0.5367755810289836,18.129449125970627,30.226708462126304,0.28463295102119446,-0.17512103915214539,True,False,True,-0.21807297608084492,False
pure,2,13,0,0.21699369787800854,200,-49.94088151048387,21.19434637234711,4238.869274469422,40.03847209363504,0.48305871852172694,171,0,171,0.855,0.0,0.855,76,-1.7204431295394897,2.480229377746582,0.280809611082077,-0.3930543065071106,-0.10000000149011612,-0.035649336874485016,0.2162533106400353,19.917892839925027,2.0496844508091807,21.96757729073421,-0.9320197557237541,-0.3724401046667578,19.327254310592032,30.307238688420437,0.28443488478660583,-0.17683139443397522,True,False,True,-0.21635947502094333,False
pure,2,13,0,0.21699369787800854,200,-49.94088151048387,21.19434637234711,4238.869274469422,40.03847209363504,0.48305871852172694,171,0,171,0.855,0.0,0.855,77,-1.8204431533813477,2.444580078125,0.280809611082077,-0.3930543065071106,0.10000000149011612,0.0356491282582283,0.21811765184755647,20.0,2.043907361438272,22.043907361438272,0.8604494591435787,0.5203370266026006,18.272509861973532,30.38337414617866,0.2843872904777527,-0.1749660074710846,True,False,True,-0.21822381616140926,False
pure,2,13,0,0.21699369787800854,200,-49.94088151048387,21.19434637234711,4238.869274469422,40.03847209363504,0.48305871852172694,171,0,171,0.855,0.0,0.855,78,-1.7204431295394897,2.480229139328003,0.280809611082077,-0.3930543065071106,-0.10000000149011612,-0.0356488898396492,0.21639022979016592,19.93430313150968,2.0496780626772577,21.98398119418694,-0.9248627260657384,-0.3872240369502856,19.230178550307155,30.463499890138273,0.2842145562171936,-0.17669087648391724,True,False,True,-0.21649639402206233,False
pure,2,13,0,0.21699369787800854,200,-49.94088151048387,21.19434637234711,4238.869274469422,40.03847209363504,0.48305871852172694,171,0,171,0.855,0.0,0.855,79,-1.8204431533813477,2.444580316543579,0.280809611082077,-0.3930543065071106,0.10000000149011612,0.03564884513616562,0.21824074332597293,20.0,2.04494358929714,22.04494358929714,0.8675006478513219,0.5070246547537706,18.386849774380757,30.540111764198194,0.28418877720832825,-0.17483973503112793,True,False,True,-0.21834690754296818,False
pure,2,13,0,0.21699369787800854,200,-49.94088151048387,21.19434637234711,4238.869274469422,40.03847209363504,0.48305871852172694,171,0,171,0.855,0.0,0.855,80,-1.7204431295394897,2.480229139328003,0.280809611082077,-0.3930543065071106,-0.10000000149011612,-0.0356488898396492,0.21650198754509264,19.94744530729265,2.0496686469914316,21.99711395428408,-0.9191265182442959,-0.3992051412907368,19.15246421498182,30.619913698427286,0.28403639793395996,-0.1765763759613037,True,False,True,-0.21660815177698906,False
pure,2,13,0,0.21699369787800854,200,-49.94088151048387,21.19434637234711,4238.869274469422,40.03847209363504,0.48305871852172694,171,0,171,0.855,0.0,0.855,81,-1.8204431533813477,2.444580078125,0.280809611082077,-0.3930543065071106,0.10000000149011612,0.0356491282582283,0.21834115492074208,20.0,2.0457920494910056,22.045792049491006,0.8731502420046401,0.4962484254533699,18.478225923457735,30.696906306441694,0.2840283513069153,-0.174736887216568,True,False,True,-0.21844731923459487,False
pure,2,13,0,0.21699369787800854,200,-49.94088151048387,21.19434637234711,4238.869274469422,40.03847209363504,0.48305871852172694,171,0,171,0.855,0.0,0.855,82,-1.7204431295394897,2.480229377746582,0.280809611082077,-0.3930543065071106,-0.10000000149011612,-0.035649336874485016,0.21659310221026798,19.957957356656237,2.049659699488888,22.007617056145126,-0.914528890620332,-0.40891445224226525,19.090264073730268,30.77644907341557,0.2838924527168274,-0.176483154296875,True,False,True,-0.216699266591176,False
pure,2,13,0,0.21699369787800854,200,-49.94088151048387,21.19434637234711,4238.869274469422,40.03847209363504,0.48305871852172694,171,0,171,0.855,0.0,0.855,83,-1.8204431533813477,2.444580078125,0.280809611082077,-0.3930543065071106,0.10000000149011612,0.0356491282582283,0.21842310612487176,20.0,2.046475719863847,22.046475719863846,0.8776780908458004,0.48751002134209653,18.551239238782916,30.853745903577167,0.28389859199523926,-0.1746530532836914,True,False,True,-0.21852927043872455,False
pure,2,13,0,0.21699369787800854,200,-49.94088151048387,21.19434637234711,4238.869274469422,40.03847209363504,0.48305871852172694,171,0,171,0.855,0.0,0.855,84,-1.7204431295394897,2.480229139328003,0.280809611082077,-0.3930543065071106,-0.10000000149011612,-0.0356488898396492,0.21666740743786037,19.966356221605057,2.0496298571471585,22.015986078752217,-0.910843810642877,-0.41676826772729947,19.04045267058524,30.93308112303794,0.2837761640548706,-0.17640721797943115,True,False,True,-0.21677357166975678,False
pure,2,13,0,0.21699369787800854,200,-49.94088151048387,21.19434637234711,4238.869274469422,40.03847209363504,0.48305871852172694,171,0,171,0.855,0.0,0.855,85,-1.8204431533813477,2.444580078125,0.280809611082077,-0.3930543065071106,0.10000000149011612,0.0356491282582283,0.2184898894966855,20.0,2.047028728643393,22.047028728643394,0.881306742154838,0.48044156802650656,18.609612535281496,31.01062117526828,0.28379374742507935,-0.17458480596542358,True,False,True,-0.2185960538105383,False
pure,2,13,0,0.21699369787800854,200,-49.94088151048387,21.19434637234711,4238.869274469422,40.03847209363504,0.48305871852172694,171,0,171,0.855,0.0,0.855,86,-1.7204431295394897,2.480229377746582,0.280809611082077,-0.3930543065071106,-0.10000000149011612,-0.035649336874485016,0.21672794463872988,19.973091943195758,2.0496153536032407,22.022707296799,-0.9078901037940686,-0.42314058900576623,19.000647965355412,31.089790541790595,0.28368210792541504,-0.17634540796279907,True,False,True,-0.2168341090196379,False
pure,2,13,0,0.21699369787800854,200,-49.94088151048387,21.19434637234711,4238.869274469422,40.03847209363504,0.48305871852172694,171,0,171,0.855,0.0,0.855,87,-1.8204431533813477,2.444580078125,0.280809611082077,-0.3930543065071106,0.10000000149011612,0.0356491282582283,0.21854426593656737,20.0,2.0474774126462996,22.0474774126463,0.8842146794649755,0.4747064633342787,18.65624435061365,31.167524893251485,0.2837090492248535,-0.1745292842388153,True,False,True,-0.21865043025042016,False
pure,2,13,0,0.21699369787800854,200,-49.94088151048387,21.19434637234711,4238.869274469422,40.03847209363504,0.48305871852172694,171,0,171,0.855,0.0,0.855,88,-1.7204431295394897,2.480229139328003,0.280809611082077,-0.3930543065071106,-0.10000000149011612,-0.0356488898396492,0.21677731244493,19.97846443700256,2.0495832999146226,22.028047736917184,-0.905522561361156,-0.4282914419965366,18.96876927606978,31.246561431901775,0.2836061120033264,-0.17629504203796387,True,False,True,-0.21688347667682642,False
pure,2,13,0,0.21699369787800854,200,-49.94088151048387,21.19434637234711,4238.869274469422,40.03847209363504,0.48305871852172694,171,0,171,0.855,0.0,0.855,89,-1.8204431533813477,2.444580316543579,0.280809611082077,-0.3930543065071106,0.10000000149011612,0.03564884513616562,0.21858869281624033,20.0,2.0478352786797065,22.047835278679706,0.886545713810183,0.4700638883168969,18.69352768993236,31.324451130609827,0.2836405038833618,-0.17448395490646362,True,False,True,-0.21869485703323557,False
pure,2,13,0,0.21699369787800854,200,-49.94088151048387,21.19434637234711,4238.869274469422,40.03847209363504,0.48305871852172694,171,0,171,0.855,0.0,0.855,90,-1.7204431295394897,2.480229139328003,0.280809611082077,-0.3930543065071106,-0.10000000149011612,-0.0356488898396492,0.2168175037022504,19.98277595655187,2.049560851780251,22.03233680833212,-0.9036248766060595,-0.4324697495640239,18.943306526271346,31.40338157446929,0.2835446894168854,-0.1762540638446808,True,False,True,-0.2169236679341468,False
pure,2,13,0,0.21699369787800854,200,-49.94088151048387,21.19434637234711,4238.869274469422,40.03847209363504,0.48305871852172694,171,0,171,0.855,0.0,0.855,91,-1.8204431533813477,2.444580078125,0.280809611082077,-0.3930543065071106,0.10000000149011612,0.0356491282582283,0.21862484482931782,20.0,2.048134277504201,22.0481342775042,0.8884129234104569,0.46631019648750904,18.723324365584922,31.48139542599256,0.2835851013660431,-0.17444708943367004,True,False,True,-0.21873100914317062,False
pure,2,13,0,0.21699369787800854,200,-49.94088151048387,21.19434637234711,4238.869274469422,40.03847209363504,0.48305871852172694,171,0,171,0.855,0.0,0.855,92,-1.7204431295394897,2.480229377746582,0.280809611082077,-0.3930543065071106,-0.10000000149011612,-0.035649336874485016,0.21685031832986845,19.986223151393446,2.049547553987224,22.03577070538067,-0.9021036812864994,-0.43585879309267667,18.922958803152408,31.56024108767236,0.2834950089454651,-0.1762206256389618,True,False,True,-0.21695648271077647,False
pure,2,13,0,0.21699369787800854,200,-49.94088151048387,21.19434637234711,4238.869274469422,40.03847209363504,0.48305871852172694,171,0,171,0.855,0.0,0.855,93,-1.8204431533813477,2.444580078125,0.280809611082077,-0.3930543065071106,0.10000000149011612,0.0356491282582283,0.2186542007018155,20.0,2.048372893172625,22.048372893172626,0.8899097962989982,0.4632600493578672,18.74712525357443,31.638354109562254,0.28354036808013916,-0.1744171679019928,True,False,True,-0.21876036501566828,False
pure,2,13,0,0.21699369787800854,200,-49.94088151048387,21.19434637234711,4238.869274469422,40.03847209363504,0.48305871852172694,171,0,171,0.855,0.0,0.855,94,-1.7204431295394897,2.480229139328003,0.280809611082077,-0.3930543065071106,-0.10000000149011612,-0.0356488898396492,0.21687700261325718,19.988969872036794,2.0495191530838794,22.038489025120672,-0.9008842927877492,-0.4385931903356704,18.90665413073061,31.717131835106965,0.28345486521720886,-0.1761934459209442,True,False,True,-0.2169831668451536,False
pure,2,13,0,0.21699369787800854,200,-49.94088151048387,21.19434637234711,4238.869274469422,40.03847209363504,0.48305871852172694,171,0,171,0.855,0.0,0.855,95,-1.8204431533813477,2.444580316543579,0.280809611082077,-0.3930543065071106,0.10000000149011612,0.03564884513616562,0.2186781878919777,20.0,2.048560606934165,22.048560606934164,0.8911100436309677,0.4607922905720479,18.766161807064215,31.795324175969732,0.2835041880607605,-0.1743927299976349,True,False,True,-0.21878435210897296,False
pure,2,13,0,0.21699369787800854,200,-49.94088151048387,21.19434637234711,4238.869274469422,40.03847209363504,0.48305871852172694,171,0,171,0.855,0.0,0.855,96,-1.7204431295394897,2.480229139328003,0.280809611082077,-0.3930543065071106,-0.10000000149011612,-0.0356488898396492,0.21689878014840053,19.991180678102275,2.049501509209092,22.04068218731137,-0.899906867872067,-0.44081416814182356,18.89365009198302,31.87404771801966,0.2834223806858063,-0.17617127299308777,True,False,True,-0.21700494438029694,False
pure,2,13,0,0.21699369787800854,200,-49.94088151048387,21.19434637234711,4238.869274469422,40.03847209363504,0.48305871852172694,171,0,171,0.855,0.0,0.855,97,-1.8204431533813477,2.444580078125,0.280809611082077,-0.3930543065071106,0.10000000149011612,0.0356491282582283,0.21869767610365973,20.0,2.0487217847872987,22.048721784787297,0.8920710565590194,0.4588002003749275,18.78137509655328,31.952303447588633,0.2834749221801758,-0.17437288165092468,True,False,True,-0.21880384041751252,False
pure,2,13,0,0.21699369787800854,200,-49.94088151048387,21.19434637234711,4238.869274469422,40.03847209363504,0.48305871852172694,171,0,171,0.855,0.0,0.855,98,-1.7204431295394897,2.480229377746582,0.280809611082077,-0.3930543065071106,-0.10000000149011612,-0.035649336874485016,0.21691640589049285,19.9929472266665,2.0494935793483693,22.04244080601487,-0.8991232867407638,-0.4426177740792597,18.883266708155933,32.030983725539286,0.2833961844444275,-0.17615333199501038,True,False,True,-0.21702257027140087,False
pure,2,13,0,0.21699369787800854,200,-49.94088151048387,21.19434637234711,4238.869274469422,40.03847209363504,0.48305871852172694,171,0,171,0.855,0.0,0.855,99,-1.8204431533813477,2.444580078125,0.280809611082077,-0.3930543065071106,0.10000000149011612,0.0356491282582283,0.21871357083688067,20.0,2.048848767312482,22.04884876731248,0.8928417032894008,0.4571769509551941,18.793520498196248,32.10929006094844,0.28345128893852234,-0.17435669898986816,True,False,True,-0.21881973515073347,False
pure,2,13,0,0.21699369787800854,200,-49.94088151048387,21.19434637234711,4238.869274469422,40.03847209363504,0.48305871852172694,171,0,171,0.855,0.0,0.855,100,-1.7204431295394897,2.480229139328003,0.280809611082077,-0.3930543065071106,-0.10000000149011612,-0.0356488898396492,0.21693087522041973,19.99434937015337,2.0494707076979135,22.043820077851283,-0.8984951283956268,-0.4440679664857297,18.874929794062453,32.18793560175703,0.28337496519088745,-0.17613860964775085,True,False,True,-0.21703703945231614,False
pure,2,13,0,0.21699369787800854,200,-49.94088151048387,21.19434637234711,4238.869274469422,40.03847209363504,0.48305871852172694,171,0,171,0.855,0.0,0.855,101,-1.8204431533813477,2.444580078125,0.280809611082077,-0.3930543065071106,0.10000000149011612,0.0356491282582283,0.2187264533722524,20.0,2.048950867360339,22.04895086736034,0.89345946245986,0.4558717745541472,18.803248117075015,32.26628246891151,0.2834322154521942,-0.17434358596801758,True,False,True,-0.2188326176861052,False
pure,2,13,0,0.21699369787800854,200,-49.94088151048387,21.19434637234711,4238.869274469422,40.03847209363504,0.48305871852172694,171,0,171,0.855,0.0,0.855,102,-1.7204431295394897,2.480229377746582,0.280809611082077,-0.3930543065071106,-0.10000000149011612,-0.035649336874485016,0.21694253375356592,19.99548746008683,2.0494667679342453,22.044954228021076,-0.8979915618020513,-0.4452533514567753,18.868310960398716,32.34490043124651,0.2833578288555145,-0.17612674832344055,True,False,True,-0.21704869813447394,False
pure,2,13,0,0.21699369787800854,200,-49.94088151048387,21.19434637234711,4238.869274469422,40.03847209363504,0.48305871852172694,171,0,171,0.855,0.0,0.855,103,-1.8204431533813477,2.444580078125,0.280809611082077,-0.3930543065071106,0.10000000149011612,0.0356491282582283,0.21873702597777323,20.0,2.049034321731022,22.04903432173102,0.8939545323213461,0.45480492545424767,18.811001548374996,32.42327960436474,0.2834167182445526,-0.17433282732963562,True,False,True,-0.21884319029162602,False
pure,2,13,0,0.21699369787800854,200,-49.94088151048387,21.19434637234711,4238.869274469422,40.03847209363504,0.48305871852172694,171,0,171,0.855,0.0,0.855,104,-1.7204431295394897,2.480229139328003,0.280809611082077,-0.3930543065071106,-0.10000000149011612,-0.0356488898396492,0.21695208666004057,19.996381646408054,2.049447205100786,22.04582885150884,-0.8975878588539832,-0.4462027847474271,18.862978436935293,32.501875347851964,0.28334400057792664,-0.17611703276634216,True,False,True,-0.21705825089193698,False
pure,2,13,0,0.21699369787800854,200,-49.94088151048387,21.19434637234711,4238.869274469422,40.03847209363504,0.48305871852172694,171,0,171,0.855,0.0,0.855,105,-1.8204431533813477,2.444580316543579,0.280809611082077,-0.3930543065071106,0.10000000149011612,0.03564884513616562,0.21874566821314223,20.0,2.0490963568161615,22.04909635681616,0.8943519095879789,0.45394363849995756,18.817212447609716,32.580280399717005,0.2834042012691498,-0.17432403564453125,True,False,True,-0.21885183243013748,False
pure,2,13,0,0.21699369787800854,200,-49.94088151048387,21.19434637234711,4238.869274469422,40.03847209363504,0.48305871852172694,171,0,171,0.855,0.0,0.855,106,-1.7204431295394897,2.480229139328003,0.280809611082077,-0.3930543065071106,-0.10000000149011612,-0.0356488898396492,0.21695988258150828,19.997110359100272,2.0494380221096873,22.04654838120996,-0.8972642639273847,-0.44697794132489843,18.858746095028344,32.658858508446286,0.2833327651023865,-0.17610910534858704,True,False,True,-0.2170660468134047,False
pure,2,13,0,0.21699369787800854,200,-49.94088151048387,21.19434637234711,4238.869274469422,40.03847209363504,0.48305871852172694,171,0,171,0.855,0.0,0.855,107,-1.8204431533813477,2.444580078125,0.280809611082077,-0.3930543065071106,0.10000000149011612,0.0356491282582283,0.21875255237333247,20.0,2.0491557364615973,22.049155736461596,0.8946694704565633,0.45325279082835496,18.822174965524418,32.737284237469304,0.2833941578865051,-0.17431703209877014,True,False,True,-0.21885871668718526,False
pure,2,13,0,0.21699369787800854,200,-49.94088151048387,21.19434637234711,4238.869274469422,40.03847209363504,0.48305871852172694,171,0,171,0.855,0.0,0.855,108,-1.7204431295394897,2.480229377746582,0.280809611082077,-0.3930543065071106,-0.10000000149011612,-0.035649336874485016,0.21696618447634608,19.997691180417704,2.049437987248413,22.047129167666117,-0.8970047845803037,-0.4476104317252521,18.855374491660417,32.815848297851225,0.2833237051963806,-0.17610269784927368,True,False,True,-0.2170723488572541,False
pure,2,13,0,0.21699369787800854,200,-49.94088151048387,21.19434637234711,4238.869274469422,40.03847209363504,0.48305871852172694,171,0,171,0.855,0.0,0.855,109,-1.8204431533813477,2.444580078125,0.280809611082077,-0.3930543065071106,0.10000000149011612,0.0356491282582283,0.21875823694507004,20.0,2.049200263633939,22.04920026363394,0.8949244194660375,0.45268354812787953,18.826127635487147,32.894290496332424,0.2833859622478485,-0.17431125044822693,True,False,True,-0.21886440125892284,False
pure,2,13,0,0.21699369787800854,200,-49.94088151048387,21.19434637234711,4238.869274469422,40.03847209363504,0.48305871852172694,171,0,171,0.855,0.0,0.855,110,-1.7204431295394897,2.480229139328003,0.280809611082077,-0.3930543065071106,-0.10000000149011612,-0.0356488898396492,0.2169713150502603,19.99814470014212,2.0494223439173394,22.04756704405946,-0.896796748068878,-0.4481120202731879,18.85264192142413,32.972843171005024,0.28331640362739563,-0.17609748244285583,True,False,True,-0.2170774792821567,False
pure,2,13,0,0.21699369787800854,200,-49.94088151048387,21.19434637234711,4238.869274469422,40.03847209363504,0.48305871852172694,171,0,171,0.855,0.0,0.855,111,-1.8204431533813477,2.444580316543579,0.280809611082077,-0.3930543065071106,0.10000000149011612,0.03564884513616562,0.21876289701795779,20.0,2.049230768111178,22.04923076811118,0.8951293423303662,0.4522253224588121,18.82930089150892,33.05129859138631,0.28337931632995605,-0.17430651187896729,True,False,True,-0.21886906123495303,False
pure,2,13,0,0.21699369787800854,200,-49.94088151048387,21.19434637234711,4238.869274469422,40.03847209363504,0.48305871852172694,171,0,171,0.855,0.0,0.855,112,-1.7204431295394897,2.480229139328003,0.280809611082077,-0.3930543065071106,-0.10000000149011612,-0.0356488898396492,0.2169754782593715,19.99852086403143,2.0494166454399387,22.047937509471367,-0.8966300074950289,-0.44852442250741303,18.85048732957902,33.12984228859289,0.2833104729652405,-0.17609325051307678,True,False,True,-0.2170816424912679,False
pure,2,13,0,0.21699369787800854,200,-49.94088151048387,21.19434637234711,4238.869274469422,40.03847209363504,0.48305871852172694,171,0,171,0.855,0.0,0.855,113,-1.8204431533813477,2.444580078125,0.280809611082077,-0.3930543065071106,0.10000000149011612,0.0356491282582283,0.21876658995281906,20.0,2.0492646083010877,22.049264608301087,0.8952926500020544,0.45186095450957003,18.8318356619907,33.208308270517854,0.28337404131889343,-0.17430275678634644,True,False,True,-0.21887275426667185,False
pure,2,13,0,0.21699369787800854,200,-49.94088151048387,21.19434637234711,4238.869274469422,40.03847209363504,0.48305871852172694,171,0,171,0.855,0.0,0.855,114,-1.7204431295394897,2.480229377746582,0.280809611082077,-0.3930543065071106,-0.10000000149011612,-0.035649336874485016,0.21697890964936273,19.998819633898137,2.0494196808178367,22.048239314715975,-0.8964962717457328,-0.4488630818084246,18.848776074955772,33.28684483749684,0.28330567479133606,-0.17608976364135742,True,False,True,-0.21708507403027075,False
pure,2,13,0,0.21699369787800854,200,-49.94088151048387,21.19434637234711,4238.869274469422,40.03847209363504,0.48305871852172694,171,0,171,0.855,0.0,0.855,115,-1.8204431533813477,2.444580078125,0.280809611082077,-0.3930543065071106,0.10000000149011612,0.0356491282582283,0.2187696683691942,20.0,2.0492884487818284,22.04928844878183,0.8954239618792463,0.45155616044929675,18.833848061169945,33.36531920441838,0.2833697199821472,-0.17429962754249573,True,False,True,-0.218875832683047,False
pure,2,13,0,0.21699369787800854,200,-49.94088151048387,21.19434637234711,4238.869274469422,40.03847209363504,0.48305871852172694,171,0,171,0.855,0.0,0.855,116,-1.7204431295394897,2.480229139328003,0.280809611082077,-0.3930543065071106,-0.10000000149011612,-0.0356488898396492,0.21698166669070498,19.999047502538588,2.049406722612012,22.0484542251506,-0.8963890407590821,-0.4491266671008396,18.84737021775667,33.44384991365903,0.28330183029174805,-0.17608696222305298,True,False,True,-0.2170878309226014,False
pure,2,13,0,0.21699369787800854,200,-49.94088151048387,21.19434637234711,4238.869274469422,40.03847209363504,0.48305871852172694,171,0,171,0.855,0.0,0.855,117,-1.8204431533813477,2.444580078125,0.280809611082077,-0.3930543065071106,0.10000000149011612,0.0356491282582283,0.21877216061679747,20.0,2.049307004937259,22.04930700493726,0.8955293052161686,0.4513189331603479,18.835477155509682,33.522331068473655,0.28336623311042786,-0.17429709434509277,True,False,True,-0.21887832493065026,False
pure,2,13,0,0.21699369787800854,200,-49.94088151048387,21.19434637234711,4238.869274469422,40.03847209363504,0.48305871852172694,171,0,171,0.855,0.0,0.855,118,-1.7204431295394897,2.480229377746582,0.280809611082077,-0.3930543065071106,-0.10000000149011612,-0.035649336874485016,0.2169839250570422,19.999246131152606,2.0494116380658984,22.048657769218504,-0.8963030672047907,-0.4493509000386531,18.846290613250225,33.600857279362195,0.28329867124557495,-0.17608466744422913,True,False,True,-0.21709008943795022,False
pure,2,13,0,0.21699369787800854,200,-49.94088151048387,21.19434637234711,4238.869274469422,40.03847209363504,0.48305871852172694,171,0,171,0.855,0.0,0.855,119,-1.8204431533813477,2.444580078125,0.280809611082077,-0.3930543065071106,0.10000000149011612,0.0356491282582283,0.21877418376881366,20.0,2.049322789658465,22.049322789658465,0.8956136747866342,0.45111712305801166,18.83675809682063,33.67934377143228,0.283363401889801,-0.17429503798484802,True,False,True,-0.21888034808266646,False
pure,2,13,0,0.21699369787800854,200,-49.94088151048387,21.19434637234711,4238.869274469422,40.03847209363504,0.48305871852172694,171,0,171,0.855,0.0,0.855,120,-1.7204431295394897,2.480229139328003,0.280809611082077,-0.3930543065071106,-0.10000000149011612,-0.0356488898396492,0.2169857443186634,19.99938871531327,2.0493999082359524,22.04878862354922,-0.896234127962977,-0.44952179996570013,18.845384640661155,33.757866207435036,0.2832961976528168,-0.1760828197002411,True,False,True,-0.21709190855055982,False
pure,2,13,0,0.21699369787800854,200,-49.94088151048387,21.19434637234711,4238.869274469422,40.03847209363504,0.48305871852172694,171,0,171,0.855,0.0,0.855,121,-1.8204431533813477,2.444580316543579,0.280809611082077,-0.3930543065071106,0.10000000149011612,0.03564884513616562,0.21877576655689826,20.0,2.049330013053609,22.04933001305361,0.8956818702115782,0.4509565178651764,18.837796130874818,33.836357024647015,0.28336113691329956,-0.1742934286594391,True,False,True,-0.2188819307738935,False
pure,2,13,0,0.21699369787800854,200,-49.94088151048387,21.19434637234711,4238.869274469422,40.03847209363504,0.48305871852172694,171,0,171,0.855,0.0,0.855,122,-1.7204431295394897,2.480229139328003,0.280809611082077,-0.3930543065071106,-0.10000000149011612,-0.0356488898396492,0.2169872405818835,19.999516119811755,2.049397598226794,22.04891371803855,-0.8961789021878345,-0.4496663443452877,18.84468952664545,33.91487656434137,0.283294141292572,-0.17608129978179932,True,False,True,-0.21709340481377992,False
pure,2,13,0,0.21699369787800854,200,-49.94088151048387,21.19434637234711,4238.869274469422,40.03847209363504,0.48305871852172694,171,0,171,0.855,0.0,0.855,123,-1.8204431533813477,2.444580078125,0.280809611082077,-0.3930543065071106,0.10000000149011612,0.0356491282582283,0.2187771456288696,20.0,2.049344995796908,22.049344995796908,0.8957355822365423,0.4508332225590939,18.838624453321316,33.99337083289687,0.2833592891693115,-0.17429202795028687,True,False,True,-0.2188833099427224,False
pure,2,13,0,0.21699369787800854,200,-49.94088151048387,21.19434637234711,4238.869274469422,40.03847209363504,0.48305871852172694,171,0,171,0.855,0.0,0.855,124,-1.7204431295394897,2.480229377746582,0.280809611082077,-0.3930543065071106,-0.10000000149011612,-0.035649336874485016,0.2169885025537263,19.999615873433104,2.049403553097986,22.04901942653109,-0.8961345701927037,-0.4497880387266614,18.844144379465543,34.071888101144644,0.2832924425601959,-0.17608001828193665,True,False,True,-0.2170946669346343,False
pure,2,13,0,0.21699369787800854,200,-49.94088151048387,21.19434637234711,4238.869274469422,40.03847209363504,0.48305871852172694,171,0,171,0.855,0.0,0.855,125,-1.8204431533813477,2.444580078125,0.280809611082077,-0.3930543065071106,0.10000000149011612,0.0356491282582283,0.21877823087885195,20.0,2.049353561929223,22.049353561929223,0.8957790445451732,0.4507236973856835,18.839273105586724,34.15038507241792,0.28335779905319214,-0.17429092526435852,True,False,True,-0.21888439519270475,False
pure,2,13,0,0.21699369787800854,200,-49.94088151048387,21.19434637234711,4238.869274469422,40.03847209363504,0.48305871852172694,171,0,171,0.855,0.0,0.855,126,-1.7204431295394897,2.480229139328003,0.280809611082077,-0.3930543065071106,-0.10000000149011612,-0.0356488898396492,0.2169894411653584,19.999684522089957,2.049393099552487,22.049077621642443,-0.8960990176279505,-0.44987588238827003,18.843670182135345,34.22890036484348,0.28329113125801086,-0.17607906460762024,True,False,True,-0.2170956053972548,False
pure,2,13,0,0.21699369787800854,200,-49.94088151048387,21.19434637234711,4238.869274469422,40.03847209363504,0.48305871852172694,171,0,171,0.855,0.0,0.855,127,-1.8204431533813477,2.444580316543579,0.280809611082077,-0.3930543065071106,0.10000000149011612,0.03564884513616562,0.21877914045974078,20.0,2.0493549383260925,22.049354938326093,0.8958144479536831,0.4506378430023367,18.83980584802712,34.30739955587693,0.28335657715797424,-0.1742900013923645,True,False,True,-0.21888530467673603,False
pure,2,13,0,0.21699369787800854,200,-49.94088151048387,21.19434637234711,4238.869274469422,40.03847209363504,0.48305871852172694,171,0,171,0.855,0.0,0.855,128,-1.7204431295394897,2.480229139328003,0.280809611082077,-0.3930543065071106,-0.10000000149011612,-0.0356488898396492,0.21699023316777294,19.999752775602573,2.0493918752975913,22.049144650900164,-0.8960705606605224,-0.4499531511757993,18.84332001499027,34.38591338927272,0.2832900285720825,-0.17607825994491577,True,False,True,-0.21709639739966935,False
pure,2,13,0,0.21699369787800854,200,-49.94088151048387,21.19434637234711,4238.869274469422,40.03847209363504,0.48305871852172694,171,0,171,0.855,0.0,0.855,129,-1.8204431533813477,2.444580078125,0.280809611082077,-0.3930543065071106,0.10000000149011612,0.0356491282582283,0.21877987402014903,20.0,2.0493651850542483,22.04936518505425,0.8958418727493416,0.450575095865581,18.840230369706234,34.4644143491465,0.28335559368133545,-0.1742892563343048,True,False,True,-0.21888603833400183,False
pure,2,13,0,0.21699369787800854,200,-49.94088151048387,21.19434637234711,4238.869274469422,40.03847209363504,0.48305871852172694,171,0,171,0.855,0.0,0.855,130,-1.7204431295394897,2.480229377746582,0.280809611082077,-0.3930543065071106,-0.10000000149011612,-0.035649336874485016,0.2169909090392185,19.999805206361636,2.049398751202009,22.049203957563645,-0.8960476918694056,-0.4500203523139621,18.843050441045786,34.54292705931753,0.28328919410705566,-0.17607757449150085,True,False,True,-0.21709707342012652,False
pure,2,13,0,0.21699369787800854,200,-49.94088151048387,21.19434637234711,4238.869274469422,40.03847209363504,0.48305871852172694,171,0,171,0.855,0.0,0.855,131,-1.8204431533813477,2.444580078125,0.280809611082077,-0.3930543065071106,0.10000000149011612,0.0356491282582283,0.21878043086338467,20.0,2.049369915057104,22.049369915057103,0.8958642618551821,0.45051461472026244,18.84055633480489,34.621429377379215,0.283354789018631,-0.17428869009017944,True,False,True,-0.21888659517723746,False
pure,2,13,0,0.21699369787800854,200,-49.94088151048387,21.19434637234711,4238.869274469422,40.03847209363504,0.48305871852172694,171,0,171,0.855,0.0,0.855,132,-1.7204431295394897,2.480229139328003,0.280809611082077,-0.3930543065071106,-0.10000000149011612,-0.0356488898396492,0.21699140747346302,19.999835995068988,2.0493890769520915,22.04922507202108,-0.8960293488679839,-0.4500640564376491,18.842796385320202,34.69994102898472,0.28328847885131836,-0.17607706785202026,True,False,True,-0.21709757170535943,False
pure,2,13,0,0.21699369787800854,200,-49.94088151048387,21.19434637234711,4238.869274469422,40.03847209363504,0.48305871852172694,171,0,171,0.855,0.0,0.855,133,-1.8204431533813477,2.444580078125,0.280809611082077,-0.3930543065071106,0.10000000149011612,0.0356491282582283,0.21878090073497772,20.0,2.049372991907795,22.049372991907795,0.8958822916748043,0.45047528093789774,18.840837707772288,34.77844451943377,0.2833541929721832,-0.17428821325302124,True,False,True,-0.21888706504883051,False
pure,2,13,0,0.21699369787800854,200,-49.94088151048387,21.19434637234711,4238.869274469422,40.03847209363504,0.48305871852172694,171,0,171,0.855,0.0,0.855,134,-1.7204431295394897,2.480229377746582,0.280809611082077,-0.3930543065071106,-0.10000000149011612,-0.035649336874485016,0.21699181821081065,19.999876952821086,2.049396790922183,22.04927374374327,-0.8960146431486643,-0.4501101855833389,18.842636980795064,34.85695550685375,0.283287912607193,-0.17607665061950684,True,False,True,-0.21709798259171867,False
pure,2,13,0,0.21699369787800854,200,-49.94088151048387,21.19434637234711,4238.869274469422,40.03847209363504,0.48305871852172694,171,0,171,0.855,0.0,0.855,135,-1.8204431533813477,2.444580078125,0.280809611082077,-0.3930543065071106,0.10000000149011612,0.0356491282582283,0.2187812819003952,20.0,2.0493762385345615,22.049376238534563,0.895896668471315,0.4504337646122778,18.841041623656373,34.93545984695232,0.28335365653038025,-0.1742878258228302,True,False,True,-0.218887446214248,False
pure,2,13,0,0.21699369787800854,200,-49.94088151048387,21.19434637234711,4238.869274469422,40.03847209363504,0.48305871852172694,171,0,171,0.855,0.0,0.855,136,-1.7204431295394897,2.480229139328003,0.280809611082077,-0.3930543065071106,-0.10000000149011612,-0.0356488898396492,0.21699220017020152,19.999893394762285,2.049387438702369,22.049280833464653,-0.8960028456809308,-0.45013682140239886,18.842466142501745,35.01397012254608,0.2832874357700348,-0.1760762631893158,True,False,True,-0.21709836440209793,False
pure,2,13,0,0.21699369787800854,200,-49.94088151048387,21.19434637234711,4238.869274469422,40.03847209363504,0.48305871852172694,171,0,171,0.855,0.0,0.855,137,-1.8204431533813477,2.444580316543579,0.280809611082077,-0.3930543065071106,0.10000000149011612,0.03564884513616562,0.21878157539866114,20.0,2.0493733061890915,22.049373306189093,0.8959087547152398,0.4504029974076859,18.841218974219665,35.092475201605325,0.2833532691001892,-0.17428752779960632,True,False,True,-0.21888773961565638,False
pure,2,13,0,0.21699369787800854,200,-49.94088151048387,21.19434637234711,4238.869274469422,40.03847209363504,0.48305871852172694,171,0,171,0.855,0.0,0.855,138,-1.7204431295394897,2.480229139328003,0.280809611082077,-0.3930543065071106,-0.10000000149011612,-0.0356488898396492,0.21699249375027876,19.999919881060322,2.0493871432119684,22.04930702427229,-0.8959934365843624,-0.4501645118254209,18.84235830850846,35.17098502789078,0.28328704833984375,-0.17607596516609192,True,False,True,-0.21709865798217517,False
pure,2,13,0,0.21699369787800854,200,-49.94088151048387,21.19434637234711,4238.869274469422,40.03847209363504,0.48305871852172694,171,0,171,0.855,0.0,0.855,139,-1.8204431533813477,2.444580078125,0.280809611082077,-0.3930543065071106,0.10000000149011612,0.0356491282582283,0.21878189869793405,20.0,2.049380062873331,22.049380062873333,0.8959174862972541,0.45038487089535206,18.841359500977795,35.24949069247819,0.28335288166999817,-0.17428719997406006,True,False,True,-0.21888806301178684,False
pure,2,13,0,0.21699369787800854,200,-49.94088151048387,21.19434637234711,4238.869274469422,40.03847209363504,0.48305871852172694,171,0,171,0.855,0.0,0.855,140,-1.7204431295394897,2.480229377746582,0.280809611082077,-0.3930543065071106,-0.10000000149011612,-0.035649336874485016,0.21699266983061763,19.999938896584265,2.0493948007701537,22.04933369735442,-0.8959858415556496,-0.4501915544787043,18.842282314416913,35.32800020212159,0.28328680992126465,-0.1760757863521576,True,False,True,-0.21709883421152565,False
pure,2,13,0,0.21699369787800854,200,-49.94088151048387,21.19434637234711,4238.869274469422,40.03847209363504,0.48305871852172694,171,0,171,0.855,0.0,0.855,141,-1.8204431533813477,2.444580078125,0.280809611082077,-0.3930543065071106,0.10000000149011612,0.0356491282582283,0.21878210383586047,20.0,2.0493819659705945,22.049381965970596,0.8959248888586054,0.45036053246352753,18.84145853058778,35.406506279332376,0.2833525836467743,-0.17428699135780334,True,False,True,-0.21888826814971327,False
pure,2,13,0,0.21699369787800854,200,-49.94088151048387,21.19434637234711,4238.869274469422,40.03847209363504,0.48305871852172694,171,0,171,0.855,0.0,0.855,142,-1.7204431295394897,2.480229139328003,0.280809611082077,-0.3930543065071106,-0.10000000149011612,-0.0356488898396492,0.2169929051717932,19.999942951932123,2.049385783143996,22.04932873507612,-0.8959797462859423,-0.45020273022192686,18.842182886654893,35.48501537469344,0.28328654170036316,-0.1760755479335785,True,False,True,-0.21709906940368962,False
pure,2,13,0,0.21699369787800854,200,-49.94088151048387,21.19434637234711,4238.869274469422,40.03847209363504,0.48305871852172694,171,0,171,0.855,0.0,0.855,143,-1.8204431533813477,2.444580316543579,0.280809611082077,-0.3930543065071106,0.10000000149011612,0.03564884513616562,0.21878228055937132,20.0,2.0493779453679863,22.049377945367986,0.8959313834141885,0.4503436793557646,18.841552072591348,35.56352184166257,0.28335240483283997,-0.17428681254386902,True,False,True,-0.21888844477636657,False
pure,2,13,0,0.21699369787800854,200,-49.94088151048387,21.19434637234711,4238.869274469422,40.03847209363504,0.48305871852172694,171,0,171,0.855,0.0,0.855,144,-1.7204431295394897,2.480229139328003,0.280809611082077,-0.3930543065071106,-0.10000000149011612,-0.0356488898396492,0.21699302199209464,19.999959528532706,2.049385767380671,22.049345295913376,-0.8959749099987687,-0.45021789798066,18.842132090897714,35.642030725374646,0.28328633308410645,-0.17607542872428894,True,False,True,-0.21709918622399105,False
pure,2,13,0,0.21699369787800854,200,-49.94088151048387,21.19434637234711,4238.869274469422,40.03847209363504,0.48305871852172694,171,0,171,0.855,0.0,0.855,145,-1.8204431533813477,2.444580078125,0.280809611082077,-0.3930543065071106,0.10000000149011612,0.0356491282582283,0.218782427482722,20.0,2.0493838205727606,22.04938382057276,0.8959356316835334,0.4503368232641555,18.841625633076365,35.7205374988458,0.28335222601890564,-0.17428666353225708,True,False,True,-0.2188885917965748,False
pure,2,13,0,0.21699369787800854,200,-49.94088151048387,21.19434637234711,4238.869274469422,40.03847209363504,0.48305871852172694,171,0,171,0.855,0.0,0.855,146,-1.7204431295394897,2.480229377746582,0.280809611082077,-0.3930543065071106,-0.10000000149011612,-0.035649336874485016,0.21699316895311394,19.999970615951487,2.0493936584824306,22.049364274433916,-0.8959709821672419,-0.4502347972735874,18.842101654450644,35.79904625573934,0.2832861542701721,-0.176075279712677,True,False,True,-0.21709933333402195,False
pure,2,13,0,0.21699369787800854,200,-49.94088151048387,21.19434637234711,4238.869274469422,40.03847209363504,0.48305871852172694,171,0,171,0.855,0.0,0.855,147,-1.8204431533813477,2.444580078125,0.280809611082077,-0.3930543065071106,0.10000000149011612,0.0356491282582283,0.21878251515193312,20.0,2.0493850096787307,22.04938500967873,0.8959394395271514,0.450321613874941,18.841671155552664,35.87755321888748,0.2833520770072937,-0.17428657412528992,True,False,True,-0.2188886794657859,False
pure,2,13,0,0.21699369787800854,200,-49.94088151048387,21.19434637234711,4238.869274469422,40.03847209363504,0.48305871852172694,171,0,171,0.855,0.0,0.855,148,-1.7204431295394897,2.480229139328003,0.280809611082077,-0.3930543065071106,-0.10000000149011612,-0.0356488898396492,0.21699319773310766,19.999968328537438,2.0493848355984237,22.049353164135862,-0.8959678279032346,-0.45023775689310436,18.84203861284375,35.95606171310766,0.28328606486320496,-0.17607524991035461,True,False,True,-0.21709936196500407,False
pure,2,13,0,0.21699369787800854,200,-49.94088151048387,21.19434637234711,4238.869274469422,40.03847209363504,0.48305871852172694,171,0,171,0.855,0.0,0.855,149,-1.8204431533813477,2.444580078125,0.280809611082077,-0.3930543065071106,0.10000000149011612,0.0356491282582283,0.2187826028212471,20.0,2.049385218433005,22.049385218433006,0.89594257191034,0.4503189502226555,18.84172843837338,36.03456891493421,0.28335192799568176,-0.17428648471832275,True,False,True,-0.2188887671350999,False
pure,2,13,0,0.21699369787800854,200,-49.94088151048387,21.19434637234711,4238.869274469422,40.03847209363504,0.48305871852172694,171,0,171,0.855,0.0,0.855,150,-1.7204431295394897,2.480229377746582,0.280809611082077,-0.3930543065071106,-0.10000000149011612,-0.035649336874485016,0.2169933453745565,19.999982824233026,2.0493932624212516,22.049376086654277,-0.8959653023039477,-0.4502508829827688,18.842031783171812,36.113077380697426,0.2832859456539154,-0.17607510089874268,True,False,True,-0.21709950975546452,False
pure,2,13,0,0.21699369787800854,200,-49.94088151048387,21.19434637234711,4238.869274469422,40.03847209363504,0.48305871852172694,171,0,171,0.855,0.0,0.855,151,-1.8204431533813477,2.444580078125,0.280809611082077,-0.3930543065071106,0.10000000149011612,0.0356491282582283,0.21878266207555655,20.0,2.0493861419251216,22.049386141925122,0.895945004497573,0.4503071367085097,18.841753295531863,36.191584686095474,0.2833518981933594,-0.17428642511367798,True,False,True,-0.21888882638940935,False
pure,2,13,0,0.21699369787800854,200,-49.94088151048387,21.19434637234711,4238.869274469422,40.03847209363504,0.48305871852172694,171,0,171,0.855,0.0,0.855,152,-1.7204431295394897,2.480229139328003,0.280809611082077,-0.3930543065071106,-0.10000000149011612,-0.0356488898396492,0.21699337415463738,19.999978095601712,2.049384506209628,22.04936260181134,-0.8959632725233108,-0.45025078632035426,18.84198281032348,36.27009294780515,0.28328585624694824,-0.1760750710964203,True,False,True,-0.21709953838653379,False
pure,2,13,0,0.21699369787800854,200,-49.94088151048387,21.19434637234711,4238.869274469422,40.03847209363504,0.48305871852172694,171,0,171,0.855,0.0,0.855,153,-1.8204431533813477,2.444580316543579,0.280809611082077,-0.3930543065071106,0.10000000149011612,0.03564884513616562,0.2187826908369586,20.0,2.049381327859794,22.049381327859795,0.8959475141076401,0.4503004287860898,18.84178757283427,36.3486003960253,0.2833518087863922,-0.1742863953113556,True,False,True,-0.21888885505395383,False
pure,2,13,0,0.21699369787800854,200,-49.94088151048387,21.19434637234711,4238.869274469422,40.03847209363504,0.48305871852172694,171,0,171,0.855,0.0,0.855,154,-1.7204431295394897,2.480229139328003,0.280809611082077,-0.3930543065071106,-0.10000000149011612,-0.0356488898396492,0.21699346287560298,19.999987644699633,2.049384708364719,22.049372353064353,-0.8959616966817414,-0.4502568234284982,18.84197231253019,36.42710861399417,0.28328579664230347,-0.17607498168945312,True,False,True,-0.2170996271074994,False
pure,2,13,0,0.21699369787800854,200,-49.94088151048387,21.19434637234711,4238.869274469422,40.03847209363504,0.48305871852172694,171,0,171,0.855,0.0,0.855,155,-1.8204431533813477,2.444580078125,0.280809611082077,-0.3930543065071106,0.10000000149011612,0.0356491282582283,0.21878274974499437,20.0,2.0493865603659986,22.049386560366,0.8959485671602369,0.4503017902962264,18.841813780346573,36.505616171412285,0.28335174918174744,-0.17428633570671082,True,False,True,-0.21888891405884717,False
pure,2,13,0,0.21699369787800854,200,-49.94088151048387,21.19434637234711,4238.869274469422,40.03847209363504,0.48305871852172694,171,0,171,0.855,0.0,0.855,156,-1.7204431295394897,2.480229377746582,0.280809611082077,-0.3930543065071106,-0.10000000149011612,-0.035649336874485016,0.21699349199582155,19.999993109870356,2.0493927809194035,22.04938589078976,-0.8959603837295945,-0.45026632689282675,18.841974061133946,36.58412439666701,0.2832857370376587,-0.17607495188713074,True,False,True,-0.21709965637672957,False
pure,2,13,0,0.21699369787800854,200,-49.94088151048387,21.19434637234711,4238.869274469422,40.03847209363504,0.48305871852172694,171,0,171,0.855,0.0,0.855,157,-1.8204431533813477,2.444580078125,0.280809611082077,-0.3930543065071106,0.10000000149011612,0.0356491282582283,0.2187827788527362,20.0,2.049387228891135,22.049387228891135,0.8959498129507082,0.4502932371657238,18.841821468517647,36.662631986119166,0.28335168957710266,-0.17428630590438843,True,False,True,-0.218888943166589,False
pure,2,13,0,0.21699369787800854,200,-49.94088151048387,21.19434637234711,4238.869274469422,40.03847209363504,0.48305871852172694,171,0,171,0.855,0.0,0.855,158,-1.7204431295394897,2.480229139328003,0.280809611082077,-0.3930543065071106,-0.10000000149011612,-0.0356488898396492,0.21699355091643877,19.999986324460632,2.049384108963539,22.049370433424173,-0.895959326651708,-0.4502632958898788,18.84193672375338,36.74114005580147,0.2832856774330139,-0.17607489228248596,True,False,True,-0.21709971514833518,False
pure,2,13,0,0.21699369787800854,200,-49.94088151048387,21.19434637234711,4238.869274469422,40.03847209363504,0.48305871852172694,171,0,171,0.855,0.0,0.855,159,-1.8204431533813477,2.444580316543579,0.280809611082077,-0.3930543065071106,0.10000000149011612,0.03564884513616562,0.21878280830676858,20.0,2.0493822082949267,22.049382208294926,0.8959513707944327,0.4502891701545265,18.841842029791227,36.8196477309256,0.2833516597747803,-0.17428627610206604,True,False,True,-0.21888897252376383,False
pure,2,13,0,0.21699369787800854,200,-49.94088151048387,21.19434637234711,4238.869274469422,40.03847209363504,0.48305871852172694,171,0,171,0.855,0.0,0.855,160,-1.7204431295394897,2.480229139328003,0.280809611082077,-0.3930543065071106,-0.10000000149011612,-0.0356488898396492,0.21699355091643877,19.999994228075117,2.0493843808121137,22.04937860888723,-0.8959585310659826,-0.45026695618171364,18.841935517108926,36.89815579558022,0.2832856774330139,-0.17607489228248596,True,False,True,-0.21709971514833518,False
pure,2,13,0,0.21699369787800854,200,-49.94088151048387,21.19434637234711,4238.869274469422,40.03847209363504,0.48305871852172694,171,0,171,0.855,0.0,0.855,161,-1.8204431533813477,2.444580078125,0.280809611082077,-0.3930543065071106,0.10000000149011612,0.0356491282582283,0.2187828672148458,20.0,2.0493872735125844,22.049387273512586,0.8959516605469999,0.4502926708031508,18.84185727983997,36.97666353424622,0.2833516001701355,-0.17428621649742126,True,False,True,-0.2188890315286986,False
pure,2,13,0,0.21699369787800854,200,-49.94088151048387,21.19434637234711,4238.869274469422,40.03847209363504,0.48305871852172694,171,0,171,0.855,0.0,0.855,162,-1.7204431295394897,2.480229377746582,0.280809611082077,-0.3930543065071106,-0.10000000149011612,-0.035649336874485016,0.21699355057637154,19.99999837680132,2.049392510974975,22.049390887776294,-0.8959578440140846,-0.45027453442443904,18.84194468469629,37.05517163709912,0.28328564763069153,-0.17607489228248596,True,False,True,-0.21709971495727956,False
pure,2,13,0,0.21699369787800854,200,-49.94088151048387,21.19434637234711,4238.869274469422,40.03847209363504,0.48305871852172694,171,0,171,0.855,0.0,0.855,163,-1.8204431533813477,2.444580078125,0.280809611082077,-0.3930543065071106,0.10000000149011612,0.0356491282582283,0.2187828970151565,20.0,2.049387806535155,22.049387806535155,0.8959522941692947,0.4502858503751204,18.84185621459998,37.13367937132662,0.2833516001701355,-0.17428618669509888,True,False,True,-0.2188890613290093,False
pure,2,13,0,0.21699369787800854,200,-49.94088151048387,21.19434637234711,4238.869274469422,40.03847209363504,0.48305871852172694,171,0,171,0.855,0.0,0.855,164,-1.7204431295394897,2.480229139328003,0.280809611082077,-0.3930543065071106,-0.10000000149011612,-0.0356488898396492,0.21699360949701377,19.999990538189966,2.0493838866069267,22.04937442479689,-0.8959572890296048,-0.45026994399168946,18.8419132710544,37.21218734328935,0.28328558802604675,-0.1760748326778412,True,False,True,-0.21709977372891018,False
pure,2,13,0,0.21699369787800854,200,-49.94088151048387,21.19434637234711,4238.869274469422,40.03847209363504,0.48305871852172694,171,0,171,0.855,0.0,0.855,165,-1.8204431533813477,2.444580078125,0.280809611082077,-0.3930543065071106,0.10000000149011612,0.0356491282582283,0.2187829261229396,20.0,2.049387483866903,22.0493874838669,0.8959528811761499,0.45028998178267815,18.841876276299075,37.290695161107266,0.2833515405654907,-0.1742861568927765,True,False,True,-0.2188890904367924,False
pure,2,13,0,0.21699369787800854,200,-49.94088151048387,21.19434637234711,4238.869274469422,40.03847209363504,0.48305871852172694,171,0,171,0.855,0.0,0.855,166,-1.7204431295394897,2.480229377746582,0.280809611082077,-0.3930543065071106,-0.10000000149011612,-0.035649336874485016,0.21699363895734117,20.0,2.0493924781291506,22.04939247812915,-0.895956789082349,-0.45027701369966283,18.841930106597523,37.36920320321809,0.28328555822372437,-0.1760748028755188,True,False,True,-0.2170998033382492,False
pure,2,13,0,0.21699369787800854,200,-49.94088151048387,21.19434637234711,4238.869274469422,40.03847209363504,0.48305871852172694,171,0,171,0.855,0.0,0.855,167,-1.8204431533813477,2.444580078125,0.280809611082077,-0.3930543065071106,0.10000000149011612,0.0356491282582283,0.2187829261229396,20.0,2.049388022942184,22.049388022942185,0.895953327151634,0.45028367818421355,18.84187252002976,37.44771100538488,0.2833515405654907,-0.1742861568927765,True,False,True,-0.2188890904367924,False
pure,2,13,0,0.21699369787800854,200,-49.94088151048387,21.19434637234711,4238.869274469422,40.03847209363504,0.48305871852172694,171,0,171,0.855,0.0,0.855,168,-1.7204431295394897,2.480229139328003,0.280809611082077,-0.3930543065071106,-0.10000000149011612,-0.0356488898396492,0.21699363895734117,19.999993021877863,2.049383909050312,22.049376930928176,-0.8959565020511864,-0.45027189895778064,18.84190377335143,37.52621893777385,0.28328555822372437,-0.1760748028755188,True,False,True,-0.21709980318923758,False
pure,2,13,0,0.21699369787800854,200,-49.94088151048387,21.19434637234711,4238.869274469422,40.03847209363504,0.48305871852172694,171,0,171,0.855,0.0,0.855,169,-1.8204431533813477,2.444580316543579,0.280809611082077,-0.3930543065071106,0.10000000149011612,0.03564884513616562,0.21878295557699276,20.0,2.0493828138074552,22.049382813807455,0.8959541340220707,0.45028142737796256,18.8418816990865,37.60472677818671,0.28335151076316833,-0.1742861270904541,True,False,True,-0.218889119793988,False
pure,2,13,0,0.21699369787800854,200,-49.94088151048387,21.19434637234711,4238.869274469422,40.03847209363504,0.48305871852172694,171,0,171,0.855,0.0,0.855,170,-1.7204431295394897,2.480229139328003,0.280809611082077,-0.3930543065071106,-0.10000000149011612,-0.0356488898396492,0.21699366841767276,19.999998993917323,2.0493841723562327,22.049383166273557,-0.8959562652482731,-0.4502739246696257,18.841908658002037,37.68323473092838,0.283285528421402,-0.1760747730731964,True,False,True,-0.21709983264956917,False
pure,2,13,0,0.21699369787800854,200,-49.94088151048387,21.19434637234711,4238.869274469422,40.03847209363504,0.48305871852172694,171,0,171,0.855,0.0,0.855,171,-1.8204431533813477,2.444580078125,0.280809611082077,-0.3930543065071106,0.10000000149011612,0.0356491282582283,0.21878298537730362,20.0,2.0493877639745612,22.04938776397456,0.8959538766603127,0.4502863991530289,18.841888969914635,37.761742601636364,0.28335151076316833,-0.1742860972881317,True,False,True,-0.21888914969115641,False
pure,2,13,0,0.21699369787800854,200,-49.94088151048387,21.19434637234711,4238.869274469422,40.03847209363504,0.48305871852172694,171,0,171,0.855,0.0,0.855,172,-1.7204431295394897,2.480229377746582,0.280809611082077,-0.3930543065071106,-0.10000000149011612,-0.035649336874485016,0.21699366841767276,20.0,2.0493923387761797,22.04939233877618,-0.8959558078369719,-0.45028039745325704,18.841917353581238,37.84025059060962,0.283285528421402,-0.1760747730731964,True,False,True,-0.21709983279858078,False
pure,2,13,0,0.21699369787800854,200,-49.94088151048387,21.19434637234711,4238.869274469422,40.03847209363504,0.48305871852172694,171,0,171,0.855,0.0,0.855,173,-1.8204431533813477,2.444580078125,0.280809611082077,-0.3930543065071106,0.10000000149011612,0.0356491282582283,0.21878298537730362,20.0,2.049388373852825,22.049388373852825,0.8959542730469395,0.45028079219288486,18.84188568142813,37.91875844761557,0.28335151076316833,-0.1742860972881317,True,False,True,-0.21888914969115641,False
pure,2,13,0,0.21699369787800854,200,-49.94088151048387,21.19434637234711,4238.869274469422,40.03847209363504,0.48305871852172694,171,0,171,0.855,0.0,0.855,174,-1.7204431295394897,2.480229139328003,0.280809611082077,-0.3930543065071106,-0.10000000149011612,-0.0356488898396492,0.21699366841767276,19.999996214588638,2.0493839313885363,22.049380145977175,-0.8959558729104734,-0.4502744963426143,18.84189938416655,37.99726636171627,0.283285528421402,-0.1760747730731964,True,False,True,-0.21709983264956917,False
pure,2,13,0,0.21699369787800854,200,-49.94088151048387,21.19434637234711,4238.869274469422,40.03847209363504,0.48305871852172694,171,0,171,0.855,0.0,0.855,175,-1.8204431533813477,2.444580316543579,0.280809611082077,-0.3930543065071106,0.10000000149011612,0.03564884513616562,0.21878298503105006,20.0,2.049382996573147,22.049382996573147,0.8959547447122107,0.45027908972424396,18.841889204437514,38.075774233401425,0.28335148096084595,-0.1742860972881317,True,False,True,-0.2188891492480453,False
pure,2,13,0,0.21699369787800854,200,-49.94088151048387,21.19434637234711,4238.869274469422,40.03847209363504,0.48305871852172694,171,0,171,0.855,0.0,0.855,176,-1.7204431295394897,2.480229139328003,0.280809611082077,-0.3930543065071106,-0.10000000149011612,-0.0356488898396492,0.21699366841767276,19.99999995238685,2.049384075539474,22.049384027926326,-0.8959557600906507,-0.45027602855576315,18.841903681673077,38.1542821654084,0.283285528421402,-0.1760747730731964,True,False,True,-0.21709983264956917,False
pure,2,13,0,0.21699369787800854,200,-49.94088151048387,21.19434637234711,4238.869274469422,40.03847209363504,0.48305871852172694,171,0,171,0.855,0.0,0.855,177,-1.8204431533813477,2.444580078125,0.280809611082077,-0.3930543065071106,0.10000000149011612,0.0356491282582283,0.21878298503105006,20.0,2.049387912016846,22.049387912016847,0.8959543668742368,0.4502845056532932,18.841894960339076,38.23279006107648,0.28335148096084595,-0.1742860972881317,True,False,True,-0.21888914934490286,False
pure,2,13,0,0.21699369787800854,200,-49.94088151048387,21.19434637234711,4238.869274469422,40.03847209363504,0.48305871852172694,171,0,171,0.855,0.0,0.855,178,-1.7204431295394897,2.480229377746582,0.280809611082077,-0.3930543065071106,-0.10000000149011612,-0.035649336874485016,0.21699366841767276,20.0,2.0493922596807406,22.04939225968074,-0.8959553256800719,-0.45028217813768256,18.841911324148988,38.3112980249271,0.283285528421402,-0.1760747730731964,True,False,True,-0.21709983279858078,False
pure,2,13,0,0.21699369787800854,200,-49.94088151048387,21.19434637234711,4238.869274469422,40.03847209363504,0.48305871852172694,171,0,171,0.855,0.0,0.855,179,-1.8204431533813477,2.444580078125,0.280809611082077,-0.3930543065071106,0.10000000149011612,0.0356491282582283,0.21878298503105006,20.0,2.049388553316305,22.049388553316305,0.8959547371315449,0.45027926611157565,18.841891916395628,38.38980590791208,0.28335148096084595,-0.1742860972881317,True,False,True,-0.21888914934490286,False
pure,2,13,0,0.21699369787800854,200,-49.94088151048387,21.19434637234711,4238.869274469422,40.03847209363504,0.48305871852172694,171,0,171,0.855,0.0,0.855,180,-1.7204431295394897,2.480229139328003,0.280809611082077,-0.3930543065071106,-0.10000000149011612,-0.0356488898396492,0.21699369787800854,19.999997747675067,2.049383932248949,22.049381679924018,-0.8959555619141568,-0.45027586981225187,18.841897352972733,38.468313813549464,0.2832854986190796,-0.17607474327087402,True,False,True,-0.21709986210990495,False
pure,2,13,0,0.21699369787800854,200,-49.94088151048387,21.19434637234711,4238.869274469422,40.03847209363504,0.48305871852172694,171,0,171,0.855,0.0,0.855,181,-1.8204431533813477,2.444580078125,0.280809611082077,-0.3930543065071106,0.10000000149011612,0.0356491282582283,0.21878298503105006,20.0,2.0493879008976825,22.04938790089768,0.8959545660949251,0.45028464852753913,18.841899232550805,38.546821727018425,0.28335148096084595,-0.1742860972881317,True,False,True,-0.21888914934490286,False
pure,2,13,0,0.21699369787800854,200,-49.94088151048387,21.19434637234711,4238.869274469422,40.03847209363504,0.48305871852172694,171,0,171,0.855,0.0,0.855,182,-1.7204431295394897,2.480229377746582,0.280809611082077,-0.3930543065071106,-0.10000000149011612,-0.035649336874485016,0.21699369787800854,20.0,2.0493923014457085,22.049392301445707,-0.8959551223567147,-0.45028209443641326,18.841907104951126,38.62532967328905,0.2832854986190796,-0.17607474327087402,True,False,True,-0.21709986225891656,False
pure,2,13,0,0.21699369787800854,200,-49.94088151048387,21.19434637234711,4238.869274469422,40.03847209363504,0.48305871852172694,171,0,171,0.855,0.0,0.855,183,-1.8204431533813477,2.444580078125,0.280809611082077,-0.3930543065071106,0.10000000149011612,0.0356491282582283,0.21878298503105006,20.0,2.049388579229752,22.049388579229753,0.8959549378010923,0.450279386328255,18.841896187825554,38.703837574071656,0.28335148096084595,-0.1742860972881317,True,False,True,-0.21888914934490286,False
pure,2,13,0,0.21699369787800854,200,-49.94088151048387,21.19434637234711,4238.869274469422,40.03847209363504,0.48305871852172694,171,0,171,0.855,0.0,0.855,184,-1.7204431295394897,2.480229139328003,0.280809611082077,-0.3930543065071106,-0.10000000149011612,-0.0356488898396492,0.21699369787800854,19.999998646794346,2.0493840041572944,22.04938265095164,-0.895955443876673,-0.4502757616151673,18.841895608435355,38.782345472440134,0.2832854986190796,-0.17607474327087402,True,False,True,-0.21709986210990495,False
pure,2,13,0,0.21699369787800854,200,-49.94088151048387,21.19434637234711,4238.869274469422,40.03847209363504,0.48305871852172694,171,0,171,0.855,0.0,0.855,185,-1.8204431533813477,2.444580316543579,0.280809611082077,-0.3930543065071106,0.10000000149011612,0.03564884513616562,0.21878298503105006,20.0,2.049383085627613,22.049383085627614,0.8959551647152173,0.4502779509733371,18.841895310860163,38.860853369568716,0.28335148096084595,-0.1742860972881317,True,False,True,-0.2188891492480453,False
pure,2,13,0,0.21699369787800854,200,-49.94088151048387,21.19434637234711,4238.869274469422,40.03847209363504,0.48305871852172694,171,0,171,0.855,0.0,0.855,186,-1.7204431295394897,2.480229139328003,0.280809611082077,-0.3930543065071106,-0.10000000149011612,-0.0356488898396492,0.21699369787800854,20.0,2.049384046943701,22.0493840469437,-0.8959553478333069,-0.4502771215571116,18.84189770628901,38.939361276678255,0.2832854986190796,-0.17607474327087402,True,False,True,-0.21709986210990495,False
pure,2,13,0,0.21699369787800854,200,-49.94088151048387,21.19434637234711,4238.869274469422,40.03847209363504,0.48305871852172694,171,0,171,0.855,0.0,0.855,187,-1.8204431533813477,2.444580078125,0.280809611082077,-0.3930543065071106,0.10000000149011612,0.0356491282582283,0.21878298503105006,20.0,2.0493880371595794,22.04938803715958,0.8959547665042993,0.4502835900776141,18.841901132920317,39.017869198065426,0.28335148096084595,-0.1742860972881317,True,False,True,-0.21888914934490286,False
pure,2,13,0,0.21699369787800854,200,-49.94088151048387,21.19434637234711,4238.869274469422,40.03847209363504,0.48305871852172694,171,0,171,0.855,0.0,0.855,188,-1.7204431295394897,2.480229377746582,0.280809611082077,-0.3930543065071106,-0.10000000149011612,-0.035649336874485016,0.21699369787800854,20.0,2.0493922942785043,22.049392294278505,-0.8959549227290847,-0.4502831421621649,18.841905256372346,39.09637713663364,0.2832854986190796,-0.17607474327087402,True,False,True,-0.21709986225891656,False
pure,2,13,0,0.21699369787800854,200,-49.94088151048387,21.19434637234711,4238.869274469422,40.03847209363504,0.48305871852172694,171,0,171,0.855,0.0,0.855,189,-1.8204431533813477,2.444580078125,0.280809611082077,-0.3930543065071106,0.10000000149011612,0.0356491282582283,0.21878298503105006,20.0,2.049388720246261,22.04938872024626,0.8959551232874654,0.450278538495912,18.8418982235118,39.17488504589827,0.28335148096084595,-0.1742860972881317,True,False,True,-0.21888914934490286,False
pure,2,13,0,0.21699369787800854,200,-49.94088151048387,21.19434637234711,4238.869274469422,40.03847209363504,0.48305871852172694,171,0,171,0.855,0.0,0.855,190,-1.7204431295394897,2.480229139328003,0.280809611082077,-0.3930543065071106,-0.10000000149011612,-0.0356488898396492,0.21699369787800854,19.99999987009386,2.049384030890279,22.04938390098414,-0.8959553778834676,-0.4502765246614562,18.841896960405204,39.25339294989996,0.2832854986190796,-0.17607474327087402,True,False,True,-0.21709986210990495,False
pure,2,13,0,0.21699369787800854,200,-49.94088151048387,21.19434637234711,4238.869274469422,40.03847209363504,0.48305871852172694,171,0,171,0.855,0.0,0.855,191,-1.8204431533813477,2.444580316543579,0.280809611082077,-0.3930543065071106,0.10000000149011612,0.03564884513616562,0.21878298503105006,20.0,2.0493831392952084,22.04938313929521,0.8959552253298955,0.4502772642288521,18.841895139916495,39.33190084631628,0.28335148096084595,-0.1742860972881317,True,False,True,-0.2188891492480453,False
pure,2,13,0,0.21699369787800854,200,-49.94088151048387,21.19434637234711,4238.869274469422,40.03847209363504,0.48305871852172694,171,0,171,0.855,0.0,0.855,192,-1.7204431295394897,2.480229139328003,0.280809611082077,-0.3930543065071106,-0.10000000149011612,-0.0356488898396492,0.21699369787800854,20.0,2.0493840004988937,22.049384000498893,-0.895955291874454,-0.4502777422535308,18.841897838244233,39.41040875397563,0.2832854986190796,-0.17607474327087402,True,False,True,-0.21709986210990495,False
pure,2,13,0,0.21699369787800854,200,-49.94088151048387,21.19434637234711,4238.869274469422,40.03847209363504,0.48305871852172694,171,0,171,0.855,0.0,0.855,193,-1.8204431533813477,2.444580078125,0.280809611082077,-0.3930543065071106,0.10000000149011612,0.0356491282582283,0.21878298503105006,20.0,2.049388082675584,22.049388082675584,0.8959548179015747,0.45028303407721637,18.841901041900346,39.48891667498355,0.28335148096084595,-0.1742860972881317,True,False,True,-0.21888914934490286,False
pure,2,13,0,0.21699369787800854,200,-49.94088151048387,21.19434637234711,4238.869274469422,40.03847209363504,0.48305871852172694,171,0,171,0.855,0.0,0.855,194,-1.7204431295394897,2.480229377746582,0.280809611082077,-0.3930543065071106,-0.10000000149011612,-0.035649336874485016,0.21699369787800854,20.0,2.0493922588861326,22.049392258886133,-0.895954874881416,-0.4502836478132724,18.841905319759853,39.56742461381588,0.2832854986190796,-0.17607474327087402,True,False,True,-0.21709986225891656,False
pure,2,13,0,0.21699369787800854,200,-49.94088151048387,21.19434637234711,4238.869274469422,40.03847209363504,0.48305871852172694,171,0,171,0.855,0.0,0.855,195,-1.8204431533813477,2.444580078125,0.280809611082077,-0.3930543065071106,0.10000000149011612,0.0356491282582283,0.21878298503105006,20.0,2.049388759527656,22.049388759527655,0.8959551671985319,0.45027808866066016,18.84189819753339,39.64593252297227,0.28335148096084595,-0.1742860972881317,True,False,True,-0.21888914934490286,False
pure,2,13,0,0.21699369787800854,200,-49.94088151048387,21.19434637234711,4238.869274469422,40.03847209363504,0.48305871852172694,171,0,171,0.855,0.0,0.855,196,-1.7204431295394897,2.480229139328003,0.280809611082077,-0.3930543065071106,-0.10000000149011612,-0.0356488898396492,0.21699369787800854,19.99999994897716,2.0493840048203658,22.049383953797523,-0.8959553444625374,-0.4502769295130001,18.84189718062013,39.724440427891516,0.2832854986190796,-0.17607474327087402,True,False,True,-0.21709986210990495,False
pure,2,13,0,0.21699369787800854,200,-49.94088151048387,21.19434637234711,4238.869274469422,40.03847209363504,0.48305871852172694,171,0,171,0.855,0.0,0.855,197,-1.8204431533813477,2.444580078125,0.280809611082077,-0.3930543065071106,0.10000000149011612,0.0356491282582283,0.21878298503105006,20.0,2.0493879754544624,22.04938797545446,0.8959547760328658,0.4502836947917927,18.841901510306823,39.802948350851125,0.28335148096084595,-0.1742860972881317,True,False,True,-0.21888914934490286,False
pure,2,13,0,0.21699369787800854,200,-49.94088151048387,21.19434637234711,4238.869274469422,40.03847209363504,0.48305871852172694,171,0,171,0.855,0.0,0.855,198,-1.7204431295394897,2.480229377746582,0.280809611082077,-0.3930543065071106,-0.10000000149011612,-0.035649336874485016,0.21699369787800854,20.0,2.04939225600251,22.04939225600251,-0.8959549170240788,-0.45028298341784645,18.841904799707816,39.88145628751657,0.2832854986190796,-0.17607474327087402,True,False,True,-0.21709986225891656,False
pure,2,13,0,0.21699369787800854,200,-49.94088151048387,21.19434637234711,4238.869274469422,40.03847209363504,0.48305871852172694,171,0,171,0.855,0.0,0.855,199,-1.8204431533813477,2.444580078125,0.280809611082077,-0.3930543065071106,0.10000000149011612,0.0356491282582283,0.21878298503105006,20.0,2.0493886634473,22.0493886634473,0.8959551346598017,0.45027861686423165,18.84189858599032,39.95996419829153,0.28335148096084595,-0.1742860972881317,True,False,True,-0.21888914934490286,False
pure,2,13,0,0.21699369787800854,200,-49.94088151048387,21.19434637234711,4238.869274469422,40.03847209363504,0.48305871852172694,171,0,171,0.855,0.0,0.855,200,-1.7204431295394897,2.480229139328003,0.280809611082077,-0.3930543065071106,-0.10000000149011612,-0.0356488898396492,0.21699369787800854,19.99999926013387,2.049383993323744,22.049383253457613,-0.8959553093831423,-0.4502764541313687,18.84189488244326,40.03847209363504,0.2832854986190796,-0.17607474327087402,True,False,True,-0.21709986210990495,True
