mode,seed,episode_idx,success,final_distance,length,return,tau_effort,tau_sum_total,energy,target_radius,torque_sat1_count,torque_sat2_count,torque_sat_any_count,torque_sat1_rate,torque_sat2_rate,torque_sat_any_rate,step,theta1,theta2,target_x,target_y,action0,action1,distance,tau1,tau2,tau_sum,omega1,omega2,power,cumulative_energy,tip_x,tip_y,sat1,sat2,sat_any,reward,done
pirl,3,14,0,0.24088986696797932,200,-57.91129961550868,2.6840898287067456,536.8179657413491,31.97070161490269,0.5990325378642821,13,0,13,0.065,0.0,0.065,1,0.0,0.0,0.41037699580192566,0.4363836646080017,0.027720920741558075,0.10000000149011612,0.7416182587395157,20.0,15.088661160793267,35.088661160793265,7.4926240321449065,-53.46342962497329,956.5440547480366,3.985600228116819,0.39047300815582275,-0.30496746301651,True,False,True,-0.7592663604625739,False
pirl,3,14,0,0.24088986696797932,200,-57.91129961550868,2.6840898287067456,536.8179657413491,31.97070161490269,0.5990325378642821,13,0,13,0.065,0.0,0.065,2,0.027720920741558075,0.10000000149011612,0.41037699580192566,0.4363836646080017,-0.08874272555112839,0.10000000149011612,0.8170338357424887,20.0,6.634106772555979,26.63410677255598,8.82029822331659,-45.71708662671319,479.6979984781382,5.984341888442395,0.43231093883514404,-0.38035571575164795,True,False,True,-0.8304845875624043,False
pirl,3,14,0,0.24088986696797932,200,-57.91129961550868,2.6840898287067456,536.8179657413491,31.97070161490269,0.5990325378642821,13,0,13,0.065,0.0,0.065,3,-0.06102180480957031,0.20000000298023224,0.41037699580192566,0.4363836646080017,-0.026414185762405396,0.10000000149011612,0.8787403468056567,20.0,6.1742001623976766,26.174200162397675,10.191666957240765,-38.74537792827908,443.05505784175534,7.830404629449709,0.46388086676597595,-0.4407263398170471,True,False,True,-0.8919308766215625,False
pirl,3,14,0,0.24088986696797932,200,-57.91129961550868,2.6840898287067456,536.8179657413491,31.97070161490269,0.5990325378642821,13,0,13,0.065,0.0,0.065,4,-0.08743599057197571,0.30000001192092896,0.41037699580192566,0.4363836646080017,-0.036152392625808716,0.10000000149011612,0.9249909197121421,20.0,5.744445489297085,25.744445489297085,11.603308170915316,-32.47084009968838,418.59313436264813,9.574542689294077,0.49120965600013733,-0.4850686192512512,True,False,True,-0.9379694768152443,False
pirl,3,14,0,0.24088986696797932,200,-57.91129961550868,2.6840898287067456,536.8179657413491,31.97070161490269,0.5990325378642821,13,0,13,0.065,0.0,0.065,5,-0.12358838319778442,0.4000000059604645,0.41037699580192566,0.4363836646080017,-0.021298833191394806,0.10000000149011612,0.955992128478549,20.0,5.34403267153483,25.34403267153483,13.051855512104293,-26.82375605395675,404.3841389677109,11.25947660165954,0.5184258222579956,-0.5134828686714172,True,False,True,-0.9687663878652493,False
pirl,3,14,0,0.24088986696797932,200,-57.91129961550868,2.6840898287067456,536.8179657413491,31.97070161490269,0.5990325378642821,13,0,13,0.065,0.0,0.065,6,-0.14488720893859863,0.5,0.41037699580192566,0.4363836646080017,-0.018749184906482697,0.10000000149011612,0.9726095794292178,20.0,4.9718091462053176,24.971809146205317,14.534034982102803,-21.741380412798293,398.77469362953576,12.921037825115938,0.5479907989501953,-0.5264412760734558,True,False,True,-0.9851972264859958,False
pirl,3,14,0,0.24088986696797932,200,-57.91129961550868,2.6840898287067456,536.8179657413491,31.97070161490269,0.5990325378642821,13,0,13,0.065,0.0,0.065,7,-0.16363640129566193,0.6000000238418579,0.41037699580192566,0.4363836646080017,-0.01365884393453598,0.10000000149011612,0.9758119708579818,20.0,4.6263944917990845,24.626394491799083,16.04669020039144,-17.16724233575567,400.35623938934884,14.589188822571558,0.5809877514839172,-0.5243977904319763,True,False,True,-0.9882260966190771,False
pirl,3,14,0,0.24088986696797932,200,-57.91129961550868,2.6840898287067456,536.8179657413491,31.97070161490269,0.5990325378642821,13,0,13,0.065,0.0,0.065,8,-0.1772952377796173,0.699999988079071,0.41037699580192566,0.4363836646080017,-0.011298120021820068,0.10000000149011612,0.9664489381945421,20.0,4.306268089407447,24.306268089407446,17.586798930477933,-13.050518066417318,407.93500810920693,16.288918023026586,0.617378830909729,-0.5076363682746887,True,False,True,-0.9787027084532638,False
pirl,3,14,0,0.24088986696797932,200,-57.91129961550868,2.6840898287067456,536.8179657413491,31.97070161490269,0.5990325378642821,13,0,13,0.065,0.0,0.065,9,-0.18859335780143738,0.800000011920929,0.41037699580192566,0.4363836646080017,-0.00918395072221756,0.10000000149011612,0.9451866737470999,20.0,4.014688783594397,24.014688783594398,19.150998534324216,-9.345466224012801,420.5391091134888,18.041164310999456,0.6562069654464722,-0.4762748181819916,True,False,True,-0.9572944389864322,False
pirl,3,14,0,0.24088986696797932,200,-57.91129961550868,2.6840898287067456,536.8179657413491,31.97070161490269,0.5990325378642821,13,0,13,0.065,0.0,0.065,10,-0.19777731597423553,0.9000000357627869,0.41037699580192566,0.4363836646080017,-0.00798497349023819,0.10000000149011612,0.9125187980915966,20.0,3.7581572119427604,23.75815721194276,20.735266627415307,-6.010919565848733,437.2953132651084,19.86322811627074,0.6957485675811768,-0.4303652346134186,True,False,True,-0.9244981949953118,False
pirl,3,14,0,0.24088986696797932,200,-57.91129961550868,2.6840898287067456,536.8179657413491,31.97070161490269,0.5990325378642821,13,0,13,0.065,0.0,0.065,11,-0.20576229691505432,1.0,0.41037699580192566,0.4363836646080017,-0.00719057023525238,0.10000000149011612,0.8688121739966603,20.0,3.5327416158369327,23.532741615836933,22.335968490927502,-3.009827573501072,457.3523129439508,21.768862753537203,0.7336419224739075,-0.37004947662353516,True,False,True,-0.8806788029984889,False
pirl,3,14,0,0.24088986696797932,200,-57.91129961550868,2.6840898287067456,536.8179657413491,31.97070161490269,0.5990325378642821,13,0,13,0.065,0.0,0.065,12,-0.2129528522491455,1.100000023841858,0.41037699580192566,0.4363836646080017,-0.006827749311923981,0.10000000149011612,0.8224233836171059,17.280493128430802,0.7019980684281114,17.982491196858913,20.49157439028669,-0.30880490837705343,354.32129089127955,23.245201465584202,0.7626693248748779,-0.30676528811454773,False,False,False,-0.8315148620402185,False
pirl,3,14,0,0.24088986696797932,200,-57.91129961550868,2.6840898287067456,536.8179657413491,31.97070161490269,0.5990325378642821,13,0,13,0.065,0.0,0.065,13,-0.21978060901165009,1.2000000476837158,0.41037699580192566,0.4363836646080017,-0.006750218570232391,0.10000000149011612,0.7748237947943067,20.0,0.32821982359676055,20.32821982359676,18.420607708313714,2.1220357462123136,369.1086483645621,24.78315416710321,0.7826203107833862,-0.24316534399986267,True,False,True,-0.785088132278129,False
pirl,3,14,0,0.24088986696797932,200,-57.91129961550868,2.6840898287067456,536.8179657413491,31.97070161490269,0.5990325378642821,13,0,13,0.065,0.0,0.065,14,-0.22653082013130188,1.3000000715255737,0.41037699580192566,0.4363836646080017,-0.006915874779224396,0.10000000149011612,0.7268002471873435,20.0,0.16350594630290186,20.1635059463029,16.37382500960667,4.3098322073538675,328.1811833856035,26.150575764543223,0.7939947843551636,-0.18092988431453705,True,False,True,-0.7369822390201485,False
pirl,3,14,0,0.24088986696797932,200,-57.91129961550868,2.6840898287067456,536.8179657413491,31.97070161490269,0.5990325378642821,13,0,13,0.065,0.0,0.065,15,-0.23344670236110687,1.399999976158142,0.41037699580192566,0.4363836646080017,-0.007264271378517151,0.10000000149011612,0.6787534665928366,18.794438090578485,0.09944887541309198,18.893886965991577,14.460644925994607,6.278892387581504,272.40412459822835,27.285592950369175,0.7975426316261292,-0.12111885845661163,False,False,False,-0.6883006735820065,False
pirl,3,14,0,0.24088986696797932,200,-57.91129961550868,2.6840898287067456,536.8179657413491,31.97070161490269,0.5990325378642821,13,0,13,0.065,0.0,0.065,16,-0.24071097373962402,1.5,0.41037699580192566,0.4363836646080017,-0.007759496569633484,0.10000000149011612,0.6306085194836958,15.973528982440191,0.16364726900871526,16.137176251448906,12.82835251572394,8.050996675783493,206.23158432566612,28.144891218392782,0.7940824627876282,-0.06405338644981384,False,False,False,-0.6387774082120351,False
pirl,3,14,0,0.24088986696797932,200,-57.91129961550868,2.6840898287067456,536.8179657413491,31.97070161490269,0.5990325378642821,13,0,13,0.065,0.0,0.065,17,-0.2484704703092575,1.600000023841858,0.41037699580192566,0.4363836646080017,-0.008368007838726044,0.10000000149011612,0.5825201187179372,14.549181159447505,0.14264355283935556,14.691824712286861,11.344685076022124,9.645893757510086,166.43180292380856,28.838357063908653,0.784287691116333,-0.010293513536453247,False,False,False,-0.5899663805823065,False
pirl,3,14,0,0.24088986696797932,200,-57.91129961550868,2.6840898287067456,536.8179657413491,31.97070161490269,0.5990325378642821,13,0,13,0.065,0.0,0.065,18,-0.25683847069740295,1.7000000476837158,0.41037699580192566,0.4363836646080017,-0.009065322577953339,0.10000000149011612,0.5346246663419331,13.28645988354099,0.12204007011422387,13.408499953655214,9.99264882654903,11.08130150399177,134.11929057676062,29.39718744131182,0.7688024640083313,0.03970402479171753,False,False,False,-0.5414293263778551,False
pirl,3,14,0,0.24088986696797932,200,-57.91129961550868,2.6840898287067456,536.8179657413491,31.97070161490269,0.5990325378642821,13,0,13,0.065,0.0,0.065,19,-0.2659038007259369,1.8000000715255737,0.41037699580192566,0.4363836646080017,-0.0098300501704216,0.10000000149011612,0.48705724380013193,12.164414559781378,0.10217620610711513,12.266590765888493,8.757462739804009,12.373168800412847,107.79365070436391,29.846327652580005,0.7482435703277588,0.08556896448135376,False,False,False,-0.4932910211775263,False
pirl,3,14,0,0.24088986696797932,200,-57.91129961550868,2.6840898287067456,536.8179657413491,31.97070161490269,0.5990325378642821,13,0,13,0.065,0.0,0.065,20,-0.2757338583469391,1.899999976158142,0.41037699580192566,0.4363836646080017,-0.010645255446434021,0.10000000149011612,0.4399732639780538,11.16518426128807,0.08327712647218932,11.24846138776026,7.62623033510919,13.535849650568109,86.27549357377767,30.205808875804077,0.7232043147087097,0.12700435519218445,False,False,False,-0.44569805968820364,False
pirl,3,14,0,0.24088986696797932,200,-57.91129961550868,2.6840898287067456,536.8179657413491,31.97070161490269,0.5990325378642821,13,0,13,0.065,0.0,0.065,21,-0.2863790988922119,2.0,0.41037699580192566,0.4363836646080017,-0.011497288942337036,0.10000000149011612,0.39357461191313164,10.273420042611454,0.06548812740815511,10.338908170019609,6.587672366982182,14.582262663668867,68.63289040432991,30.491779252488787,0.6942558884620667,0.163778156042099,False,False,False,-0.39884472476506677,False
pirl,3,14,0,0.24088986696797932,200,-57.91129961550868,2.6840898287067456,536.8179657413491,31.97070161490269,0.5990325378642821,13,0,13,0.065,0.0,0.065,22,-0.29787638783454895,2.1000001430511475,0.41037699580192566,0.4363836646080017,-0.01237419992685318,0.10000000149011612,0.348150575754772,9.475431461913452,0.04913022018795451,9.524561682101407,5.631924332039488,15.524322318946217,54.12762638072147,30.717311029075127,0.6619488596916199,0.19571702182292938,False,False,False,-0.35301361929089675,False
pirl,3,14,0,0.24088986696797932,200,-57.91129961550868,2.6840898287067456,536.8179657413491,31.97070161490269,0.5990325378642821,13,0,13,0.065,0.0,0.065,23,-0.31025058031082153,2.200000047683716,0.41037699580192566,0.4363836646080017,-0.013266414403915405,0.10000000149011612,0.30414775064319166,8.760326972729757,0.03355972311392667,8.793886695843684,4.750337953141569,16.371866758250313,42.163949015752934,30.892994149974097,0.6268147826194763,0.22270037233829498,False,False,False,-0.3086455701436289,False
pirl,3,14,0,0.24088986696797932,200,-57.91129961550868,2.6840898287067456,536.8179657413491,31.97070161490269,0.5990325378642821,13,0,13,0.065,0.0,0.065,24,-0.3235170245170593,2.299999952316284,0.41037699580192566,0.4363836646080017,-0.014166995882987976,0.09695374220609665,0.26242130990387225,8.173223928561217,0.036146298305845086,8.209370226867062,3.9352962566357004,17.061550712990712,32.78076943234436,31.02958068927553,0.5895106792449951,0.24461276829242706,False,False,False,-0.2666239783403434,False
pirl,3,14,0,0.24088986696797932,200,-57.91129961550868,2.6840898287067456,536.8179657413491,31.97070161490269,0.5990325378642821,13,0,13,0.065,0.0,0.065,25,-0.3376840054988861,2.396953821182251,0.41037699580192566,0.4363836646080017,-0.014468461275100708,-0.0052447691559791565,0.2280971872675701,9.300914770137025,1.90005337165432,11.200968141791344,3.1945235603697135,15.229558026920191,58.648964444048204,31.273951374459063,0.5554964542388916,0.26040446758270264,False,False,False,-0.23371306107427622,False
pirl,3,14,0,0.24088986696797932,200,-57.91129961550868,2.6840898287067456,536.8179657413491,31.97070161490269,0.5990325378642821,13,0,13,0.065,0.0,0.065,26,-0.3521524667739868,2.391709089279175,0.41037699580192566,0.4363836646080017,0.00516858696937561,0.022278092801570892,0.19874721817197452,2.7989216863771076,0.8558999356994913,3.6548216220765988,2.9991172915977558,14.241064012254164,20.58322019982221,31.35971479195832,0.5230135321617126,0.27263545989990234,False,False,False,-0.20059749878229893,False
pirl,3,14,0,0.24088986696797932,200,-57.91129961550868,2.6840898287067456,536.8179657413491,31.97070161490269,0.5990325378642821,13,0,13,0.065,0.0,0.065,27,-0.3469838798046112,2.413987159729004,0.41037699580192566,0.4363836646080017,-0.005891710519790649,-0.013025261461734772,0.17642172734928488,6.026316061172863,1.618158761470866,7.644474822643729,2.557804509963005,12.50445678440084,35.648334702842476,31.50824951988683,0.49419811367988586,0.28114625811576843,False,False,False,-0.18025826055281388,False
pirl,3,14,0,0.24088986696797932,200,-57.91129961550868,2.6840898287067456,536.8179657413491,31.97070161490269,0.5990325378642821,13,0,13,0.065,0.0,0.065,28,-0.35287559032440186,2.4009618759155273,0.41037699580192566,0.4363836646080017,0.0042578428983688354,0.011722378432750702,0.15954042576870583,2.3526363788732825,0.8241104524052376,3.1767468312785203,2.404212288527557,11.535228158441223,15.162539388774752,31.57142676734006,0.4673619866371155,0.2873673439025879,False,False,False,-0.16114127088815755,False
pirl,3,14,0,0.24088986696797932,200,-57.91129961550868,2.6840898287067456,536.8179657413491,31.97070161490269,0.5990325378642821,13,0,13,0.065,0.0,0.065,29,-0.3486177325248718,2.412684202194214,0.41037699580192566,0.4363836646080017,-0.0035367459058761597,-0.009052194654941559,0.1487626426960959,4.5145805480255055,1.2647543923962294,5.779334940421735,2.0789091579337735,10.164523307944572,22.24102834585665,31.66409771878113,0.44368070363998413,0.2913967967033386,False,False,False,-0.15166202874647822,False
pirl,3,14,0,0.24088986696797932,200,-57.91129961550868,2.6840898287067456,536.8179657413491,31.97070161490269,0.5990325378642821,13,0,13,0.065,0.0,0.065,30,-0.3521544933319092,2.4036319255828857,0.41037699580192566,0.4363836646080017,0.002801746129989624,0.007339589297771454,0.1428322841944912,2.127979961760427,0.726287819227068,2.8542677809874952,1.9382601492601466,9.324143143045553,10.89659034782794,31.709500178563744,0.4219120740890503,0.2940179109573364,False,False,False,-0.14426727425097519,False
pirl,3,14,0,0.24088986696797932,200,-57.91129961550868,2.6840898287067456,536.8179657413491,31.97070161490269,0.5990325378642821,13,0,13,0.065,0.0,0.065,31,-0.34935274720191956,2.4109716415405273,0.41037699580192566,0.4363836646080017,-0.0022528469562530518,-0.005861289799213409,0.14120091181342173,3.465030275157523,0.9881106000152623,4.453140875172785,1.6903658073840595,8.251101558920798,14.010169610848953,31.767875885275615,0.40271589159965515,0.2953907251358032,False,False,False,-0.1434337615849684,False
pirl,3,14,0,0.24088986696797932,200,-57.91129961550868,2.6840898287067456,536.8179657413491,31.97070161490269,0.5990325378642821,13,0,13,0.065,0.0,0.065,32,-0.3516055941581726,2.4051103591918945,0.41037699580192566,0.4363836646080017,0.0018036440014839172,0.004699148237705231,0.14267939071596245,1.8786797732571716,0.6242711938410284,2.5029509670982,1.5646166826812669,7.538719130003312,7.6456189059733966,31.79973263071717,0.3852134943008423,0.2959407567977905,False,False,False,-0.1439358996003526,False
pirl,3,14,0,0.24088986696797932,200,-57.91129961550868,2.6840898287067456,536.8179657413491,31.97070161490269,0.5990325378642821,13,0,13,0.065,0.0,0.065,33,-0.3498019576072693,2.4098095893859863,0.41037699580192566,0.4363836646080017,-0.0014451667666435242,-0.0037663057446479797,0.14631829875506225,2.68676286709446,0.7765708171070619,3.463333684201522,1.3734710120136955,6.6944822815796075,8.88893048962407,31.836769841090604,0.3697623908519745,0.2958151698112488,False,False,False,-0.14805399964790333,False
pirl,3,14,0,0.24088986696797932,200,-57.91129961550868,2.6840898287067456,536.8179657413491,31.97070161490269,0.5990325378642821,13,0,13,0.065,0.0,0.065,34,-0.3512471318244934,2.40604305267334,0.41037699580192566,0.4363836646080017,0.0011582225561141968,0.0030168816447257996,0.1513449553246896,1.6222076845739275,0.5286756156686117,2.150883300242539,1.2639212521590657,6.097404430750444,5.273891809356249,31.858744390296255,0.35574841499328613,0.2952418327331543,False,False,False,-0.15242362854609967,False
pirl,3,14,0,0.24088986696797932,200,-57.91129961550868,2.6840898287067456,536.8179657413491,31.97070161490269,0.5990325378642821,13,0,13,0.065,0.0,0.065,35,-0.350088894367218,2.409060001373291,0.41037699580192566,0.4363836646080017,-0.0009278953075408936,-0.0024181678891181946,0.15706725919197215,2.099571772746691,0.6137359398548657,2.713307712601557,1.115259639562178,5.4296435552234374,5.673935048950369,31.88238578633355,0.3433542251586914,0.2943341135978699,False,False,False,-0.15842650313039305,False
pirl,3,14,0,0.24088986696797932,200,-57.91129961550868,2.6840898287067456,536.8179657413491,31.97070161490269,0.5990325378642821,13,0,13,0.065,0.0,0.065,36,-0.3510167896747589,2.406641960144043,0.41037699580192566,0.4363836646080017,0.0007436126470565796,0.0019366368651390076,0.16314935945538522,1.3785972319463877,0.4430467838837816,1.8216440158301692,1.0215803791353184,4.933134928108538,3.5939574472499296,31.897360609030425,0.3321506083011627,0.2932112216949463,False,False,False,-0.1640622559563956,False
pirl,3,14,0,0.24088986696797932,200,-57.91129961550868,2.6840898287067456,536.8179657413491,31.97070161490269,0.5990325378642821,13,0,13,0.065,0.0,0.065,37,-0.3502731919288635,2.408578395843506,0.41037699580192566,0.4363836646080017,-0.0005956217646598816,-0.0015520080924034119,0.16920996630161061,1.6513702340333274,0.48731336273190334,2.138683596765231,0.9051274188699487,4.402582153375172,3.6401375913939678,31.912527848994568,0.3222205638885498,0.2919521629810333,False,False,False,-0.17028097047609714,False
pirl,3,14,0,0.24088986696797932,200,-57.91129961550868,2.6840898287067456,536.8179657413491,31.97070161490269,0.5990325378642821,13,0,13,0.065,0.0,0.065,38,-0.3508687913417816,2.407026529312134,0.41037699580192566,0.4363836646080017,0.00047726184129714966,0.0012431368231773376,0.17515397968091717,1.1582168583055235,0.368408394723387,1.5266252530289104,0.8260689611740856,3.992143109024631,2.4275060312565526,31.922642457458135,0.3132636845111847,0.2906169891357422,False,False,False,-0.17591862391093543,False
pirl,3,14,0,0.24088986696797932,200,-57.91129961550868,2.6840898287067456,536.8179657413491,31.97070161490269,0.5990325378642821,13,0,13,0.065,0.0,0.065,39,-0.35039153695106506,2.4082696437835693,0.41037699580192566,0.4363836646080017,-0.0003823116421699524,-0.000996328890323639,0.18079206192488634,1.3059864593314272,0.3884412985485476,1.694427757879975,0.7342865856445985,3.5690217328212954,2.3453237745656432,31.93241463985216,0.30530786514282227,0.2892570197582245,False,False,False,-0.18164034296526996,False
pirl,3,14,0,0.24088986696797932,200,-57.91129961550868,2.6840898287067456,536.8179657413491,31.97070161490269,0.5990325378642821,13,0,13,0.065,0.0,0.065,40,-0.3507738411426544,2.407273292541504,0.41037699580192566,0.4363836646080017,0.0003062784671783447,0.0007981136441230774,0.1861295992931869,0.9648487570611229,0.30454667641282784,1.2693954334739508,0.6682086102924187,3.2312631410274006,1.6287906973133501,31.939201267757632,0.2981412708759308,0.28790009021759033,False,False,False,-0.18676515187353446,False
pirl,3,14,0,0.24088986696797932,200,-57.91129961550868,2.6840898287067456,536.8179657413491,31.97070161490269,0.5990325378642821,13,0,13,0.065,0.0,0.065,41,-0.3504675626754761,2.408071517944336,0.41037699580192566,0.4363836646080017,-0.00024550408124923706,-0.0006396397948265076,0.19107899125011302,1.037587543642676,0.3106150972819874,1.3482026409246635,0.5954956513131952,2.8927878484386294,1.5164224490548694,31.945519694628693,0.2917628288269043,0.28657758235931396,False,False,False,-0.19175377770652569,False
pirl,3,14,0,0.24088986696797932,200,-57.91129961550868,2.6840898287067456,536.8179657413491,31.97070161490269,0.5990325378642821,13,0,13,0.065,0.0,0.065,42,-0.3507130742073059,2.4074318408966064,0.41037699580192566,0.4363836646080017,0.0001967400312423706,0.0005126222968101501,0.19567961443098625,0.7986128684738552,0.2506228460650755,1.0492357145389306,0.540667846931692,2.615804190713656,1.08736459115531,31.950050380425175,0.2860216796398163,0.28530001640319824,False,False,False,-0.19620478136769856,False
pirl,3,14,0,0.24088986696797932,200,-57.91129961550868,2.6840898287067456,536.8179657413491,31.97070161490269,0.5990325378642821,13,0,13,0.065,0.0,0.065,43,-0.35051631927490234,2.407944440841675,0.41037699580192566,0.4363836646080017,-0.00015757232904434204,-0.0004107430577278137,0.1998959878130535,0.8274248498204778,0.2490219296843154,1.0764467795047932,0.48281932634145797,2.3443668796288817,0.9832954728416865,31.954147444895348,0.2809027135372162,0.284085214138031,False,False,False,-0.20043465113336761,False
pirl,3,14,0,0.24088986696797932,200,-57.91129961550868,2.6840898287067456,536.8179657413491,31.97070161490269,0.5990325378642821,13,0,13,0.065,0.0,0.065,44,-0.3506739139556885,2.407533645629883,0.41037699580192566,0.4363836646080017,0.00012642145156860352,0.0003291293978691101,0.20377473331381854,0.6576369303137396,0.20532727966947195,0.8629642099832115,0.43757150854495924,2.118106619388828,0.722668253881269,31.957158562619853,0.27629685401916504,0.2829344570636749,False,False,False,-0.20420656799297326,False
pirl,3,14,0,0.24088986696797932,200,-57.91129961550868,2.6840898287067456,536.8179657413491,31.97070161490269,0.5990325378642821,13,0,13,0.065,0.0,0.065,45,-0.3505474925041199,2.407862901687622,0.41037699580192566,0.4363836646080017,-0.00010134279727935791,-0.000263996422290802,0.20730644722587485,0.6619423309232406,0.2000854859298484,0.862027816853089,0.39138213055575927,1.8999620358687914,0.6392272269768546,31.959822009398923,0.2721835672855377,0.28185683488845825,False,False,False,-0.20773774391419034,False
pirl,3,14,0,0.24088986696797932,200,-57.91129961550868,2.6840898287067456,536.8179657413491,31.97070161490269,0.5990325378642821,13,0,13,0.065,0.0,0.065,46,-0.35064882040023804,2.4075987339019775,0.41037699580192566,0.4363836646080017,8.12336802482605e-05,0.00021167844533920288,0.21053407706226368,0.5399670865644745,0.16817513117055724,0.7081422177350317,0.3541935258261413,1.7149896644183986,0.47967145799005456,31.96182064047388,0.2684837579727173,0.2808493971824646,False,False,False,-0.21088837490152468,False
pirl,3,14,0,0.24088986696797932,200,-57.91129961550868,2.6840898287067456,536.8179657413491,31.97070161490269,0.5990325378642821,13,0,13,0.065,0.0,0.065,47,-0.3505675792694092,2.4078104496002197,0.41037699580192566,0.4363836646080017,-6.51329755783081e-05,-0.00016970187425613403,0.21346119901203855,0.5308309660999941,0.16101589747708805,0.6918468635770822,0.317210981829648,1.539413624767264,0.4162554783225181,31.963555038300225,0.2651754915714264,0.2799157500267029,False,False,False,-0.21380730421575833,False
pirl,3,14,0,0.24088986696797932,200,-57.91129961550868,2.6840898287067456,536.8179657413491,31.97070161490269,0.5990325378642821,13,0,13,0.065,0.0,0.065,48,-0.3506327271461487,2.4076406955718994,0.41037699580192566,0.4363836646080017,5.221366882324219e-05,0.00013624876737594604,0.21612502093284905,0.4418917454048864,0.13726050524917902,0.5791522506540654,0.2867430116984413,1.388701071338321,0.3173231806140521,31.96487721821945,0.2622000277042389,0.2790508568286896,False,False,False,-0.21641474296908048,False
pirl,3,14,0,0.24088986696797932,200,-57.91129961550868,2.6840898287067456,536.8179657413491,31.97070161490269,0.5990325378642821,13,0,13,0.065,0.0,0.065,49,-0.35058051347732544,2.4077770709991455,0.41037699580192566,0.4363836646080017,-4.190951585769653e-05,-0.00010936707258224487,0.21853536348347993,0.4265586840411172,0.12975288515955177,0.5563115692006689,0.25706288214801226,1.2471990582703598,0.27148008090372805,31.966008385223216,0.25953614711761475,0.27825477719306946,False,False,False,-0.21881363639008675,False
pirl,3,14,0,0.24088986696797932,200,-57.91129961550868,2.6840898287067456,536.8179657413491,31.97070161490269,0.5990325378642821,13,0,13,0.065,0.0,0.065,50,-0.35062241554260254,2.407667636871338,0.41037699580192566,0.4363836646080017,3.358721733093262e-05,8.762627840042114e-05,0.22072231696127056,0.36083135670637023,0.11185051316173868,0.4726818698681089,0.23216268714915334,1.1245517642976839,0.2095532692942601,31.966881523845274,0.25714045763015747,0.27752238512039185,False,False,False,-0.2209587517389739,False
pirl,3,14,0,0.24088986696797932,200,-57.91129961550868,2.6840898287067456,536.8179657413491,31.97070161490269,0.5990325378642821,13,0,13,0.065,0.0,0.065,51,-0.3505888283252716,2.4077553749084473,0.41037699580192566,0.4363836646080017,-2.695620059967041e-05,-7.019191980361938e-05,0.22269812441207068,0.3433070367747357,0.1046627129123803,0.447969749687116,0.2082994696198459,1.0104038714786614,0.17726228400306712,31.967620116695286,0.2549935579299927,0.27685171365737915,False,False,False,-0.22292218447695855,False
pirl,3,14,0,0.24088986696797932,200,-57.91129961550868,2.6840898287067456,536.8179657413491,31.97070161490269,0.5990325378642821,13,0,13,0.065,0.0,0.065,52,-0.35061579942703247,2.4076850414276123,0.41037699580192566,0.4363836646080017,2.1636486053466797e-05,5.637854337692261e-05,0.2244871513193211,0.2941306516371946,0.0910291767941562,0.38515982843135077,0.18798879832314522,0.9106938103760858,0.13819297562134833,31.968195920760376,0.25306278467178345,0.27623772621154785,False,False,False,-0.22467979162126375,False
pirl,3,14,0,0.24088986696797932,200,-57.91129961550868,2.6840898287067456,536.8179657413491,31.97070161490269,0.5990325378642821,13,0,13,0.065,0.0,0.065,53,-0.350594162940979,2.4077415466308594,0.41037699580192566,0.4363836646080017,-1.7277896404266357e-05,-4.5262277126312256e-05,0.2261017729932416,0.2766503406549281,0.08449942804953636,0.36114976870446447,0.16877524897712878,0.8185300447409676,0.11585705074561616,31.968678658471816,0.2513311505317688,0.2756776213645935,False,False,False,-0.2262823963254962,False
pirl,3,14,0,0.24088986696797932,200,-57.91129961550868,2.6840898287067456,536.8179657413491,31.97070161490269,0.5990325378642821,13,0,13,0.065,0.0,0.065,54,-0.35061144828796387,2.40769624710083,0.41037699580192566,0.4363836646080017,1.3768672943115234e-05,3.6172568798065186e-05,0.2275617190128769,0.23948995189848984,0.07401559241519763,0.3135055443136875,0.15222817223005072,0.7375279839656361,0.09104568830097282,31.969058015506405,0.24977365136146545,0.27516672015190125,False,False,False,-0.22771851048943934,False
pirl,3,14,0,0.24088986696797932,200,-57.91129961550868,2.6840898287067456,536.8179657413491,31.97070161490269,0.5990325378642821,13,0,13,0.065,0.0,0.065,55,-0.35059767961502075,2.4077324867248535,0.41037699580192566,0.4363836646080017,-1.103430986404419e-05,-2.8915703296661377e-05,0.22887848478064465,0.2231524047036098,0.068259841297012,0.2914122460006218,0.13674053157030833,0.6630736476183892,0.07577528039502628,31.969373745841384,0.24837586283683777,0.27470189332962036,False,False,False,-0.22902422185318214,False
pirl,3,14,0,0.24088986696797932,200,-57.91129961550868,2.6840898287067456,536.8179657413491,31.97070161490269,0.5990325378642821,13,0,13,0.065,0.0,0.065,56,-0.3506087064743042,2.407703399658203,0.41037699580192566,0.4363836646080017,8.888542652130127e-06,2.3223459720611572e-05,0.23006770800984722,0.19474604756242486,0.06013080235510036,0.25487684991752524,0.12327980343692915,0.5973104993326103,0.059925014043610086,31.9696234333999,0.24711865186691284,0.2742791771888733,False,False,False,-0.2301951713011533,False
pirl,3,14,0,0.24088986696797932,200,-57.91129961550868,2.6840898287067456,536.8179657413491,31.97070161490269,0.5990325378642821,13,0,13,0.065,0.0,0.065,57,-0.35059982538223267,2.407726764678955,0.41037699580192566,0.4363836646080017,-7.107853889465332e-06,-1.8619000911712646e-05,0.23113984993370096,0.18017793689602224,0.05517670786424966,0.2353546447602719,0.11078123459988863,0.5371258512070577,0.049597170475390424,31.96983008827688,0.24598956108093262,0.2738955020904541,False,False,False,-0.2312575471856766,False
pirl,3,14,0,0.24088986696797932,200,-57.91129961550868,2.6840898287067456,536.8179657413491,31.97070161490269,0.5990325378642821,13,0,13,0.065,0.0,0.065,58,-0.35060691833496094,2.407708168029785,0.41037699580192566,0.4363836646080017,5.640089511871338e-06,1.4804303646087646e-05,0.23210721498228346,0.15826154488817978,0.04882412907643675,0.20708567396461652,0.09983847328818429,0.4837584263942295,0.03941967487395111,31.969994336922188,0.24497422575950623,0.27354729175567627,False,False,False,-0.23221077366155207,False
pirl,3,14,0,0.24088986696797932,200,-57.91129961550868,2.6840898287067456,536.8179657413491,31.97070161490269,0.5990325378642821,13,0,13,0.065,0.0,0.065,59,-0.35060128569602966,2.4077229499816895,0.41037699580192566,0.4363836646080017,-4.4852495193481445e-06,-1.1838972568511963e-05,0.2329790621955984,0.14554404397800016,0.044614946976965573,0.19015899095496575,0.08974697997090164,0.43509256271113944,0.03247377001520716,31.970129644297252,0.2440618872642517,0.2732318043708801,False,False,False,-0.2330741543511994,False
pirl,3,14,0,0.24088986696797932,200,-57.91129961550868,2.6840898287067456,536.8179657413491,31.97070161490269,0.5990325378642821,13,0,13,0.065,0.0,0.065,60,-0.3506057560443878,2.4077110290527344,0.41037699580192566,0.4363836646080017,3.516674041748047e-06,9.529292583465576e-06,0.23376517362832527,0.12853545725619514,0.03962232553989004,0.16815778279608518,0.08085668215081343,0.39180413783112206,0.0259171417094943,31.970237632387708,0.24324145913124084,0.27294600009918213,False,False,False,-0.2338492626772039,False
pirl,3,14,0,0.24088986696797932,200,-57.91129961550868,2.6840898287067456,536.8179657413491,31.97070161490269,0.5990325378642821,13,0,13,0.065,0.0,0.065,61,-0.35060223937034607,2.4077205657958984,0.41037699580192566,0.4363836646080017,-2.7492642402648926e-06,-7.487833499908447e-06,0.23447365781319934,0.11761541883751923,0.03608642980781058,0.15370184864532982,0.07270503159396612,0.3524389622136596,0.021269496613980227,31.970326255290267,0.24250376224517822,0.2726873755455017,False,False,False,-0.23455051671411886,False
pirl,3,14,0,0.24088986696797932,200,-57.91129961550868,2.6840898287067456,536.8179657413491,31.97070161490269,0.5990325378642821,13,0,13,0.065,0.0,0.065,62,-0.3506050109863281,2.4077131748199463,0.41037699580192566,0.4363836646080017,2.115964889526367e-06,5.774199962615967e-06,0.2351119892119359,0.10435690869925489,0.032150012269268745,0.13650692096852363,0.06548531159191827,0.3173275107084971,0.017035928045594763,31.97039723832379,0.24184060096740723,0.2724533975124359,False,False,False,-0.23518024882211047,False
pirl,3,14,0,0.24088986696797932,200,-57.91129961550868,2.6840898287067456,536.8179657413491,31.97070161490269,0.5990325378642821,13,0,13,0.065,0.0,0.065,63,-0.3506028652191162,2.4077188968658447,0.41037699580192566,0.4363836646080017,-1.6614794731140137e-06,-4.492700099945068e-06,0.23568723794724605,0.09508708447295515,0.02919223707832688,0.12427932155128203,0.05889690492537225,0.28548264472955237,0.013934212020527338,31.970455297540543,0.2412441074848175,0.27224183082580566,False,False,False,-0.235749382398102,False
pirl,3,14,0,0.24088986696797932,200,-57.91129961550868,2.6840898287067456,536.8179657413491,31.97070161490269,0.5990325378642821,13,0,13,0.065,0.0,0.065,64,-0.3506045341491699,2.407714366912842,0.41037699580192566,0.4363836646080017,1.4081597328186035e-06,3.6135315895080566e-06,0.23620539907371058,0.0846386248280029,0.026070937056485853,0.11070956188448874,0.053041010266422266,0.2570162694326195,0.011189973151308596,31.970501922428674,0.24070769548416138,0.2720507085323334,False,False,False,-0.23626075773286417,False
pirl,3,14,0,0.24088986696797932,200,-57.91129961550868,2.6840898287067456,536.8179657413491,31.97070161490269,0.5990325378642821,13,0,13,0.065,0.0,0.065,65,-0.3506031334400177,2.4077179431915283,0.41037699580192566,0.4363836646080017,-1.1324882507324219e-06,-3.0174851417541504e-06,0.23667217040413793,0.07695382860092105,0.023631778368332333,0.10058560696925338,0.047709729521762334,0.2312386662965197,0.009136027260322114,31.970539989208927,0.24022522568702698,0.27187806367874146,False,False,False,-0.2367224664306253,False
pirl,3,14,0,0.24088986696797932,200,-57.91129961550868,2.6840898287067456,536.8179657413491,31.97070161490269,0.5990325378642821,13,0,13,0.065,0.0,0.065,66,-0.35060426592826843,2.40771484375,0.41037699580192566,0.4363836646080017,8.940696716308594e-07,2.5406479835510254e-06,0.23709290891920065,0.06863419632395615,0.021131360288329588,0.08976555661228573,0.0429602142417047,0.2081719248647868,0.0073474957246172645,31.970570603774448,0.2397908866405487,0.27172210812568665,False,False,False,-0.2371377943908787,False
pirl,3,14,0,0.24088986696797932,200,-57.91129961550868,2.6840898287067456,536.8179657413491,31.97070161490269,0.5990325378642821,13,0,13,0.065,0.0,0.065,67,-0.3506033718585968,2.40771746635437,0.41037699580192566,0.4363836646080017,-8.046627044677734e-07,-2.123415470123291e-06,0.23747128169147586,0.06229582320391369,0.019134656323442297,0.08143047952735599,0.038644880912627404,0.18730083698671038,0.005991351813903128,31.97059556774034,0.23940083384513855,0.2715814709663391,False,False,False,-0.23751199920200497,False
pirl,3,14,0,0.24088986696797932,200,-57.91129961550868,2.6840898287067456,536.8179657413491,31.97070161490269,0.5990325378642821,13,0,13,0.065,0.0,0.065,68,-0.35060417652130127,2.407715320587158,0.41037699580192566,0.4363836646080017,7.450580596923828e-07,1.8700957298278809e-06,0.23781235305791523,0.055593373810889454,0.01712077062399168,0.07271414443488114,0.03479827421479743,0.16861253366952622,0.004821329979683102,31.970615656615255,0.23904961347579956,0.27145445346832275,False,False,False,-0.23784871214318257,False
pirl,3,14,0,0.24088986696797932,200,-57.91129961550868,2.6840898287067456,536.8179657413491,31.97070161490269,0.5990325378642821,13,0,13,0.065,0.0,0.065,69,-0.3506034314632416,2.407717227935791,0.41037699580192566,0.4363836646080017,-6.705522537231445e-07,-1.5869736671447754e-06,0.23811936657078037,0.05046356375716262,0.015497741976435785,0.0659613057335984,0.03130235353922872,0.15171081884129195,0.003930803439012249,31.970632034962918,0.23873376846313477,0.27133992314338684,False,False,False,-0.23815234894647205,False
pirl,3,14,0,0.24088986696797932,200,-57.91129961550868,2.6840898287067456,536.8179657413491,31.97070161490269,0.5990325378642821,13,0,13,0.065,0.0,0.065,70,-0.3506041169166565,2.4077155590057373,0.41037699580192566,0.4363836646080017,5.960464477539062e-07,1.4826655387878418e-06,0.23839652907838846,0.04482532645311946,0.01366051495839985,0.05848584141151931,0.02818642330005261,0.1368470901910264,0.0031328673485386802,31.97064508857687,0.2384488880634308,0.2712363600730896,False,False,False,-0.2384257735970831,False
pirl,3,14,0,0.24088986696797932,200,-57.91129961550868,2.6840898287067456,536.8179657413491,31.97070161490269,0.5990325378642821,13,0,13,0.065,0.0,0.065,71,-0.35060352087020874,2.407717227935791,0.41037699580192566,0.4363836646080017,-5.438923835754395e-07,-1.5273690223693848e-06,0.2386458404780406,0.04091958032413167,0.012597092958444564,0.053516673282576234,0.025354727552842068,0.12310000940411245,0.002588207072344,31.970655872773005,0.23819288611412048,0.27114301919937134,False,False,False,-0.2386726004360008,False
pirl,3,14,0,0.24088986696797932,200,-57.91129961550868,2.6840898287067456,536.8179657413491,31.97070161490269,0.5990325378642821,13,0,13,0.065,0.0,0.065,72,-0.3506040573120117,2.4077155590057373,0.41037699580192566,0.4363836646080017,5.960464477539062e-07,1.3336539268493652e-06,0.23887047706804845,0.036483488872436125,0.01126726260447048,0.047750751476906605,0.022833559912303954,0.1107928095238407,0.002081379608570836,31.97066454518804,0.23796239495277405,0.2710587978363037,False,False,False,-0.2388943539045758,False
pirl,3,14,0,0.24088986696797932,200,-57.91129961550868,2.6840898287067456,536.8179657413491,31.97070161490269,0.5990325378642821,13,0,13,0.065,0.0,0.065,73,-0.35060346126556396,2.407716989517212,0.41037699580192566,0.4363836646080017,-5.066394805908203e-07,-1.30385160446167e-06,0.2390724709692495,0.03316330549250465,0.010203530119503567,0.04336683561200822,0.02053804457353925,0.09966037648866277,0.0016979970996340954,31.970671620175956,0.2377552092075348,0.2709830403327942,False,False,False,-0.23909415578588097,False
pirl,3,14,0,0.24088986696797932,200,-57.91129961550868,2.6840898287067456,536.8179657413491,31.97070161490269,0.5990325378642821,13,0,13,0.065,0.0,0.065,74,-0.35060396790504456,2.4077155590057373,0.41037699580192566,0.4363836646080017,3.725290298461914e-07,1.169741153717041e-06,0.23925434140337148,0.029575935189687683,0.009123471228814755,0.03869940641850244,0.018493180812900967,0.08969879386016293,0.0013653174822161169,31.9706773089988,0.23756879568099976,0.2709147334098816,False,False,False,-0.2392736923342094,False
pirl,3,14,0,0.24088986696797932,200,-57.91129961550868,2.6840898287067456,536.8179657413491,31.97070161490269,0.5990325378642821,13,0,13,0.065,0.0,0.065,75,-0.3506035804748535,2.407716751098633,0.41037699580192566,0.4363836646080017,-3.129243850708008e-07,-9.015202522277832e-07,0.23941812413322786,0.026829496627221686,0.008257440754579595,0.035086937381801284,0.016636352546368638,0.08068919580311715,0.0011126312184109805,31.97068194496221,0.23740100860595703,0.2708531618118286,False,False,False,-0.23943566855620402,False
pirl,3,14,0,0.24088986696797932,200,-57.91129961550868,2.6840898287067456,536.8179657413491,31.97070161490269,0.5990325378642821,13,0,13,0.065,0.0,0.065,76,-0.3506039083003998,2.4077157974243164,0.41037699580192566,0.4363836646080017,2.7567148208618164e-07,8.568167686462402e-07,0.2395655807555797,0.023962920505651793,0.007389558173023247,0.03135247867867504,0.01497933340730118,0.07262196667062079,0.0008955928230187201,31.970685676598972,0.2372499704360962,0.2707977294921875,False,False,False,-0.2395812578949911,False
pirl,3,14,0,0.24088986696797932,200,-57.91129961550868,2.6840898287067456,536.8179657413491,31.97070161490269,0.5990325378642821,13,0,13,0.065,0.0,0.065,77,-0.3506036400794983,2.407716751098633,0.41037699580192566,0.4363836646080017,-2.4586915969848633e-07,-6.631016731262207e-07,0.23969812889489023,0.02172629512689524,0.006684851872166607,0.028411146999061845,0.013475499206738297,0.06532912992039348,0.0007294882292031968,31.97068871613326,0.2371143102645874,0.2707478106021881,False,False,False,-0.23971233517560647,False
pirl,3,14,0,0.24088986696797932,200,-57.91129961550868,2.6840898287067456,536.8179657413491,31.97070161490269,0.5990325378642821,13,0,13,0.065,0.0,0.065,78,-0.3506038784980774,2.4077160358428955,0.41037699580192566,0.4363836646080017,2.086162567138672e-07,4.842877388000488e-07,0.23981732036149928,0.01941560816818892,0.005987562577373395,0.025403170745562312,0.012132956076225996,0.05879262657952194,0.0005875932518308848,31.970691164438477,0.23699235916137695,0.27070289850234985,False,False,False,-0.23983002247418161,False
pirl,3,14,0,0.24088986696797932,200,-57.91129961550868,2.6840898287067456,536.8179657413491,31.97070161490269,0.5990325378642821,13,0,13,0.065,0.0,0.065,79,-0.3506036698818207,2.4077165126800537,0.41037699580192566,0.4363836646080017,-2.0116567611694336e-07,-4.544854164123535e-07,0.23992470619792589,0.01759484170502353,0.00541106124078311,0.02300590294580664,0.01091483249237646,0.05289046858816961,0.0004782383145245124,31.970693157098122,0.2368825078010559,0.27066242694854736,False,False,False,-0.2399362096464145,False
pirl,3,14,0,0.24088986696797932,200,-57.91129961550868,2.6840898287067456,536.8179657413491,31.97070161490269,0.5990325378642821,13,0,13,0.065,0.0,0.065,80,-0.3506038784980774,2.4077160358428955,0.41037699580192566,0.4363836646080017,2.086162567138672e-07,4.842877388000488e-07,0.24002143175363125,0.015712574830173232,0.004845684939524685,0.02055825976969792,0.009828356033300345,0.047600652041175064,0.0003850865423382932,31.97069476162538,0.23678362369537354,0.27062591910362244,False,False,False,-0.24003171141082566,False
pirl,3,14,0,0.24088986696797932,200,-57.91129961550868,2.6840898287067456,536.8179657413491,31.97070161490269,0.5990325378642821,13,0,13,0.065,0.0,0.065,81,-0.3506036400794983,2.4077165126800537,0.41037699580192566,0.4363836646080017,-2.682209014892578e-07,-5.140900611877441e-07,0.24010832745942928,0.014280717572820914,0.004385858826816584,0.018666576399637497,0.008839083128334035,0.04281882151849708,0.00031402575606920903,31.970696070066033,0.23669478297233582,0.27059313654899597,False,False,False,-0.2401176613274834,False
pirl,3,14,0,0.24088986696797932,200,-57.91129961550868,2.6840898287067456,536.8179657413491,31.97070161490269,0.5990325378642821,13,0,13,0.065,0.0,0.065,82,-0.35060393810272217,2.4077160358428955,0.41037699580192566,0.4363836646080017,2.384185791015625e-07,5.885958671569824e-07,0.2401868612426698,0.012702214392609155,0.003918645131124654,0.016620859523733808,0.00796089686139867,0.038540673013172565,0.00025214823934427123,31.970697120683695,0.23661446571350098,0.270563542842865,False,False,False,-0.2401951723074817,False
pirl,3,14,0,0.24088986696797932,200,-57.91129961550868,2.6840898287067456,536.8179657413491,31.97070161490269,0.5990325378642821,13,0,13,0.065,0.0,0.065,83,-0.35060369968414307,2.407716751098633,0.41037699580192566,0.4363836646080017,-1.9371509552001953e-07,-6.332993507385254e-07,0.2402571334468822,0.011563941014419205,0.0035548244573189378,0.015118765471738143,0.007160158012966988,0.03466391228741699,0.00020602376810153962,31.970697979116064,0.2365427017211914,0.27053695917129517,False,False,False,-0.2402646934918821,False
pirl,3,14,0,0.24088986696797932,200,-57.91129961550868,2.6840898287067456,536.8179657413491,31.97070161490269,0.5990325378642821,13,0,13,0.065,0.0,0.065,84,-0.3506038784980774,2.4077160358428955,0.41037699580192566,0.4363836646080017,2.086162567138672e-07,4.842877388000488e-07,0.24032049032196545,0.010283787341909177,0.0031723107350813563,0.013456098076990533,0.006449149001831689,0.03120071560346437,0.00016530004192221332,31.970698667866237,0.23647794127464294,0.27051305770874023,False,False,False,-0.24032721889831352,False
pirl,3,14,0,0.24088986696797932,200,-57.91129961550868,2.6840898287067456,536.8179657413491,31.97070161490269,0.5990325378642821,13,0,13,0.065,0.0,0.065,85,-0.3506036698818207,2.4077165126800537,0.41037699580192566,0.4363836646080017,-2.0116567611694336e-07,-4.544854164123535e-07,0.2403775031974195,0.009376725950798546,0.002877868308113273,0.01225459425891182,0.0057994061254218465,0.028063764421975744,0.0001351432601518239,31.970699230963156,0.236419677734375,0.2704915404319763,False,False,False,-0.24038363099156465,False
pirl,3,14,0,0.24088986696797932,200,-57.91129961550868,2.6840898287067456,536.8179657413491,31.97070161490269,0.5990325378642821,13,0,13,0.065,0.0,0.065,86,-0.3506038784980774,2.4077160358428955,0.41037699580192566,0.4363836646080017,2.086162567138672e-07,4.842877388000488e-07,0.24042887297335566,0.00831667813651946,0.002566227573942372,0.010882905710461832,0.0052244723030407956,0.025262031672166795,0.00010827837682847081,31.97069968212306,0.23636722564697266,0.27047210931777954,False,False,False,-0.24043431495352044,False
pirl,3,14,0,0.24088986696797932,200,-57.91129961550868,2.6840898287067456,536.8179657413491,31.97070161490269,0.5990325378642821,13,0,13,0.065,0.0,0.065,87,-0.3506036698818207,2.4077165126800537,0.41037699580192566,0.4363836646080017,-2.0116567611694336e-07,-4.544854164123535e-07,0.2404751331974548,0.0076064358771044185,0.002332503122810588,0.009938938999915006,0.004697197096509508,0.02272024471470343,8.872397026478713e-05,31.97070005180627,0.23631998896598816,0.27045461535453796,False,False,False,-0.24048010316397048,False
pirl,3,14,0,0.24088986696797932,200,-57.91129961550868,2.6840898287067456,536.8179657413491,31.97070161490269,0.5990325378642821,13,0,13,0.065,0.0,0.065,88,-0.3506038784980774,2.4077160358428955,0.41037699580192566,0.4363836646080017,2.086162567138672e-07,4.842877388000488e-07,0.2405166028694293,0.0067235088288258036,0.0020754918590894953,0.008799000687915299,0.004232484177019824,0.020454030075105056,7.090931763851054e-05,31.970700347261758,0.23627763986587524,0.27043893933296204,False,False,False,-0.2405210028970828,False
pirl,3,14,0,0.24088986696797932,200,-57.91129961550868,2.6840898287067456,536.8179657413491,31.97070161490269,0.5990325378642821,13,0,13,0.065,0.0,0.065,89,-0.3506036400794983,2.4077165126800537,0.41037699580192566,0.4363836646080017,-2.682209014892578e-07,-5.140900611877441e-07,0.24055406963397225,0.0061910125668128025,0.0018931474337879745,0.008084160000600776,0.003802798457682499,0.018392783021800137,5.8363423018508646e-05,31.970700590442686,0.23623937368392944,0.2704247832298279,False,False,False,-0.24055811229382684,False
pirl,3,14,0,0.24088986696797932,200,-57.91129961550868,2.6840898287067456,536.8179657413491,31.97070161490269,0.5990325378642821,13,0,13,0.065,0.0,0.065,90,-0.35060393810272217,2.4077160358428955,0.41037699580192566,0.4363836646080017,2.384185791015625e-07,5.885958671569824e-07,0.24058766158013578,0.005421892612781892,0.0016756241761648597,0.007097516788946752,0.00342824065781322,0.016562567237291038,4.634019077959692e-05,31.970700783526816,0.23620504140853882,0.2704121172428131,False,False,False,-0.24059121097358027,False
pirl,3,14,0,0.24088986696797932,200,-57.91129961550868,2.6840898287067456,536.8179657413491,31.97070161490269,0.5990325378642821,13,0,13,0.065,0.0,0.065,91,-0.35060369968414307,2.407716751098633,0.41037699580192566,0.4363836646080017,-1.9371509552001953e-07,-6.332993507385254e-07,0.24061792921493522,0.00501202657971774,0.0015364859878795349,0.006548512567597275,0.0030807674297399497,0.014888412825882382,3.831672593251956e-05,31.97070094317984,0.23617416620254517,0.27040064334869385,False,False,False,-0.24062120413348304,False
pirl,3,14,0,0.24088986696797932,200,-57.91129961550868,2.6840898287067456,536.8179657413491,31.97070161490269,0.5990325378642821,13,0,13,0.065,0.0,0.065,92,-0.3506038784980774,2.4077160358428955,0.41037699580192566,0.4363836646080017,2.086162567138672e-07,4.842877388000488e-07,0.24064517335378877,0.0043874043938111175,0.0013561504640936732,0.00574355485790479,0.0027776974769273544,0.013407082019909127,3.0368902618390835e-05,31.970701069716934,0.23614636063575745,0.2703903317451477,False,False,False,-0.24064804565852727,False
pirl,3,14,0,0.24088986696797932,200,-57.91129961550868,2.6840898287067456,536.8179657413491,31.97070161490269,0.5990325378642821,13,0,13,0.065,0.0,0.065,93,-0.3506036698818207,2.4077165126800537,0.41037699580192566,0.4363836646080017,-2.0116567611694336e-07,-4.544854164123535e-07,0.24066981924262892,0.004070289795592182,0.001243635986874483,0.005313925782466665,0.002495099753008212,0.012053378327726754,2.5145794115427866e-05,31.970701174491076,0.23612120747566223,0.27038100361824036,False,False,False,-0.24067247670253586,False
pirl,3,14,0,0.24088986696797932,200,-57.91129961550868,2.6840898287067456,536.8179657413491,31.97070161490269,0.5990325378642821,13,0,13,0.065,0.0,0.065,94,-0.3506038784980774,2.4077160358428955,0.41037699580192566,0.4363836646080017,2.086162567138672e-07,4.842877388000488e-07,0.2406917403304572,0.0035411648007925693,0.0010957005224637138,0.004636865323256283,0.002250596567868524,0.01085617971233008,1.986485512968062e-05,31.970701257261304,0.23609879612922668,0.27037274837493896,False,False,False,-0.2406940592904284,False
pirl,3,14,0,0.24088986696797932,200,-57.91129961550868,2.6840898287067456,536.8179657413491,31.97070161490269,0.5990325378642821,13,0,13,0.065,0.0,0.065,95,-0.3506036698818207,2.4077165126800537,0.41037699580192566,0.4363836646080017,-2.0116567611694336e-07,-4.544854164123535e-07,0.2407116157612362,0.003090474393817347,0.0010092839334486655,0.004099758327266012,0.002042493150482058,0.00973633953463704,1.6139003844022342e-05,31.970701324507154,0.23607850074768066,0.27036523818969727,False,False,False,-0.24071366613741554,False
pirl,3,14,0,0.24088986696797932,200,-57.91129961550868,2.6840898287067456,536.8179657413491,31.97070161490269,0.5990325378642821,13,0,13,0.065,0.0,0.065,96,-0.3506038784980774,2.4077160358428955,0.41037699580192566,0.4363836646080017,2.086162567138672e-07,4.842877388000488e-07,0.2407293837749681,0.0028905123940720936,0.0008836278964078719,0.003774140290479965,0.0018418411282934656,0.008774328486907736,1.3077106032521939e-05,31.970701378995095,0.23606032133102417,0.2703585624694824,False,False,False,-0.2407312713724229,False
pirl,3,14,0,0.24088986696797932,200,-57.91129961550868,2.6840898287067456,536.8179657413491,31.97070161490269,0.5990325378642821,13,0,13,0.065,0.0,0.065,97,-0.3506036400794983,2.4077165126800537,0.41037699580192566,0.4363836646080017,-2.682209014892578e-07,-5.140900611877441e-07,0.24074561875521966,0.0027393569380125787,0.0008219568976021575,0.0035613138356147362,0.001650154245350539,0.007884557476746322,1.1001127883344212e-05,31.970701424833127,0.23604369163513184,0.27035248279571533,False,False,False,-0.24074739999199177,False
pirl,3,14,0,0.24088986696797932,200,-57.91129961550868,2.6840898287067456,536.8179657413491,31.97070161490269,0.5990325378642821,13,0,13,0.065,0.0,0.065,98,-0.35060393810272217,2.4077160358428955,0.41037699580192566,0.4363836646080017,2.384185791015625e-07,5.885958671569824e-07,0.24075984790918215,0.002333560489218637,0.0007117270792834444,0.0030452875685020816,0.0014880004782376172,0.007110228029880261,8.532880952699697e-06,31.9707014603868,0.23602920770645142,0.27034705877304077,False,False,False,-0.2407613711880164,False
pirl,3,14,0,0.24088986696797932,200,-57.91129961550868,2.6840898287067456,536.8179657413491,31.97070161490269,0.5990325378642821,13,0,13,0.065,0.0,0.065,99,-0.35060369968414307,2.407716751098633,0.41037699580192566,0.4363836646080017,-1.9371509552001953e-07,-6.332993507385254e-07,0.24077293032210775,0.0022126775598144167,0.0006692455372610943,0.002881923097075511,0.0013336991854107614,0.006384006042470248,7.223513812872232e-06,31.970701490484775,0.23601579666137695,0.2703421711921692,False,False,False,-0.2407743719459203,False
pirl,3,14,0,0.24088986696797932,200,-57.91129961550868,2.6840898287067456,536.8179657413491,31.97070161490269,0.5990325378642821,13,0,13,0.065,0.0,0.065,100,-0.3506038784980774,2.4077160358428955,0.41037699580192566,0.4363836646080017,2.086162567138672e-07,4.842877388000488e-07,0.2407845185880387,0.0018827919987034266,0.0005756751858535283,0.002458467184556955,0.0012030107511781167,0.005757228343949095,5.579312513576453e-06,31.97070151373191,0.23600399494171143,0.2703377604484558,False,False,False,-0.24078574834894054,False
pirl,3,14,0,0.24088986696797932,200,-57.91129961550868,2.6840898287067456,536.8179657413491,31.97070161490269,0.5990325378642821,13,0,13,0.065,0.0,0.065,101,-0.3506036698818207,2.4077165126800537,0.41037699580192566,0.4363836646080017,-2.0116567611694336e-07,-4.544854164123535e-07,0.2407950628048914,0.0017989814481035227,0.0005414258442473304,0.002340407292350853,0.0010772909338626865,0.005170597859557091,4.73752171560323e-06,31.970701533471583,0.23599326610565186,0.27033373713493347,False,False,False,-0.2407962335055533,False
pirl,3,14,0,0.24088986696797932,200,-57.91129961550868,2.6840898287067456,536.8179657413491,31.97070161490269,0.5990325378642821,13,0,13,0.065,0.0,0.065,102,-0.3506038784980774,2.4077160358428955,0.41037699580192566,0.4363836646080017,2.086162567138672e-07,4.842877388000488e-07,0.2408046924461022,0.0015114059590665217,0.0004637395249699744,0.001975145484036496,0.000972541561112589,0.004665160979335781,3.6333246473710603e-06,31.970701548610435,0.23598343133926392,0.2703301012516022,False,False,False,-0.24080568054615378,False
pirl,3,14,0,0.24088986696797932,200,-57.91129961550868,2.6840898287067456,536.8179657413491,31.97070161490269,0.5990325378642821,13,0,13,0.065,0.0,0.065,103,-0.3506036698818207,2.4077165126800537,0.41037699580192566,0.4363836646080017,-2.0116567611694336e-07,-4.544854164123535e-07,0.24081310842365114,0.0014650984679101533,0.00044070927745089295,0.0019058077453610461,0.0008701330153365369,0.004187737231408306,3.1204051970557592e-06,31.970701561612124,0.23597481846809387,0.2703269422054291,False,False,False,-0.24081406182453952,False
pirl,3,14,0,0.24088986696797932,200,-57.91129961550868,2.6840898287067456,536.8179657413491,31.97070161490269,0.5990325378642821,13,0,13,0.065,0.0,0.065,104,-0.3506038784980774,2.4077160358428955,0.41037699580192566,0.4363836646080017,2.086162567138672e-07,4.842877388000488e-07,0.2408208430757451,0.0012112012014384177,0.00037311491100298623,0.001584316112441404,0.0007863368263629902,0.00378058641399548,2.3630052722231484e-06,31.97070157145798,0.23596689105033875,0.27032405138015747,False,False,False,-0.2408216357611109,False
pirl,3,14,0,0.24088986696797932,200,-57.91129961550868,2.6840898287067456,536.8179657413491,31.97070161490269,0.5990325378642821,13,0,13,0.065,0.0,0.065,105,-0.3506036400794983,2.4077165126800537,0.41037699580192566,0.4363836646080017,-2.682209014892578e-07,-5.140900611877441e-07,0.24082768055022993,0.0012123076385371155,0.00036138747487669506,0.0015736951134138104,0.0007012736411736682,0.003390189611131689,2.07533145481966e-06,31.970701580105192,0.2359599471092224,0.27032142877578735,False,False,False,-0.24082846797764093,False
pirl,3,14,0,0.24088986696797932,200,-57.91129961550868,2.6840898287067456,536.8179657413491,31.97070161490269,0.5990325378642821,13,0,13,0.065,0.0,0.065,106,-0.35060393810272217,2.4077160358428955,0.41037699580192566,0.4363836646080017,2.384185791015625e-07,5.885958671569824e-07,0.24083394355913104,0.0009591818116617277,0.00029721119192438613,0.0012563930035861138,0.0006350840830970857,0.003065296950826024,1.520201661739779e-06,31.970701586439365,0.23595356941223145,0.27031904458999634,False,False,False,-0.24083457239068284,False
pirl,3,14,0,0.24088986696797932,200,-57.91129961550868,2.6840898287067456,536.8179657413491,31.97070161490269,0.5990325378642821,13,0,13,0.065,0.0,0.065,107,-0.35060369968414307,2.407716751098633,0.41037699580192566,0.4363836646080017,-1.9371509552001953e-07,-6.332993507385254e-07,0.24083963209520023,0.0009768097682670875,0.00029625626057766026,0.0012730660288447478,0.000567050768890248,0.002743568071331026,1.36669994760815e-06,31.97070159213395,0.23594775795936584,0.2703168988227844,False,False,False,-0.24084026929047866,False
pirl,3,14,0,0.24088986696797932,200,-57.91129961550868,2.6840898287067456,536.8179657413491,31.97070161490269,0.5990325378642821,13,0,13,0.065,0.0,0.065,108,-0.3506038784980774,2.4077160358428955,0.41037699580192566,0.4363836646080017,2.086162567138672e-07,4.842877388000488e-07,0.24084472353192984,0.0007715625023162774,0.00018556992898885802,0.0009571324313051353,0.0005084671202708613,0.002557845392630433,8.669733515366444e-07,31.970701595746338,0.23594257235527039,0.2703149616718292,False,False,False,-0.24084520262545506,False
pirl,3,14,0,0.24088986696797932,200,-57.91129961550868,2.6840898287067456,536.8179657413491,31.97070161490269,0.5990325378642821,13,0,13,0.065,0.0,0.065,109,-0.3506036698818207,2.4077165126800537,0.41037699580192566,0.4363836646080017,-2.0116567611694336e-07,-4.544854164123535e-07,0.24084915414278352,0.0007998272424050994,0.00029936577386778973,0.0010991930162728891,0.00045843027491474,0.002214141980672934,1.0295033501173817e-06,31.970701600035934,0.23593807220458984,0.2703132629394531,False,False,False,-0.24084970423630736,False
pirl,3,14,0,0.24088986696797932,200,-57.91129961550868,2.6840898287067456,536.8179657413491,31.97070161490269,0.5990325378642821,13,0,13,0.065,0.0,0.065,110,-0.3506038784980774,2.4077160358428955,0.41037699580192566,0.4363836646080017,2.086162567138672e-07,4.842877388000488e-07,0.24085341519588951,0.0006130241122535062,0.0001481737926954658,0.000761197904948972,0.0004119561946862582,0.0020655378718560545,5.585976609639087e-07,31.970701602363423,0.23593372106552124,0.2703116536140442,False,False,False,-0.24085379632215154,False
pirl,3,14,0,0.24088986696797932,200,-57.91129961550868,2.6840898287067456,536.8179657413491,31.97070161490269,0.5990325378642821,13,0,13,0.065,0.0,0.065,111,-0.3506036698818207,2.4077165126800537,0.41037699580192566,0.4363836646080017,-2.0116567611694336e-07,-4.544854164123535e-07,0.2408572271199596,0.000657325373614925,0.00019691074303630562,0.0008542361166512305,0.0003659325989904261,0.0018524982336828202,6.053135860171902e-07,31.970701604885562,0.23592987656593323,0.2703101634979248,False,False,False,-0.24085765473503365,False
pirl,3,14,0,0.24088986696797932,200,-57.91129961550868,2.6840898287067456,536.8179657413491,31.97070161490269,0.5990325378642821,13,0,13,0.065,0.0,0.065,112,-0.3506038784980774,2.4077160358428955,0.41037699580192566,0.4363836646080017,2.086162567138672e-07,4.842877388000488e-07,0.24086063722572462,0.00048489830664807655,0.0001690499322253752,0.0006539482388734517,0.00033434612925198337,0.0016616610197833907,4.430275546845557e-07,31.97070160673151,0.23592635989189148,0.2703089118003845,False,False,False,-0.24086096472715363,False
pirl,3,14,0,0.24088986696797932,200,-57.91129961550868,2.6840898287067456,536.8179657413491,31.97070161490269,0.5990325378642821,13,0,13,0.065,0.0,0.065,113,-0.3506036400794983,2.4077165126800537,0.41037699580192566,0.4363836646080017,-2.682209014892578e-07,-5.140900611877441e-07,0.2408635550243323,0.0005592581080920608,0.00016034649035022292,0.0007196045984422837,0.0002944742146913093,0.001490578759366452,4.036961648451571e-07,31.970701608413577,0.2359234094619751,0.2703077793121338,False,False,False,-0.24086391540648583,False
pirl,3,14,0,0.24088986696797932,200,-57.91129961550868,2.6840898287067456,536.8179657413491,31.97070161490269,0.5990325378642821,13,0,13,0.065,0.0,0.065,114,-0.35060393810272217,2.4077160358428955,0.41037699580192566,0.4363836646080017,2.384185791015625e-07,5.885958671569824e-07,0.24086630221910044,0.0003719974609570135,0.00013478870334020224,0.0005067861642972158,0.0002707488391204826,0.0013369563181628232,2.8092448925753627e-07,31.970701609584097,0.23592063784599304,0.27030670642852783,False,False,False,-0.2408665562472326,False
pirl,3,14,0,0.24088986696797932,200,-57.91129961550868,2.6840898287067456,536.8179657413491,31.97070161490269,0.5990325378642821,13,0,13,0.065,0.0,0.065,115,-0.35060369968414307,2.407716751098633,0.41037699580192566,0.4363836646080017,-1.9371509552001953e-07,-6.332993507385254e-07,0.24086877399215767,0.00044884762957254936,0.00013146190555952389,0.0005803095351320732,0.00023902479291582068,0.0011957320735727138,2.644789286398454e-07,31.970701610686092,0.2359181046485901,0.2703057825565338,False,False,False,-0.24086906480918926,False
pirl,3,14,0,0.24088986696797932,200,-57.91129961550868,2.6840898287067456,536.8179657413491,31.97070161490269,0.5990325378642821,13,0,13,0.065,0.0,0.065,116,-0.3506038784980774,2.4077160358428955,0.41037699580192566,0.4363836646080017,2.086162567138672e-07,4.842877388000488e-07,0.2408708829631542,0.00029684953378770335,0.00010793597627902533,0.00040478551006672866,0.00022012910378510495,0.0010726105328460118,1.8111848686161323e-07,31.970701611440752,0.23591595888137817,0.27030497789382935,False,False,False,-0.2408710858832188,False
pirl,3,14,0,0.24088986696797932,200,-57.91129961550868,2.6840898287067456,536.8179657413491,31.97070161490269,0.5990325378642821,13,0,13,0.065,0.0,0.065,117,-0.3506036698818207,2.4077165126800537,0.41037699580192566,0.4363836646080017,-2.0116567611694336e-07,-4.544854164123535e-07,0.24087288504636187,0.00037299292625572755,0.00010444620994015384,0.00047743913619588136,0.0001932882171797878,0.0009620418564410159,1.7257676344569533e-07,31.97070161215982,0.2359139323234558,0.27030420303344727,False,False,False,-0.24087312426294566,False
pirl,3,14,0,0.24088986696797932,200,-57.91129961550868,2.6840898287067456,536.8179657413491,31.97070161490269,0.5990325378642821,13,0,13,0.065,0.0,0.065,118,-0.3506038784980774,2.4077160358428955,0.41037699580192566,0.4363836646080017,2.086162567138672e-07,4.842877388000488e-07,0.2408746949355835,0.00022923940633214093,8.607216631967571e-05,0.0003153115726518166,0.00017896618562307512,0.0008631122453153787,1.1531604287709549e-07,31.970701612640305,0.23591211438179016,0.27030348777770996,False,False,False,-0.24087485311867937,False
pirl,3,14,0,0.24088986696797932,200,-57.91129961550868,2.6840898287067456,536.8179657413491,31.97070161490269,0.5990325378642821,13,0,13,0.065,0.0,0.065,119,-0.3506036698818207,2.4077165126800537,0.41037699580192566,0.4363836646080017,-2.0116567611694336e-07,-4.544854164123535e-07,0.24087635683901829,0.0003122484762538889,8.487344694392616e-05,0.0003971219231978151,0.00015624159083449385,0.000774178674893455,1.14493411354243e-07,31.97070161311736,0.23591041564941406,0.2703028619289398,False,False,False,-0.24087655589699558,False
pirl,3,14,0,0.24088986696797932,200,-57.91129961550868,2.6840898287067456,536.8179657413491,31.97070161490269,0.5990325378642821,13,0,13,0.065,0.0,0.065,120,-0.3506038784980774,2.4077160358428955,0.41037699580192566,0.4363836646080017,2.086162567138672e-07,4.842877388000488e-07,0.24087759429092453,0.00017462518979437577,6.85124697652605e-05,0.00024313765955963628,0.0001456242219117776,0.0006946472529930645,7.302165630821106e-08,31.970701613421618,0.235909104347229,0.2703024446964264,False,False,False,-0.24087771638706387,False
pirl,3,14,0,0.24088986696797932,200,-57.91129961550868,2.6840898287067456,536.8179657413491,31.97070161490269,0.5990325378642821,13,0,13,0.065,0.0,0.065,121,-0.3506036400794983,2.4077165126800537,0.41037699580192566,0.4363836646080017,-2.682209014892578e-07,-5.140900611877441e-07,0.2408788512547683,0.00028027854058884795,7.012901912729231e-05,0.00035040755971614025,0.00012462449808525736,0.0006233898420640103,7.864729060282032e-08,31.970701613749316,0.23590782284736633,0.2703019678592682,False,False,False,-0.24087902703840244,False
pirl,3,14,0,0.24088986696797932,200,-57.91129961550868,2.6840898287067456,536.8179657413491,31.97070161490269,0.5990325378642821,13,0,13,0.065,0.0,0.065,122,-0.35060393810272217,2.4077160358428955,0.41037699580192566,0.4363836646080017,2.384185791015625e-07,5.885958671569824e-07,0.24088017193983036,0.00012115523505050764,5.3832373599850406e-05,0.00017498760865035804,0.00011788409417556878,0.0005592947378927082,4.439043842122789e-08,31.970701613934278,0.2359064817428589,0.2703014612197876,False,False,False,-0.24088026006868468,False
pirl,3,14,0,0.24088986696797932,200,-57.91129961550868,2.6840898287067456,536.8179657413491,31.97070161490269,0.5990325378642821,13,0,13,0.065,0.0,0.065,123,-0.35060369968414307,2.4077165126800537,0.41037699580192566,0.4363836646080017,-1.4156103134155273e-07,-3.948807716369629e-07,0.24088119561188248,0.00020671575392308892,5.476788810616931e-05,0.0002614836420292582,0.00010269822000541494,0.000502428095001977,4.874626566344267e-08,31.970701614137386,0.23590540885925293,0.27030110359191895,False,False,False,-0.24088132677319168,False
pirl,3,14,0,0.24088986696797932,200,-57.91129961550868,2.6840898287067456,536.8179657413491,31.97070161490269,0.5990325378642821,13,0,13,0.065,0.0,0.065,124,-0.3506038188934326,2.4077162742614746,0.41037699580192566,0.4363836646080017,9.685754776000977e-08,1.7136335372924805e-07,0.24088191915655255,0.0001266086014876714,4.717806389899406e-05,0.00017378666538666546,9.475297915084724e-05,0.00044830234817390874,3.314657900529701e-08,31.970701614275498,0.23590469360351562,0.27030080556869507,False,False,False,-0.24088200624672726,False
pirl,3,14,0,0.24088986696797932,200,-57.91129961550868,2.6840898287067456,536.8179657413491,31.97070161490269,0.5990325378642821,13,0,13,0.065,0.0,0.065,125,-0.35060372948646545,2.4077162742614746,0.41037699580192566,0.4363836646080017,-5.21540641784668e-08,-3.725290298461914e-08,0.2408828133138282,0.00014855383685915494,4.124009880624895e-05,0.00018979393566540388,8.40259836949464e-05,0.000404768442260442,2.917507282622118e-08,31.97070161439706,0.235903799533844,0.2703004479408264,False,False,False,-0.24088290827488834,False
pirl,3,14,0,0.24088986696797932,200,-57.91129961550868,2.6840898287067456,536.8179657413491,31.97070161490269,0.5990325378642821,13,0,13,0.065,0.0,0.065,126,-0.35060378909111023,2.4077162742614746,0.41037699580192566,0.4363836646080017,6.705522537231445e-08,8.195638656616211e-08,0.24088349576324028,0.000105610894643311,3.7690547652069554e-05,0.00014330144229538055,7.723271073478699e-05,0.000361972328907447,2.179955098784563e-08,31.970701614487893,0.2359030842781067,0.2703002095222473,False,False,False,-0.24088356751985407,False
pirl,3,14,0,0.24088986696797932,200,-57.91129961550868,2.6840898287067456,536.8179657413491,31.97070161490269,0.5990325378642821,13,0,13,0.065,0.0,0.065,127,-0.35060369968414307,2.4077165126800537,0.41037699580192566,0.4363836646080017,-1.4156103134155273e-07,-3.948807716369629e-07,0.240884135040887,0.00015101989710346883,3.973208222692408e-05,0.00019075197933039292,6.611197490924425e-05,0.0003208303223935474,2.2731480398332167e-08,31.97070161458261,0.23590242862701416,0.2702999711036682,False,False,False,-0.24088423083636484,False
pirl,3,14,0,0.24088986696797932,200,-57.91129961550868,2.6840898287067456,536.8179657413491,31.97070161490269,0.5990325378642821,13,0,13,0.065,0.0,0.065,128,-0.350603848695755,2.4077160358428955,0.41037699580192566,0.4363836646080017,5.960464477539063e-08,4.842877388000488e-07,0.24088475273274065,7.689770718639585e-05,2.5103682491632826e-05,0.00010200138967802867,6.093128889306243e-05,0.0002929719093446917,1.2040150202944985e-08,31.970701614632777,0.23590180277824402,0.2702997326850891,False,False,False,-0.2408848042213774,False
pirl,3,14,0,0.24088986696797932,200,-57.91129961550868,2.6840898287067456,536.8179657413491,31.97070161490269,0.5990325378642821,13,0,13,0.065,0.0,0.065,129,-0.35060378909111023,2.4077165126800537,0.41037699580192566,0.4363836646080017,-3.725290298461914e-08,-3.0547380447387695e-07,0.24088539201101153,0.00010121402313596859,3.1312201405738964e-05,0.00013252622454170755,5.39440903319921e-05,0.00025877040805650267,1.3562569541821498e-08,31.970701614689286,0.2359011471271515,0.27029949426651,False,False,False,-0.24088545858186075,False
pirl,3,14,0,0.24088986696797932,200,-57.91129961550868,2.6840898287067456,536.8179657413491,31.97070161490269,0.5990325378642821,13,0,13,0.065,0.0,0.065,130,-0.3506038188934326,2.4077162742614746,0.41037699580192566,0.4363836646080017,9.685754776000977e-08,1.7136335372924805e-07,0.24088566847796813,5.3182446416220084e-05,2.251643535619339e-05,7.569888177241347e-05,5.0874262445432805e-05,0.0002322119583696465,7.934203286034164e-09,31.970701614722344,0.23590087890625,0.27029937505722046,False,False,False,-0.24088570652425104,False
pirl,3,14,0,0.24088986696797932,200,-57.91129961550868,2.6840898287067456,536.8179657413491,31.97070161490269,0.5990325378642821,13,0,13,0.065,0.0,0.065,131,-0.35060372948646545,2.4077162742614746,0.41037699580192566,0.4363836646080017,-5.21540641784668e-08,-3.725290298461914e-08,0.24088620190239085,8.421658259858993e-05,2.079091886737232e-05,0.00010500750146596225,4.453513866087278e-05,0.00021119427311758405,8.14152018121441e-09,31.970701614756265,0.23590031266212463,0.27029919624328613,False,False,False,-0.2408862544702339,False
pirl,3,14,0,0.24088986696797932,200,-57.91129961550868,2.6840898287067456,536.8179657413491,31.97070161490269,0.5990325378642821,13,0,13,0.065,0.0,0.065,132,-0.35060378909111023,2.4077162742614746,0.41037699580192566,0.4363836646080017,6.705522537231445e-08,8.195638656616211e-08,0.24088666953021032,4.789476708441581e-05,1.947368759459429e-05,6.73684546790101e-05,4.1690950204120725e-05,0.00018841644479463524,5.6659413331691886e-09,31.970701614779873,0.23589986562728882,0.2702989876270294,False,False,False,-0.24088670332033033,False
pirl,3,14,0,0.24088986696797932,200,-57.91129961550868,2.6840898287067456,536.8179657413491,31.97070161490269,0.5990325378642821,13,0,13,0.065,0.0,0.065,133,-0.35060372948646545,2.4077165126800537,0.41037699580192566,0.4363836646080017,-8.940696716308594e-08,-3.3527612686157227e-07,0.2408868822771302,8.558260429237084e-05,2.238467785708208e-05,0.00010796728214945292,3.53760879723275e-05,0.00016528987295860576,6.727538297564217e-09,31.970701614807904,0.2358996570110321,0.27029889822006226,False,False,False,-0.24088693660776364,False
pirl,3,14,0,0.24088986696797932,200,-57.91129961550868,2.6840898287067456,536.8179657413491,31.97070161490269,0.5990325378642821,13,0,13,0.065,0.0,0.065,134,-0.3506038188934326,2.4077160358428955,0.41037699580192566,0.4363836646080017,5.960464477539063e-08,4.0978193283081055e-07,0.24088733143398047,3.181244349197052e-05,1.0760861745785887e-05,4.2573305237756404e-05,3.3268990650370256e-05,0.00015322874293088453,2.707241203259614e-09,31.970701614819184,0.2358991503715515,0.2702987790107727,False,False,False,-0.2408873531347272,False
pirl,3,14,0,0.24088986696797932,200,-57.91129961550868,2.6840898287067456,536.8179657413491,31.97070161490269,0.5990325378642821,13,0,13,0.065,0.0,0.065,135,-0.35060375928878784,2.4077165126800537,0.41037699580192566,0.4363836646080017,-8.195638656616211e-08,-3.0547380447387695e-07,0.2408875020469576,7.124000063222033e-05,1.825733712816094e-05,8.949733776038127e-05,2.797513830721244e-05,0.0001345098419990518,4.448740403124616e-09,31.970701614837722,0.2358989715576172,0.27029871940612793,False,False,False,-0.2408875471119034,False
pirl,3,14,0,0.24088986696797932,200,-57.91129961550868,2.6840898287067456,536.8179657413491,31.97070161490269,0.5990325378642821,13,0,13,0.065,0.0,0.065,136,-0.3506038188934326,2.4077162742614746,0.41037699580192566,0.4363836646080017,9.685754776000977e-08,1.7136335372924805e-07,0.2408876079012885,1.6313889271440534e-05,1.162236990692641e-05,2.7936259178366944e-05,2.7502205622198513e-05,0.00011968929139668254,1.8397411557510853e-09,31.97070161484539,0.23589888215065002,0.27029865980148315,False,False,False,-0.2408876220662601,False
pirl,3,14,0,0.24088986696797932,200,-57.91129961550868,2.6840898287067456,536.8179657413491,31.97070161490269,0.5990325378642821,13,0,13,0.065,0.0,0.065,137,-0.35060372948646545,2.4077162742614746,0.41037699580192566,0.4363836646080017,-5.21540641784668e-08,-3.725290298461914e-08,0.24088803547229024,5.028769318029462e-05,1.0239072060541561e-05,6.052676524083618e-05,2.3500287519961912e-05,0.00011021728705136023,2.310297992888823e-09,31.970701614855017,0.23589840531349182,0.2702985405921936,False,False,False,-0.24088806579976518,False
pirl,3,14,0,0.24088986696797932,200,-57.91129961550868,2.6840898287067456,536.8179657413491,31.97070161490269,0.5990325378642821,13,0,13,0.065,0.0,0.065,138,-0.35060378909111023,2.4077162742614746,0.41037699580192566,0.4363836646080017,6.705522537231445e-08,8.195638656616211e-08,0.24088818242226492,1.7326724274528305e-05,9.944983335103209e-06,2.7271707609631514e-05,2.275958417730095e-05,9.787261027754839e-05,1.3676905178162805e-09,31.970701614860715,0.23589831590652466,0.27029842138290405,False,False,False,-0.2408881961640114,False
pirl,3,14,0,0.24088986696797932,200,-57.91129961550868,2.6840898287067456,536.8179657413491,31.97070161490269,0.5990325378642821,13,0,13,0.065,0.0,0.065,139,-0.35060372948646545,2.4077165126800537,0.41037699580192566,0.4363836646080017,-8.940696716308594e-08,-3.3527612686157227e-07,0.24088835303534722,5.8092797416807606e-05,1.3830275733960785e-05,7.19230731507684e-05,1.8337858547656797e-05,8.410766688218829e-05,2.228529725987886e-09,31.970701614870002,0.23589813709259033,0.2702983617782593,False,False,False,-0.24088838934387616,False
pirl,3,14,0,0.24088986696797932,200,-57.91129961550868,2.6840898287067456,536.8179657413491,31.97070161490269,0.5990325378642821,13,0,13,0.065,0.0,0.065,140,-0.3506038188934326,2.4077160358428955,0.41037699580192566,0.4363836646080017,5.960464477539063e-08,4.0978193283081055e-07,0.24088858633031004,7.094832688120455e-06,3.0851153820556857e-06,1.0179948070176141e-05,1.7934584167100805e-05,8.044145599605423e-05,3.754140472449768e-10,31.970701614871565,0.23589792847633362,0.2702982425689697,False,False,False,-0.2408885918343782,False
pirl,3,14,0,0.24088986696797932,200,-57.91129961550868,2.6840898287067456,536.8179657413491,31.97070161490269,0.5990325378642821,13,0,13,0.065,0.0,0.065,141,-0.35060375928878784,2.4077165126800537,0.41037699580192566,0.4363836646080017,-8.195638656616211e-08,-3.0547380447387695e-07,0.24088871377092402,4.90153350460187e-05,1.1370349592160272e-05,6.0385684638178966e-05,1.417417247306929e-05,6.9250109699421e-05,1.4821497693454126e-09,31.97070161487774,0.23589780926704407,0.27029818296432495,False,False,False,-0.24088874428004325,False
pirl,3,14,0,0.24088986696797932,200,-57.91129961550868,2.6840898287067456,536.8179657413491,31.97070161490269,0.5990325378642821,13,0,13,0.065,0.0,0.065,142,-0.3506038188934326,2.4077162742614746,0.41037699580192566,0.4363836646080017,9.685754776000977e-08,1.7136335372924805e-07,0.24088890804729263,3.669238094252438e-06,5.443152896013337e-06,9.112390990265775e-06,1.5081336371736141e-05,6.117926481988559e-05,3.8834510640773616e-10,31.970701614879356,0.23589754104614258,0.27029818296432495,False,False,False,-0.24088891280033015,False
pirl,3,14,0,0.24088986696797932,200,-57.91129961550868,2.6840898287067456,536.8179657413491,31.97070161490269,0.5990325378642821,13,0,13,0.065,0.0,0.065,143,-0.35060372948646545,2.4077162742614746,0.41037699580192566,0.4363836646080017,-5.21540641784668e-08,-3.725290298461914e-08,0.24088895121983828,3.232002880765316e-05,4.694927002241368e-06,3.7014955809894524e-05,1.2321505194812232e-05,5.7759430593681025e-05,6.694077131783385e-10,31.970701614882145,0.2358974814414978,0.27029818296432495,False,False,False,-0.2408889697914085,False
pirl,3,14,0,0.24088986696797932,200,-57.91129961550868,2.6840898287067456,536.8179657413491,31.97070161490269,0.5990325378642821,13,0,13,0.065,0.0,0.065,144,-0.35060378909111023,2.4077162742614746,0.41037699580192566,0.4363836646080017,6.705522537231445e-08,8.195638656616211e-08,0.2408889923153976,1.1712469747200151e-06,4.970673486394055e-06,6.14192046111407e-06,1.2698680084799463e-05,5.0841417538096305e-05,2.675893767995637e-10,31.97070161488326,0.2358974814414978,0.2702981233596802,False,False,False,-0.24088899549225049,False
pirl,3,14,0,0.24088986696797932,200,-57.91129961550868,2.6840898287067456,536.8179657413491,31.97070161490269,0.5990325378642821,13,0,13,0.065,0.0,0.065,145,-0.35060372948646545,2.4077165126800537,0.41037699580192566,0.4363836646080017,-8.940696716308594e-08,-3.3527612686157227e-07,0.2408891629285995,4.356673324134428e-05,9.367262270520553e-06,5.2933995511864834e-05,9.283044864805134e-06,4.1942228450899974e-05,7.973157934020652e-10,31.970701614886583,0.23589730262756348,0.2702980637550354,False,False,False,-0.2408891897425896,False
pirl,3,14,0,0.24088986696797932,200,-57.91129961550868,2.6840898287067456,536.8179657413491,31.97070161490269,0.5990325378642821,13,0,13,0.065,0.0,0.065,146,-0.3506038188934326,2.4077160358428955,0.41037699580192566,0.4363836646080017,5.960464477539063e-08,4.0978193283081055e-07,0.2408891845148781,5.966158228801704e-06,9.191298301049356e-07,6.88528805890664e-06,9.785251852800768e-06,4.26387933460464e-05,9.757094774651551e-11,31.970701614886988,0.2358972728252411,0.2702980637550354,False,False,False,-0.24088918837161624,False
pirl,3,14,0,0.24088986696797932,200,-57.91129961550868,2.6840898287067456,536.8179657413491,31.97070161490269,0.5990325378642821,13,0,13,0.065,0.0,0.065,147,-0.35060375928878784,2.4077165126800537,0.41037699580192566,0.4363836646080017,-8.195638656616211e-08,-3.0547380447387695e-07,0.24088910024677396,3.727165287244387e-05,7.777738550794813e-06,4.504939142323868e-05,6.83977339033248e-06,3.535919657981503e-05,5.299442458946102e-10,31.970701614889197,0.23589733242988586,0.2702981233596802,False,False,False,-0.2408891230877466,False
pirl,3,14,0,0.24088986696797932,200,-57.91129961550868,2.6840898287067456,536.8179657413491,31.97070161490269,0.5990325378642821,13,0,13,0.065,0.0,0.065,148,-0.3506038188934326,2.4077162742614746,0.41037699580192566,0.4363836646080017,9.685754776000977e-08,1.7136335372924805e-07,0.24088927086001002,1.4228473122593014e-05,2.2198819359052215e-06,1.6448355058498237e-05,8.480377197805922e-06,3.079566509057412e-05,1.8902555966718475e-10,31.970701614889986,0.23589715361595154,0.2702980637550354,False,False,False,-0.24088927928102957,False
pirl,3,14,0,0.24088986696797932,200,-57.91129961550868,2.6840898287067456,536.8179657413491,31.97070161490269,0.5990325378642821,13,0,13,0.065,0.0,0.065,149,-0.35060372948646545,2.4077162742614746,0.41037699580192566,0.4363836646080017,-5.21540641784668e-08,-3.725290298461914e-08,0.24088933458034897,2.2825779790103497e-05,1.8030456172849835e-06,2.462882540738848e-05,6.380641937475673e-06,3.052048925854768e-05,2.0067296217933685e-10,31.97070161489082,0.23589709401130676,0.270298033952713,False,False,False,-0.240889346958854,False
pirl,3,14,0,0.24088986696797932,200,-57.91129961550868,2.6840898287067456,536.8179657413491,31.97070161490269,0.5990325378642821,13,0,13,0.065,0.0,0.065,150,-0.35060378909111023,2.4077162742614746,0.41037699580192566,0.4363836646080017,6.705522537231445e-08,8.195638656616211e-08,0.24088927086001002,7.36542869939025e-06,2.3761287135103173e-06,9.741557412900566e-06,7.351903152930106e-06,2.6421947680303287e-05,1.1693186702776504e-10,31.970701614891308,0.23589715361595154,0.2702980637550354,False,False,False,-0.24088927583668138,False
pirl,3,14,0,0.24088986696797932,200,-57.91129961550868,2.6840898287067456,536.8179657413491,31.97070161490269,0.5990325378642821,13,0,13,0.065,0.0,0.065,151,-0.35060372948646545,2.4077162742614746,0.41037699580192566,0.4363836646080017,-5.21540641784668e-08,-3.725290298461914e-08,0.2408894209255156,2.1872797850403315e-05,1.9787785190813987e-06,2.3851576369484714e-05,5.365015297353892e-06,2.580401009819904e-05,1.6840831595181888e-10,31.97070161489201,0.2358969748020172,0.270298033952713,False,False,False,-0.2408894329153961,False
pirl,3,14,0,0.24088986696797932,200,-57.91129961550868,2.6840898287067456,536.8179657413491,31.97070161490269,0.5990325378642821,13,0,13,0.065,0.0,0.065,152,-0.35060375928878784,2.4077162742614746,0.41037699580192566,0.4363836646080017,1.4901161193847656e-08,-7.450580596923828e-09,0.24088935408959622,5.277037288101008e-06,3.4938906845820677e-06,8.770927972683077e-06,5.186141636137619e-06,2.138833853388018e-05,1.0209597955748303e-10,31.970701614892437,0.23589712381362915,0.27029797434806824,False,False,False,-0.24088935849172022,False
pirl,3,14,0,0.24088986696797932,200,-57.91129961550868,2.6840898287067456,536.8179657413491,31.97070161490269,0.5990325378642821,13,0,13,0.065,0.0,0.065,153,-0.35060375928878784,2.4077162742614746,0.41037699580192566,0.4363836646080017,1.4901161193847656e-08,-7.450580596923828e-09,0.2408895473276694,3.614210564606738e-06,2.009975792594878e-06,5.6241863572016165e-06,5.025155341176202e-06,1.8904720625438934e-05,5.6160000345770365e-11,31.970701614892672,0.23589688539505005,0.27029794454574585,False,False,False,-0.24088955015642258,False
pirl,3,14,0,0.24088986696797932,200,-57.91129961550868,2.6840898287067456,536.8179657413491,31.97070161490269,0.5990325378642821,13,0,13,0.065,0.0,0.065,154,-0.35060375928878784,2.4077162742614746,0.41037699580192566,0.4363836646080017,1.4901161193847656e-08,-7.450580596923828e-09,0.2408895473276694,3.160326437101247e-06,1.7171123081571634e-06,4.877438745258411e-06,4.880267675311244e-06,1.679013152626632e-05,4.425378045374629e-11,31.970701614892857,0.23589688539505005,0.27029794454574585,False,False,False,-0.24088954978304877,False
pirl,3,14,0,0.24088986696797932,200,-57.91129961550868,2.6840898287067456,536.8179657413491,31.97070161490269,0.5990325378642821,13,0,13,0.065,0.0,0.065,155,-0.35060372948646545,2.4077162742614746,0.41037699580192566,0.4363836646080017,-5.21540641784668e-08,-3.725290298461914e-08,0.2408896110480164,1.9463620748673316e-05,2.0417643064215903e-06,2.1505385055094907e-05,3.1405433680298245e-06,1.584431366789783e-05,9.34766991669552e-11,31.970701614893247,0.23589682579040527,0.27029791474342346,False,False,False,-0.24088962186480123,False
pirl,3,14,0,0.24088986696797932,200,-57.91129961550868,2.6840898287067456,536.8179657413491,31.97070161490269,0.5990325378642821,13,0,13,0.065,0.0,0.065,156,-0.35060378909111023,2.4077162742614746,0.41037699580192566,0.4363836646080017,6.705522537231445e-08,8.195638656616211e-08,0.2408898474588068,1.1880324965139873e-05,1.1020224020321779e-06,1.2982347367172052e-05,4.435814439762709e-06,1.309833260080091e-05,6.713357298479185e-11,31.970701614893528,0.2358965277671814,0.2702978849411011,False,False,False,-0.24088985405587313,False
pirl,3,14,0,0.24088986696797932,200,-57.91129961550868,2.6840898287067456,536.8179657413491,31.97070161490269,0.5990325378642821,13,0,13,0.065,0.0,0.065,157,-0.35060369968414307,2.4077162742614746,0.41037699580192566,0.4363836646080017,-1.6391277313232422e-07,7.450580596923828e-09,0.2408898474588068,4.380960614934498e-05,4.0303727629110366e-08,4.384990987697409e-05,5.8326441010336794e-08,1.7525838576545032e-05,3.2616150332166843e-12,31.970701614893542,0.2358965277671814,0.2702978849411011,False,False,False,-0.24088986954784372,False
pirl,3,14,0,0.24088986696797932,200,-57.91129961550868,2.6840898287067456,536.8179657413491,31.97070161490269,0.5990325378642821,13,0,13,0.065,0.0,0.065,158,-0.3506038784980774,2.4077162742614746,0.41037699580192566,0.4363836646080017,1.043081283569336e-07,2.60770320892334e-07,0.24088971794096486,2.511905131592607e-05,9.62954576612835e-08,2.5215346773587355e-05,2.55588887787539e-06,1.5151832917634872e-05,6.566055656636759e-11,31.970701614893816,0.23589670658111572,0.2702978849411011,False,False,False,-0.2408897308294965,False
pirl,3,14,0,0.24088986696797932,200,-57.91129961550868,2.6840898287067456,536.8179657413491,31.97070161490269,0.5990325378642821,13,0,13,0.065,0.0,0.065,159,-0.35060375928878784,2.407716751098633,0.41037699580192566,0.4363836646080017,-1.1175870895385742e-07,-5.736947059631348e-07,0.24088971794096486,3.8467255305748435e-05,9.038219515641308e-06,4.750547482138974e-05,-3.8190902440504715e-07,6.214655275389641e-06,7.086041053836812e-11,31.97070161489411,0.23589670658111572,0.2702978849411011,False,False,False,-0.24088974227818122,False
pirl,3,14,0,0.24088986696797932,200,-57.91129961550868,2.6840898287067456,536.8179657413491,31.97070161490269,0.5990325378642821,13,0,13,0.065,0.0,0.065,160,-0.3506038784980774,2.4077160358428955,0.41037699580192566,0.4363836646080017,2.086162567138672e-07,4.842877388000488e-07,0.24088971794096486,5.5612275213846154e-05,5.06809520856948e-06,6.0680370422415636e-05,4.66307203916827e-06,7.825826185395868e-06,2.98986077777519e-10,31.970701614895358,0.23589670658111572,0.2702978849411011,False,False,False,-0.24088974880845962,False
pirl,3,14,0,0.24088986696797932,200,-57.91129961550868,2.6840898287067456,536.8179657413491,31.97070161490269,0.5990325378642821,13,0,13,0.065,0.0,0.065,161,-0.3506036698818207,2.4077165126800537,0.41037699580192566,0.4363836646080017,-2.0116567611694336e-07,-4.544854164123535e-07,0.24088971794096486,5.737773896090261e-05,4.342989154492028e-06,6.172072811539464e-05,-6.312113911555173e-07,7.4133567080646855e-06,6.841361021237511e-11,31.970701614895642,0.23589670658111572,0.2702978849411011,False,False,False,-0.24088974929834464,False
pirl,3,14,0,0.24088986696797932,200,-57.91129961550868,2.6840898287067456,536.8179657413491,31.97070161490269,0.5990325378642821,13,0,13,0.065,0.0,0.065,162,-0.3506038784980774,2.4077160358428955,0.41037699580192566,0.4363836646080017,2.086162567138672e-07,4.842877388000488e-07,0.24088990910202998,5.444148192100313e-05,3.647946350738307e-06,5.8089428271741434e-05,4.438699908959621e-06,7.134022889737119e-06,2.6767393361308356e-10,31.970701614896758,0.2358965277671814,0.2702977955341339,False,False,False,-0.24088993867405367,False
pirl,3,14,0,0.24088986696797932,200,-57.91129961550868,2.6840898287067456,536.8179657413491,31.97070161490269,0.5990325378642821,13,0,13,0.065,0.0,0.065,163,-0.3506036698818207,2.4077165126800537,0.41037699580192566,0.4363836646080017,-2.0116567611694336e-07,-4.544854164123535e-07,0.24088990910202998,5.718713529139113e-05,4.376805483791654e-06,6.156394077518278e-05,-8.331463092758895e-07,6.654849943339668e-06,7.677223443190312e-11,31.970701614897077,0.2358965277671814,0.2702977955341339,False,False,False,-0.24088994038101608,False
pirl,3,14,0,0.24088986696797932,200,-57.91129961550868,2.6840898287067456,536.8179657413491,31.97070161490269,0.5990325378642821,13,0,13,0.065,0.0,0.065,164,-0.3506038784980774,2.4077160358428955,0.41037699580192566,0.4363836646080017,2.086162567138672e-07,4.842877388000488e-07,0.24088986800654594,5.4710498499995063e-05,3.7149849160354576e-06,5.8425483416030524e-05,4.2569584830509655e-06,6.443540258759104e-06,2.568379755686584e-10,31.970701614898147,0.2358965277671814,0.2702978551387787,False,False,False,-0.2408898977465972,False
pirl,3,14,0,0.24088986696797932,200,-57.91129961550868,2.6840898287067456,536.8179657413491,31.97070161490269,0.5990325378642821,13,0,13,0.065,0.0,0.065,165,-0.3506036698818207,2.4077165126800537,0.41037699580192566,0.4363836646080017,-2.0116567611694336e-07,-4.544854164123535e-07,0.24088986800654594,5.693758387446521e-05,4.309034283322002e-06,6.124661815778721e-05,-9.967135916610914e-07,6.035358435550864e-06,8.275703013494817e-11,31.97070161489849,0.2358965277671814,0.2702978551387787,False,False,False,-0.24088989912687073,False
pirl,3,14,0,0.24088986696797932,200,-57.91129961550868,2.6840898287067456,536.8179657413491,31.97070161490269,0.5990325378642821,13,0,13,0.065,0.0,0.065,166,-0.3506038784980774,2.4077162742614746,0.41037699580192566,0.4363836646080017,1.043081283569336e-07,2.60770320892334e-07,0.24088984538167338,2.6058847894191002e-05,1.9173131779467466e-08,2.607802102597047e-05,1.6063528480714244e-06,3.406267623952611e-06,4.1925013350323935e-11,31.970701614898665,0.23589658737182617,0.2702978253364563,False,False,False,-0.24088985870154214,False
pirl,3,14,0,0.24088986696797932,200,-57.91129961550868,2.6840898287067456,536.8179657413491,31.97070161490269,0.5990325378642821,13,0,13,0.065,0.0,0.065,167,-0.35060375928878784,2.4077165126800537,0.41037699580192566,0.4363836646080017,-8.195638656616211e-08,-3.0547380447387695e-07,0.24088984538167338,2.490081158103522e-05,3.5875415054747193e-06,2.848835308650994e-05,-5.212357145900628e-07,8.206568208093613e-07,1.5923332724717917e-11,31.970701614898733,0.23589658737182617,0.2702978253364563,False,False,False,-0.24088985994212683,False
pirl,3,14,0,0.24088986696797932,200,-57.91129961550868,2.6840898287067456,536.8179657413491,31.97070161490269,0.5990325378642821,13,0,13,0.065,0.0,0.065,168,-0.350603848695755,2.4077160358428955,0.41037699580192566,0.4363836646080017,5.960464477539063e-08,4.842877388000488e-07,0.24088984538167338,2.126058299319367e-05,6.40718190505501e-06,2.766776489824868e-05,9.613993321444525e-07,7.754034186063804e-06,7.012141781878405e-11,31.970701614899024,0.23589658737182617,0.2702978253364563,False,False,False,-0.24088985970349774,False
pirl,3,14,0,0.24088986696797932,200,-57.91129961550868,2.6840898287067456,536.8179657413491,31.97070161490269,0.5990325378642821,13,0,13,0.065,0.0,0.065,169,-0.35060378909111023,2.4077165126800537,0.41037699580192566,0.4363836646080017,-3.725290298461914e-08,-3.0547380447387695e-07,0.24088984538167338,1.4152647253092214e-05,4.233508926572505e-06,1.8386156179664717e-05,-2.8810272834078887e-08,3.1819259978187795e-06,1.3878453744144992e-11,31.97070161489908,0.23589658737182617,0.2702978253364563,False,False,False,-0.2408898548824884,False
pirl,3,14,0,0.24088986696797932,200,-57.91129961550868,2.6840898287067456,536.8179657413491,31.97070161490269,0.5990325378642821,13,0,13,0.065,0.0,0.065,170,-0.3506038188934326,2.4077162742614746,0.41037699580192566,0.4363836646080017,9.685754776000977e-08,1.7136335372924805e-07,0.24088984538167338,2.5004085570627888e-05,1.6856811739511924e-06,2.668976674457908e-05,2.29865190082279e-06,3.0681407426635708e-06,6.26475959142001e-11,31.97070161489934,0.23589658737182617,0.2702978253364563,False,False,False,-0.24088985892339876,False
pirl,3,14,0,0.24088986696797932,200,-57.91129961550868,2.6840898287067456,536.8179657413491,31.97070161490269,0.5990325378642821,13,0,13,0.065,0.0,0.065,171,-0.35060372948646545,2.4077165126800537,0.41037699580192566,0.4363836646080017,-8.940696716308594e-08,-3.3527612686157227e-07,0.24088984538167338,2.7941441549734302e-05,4.144217931693339e-06,3.208565948142764e-05,-7.698050064064475e-08,-6.996229285547382e-10,2.1538455490057996e-12,31.97070161489935,0.23589658737182617,0.2702978253364563,False,False,False,-0.24088986177149546,False
pirl,3,14,0,0.24088986696797932,200,-57.91129961550868,2.6840898287067456,536.8179657413491,31.97070161490269,0.5990325378642821,13,0,13,0.065,0.0,0.065,172,-0.3506038188934326,2.4077160358428955,0.41037699580192566,0.4363836646080017,5.960464477539063e-08,4.0978193283081055e-07,0.24088984538167338,1.9394338010143947e-05,4.98528694275923e-06,2.4379624952903177e-05,1.361229024166022e-06,5.109456287261278e-06,5.1872241517376934e-11,31.970701614899568,0.23589658737182617,0.2702978253364563,False,False,False,-0.24088985798557996,False
pirl,3,14,0,0.24088986696797932,200,-57.91129961550868,2.6840898287067456,536.8179657413491,31.97070161490269,0.5990325378642821,13,0,13,0.065,0.0,0.065,173,-0.35060375928878784,2.4077165126800537,0.41037699580192566,0.4363836646080017,-8.195638656616211e-08,-3.0547380447387695e-07,0.24088984538167338,2.5246596367323663e-05,4.1785024271296455e-06,2.9425098794453308e-05,-7.418471557052444e-07,1.7228418062940971e-06,2.5928014375497723e-11,31.970701614899674,0.23589658737182617,0.2702978253364563,False,False,False,-0.2408898604104997,False
pirl,3,14,0,0.24088986696797932,200,-57.91129961550868,2.6840898287067456,536.8179657413491,31.97070161490269,0.5990325378642821,13,0,13,0.065,0.0,0.065,174,-0.3506038188934326,2.4077162742614746,0.41037699580192566,0.4363836646080017,9.685754776000977e-08,1.7136335372924805e-07,0.24088984538167338,2.5036872787060373e-05,1.0052793497240218e-06,2.6042152136784394e-05,1.6569187062387414e-06,6.443827824587407e-07,4.21318475711235e-11,31.97070161489985,0.23589658737182617,0.2702978253364563,False,False,False,-0.24088985859959147,False
pirl,3,14,0,0.24088986696797932,200,-57.91129961550868,2.6840898287067456,536.8179657413491,31.97070161490269,0.5990325378642821,13,0,13,0.065,0.0,0.065,175,-0.35060372948646545,2.4077165126800537,0.41037699580192566,0.4363836646080017,-8.940696716308594e-08,-3.3527612686157227e-07,0.24088984538167338,2.712605122014148e-05,3.970697728806165e-06,3.109674894894765e-05,-6.545403765656492e-07,-2.2601949975534394e-06,2.672964692381499e-11,31.97070161489996,0.23589658737182617,0.2702978253364563,False,False,False,-0.2408898612770402,False
pirl,3,14,0,0.24088986696797932,200,-57.91129961550868,2.6840898287067456,536.8179657413491,31.97070161490269,0.5990325378642821,13,0,13,0.065,0.0,0.065,176,-0.3506038188934326,2.4077160358428955,0.41037699580192566,0.4363836646080017,5.960464477539063e-08,4.0978193283081055e-07,0.24088984538167338,2.0189206698638927e-05,5.2024725034947355e-06,2.5391679202133664e-05,8.414251362331979e-07,3.077958761118303e-06,3.300070181845114e-11,31.970701614900097,0.23589658737182617,0.2702978253364563,False,False,False,-0.2408898584916071,False
pirl,3,14,0,0.24088986696797932,200,-57.91129961550868,2.6840898287067456,536.8179657413491,31.97070161490269,0.5990325378642821,13,0,13,0.065,0.0,0.065,177,-0.35060375928878784,2.4077165126800537,0.41037699580192566,0.4363836646080017,-8.195638656616211e-08,-3.0547380447387695e-07,0.24088984538167338,2.452705012698568e-05,3.978871002407274e-06,2.8505921129392955e-05,-1.2096706543118783e-06,-9.798788007443877e-08,3.005953391006655e-11,31.97070161490022,0.23589658737182617,0.2702978253364563,False,False,False,-0.24088985995091086,False
pirl,3,14,0,0.24088986696797932,200,-57.91129961550868,2.6840898287067456,536.8179657413491,31.97070161490269,0.5990325378642821,13,0,13,0.065,0.0,0.065,178,-0.350603848695755,2.4077162742614746,0.41037699580192566,0.4363836646080017,1.043081283569336e-07,2.0116567611694336e-07,0.24088984538167338,2.7981806223474475e-05,1.6907826887065058e-06,2.967258891218098e-05,1.4146914919521696e-06,-5.012286216627691e-07,4.043309187039524e-11,31.97070161490039,0.23589658737182617,0.2702978253364563,False,False,False,-0.2408898604445684,False
pirl,3,14,0,0.24088986696797932,200,-57.91129961550868,2.6840898287067456,536.8179657413491,31.97070161490269,0.5990325378642821,13,0,13,0.065,0.0,0.065,179,-0.35060375928878784,2.4077162742614746,0.41037699580192566,0.4363836646080017,1.4901161193847656e-08,-7.450580596923828e-09,0.2408898237953692,4.053010146696115e-06,1.8849899952728043e-06,5.938000141968919e-06,1.6308502108763887e-06,1.7584621115985872e-06,9.924535939853128e-12,31.97070161490043,0.23589661717414856,0.2702978253364563,False,False,False,-0.24088982678102927,False
pirl,3,14,0,0.24088986696797932,200,-57.91129961550868,2.6840898287067456,536.8179657413491,31.97070161490269,0.5990325378642821,13,0,13,0.065,0.0,0.065,180,-0.35060372948646545,2.4077162742614746,0.41037699580192566,0.4363836646080017,-5.21540641784668e-08,-3.725290298461914e-08,0.2408899080634709,1.4642318824130084e-05,4.705732259871041e-07,1.5112892050117188e-05,2.1606764910586662e-07,2.5545650434974824e-06,4.3658413193008616e-12,31.97070161490045,0.23589655756950378,0.2702977657318115,False,False,False,-0.24088991568400925,False
pirl,3,14,0,0.24088986696797932,200,-57.91129961550868,2.6840898287067456,536.8179657413491,31.97070161490269,0.5990325378642821,13,0,13,0.065,0.0,0.065,181,-0.35060378909111023,2.4077162742614746,0.41037699580192566,0.4363836646080017,6.705522537231445e-08,8.195638656616211e-08,0.24088988751572413,1.608464551531291e-05,1.7719836127220765e-07,1.6261843876585115e-05,1.803786293663734e-06,1.199141003128591e-06,2.922574893964997e-11,31.97070161490057,0.23589655756950378,0.2702977955341339,False,False,False,-0.24088989575253872,False
pirl,3,14,0,0.24088986696797932,200,-57.91129961550868,2.6840898287067456,536.8179657413491,31.97070161490269,0.5990325378642821,13,0,13,0.065,0.0,0.065,182,-0.35060369968414307,2.4077165126800537,0.41037699580192566,0.4363836646080017,-1.4156103134155273e-07,-3.948807716369629e-07,0.2408898237953692,4.1497042731321024e-05,5.6542429440217755e-06,4.71512856753428e-05,-1.774057087899905e-06,-2.650566197709243e-06,8.86050680054454e-11,31.97070161490094,0.23589661717414856,0.2702978253364563,False,False,False,-0.2408898477905002,False
pirl,3,14,0,0.24088986696797932,200,-57.91129961550868,2.6840898287067456,536.8179657413491,31.97070161490269,0.5990325378642821,13,0,13,0.065,0.0,0.065,183,-0.350603848695755,2.4077160358428955,0.41037699580192566,0.4363836646080017,5.960464477539063e-08,4.842877388000488e-07,0.2408899080634709,2.1586822792058196e-05,5.480332994482456e-06,2.7067155786540654e-05,-1.661399045005394e-07,2.940867221088313e-06,1.970336434126483e-11,31.97070161490102,0.23589655756950378,0.2702977657318115,False,False,False,-0.24088992208499072,False
pirl,3,14,0,0.24088986696797932,200,-57.91129961550868,2.6840898287067456,536.8179657413491,31.97070161490269,0.5990325378642821,13,0,13,0.065,0.0,0.065,184,-0.35060378909111023,2.4077165126800537,0.41037699580192566,0.4363836646080017,-3.725290298461914e-08,-3.0547380447387695e-07,0.24088984538167338,1.2661844822941225e-05,3.8704863417578174e-06,1.653233116469904e-05,-1.0435955859477986e-06,-1.2661616282532853e-06,1.8114506655789626e-11,31.970701614901095,0.23589658737182617,0.2702978253364563,False,False,False,-0.2408898539555759,False
pirl,3,14,0,0.24088986696797932,200,-57.91129961550868,2.6840898287067456,536.8179657413491,31.97070161490269,0.5990325378642821,13,0,13,0.065,0.0,0.065,185,-0.3506038188934326,2.4077162742614746,0.41037699580192566,0.4363836646080017,9.685754776000977e-08,1.7136335372924805e-07,0.2408899080634709,2.643856481811018e-05,2.1051585635141985e-06,2.8543723381624378e-05,1.3853451186207626e-06,-9.295163968239557e-07,3.858331611680838e-11,31.970701614901255,0.23589655756950378,0.2702977657318115,False,False,False,-0.24088992253217462,False
pirl,3,14,0,0.24088986696797932,200,-57.91129961550868,2.6840898287067456,536.8179657413491,31.97070161490269,0.5990325378642821,13,0,13,0.065,0.0,0.065,186,-0.35060372948646545,2.4077162742614746,0.41037699580192566,0.4363836646080017,-5.21540641784668e-08,-3.725290298461914e-08,0.2408899080634709,1.2626002811291878e-05,1.300185301785773e-06,1.3926188113077651e-05,-4.88693352451719e-09,2.16847952414267e-06,2.8811276409328574e-12,31.970701614901266,0.23589655756950378,0.2702977657318115,False,False,False,-0.24088991509065727,False
pirl,3,14,0,0.24088986696797932,200,-57.91129961550868,2.6840898287067456,536.8179657413491,31.97070161490269,0.5990325378642821,13,0,13,0.065,0.0,0.065,187,-0.35060378909111023,2.4077162742614746,0.41037699580192566,0.4363836646080017,6.705522537231445e-08,8.195638656616211e-08,0.24088988751572413,1.647531306740949e-05,3.468641882522475e-07,1.682217725566174e-05,1.6049271684970279e-06,1.0139233248540077e-06,2.6793371242405104e-11,31.970701614901376,0.23589655756950378,0.2702977955341339,False,False,False,-0.24088989603270541,False
pirl,3,14,0,0.24088986696797932,200,-57.91129961550868,2.6840898287067456,536.8179657413491,31.97070161490269,0.5990325378642821,13,0,13,0.065,0.0,0.065,188,-0.35060372948646545,2.4077165126800537,0.41037699580192566,0.4363836646080017,-8.940696716308594e-08,-3.3527612686157227e-07,0.24088988751572413,2.7704777395597173e-05,4.60142654324026e-06,3.2306203938837435e-05,-7.013327598670573e-07,-2.7243913639244024e-06,3.196635472849291e-11,31.970701614901508,0.23589655756950378,0.2702977955341339,False,False,False,-0.24088990401581845,False
pirl,3,14,0,0.24088986696797932,200,-57.91129961550868,2.6840898287067456,536.8179657413491,31.97070161490269,0.5990325378642821,13,0,13,0.065,0.0,0.065,189,-0.3506038188934326,2.4077160358428955,0.41037699580192566,0.4363836646080017,5.960464477539063e-08,4.0978193283081055e-07,0.24088988751572413,2.0227927852090815e-05,5.194391288456791e-06,2.5422319140547605e-05,7.993119912619305e-07,2.5985533571099733e-06,2.966632821131957e-11,31.970701614901632,0.23589655756950378,0.2702977955341339,False,False,False,-0.24088990064097782,False
pirl,3,14,0,0.24088986696797932,200,-57.91129961550868,2.6840898287067456,536.8179657413491,31.97070161490269,0.5990325378642821,13,0,13,0.065,0.0,0.065,190,-0.35060375928878784,2.4077165126800537,0.41037699580192566,0.4363836646080017,-8.195638656616211e-08,-3.0547380447387695e-07,0.2408899080634709,2.4448330158793866e-05,3.942273160506165e-06,2.839060331930003e-05,-1.247572485318926e-06,-5.334451049359595e-07,3.260405033789655e-11,31.970701614901767,0.23589655756950378,0.2702977657318115,False,False,False,-0.2408899225750495,False
pirl,3,14,0,0.24088986696797932,200,-57.91129961550868,2.6840898287067456,536.8179657413491,31.97070161490269,0.5990325378642821,13,0,13,0.065,0.0,0.065,191,-0.3506038188934326,2.4077162742614746,0.41037699580192566,0.4363836646080017,9.685754776000977e-08,1.7136335372924805e-07,0.24088988751572413,2.575845563449496e-05,1.2210289506981083e-06,2.697948458519307e-05,1.2017659094532011e-06,-1.3786215174625467e-06,3.26389706465759e-11,31.970701614901902,0.23589655756950378,0.2702977955341339,False,False,False,-0.24088990120230844,False
pirl,3,14,0,0.24088986696797932,200,-57.91129961550868,2.6840898287067456,536.8179657413491,31.97070161490269,0.5990325378642821,13,0,13,0.065,0.0,0.065,192,-0.35060372948646545,2.4077162742614746,0.41037699580192566,0.4363836646080017,-5.21540641784668e-08,-3.725290298461914e-08,0.24088988751572413,1.2458691405277293e-05,1.2838783282429753e-06,1.3742569733520268e-05,-1.7010822217500298e-07,1.6797021381316538e-06,4.275859018629329e-12,31.97070161490192,0.23589655756950378,0.2702977955341339,False,False,False,-0.24088989445110132,False
pirl,3,14,0,0.24088986696797932,200,-57.91129961550868,2.6840898287067456,536.8179657413491,31.97070161490269,0.5990325378642821,13,0,13,0.065,0.0,0.065,193,-0.35060378909111023,2.4077162742614746,0.41037699580192566,0.4363836646080017,6.705522537231445e-08,8.195638656616211e-08,0.24088988751572413,1.668691062455548e-05,3.932051980916043e-07,1.7080115822647083e-05,1.4562280088448178e-06,5.696033818818338e-07,2.4523917643174355e-11,31.970701614902023,0.23589655756950378,0.2702977955341339,False,False,False,-0.2408898961616747,False
pirl,3,14,0,0.24088986696797932,200,-57.91129961550868,2.6840898287067456,536.8179657413491,31.97070161490269,0.5990325378642821,13,0,13,0.065,0.0,0.065,194,-0.35060372948646545,2.4077165126800537,0.41037699580192566,0.4363836646080017,-8.940696716308594e-08,-3.3527612686157227e-07,0.24088988751572413,2.750971825473728e-05,4.555098293227047e-06,3.2064816547964325e-05,-8.351620035540468e-07,-3.1226285745152273e-06,3.7198951504990035e-11,31.97070161490218,0.23589655756950378,0.2702977955341339,False,False,False,-0.24088990389512474,False
pirl,3,14,0,0.24088986696797932,200,-57.91129961550868,2.6840898287067456,536.8179657413491,31.97070161490269,0.5990325378642821,13,0,13,0.065,0.0,0.065,195,-0.3506038188934326,2.4077160358428955,0.41037699580192566,0.4363836646080017,5.960464477539063e-08,4.0978193283081055e-07,0.24088988751572413,2.0403690832498714e-05,5.236296469584548e-06,2.563998730208326e-05,6.788656716771868e-07,2.242065853198692e-06,2.5591486793378278e-11,31.970701614902286,0.23589655756950378,0.2702977955341339,False,False,False,-0.2408899007498119,False
pirl,3,14,0,0.24088986696797932,200,-57.91129961550868,2.6840898287067456,536.8179657413491,31.97070161490269,0.5990325378642821,13,0,13,0.065,0.0,0.065,196,-0.35060375928878784,2.4077165126800537,0.41037699580192566,0.4363836646080017,-8.195638656616211e-08,-3.0547380447387695e-07,0.24088988751572413,2.4290264700524218e-05,3.904679724264206e-06,2.8194944424788423e-05,-1.3559741729451962e-06,-8.525174298835997e-07,3.626577911096154e-11,31.97070161490244,0.23589655756950378,0.2702977955341339,False,False,False,-0.24088990192947327,False
pirl,3,14,0,0.24088986696797932,200,-57.91129961550868,2.6840898287067456,536.8179657413491,31.97070161490269,0.5990325378642821,13,0,13,0.065,0.0,0.065,197,-0.3506038188934326,2.4077162742614746,0.41037699580192566,0.4363836646080017,9.685754776000977e-08,1.7136335372924805e-07,0.24088988751572413,2.5900581211766655e-05,1.2547297082570855e-06,2.715531092002374e-05,1.1042043905895584e-06,-1.6641956162783101e-06,3.0687651172949766e-11,31.970701614902566,0.23589655756950378,0.2702977955341339,False,False,False,-0.24088990129022161,False
pirl,3,14,0,0.24088986696797932,200,-57.91129961550868,2.6840898287067456,536.8179657413491,31.97070161490269,0.5990325378642821,13,0,13,0.065,0.0,0.065,198,-0.35060372948646545,2.4077162742614746,0.41037699580192566,0.4363836646080017,-5.21540641784668e-08,-3.725290298461914e-08,0.24088988751572413,1.2330900182635793e-05,1.3140872131163261e-06,1.364498739575212e-05,-2.57913589152281e-07,1.4241161928420796e-06,5.051719602587796e-12,31.970701614902588,0.23589655756950378,0.2702977955341339,False,False,False,-0.24088989440231015,False
pirl,3,14,0,0.24088986696797932,200,-57.91129961550868,2.6840898287067456,536.8179657413491,31.97070161490269,0.5990325378642821,13,0,13,0.065,0.0,0.065,199,-0.35060378909111023,2.4077162742614746,0.41037699580192566,0.4363836646080017,6.705522537231445e-08,8.195638656616211e-08,0.24088988751572413,1.680181305633869e-05,4.202835297361459e-07,1.7222096586074837e-05,1.377203178165587e-06,3.408624882635652e-07,2.3282769229855755e-11,31.970701614902683,0.23589655756950378,0.2702977955341339,False,False,False,-0.24088989623266507,False
pirl,3,14,0,0.24088986696797932,200,-57.91129961550868,2.6840898287067456,536.8179657413491,31.97070161490269,0.5990325378642821,13,0,13,0.065,0.0,0.065,200,-0.35060372948646545,2.4077162742614746,0.41037699580192566,0.4363836646080017,-5.21540641784668e-08,-3.725290298461914e-08,0.24088986696797932,1.3388150767752298e-05,5.298936674438881e-07,1.3918044435196185e-05,-1.2214679934175122e-08,2.4260282631353545e-06,1.4490689902138944e-12,31.97070161490269,0.23589655756950378,0.2702978253364563,False,False,False,-0.24088987399109385,True
