mode,seed,episode_idx,success,final_distance,length,return,tau_effort,tau_sum_total,energy,target_radius,torque_sat1_count,torque_sat2_count,torque_sat_any_count,torque_sat1_rate,torque_sat2_rate,torque_sat_any_rate,step,theta1,theta2,target_x,target_y,action0,action1,distance,tau1,tau2,tau_sum,omega1,omega2,power,cumulative_energy,tip_x,tip_y,sat1,sat2,sat_any,reward,done
pure,4,5,1,0.049175553646413336,197,-44.5006222465698,0.3095928041761853,60.9897824227085,0.4397190184039113,0.9264986997831907,1,0,1,0.005076142131979695,0.0,0.005076142131979695,0,0.0,0.0,0.7903946042060852,0.4834006726741791,0.0,0.0,0.5268876846992844,0.0,0.0,0.0,0.0,0.0,0.0,0.0,1.0,0.0,False,False,False,0.0,False
pure,4,5,1,0.049175553646413336,197,-44.5006222465698,0.3095928041761853,60.9897824227085,0.4397190184039113,0.9264986997831907,1,0,1,0.005076142131979695,0.0,0.005076142131979695,1,0.0,0.0,0.7903946042060852,0.4834006726741791,0.10000000149011612,0.10000000149011612,0.5158441980956198,20.0,3.1105159320256677,23.110515932025667,1.6857737576570138,2.400000035762787,41.18071350124259,0.17158630625517746,0.9999152421951294,0.012023617513477802,True,False,True,-0.5159856194583774,False
pure,4,5,1,0.049175553646413336,197,-44.5006222465698,0.3095928041761853,60.9897824227085,0.4397190184039113,0.9264986997831907,1,0,1,0.005076142131979695,0.0,0.005076142131979695,2,0.00702405720949173,0.009999999776482582,0.7903946042060852,0.4834006726741791,0.10000000149011612,0.10000000149011612,0.5020407580470984,7.70733011086543,0.5461881733495724,8.253518284215003,2.400000035762787,2.399748214650084,19.808306635571267,0.2541209172367244,0.9995849132537842,0.027018895372748375,False,False,False,-0.502182179409856,False
pure,4,5,1,0.049175553646413336,197,-44.5006222465698,0.3095928041761853,60.9897824227085,0.4397190184039113,0.9264986997831907,1,0,1,0.005076142131979695,0.0,0.005076142131979695,3,0.017024056985974312,0.019998950883746147,0.7903946042060852,0.4834006726741791,0.10000000149011612,0.10000000149011612,0.48820817384224896,0.012964453801222048,0.003658842271611695,0.01662329607283374,2.4000000357627864,2.39991467952911,0.039895598864300455,0.254287148898659,0.9990047216415405,0.04200625792145729,False,False,False,-0.48834959520500665,False
pure,4,5,1,0.049175553646413336,197,-44.5006222465698,0.3095928041761853,60.9897824227085,0.4397190184039113,0.9264986997831907,1,0,1,0.005076142131979695,0.0,0.005076142131979695,4,0.027024056762456894,0.029998594895005226,0.7903946042060852,0.4834006726741791,0.10000000149011612,0.10000000149011612,0.4743485188637483,0.012838578235293366,0.003532966705674115,0.01637154494096748,2.400000035762787,2.3999155082770383,0.03929140981102116,0.2544508631062049,0.9981749653816223,0.05698089301586151,False,False,False,-0.474489940226506,False
pure,4,5,1,0.049175553646413336,197,-44.5006222465698,0.3095928041761853,60.9897824227085,0.4397190184039113,0.9264986997831907,1,0,1,0.005076142131979695,0.0,0.005076142131979695,5,0.037024058401584625,0.03999824449419975,0.7903946042060852,0.4834006726741791,0.10000000149011612,0.10000000149011612,0.4604635859047188,0.012837951561884416,0.0035323400322740633,0.016370291594158478,2.4000000357627864,2.399915512402972,0.03928840184618006,0.254614564780564,0.9970958232879639,0.07193826884031296,False,False,False,-0.4606050072674765,False
pure,4,5,1,0.049175553646413336,197,-44.5006222465698,0.3095928041761853,60.9897824227085,0.4397190184039113,0.9264986997831907,1,0,1,0.005076142131979695,0.0,0.005076142131979695,6,0.04702405631542206,0.04999789223074913,0.7903946042060852,0.4834006726741791,0.10000000149011612,0.10000000149011612,0.44655523557656995,0.012837948441991012,0.0035323369123717585,0.01637028535436277,2.400000035762787,2.3999155124235125,0.0392883868710064,0.25477826639252654,0.9957677125930786,0.08687393367290497,False,False,False,-0.44669665693932764,False
pure,4,5,1,0.049175553646413336,197,-44.5006222465698,0.3095928041761853,60.9897824227085,0.4397190184039113,0.9264986997831907,1,0,1,0.005076142131979695,0.0,0.005076142131979695,7,0.05702405795454979,0.05999753996729851,0.7903946042060852,0.4834006726741791,0.10000000149011612,0.10000000149011612,0.43262542633831297,0.012837948426449189,0.003532336896838834,0.016370285323288023,2.4000000357627864,2.3999155124236147,0.03928838679642867,0.25494196800417834,0.99419105052948,0.1017833799123764,False,False,False,-0.43276684770107066,False
pure,4,5,1,0.049175553646413336,197,-44.5006222465698,0.3095928041761853,60.9897824227085,0.4397190184039113,0.9264986997831907,1,0,1,0.005076142131979695,0.0,0.005076142131979695,8,0.06702405959367752,0.06999718397855759,0.7903946042060852,0.4834006726741791,0.10000000149011612,0.10000000149011612,0.418676123423655,0.012837948426382013,0.0035323368967627635,0.016370285323144777,2.400000035762787,2.3999155124236156,0.039288386796084894,0.2551056696158287,0.9923663139343262,0.11666218936443329,False,False,False,-0.4188175447864127,False
pure,4,5,1,0.049175553646413336,197,-44.5006222465698,0.3095928041761853,60.9897824227085,0.4397190184039113,0.9264986997831907,1,0,1,0.005076142131979695,0.0,0.005076142131979695,9,0.07702405750751495,0.07999683171510696,0.7903946042060852,0.4834006726741791,0.10000000149011612,0.10000000149011612,0.40470958324526896,0.012837948426371815,0.0035323368967614625,0.016370285323133275,2.4000000357627864,2.399915512423616,0.0392883867960573,0.25526937122747895,0.9902942776679993,0.13150586187839508,False,False,False,-0.40485100460802664,False
pure,4,5,1,0.049175553646413336,197,-44.5006222465698,0.3095928041761853,60.9897824227085,0.4397190184039113,0.9264986997831907,1,0,1,0.005076142131979695,0.0,0.005076142131979695,10,0.08702405542135239,0.08999648690223694,0.7903946042060852,0.4834006726741791,0.10000000149011612,0.10000000149011612,0.3907279937799955,0.01283794842638067,0.0035323368967614182,0.016370285323142088,2.400000035762787,2.399915512423615,0.03928838679607844,0.25543307283912925,0.987975537776947,0.1463099867105484,False,False,False,-0.3908694151427532,False
pure,4,5,1,0.049175553646413336,197,-44.5006222465698,0.3095928041761853,60.9897824227085,0.4397190184039113,0.9264986997831907,1,0,1,0.005076142131979695,0.0,0.005076142131979695,11,0.09702406078577042,0.09999613463878632,0.7903946042060852,0.4834006726741791,0.10000000149011612,0.10000000149011612,0.3767338292848809,0.01283794842637249,0.003532336896762135,0.016370285323134625,2.4000000357627864,2.3999155124236164,0.03928838679606053,0.2555967744507795,0.9854109287261963,0.1610700935125351,False,False,False,-0.3768752506476386,False
pure,4,5,1,0.049175553646413336,197,-44.5006222465698,0.3095928041761853,60.9897824227085,0.4397190184039113,0.9264986997831907,1,0,1,0.005076142131979695,0.0,0.005076142131979695,12,0.10702405869960785,0.1099957823753357,0.7903946042060852,0.4834006726741791,0.10000000149011612,0.10000000149011612,0.3627296081281824,0.01283794842638067,0.0035323368967614182,0.016370285323142088,2.400000035762787,2.3999155124236156,0.03928838679607845,0.2557604760624298,0.9826012849807739,0.17578183114528656,False,False,False,-0.3628710294909401,False
pure,4,5,1,0.049175553646413336,197,-44.5006222465698,0.3095928041761853,60.9897824227085,0.4397190184039113,0.9264986997831907,1,0,1,0.005076142131979695,0.0,0.005076142131979695,13,0.11702405661344528,0.11999543011188507,0.7903946042060852,0.4834006726741791,0.10000000149011612,0.10000000149011612,0.34871821233856753,0.012837948426371818,0.0035323368967614625,0.016370285323133282,2.4000000357627864,2.399915512423616,0.0392883867960573,0.25592417767408004,0.9795476198196411,0.19044074416160583,False,False,False,-0.3488596337013252,False
pure,4,5,1,0.049175553646413336,197,-44.5006222465698,0.3095928041761853,60.9897824227085,0.4397190184039113,0.9264986997831907,1,0,1,0.005076142131979695,0.0,0.005076142131979695,14,0.12702405452728271,0.12999507784843445,0.7903946042060852,0.4834006726741791,0.10000000149011612,0.10000000149011612,0.3347026936303159,0.01283794842638067,0.0035323368967614182,0.016370285323142088,2.400000035762787,2.399915512423615,0.03928838679607844,0.25608787928573035,0.9762510061264038,0.20504248142242432,False,False,False,-0.3348441149930736,False
pure,4,5,1,0.049175553646413336,197,-44.5006222465698,0.3095928041761853,60.9897824227085,0.4397190184039113,0.9264986997831907,1,0,1,0.005076142131979695,0.0,0.005076142131979695,15,0.13702405989170074,0.13999472558498383,0.7903946042060852,0.4834006726741791,0.10000000149011612,0.10000000149011612,0.3206863032071098,0.012837948426372491,0.0035323368967621355,0.01637028532313463,2.4000000357627864,2.3999155124236164,0.03928838679606053,0.2562515808973806,0.9727123975753784,0.2195827066898346,False,False,False,-0.32082772456986747,False
pure,4,5,1,0.049175553646413336,197,-44.5006222465698,0.3095928041761853,60.9897824227085,0.4397190184039113,0.9264986997831907,1,0,1,0.005076142131979695,0.0,0.005076142131979695,16,0.14702406525611877,0.1499943733215332,0.7903946042060852,0.4834006726741791,0.10000000149011612,0.10000000149011612,0.30667282600843176,0.01283794842638067,0.0035323368967614182,0.016370285323142088,2.400000035762787,2.3999155124236156,0.03928838679607845,0.2564152825090309,0.96893310546875,0.23405709862709045,False,False,False,-0.30681424737118945,False
pure,4,5,1,0.049175553646413336,197,-44.5006222465698,0.3095928041761853,60.9897824227085,0.4397190184039113,0.9264986997831907,1,0,1,0.005076142131979695,0.0,0.005076142131979695,17,0.1570240557193756,0.15999402105808258,0.7903946042060852,0.4834006726741791,0.10000000149011612,0.10000000149011612,0.2926664996947514,0.012837948426371815,0.0035323368967614625,0.016370285323133275,2.4000000357627864,2.399915512423616,0.0392883867960573,0.25657898412068114,0.9649144411087036,0.24846132099628448,False,False,False,-0.2928079210575091,False
pure,4,5,1,0.049175553646413336,197,-44.5006222465698,0.3095928041761853,60.9897824227085,0.4397190184039113,0.9264986997831907,1,0,1,0.005076142131979695,0.0,0.005076142131979695,18,0.16702406108379364,0.16999366879463196,0.7903946042060852,0.4834006726741791,0.10000000149011612,0.10000000149011612,0.27867206411267914,0.012837948426382011,0.0035323368967627635,0.016370285323144773,2.400000035762787,2.399915512423617,0.0392883867960849,0.2567426857323315,0.9606577157974243,0.26279109716415405,False,False,False,-0.27881348547543683,False
pure,4,5,1,0.049175553646413336,197,-44.5006222465698,0.3095928041761853,60.9897824227085,0.4397190184039113,0.9264986997831907,1,0,1,0.005076142131979695,0.0,0.005076142131979695,19,0.17702406644821167,0.17999331653118134,0.7903946042060852,0.4834006726741791,0.10000000149011612,0.10000000149011612,0.26469508102857503,0.012837948426370469,0.0035323368967601168,0.016370285323130587,2.4000000357627864,2.3999155124236156,0.03928838679605083,0.2569063873439817,0.9561644792556763,0.2770421802997589,False,False,False,-0.2648365023913327,False
pure,4,5,1,0.049175553646413336,197,-44.5006222465698,0.3095928041761853,60.9897824227085,0.4397190184039113,0.9264986997831907,1,0,1,0.005076142131979695,0.0,0.005076142131979695,20,0.1870240569114685,0.1899929642677307,0.7903946042060852,0.4834006726741791,0.10000000149011612,0.10000000149011612,0.2507418404808936,0.012837948426391545,0.0035323368967633915,0.01637028532315494,2.4000000357627878,2.3999155124236164,0.0392883867961093,0.25707008895563216,0.9514360427856445,0.2912103533744812,False,False,False,-0.2508832618436513,False
pure,4,5,1,0.049175553646413336,197,-44.5006222465698,0.3095928041761853,60.9897824227085,0.4397190184039113,0.9264986997831907,1,0,1,0.005076142131979695,0.0,0.005076142131979695,21,0.19702406227588654,0.1999926120042801,0.7903946042060852,0.4834006726741791,0.10000000149011612,0.10000000149011612,0.23682013046210632,0.012837948426370467,0.0035323368967601168,0.016370285323130583,2.4000000357627873,2.399915512423615,0.03928838679605084,0.25723379056728235,0.9464741945266724,0.3052913546562195,False,False,False,-0.236961551824864,False
pure,4,5,1,0.049175553646413336,197,-44.5006222465698,0.3095928041761853,60.9897824227085,0.4397190184039113,0.9264986997831907,1,0,1,0.005076142131979695,0.0,0.005076142131979695,22,0.20702406764030457,0.20999225974082947,0.7903946042060852,0.4834006726741791,0.10000000149011612,0.10000000149011612,0.22293906053180396,0.01283794842636296,0.0035323368967615063,0.016370285323124466,2.400000035762786,2.3999155124236164,0.03928838679603615,0.2573974921789325,0.9412806034088135,0.31928110122680664,False,False,False,-0.22308048189456164,False
pure,4,5,1,0.049175553646413336,197,-44.5006222465698,0.3095928041761853,60.9897824227085,0.4397190184039113,0.9264986997831907,1,0,1,0.005076142131979695,0.0,0.005076142131979695,23,0.2170240581035614,0.21999190747737885,0.7903946042060852,0.4834006726741791,0.10000000149011612,0.10000000149011612,0.20910987599487058,0.012837948426389523,0.003532336896761373,0.016370285323150897,2.4000000357627873,2.3999155124236147,0.039288386796099584,0.2575611937905829,0.9358569979667664,0.3331754207611084,False,False,False,-0.20925129735762826,False
pure,4,5,1,0.049175553646413336,197,-44.5006222465698,0.3095928041761853,60.9897824227085,0.4397190184039113,0.9264986997831907,1,0,1,0.005076142131979695,0.0,0.005076142131979695,24,0.22702406346797943,0.22999155521392822,0.7903946042060852,0.4834006726741791,0.10000000149011612,0.10000000149011612,0.19534650335549983,0.012837948426382686,0.0035323368967634366,0.016370285323146123,2.4000000357627878,2.3999155124236164,0.03928838679608814,0.25772489540223326,0.9302051663398743,0.34697026014328003,False,False,False,-0.19548792471825752,False
pure,4,5,1,0.049175553646413336,197,-44.5006222465698,0.3095928041761853,60.9897824227085,0.4397190184039113,0.9264986997831907,1,0,1,0.005076142131979695,0.0,0.005076142131979695,25,0.23702405393123627,0.2399912029504776,0.7903946042060852,0.4834006726741791,0.10000000149011612,0.10000000149011612,0.1816667088589195,0.012837948426370469,0.0035323368967601168,0.016370285323130587,2.4000000357627873,2.399915512423615,0.039288386796050845,0.25788859701388345,0.9243270754814148,0.3606615960597992,False,False,False,-0.1818081302216772,False
pure,4,5,1,0.049175553646413336,197,-44.5006222465698,0.3095928041761853,60.9897824227085,0.4397190184039113,0.9264986997831907,1,0,1,0.005076142131979695,0.0,0.005076142131979695,26,0.2470240592956543,0.24999085068702698,0.7903946042060852,0.4834006726741791,0.10000000149011612,0.10000000149011612,0.16809351080077412,0.012837948426362959,0.0035323368967615067,0.016370285323124466,2.400000035762786,2.3999155124236164,0.03928838679603614,0.2580522986255336,0.9182246923446655,0.3742453157901764,False,False,False,-0.1682349321635318,False
pure,4,5,1,0.049175553646413336,197,-44.5006222465698,0.3095928041761853,60.9897824227085,0.4397190184039113,0.9264986997831907,1,0,1,0.005076142131979695,0.0,0.005076142131979695,27,0.25702404975891113,0.25999051332473755,0.7903946042060852,0.4834006726741791,0.10000000149011612,0.10000000149011612,0.15465732816528344,0.012837948426390198,0.003532336896762046,0.016370285323152243,2.4000000357627873,2.3999155124236156,0.039288386796102824,0.258216000237184,0.9119001626968384,0.38771742582321167,False,False,False,-0.15479874952804112,False
pure,4,5,1,0.049175553646413336,197,-44.5006222465698,0.3095928041761853,60.9897824227085,0.4397190184039113,0.9264986997831907,1,0,1,0.005076142131979695,0.0,0.005076142131979695,28,0.26702407002449036,0.26999014616012573,0.7903946042060852,0.4834006726741791,0.10000000149011612,0.10000000149011612,0.14139908461299158,0.012837948426371816,0.0035323368967614625,0.01637028532313328,2.400000035762787,2.399915512423616,0.039288386796057305,0.25837970184883424,0.9053555727005005,0.40107405185699463,False,False,False,-0.14154050597574927,False
pure,4,5,1,0.049175553646413336,197,-44.5006222465698,0.3095928041761853,60.9897824227085,0.4397190184039113,0.9264986997831907,1,0,1,0.005076142131979695,0.0,0.005076142131979695,29,0.2770240604877472,0.2799898087978363,0.7903946042060852,0.4834006726741791,0.10000000149011612,0.10000000149011612,0.12837542727783333,0.012837948426371142,0.0035323368967607894,0.01637028532313193,2.4000000357627864,2.3999155124236156,0.039288386796054064,0.2585434034604845,0.8985930681228638,0.41431131958961487,False,False,False,-0.128516848640591,False
pure,4,5,1,0.049175553646413336,197,-44.5006222465698,0.3095928041761853,60.9897824227085,0.4397190184039113,0.9264986997831907,1,0,1,0.005076142131979695,0.0,0.005076142131979695,30,0.28702405095100403,0.2899894416332245,0.7903946042060852,0.4834006726741791,0.10000000149011612,0.10000000149011612,0.11566684261153584,0.012837948426381343,0.003532336896762091,0.016370285323143434,2.400000035762787,2.3999155124236156,0.039288386796081674,0.25870710507213485,0.8916150331497192,0.4274253249168396,False,False,False,-0.11580826397429353,False
pure,4,5,1,0.049175553646413336,197,-44.5006222465698,0.3095928041761853,60.9897824227085,0.4397190184039113,0.9264986997831907,1,0,1,0.005076142131979695,0.0,0.005076142131979695,31,0.29702407121658325,0.29998910427093506,0.7903946042060852,0.4834006726741791,0.10000000149011612,0.10000000149011612,0.10339004724005707,0.012837948426371816,0.0035323368967614625,0.01637028532313328,2.4000000357627864,2.399915512423616,0.0392883867960573,0.2588708066837851,0.8844238519668579,0.440412312746048,False,False,False,-0.10353146860281476,False
pure,4,5,1,0.049175553646413336,197,-44.5006222465698,0.3095928041761853,60.9897824227085,0.4397190184039113,0.9264986997831907,1,0,1,0.005076142131979695,0.0,0.005076142131979695,32,0.3070240616798401,0.30998873710632324,0.7903946042060852,0.4834006726741791,0.10000000149011612,0.10000000149011612,0.09171826144893117,0.01283794842638067,0.0035323368967614182,0.016370285323142088,2.400000035762787,2.399915512423615,0.03928838679607844,0.2590345082954354,0.877021849155426,0.4532683491706848,False,False,False,-0.09185968281168885,False
pure,4,5,1,0.049175553646413336,197,-44.5006222465698,0.3095928041761853,60.9897824227085,0.4397190184039113,0.9264986997831907,1,0,1,0.005076142131979695,0.0,0.005076142131979695,33,0.3170240521430969,0.3199883997440338,0.7903946042060852,0.4834006726741791,0.10000000149011612,0.10000000149011612,0.08091241341472148,0.012837948426372486,0.0035323368967621355,0.01637028532313462,2.4000000357627864,2.3999155124236164,0.03928838679606052,0.25919820990708564,0.8694115877151489,0.46598997712135315,False,False,False,-0.08105383477747917,False
pure,4,5,1,0.049175553646413336,197,-44.5006222465698,0.3095928041761853,60.9897824227085,0.4397190184039113,0.9264986997831907,1,0,1,0.005076142131979695,0.0,0.005076142131979695,34,0.32702407240867615,0.329988032579422,0.7903946042060852,0.4834006726741791,0.10000000149011612,0.10000000149011612,0.07136443983445212,0.012837948426380674,0.0035323368967614182,0.01637028532314209,2.400000035762787,2.3999155124236156,0.039288386796078455,0.25936191151873594,0.8615955710411072,0.4785733222961426,False,False,False,-0.07150586119720981,False
pure,4,5,1,0.049175553646413336,197,-44.5006222465698,0.3095928041761853,60.9897824227085,0.4397190184039113,0.9264986997831907,1,0,1,0.005076142131979695,0.0,0.005076142131979695,35,0.337024062871933,0.33998769521713257,0.7903946042060852,0.4834006726741791,0.10000000149011612,0.10000000149011612,0.0636391033382198,0.012837948426371815,0.0035323368967614625,0.016370285323133275,2.4000000357627864,2.399915512423616,0.0392883867960573,0.2595256131303862,0.8535765409469604,0.49101489782333374,False,False,False,-0.06378052470097749,False
pure,4,5,1,0.049175553646413336,197,-44.5006222465698,0.3095928041761853,60.9897824227085,0.4397190184039113,0.9264986997831907,1,0,1,0.005076142131979695,0.0,0.005076142131979695,36,0.3470240533351898,0.34998732805252075,0.7903946042060852,0.4834006726741791,0.10000000149011612,0.10000000149011612,0.05845769704742348,0.01283794842638067,0.0035323368967614182,0.016370285323142088,2.400000035762787,2.399915512423615,0.03928838679607844,0.2596893147420365,0.8453571200370789,0.503311038017273,False,False,False,-0.05859911841018116,False
pure,4,5,1,0.049175553646413336,197,-44.5006222465698,0.3095928041761853,60.9897824227085,0.4397190184039113,0.9264986997831907,1,0,1,0.005076142131979695,0.0,0.005076142131979695,37,0.35702407360076904,0.3599869906902313,0.7903946042060852,0.4834006726741791,0.10000000149011612,0.10000000149011612,0.05651712298041582,0.01283794842637249,0.003532336896762135,0.016370285323134625,2.4000000357627864,2.3999155124236164,0.03928838679606053,0.25985301635368674,0.8369401693344116,0.515458345413208,False,False,False,-0.0566585443431735,False
pure,4,5,1,0.049175553646413336,197,-44.5006222465698,0.3095928041761853,60.9897824227085,0.4397190184039113,0.9264986997831907,1,0,1,0.005076142131979695,0.0,0.005076142131979695,38,0.3670240640640259,0.3699866235256195,0.7903946042060852,0.4834006726741791,0.10000000149011612,0.10000000149011612,0.05813437650574258,0.01283794842638067,0.0035323368967614182,0.016370285323142088,2.400000035762787,2.3999155124236156,0.03928838679607845,0.26001671796533704,0.8283283710479736,0.5274533033370972,False,False,False,-0.05827579786850026,False
pure,4,5,1,0.049175553646413336,197,-44.5006222465698,0.3095928041761853,60.9897824227085,0.4397190184039113,0.9264986997831907,1,0,1,0.005076142131979695,0.0,0.005076142131979695,39,0.3770240545272827,0.3799862861633301,0.7903946042060852,0.4834006726741791,0.10000000149011612,0.10000000149011612,0.06302743832673037,0.012837948426371816,0.0035323368967614625,0.01637028532313328,2.4000000357627864,2.399915512423616,0.0392883867960573,0.2601804195769873,0.8195247650146484,0.5392924547195435,False,False,False,-0.06316885968948806,False
pure,4,5,1,0.049175553646413336,197,-44.5006222465698,0.3095928041761853,60.9897824227085,0.4397190184039113,0.9264986997831907,1,0,1,0.005076142131979695,0.0,0.005076142131979695,40,0.38702407479286194,0.38998591899871826,0.7903946042060852,0.4834006726741791,0.10000000149011612,0.10000000149011612,0.0705087658785614,0.01283794842638067,0.0035323368967614182,0.016370285323142088,2.400000035762787,2.399915512423615,0.03928838679607844,0.2603441211886376,0.8105322122573853,0.550972580909729,False,False,False,-0.07065018724131909,False
pure,4,5,1,0.049175553646413336,197,-44.5006222465698,0.3095928041761853,60.9897824227085,0.4397190184039113,0.9264986997831907,1,0,1,0.005076142131979695,0.0,0.005076142131979695,41,0.3970240652561188,0.39998558163642883,0.7903946042060852,0.4834006726741791,0.10000000149011612,0.10000000149011612,0.07984535046518215,0.012837948426372486,0.0035323368967621355,0.01637028532313462,2.4000000357627864,2.3999155124236164,0.03928838679606052,0.26050782280028784,0.8013538122177124,0.5624903440475464,False,False,False,-0.07998677182793984,False
pure,4,5,1,0.049175553646413336,197,-44.5006222465698,0.3095928041761853,60.9897824227085,0.4397190184039113,0.9264986997831907,1,0,1,0.005076142131979695,0.0,0.005076142131979695,42,0.4070240557193756,0.409985214471817,0.7903946042060852,0.4834006726741791,0.10000000149011612,0.10000000149011612,0.09045584778838503,0.012837948426399725,0.003532336896762675,0.016370285323162398,2.4000000357627886,2.3999155124236156,0.039288386796127214,0.26067152441193836,0.791992723941803,0.5738424062728882,False,False,False,-0.09059726915114272,False
pure,4,5,1,0.049175553646413336,197,-44.5006222465698,0.3095928041761853,60.9897824227085,0.4397190184039113,0.9264986997831907,1,0,1,0.005076142131979695,0.0,0.005076142131979695,43,0.41702407598495483,0.4199848771095276,0.7903946042060852,0.4834006726741791,0.10000000149011612,0.10000000149011612,0.10193489934000953,0.012837948426354105,0.003532336896761551,0.016370285323115658,2.4000000357627864,2.399915512423618,0.03928838679601501,0.26083522602358844,0.7824519872665405,0.5850256681442261,False,False,False,-0.10207632070276722,False
pure,4,5,1,0.049175553646413336,197,-44.5006222465698,0.3095928041761853,60.9897824227085,0.4397190184039113,0.9264986997831907,1,0,1,0.005076142131979695,0.0,0.005076142131979695,44,0.42702406644821167,0.42998450994491577,0.7903946042060852,0.4834006726741791,0.10000000149011612,0.10000000149011612,0.11401249313327468,0.012837948426379324,0.0035323368967600725,0.016370285323139395,2.400000035762787,2.399915512423615,0.03928838679607198,0.26099892763523874,0.7727346420288086,0.5960371494293213,False,False,False,-0.11415391449603236,False
pure,4,5,1,0.049175553646413336,197,-44.5006222465698,0.3095928041761853,60.9897824227085,0.4397190184039113,0.9264986997831907,1,0,1,0.005076142131979695,0.0,0.005076142131979695,45,0.4370240569114685,0.43998417258262634,0.7903946042060852,0.4834006726741791,0.10000000149011612,0.10000000149011612,0.12650936816418684,0.012837948426371142,0.0035323368967607894,0.01637028532313193,2.4000000357627864,2.3999155124236147,0.03928838679605406,0.261162629246889,0.7628442645072937,0.6068737506866455,False,False,False,-0.12665078952694453,False
pure,4,5,1,0.049175553646413336,197,-44.5006222465698,0.3095928041761853,60.9897824227085,0.4397190184039113,0.9264986997831907,1,0,1,0.005076142131979695,0.0,0.005076142131979695,46,0.44702407717704773,0.4499838054180145,0.7903946042060852,0.4834006726741791,0.10000000149011612,0.10000000149011612,0.13930494253791417,0.012837948426382011,0.0035323368967627635,0.016370285323144773,2.400000035762787,2.3999155124236156,0.039288386796084894,0.26132633085853935,0.752784013748169,0.6175323724746704,False,False,False,-0.13944636390067186,False
pure,4,5,1,0.049175553646413336,197,-44.5006222465698,0.3095928041761853,60.9897824227085,0.4397190184039113,0.9264986997831907,1,0,1,0.005076142131979695,0.0,0.005076142131979695,47,0.45702406764030457,0.4599834680557251,0.7903946042060852,0.4834006726741791,0.10000000149011612,0.09937277436256409,0.1522910698047183,0.0013402052932091815,0.007870759596456991,0.009210964889666173,2.3999905888891444,2.38494658470154,0.021987821309458425,0.2614179467806621,0.7425823211669922,0.6279916763305664,False,False,False,-0.15243204834966878,False
pure,4,5,1,0.049175553646413336,197,-44.5006222465698,0.3095928041761853,60.9897824227085,0.4397190184039113,0.9264986997831907,1,0,1,0.005076142131979695,0.0,0.005076142131979695,48,0.467024028301239,0.46992072463035583,0.7903946042060852,0.4834006726741791,0.10000000149011612,0.08495195209980011,0.16483860747599335,0.25047924691730544,0.2598794476039649,0.5103586945212704,2.4000000357627886,2.038962773029667,1.1310347206993678,0.2661305914502428,0.7328071594238281,0.6378527879714966,False,False,False,-0.16496982041084501,False
pure,4,5,1,0.049175553646413336,197,-44.5006222465698,0.3095928041761853,60.9897824227085,0.4397190184039113,0.9264986997831907,1,0,1,0.005076142131979695,0.0,0.005076142131979695,49,0.47702401876449585,0.47841641306877136,0.7903946042060852,0.4834006726741791,0.10000000149011612,0.07094229012727737,0.17690484636833018,0.24360808496148506,0.2529136964910776,0.49652178145256265,2.4000000357627864,1.7027277056923547,1.015302570784093,0.2703610188285099,0.723468005657196,0.6471570730209351,False,False,False,-0.17702745472450798,False
pure,4,5,1,0.049175553646413336,197,-44.5006222465698,0.3095928041761853,60.9897824227085,0.4397190184039113,0.9264986997831907,1,0,1,0.005076142131979695,0.0,0.005076142131979695,50,0.4870240390300751,0.4855111241340637,0.7903946042060852,0.4834006726741791,0.10000000149011612,0.05733132362365723,0.18846804301200804,0.23673048001166844,0.24603609154128764,0.4827665715529561,2.400000035762787,1.3760613266268635,0.9067139110185387,0.2741389934577538,0.7145708799362183,0.6559433341026306,False,False,False,-0.18858331174908574,False
pure,4,5,1,0.049175553646413336,197,-44.5006222465698,0.3095928041761853,60.9897824227085,0.4397190184039113,0.9264986997831907,1,0,1,0.005076142131979695,0.0,0.005076142131979695,51,0.4970240294933319,0.49124470353126526,0.7903946042060852,0.4834006726741791,0.10000000149011612,0.04410664737224579,0.19951847932912578,0.23004040498329348,0.2393460165129039,0.46938642149619736,2.4000000357627864,1.0586660004038557,0.8054844702011015,0.27749517875025836,0.7061194181442261,0.6642467975616455,False,False,False,-0.19962777432479134,False
pure,4,5,1,0.049175553646413336,197,-44.5006222465698,0.3095928041761853,60.9897824227085,0.4397190184039113,0.9264986997831907,1,0,1,0.005076142131979695,0.0,0.005076142131979695,52,0.5070240497589111,0.4956558048725128,0.7903946042060852,0.4834006726741791,0.10000000149011612,0.03125586360692978,0.21005522088611256,0.22354046983907316,0.23284608136869242,0.4563865512077656,2.400000035762787,0.750244181844516,0.711188553420362,0.2804584643895099,0.6981145739555359,0.6721004247665405,False,False,False,-0.21015999172532687,False
pure,4,5,1,0.049175553646413336,197,-44.5006222465698,0.3095928041761853,60.9897824227085,0.4397190184039113,0.9264986997831907,1,0,1,0.005076142131979695,0.0,0.005076142131979695,53,0.517024040222168,0.49878183007240295,0.7903946042060852,0.4834006726741791,0.10000000149011612,0.01876704953610897,0.22008169487618948,0.21722451510534935,0.2265301266349597,0.44375464174030904,2.4000000357627864,0.45050972109981025,0.6233928681924128,0.2830559346736449,0.6905556917190552,0.6795336604118347,False,False,False,-0.2201834406530216,False
pure,4,5,1,0.049175553646413336,197,-44.5006222465698,0.3095928041761853,60.9897824227085,0.4397190184039113,0.9264986997831907,1,0,1,0.005076142131979695,0.0,0.005076142131979695,54,0.5270240306854248,0.5006589293479919,0.7903946042060852,0.4834006726741791,0.10000000149011612,0.006628522649407387,0.22960495695941027,0.21109049939603455,0.2203961109256538,0.43148661032168834,2.400000035762787,0.1591822369759544,0.5417003520576136,0.285313019473885,0.6834403276443481,0.6865735650062561,False,False,False,-0.2297051764103013,False
pure,4,5,1,0.049175553646413336,197,-44.5006222465698,0.3095928041761853,60.9897824227085,0.4397190184039113,0.9264986997831907,1,0,1,0.005076142131979695,0.0,0.005076142131979695,55,0.5370240211486816,0.5013222098350525,0.7903946042060852,0.4834006726741791,0.10000000149011612,-0.005171114578843117,0.2386341631570429,0.20513541604736035,0.2144410275769707,0.41957644362433105,2.4000000357627864,-0.12401181253457821,0.5189182263614766,0.28747517875039114,0.6767643690109253,0.6932445168495178,False,False,False,-0.23873429676979485,False
pure,4,5,1,0.049175553646413336,197,-44.5006222465698,0.3095928041761853,60.9897824227085,0.4397190184039113,0.9264986997831907,1,0,1,0.005076142131979695,0.0,0.005076142131979695,56,0.5470240116119385,0.5008054971694946,0.7903946042060852,0.4834006726741791,0.10000000149011612,-0.016642814502120018,0.24717958999807063,0.1993531895487882,0.20865880107840745,0.4080119906271956,2.400000035762787,-0.3993352867270151,0.5617724842032783,0.2898158974345715,0.6705228090286255,0.6995684504508972,False,False,False,-0.24728096545869532,False
pure,4,5,1,0.049175553646413336,197,-44.5006222465698,0.3095928041761853,60.9897824227085,0.4397190184039113,0.9264986997831907,1,0,1,0.005076142131979695,0.0,0.005076142131979695,57,0.5570240020751953,0.4991416037082672,0.7903946042060852,0.4834006726741791,0.10000000149011612,-0.027797097340226173,0.25525253724707947,0.19373784458120663,0.203043456110817,0.39678130069202366,2.4000000357627864,-0.6670406736420227,0.600409077666265,0.29231760192484757,0.6647091507911682,0.7055650949478149,False,False,False,-0.255356328767079,False
pure,4,5,1,0.049175553646413336,197,-44.5006222465698,0.3095928041761853,60.9897824227085,0.4397190184039113,0.9264986997831907,1,0,1,0.005076142131979695,0.0,0.005076142131979695,58,0.5670240521430969,0.49636226892471313,0.7903946042060852,0.4834006726741791,0.10000000149011612,-0.03864407539367676,0.26286404355869303,0.18828372061178678,0.197589332141406,0.3858730527531928,2.400000035762787,-0.9273706711116787,0.6351194877543229,0.2949639331238239,0.6593165397644043,0.7112516164779663,False,False,False,-0.2629712506707073,False
pure,4,5,1,0.049175553646413336,197,-44.5006222465698,0.3095928041761853,60.9897824227085,0.4397190184039113,0.9264986997831907,1,0,1,0.005076142131979695,0.0,0.005076142131979695,59,0.5770240426063538,0.4924982190132141,0.7903946042060852,0.4834006726741791,0.10000000149011612,-0.04919332265853882,0.2700258034586747,0.1829826571067501,0.19228826863636045,0.37527092574311055,2.4000000357627864,-1.1805550588183142,0.6661652718902402,0.29773962175669993,0.6543369293212891,0.7166435718536377,False,False,False,-0.2701372484385808,False
pure,4,5,1,0.049175553646413336,197,-44.5006222465698,0.3095928041761853,60.9897824227085,0.4397190184039113,0.9264986997831907,1,0,1,0.005076142131979695,0.0,0.005076142131979695,60,0.5870240330696106,0.48757922649383545,0.7903946042060852,0.4834006726741791,0.10000000149011612,-0.05945412814617157,0.2767489190734675,0.17783100743487593,0.18713661896449515,0.3649676263993711,2.400000035762787,-1.4268167747222242,0.6938040913067774,0.30063047213714483,0.6497618556022644,0.7217541933059692,False,False,False,-0.2768652582056572,False
pure,4,5,1,0.049175553646413336,197,-44.5006222465698,0.3095928041761853,60.9897824227085,0.4397190184039113,0.9264986997831907,1,0,1,0.005076142131979695,0.0,0.005076142131979695,61,0.5970240235328674,0.4816341698169708,0.7903946042060852,0.4834006726741791,0.10000000149011612,-0.0694352388381958,0.2830446585440266,0.17282033036895292,0.18212594189856326,0.3549462722675162,2.4000000357627864,-1.6663657502889355,0.718257230884902,0.30362321059916525,0.6455820798873901,0.7265952825546265,False,False,False,-0.2831664011129367,False
pure,4,5,1,0.049175553646413336,197,-44.5006222465698,0.3095928041761853,60.9897824227085,0.4397190184039113,0.9264986997831907,1,0,1,0.005076142131979695,0.0,0.005076142131979695,62,0.6070240139961243,0.4746909737586975,0.7903946042060852,0.4834006726741791,0.10000000149011612,-0.07914501428604126,0.28892349235831494,0.16794490968590056,0.1772505212155198,0.34519543090142035,2.400000035762787,-1.8994026173982492,0.7397378931843015,0.30670545182076653,0.6417883634567261,0.7311767339706421,False,False,False,-0.28905102248607867,False
pure,4,5,1,0.049175553646413336,197,-44.5006222465698,0.3095928041761853,60.9897824227085,0.4397190184039113,0.9264986997831907,1,0,1,0.005076142131979695,0.0,0.005076142131979695,63,0.6170240044593811,0.4667767882347107,0.7903946042060852,0.4834006726741791,0.10000000149011612,-0.08859136700630188,0.29439569741715194,0.16319785304350876,0.17250346457311913,0.3357013176166279,2.4000000357627864,-2.1261172796382186,0.7584374499671989,0.3098656078622965,0.6383706331253052,0.7355068922042847,False,False,False,-0.2945292954467654,False
pure,4,5,1,0.049175553646413336,197,-44.5006222465698,0.3095928041761853,60.9897824227085,0.4397190184039113,0.9264986997831907,1,0,1,0.005076142131979695,0.0,0.005076142131979695,64,0.6270240545272827,0.4579179883003235,0.7903946042060852,0.4834006726741791,0.10000000149011612,-0.09778185188770294,0.29947128042082455,0.1585738181955538,0.16787942972517306,0.32645324792072683,2.400000035762787,-2.34669105681066,0.774538325698908,0.31309285088604194,0.6353185176849365,0.7395929098129272,False,False,False,-0.2996111421088424,False
pure,4,5,1,0.049175553646413336,197,-44.5006222465698,0.3095928041761853,60.9897824227085,0.4397190184039113,0.9264986997831907,1,0,1,0.005076142131979695,0.0,0.005076142131979695,65,0.6370240449905396,0.44814008474349976,0.7903946042060852,0.4834006726741791,0.10000000149011612,-0.10000000149011612,0.3044481709843697,0.031115641068733203,0.04042125259834355,0.07153689366707676,2.4000000357627864,-2.399795174534479,0.17168026661188585,0.3138081853302581,0.6323240399360657,0.7435975074768066,False,False,False,-0.3045895923471274,False
pure,4,5,1,0.049175553646413336,197,-44.5006222465698,0.3095928041761853,60.9897824227085,0.4397190184039113,0.9264986997831907,1,0,1,0.005076142131979695,0.0,0.005076142131979695,66,0.6470240354537964,0.43814095854759216,0.7903946042060852,0.4834006726741791,0.10000000149011612,-0.10000000149011612,0.309420375251136,0.009104043441133091,0.00020156808848616038,0.009305611529619251,2.400000035762787,-2.400059975569838,0.022333480085833135,0.31390124149728243,0.6292901635169983,0.7475717067718506,False,False,False,-0.3095617966138937,False
pure,4,5,1,0.049175553646413336,197,-44.5006222465698,0.3095928041761853,60.9897824227085,0.4397190184039113,0.9264986997831907,1,0,1,0.005076142131979695,0.0,0.005076142131979695,67,0.6570240259170532,0.42814069986343384,0.7903946042060852,0.4834006726741791,0.10000000149011612,-0.10000000149011612,0.3143880639591361,0.009304598675947495,1.0128536628579553e-06,0.009305611529610352,2.4000000357627864,-2.4000612959987393,0.022333468065907098,0.3139942976142237,0.6262167692184448,0.7515153884887695,False,False,False,-0.3145294853218938,False
pure,4,5,1,0.049175553646413336,197,-44.5006222465698,0.3095928041761853,60.9897824227085,0.4397190184039113,0.9264986997831907,1,0,1,0.005076142131979695,0.0,0.005076142131979695,68,0.6670240163803101,0.4181404411792755,0.7903946042060852,0.4834006726741791,0.10000000149011612,-0.10000000149011612,0.3193509583434581,0.009305598743537376,1.2786081876497751e-08,0.009305611529619253,2.400000035762787,-2.40006130258305,0.02233346800466417,0.3140873537309098,0.6231040358543396,0.7554280757904053,False,False,False,-0.3194923797062158,False
pure,4,5,1,0.049175553646413336,197,-44.5006222465698,0.3095928041761853,60.9897824227085,0.4397190184039113,0.9264986997831907,1,0,1,0.005076142131979695,0.0,0.005076142131979695,69,0.6770240068435669,0.4081401824951172,0.7903946042060852,0.4834006726741791,0.10000000149011612,-0.10000000149011612,0.3243088986369328,0.009305603730358694,7.799251661166906e-09,0.009305611529610356,2.4000000357627864,-2.4000613026158835,0.022333468004337286,0.31418040984759454,0.6199523210525513,0.7593095302581787,False,False,False,-0.3244503199996905,False
pure,4,5,1,0.049175553646413336,197,-44.5006222465698,0.3095928041761853,60.9897824227085,0.4397190184039113,0.9264986997831907,1,0,1,0.005076142131979695,0.0,0.005076142131979695,70,0.6870240569114685,0.39813992381095886,0.7903946042060852,0.4834006726741791,0.10000000149011612,-0.10000000149011612,0.32926156117270944,0.009305603755236308,7.774382944360193e-09,0.009305611529619253,2.400000035762787,-2.400061302616046,0.02233346800435712,0.31427346596427935,0.6167619228363037,0.7631592750549316,False,False,False,-0.3294029825354671,False
pure,4,5,1,0.049175553646413336,197,-44.5006222465698,0.3095928041761853,60.9897824227085,0.4397190184039113,0.9264986997831907,1,0,1,0.005076142131979695,0.0,0.005076142131979695,71,0.6970240473747253,0.38813966512680054,0.7903946042060852,0.4834006726741791,0.10000000149011612,-0.10000000149011612,0.3342086999233399,0.00930560375534923,7.774261122963635e-09,0.009305611529610354,2.4000000357627864,-2.4000613026160478,0.02233346800433575,0.3143665220809641,0.6135331988334656,0.7669769525527954,False,False,False,-0.3343501212860976,False
pure,4,5,1,0.049175553646413336,197,-44.5006222465698,0.3095928041761853,60.9897824227085,0.4397190184039113,0.9264986997831907,1,0,1,0.005076142131979695,0.0,0.005076142131979695,72,0.7070240378379822,0.3781394362449646,0.7903946042060852,0.4834006726741791,0.10000000149011612,-0.10000000149011612,0.33914989217039565,0.009305603755360105,7.774259149038055e-09,0.009305611529619255,2.400000035762787,-2.4000613026160478,0.022333468004357118,0.3144595781976489,0.6102665662765503,0.770762026309967,False,False,False,-0.33929131353315334,False
pure,4,5,1,0.049175553646413336,197,-44.5006222465698,0.3095928041761853,60.9897824227085,0.4397190184039113,0.9264986997831907,1,0,1,0.005076142131979695,0.0,0.005076142131979695,73,0.717024028301239,0.3681391775608063,0.7903946042060852,0.4834006726741791,0.10000000149011612,-0.10000000149011612,0.3440851829715107,0.009305603755350575,7.774259777400976e-09,0.009305611529610352,2.4000000357627864,-2.4000613026160478,0.022333468004335746,0.31455263431433367,0.6069621443748474,0.7745143175125122,False,False,False,-0.3442266043342684,False
pure,4,5,1,0.049175553646413336,197,-44.5006222465698,0.3095928041761853,60.9897824227085,0.4397190184039113,0.9264986997831907,1,0,1,0.005076142131979695,0.0,0.005076142131979695,74,0.7270240187644958,0.35813891887664795,0.7903946042060852,0.4834006726741791,0.10000000149011612,-0.10000000149011612,0.3490141303423757,0.009305603755360105,7.774259148834767e-09,0.009305611529619255,2.400000035762787,-2.4000613026160478,0.022333468004357118,0.3146456904310185,0.6036204099655151,0.7782332897186279,False,False,False,-0.3491555517051334,False
pure,4,5,1,0.049175553646413336,197,-44.5006222465698,0.3095928041761853,60.9897824227085,0.4397190184039113,0.9264986997831907,1,0,1,0.005076142131979695,0.0,0.005076142131979695,75,0.7370240092277527,0.3481386601924896,0.7903946042060852,0.4834006726741791,0.10000000149011612,-0.10000000149011612,0.353936694949027,0.009305603755350576,7.774259777400976e-09,0.009305611529610354,2.4000000357627864,-2.4000613026160478,0.02233346800433575,0.31473874654770323,0.6002416610717773,0.7819187641143799,False,False,False,-0.3540781163117847,False
pure,4,5,1,0.049175553646413336,197,-44.5006222465698,0.3095928041761853,60.9897824227085,0.4397190184039113,0.9264986997831907,1,0,1,0.005076142131979695,0.0,0.005076142131979695,76,0.7470239996910095,0.3381384015083313,0.7903946042060852,0.4834006726741791,0.07775621116161346,-0.10000000149011612,0.3567925990782562,5.745490877508853,0.40623332877064366,6.151724206279497,1.8661490678787231,-2.3998123137001555,11.696826190188048,0.36347552234015346,0.5985715389251709,0.7842409610748291,False,False,False,-0.3569192720018211,False
pure,4,5,1,0.049175553646413336,197,-44.5006222465698,0.3095928041761853,60.9897824227085,0.4397190184039113,0.9264986997831907,1,0,1,0.005076142131979695,0.0,0.005076142131979695,77,0.7547996640205383,0.32813918590545654,0.7903946042060852,0.4834006726741791,0.061803143471479416,-0.10000000149011612,0.35816370078522497,4.121254655404481,0.2916274726266169,4.412882128031098,1.483275443315506,-2.3998653822682394,6.812822502086171,0.3918622827655125,0.5981325507164001,0.785586953163147,False,False,False,-0.3582812577073627,False
pure,4,5,1,0.049175553646413336,197,-44.5006222465698,0.3095928041761853,60.9897824227085,0.4397190184039113,0.9264986997831907,1,0,1,0.005076142131979695,0.0,0.005076142131979695,78,0.760979950428009,0.3181397318840027,0.7903946042060852,0.4834006726741791,0.05043158307671547,-0.10000000149011612,0.3584745003747138,2.9378391085645306,0.2080254828283168,3.145864591392847,1.2103579938411715,-2.399904047930085,4.055078247982588,0.4087584421321066,0.598570704460144,0.7862332463264465,False,False,False,-0.3585864974500927,False
pure,4,5,1,0.049175553646413336,197,-44.5006222465698,0.3095928041761853,60.9897824227085,0.4397190184039113,0.9264986997831907,1,0,1,0.005076142131979695,0.0,0.005076142131979695,79,0.7660230994224548,0.3081401586532593,0.7903946042060852,0.4834006726741791,0.04232001304626465,-0.10000000149011612,0.35802657605811955,2.0956347550607304,0.14856032380232734,2.244195078863058,1.0156803131103513,-2.399931565220038,2.485029574617532,0.4191127320263463,0.5996320247650146,0.7863737344741821,False,False,False,-0.3581351623545587,False
pure,4,5,1,0.049175553646413336,197,-44.5006222465698,0.3095928041761853,60.9897824227085,0.4397190184039113,0.9264986997831907,1,0,1,0.005076142131979695,0.0,0.005076142131979695,80,0.7702551484107971,0.29814043641090393,0.7903946042060852,0.4834006726741791,0.03653137385845184,-0.10000000149011612,0.35703490175129604,1.4954444567386653,0.10619963749099862,1.601644094229664,0.8767529726028442,-2.3999511751999636,1.5660093176104026,0.425637770849723,0.6011341214179993,0.7861454486846924,False,False,False,-0.35714136555613707,False
pure,4,5,1,0.049175553646413336,197,-44.5006222465698,0.3095928041761853,60.9897824227085,0.4397190184039113,0.9264986997831907,1,0,1,0.005076142131979695,0.0,0.005076142131979695,81,0.773908257484436,0.2881406247615814,0.7903946042060852,0.4834006726741791,0.032399654388427734,-0.10000000149011612,0.3556530329817019,1.0672991968992067,0.07599017632265959,1.1432893732218663,0.7775917053222656,-2.3999651639631514,1.0122967785837391,0.4298556740938219,0.6029462814331055,0.7856459617614746,False,False,False,-0.3557581507199488,False
pure,4,5,1,0.049175553646413336,197,-44.5006222465698,0.3095928041761853,60.9897824227085,0.4397190184039113,0.9264986997831907,1,0,1,0.005076142131979695,0.0,0.005076142131979695,82,0.7771482467651367,0.2781407833099365,0.7903946042060852,0.4834006726741791,0.029449734836816788,-0.10000000149011612,0.3539901908047807,0.7619056493641541,0.05444627371926822,0.8163519230834223,0.706793636083603,-2.399975142067351,0.6691797677711677,0.43264392312620176,0.6049749851226807,0.7849444150924683,False,False,False,-0.35409443708586813,False
pure,4,5,1,0.049175553646413336,197,-44.5006222465698,0.3095928041761853,60.9897824227085,0.4397190184039113,0.9264986997831907,1,0,1,0.005076142131979695,0.0,0.005076142131979695,83,0.7800931930541992,0.26814088225364685,0.7903946042060852,0.4834006726741791,0.02734391763806343,-0.10000000149011612,0.3521250154263803,0.5435902189681504,0.03888203244344999,0.5824722514116004,0.6562540233135223,-2.399748460388669,0.4500403657246787,0.43451909131672123,0.6071529388427734,0.7840907573699951,False,False,False,-0.3522286864928433,False
pure,4,5,1,0.049175553646413336,197,-44.5006222465698,0.3095928041761853,60.9897824227085,0.4397190184039113,0.9264986997831907,1,0,1,0.005076142131979695,0.0,0.005076142131979695,84,0.782827615737915,0.2581419348716736,0.7903946042060852,0.4834006726741791,0.025839749723672867,-0.10000000149011612,0.3501123690807948,0.388332906531172,0.028144719707008683,0.41647762623818063,0.6201539933681488,-2.399820313992907,0.3083684728260823,0.4358039599534966,0.6094329357147217,0.783119797706604,False,False,False,-0.35021565361113643,False
pure,4,5,1,0.049175553646413336,197,-44.5006222465698,0.3095928041761853,60.9897824227085,0.4397190184039113,0.9264986997831907,1,0,1,0.005076142131979695,0.0,0.005076142131979695,85,0.7854115962982178,0.24814267456531525,0.7903946042060852,0.4834006726741791,0.024766329675912857,-0.10000000149011612,0.34799252306035294,0.27699636053152404,0.020279682801945136,0.2972760433334692,0.5943919122219086,-2.3998718409193214,0.21331303611400576,0.43669276427063825,0.6117804050445557,0.7820572853088379,False,False,False,-0.34809554427972567,False
pure,4,5,1,0.049175553646413336,197,-44.5006222465698,0.3095928041761853,60.9897824227085,0.4397190184039113,0.9264986997831907,1,0,1,0.005076142131979695,0.0,0.005076142131979695,86,0.78788822889328,0.2381432205438614,0.7903946042060852,0.4834006726741791,0.024000409990549088,-0.10000000149011612,0.34579360475022314,0.1975144551609711,0.014665047070599048,0.21217950223157014,0.5760098397731781,-2.3999086254113546,0.1489650426269517,0.43731345194825055,0.614171028137207,0.780921220779419,False,False,False,-0.3458964445256066,False
pure,4,5,1,0.049175553646413336,197,-44.5006222465698,0.3095928041761853,60.9897824227085,0.4397190184039113,0.9264986997831907,1,0,1,0.005076142131979695,0.0,0.005076142131979695,87,0.7902882695198059,0.2281435877084732,0.7903946042060852,0.4834006726741791,0.02345414087176323,-0.10000000149011612,0.34353612654625487,0.14073904604270643,0.010654565407947554,0.15139361145065397,0.5628993809223176,-2.3999349012608664,0.10479218526933705,0.43775008605353943,0.6165870428085327,0.7797248363494873,False,False,False,-0.34363884021311114,False
pure,4,5,1,0.049175553646413336,197,-44.5006222465698,0.3095928041761853,60.9897824227085,0.4397190184039113,0.9264986997831907,1,0,1,0.005076142131979695,0.0,0.005076142131979695,88,0.7926336526870728,0.21814386546611786,0.7903946042060852,0.4834006726741791,0.023064743727445602,-0.10000000149011612,0.34123450008814776,0.10019029471185364,0.007790362962723427,0.10798065767457707,0.5535538494586945,-2.399953667358802,0.07415723347859193,0.4380590745263669,0.6190159916877747,0.7784775495529175,False,False,False,-0.3413371255401298,False
pure,4,5,1,0.049175553646413336,197,-44.5006222465698,0.3095928041761853,60.9897824227085,0.4397190184039113,0.9264986997831907,1,0,1,0.005076142131979695,0.0,0.005076142131979695,89,0.7949401140213013,0.20814405381679535,0.7903946042060852,0.4834006726741791,0.0227874256670475,-0.10000000149011612,0.33889913229292845,0.07121951606952326,0.005744018292997907,0.07696353436252117,0.54689821600914,-2.399967075132197,0.05273528106560857,0.4382788048641403,0.6214486956596375,0.7771861553192139,False,False,False,-0.33900169577098105,False
pure,4,5,1,0.049175553646413336,197,-44.5006222465698,0.3095928041761853,60.9897824227085,0.4397190184039113,0.9264986997831907,1,0,1,0.005076142131979695,0.0,0.005076142131979695,90,0.7972188591957092,0.19814419746398926,0.7903946042060852,0.4834006726741791,0.02258998528122902,-0.10000000149011612,0.33653734238958,0.050572197863338476,0.004285593683562377,0.054857791546900854,0.5421596467494965,-2.399976630780222,0.03770352961850226,0.43843590290421736,0.6238787174224854,0.775855541229248,False,False,False,-0.33663986218487857,False
pure,4,5,1,0.049175553646413336,197,-44.5006222465698,0.3095928041761853,60.9897824227085,0.4397190184039113,0.9264986997831907,1,0,1,0.005076142131979695,0.0,0.005076142131979695,91,0.7994778752326965,0.18814429640769958,0.7903946042060852,0.4834006726741791,0.022449765354394913,-0.10000000149011612,0.3341549242543759,0.035615458623985956,0.0030749672034968943,0.03869042582748285,0.5387943685054778,-2.399765548336211,0.026568608895559075,0.4385466054412822,0.6263009309768677,0.7744896411895752,False,False,False,-0.3342574132415237,False
pure,4,5,1,0.049175553646413336,197,-44.5006222465698,0.3095928041761853,60.9897824227085,0.4397190184039113,0.9264986997831907,1,0,1,0.005076142131979695,0.0,0.005076142131979695,92,0.8017228245735168,0.17814527451992035,0.7903946042060852,0.4834006726741791,0.022349853068590164,-0.10000000149011612,0.3317549142592246,0.025409640830980094,0.0025522356760729007,0.027961876507052993,0.5363964736461639,-2.399832742078559,0.01975458047929406,0.43862891619327926,0.6287124752998352,0.7730905413627625,False,False,False,-0.3318573814087207,False
pure,4,5,1,0.049175553646413336,197,-44.5006222465698,0.3095928041761853,60.9897824227085,0.4397190184039113,0.9264986997831907,1,0,1,0.005076142131979695,0.0,0.005076142131979695,93,0.8039578199386597,0.16814596951007843,0.7903946042060852,0.4834006726741791,0.02227931097149849,-0.10000000149011612,0.3293400722535911,0.01780570144161049,0.002004040508672397,0.01980974195028289,0.5347034633159637,-2.3998828054007277,0.014330232585688593,0.43868862549571963,0.6311109066009521,0.7716602683067322,False,False,False,-0.32944252403998997,False
pure,4,5,1,0.049175553646413336,197,-44.5006222465698,0.3095928041761853,60.9897824227085,0.4397190184039113,0.9264986997831907,1,0,1,0.005076142131979695,0.0,0.005076142131979695,94,0.806185781955719,0.1581464558839798,0.7903946042060852,0.4834006726741791,0.022229772061109543,-0.10000000149011612,0.3269123940317775,0.012366379436294619,0.001610481123130685,0.013976860559425304,0.5335145294666291,-2.399918617170914,0.010462666736164175,0.43873221994045364,0.6334941387176514,0.7702001929283142,False,False,False,-0.32701483505208745,False
pure,4,5,1,0.049175553646413336,197,-44.5006222465698,0.3095928041761853,60.9897824227085,0.4397190184039113,0.9264986997831907,1,0,1,0.005076142131979695,0.0,0.005076142131979695,95,0.8084087371826172,0.14814679324626923,0.7903946042060852,0.4834006726741791,0.02219529077410698,-0.10000000149011612,0.32447308921963575,0.008466793080896581,0.001328376466323828,0.009795169547220409,0.5326869785785675,-2.3999442915270643,0.007698179941865486,0.4387642956902114,0.6358610391616821,0.7687113285064697,False,False,False,-0.32457552276701335,False
pure,4,5,1,0.049175553646413336,197,-44.5006222465698,0.3095928041761853,60.9897824227085,0.4397190184039113,0.9264986997831907,1,0,1,0.005076142131979695,0.0,0.005076142131979695,96,0.8106282949447632,0.1381470263004303,0.7903946042060852,0.4834006726741791,0.02217147871851921,-0.10000000149011612,0.3220233366274708,0.005703425503674135,0.0011282531536349497,0.006831678657309085,0.532115489244461,-2.3999624851704118,0.005742646294755987,0.43878822338310625,0.6382104158401489,0.7671946287155151,False,False,False,-0.3221257650190466,False
pure,4,5,1,0.049175553646413336,197,-44.5006222465698,0.3095928041761853,60.9897824227085,0.4397190184039113,0.9264986997831907,1,0,1,0.005076142131979695,0.0,0.005076142131979695,97,0.8128454089164734,0.1281471848487854,0.7903946042060852,0.4834006726741791,0.022155430167913437,-0.10000000149011612,0.3195637150261638,0.0036929208474640817,0.000982984550088323,0.004675905397552405,0.5317303240299225,-2.3999757220647595,0.004322777054215658,0.4388062349541655,0.6405415534973145,0.7656506299972534,False,False,False,-0.3196661399457691,False
pure,4,5,1,0.049175553646413336,197,-44.5006222465698,0.3095928041761853,60.9897824227085,0.4397190184039113,0.9264986997831907,1,0,1,0.005076142131979695,0.0,0.005076142131979695,98,0.8150609731674194,0.11814728379249573,0.7903946042060852,0.4834006726741791,0.022144634276628494,-0.10000000149011612,0.31709474615529853,0.0021781186053275955,0.0008839954490154834,0.003062114054343079,0.5314865758176947,-2.400000035762787,0.003279229908521677,0.43881989841211766,0.6428537368774414,0.7640798091888428,False,False,False,-0.31719716874287207,False
pure,4,5,1,0.049175553646413336,197,-44.5006222465698,0.3095928041761853,60.9897824227085,0.4397190184039113,0.9264986997831907,1,0,1,0.005076142131979695,0.0,0.005076142131979695,99,0.8172754645347595,0.1081472858786583,0.7903946042060852,0.4834006726741791,0.02213772013783455,-0.10000000149011612,0.31461667615097044,0.0013821111250056136,0.00081068184561684,0.0021927929706224538,0.5313150255685792,-2.400000035762787,0.0026799728661936334,0.4388310649657268,0.6451466083526611,0.7624825239181519,False,False,False,-0.3147190972409773,False
pure,4,5,1,0.049175553646413336,197,-44.5006222465698,0.3095928041761853,60.9897824227085,0.4397190184039113,0.9264986997831907,1,0,1,0.005076142131979695,0.0,0.005076142131979695,100,0.8194893002510071,0.09814728051424026,0.7903946042060852,0.4834006726741791,0.022133562713861465,-0.10000000149011612,0.3121296992973022,0.0006635566930544241,0.0007600005714111418,0.001423557264465566,0.5312101824282099,-2.4000000357627873,0.0021764894705353795,0.43884013367185404,0.6474196910858154,0.7608590126037598,False,False,False,-0.3122321194857888,False
pure,4,5,1,0.049175553646413336,197,-44.5006222465698,0.3095928041761853,60.9897824227085,0.4397190184039113,0.9264986997831907,1,0,1,0.005076142131979695,0.0,0.005076142131979695,101,0.8217026591300964,0.08814728260040283,0.7903946042060852,0.4834006726741791,0.022131595760583878,-0.10000000149011612,0.3096341107934442,8.642517435976465e-05,0.0007192819375104249,0.0008057071118701896,0.5311589074500115,-2.4000000357627864,0.0017721821769376552,0.43884751776425795,0.6496727466583252,0.7592097520828247,False,False,False,-0.3097365305572477,False
pure,4,5,1,0.049175553646413336,197,-44.5006222465698,0.3095928041761853,60.9897824227085,0.4397190184039113,0.9264986997831907,1,0,1,0.005076142131979695,0.0,0.005076142131979695,102,0.8239158391952515,0.0781472846865654,0.7903946042060852,0.4834006726741791,0.02213096246123314,-0.10000000149011612,0.3071300230732085,0.0002748573578395603,0.0006937868644975676,0.0009686442223371279,0.5311411616479612,-2.4000000357627864,0.001811076555936307,0.43885506391657436,0.6519052386283875,0.7575348615646362,False,False,False,-0.30723244270290156,False
pure,4,5,1,0.049175553646413336,197,-44.5006222465698,0.3095928041761853,60.9897824227085,0.4397190184039113,0.9264986997831907,1,0,1,0.005076142131979695,0.0,0.005076142131979695,103,0.8261289000511169,0.06814728677272797,0.7903946042060852,0.4834006726741791,0.022131484001874924,-0.10000000149011612,0.3046171705146866,0.0005780014722377791,0.0006723851206941331,0.0012503865929319124,0.5311515418133107,-2.400000035762787,0.0019207306868617453,0.43886306696110294,0.654117226600647,0.7558343410491943,False,False,False,-0.3047195902561384,False
pure,4,5,1,0.049175553646413336,197,-44.5006222465698,0.3095928041761853,60.9897824227085,0.4397190184039113,0.9264986997831907,1,0,1,0.005076142131979695,0.0,0.005076142131979695,104,0.828342080116272,0.058147281408309937,0.7903946042060852,0.4834006726741791,0.022132519632577896,-0.10000000149011612,0.30209603612521174,0.0007230551143806086,0.0006621374283035273,0.0013851925426841358,0.5311753744923278,-2.4000000357627864,0.0019731989227680575,0.4388712886232811,0.6563082933425903,0.7541087865829468,False,False,False,-0.3021984560901809,False
pure,4,5,1,0.049175553646413336,197,-44.5006222465698,0.3095928041761853,60.9897824227085,0.4397190184039113,0.9264986997831907,1,0,1,0.005076142131979695,0.0,0.005076142131979695,105,0.830555260181427,0.048147283494472504,0.7903946042060852,0.4834006726741791,0.022134386003017426,-0.10000000149011612,0.29956646206699467,0.0009331238959142369,0.0006472933007185925,0.0015804171966328294,0.5312186866446302,-2.4000000357627864,0.0020491967953379154,0.4388798269432617,0.6584781408309937,0.7523581385612488,False,False,False,-0.2996688824342952,False
pure,4,5,1,0.049175553646413336,197,-44.5006222465698,0.3095928041761853,60.9897824227085,0.4397190184039113,0.9264986997831907,1,0,1,0.005076142131979695,0.0,0.005076142131979695,106,0.8327686786651611,0.03814728185534477,0.7903946042060852,0.4834006726741791,0.0221363827586174,-0.10000000149011612,0.297028477921939,0.0009794412802553796,0.000644006219776568,0.0016234475000319476,0.5312662822958564,-2.400000035762787,0.00206595907818359,0.4388884351060875,0.6606266498565674,0.7505826354026794,False,False,False,-0.29713089872137316,False
pure,4,5,1,0.049175553646413336,197,-44.5006222465698,0.3095928041761853,60.9897824227085,0.4397190184039113,0.9264986997831907,1,0,1,0.005076142131979695,0.0,0.005076142131979695,107,0.8349823355674744,0.02814728207886219,0.7903946042060852,0.4834006726741791,0.022138673812150955,-0.10000000149011612,0.29448206158138934,0.001053620459776585,0.0006387499193985297,0.0016923703791751148,0.5313207447045476,-2.4000000357627873,0.002092810236724392,0.4388971551487405,0.662753701210022,0.7487824559211731,False,False,False,-0.29458448287256184,False
pure,4,5,1,0.049175553646413336,197,-44.5006222465698,0.3095928041761853,60.9897824227085,0.4397190184039113,0.9264986997831907,1,0,1,0.005076142131979695,0.0,0.005076142131979695,108,0.8371961712837219,0.018147282302379608,0.7903946042060852,0.4834006726741791,0.022141296416521072,-0.10000000149011612,0.2919272694471445,0.0011387455345342145,0.000632718057416232,0.0017714635919504466,0.5313830871776074,-2.400000035762787,0.0021236334780772234,0.43890600362156584,0.6648589968681335,0.7469577789306641,False,False,False,-0.2920296913120117,False
pure,4,5,1,0.049175553646413336,197,-44.5006222465698,0.3095928041761853,60.9897824227085,0.4397190184039113,0.9264986997831907,1,0,1,0.005076142131979695,0.0,0.005076142131979695,109,0.8394102454185486,0.008147282525897026,0.7903946042060852,0.4834006726741791,0.022144194692373276,-0.10000000149011612,0.2893640523471051,0.0012112311129880034,0.000627575881593104,0.0018388069945811073,0.5314521348598452,-2.400000035762787,0.0021498934990734526,0.43891496151114534,0.6669423580169678,0.7451087236404419,False,False,False,-0.28946647483782106,False
pure,4,5,1,0.049175553646413336,197,-44.5006222465698,0.3095928041761853,60.9897824227085,0.4397190184039113,0.9264986997831907,1,0,1,0.005076142131979695,0.0,0.005076142131979695,110,0.8416246175765991,-0.001852717949077487,0.7903946042060852,0.4834006726741791,0.02214701846241951,-0.10000000149011612,0.28679231112616793,0.0011986435089949335,0.000628439168552429,0.0018270826775473627,0.5315199940687824,-2.4000000357627873,0.0021453570177921376,0.4389239004987195,0.6690037250518799,0.7432354092597961,False,False,False,-0.2868947342278315,False
pure,4,5,1,0.049175553646413336,197,-44.5006222465698,0.3095928041761853,60.9897824227085,0.4397190184039113,0.9264986997831907,1,0,1,0.005076142131979695,0.0,0.005076142131979695,111,0.8438392877578735,-0.011852717958390713,0.7903946042060852,0.4834006726741791,0.02214997634291649,-0.10000000149011612,0.28421221114059,0.001230206559919156,0.0006261849354527421,0.001856391495371898,0.5315907607182624,-2.4000000357627864,0.0021568103085087198,0.4389328872083383,0.671042799949646,0.7413381338119507,False,False,False,-0.2843146348830035,False
pure,4,5,1,0.049175553646413336,197,-44.5006222465698,0.3095928041761853,60.9897824227085,0.4397190184039113,0.9264986997831907,1,0,1,0.005076142131979695,0.0,0.005076142131979695,112,0.8460542559623718,-0.02185271866619587,0.7903946042060852,0.4834006726741791,0.022152919322252274,-0.10000000149011612,0.2816235723781745,0.0012290662242366627,0.0006262391695560116,0.0018553053937926743,0.5316614002603489,-2.4000000357627873,0.00215642109912085,0.4389418722962513,0.6730594635009766,0.7394168972969055,False,False,False,-0.2817259967538874,False
pure,4,5,1,0.049175553646413336,197,-44.5006222465698,0.3095928041761853,60.9897824227085,0.4397190184039113,0.9264986997831907,1,0,1,0.005076142131979695,0.0,0.005076142131979695,113,0.848269522190094,-0.03185271844267845,0.7903946042060852,0.4834006726741791,0.022155974060297012,-0.10000000149011612,0.27902648185392015,0.0012560715812761916,0.0006243057757119733,0.0018803773569881649,0.5317345236173654,-2.400000035762787,0.002166230507934857,0.438950898256701,0.6750534772872925,0.7374719381332397,False,False,False,-0.27912890688528413,False
pure,4,5,1,0.049175553646413336,197,-44.5006222465698,0.3095928041761853,60.9897824227085,0.4397190184039113,0.9264986997831907,1,0,1,0.005076142131979695,0.0,0.005076142131979695,114,0.85048508644104,-0.04185272008180618,0.7903946042060852,0.4834006726741791,0.022159084677696228,-0.10000000149011612,0.27642100818338255,0.0012716358218771795,0.0006231794439472902,0.0018948152658244699,0.5318090687253259,-2.4000000357627864,0.002171898149950397,0.43895994783232584,0.677024781703949,0.7355035543441772,False,False,False,-0.27652343389274936,False
pure,4,5,1,0.049175553646413336,197,-44.5006222465698,0.3095928041761853,60.9897824227085,0.4397190184039113,0.9264986997831907,1,0,1,0.005076142131979695,0.0,0.005076142131979695,115,0.85270094871521,-0.051852717995643616,0.7903946042060852,0.4834006726741791,0.022162359207868576,-0.10000000149011612,0.2738069935798753,0.001312373228566256,0.0006202748317361188,0.0019326480603023746,0.531887370298579,-2.400000035762787,0.0021866943637418035,0.4389690590588414,0.6789730787277222,0.7335116863250732,False,False,False,-0.27390941999704727,False
pure,4,5,1,0.049175553646413336,197,-44.5006222465698,0.3095928041761853,60.9897824227085,0.4397190184039113,0.9264986997831907,1,0,1,0.005076142131979695,0.0,0.005076142131979695,116,0.8549171686172485,-0.06185271963477135,0.7903946042060852,0.4834006726741791,0.022165440022945404,-0.10000000149011612,0.2711844307753815,0.0012689074164232651,0.0006233153417112465,0.0018922227581345116,0.5319616162433608,-2.400000035762787,0.0021709668825021927,0.4389781047541852,0.6808983683586121,0.7314965724945068,False,False,False,-0.27128685786310575,False
pure,4,5,1,0.049175553646413336,197,-44.5006222465698,0.3095928041761853,60.9897824227085,0.4397190184039113,0.9264986997831907,1,0,1,0.005076142131979695,0.0,0.005076142131979695,117,0.8571336269378662,-0.07185272127389908,0.7903946042060852,0.4834006726741791,0.022168833762407303,-0.10000000149011612,0.2685534595185485,0.001341305310376658,0.0006181749494779767,0.0019594802598546348,0.532042555670304,-2.4000000357627873,0.0021972514061217507,0.43898725996837734,0.68280029296875,0.7294584512710571,False,False,False,-0.2686558873364296,False
pure,4,5,1,0.049175553646413336,197,-44.5006222465698,0.3095928041761853,60.9897824227085,0.4397190184039113,0.9264986997831907,1,0,1,0.005076142131979695,0.0,0.005076142131979695,118,0.8593505024909973,-0.08185271918773651,0.7903946042060852,0.4834006726741791,0.0221719890832901,-0.10000000149011612,0.2659139435938417,0.0012893343368296521,0.0006218151270546915,0.0019111494638843437,0.5321186497058299,-2.4000000357627864,0.002178435173502257,0.43899633678160027,0.6846789121627808,0.7273974418640137,False,False,False,-0.2660163720897256,False
pure,4,5,1,0.049175553646413336,197,-44.5006222465698,0.3095928041761853,60.9897824227085,0.4397190184039113,0.9264986997831907,1,0,1,0.005076142131979695,0.0,0.005076142131979695,119,0.8615676760673523,-0.09185271710157394,0.7903946042060852,0.4834006726741791,0.022175248712301254,-0.10000000149011612,0.2632660483149799,0.0013109749966827503,0.0006202585793508692,0.0019312335760336195,0.5321967282608562,-2.4000000357627864,0.002186317216690608,0.43900544643666983,0.6865338087081909,0.7253137826919556,False,False,False,-0.2633684775261196,False
pure,4,5,1,0.049175553646413336,197,-44.5006222465698,0.3095928041761853,60.9897824227085,0.4397190184039113,0.9264986997831907,1,0,1,0.005076142131979695,0.0,0.005076142131979695,120,0.8637851476669312,-0.10185272246599197,0.7903946042060852,0.4834006726741791,0.022178541868925095,-0.10000000149011612,0.26060955500641214,0.0013208008717196862,0.00061953566869932,0.0019403365404190064,0.532275694758947,-2.400000035762787,0.002189915828667509,0.43901457108595593,0.6883649826049805,0.7232074737548828,False,False,False,-0.26071198492535697,False
pure,4,5,1,0.049175553646413336,197,-44.5006222465698,0.3095928041761853,60.9897824227085,0.4397190184039113,0.9264986997831907,1,0,1,0.005076142131979695,0.0,0.005076142131979695,121,0.8660029768943787,-0.1118527203798294,0.7903946042060852,0.4834006726741791,0.022181879729032516,-0.10000000149011612,0.25794462349783825,0.001332482325837944,0.0006186813876890468,0.0019511637135269906,0.5323557210609899,-2.4000000357627864,0.002194189941951966,0.4390237135440474,0.6901723146438599,0.7210788726806641,False,False,False,-0.2580470541394894,False
pure,4,5,1,0.049175553646413336,197,-44.5006222465698,0.3095928041761853,60.9897824227085,0.4397190184039113,0.9264986997831907,1,0,1,0.005076142131979695,0.0,0.005076142131979695,122,0.86822110414505,-0.12185271829366684,0.7903946042060852,0.4834006726741791,0.022185344249010086,-0.10000000149011612,0.25527113270520163,0.0013640046075237087,0.0006164255363256143,0.001980430143849323,0.5324386473453795,-2.4000000357627864,0.002205670077429358,0.4390329038360367,0.69195556640625,0.7189279794692993,False,False,False,-0.2553735640993614,False
pure,4,5,1,0.049175553646413336,197,-44.5006222465698,0.3095928041761853,60.9897824227085,0.4397190184039113,0.9264986997831907,1,0,1,0.005076142131979695,0.0,0.005076142131979695,123,0.8704395890235901,-0.13185271620750427,0.7903946042060852,0.4834006726741791,0.022188659757375717,-0.10000000149011612,0.2525892691473869,0.001330651086965634,0.0006187502047029207,0.0019494012916685547,0.5325184546493106,-2.400000035762787,0.002193596773923606,0.4390420438225947,0.6937145590782166,0.7167551517486572,False,False,False,-0.2526917012568024,False
pure,4,5,1,0.049175553646413336,197,-44.5006222465698,0.3095928041761853,60.9897824227085,0.4397190184039113,0.9264986997831907,1,0,1,0.005076142131979695,0.0,0.005076142131979695,124,0.8726584315299988,-0.1418527215719223,0.7903946042060852,0.4834006726741791,0.022192049771547318,-0.10000000149011612,0.2498989009254008,0.0013464517639658075,0.0006176047148803238,0.001964056478846131,0.5325997036132094,-2.400000035762787,0.002199371148217715,0.4390512078690456,0.6954492330551147,0.7145604491233826,False,False,False,-0.2500013337724238,False
pure,4,5,1,0.049175553646413336,197,-44.5006222465698,0.3095928041761853,60.9897824227085,0.4397190184039113,0.9264986997831907,1,0,1,0.005076142131979695,0.0,0.005076142131979695,125,0.8748775720596313,-0.15185272693634033,0.7903946042060852,0.4834006726741791,0.022195525467395782,-0.10000000149011612,0.2471999988870222,0.0013684153841345703,0.00061602345898485,0.0019844388431194205,0.5326829654958402,-2.4000000357627864,0.0022073878884452873,0.4390604053185808,0.6971594095230103,0.7123439908027649,False,False,False,-0.24730243248655387,False
pure,4,5,1,0.049175553646413336,197,-44.5006222465698,0.3095928041761853,60.9897824227085,0.4397190184039113,0.9264986997831907,1,0,1,0.005076142131979695,0.0,0.005076142131979695,126,0.8770971298217773,-0.16185271739959717,0.7903946042060852,0.4834006726741791,0.022198766469955444,-0.10000000149011612,0.24449264606895788,0.0013137855371464985,0.0006198505656692773,0.0019336361028157757,0.5327611346335468,-2.400000035762787,0.0021875752532091613,0.4390695202154692,0.6988449096679688,0.7101060152053833,False,False,False,-0.24459508036884411,False
pure,4,5,1,0.049175553646413336,197,-44.5006222465698,0.3095928041761853,60.9897824227085,0.4397190184039113,0.9264986997831907,1,0,1,0.005076142131979695,0.0,0.005076142131979695,127,0.8793169260025024,-0.1718527227640152,0.7903946042060852,0.4834006726741791,0.0222022645175457,-0.10000000149011612,0.24177698316028712,0.0013719706542210696,0.0006157124594101148,0.0019876831136311844,0.5328446776389588,-2.4000000357627873,0.0022087571855824066,0.4390787233704091,0.7005055546760559,0.7078468203544617,False,False,False,-0.24187941822013256,False
pure,4,5,1,0.049175553646413336,197,-44.5006222465698,0.3095928041761853,60.9897824227085,0.4397190184039113,0.9264986997831907,1,0,1,0.005076142131979695,0.0,0.005076142131979695,128,0.881537139415741,-0.18185271322727203,0.7903946042060852,0.4834006726741791,0.022205684334039688,-0.10000000149011612,0.23905283257145735,0.001357521316858456,0.0006167018788462601,0.001974223195704716,0.5329268550856764,-2.4000000357627873,0.0022035440973911455,0.4390879048041482,0.702141284942627,0.70556640625,False,False,False,-0.23915526836891027,False
pure,4,5,1,0.049175553646413336,197,-44.5006222465698,0.3095928041761853,60.9897824227085,0.4397190184039113,0.9264986997831907,1,0,1,0.005076142131979695,0.0,0.005076142131979695,129,0.8837576508522034,-0.19185271859169006,0.7903946042060852,0.4834006726741791,0.02220919355750084,-0.10000000149011612,0.23632030693111156,0.0013782472483845664,0.0006152076948894691,0.0019934549432740357,0.5330109303552631,-2.4000000357627864,0.0022111193378573065,0.43909711780138927,0.7037518620491028,0.7032650113105774,False,False,False,-0.2364227434885237,False
pure,4,5,1,0.049175553646413336,197,-44.5006222465698,0.3095928041761853,60.9897824227085,0.4397190184039113,0.9264986997831907,1,0,1,0.005076142131979695,0.0,0.005076142131979695,130,0.8859785199165344,-0.2018527239561081,0.7903946042060852,0.4834006726741791,0.022212665528059006,-0.10000000149011612,0.23357947761891562,0.0013710074216425356,0.0006156877790203307,0.0019866952006628662,0.5330943086809367,-2.4000000357627873,0.0022085269453044655,0.43910631999699473,0.7053371667861938,0.700942873954773,False,False,False,-0.23368191493628698,False
pure,4,5,1,0.049175553646413336,197,-44.5006222465698,0.3095928041761853,60.9897824227085,0.4397190184039113,0.9264986997831907,1,0,1,0.005076142131979695,0.0,0.005076142131979695,131,0.8881997466087341,-0.21185271441936493,0.7903946042060852,0.4834006726741791,0.022216085344552994,-0.10000000149011612,0.23083034241524797,0.001358207516086682,0.0006165607826672398,0.001974768298753922,0.5331764745010968,-2.4000000357627873,0.002203910195519297,0.4391155029561427,0.7068971395492554,0.698600172996521,False,False,False,-0.2309327804702268,False
pure,4,5,1,0.049175553646413336,197,-44.5006222465698,0.3095928041761853,60.9897824227085,0.4397190184039113,0.9264986997831907,1,0,1,0.005076142131979695,0.0,0.005076142131979695,132,0.8904213309288025,-0.22185271978378296,0.7903946042060852,0.4834006726741791,0.02221955731511116,-0.10000000149011612,0.22807285614596667,0.0013700923934066777,0.0006156909746291286,0.0019857833680358063,0.533259718020063,-2.400000035762787,0.002208273444498212,0.4391247040954948,0.7084315419197083,0.6962369680404663,False,False,False,-0.22817529495345415,False
pure,4,5,1,0.049175553646413336,197,-44.5006222465698,0.3095928041761853,60.9897824227085,0.4397190184039113,0.9264986997831907,1,0,1,0.005076142131979695,0.0,0.005076142131979695,133,0.8926432132720947,-0.231852725148201,0.7903946042060852,0.4834006726741791,0.022223185747861862,-0.10000000149011612,0.22530707893821367,0.0014088048960729984,0.0006129261754811282,0.0020217310715541265,0.5333465275283924,-2.400000035762786,0.0022224040423601864,0.43913396411233796,0.7099403142929077,0.693853497505188,False,False,False,-0.2254095185354627,False
pure,4,5,1,0.049175553646413336,197,-44.5006222465698,0.3095928041761853,60.9897824227085,0.4397190184039113,0.9264986997831907,1,0,1,0.005076142131979695,0.0,0.005076142131979695,134,0.8948655128479004,-0.24185271561145782,0.7903946042060852,0.4834006726741791,0.02222658321261406,-0.10000000149011612,0.22253319475018551,0.0013562644269110812,0.000616604432303075,0.0019728688592141564,0.5334284370310596,-2.400000035762787,0.0022033206730268768,0.43914314461514226,0.7114232182502747,0.6914500594139099,False,False,False,-0.22263563508504203,False
pure,4,5,1,0.049175553646413336,197,-44.5006222465698,0.3095928041761853,60.9897824227085,0.4397190184039113,0.9264986997831907,1,0,1,0.005076142131979695,0.0,0.005076142131979695,135,0.8970881104469299,-0.25185272097587585,0.7903946042060852,0.4834006726741791,0.02223021537065506,-0.10000000149011612,0.21975102805491087,0.0014092339575722083,0.0006128332875560634,0.0020220672451282716,0.5335152354510495,-2.400000035762787,0.0022226476987309294,0.4391524056472203,0.7128802537918091,0.6890266537666321,False,False,False,-0.21985346917207835,False
pure,4,5,1,0.049175553646413336,197,-44.5006222465698,0.3095928041761853,60.9897824227085,0.4397190184039113,0.9264986997831907,1,0,1,0.005076142131979695,0.0,0.005076142131979695,136,0.8993111252784729,-0.2618527114391327,0.7903946042060852,0.4834006726741791,0.022233542054891586,-0.10000000149011612,0.21696090339950794,0.0013397852544081877,0.000617705630264283,0.001957490884672471,0.5335955654045365,-2.400000035762787,0.0021973970050717514,0.4391615614680748,0.7143111228942871,0.6865836977958679,False,False,False,-0.21706334523938173,False
pure,4,5,1,0.049175553646413336,197,-44.5006222465698,0.3095928041761853,60.9897824227085,0.4397190184039113,0.9264986997831907,1,0,1,0.005076142131979695,0.0,0.005076142131979695,137,0.9015344381332397,-0.2718527317047119,0.7903946042060852,0.4834006726741791,0.02223711460828781,-0.10000000149011612,0.21416259845075838,0.0013942432153329991,0.0006138299619323666,0.0020080731772653656,0.533680922821366,-2.4000000357627864,0.0022172729363862933,0.43917080010530973,0.7157158255577087,0.6841211318969727,False,False,False,-0.21426504107294314,False
pure,4,5,1,0.049175553646413336,197,-44.5006222465698,0.3095928041761853,60.9897824227085,0.4397190184039113,0.9264986997831907,1,0,1,0.005076142131979695,0.0,0.005076142131979695,138,0.9037581086158752,-0.28185272216796875,0.7903946042060852,0.4834006726741791,0.02224060893058777,-0.10000000149011612,0.21135634946320558,0.0013795362490935923,0.0006148369280342999,0.001994373177127892,0.533764890223408,-2.4000000357627864,0.0022119566638272546,0.43918001659140904,0.7170941829681396,0.6816393136978149,False,False,False,-0.21145879283789898,False
pure,4,5,1,0.049175553646413336,197,-44.5006222465698,0.3095928041761853,60.9897824227085,0.4397190184039113,0.9264986997831907,1,0,1,0.005076142131979695,0.0,0.005076142131979695,139,0.9059821367263794,-0.2918527126312256,0.7903946042060852,0.4834006726741791,0.022244174033403397,-0.10000000149011612,0.2085422302337258,0.0013957707311601359,0.0006136592961542331,0.002009430027314369,0.533850338256947,-2.400000035762787,0.002217915009675311,0.43918925790394936,0.7184460163116455,0.6791384220123291,False,False,False,-0.20864467438327958,False
pure,4,5,1,0.049175553646413336,197,-44.5006222465698,0.3095928041761853,60.9897824227085,0.4397190184039113,0.9264986997831907,1,0,1,0.005076142131979695,0.0,0.005076142131979695,140,0.9082065224647522,-0.3018527328968048,0.7903946042060852,0.4834006726741791,0.022247690707445145,-0.10000000149011612,0.20572022293838454,0.0013855307068421393,0.0006143507740313814,0.001999881480873521,0.5339348106140968,-2.4000000357627864,0.0022142249552039844,0.4391984838412627,0.7197712659835815,0.6766185760498047,False,False,False,-0.2058226678553481,False
pure,4,5,1,0.049175553646413336,197,-44.5006222465698,0.3095928041761853,60.9897824227085,0.4397190184039113,0.9264986997831907,1,0,1,0.005076142131979695,0.0,0.005076142131979695,141,0.9104312062263489,-0.31185272336006165,0.7903946042060852,0.4834006726741791,0.022251296788454056,-0.10000000149011612,0.20289031613174371,0.0014065609630676853,0.00061283427777402,0.0020193952408417053,0.534021208319698,-2.4000000357627864,0.0022219356736470327,0.4392077419065696,0.721069872379303,0.6740798950195312,False,False,False,-0.20299276183101825,False
pure,4,5,1,0.049175553646413336,197,-44.5006222465698,0.3095928041761853,60.9897824227085,0.4397190184039113,0.9264986997831907,1,0,1,0.005076142131979695,0.0,0.005076142131979695,142,0.912656307220459,-0.3218527138233185,0.7903946042060852,0.4834006726741791,0.022254783660173416,-0.10000000149011612,0.20005281046279708,0.0013796431989978812,0.0006147032075950068,0.001994346406592888,0.5341050829795924,-2.4000000357627864,0.0022121621654945097,0.4392169592489258,0.7223415374755859,0.6715227365493774,False,False,False,-0.20015525691458025,False
pure,4,5,1,0.049175553646413336,197,-44.5006222465698,0.3095928041761853,60.9897824227085,0.4397190184039113,0.9264986997831907,1,0,1,0.005076142131979695,0.0,0.005076142131979695,143,0.9148817658424377,-0.3318527340888977,0.7903946042060852,0.4834006726741791,0.02225830778479576,-0.10000000149011612,0.19720782003801668,0.0013869533235894127,0.0006141558676048854,0.0020011091911942983,0.5341896104427337,-2.4000000357627864,0.002214870159846133,0.43922618787459183,0.7235862016677856,0.6689473390579224,False,False,False,-0.19731026725720965,False
pure,4,5,1,0.049175553646413336,197,-44.5006222465698,0.3095928041761853,60.9897824227085,0.4397190184039113,0.9264986997831907,1,0,1,0.005076142131979695,0.0,0.005076142131979695,144,0.9171075224876404,-0.34185272455215454,0.7903946042060852,0.4834006726741791,0.02226193994283676,-0.10000000149011612,0.19435522247759435,0.0014137019541392896,0.0006122355214721394,0.002025937475611429,0.5342765936892808,-2.400000035762787,0.0022246731379778027,0.43923545734600006,0.7248038649559021,0.666353702545166,False,False,False,-0.19445767048654888,False
pure,4,5,1,0.049175553646413336,197,-44.5006222465698,0.3095928041761853,60.9897824227085,0.4397190184039113,0.9264986997831907,1,0,1,0.005076142131979695,0.0,0.005076142131979695,145,0.9193336963653564,-0.3518527150154114,0.7903946042060852,0.4834006726741791,0.022265363484621048,-0.10000000149011612,0.191495208558016,0.001365691748880444,0.0006155938116543618,0.001981285560534806,0.5343590971076769,-2.4000000357627864,0.002207194979844977,0.4392446539917494,0.7259942889213562,0.6637420654296875,False,False,False,-0.19159765731202857,False
pure,4,5,1,0.049175553646413336,197,-44.5006222465698,0.3095928041761853,60.9897824227085,0.4397190184039113,0.9264986997831907,1,0,1,0.005076142131979695,0.0,0.005076142131979695,146,0.9215601682662964,-0.3618527352809906,0.7903946042060852,0.4834006726741791,0.022268932312726974,-0.10000000149011612,0.18862804979065997,0.0013974850380354458,0.0006133179620594849,0.002010803000094931,0.5344445248768626,-2.400000035762787,0.0022188413580521015,0.4392538991640746,0.7271573543548584,0.6611127853393555,False,False,False,-0.18873049931953295,False
pure,4,5,1,0.049175553646413336,197,-44.5006222465698,0.3095928041761853,60.9897824227085,0.4397190184039113,0.9264986997831907,1,0,1,0.005076142131979695,0.0,0.005076142131979695,147,0.9237870573997498,-0.37185272574424744,0.7903946042060852,0.4834006726741791,0.022272370755672455,-0.10000000149011612,0.18575369047018794,0.0013686372313729586,0.000615323566240544,0.0019839607976135025,0.5345272508507177,-2.4000000357627864,0.002208350477680716,0.4392631006243983,0.7282929420471191,0.6584658622741699,False,False,False,-0.18585614075156956,False
pure,4,5,1,0.049175553646413336,197,-44.5006222465698,0.3095928041761853,60.9897824227085,0.4397190184039113,0.9264986997831907,1,0,1,0.005076142131979695,0.0,0.005076142131979695,148,0.926014244556427,-0.3818527162075043,0.7903946042060852,0.4834006726741791,0.022275932133197784,-0.10000000149011612,0.18287234611667533,0.0013964099613539731,0.0006133315751663575,0.0020097415365203306,0.5346125281461901,-2.4000000357627864,0.0022185340621016757,0.4392723445163237,0.7294009923934937,0.6558015942573547,False,False,False,-0.18297479716546675,False
pure,4,5,1,0.049175553646413336,197,-44.5006222465698,0.3095928041761853,60.9897824227085,0.4397190184039113,0.9264986997831907,1,0,1,0.005076142131979695,0.0,0.005076142131979695,149,0.9282417893409729,-0.3918527364730835,0.7903946042060852,0.4834006726741791,0.022279486060142517,-0.10000000149011612,0.1799841512311363,0.0013968376466129324,0.0006132697757942576,0.00201010742240719,0.534697819378185,-2.4000000357627864,0.002218733527507745,0.43928158923935495,0.7304813861846924,0.6531201601028442,False,False,False,-0.1800866030547881,False
pure,4,5,1,0.049175553646413336,197,-44.5006222465698,0.3095928041761853,60.9897824227085,0.4397190184039113,0.9264986997831907,1,0,1,0.005076142131979695,0.0,0.005076142131979695,150,0.9304696917533875,-0.40185272693634033,0.7903946042060852,0.4834006726741791,0.022282999008893967,-0.10000000149011612,0.1770891400597231,0.0013872724698357965,0.0006139136798427849,0.0020011861496785814,0.5347821975714845,-2.4000000357627855,0.0022152814736271552,0.4392908195788284,0.7315340042114258,0.6504216194152832,False,False,False,-0.17719159264333412,False
pure,4,5,1,0.049175553646413336,197,-44.5006222465698,0.3095928041761853,60.9897824227085,0.4397190184039113,0.9264986997831907,1,0,1,0.005076142131979695,0.0,0.005076142131979695,151,0.9326979517936707,-0.41185271739959717,0.7903946042060852,0.4834006726741791,0.02228657528758049,-0.10000000149011612,0.17418784941487583,0.0014020799315438016,0.000612836704634156,0.002014916636177958,0.5348679238847431,-2.4000000357627886,0.0022207356951440198,0.4393000726442248,0.7325586080551147,0.6477065086364746,False,False,False,-0.1742903027807978,False
pure,4,5,1,0.049175553646413336,197,-44.5006222465698,0.3095928041761853,60.9897824227085,0.4397190184039113,0.9264986997831907,1,0,1,0.005076142131979695,0.0,0.005076142131979695,152,0.9349265694618225,-0.4218527376651764,0.7903946042060852,0.4834006726741791,0.022290080785751343,-0.10000000149011612,0.17128020589100204,0.0013863655789924294,0.0006139147137708638,0.0020002802927632933,0.5349521666085771,-2.4000000357627864,0.0022150346051989286,0.43930930195507983,0.7335553169250488,0.6449748277664185,False,False,False,-0.17138266001688324,False
pure,4,5,1,0.049175553646413336,197,-44.5006222465698,0.3095928041761853,60.9897824227085,0.4397190184039113,0.9264986997831907,1,0,1,0.005076142131979695,0.0,0.005076142131979695,153,0.937155544757843,-0.4318527281284332,0.7903946042060852,0.4834006726741791,0.022293541580438614,-0.10000000149011612,0.1683664590535289,0.0013747615430803272,0.0006147030003961439,0.001989464543476471,0.5350353074758991,-2.4000000357627873,0.0022108331878422623,0.4393185137600292,0.7345238327980042,0.6422267556190491,False,False,False,-0.16846891393191873,False
pure,4,5,1,0.049175553646413336,197,-44.5006222465698,0.3095928041761853,60.9897824227085,0.4397190184039113,0.9264986997831907,1,0,1,0.005076142131979695,0.0,0.005076142131979695,154,0.9393848776817322,-0.44185271859169006,0.7903946042060852,0.4834006726741791,0.022296972572803497,-0.10000000149011612,0.1654467569774155,0.0013670274733925856,0.0006152183967808233,0.0019822458701734087,0.5351177058087665,-2.4000000357627864,0.002208044779615295,0.4393277139466109,0.7354642152786255,0.6394624710083008,False,False,False,-0.16554921260831398,False
pure,4,5,1,0.049175553646413336,197,-44.5006222465698,0.3095928041761853,60.9897824227085,0.4397190184039113,0.9264986997831907,1,0,1,0.005076142131979695,0.0,0.005076142131979695,155,0.9416145086288452,-0.4518527388572693,0.7903946042060852,0.4834006726741791,0.022300466895103455,-0.10000000149011612,0.16252149774404828,0.0013819583035526827,0.0006141334527366145,0.001996091756289297,0.5352014642991445,-2.4000000357627873,0.0022135464161927563,0.43933693705667837,0.736376166343689,0.6366822719573975,False,False,False,-0.1626239541274554,False
pure,4,5,1,0.049175553646413336,197,-44.5006222465698,0.3095928041761853,60.9897824227085,0.4397190184039113,0.9264986997831907,1,0,1,0.005076142131979695,0.0,0.005076142131979695,156,0.9438444972038269,-0.4618527293205261,0.7903946042060852,0.4834006726741791,0.02230403572320938,-0.10000000149011612,0.15959086886558244,0.0014011811357960758,0.000612744902054601,0.0020139260378506767,0.5352869806752911,-2.400000035762787,0.0022206218064039643,0.4393461896475384,0.7372597455978394,0.6338863372802734,False,False,False,-0.15969332603130051,False
pure,4,5,1,0.049175553646413336,197,-44.5006222465698,0.3095928041761853,60.9897824227085,0.4397190184039113,0.9264986997831907,1,0,1,0.005076142131979695,0.0,0.005076142131979695,157,0.946074903011322,-0.47185271978378296,0.7903946042060852,0.4834006726741791,0.022307347506284714,-0.10000000149011612,0.15665508360144934,0.001340990349910338,0.0006169639723318952,0.0019579543222422334,0.5353668877434632,-2.4000000357627864,0.0021986353857864145,0.43935535062831255,0.7381148338317871,0.6310747861862183,False,False,False,-0.15675754148987373,False
pure,4,5,1,0.049175553646413336,197,-44.5006222465698,0.3095928041761853,60.9897824227085,0.4397190184039113,0.9264986997831907,1,0,1,0.005076142131979695,0.0,0.005076142131979695,158,0.948305606842041,-0.4818527102470398,0.7903946042060852,0.4834006726741791,0.022310733795166016,-0.10000000149011612,0.1537146247942659,0.0013548963891639306,0.0006159523299346938,0.0019708487190986243,0.5354480606553664,-2.4000000357627864,0.002203762257838222,0.43936453297105355,0.7389412522315979,0.6282479763031006,False,False,False,-0.15381708342029776,False
pure,4,5,1,0.049175553646413336,197,-44.5006222465698,0.3095928041761853,60.9897824227085,0.4397190184039113,0.9264986997831907,1,0,1,0.005076142131979695,0.0,0.005076142131979695,159,0.9505366086959839,-0.491852730512619,0.7903946042060852,0.4834006726741791,0.022314392030239105,-0.10000000149011612,0.1507696819892386,0.0014215139883348115,0.0006112176781266788,0.0020327316664614905,0.5355353887212689,-2.400000035762787,0.002228193495678481,0.43937381711061885,0.739738941192627,0.6254059672355652,False,False,False,-0.1508721414124826,False
pure,4,5,1,0.049175553646413336,197,-44.5006222465698,0.3095928041761853,60.9897824227085,0.4397190184039113,0.9264986997831907,1,0,1,0.005076142131979695,0.0,0.005076142131979695,160,0.9527680277824402,-0.5018527507781982,0.7903946042060852,0.4834006726741791,0.022317763417959213,-0.10000000149011612,0.14782075551354124,0.0013575097529731947,0.0006157053951336344,0.0019732151481068293,0.5356167531812568,-2.4000000357627864,0.0022047979366394558,0.43938300376868816,0.7405078411102295,0.6225491166114807,False,False,False,-0.14792321566694214,False
pure,4,5,1,0.049175553646413336,197,-44.5006222465698,0.3095928041761853,60.9897824227085,0.4397190184039113,0.9264986997831907,1,0,1,0.005076142131979695,0.0,0.005076142131979695,161,0.9549997448921204,-0.5118527412414551,0.7903946042060852,0.4834006726741791,0.022321220487356186,-0.10000000149011612,0.14486817431625848,0.001373838180990512,0.0006145221490610089,0.0019883603300515206,0.5356996077505396,-2.4000000357627873,0.0022108177543927786,0.43939221550933144,0.741247832775116,0.6196775436401367,False,False,False,-0.14497063522216802,False
pure,4,5,1,0.049175553646413336,197,-44.5006222465698,0.3095928041761853,60.9897824227085,0.4397190184039113,0.9264986997831907,1,0,1,0.005076142131979695,0.0,0.005076142131979695,162,0.9572318196296692,-0.5218527317047119,0.7903946042060852,0.4834006726741791,0.02232459932565689,-0.10000000149011612,0.14191228416839768,0.0013564311511635933,0.0006157207857445953,0.0019721519369081887,0.5357808225688774,-2.4000000357627864,0.002204479705735399,0.4394014008414387,0.7419588565826416,0.6167913675308228,False,False,False,-0.1420147458119147,False
pure,4,5,1,0.049175553646413336,197,-44.5006222465698,0.3095928041761853,60.9897824227085,0.4397190184039113,0.9264986997831907,1,0,1,0.005076142131979695,0.0,0.005076142131979695,163,0.9594642519950867,-0.5318527221679688,0.7903946042060852,0.4834006726741791,0.02232801914215088,-0.10000000149011612,0.13895379244540781,0.0013653008468460187,0.0006150643430833324,0.0019803651899293513,0.5358628356437932,-2.400000035762787,0.0022077684286941927,0.4394105998765582,0.7426407337188721,0.6138910055160522,False,False,False,-0.1390562548339829,False
pure,4,5,1,0.049175553646413336,197,-44.5006222465698,0.3095928041761853,60.9897824227085,0.4397190184039113,0.9264986997831907,1,0,1,0.005076142131979695,0.0,0.005076142131979695,164,0.961696982383728,-0.5418527126312256,0.7903946042060852,0.4834006726741791,0.02233145385980606,-0.10000000149011612,0.13599301921313717,0.0013697583824611567,0.0006147191986130836,0.00198447758107424,0.5359452374471256,-2.4000000357627864,0.002209441580188807,0.43941980588314233,0.7432934045791626,0.6109764575958252,False,False,False,-0.1360954823467703,False
pure,4,5,1,0.049175553646413336,197,-44.5006222465698,0.3095928041761853,60.9897824227085,0.4397190184039113,0.9264986997831907,1,0,1,0.005076142131979695,0.0,0.005076142131979695,165,0.9639301300048828,-0.5518527030944824,0.7903946042060852,0.4834006726741791,0.022334687411785126,-0.10000000149011612,0.13303070559608746,0.0013219518167594444,0.0006180648559481719,0.0019400166727076163,0.5360231796747766,-2.400000035762787,0.0021919524925755793,0.4394289390185281,0.7439168691635132,0.608048141002655,False,False,False,-0.13313316943752576,False
pure,4,5,1,0.049175553646413336,197,-44.5006222465698,0.3095928041761853,60.9897824227085,0.4397190184039113,0.9264986997831907,1,0,1,0.005076142131979695,0.0,0.005076142131979695,166,0.9661635756492615,-0.561852753162384,0.7903946042060852,0.4834006726741791,0.022338010370731354,-0.10000000149011612,0.13006731939265506,0.0013403095877799183,0.0006167395739752161,0.0019570491617551342,0.5361028012887563,-2.4000000357627873,0.0021987187241998374,0.43943810034654557,0.7445109486579895,0.6051060557365417,False,False,False,-0.13016978395679968,False
pure,4,5,1,0.049175553646413336,197,-44.5006222465698,0.3095928041761853,60.9897824227085,0.4397190184039113,0.9264986997831907,1,0,1,0.005076142131979695,0.0,0.005076142131979695,167,0.968397319316864,-0.5718527436256409,0.7903946042060852,0.4834006726741791,0.02234138548374176,-0.10000000149011612,0.12710360809985988,0.0013543875074042903,0.0006157159203325035,0.001970103427736794,0.536183704768203,-2.4000000357627864,0.0022039187422295296,0.43944728334130484,0.7450756430625916,0.6021504998207092,False,False,False,-0.12720607340161197,False
pure,4,5,1,0.049175553646413336,197,-44.5006222465698,0.3095928041761853,60.9897824227085,0.4397190184039113,0.9264986997831907,1,0,1,0.005076142131979695,0.0,0.005076142131979695,168,0.9706314206123352,-0.5818527340888977,0.7903946042060852,0.4834006726741791,0.02234465256333351,-0.10000000149011612,0.12414045202968098,0.0013296496725276683,0.0006174330022813619,0.0019470826748090302,0.5362622890510936,-2.400000035762787,0.002194880204582118,0.4394564286754906,0.745610773563385,0.5991817712783813,False,False,False,-0.1242429180466888,False
pure,4,5,1,0.049175553646413336,197,-44.5006222465698,0.3095928041761853,60.9897824227085,0.4397190184039113,0.9264986997831907,1,0,1,0.005076142131979695,0.0,0.005076142131979695,169,0.9728658199310303,-0.5918527245521545,0.7903946042060852,0.4834006726741791,0.022348053753376007,-0.10000000149011612,0.12117855757467728,0.0013603875914064388,0.0006152331911781852,0.001975620782584624,0.536343700945878,-2.4000000357627864,0.002206194996325876,0.439465621154642,0.7461163997650146,0.5961999893188477,False,False,False,-0.1212810243292926,False
pure,4,5,1,0.049175553646413336,197,-44.5006222465698,0.3095928041761853,60.9897824227085,0.4397190184039113,0.9264986997831907,1,0,1,0.005076142131979695,0.0,0.005076142131979695,170,0.975100576877594,-0.6018527150154114,0.7903946042060852,0.4834006726741791,0.02235153689980507,-0.10000000149011612,0.1182189385015998,0.0013825112825749273,0.0006136406819067161,0.0019961519644816437,0.5364271405141307,-2.400000035762787,0.002214354232561811,0.439474847630611,0.7465922832489014,0.5932053923606873,False,False,False,-0.11832140601617433,False
pure,4,5,1,0.049175553646413336,197,-44.5006222465698,0.3095928041761853,60.9897824227085,0.4397190184039113,0.9264986997831907,1,0,1,0.005076142131979695,0.0,0.005076142131979695,171,0.9773356914520264,-0.6118527054786682,0.7903946042060852,0.4834006726741791,0.022354617714881897,-0.10000000149011612,0.11526258862329149,0.0012875848348976252,0.000620313623192042,0.0019078984580896672,0.5365017491959675,-2.4000000357627864,0.002179544234005821,0.43948392906491934,0.7470383644104004,0.5901981592178345,False,False,False,-0.11536505681586885,False
pure,4,5,1,0.049175553646413336,197,-44.5006222465698,0.3095928041761853,60.9897824227085,0.4397190184039113,0.9264986997831907,1,0,1,0.005076142131979695,0.0,0.005076142131979695,172,0.9795711636543274,-0.6218527555465698,0.7903946042060852,0.4834006726741791,0.022357773035764694,-0.10000000149011612,0.11231071091911866,0.0012990219053014068,0.0006194783345099557,0.0019185002398113625,0.5365773962792376,-2.400000035762787,0.0021837738166344887,0.43949302812248864,0.7474547624588013,0.587178647518158,False,False,False,-0.11241317979714945,False
pure,4,5,1,0.049175553646413336,197,-44.5006222465698,0.3095928041761853,60.9897824227085,0.4397190184039113,0.9264986997831907,1,0,1,0.005076142131979695,0.0,0.005076142131979695,173,0.9818068742752075,-0.6318527460098267,0.7903946042060852,0.4834006726741791,0.0223611481487751,-0.10000000149011612,0.10936448464428772,0.001352908006909018,0.0006156448707968942,0.001968552877705912,0.5366580191577417,-2.400000035762787,0.0022035966430201644,0.4395022097751679,0.7478411197662354,0.5841468572616577,False,False,False,-0.10946695425247539,False
pure,4,5,1,0.049175553646413336,197,-44.5006222465698,0.3095928041761853,60.9897824227085,0.4397190184039113,0.9264986997831907,1,0,1,0.005076142131979695,0.0,0.005076142131979695,174,0.9840429425239563,-0.6418527364730835,0.7903946042060852,0.4834006726741791,0.022364359349012375,-0.10000000149011612,0.10642533512987257,0.0013175443722788424,0.000618112475158721,0.0019356568474375635,0.536735337235539,-2.400000035762787,0.002190642585464226,0.43951133745260734,0.7481976747512817,0.5811031460762024,False,False,False,-0.1065278054458654,False
pure,4,5,1,0.049175553646413336,197,-44.5006222465698,0.3095928041761853,60.9897824227085,0.4397190184039113,0.9264986997831907,1,0,1,0.005076142131979695,0.0,0.005076142131979695,175,0.9862793684005737,-0.6518527269363403,0.7903946042060852,0.4834006726741791,0.022367458790540695,-0.10000000149011612,0.10349497176442177,0.001288408385470976,0.0006201415010035688,0.0019085498864745449,0.5368099292067168,-2.400000035762787,0.002179970038780568,0.43952042066110225,0.7485240697860718,0.5780477523803711,False,False,False,-0.10359744275841744,False
pure,4,5,1,0.049175553646413336,197,-44.5006222465698,0.3095928041761853,60.9897824227085,0.4397190184039113,0.9264986997831907,1,0,1,0.005076142131979695,0.0,0.005076142131979695,176,0.9885160326957703,-0.6618527173995972,0.7903946042060852,0.4834006726741791,0.022370722144842148,-0.10000000149011612,0.10057499289849456,0.001325989708567387,0.0006174598936019319,0.0019434496021693188,0.5368879848057493,-2.400000035762787,0.0021938117092326305,0.43952956154322403,0.748820424079895,0.5749807953834534,False,False,False,-0.10067746460029538,False
pure,4,5,1,0.049175553646413336,197,-44.5006222465698,0.3095928041761853,60.9897824227085,0.4397190184039113,0.9264986997831907,1,0,1,0.005076142131979695,0.0,0.005076142131979695,177,0.9907531142234802,-0.671852707862854,0.7903946042060852,0.4834006726741791,0.02237379178404808,-0.10000000149011612,0.09766741229138408,0.0012823008432187861,0.0006205163899677452,0.0019028172331865313,0.5369619641018952,-2.400000035762787,0.0021777861374582597,0.4395386356521301,0.7490866184234619,0.5719025135040283,False,False,False,-0.09776988466373715,False
pure,4,5,1,0.049175553646413336,197,-44.5006222465698,0.3095928041761853,60.9897824227085,0.4397190184039113,0.9264986997831907,1,0,1,0.005076142131979695,0.0,0.005076142131979695,178,0.9929904341697693,-0.6818526983261108,0.7903946042060852,0.4834006726741791,0.02237694337964058,-0.10000000149011612,0.09477443324438511,0.0012991460150915003,0.0006192994209604603,0.0019184454360519606,0.5370374836574308,-2.400000035762787,0.002184008739301296,0.43954773568854383,0.7493225336074829,0.5688130855560303,False,False,False,-0.0948769063021916,False
pure,4,5,1,0.049175553646413336,197,-44.5006222465698,0.3095928041761853,60.9897824227085,0.4397190184039113,0.9264986997831907,1,0,1,0.005076142131979695,0.0,0.005076142131979695,179,0.995228111743927,-0.6918527483940125,0.7903946042060852,0.4834006726741791,0.022380083799362183,-0.10000000149011612,0.09189869940496757,0.0012978769977436914,0.0006193611268511583,0.0019172381245948496,0.5371128626758315,-2.400000035762787,0.002183573156252088,0.4395568339100282,0.749528169631958,0.5657129287719727,False,False,False,-0.09200117314822748,False
pure,4,5,1,0.049175553646413336,197,-44.5006222465698,0.3095928041761853,60.9897824227085,0.4397190184039113,0.9264986997831907,1,0,1,0.005076142131979695,0.0,0.005076142131979695,180,0.9974660277366638,-0.7018527388572693,0.7903946042060852,0.4834006726741791,0.022383250296115875,-0.10000000149011612,0.0890427925090692,0.001304285854958004,0.0006188806675767483,0.0019231665225347523,0.5371888134230018,-2.400000035762787,0.0021859613951063887,0.4395659420825078,0.7497035264968872,0.5626020431518555,False,False,False,-0.0891452669452331,False
pure,4,5,1,0.049175553646413336,197,-44.5006222465698,0.3095928041761853,60.9897824227085,0.4397190184039113,0.9264986997831907,1,0,1,0.005076142131979695,0.0,0.005076142131979695,181,0.9997043609619141,-0.7118527293205261,0.7903946042060852,0.4834006726741791,0.022386297583580017,-0.10000000149011612,0.0862100594444328,0.0012763042887321819,0.0006208286852422185,0.0018971329739744004,0.5372621455593273,-2.4000000357627873,0.0021756988473347117,0.43957500749437173,0.7498484253883362,0.5594807863235474,False,False,False,-0.08631253455114896,False
pure,4,5,1,0.049175553646413336,197,-44.5006222465698,0.3095928041761853,60.9897824227085,0.4397190184039113,0.9264986997831907,1,0,1,0.005076142131979695,0.0,0.005076142131979695,182,1.0019429922103882,-0.721852719783783,0.7903946042060852,0.4834006726741791,0.022389203310012817,-0.10000000149011612,0.08340397140830418,0.0012405115962346445,0.0006233293022094413,0.001863840898444086,0.5373321352901685,-2.4000000357627864,0.0021625570924516287,0.4395840181489236,0.7499628663063049,0.5563492774963379,False,False,False,-0.08350644714831969,False
pure,4,5,1,0.049175553646413336,197,-44.5006222465698,0.3095928041761853,60.9897824227085,0.4397190184039113,0.9264986997831907,1,0,1,0.005076142131979695,0.0,0.005076142131979695,183,1.0041818618774414,-0.7318527102470398,0.7903946042060852,0.4834006726741791,0.022392403334379196,-0.10000000149011612,0.08062861153156033,0.0013089603079037664,0.000618469523795437,0.0019274298316992035,0.5374084533919172,-2.4000000357627864,0.002187773213849213,0.43959313387064797,0.7500467896461487,0.5532077550888062,False,False,False,-0.0807310879719304,False
pure,4,5,1,0.049175553646413336,197,-44.5006222465698,0.3095928041761853,60.9897824227085,0.4397190184039113,0.9264986997831907,1,0,1,0.005076142131979695,0.0,0.005076142131979695,184,1.0064209699630737,-0.7418527007102966,0.7903946042060852,0.4834006726741791,0.022395554929971695,-0.10000000149011612,0.07788866358950694,0.001302380509467138,0.0006189059975530338,0.0019212865070201719,0.5374841380659899,-2.4000000357627873,0.002185383281825974,0.43960223963432227,0.7501001358032227,0.550056517124176,False,False,False,-0.07799114071533043,False
pure,4,5,1,0.049175553646413336,197,-44.5006222465698,0.3095928041761853,60.9897824227085,0.4397190184039113,0.9264986997831907,1,0,1,0.005076142131979695,0.0,0.005076142131979695,185,1.0086605548858643,-0.7518527507781982,0.7903946042060852,0.4834006726741791,0.02239837497472763,-0.10000000149011612,0.07518928813144754,0.0012224229559214042,0.0006245247180026505,0.0018469476739240548,0.5375523827469985,-2.400000035762787,0.0021559757182212855,0.4396112228664815,0.7501228451728821,0.5468956828117371,False,False,False,-0.07529176587566923,False
pure,4,5,1,0.049175553646413336,197,-44.5006222465698,0.3095928041761853,60.9897824227085,0.4397190184039113,0.9264986997831907,1,0,1,0.005076142131979695,0.0,0.005076142131979695,186,1.0109003782272339,-0.7618527412414551,0.7903946042060852,0.4834006726741791,0.022401299327611923,-0.10000000149011612,0.07253653815379296,0.001242064017004553,0.0006231124350826914,0.0018651764520872444,0.5376224287698035,-2.4000000357627873,0.0021632313399922633,0.43962023633039815,0.750114917755127,0.5437256097793579,False,False,False,-0.07263901653876458,False
pure,4,5,1,0.049175553646413336,197,-44.5006222465698,0.3095928041761853,60.9897824227085,0.4397190184039113,0.9264986997831907,1,0,1,0.005076142131979695,0.0,0.005076142131979695,187,1.0131404399871826,-0.7718527317047119,0.7903946042060852,0.4834006726741791,0.022404354065656662,-0.10000000149011612,0.06993713807128486,0.001275014567386455,0.0006207595590034924,0.0018957741263899474,0.5376955102201877,-2.400000035762787,0.0021753925721575054,0.4396293004661155,0.750076174736023,0.5405463576316833,False,False,False,-0.07003961711935816,False
pure,4,5,1,0.049175553646413336,197,-44.5006222465698,0.3095928041761853,60.9897824227085,0.4397190184039113,0.9264986997831907,1,0,1,0.005076142131979695,0.0,0.005076142131979695,188,1.015380859375,-0.7818527221679688,0.7903946042060852,0.4834006726741791,0.022407233715057373,-0.10000000149011612,0.06739874456888242,0.001235462469242511,0.0006235257731879174,0.0018589882424304284,0.5377649006016545,-2.400000035762787,0.0021608502299192947,0.43963830400874016,0.7500067949295044,0.5373582243919373,False,False,False,-0.06750122425025507,False
pure,4,5,1,0.049175553646413336,197,-44.5006222465698,0.3095928041761853,60.9897824227085,0.4397190184039113,0.9264986997831907,1,0,1,0.005076142131979695,0.0,0.005076142131979695,189,1.0176215171813965,-0.7918527126312256,0.7903946042060852,0.4834006726741791,0.022410210222005844,-0.10000000149011612,0.06493033849764565,0.0012561689882058108,0.0006220378286895367,0.0018782068168953475,0.5378361908117727,-2.4000000357627864,0.0021685039547331857,0.4396473394418849,0.7499064803123474,0.5341615080833435,False,False,False,-0.0650328188272188,False
pure,4,5,1,0.049175553646413336,197,-44.5006222465698,0.3095928041761853,60.9897824227085,0.4397190184039113,0.9264986997831907,1,0,1,0.005076142131979695,0.0,0.005076142131979695,190,1.0198625326156616,-0.8018527030944824,0.7903946042060852,0.4834006726741791,0.022412966936826706,-0.10000000149011612,0.06254168565296563,0.0012049977542221914,0.0006256252632174261,0.0018306230174396174,0.5379027126645876,-2.4000000357627864,0.002149672214846778,0.43965629640944676,0.7497753500938416,0.5309563279151917,False,False,False,-0.0626441665860358,False
pure,4,5,1,0.049175553646413336,197,-44.5006222465698,0.3095928041761853,60.9897824227085,0.4397190184039113,0.9264986997831907,1,0,1,0.005076142131979695,0.0,0.005076142131979695,191,1.0221037864685059,-0.811852753162384,0.7903946042060852,0.4834006726741791,0.022415895015001297,-0.10000000149011612,0.0602440819619287,0.001242790112533716,0.0006229317625161206,0.0018657218750498367,0.5379727201490275,-2.4000000357627873,0.002163623429730545,0.4396653115070706,0.7496132850646973,0.5277429223060608,False,False,False,-0.06034656353574881,False
pure,4,5,1,0.049175553646413336,197,-44.5006222465698,0.3095928041761853,60.9897824227085,0.4397190184039113,0.9264986997831907,1,0,1,0.005076142131979695,0.0,0.005076142131979695,192,1.0243452787399292,-0.8218527436256409,0.7903946042060852,0.4834006726741791,0.022418994456529617,-0.10000000149011612,0.05805004953445789,0.0012868757323710026,0.0006197925398865857,0.0019066682722575883,0.538046795993853,-2.400000035762787,0.002179901482537775,0.4396743944299145,0.7494203448295593,0.5245214700698853,False,False,False,-0.05815253178628083,False
pure,4,5,1,0.049175553646413336,197,-44.5006222465698,0.3095928041761853,60.9897824227085,0.4397190184039113,0.9264986997831907,1,0,1,0.005076142131979695,0.0,0.005076142131979695,193,1.0265871286392212,-0.8318527340888977,0.7903946042060852,0.4834006726741791,0.022421706467866898,-0.10000000149011612,0.055973848159319044,0.0011970551107001073,0.0006261084097421611,0.0018231635204422683,0.5381125173958625,-2.4000000357627873,0.0021468105448529864,0.4396833394738514,0.7491964101791382,0.5212923884391785,False,False,False,-0.05607633099973786,False
pure,4,5,1,0.049175553646413336,197,-44.5006222465698,0.3095928041761853,60.9897824227085,0.4397190184039113,0.9264986997831907,1,0,1,0.005076142131979695,0.0,0.005076142131979695,194,1.0288293361663818,-0.8418527245521545,0.7903946042060852,0.4834006726741791,0.02242423966526985,-0.10000000149011612,0.05403077095729652,0.0011479147886263837,0.0006295544826460057,0.0017774692712723894,0.5381736605151034,-2.4000000357627873,0.002128708284619519,0.439692209091704,0.7489415407180786,0.5180556774139404,False,False,False,-0.05413325435650888,False
pure,4,5,1,0.049175553646413336,197,-44.5006222465698,0.3095928041761853,60.9897824227085,0.4397190184039113,0.9264986997831907,1,0,1,0.005076142131979695,0.0,0.005076142131979695,195,1.031071662902832,-0.8518527150154114,0.7903946042060852,0.4834006726741791,0.022427227348089218,-0.10000000149011612,0.05223795257055409,0.0012539115638869108,0.0006220463102009409,0.0018759578740878517,0.5382446177499645,-2.4000000357627864,0.002167822317124938,0.439701241684692,0.7486554980278015,0.5148116946220398,False,False,False,-0.05234043662541754,False
pure,4,5,1,0.049175553646413336,197,-44.5006222465698,0.3095928041761853,60.9897824227085,0.4397190184039113,0.9264986997831907,1,0,1,0.005076142131979695,0.0,0.005076142131979695,196,1.0333143472671509,-0.8618527054786682,0.7903946042060852,0.4834006726741791,0.02242991328239441,-0.10000000149011612,0.050613241170347024,0.0011890560730993425,0.0006266002742294035,0.001815656347328746,0.5383095373283456,-2.400000035762787,0.002143920905127107,0.43971017468846335,0.7483384609222412,0.5115606188774109,False,False,False,-0.050715725813806345,False
pure,4,5,1,0.049175553646413336,197,-44.5006222465698,0.3095928041761853,60.9897824227085,0.4397190184039113,0.9264986997831907,1,0,1,0.005076142131979695,0.0,0.005076142131979695,197,1.0355573892593384,-0.8718527555465698,0.7903946042060852,0.4834006726741791,0.022432375699281693,-0.10000000149011612,0.049175553646413336,0.0011309273632181128,0.0006306814168215714,0.0017616087800396843,0.5383690450727899,-2.4000000357627873,0.0021224917075091205,0.4397190184039113,0.7479902505874634,0.508302628993988,False,False,False,-0.04927803882631446,True
