mode,seed,episode_idx,success,final_distance,length,return,tau_effort,tau_sum_total,energy,target_radius,torque_sat1_count,torque_sat2_count,torque_sat_any_count,torque_sat1_rate,torque_sat2_rate,torque_sat_any_rate,step,theta1,theta2,target_x,target_y,action0,action1,distance,tau1,tau2,tau_sum,omega1,omega2,power,cumulative_energy,tip_x,tip_y,sat1,sat2,sat_any,reward,done
pirl,2,7,0,0.5088033615195725,200,-124.04638576446035,0.3276229871940767,65.52459743881533,0.44872620693984244,0.37775400341661713,1,0,1,0.005,0.0,0.005,0,0.0,0.0,0.24755188822746277,0.28533515334129333,0.0,0.0,0.804732446619593,0.0,0.0,0.0,0.0,0.0,0.0,0.0,1.0,0.0,False,False,False,0.0,False
pirl,2,7,0,0.5088033615195725,200,-124.04638576446035,0.3276229871940767,65.52459743881533,0.44872620693984244,0.37775400341661713,1,0,1,0.005,0.0,0.005,1,0.0,0.0,0.24755188822746277,0.28533515334129333,0.10000000149011612,0.10000000149011612,0.8004684894077775,20.0,3.1105159320256677,23.110515932025667,1.6857737576570138,2.400000035762787,41.18071350124259,0.17158630625517746,0.9999152421951294,0.012023617513477802,True,False,True,-0.812165168736548,False
pirl,2,7,0,0.5088033615195725,200,-124.04638576446035,0.3276229871940767,65.52459743881533,0.44872620693984244,0.37775400341661713,1,0,1,0.005,0.0,0.005,2,0.00702405720949173,0.009999999776482582,0.24755188822746277,0.28533515334129333,0.10000000149011612,0.10000000149011612,0.7951609588972322,7.70733011086543,0.5461881733495724,8.253518284215003,2.400000035762787,2.399748214650084,19.808306635571267,0.2541209172367244,0.9995849132537842,0.027018895372748375,False,False,False,-0.7994291394020973,False
pirl,2,7,0,0.5088033615195725,200,-124.04638576446035,0.3276229871940767,65.52459743881533,0.44872620693984244,0.37775400341661713,1,0,1,0.005,0.0,0.005,3,0.017024056985974312,0.019998950883746147,0.24755188822746277,0.28533515334129333,0.10000000149011612,0.10000000149011612,0.7898672692649787,0.012964453801222048,0.003658842271611695,0.01662329607283374,2.4000000357627864,2.39991467952911,0.039895598864300455,0.254287148898659,0.9990047216415405,0.04200625792145729,False,False,False,-0.7900170022757728,False
pirl,2,7,0,0.5088033615195725,200,-124.04638576446035,0.3276229871940767,65.52459743881533,0.44872620693984244,0.37775400341661713,1,0,1,0.005,0.0,0.005,4,0.027024056762456894,0.029998594895005226,0.24755188822746277,0.28533515334129333,0.10000000149011612,0.10000000149011612,0.7845894870577628,0.012838578235293366,0.003532966705674115,0.01637154494096748,2.400000035762787,2.3999155082770383,0.03929140981102116,0.2544508631062049,0.9981749653816223,0.05698089301586151,False,False,False,-0.7847390941929909,False
pirl,2,7,0,0.5088033615195725,200,-124.04638576446035,0.3276229871940767,65.52459743881533,0.44872620693984244,0.37775400341661713,1,0,1,0.005,0.0,0.005,5,0.037024058401584625,0.03999824449419975,0.24755188822746277,0.28533515334129333,0.10000000149011612,0.10000000149011612,0.7793294118096924,0.012837951561884416,0.0035323400322740633,0.016370291594158478,2.4000000357627864,2.399915512402972,0.03928840184618006,0.254614564780564,0.9970958232879639,0.07193826884031296,False,False,False,-0.7794790183182471,False
pirl,2,7,0,0.5088033615195725,200,-124.04638576446035,0.3276229871940767,65.52459743881533,0.44872620693984244,0.37775400341661713,1,0,1,0.005,0.0,0.005,6,0.04702405631542206,0.04999789223074913,0.24755188822746277,0.28533515334129333,0.10000000149011612,0.10000000149011612,0.7740889916093248,0.012837948441991012,0.0035323369123717585,0.01637028535436277,2.400000035762787,2.3999155124235125,0.0392883868710064,0.25477826639252654,0.9957677125930786,0.08687393367290497,False,False,False,-0.7742385981147596,False
pirl,2,7,0,0.5088033615195725,200,-124.04638576446035,0.3276229871940767,65.52459743881533,0.44872620693984244,0.37775400341661713,1,0,1,0.005,0.0,0.005,7,0.05702405795454979,0.05999753996729851,0.24755188822746277,0.28533515334129333,0.10000000149011612,0.10000000149011612,0.7688701345335136,0.012837948426449189,0.003532336896838834,0.016370285323288023,2.4000000357627864,2.3999155124236147,0.03928838679642867,0.25494196800417834,0.99419105052948,0.1017833799123764,False,False,False,-0.7690197410389329,False
pirl,2,7,0,0.5088033615195725,200,-124.04638576446035,0.3276229871940767,65.52459743881533,0.44872620693984244,0.37775400341661713,1,0,1,0.005,0.0,0.005,8,0.06702405959367752,0.06999718397855759,0.24755188822746277,0.28533515334129333,0.10000000149011612,0.10000000149011612,0.7636747273960719,0.012837948426382013,0.0035323368967627635,0.016370285323144777,2.400000035762787,2.3999155124236156,0.039288386796084894,0.2551056696158287,0.9923663139343262,0.11666218936443329,False,False,False,-0.7638243339014911,False
pirl,2,7,0,0.5088033615195725,200,-124.04638576446035,0.3276229871940767,65.52459743881533,0.44872620693984244,0.37775400341661713,1,0,1,0.005,0.0,0.005,9,0.07702405750751495,0.07999683171510696,0.24755188822746277,0.28533515334129333,0.10000000149011612,0.10000000149011612,0.7585049109341913,0.012837948426371815,0.0035323368967614625,0.016370285323133275,2.4000000357627864,2.399915512423616,0.0392883867960573,0.25526937122747895,0.9902942776679993,0.13150586187839508,False,False,False,-0.7586545174396104,False
pirl,2,7,0,0.5088033615195725,200,-124.04638576446035,0.3276229871940767,65.52459743881533,0.44872620693984244,0.37775400341661713,1,0,1,0.005,0.0,0.005,10,0.08702405542135239,0.08999648690223694,0.24755188822746277,0.28533515334129333,0.10000000149011612,0.10000000149011612,0.7533625753113993,0.01283794842638067,0.0035323368967614182,0.016370285323142088,2.400000035762787,2.399915512423615,0.03928838679607844,0.25543307283912925,0.987975537776947,0.1463099867105484,False,False,False,-0.7535121818168184,False
pirl,2,7,0,0.5088033615195725,200,-124.04638576446035,0.3276229871940767,65.52459743881533,0.44872620693984244,0.37775400341661713,1,0,1,0.005,0.0,0.005,11,0.09702406078577042,0.09999613463878632,0.24755188822746277,0.28533515334129333,0.10000000149011612,0.10000000149011612,0.7482497985539249,0.01283794842637249,0.003532336896762135,0.016370285323134625,2.4000000357627864,2.3999155124236164,0.03928838679606053,0.2555967744507795,0.9854109287261963,0.1610700935125351,False,False,False,-0.7483994050593441,False
pirl,2,7,0,0.5088033615195725,200,-124.04638576446035,0.3276229871940767,65.52459743881533,0.44872620693984244,0.37775400341661713,1,0,1,0.005,0.0,0.005,12,0.10702405869960785,0.1099957823753357,0.24755188822746277,0.28533515334129333,0.10000000149011612,0.10000000149011612,0.7431685801716068,0.01283794842638067,0.0035323368967614182,0.016370285323142088,2.400000035762787,2.3999155124236156,0.03928838679607845,0.2557604760624298,0.9826012849807739,0.17578183114528656,False,False,False,-0.743318186677026,False
pirl,2,7,0,0.5088033615195725,200,-124.04638576446035,0.3276229871940767,65.52459743881533,0.44872620693984244,0.37775400341661713,1,0,1,0.005,0.0,0.005,13,0.11702405661344528,0.11999543011188507,0.24755188822746277,0.28533515334129333,0.10000000149011612,0.10000000149011612,0.7381210555414297,0.012837948426371818,0.0035323368967614625,0.016370285323133282,2.4000000357627864,2.399915512423616,0.0392883867960573,0.25592417767408004,0.9795476198196411,0.19044074416160583,False,False,False,-0.7382706620468489,False
pirl,2,7,0,0.5088033615195725,200,-124.04638576446035,0.3276229871940767,65.52459743881533,0.44872620693984244,0.37775400341661713,1,0,1,0.005,0.0,0.005,14,0.12702405452728271,0.12999507784843445,0.24755188822746277,0.28533515334129333,0.10000000149011612,0.07278994470834732,0.7336215967317986,0.48409014381723403,0.49339575534685326,0.9774858991640873,2.400000035762787,1.7471827115403746,2.0238688961632008,0.2643569647414267,0.9766210913658142,0.20373398065567017,False,False,False,-0.7342340262855824,False
pirl,2,7,0,0.5088033615195725,200,-124.04638576446035,0.3276229871940767,65.52459743881533,0.44872620693984244,0.37775400341661713,1,0,1,0.005,0.0,0.005,15,0.13702405989170074,0.13727501034736633,0.24755188822746277,0.28533515334129333,0.10000000149011612,0.03984672576189041,0.7297788441403885,0.5898639205130942,0.5991695320427045,1.1890334525557988,2.4000000357627864,0.9565944092835578,1.9888356548917003,0.27264377997014216,0.9739722013473511,0.21540163457393646,False,False,False,-0.7304810073319679,False
pirl,2,7,0,0.5088033615195725,200,-124.04638576446035,0.3276229871940767,65.52459743881533,0.44872620693984244,0.37775400341661713,1,0,1,0.005,0.0,0.005,16,0.14702406525611877,0.14126081764698029,0.24755188822746277,0.28533515334129333,0.10000000149011612,0.010942511260509491,0.7265118863754719,0.5169820606488743,0.5262876721784936,1.043269732827368,2.400000035762787,0.2628595312815498,1.3790966948741143,0.2783900161987843,0.9716082811355591,0.2256537675857544,False,False,False,-0.7271341181540908,False
pirl,2,7,0,0.5088033615195725,200,-124.04638576446035,0.3276229871940767,65.52459743881533,0.44872620693984244,0.37775400341661713,1,0,1,0.005,0.0,0.005,17,0.1570240557193756,0.14235606789588928,0.24755188822746277,0.28533515334129333,0.10000000149011612,-0.01442001760005951,0.7237455953969438,0.45288565794820956,0.46219126947781985,0.9150769274260294,2.4000000357627864,-0.3458708254019699,1.2467840711400338,0.28358494982853444,0.9695220589637756,0.23467189073562622,False,False,False,-0.7243041682038994,False
pirl,2,7,0,0.5088033615195725,200,-124.04638576446035,0.3276229871940767,65.52459743881533,0.44872620693984244,0.37775400341661713,1,0,1,0.005,0.0,0.005,18,0.16702406108379364,0.1409149318933487,0.24755188822746277,0.28533515334129333,0.10000000149011612,-0.03667771443724632,0.721411157253559,0.39659517231283287,0.40590078384245215,0.802495956155285,2.400000035762787,-0.8800816009197528,1.3090542393927955,0.2890393424926711,0.9676969051361084,0.2426125705242157,False,False,False,-0.7219189193427978,False
pirl,2,7,0,0.5088033615195725,200,-124.04638576446035,0.3276229871940767,65.52459743881533,0.44872620693984244,0.37775400341661713,1,0,1,0.005,0.0,0.005,19,0.17702406644821167,0.13724792003631592,0.24755188822746277,0.28533515334129333,0.10000000149011612,-0.0562131404876709,0.7194459527317231,0.3471633821738371,0.3564689937034474,0.7036323758772844,2.4000000357627864,-1.348954703327993,1.314052655279601,0.29451456188966946,0.966110348701477,0.24961087107658386,False,False,False,-0.7199124856059701,False
pirl,2,7,0,0.5088033615195725,200,-124.04638576446035,0.3276229871940767,65.52459743881533,0.44872620693984244,0.37775400341661713,1,0,1,0.005,0.0,0.005,20,0.1870240569114685,0.13162727653980255,0.24755188822746277,0.28533515334129333,0.10000000149011612,-0.07336121052503586,0.7177937418528977,0.3037536175755735,0.3130592291052016,0.6168128466807752,2.4000000357627878,-1.760528474409211,1.2801583800607568,0.2998485551399226,0.964737057685852,0.2557835876941681,False,False,False,-0.7182261719372555,False
pirl,2,7,0,0.5088033615195725,200,-124.04638576446035,0.3276229871940767,65.52459743881533,0.44872620693984244,0.37775400341661713,1,0,1,0.005,0.0,0.005,21,0.19702406227588654,0.12429174780845642,0.24755188822746277,0.28533515334129333,0.10000000149011612,-0.08841501176357269,0.7164041557985381,0.2656272554361869,0.2749328669657973,0.5405601224019843,2.4000000357627873,-2.121837349142199,1.2208682481811919,0.3049355061740109,0.9635504484176636,0.26123157143592834,False,False,False,-0.7168079170046442,False
pirl,2,7,0,0.5088033615195725,200,-124.04638576446035,0.3276229871940767,65.52459743881533,0.44872620693984244,0.37775400341661713,1,0,1,0.005,0.0,0.005,22,0.20702406764030457,0.11545075476169586,0.24755188822746277,0.28533515334129333,0.10000000149011612,-0.10000000149011612,0.7152045309632857,0.20234434966609377,0.21164996119569524,0.413994310861789,2.400000035762786,-2.3999063901200004,0.9935665407772218,0.3090753667605826,0.9624982476234436,0.2661197781562805,False,False,False,-0.7155529494814743,False
pirl,2,7,0,0.5088033615195725,200,-124.04638576446035,0.3276229871940767,65.52459743881533,0.44872620693984244,0.37775400341661713,1,0,1,0.005,0.0,0.005,23,0.2170240581035614,0.10545114427804947,0.24755188822746277,0.28533515334129333,0.10000000149011612,-0.10000000149011612,0.7139893811369515,0.009188275994727458,0.00011733553490069218,0.00930561152962815,2.4000000357627873,-2.40006053014573,0.022333475102042945,0.3091684229068411,0.9613972902297974,0.27099692821502686,False,False,False,-0.714135455305474,False
pirl,2,7,0,0.5088033615195725,200,-124.04638576446035,0.3276229871940767,65.52459743881533,0.44872620693984244,0.37775400341661713,1,0,1,0.005,0.0,0.005,24,0.22702406346797943,0.09545089304447174,0.24755188822746277,0.28533515334129333,0.10000000149011612,-0.10000000149011612,0.7127586290487967,0.009305018701124794,5.928284944589884e-07,0.009305611529619253,2.4000000357627878,-2.4000612987641285,0.022333468040199266,0.3092614790236753,0.9602475762367249,0.27586278319358826,False,False,False,-0.7129047032173191,False
pirl,2,7,0,0.5088033615195725,200,-124.04638576446035,0.3276229871940767,65.52459743881533,0.44872620693984244,0.37775400341661713,1,0,1,0.005,0.0,0.005,25,0.23702405393123627,0.08545064181089401,0.24755188822746277,0.28533515334129333,0.10000000149011612,-0.10000000149011612,0.7115123202694856,0.009305600837981069,1.0691629280520985e-08,0.009305611529610349,2.4000000357627873,-2.4000613025968396,0.022333468004514485,0.30935453514036076,0.9590492248535156,0.2807169258594513,False,False,False,-0.711658394438008,False
pirl,2,7,0,0.5088033615195725,200,-124.04638576446035,0.3276229871940767,65.52459743881533,0.44872620693984244,0.37775400341661713,1,0,1,0.005,0.0,0.005,26,0.2470240592956543,0.07545038312673569,0.24755188822746277,0.28533515334129333,0.10000000149011612,-0.10000000149011612,0.7102506172005766,0.009305603740793734,7.788807719516272e-09,0.009305611529601455,2.400000035762786,-2.400061302615951,0.02233346800431528,0.3094475912570454,0.9578024744987488,0.285558819770813,False,False,False,-0.710396691369099,False
pirl,2,7,0,0.5088033615195725,200,-124.04638576446035,0.3276229871940767,65.52459743881533,0.44872620693984244,0.37775400341661713,1,0,1,0.005,0.0,0.005,27,0.25702404975891113,0.06545013189315796,0.24755188822746277,0.28533515334129333,0.10000000149011612,-0.10000000149011612,0.7089734390568291,0.009305603755296965,7.774331183193226e-09,0.009305611529628149,2.4000000357627873,-2.4000613026160464,0.022333468004378472,0.3095406473737303,0.9565073251724243,0.2903880476951599,False,False,False,-0.7091195132253515,False
pirl,2,7,0,0.5088033615195725,200,-124.04638576446035,0.3276229871940767,65.52459743881533,0.44872620693984244,0.37775400341661713,1,0,1,0.005,0.0,0.005,28,0.26702407002449036,0.055449873208999634,0.24755188822746277,0.28533515334129333,0.10000000149011612,-0.10000000149011612,0.7076808793833882,0.009305603755349898,7.77426045028395e-09,0.009305611529610349,2.400000035762787,-2.4000613026160473,0.022333468004335742,0.3096337034904151,0.9551639556884766,0.2952040433883667,False,False,False,-0.7078269535519106,False
pirl,2,7,0,0.5088033615195725,200,-124.04638576446035,0.3276229871940767,65.52459743881533,0.44872620693984244,0.37775400341661713,1,0,1,0.005,0.0,0.005,29,0.2770240604877472,0.04544961825013161,0.24755188822746277,0.28533515334129333,0.10000000149011612,-0.10000000149011612,0.7063730283159159,0.009305603755350575,7.774259777400976e-09,0.009305611529610352,2.4000000357627864,-2.4000613026160473,0.022333468004335746,0.30972675960709983,0.9537725448608398,0.3000063896179199,False,False,False,-0.7065191024844383,False
pirl,2,7,0,0.5088033615195725,200,-124.04638576446035,0.3276229871940767,65.52459743881533,0.44872620693984244,0.37775400341661713,1,0,1,0.005,0.0,0.005,30,0.28702405095100403,0.03544936329126358,0.24755188822746277,0.28533515334129333,0.10000000149011612,-0.10000000149011612,0.7050497914664858,0.009305603755360105,7.774259148834767e-09,0.009305611529619255,2.400000035762787,-2.4000613026160473,0.022333468004357118,0.30981981572378464,0.9523330926895142,0.3047945499420166,False,False,False,-0.7051958656350082,False
pirl,2,7,0,0.5088033615195725,200,-124.04638576446035,0.3276229871940767,65.52459743881533,0.44872620693984244,0.37775400341661713,1,0,1,0.005,0.0,0.005,31,0.29702407121658325,0.025449106469750404,0.24755188822746277,0.28533515334129333,0.10000000149011612,-0.10000000149011612,0.7037113707594131,0.009305603755350576,7.774259777400976e-09,0.009305611529610354,2.4000000357627864,-2.4000613026160473,0.02233346800433575,0.3099128718404694,0.9508458971977234,0.3095681071281433,False,False,False,-0.7038574449279356,False
pirl,2,7,0,0.5088033615195725,200,-124.04638576446035,0.3276229871940767,65.52459743881533,0.44872620693984244,0.37775400341661713,1,0,1,0.005,0.0,0.005,32,0.3070240616798401,0.015448851510882378,0.24755188822746277,0.28533515334129333,0.10000000149011612,-0.10000000149011612,0.7023577235623265,0.009305603755360105,7.774259148834767e-09,0.009305611529619255,2.400000035762787,-2.4000613026160473,0.022333468004357118,0.3100059279571542,0.9493110179901123,0.31432655453681946,False,False,False,-0.7025037977308489,False
pirl,2,7,0,0.5088033615195725,200,-124.04638576446035,0.3276229871940767,65.52459743881533,0.44872620693984244,0.37775400341661713,1,0,1,0.005,0.0,0.005,33,0.3170240521430969,0.005448596086353064,0.24755188822746277,0.28533515334129333,0.10000000149011612,-0.10000000149011612,0.7009889214101946,0.009305603755350576,7.774259777400976e-09,0.009305611529610354,2.4000000357627864,-2.4000613026160473,0.02233346800433575,0.31009898407383896,0.9477286338806152,0.31906938552856445,False,False,False,-0.7011349955787171,False
pirl,2,7,0,0.5088033615195725,200,-124.04638576446035,0.3276229871940767,65.52459743881533,0.44872620693984244,0.37775400341661713,1,0,1,0.005,0.0,0.005,34,0.32702407240867615,-0.0045516593381762505,0.24755188822746277,0.28533515334129333,0.10000000149011612,-0.10000000149011612,0.6996050340551488,0.009305603755360107,7.774259148834767e-09,0.009305611529619257,2.400000035762787,-2.4000613026160473,0.02233346800435712,0.31019204019052377,0.9460989236831665,0.3237961530685425,False,False,False,-0.6997511082236713,False
pirl,2,7,0,0.5088033615195725,200,-124.04638576446035,0.3276229871940767,65.52459743881533,0.44872620693984244,0.37775400341661713,1,0,1,0.005,0.0,0.005,35,0.337024062871933,-0.014551914297044277,0.24755188822746277,0.28533515334129333,0.10000000149011612,-0.10000000149011612,0.6982060088016903,0.009305603755350576,7.774259777400976e-09,0.009305611529610354,2.4000000357627864,-2.4000613026160473,0.02233346800433575,0.3102850963072085,0.9444219470024109,0.3285064101219177,False,False,False,-0.6983520829702127,False
pirl,2,7,0,0.5088033615195725,200,-124.04638576446035,0.3276229871940767,65.52459743881533,0.44872620693984244,0.37775400341661713,1,0,1,0.005,0.0,0.005,36,0.3470240533351898,-0.02455217018723488,0.24755188822746277,0.28533515334129333,0.10000000149011612,-0.10000000149011612,0.6967920254732197,0.009305603755360102,7.774259148834767e-09,0.009305611529619251,2.400000035762787,-2.4000613026160473,0.02233346800435711,0.3103781524238933,0.9426980018615723,0.333199679851532,False,False,False,-0.6969380996417421,False
pirl,2,7,0,0.5088033615195725,200,-124.04638576446035,0.3276229871940767,65.52459743881533,0.44872620693984244,0.37775400341661713,1,0,1,0.005,0.0,0.005,37,0.35702407360076904,-0.034552425146102905,0.24755188822746277,0.28533515334129333,0.10000000149011612,-0.10000000149011612,0.6953631337097849,0.009305603755350575,7.774259777400976e-09,0.009305611529610352,2.4000000357627864,-2.4000613026160473,0.022333468004335746,0.3104712085405781,0.940927267074585,0.3378753960132599,False,False,False,-0.6955092078783073,False
pirl,2,7,0,0.5088033615195725,200,-124.04638576446035,0.3276229871940767,65.52459743881533,0.44872620693984244,0.37775400341661713,1,0,1,0.005,0.0,0.005,38,0.3670240640640259,-0.04455268010497093,0.24755188822746277,0.28533515334129333,0.10000000149011612,-0.10000000149011612,0.6939192202066056,0.009305603755359429,7.774259821819384e-09,0.00930561152961925,2.400000035762787,-2.400061302616048,0.022333468004357107,0.3105642646572629,0.939109742641449,0.34253326058387756,False,False,False,-0.694065294375128,False
pirl,2,7,0,0.5088033615195725,200,-124.04638576446035,0.3276229871940767,65.52459743881533,0.44872620693984244,0.37775400341661713,1,0,1,0.005,0.0,0.005,39,0.3770240545272827,-0.05455293506383896,0.24755188822746277,0.28533515334129333,0.10000000149011612,-0.10000000149011612,0.692460558862875,0.009305603755351248,7.774259104822935e-09,0.009305611529610352,2.4000000357627864,-2.4000613026160473,0.02233346800433575,0.31065732077394764,0.9372458457946777,0.34717264771461487,False,False,False,-0.6926066330313975,False
pirl,2,7,0,0.5088033615195725,200,-124.04638576446035,0.3276229871940767,65.52459743881533,0.44872620693984244,0.37775400341661713,1,0,1,0.005,0.0,0.005,40,0.38702407479286194,-0.06455319374799728,0.24755188822746277,0.28533515334129333,0.10000000149011612,-0.10000000149011612,0.6909870249650707,0.009305603755360105,7.774259149038055e-09,0.009305611529619255,2.400000035762787,-2.4000613026160473,0.022333468004357118,0.31075037689063245,0.9353355765342712,0.35179319977760315,False,False,False,-0.6911330991335931,False
pirl,2,7,0,0.5088033615195725,200,-124.04638576446035,0.3276229871940767,65.52459743881533,0.44872620693984244,0.37775400341661713,1,0,1,0.005,0.0,0.005,41,0.3970240652561188,-0.07455344498157501,0.24755188822746277,0.28533515334129333,0.10000000149011612,-0.10000000149011612,0.6894987179341682,0.009305603755350575,7.774259777400976e-09,0.009305611529610352,2.4000000357627864,-2.4000613026160473,0.022333468004335746,0.3108434330073172,0.9333791732788086,0.3563944399356842,False,False,False,-0.6896447921026906,False
pirl,2,7,0,0.5088033615195725,200,-124.04638576446035,0.3276229871940767,65.52459743881533,0.44872620693984244,0.37775400341661713,1,0,1,0.005,0.0,0.005,42,0.4070240557193756,-0.08455370366573334,0.24755188822746277,0.28533515334129333,0.10000000149011612,-0.10000000149011612,0.6879957885066916,0.009305603755379158,7.774257892210568e-09,0.00930561152963705,2.4000000357627886,-2.4000613026160478,0.02233346800439984,0.3109364891240022,0.9313769340515137,0.36097586154937744,False,False,False,-0.688141862675214,False
pirl,2,7,0,0.5088033615195725,200,-124.04638576446035,0.3276229871940767,65.52459743881533,0.44872620693984244,0.37775400341661713,1,0,1,0.005,0.0,0.005,43,0.41702407598495483,-0.09455395489931107,0.24755188822746277,0.28533515334129333,0.10000000149011612,-0.10000000149011612,0.6864781553650953,0.009305603755331519,7.774261034330108e-09,0.009305611529592552,2.4000000357627864,-2.4000613026160478,0.02233346800429303,0.3110295452406867,0.9293289184570312,0.36553704738616943,False,False,False,-0.6866242295336177,False
pirl,2,7,0,0.5088033615195725,200,-124.04638576446035,0.3276229871940767,65.52459743881533,0.44872620693984244,0.37775400341661713,1,0,1,0.005,0.0,0.005,44,0.42702406644821167,-0.10455421358346939,0.24755188822746277,0.28533515334129333,0.10000000149011612,-0.10000000149011612,0.6849459601814185,0.009305603755360102,7.774259149038055e-09,0.009305611529619251,2.400000035762787,-2.4000613026160478,0.02233346800435711,0.3111226013573715,0.9272354245185852,0.3700774908065796,False,False,False,-0.6850920343499409,False
pirl,2,7,0,0.5088033615195725,200,-124.04638576446035,0.3276229871940767,65.52459743881533,0.44872620693984244,0.37775400341661713,1,0,1,0.005,0.0,0.005,45,0.4370240569114685,-0.11455447226762772,0.24755188822746277,0.28533515334129333,0.10000000149011612,-0.10000000149011612,0.6833992323124707,0.009305603755350575,7.774259777604264e-09,0.009305611529610352,2.4000000357627864,-2.4000613026160478,0.02233346800433575,0.3112156574740563,0.9250966310501099,0.3745967745780945,False,False,False,-0.6835453064809931,False
pirl,2,7,0,0.5088033615195725,200,-124.04638576446035,0.3276229871940767,65.52459743881533,0.44872620693984244,0.37775400341661713,1,0,1,0.005,0.0,0.005,46,0.44702407717704773,-0.12455472350120544,0.24755188822746277,0.28533515334129333,0.10000000149011612,-0.10000000149011612,0.6818379940442653,0.009305603755360105,7.774259149038055e-09,0.009305611529619255,2.400000035762787,-2.4000613026160478,0.022333468004357118,0.3113087135907411,0.9229127168655396,0.3790944516658783,False,False,False,-0.6819840682127877,False
pirl,2,7,0,0.5088033615195725,200,-124.04638576446035,0.3276229871940767,65.52459743881533,0.44872620693984244,0.37775400341661713,1,0,1,0.005,0.0,0.005,47,0.45702406764030457,-0.13455498218536377,0.24755188822746277,0.28533515334129333,0.10000000149011612,-0.10000000149011612,0.6802623861153497,0.009305603755350575,7.774259777400976e-09,0.009305611529610352,2.4000000357627864,-2.4000613026160478,0.022333468004335746,0.31140176970742584,0.9206839799880981,0.3835701048374176,False,False,False,-0.6804084602838721,False
pirl,2,7,0,0.5088033615195725,200,-124.04638576446035,0.3276229871940767,65.52459743881533,0.44872620693984244,0.37775400341661713,1,0,1,0.005,0.0,0.005,48,0.4670240581035614,-0.1445552408695221,0.24755188822746277,0.28533515334129333,0.10000000149011612,-0.10000000149011612,0.6786724098952241,0.009305603755360105,7.774259148834767e-09,0.009305611529619255,2.400000035762787,-2.4000613026160478,0.022333468004357118,0.31149482582411064,0.91841059923172,0.3880231976509094,False,False,False,-0.6788184840637466,False
pirl,2,7,0,0.5088033615195725,200,-124.04638576446035,0.3276229871940767,65.52459743881533,0.44872620693984244,0.37775400341661713,1,0,1,0.005,0.0,0.005,49,0.4770240783691406,-0.15455548465251923,0.24755188822746277,0.28533515334129333,0.10000000149011612,-0.10000000149011612,0.6770680839865746,0.009305603755350576,7.774259777400976e-09,0.009305611529610354,2.4000000357627864,-2.4000613026160478,0.02233346800433575,0.3115878819407954,0.9160927534103394,0.3924533426761627,False,False,False,-0.677214158155097,False
pirl,2,7,0,0.5088033615195725,200,-124.04638576446035,0.3276229871940767,65.52459743881533,0.44872620693984244,0.37775400341661713,1,0,1,0.005,0.0,0.005,50,0.48702406883239746,-0.16455574333667755,0.24755188822746277,0.28533515334129333,0.10000000149011612,-0.10000000149011612,0.6754495961914799,0.009305603755360102,7.774259148834767e-09,0.009305611529619251,2.400000035762787,-2.4000613026160478,0.02233346800435711,0.3116809380574802,0.913730800151825,0.39686012268066406,False,False,False,-0.6755956703600023,False
pirl,2,7,0,0.5088033615195725,200,-124.04638576446035,0.3276229871940767,65.52459743881533,0.44872620693984244,0.37775400341661713,1,0,1,0.005,0.0,0.005,51,0.4970240592956543,-0.17455600202083588,0.24755188822746277,0.28533515334129333,0.10000000149011612,-0.10000000149011612,0.6738168750261444,0.009305603755351246,7.774259104619647e-09,0.00930561152961035,2.4000000357627864,-2.400061302616047,0.022333468004335742,0.31177399417416496,0.9113248586654663,0.4012430012226105,False,False,False,-0.6739629491946668,False
pirl,2,7,0,0.5088033615195725,200,-124.04638576446035,0.3276229871940767,65.52459743881533,0.44872620693984244,0.37775400341661713,1,0,1,0.005,0.0,0.005,52,0.5070240497589111,-0.1845562607049942,0.24755188822746277,0.28533515334129333,0.10000000149011612,-0.10000000149011612,0.672170050798784,0.009305603755360105,7.774259148834767e-09,0.009305611529619255,2.400000035762787,-2.400061302616047,0.022333468004357118,0.31186705029084977,0.9088752269744873,0.4056016206741333,False,False,False,-0.6723161249673064,False
pirl,2,7,0,0.5088033615195725,200,-124.04638576446035,0.3276229871940767,65.52459743881533,0.44872620693984244,0.37775400341661713,1,0,1,0.005,0.0,0.005,53,0.517024040222168,-0.19455651938915253,0.24755188822746277,0.28533515334129333,0.10000000149011612,-0.10000000149011612,0.6705091235259196,0.009305603755349228,7.774261123065279e-09,0.009305611529610352,2.4000000357627864,-2.4000613026160487,0.022333468004335746,0.3119601064075345,0.9063820838928223,0.4099355638027191,False,False,False,-0.670655197694442,False
pirl,2,7,0,0.5088033615195725,200,-124.04638576446035,0.3276229871940767,65.52459743881533,0.44872620693984244,0.37775400341661713,1,0,1,0.005,0.0,0.005,54,0.5270240902900696,-0.20455676317214966,0.24755188822746277,0.28533515334129333,0.10000000149011612,-0.10000000149011612,0.6688341370665827,0.00930560375536145,7.774257803373752e-09,0.009305611529619253,2.400000035762787,-2.400061302616047,0.022333468004357114,0.31205316252421933,0.9038456678390503,0.4142443537712097,False,False,False,-0.6689802112351051,False
pirl,2,7,0,0.5088033615195725,200,-124.04638576446035,0.3276229871940767,65.52459743881533,0.44872620693984244,0.37775400341661713,1,0,1,0.005,0.0,0.005,55,0.5370240807533264,-0.21455702185630798,0.24755188822746277,0.28533515334129333,0.10000000149011612,-0.10000000149011612,0.6671452529052506,0.009305603755350575,7.774259777604264e-09,0.009305611529610352,2.4000000357627864,-2.400061302616047,0.02233346800433575,0.3121462186409041,0.90126633644104,0.4185275435447693,False,False,False,-0.667291327073773,False
pirl,2,7,0,0.5088033615195725,200,-124.04638576446035,0.3276229871940767,65.52459743881533,0.44872620693984244,0.37775400341661713,1,0,1,0.005,0.0,0.005,56,0.5470240712165833,-0.2245572805404663,0.24755188822746277,0.28533515334129333,0.10000000149011612,-0.10000000149011612,0.66544258149597,0.009305603755360102,7.774259148834767e-09,0.009305611529619251,2.400000035762787,-2.400061302616047,0.02233346800435711,0.3122392747575889,0.8986443877220154,0.4227847456932068,False,False,False,-0.6655886556644924,False
pirl,2,7,0,0.5088033615195725,200,-124.04638576446035,0.3276229871940767,65.52459743881533,0.44872620693984244,0.37775400341661713,1,0,1,0.005,0.0,0.005,57,0.5570240616798401,-0.23455753922462463,0.24755188822746277,0.28533515334129333,0.10000000149011612,-0.10000000149011612,0.6637260300441143,0.009305603755349228,7.774261123065279e-09,0.009305611529610352,2.4000000357627864,-2.4000613026160487,0.022333468004335746,0.31233233087427364,0.8959799408912659,0.4270154535770416,False,False,False,-0.6638721042126368,False
pirl,2,7,0,0.5088033615195725,200,-124.04638576446035,0.3276229871940767,65.52459743881533,0.44872620693984244,0.37775400341661713,1,0,1,0.005,0.0,0.005,58,0.5670240521430969,-0.24455778300762177,0.24755188822746277,0.28533515334129333,0.10000000149011612,-0.10000000149011612,0.6619957723563761,0.009305603755361453,7.774257803272108e-09,0.009305611529619257,2.400000035762787,-2.400061302616047,0.02233346800435712,0.31242538699095845,0.8932733535766602,0.43121933937072754,False,False,False,-0.6621418465248985,False
pirl,2,7,0,0.5088033615195725,200,-124.04638576446035,0.3276229871940767,65.52459743881533,0.44872620693984244,0.37775400341661713,1,0,1,0.005,0.0,0.005,59,0.5770240426063538,-0.2545580565929413,0.24755188822746277,0.28533515334129333,0.10000000149011612,-0.10000000149011612,0.6602517346182922,0.009305603755350575,7.774259777400976e-09,0.009305611529610352,2.4000000357627864,-2.400061302616047,0.022333468004335746,0.3125184431076432,0.8905247449874878,0.4353960156440735,False,False,False,-0.6603978087868146,False
pirl,2,7,0,0.5088033615195725,200,-124.04638576446035,0.3276229871940767,65.52459743881533,0.44872620693984244,0.37775400341661713,1,0,1,0.005,0.0,0.005,60,0.5870240926742554,-0.2645582854747772,0.24755188822746277,0.28533515334129333,0.10000000149011612,-0.10000000149011612,0.6584942047069694,0.009305603755360102,7.774259148834767e-09,0.009305611529619251,2.400000035762787,-2.400061302616047,0.02233346800435711,0.312611499224328,0.8877346515655518,0.4395449161529541,False,False,False,-0.6586402788754918,False
pirl,2,7,0,0.5088033615195725,200,-124.04638576446035,0.3276229871940767,65.52459743881533,0.44872620693984244,0.37775400341661713,1,0,1,0.005,0.0,0.005,61,0.5970240831375122,-0.27455854415893555,0.24755188822746277,0.28533515334129333,0.10000000149011612,-0.10000000149011612,0.6567230554281153,0.009305603755350575,7.774259777604264e-09,0.009305611529610352,2.4000000357627864,-2.400061302616047,0.02233346800433575,0.31270455534101277,0.8849031329154968,0.4436657130718231,False,False,False,-0.6568691295966377,False
pirl,2,7,0,0.5088033615195725,200,-124.04638576446035,0.3276229871940767,65.52459743881533,0.44872620693984244,0.37775400341661713,1,0,1,0.005,0.0,0.005,62,0.607024073600769,-0.28455880284309387,0.24755188822746277,0.28533515334129333,0.10000000149011612,-0.10000000149011612,0.654938440866035,0.009305603755360105,7.774259148834767e-09,0.009305611529619255,2.400000035762787,-2.400061302616047,0.022333468004357118,0.3127976114576976,0.8820305466651917,0.4477580487728119,False,False,False,-0.6550845150345574,False
pirl,2,7,0,0.5088033615195725,200,-124.04638576446035,0.3276229871940767,65.52459743881533,0.44872620693984244,0.37775400341661713,1,0,1,0.005,0.0,0.005,63,0.6170240640640259,-0.2945590615272522,0.24755188822746277,0.28533515334129333,0.10000000149011612,-0.10000000149011612,0.6531404665968974,0.009305603755350575,7.774259777400976e-09,0.009305611529610352,2.4000000357627864,-2.400061302616047,0.022333468004335746,0.31289066757438233,0.8791172504425049,0.45182138681411743,False,False,False,-0.6532865407654198,False
pirl,2,7,0,0.5088033615195725,200,-124.04638576446035,0.3276229871940767,65.52459743881533,0.44872620693984244,0.37775400341661713,1,0,1,0.005,0.0,0.005,64,0.6270240545272827,-0.3045593202114105,0.24755188822746277,0.28533515334129333,0.10000000149011612,-0.10000000149011612,0.6513290625713032,0.009305603755360105,7.774259148834767e-09,0.009305611529619255,2.400000035762787,-2.400061302616047,0.022333468004357118,0.31298372369106714,0.8761633634567261,0.45585542917251587,False,False,False,-0.6514751367398256,False
pirl,2,7,0,0.5088033615195725,200,-124.04638576446035,0.3276229871940767,65.52459743881533,0.44872620693984244,0.37775400341661713,1,0,1,0.005,0.0,0.005,65,0.6370240449905396,-0.31455957889556885,0.24755188822746277,0.28533515334129333,0.0974617451429367,-0.10000000149011612,0.6495572647492541,0.6471257161364254,0.04610259369825493,0.6932283098346804,2.3390818834304805,-2.399700543813783,1.6243124580856168,0.31975169226642386,0.8732857704162598,0.459638774394989,False,False,False,-0.6500435169704633,False
pirl,2,7,0,0.5088033615195725,200,-124.04638576446035,0.3276229871940767,65.52459743881533,0.44872620693984244,0.37775400341661713,1,0,1,0.005,0.0,0.005,66,0.6467702388763428,-0.3245583176612854,0.24755188822746277,0.28533515334129333,0.07471802830696106,-0.10000000149011612,0.6482416348015435,5.875480324726635,0.41564719773810505,6.29112752246474,1.793232679367065,-2.3998080665631085,11.533576823254272,0.36780826236331665,0.8714220523834229,0.4614125192165375,False,False,False,-0.6515120295910585,False
pirl,2,7,0,0.5088033615195725,200,-124.04638576446035,0.3276229871940767,65.52459743881533,0.44872620693984244,0.37775400341661713,1,0,1,0.005,0.0,0.005,67,0.6542420387268066,-0.33455753326416016,0.24755188822746277,0.28533515334129333,0.05907493829727173,-0.10000000149011612,0.6472275861211148,4.041448423600257,0.2859887973087818,4.327437220909038,1.4177985191345215,-2.3998679897722406,6.416294950233798,0.39454282465595747,0.8702565431594849,0.4618074297904968,False,False,False,-0.6495074505435443,False
pirl,2,7,0,0.5088033615195725,200,-124.04638576446035,0.3276229871940767,65.52459743881533,0.44872620693984244,0.37775400341661713,1,0,1,0.005,0.0,0.005,68,0.6601495146751404,-0.344556987285614,0.24755188822746277,0.28533515334129333,0.048307277262210846,-0.10000000149011612,0.6464126237588201,2.781906325476148,0.19701743539331681,2.9789237608694648,1.15937465429306,-2.399909142712114,3.6980956288487006,0.40995155644282705,0.8695665597915649,0.4612528383731842,False,False,False,-0.6480131423545049,False
pirl,2,7,0,0.5088033615195725,200,-124.04638576446035,0.3276229871940767,65.52459743881533,0.44872620693984244,0.37775400341661713,1,0,1,0.005,0.0,0.005,69,0.6649802923202515,-0.3545565903186798,0.24755188822746277,0.28533515334129333,0.0408908948302269,-0.10000000149011612,0.6457277031330904,1.9159925918086336,0.1358811264684109,2.0518737182770446,0.9813814759254458,-2.399937434657156,2.2064258396862995,0.41914499744151995,0.8691961765289307,0.46004247665405273,False,False,False,-0.6468616773298896,False
pirl,2,7,0,0.5088033615195725,200,-124.04638576446035,0.3276229871940767,65.52459743881533,0.44872620693984244,0.37775400341661713,1,0,1,0.005,0.0,0.005,70,0.6690693497657776,-0.36455634236335754,0.24755188822746277,0.28533515334129333,0.03578066825866699,-0.10000000149011612,0.6451257443527034,1.32006005315368,0.09382060641016282,1.4138806595638427,0.8587360382080079,-2.399956905523568,1.3587485524763225,0.4248064497435046,0.869036853313446,0.45837754011154175,False,False,False,-0.6459388932378857,False
pirl,2,7,0,0.5088033615195725,200,-124.04638576446035,0.3276229871940767,65.52459743881533,0.44872620693984244,0.37775400341661713,1,0,1,0.005,0.0,0.005,71,0.6726474165916443,-0.37455615401268005,0.24755188822746277,0.28533515334129333,0.03225743770599365,-0.10000000149011612,0.6445748288474428,0.909936649703019,0.06488114138838211,0.9748177910914011,0.7741785049438477,-2.3999703054597736,0.8601662077771511,0.42839047560924276,0.8690136671066284,0.4563964605331421,False,False,False,-0.645167311731426,False
pirl,2,7,0,0.5088033615195725,200,-124.04638576446035,0.3276229871940767,65.52459743881533,0.44872620693984244,0.37775400341661713,1,0,1,0.005,0.0,0.005,72,0.6758731603622437,-0.38455602526664734,0.24755188822746277,0.28533515334129333,0.029827555641531944,-0.10000000149011612,0.644052989988046,0.627166332366431,0.04474042280898989,0.671906755175421,0.7158613353967666,-2.399709781083448,0.5563281584282677,0.43070850960269386,0.8690747618675232,0.4541947841644287,False,False,False,-0.6444932970170382,False
pirl,2,7,0,0.5088033615195725,200,-124.04638576446035,0.3276229871940767,65.52459743881533,0.44872620693984244,0.37775400341661713,1,0,1,0.005,0.0,0.005,73,0.6788558959960938,-0.39455482363700867,0.24755188822746277,0.28533515334129333,0.028149975463747978,-0.10000000149011612,0.6435450923995405,0.4330041324379469,0.0312933873475345,0.4642975197854814,0.6755994111299516,-2.399799639999929,0.3676351965829041,0.43224032292178927,0.8691846132278442,0.45183753967285156,False,False,False,-0.6438811277413906,False
pirl,2,7,0,0.5088033615195725,200,-124.04638576446035,0.3276229871940767,65.52459743881533,0.44872620693984244,0.37775400341661713,1,0,1,0.005,0.0,0.005,74,0.6816709041595459,-0.40455397963523865,0.24755188822746277,0.28533515334129333,0.0269919466227293,-0.10000000149011612,0.6430406410099614,0.29870435211946955,0.021801988707649586,0.32050634082711915,0.6478067189455032,-2.399861794388103,0.24582444602242495,0.43326459144688273,0.8693186044692993,0.44936996698379517,False,False,False,-0.6433044729713973,False
pirl,2,7,0,0.5088033615195725,200,-124.04638576446035,0.3276229871940767,65.52459743881533,0.44872620693984244,0.37775400341661713,1,0,1,0.005,0.0,0.005,75,0.6843701004981995,-0.4145534038543701,0.24755188822746277,0.28533515334129333,0.02619193308055401,-0.10000000149011612,0.6425324523081053,0.20615881434377734,0.015261694351480976,0.2214205086952583,0.6286063939332962,-2.3999046247729727,0.1662193597181965,0.4339571721123752,0.869459867477417,0.4468232989311218,False,False,False,-0.6427465357547036,False
pirl,2,7,0,0.5088033615195725,200,-124.04638576446035,0.3276229871940767,65.52459743881533,0.44872620693984244,0.37775400341661713,1,0,1,0.005,0.0,0.005,76,0.6869893074035645,-0.4245530068874359,0.24755188822746277,0.28533515334129333,0.02563866786658764,-0.10000000149011612,0.6420154984246602,0.14237479523558919,0.010754193385864886,0.15312898862145408,0.6153280287981032,-2.3999341442306608,0.11341655800324535,0.4344297411040554,0.8695967197418213,0.444219172000885,False,False,False,-0.6421952973218062,False
pirl,2,7,0,0.5088033615195725,200,-124.04638576446035,0.3276229871940767,65.52459743881533,0.44872620693984244,0.37775400341661713,1,0,1,0.005,0.0,0.005,77,0.6895532011985779,-0.43455275893211365,0.24755188822746277,0.28533515334129333,0.025255678221583366,-0.10000000149011612,0.6414864968154584,0.09835863736161708,0.007643766080224454,0.10600240344184153,0.6061362773180008,-2.399954515055959,0.07796342920870808,0.43475458872575834,0.8697212934494019,0.4415726661682129,False,False,False,-0.6416426379690044,False
pirl,2,7,0,0.5088033615195725,200,-124.04638576446035,0.3276229871940767,65.52459743881533,0.44872620693984244,0.37775400341661713,1,0,1,0.005,0.0,0.005,78,0.6920787692070007,-0.44455257058143616,0.24755188822746277,0.28533515334129333,0.02499004267156124,-0.10000000149011612,0.6409429875902269,0.0680226099295337,0.005500086285348648,0.07352269621488235,0.5997610241174697,-2.3999685546710685,0.05399734432729465,0.4349795776604554,0.8698279857635498,0.4388941824436188,False,False,False,-0.6410828241669659,False
pirl,2,7,0,0.5088033615195725,200,-124.04638576446035,0.3276229871940767,65.52459743881533,0.44872620693984244,0.37775400341661713,1,0,1,0.005,0.0,0.005,79,0.6945777535438538,-0.45455241203308105,0.24755188822746277,0.28533515334129333,0.024805476889014244,-0.10000000149011612,0.6403833282294066,0.04684787777889752,0.0038010224660092917,0.050648900244906814,0.5953314453363419,-2.399691595587499,0.03701129645537312,0.43513379139568614,0.86991286277771,0.43619146943092346,False,False,False,-0.6405116833164357,False
pirl,2,7,0,0.5088033615195725,200,-124.04638576446035,0.3276229871940767,65.52459743881533,0.44872620693984244,0.37775400341661713,1,0,1,0.005,0.0,0.005,80,0.6970583200454712,-0.4645511507987976,0.24755188822746277,0.28533515334129333,0.024675844237208366,-0.10000000149011612,0.6398064489161487,0.0329306982724332,0.003080356595422373,0.03601105486785557,0.5922202616930008,-2.399783224440076,0.026894414831621596,0.43524585145748457,0.8699735403060913,0.4334688186645508,False,False,False,-0.6399274539519635,False
pirl,2,7,0,0.5088033615195725,200,-124.04638576446035,0.3276229871940767,65.52459743881533,0.44872620693984244,0.37775400341661713,1,0,1,0.005,0.0,0.005,81,0.6995258927345276,-0.4745502471923828,0.24755188822746277,0.28533515334129333,0.024585453793406487,-0.10000000149011612,0.6392115205558109,0.02276946778502122,0.0023463987834903234,0.025115866568511544,0.5900508910417557,-2.3998501246255537,0.019066150168078822,0.43532529374985157,0.870008111000061,0.43072986602783203,False,False,False,-0.6393270563758912,False
pirl,2,7,0,0.5088033615195725,200,-124.04638576446035,0.3276229871940767,65.52459743881533,0.44872620693984244,0.37775400341661713,1,0,1,0.005,0.0,0.005,82,0.7019844055175781,-0.4845496118068695,0.24755188822746277,0.28533515334129333,0.024522146210074425,-0.10000000149011612,0.6385981287020565,0.015754025706723532,0.0018371022753642533,0.017591127982087784,0.5885315090417861,-2.399896313359961,0.013680595500572958,0.43538229623110397,0.8700153827667236,0.4279772639274597,False,False,False,-0.6387098870579672,False
pirl,2,7,0,0.5088033615195725,200,-124.04638576446035,0.3276229871940767,65.52459743881533,0.44872620693984244,0.37775400341661713,1,0,1,0.005,0.0,0.005,83,0.7044366598129272,-0.4945491850376129,0.24755188822746277,0.28533515334129333,0.024477241560816765,-0.10000000149011612,0.637965960670332,0.010986592943098094,0.0014905070438893328,0.012477099986987428,0.5874537974596022,-2.3999277015010496,0.010031224889478293,0.4354240930014768,0.8699945211410522,0.4252127408981323,False,False,False,-0.6380751513281125,False
pirl,2,7,0,0.5088033615195725,200,-124.04638576446035,0.3276229871940767,65.52459743881533,0.44872620693984244,0.37775400341661713,1,0,1,0.005,0.0,0.005,84,0.7068843841552734,-0.5045489072799683,0.24755188822746277,0.28533515334129333,0.024445412680506706,-0.10000000149011612,0.6373146241130139,0.00760028070209348,0.0012453238745384373,0.008845604576631918,0.5866899043321611,-2.3999499965289277,0.007447722986384707,0.4354551251805867,0.86994469165802,0.42243778705596924,False,False,False,-0.63742199146075,False
pirl,2,7,0,0.5088033615195725,200,-124.04638576446035,0.3276229871940767,65.52459743881533,0.44872620693984244,0.37775400341661713,1,0,1,0.005,0.0,0.005,85,0.7093288898468018,-0.514548659324646,0.24755188822746277,0.28533515334129333,0.02442268840968609,-0.10000000149011612,0.6366441132833094,0.005242114997586512,0.001074278894785357,0.006316393892371869,0.5861445218324661,-2.3999655223772214,0.005650869297553509,0.43547867046932653,0.8698655962944031,0.41965335607528687,False,False,False,-0.6367502106314831,False
pirl,2,7,0,0.5088033615195725,200,-124.04638576446035,0.3276229871940767,65.52459743881533,0.44872620693984244,0.37775400341661713,1,0,1,0.005,0.0,0.005,86,0.7117711901664734,-0.5245485305786133,0.24755188822746277,0.28533515334129333,0.02440587244927883,-0.10000000149011612,0.6359542488119483,0.003711179636936834,0.0009625093706265249,0.004673689007563359,0.585740938782692,-2.3999756018513274,0.004483788850587527,0.4354973529228707,0.869756817817688,0.4168601930141449,False,False,False,-0.636059520821619,False
pirl,2,7,0,0.5088033615195725,200,-124.04638576446035,0.3276229871940767,65.52459743881533,0.44872620693984244,0.37775400341661713,1,0,1,0.005,0.0,0.005,87,0.7142117619514465,-0.5345484018325806,0.24755188822746277,0.28533515334129333,0.024393713101744652,-0.10000000149011612,0.6352451021232015,0.002340813397610159,0.0008760365172777432,0.0032168499148879023,0.585465614427731,-2.4000000357627864,0.003472953426888587,0.4355118235621494,0.8696182370185852,0.4140588939189911,False,False,False,-0.6353496428299511,False
pirl,2,7,0,0.5088033615195725,200,-124.04638576446035,0.3276229871940767,65.52459743881533,0.44872620693984244,0.37775400341661713,1,0,1,0.005,0.0,0.005,88,0.716651201248169,-0.5445484519004822,0.24755188822746277,0.28533515334129333,0.024384452030062675,-0.10000000149011612,0.6345165967989896,0.0017928064295492342,0.0008201579544354989,0.002612964383984733,0.5852394859017109,-2.400000035762787,0.0030176002331270073,0.4355243968964541,0.8694496154785156,0.41124993562698364,False,False,False,-0.6346208333650525,False
pirl,2,7,0,0.5088033615195725,200,-124.04638576446035,0.3276229871940767,65.52459743881533,0.44872620693984244,0.37775400341661713,1,0,1,0.005,0.0,0.005,89,0.719089686870575,-0.554548442363739,0.24755188822746277,0.28533515334129333,0.02437748573720455,-0.10000000149011612,0.6337687560013641,0.0012030222167946575,0.0007785863846413452,0.0019816086014360027,0.5850681375869435,-2.400000035762787,0.002572457318839414,0.43553511546861595,0.8692508339881897,0.408433735370636,False,False,False,-0.6338726752429573,False
pirl,2,7,0,0.5088033615195725,200,-124.04638576446035,0.3276229871940767,65.52459743881533,0.44872620693984244,0.37775400341661713,1,0,1,0.005,0.0,0.005,90,0.7215274572372437,-0.5645484328269958,0.24755188822746277,0.28533515334129333,0.024372166022658348,-0.10000000149011612,0.6330016872355159,0.0007659789520658586,0.0007477822670851876,0.0015137612191510462,0.5849373837959964,-2.4000000357627873,0.0022427271920114305,0.43554446016524934,0.8690218925476074,0.4056105613708496,False,False,False,-0.6331053712868192,False
pirl,2,7,0,0.5088033615195725,200,-124.04638576446035,0.3276229871940767,65.52459743881533,0.44872620693984244,0.37775400341661713,1,0,1,0.005,0.0,0.005,91,0.7239646911621094,-0.5745484232902527,0.24755188822746277,0.28533515334129333,0.02436804585158825,-0.10000000149011612,0.6322152313755602,0.0004470870103550163,0.0007253078320275809,0.001172394842382597,0.5848362518765694,-2.4000000357627864,0.002002211514203952,0.43555280271322516,0.8687624931335449,0.40278083086013794,False,False,False,-0.6323187437750998,False
pirl,2,7,0,0.5088033615195725,200,-124.04638576446035,0.3276229871940767,65.52459743881533,0.44872620693984244,0.37775400341661713,1,0,1,0.005,0.0,0.005,92,0.7264015674591064,-0.5845484137535095,0.24755188822746277,0.28533515334129333,0.024364618584513664,-0.10000000149011612,0.63140960758313,0.00025826970646858653,0.0007120089737614561,0.0009702786802300426,0.584752666526497,-2.4000000357627873,0.0018598454620314417,0.435560552069317,0.8684727549552917,0.39994481205940247,False,False,False,-0.6315130181050247,False
pirl,2,7,0,0.5088033615195725,200,-124.04638576446035,0.3276229871940767,65.52459743881533,0.44872620693984244,0.37775400341661713,1,0,1,0.005,0.0,0.005,93,0.7288380265235901,-0.5945484042167664,0.24755188822746277,0.28533515334129333,0.02436213754117489,-0.10000000149011612,0.6305847353313593,1.767280527232366e-05,0.0006950472131058105,0.0007127200183781342,0.5846914255607228,-2.400000035762787,0.0016784464740191025,0.43556754559629207,0.8681524991989136,0.3971027433872223,False,False,False,-0.6306880164927777,False
pirl,2,7,0,0.5088033615195725,200,-124.04638576446035,0.3276229871940767,65.52459743881533,0.44872620693984244,0.37775400341661713,1,0,1,0.005,0.0,0.005,94,0.7312742471694946,-0.604548454284668,0.24755188822746277,0.28533515334129333,0.024360423907637596,-0.10000000149011612,0.6297408364104262,0.00018365388406238332,0.0006808508874890373,0.0008645047715514206,0.5846488792390668,-2.4000000357627873,0.001741415191807789,0.4355748014929246,0.8678018450737,0.3942549228668213,False,False,False,-0.6298441930544393,False
pirl,2,7,0,0.5088033615195725,200,-124.04638576446035,0.3276229871940767,65.52459743881533,0.44872620693984244,0.37775400341661713,1,0,1,0.005,0.0,0.005,95,0.7337102293968201,-0.6145484447479248,0.24755188822746277,0.28533515334129333,0.024359164759516716,-0.10000000149011612,0.6288777734484249,0.0003070218998125715,0.0006721534987167275,0.000979175398529299,0.584617790084514,-2.4000000357627864,0.0017926588855342027,0.43558227090494767,0.8674205541610718,0.39140161871910095,False,False,False,-0.6289811871297283,False
pirl,2,7,0,0.5088033615195725,200,-124.04638576446035,0.3276229871940767,65.52459743881533,0.44872620693984244,0.37775400341661713,1,0,1,0.005,0.0,0.005,96,0.7361461520195007,-0.6245484352111816,0.24755188822746277,0.28533515334129333,0.024358069524168968,-0.10000000149011612,0.627995686163085,0.00035505112290243443,0.0006687725763427112,0.0010238236992451456,0.5845911658865414,-2.4000000357627873,0.0018126139570265381,0.43558982346310193,0.8670086860656738,0.3885430097579956,False,False,False,-0.6280991219152189,False
pirl,2,7,0,0.5088033615195725,200,-124.04638576446035,0.3276229871940767,65.52459743881533,0.44872620693984244,0.37775400341661713,1,0,1,0.005,0.0,0.005,97,0.7385819554328918,-0.6345484256744385,0.24755188822746277,0.28533515334129333,0.02435741387307644,-0.10000000149011612,0.6270946206883599,0.00046405942672564387,0.000661083677961958,0.0011251431046876018,0.5845746618797767,-2.400000035762787,0.0018578782332211601,0.435597564622407,0.8665661811828613,0.3856794238090515,False,False,False,-0.6271981069362838,False
pirl,2,7,0,0.5088033615195725,200,-124.04638576446035,0.3276229871940767,65.52459743881533,0.44872620693984244,0.37775400341661713,1,0,1,0.005,0.0,0.005,98,0.7410176992416382,-0.6445484161376953,0.24755188822746277,0.28533515334129333,0.024357033893465996,-0.10000000149011612,0.6261746515244463,0.0005379923327895055,0.0006558682750366612,0.0011938606078261667,0.5845650212289508,-2.400000035762787,0.0018885753829817743,0.4356054336865028,0.8660930395126343,0.3828110098838806,False,False,False,-0.6262781720491655,False
pirl,2,7,0,0.5088033615195725,200,-124.04638576446035,0.3276229871940767,65.52459743881533,0.44872620693984244,0.37775400341661713,1,0,1,0.005,0.0,0.005,99,0.7434533834457397,-0.6545484066009521,0.24755188822746277,0.28533515334129333,0.02435709349811077,-0.10000000149011612,0.6252358718114447,0.0006488825869234463,0.0006480404898566053,0.0012969230767800517,0.5845656700943416,-2.4000000357627873,0.0019346116830690411,0.43561349456851556,0.8655892610549927,0.3799380362033844,False,False,False,-0.6253394438822993,False
pirl,2,7,0,0.5088033615195725,200,-124.04638576446035,0.3276229871940767,65.52459743881533,0.44872620693984244,0.37775400341661713,1,0,1,0.005,0.0,0.005,100,0.7458890676498413,-0.6645484566688538,0.24755188822746277,0.28533515334129333,0.024357503280043602,-0.10000000149011612,0.6242782509263477,0.0007409165955799582,0.0006415407274541599,0.001382457323034118,0.5845748561290354,-2.4000000357627864,0.0019728189810980365,0.43562171464760346,0.865054726600647,0.37706074118614197,False,False,False,-0.6243818658611832,False
pirl,2,7,0,0.5088033615195725,200,-124.04638576446035,0.3276229871940767,65.52459743881533,0.44872620693984244,0.37775400341661713,1,0,1,0.005,0.0,0.005,101,0.7483248114585876,-0.6745484471321106,0.24755188822746277,0.28533515334129333,0.024358099326491356,-0.10000000149011612,0.6233019424762036,0.0007922322514910059,0.0006379135289532939,0.0014301457804442998,0.5845887995286623,-2.4000000357627864,0.001994122593148487,0.43563002349174157,0.8644894957542419,0.3741794228553772,False,False,False,-0.6234055813893782,False
pirl,2,7,0,0.5088033615195725,200,-124.04638576446035,0.3276229871940767,65.52459743881533,0.44872620693984244,0.37775400341661713,1,0,1,0.005,0.0,0.005,102,0.750760555267334,-0.6845484375953674,0.24755188822746277,0.28533515334129333,0.024359164759516716,-0.10000000149011612,0.6223069637006517,0.0009087643294385139,0.0006296790058443706,0.0015384433352828844,0.5846135485069537,-2.4000000357627864,0.0020425055759351572,0.4356385339316413,0.8638935089111328,0.3712942600250244,False,False,False,-0.6224106570159236,False
pirl,2,7,0,0.5088033615195725,200,-124.04638576446035,0.3276229871940767,65.52459743881533,0.44872620693984244,0.37775400341661713,1,0,1,0.005,0.0,0.005,103,0.7531964778900146,-0.6945484280586243,0.24755188822746277,0.28533515334129333,0.024360230192542076,-0.10000000149011612,0.6212933357927877,0.0009170706002322725,0.0006290836919154578,0.0015461542921477302,0.5846390603501066,-2.4000000357627873,0.002045956177089389,0.43564705874904586,0.8632667064666748,0.36840546131134033,False,False,False,-0.6213970332168576,False
pirl,2,7,0,0.5088033615195725,200,-124.04638576446035,0.3276229871940767,65.52459743881533,0.44872620693984244,0.37775400341661713,1,0,1,0.005,0.0,0.005,104,0.7556324601173401,-0.7045484185218811,0.24755188822746277,0.28533515334129333,0.024361779913306236,-0.10000000149011612,0.6202612091751059,0.0010341841598963761,0.0006208040298287549,0.001654988189725131,0.5846754281353661,-2.400000035762787,0.002094591760248922,0.43565578621471357,0.8626091480255127,0.36551332473754883,False,False,False,-0.6203649613886536,False
pirl,2,7,0,0.5088033615195725,200,-124.04638576446035,0.3276229871940767,65.52459743881533,0.44872620693984244,0.37775400341661713,1,0,1,0.005,0.0,0.005,105,0.7580686211585999,-0.7145484089851379,0.24755188822746277,0.28533515334129333,0.024363456293940544,-0.10000000149011612,0.61921066213382,0.00107302310224474,0.0006180483765757389,0.0016910714788204789,0.5847153875016509,-2.4000000357627864,0.002110729244912162,0.4356645809199007,0.8619208335876465,0.3626180589199066,False,False,False,-0.6193144327764425,False
pirl,2,7,0,0.5088033615195725,200,-124.04638576446035,0.3276229871940767,65.52459743881533,0.44872620693984244,0.37775400341661713,1,0,1,0.005,0.0,0.005,106,0.7605049014091492,-0.7245483994483948,0.24755188822746277,0.28533515334129333,0.024365609511733055,-0.10000000149011612,0.6181417133964543,0.0011905461580828944,0.0006097347080818363,0.0018002808661647307,0.5847662363291236,-2.400000035762787,0.0021595545172404516,0.4356735790637225,0.8612017035484314,0.3597198724746704,False,False,False,-0.6182455391578605,False
pirl,2,7,0,0.5088033615195725,200,-124.04638576446035,0.3276229871940767,65.52459743881533,0.44872620693984244,0.37775400341661713,1,0,1,0.005,0.0,0.005,107,0.7629414796829224,-0.7345484495162964,0.24755188822746277,0.28533515334129333,0.02436779998242855,-0.10000000149011612,0.6170543846382598,0.0012079608000312666,0.0006084869619024027,0.0018164477619336693,0.584818684873038,-2.400000035762787,0.002166806776779424,0.4356826074252924,0.8604516983032227,0.3568190038204193,False,False,False,-0.6171582190046545,False
pirl,2,7,0,0.5088033615195725,200,-124.04638576446035,0.3276229871940767,65.52459743881533,0.44872620693984244,0.37775400341661713,1,0,1,0.005,0.0,0.005,108,0.7653781771659851,-0.7445484399795532,0.24755188822746277,0.28533515334129333,0.024370534345507622,-0.10000000149011612,0.6159488808525304,0.0013401331050800446,0.0005991343522721749,0.0019392674573522196,0.5848833779273825,-2.4000000357627864,0.002221744044251462,0.43569186469214344,0.8596709370613098,0.3539157509803772,False,False,False,-0.6160527772769733,False
pirl,2,7,0,0.5088033615195725,200,-124.04638576446035,0.3276229871940767,65.52459743881533,0.44872620693984244,0.37775400341661713,1,0,1,0.005,0.0,0.005,109,0.7678152322769165,-0.7545484304428101,0.24755188822746277,0.28533515334129333,0.024373268708586693,-0.10000000149011612,0.6148251523342142,0.0013496676530130812,0.0005984382335031765,0.0019481058865162579,0.5849489354339128,-2.400000035762787,0.002225738438629032,0.4357011386023044,0.8588593006134033,0.351010262966156,False,False,False,-0.6149290538260723,False
pirl,2,7,0,0.5088033615195725,200,-124.04638576446035,0.3276229871940767,65.52459743881533,0.44872620693984244,0.37775400341661713,1,0,1,0.005,0.0,0.005,110,0.770252525806427,-0.7645484209060669,0.24755188822746277,0.28533515334129333,0.024376338347792625,-0.10000000149011612,0.6136833399447288,0.001431161888463846,0.0005926599467118598,0.002023821835175706,0.5850220323361861,-2.4000000357627873,0.002259645129894848,0.4357105537903456,0.858016848564148,0.3481028079986572,False,False,False,-0.6137872800172675,False
pirl,2,7,0,0.5088033615195725,200,-124.04638576446035,0.3276229871940767,65.52459743881533,0.44872620693984244,0.37775400341661713,1,0,1,0.005,0.0,0.005,111,0.7726901173591614,-0.7745484113693237,0.24755188822746277,0.28533515334129333,0.02437976561486721,-0.10000000149011612,0.6125234616918245,0.0015231358732895784,0.0005861389168172589,0.002109274790106837,0.5851036384373794,-2.400000035762787,0.00229792576261961,0.4357201284810232,0.8571435213088989,0.34519362449645996,False,False,False,-0.612627445302954,False
pirl,2,7,0,0.5088033615195725,200,-124.04638576446035,0.3276229871940767,65.52459743881533,0.44872620693984244,0.37775400341661713,1,0,1,0.005,0.0,0.005,112,0.7751280069351196,-0.7845484018325806,0.24755188822746277,0.28533515334129333,0.024383647367358208,-0.10000000149011612,0.6113457154202343,0.001639165907433618,0.000577916031133431,0.002217081938567049,0.5851959826216655,-2.4000000357627864,0.0023462317992686724,0.4357299044468535,0.8562394380569458,0.3422829806804657,False,False,False,-0.6114497538513594,False
pirl,2,7,0,0.5088033615195725,200,-124.04638576446035,0.3276229871940767,65.52459743881533,0.44872620693984244,0.37775400341661713,1,0,1,0.005,0.0,0.005,113,0.7775663137435913,-0.7945484519004822,0.24755188822746277,0.28533515334129333,0.02438758872449398,-0.10000000149011612,0.6101499336304569,0.0016619782250397175,0.0005762724966647365,0.002238250721704454,0.5852904143928713,-2.4000000357627864,0.0023557939366499027,0.43573972025492286,0.8553043603897095,0.33937105536460876,False,False,False,-0.6102539835847467,False
pirl,2,7,0,0.5088033615195725,200,-124.04638576446035,0.3276229871940767,65.52459743881533,0.44872620693984244,0.37775400341661713,1,0,1,0.005,0.0,0.005,114,0.7800050377845764,-0.804548442363739,0.24755188822746277,0.28533515334129333,0.024391723796725273,-0.10000000149011612,0.6089364882282746,0.0017104610168441723,0.0005728153559820514,0.0022832763728262238,0.5853893143796689,-2.400000035762787,0.0023760424767659584,0.4357496204319094,0.8543385863304138,0.33645808696746826,False,False,False,-0.6090405616714161,False
pirl,2,7,0,0.5088033615195725,200,-124.04638576446035,0.3276229871940767,65.52459743881533,0.44872620693984244,0.37775400341661713,1,0,1,0.005,0.0,0.005,115,0.782444179058075,-0.8145484328269958,0.24755188822746277,0.28533515334129333,0.02439614199101925,-0.10000000149011612,0.6077052754157715,0.001782268622846368,0.0005677094243706325,0.0023499780472170007,0.5854948448834187,-2.4000000357627873,0.002406011729666408,0.435759645480783,0.8533419370651245,0.3335443139076233,False,False,False,-0.607809383260282,False
pirl,2,7,0,0.5088033615195725,200,-124.04638576446035,0.3276229871940767,65.52459743881533,0.44872620693984244,0.37775400341661713,1,0,1,0.005,0.0,0.005,116,0.7848837375640869,-0.8245484232902527,0.24755188822746277,0.28533515334129333,0.024400858208537102,-0.10000000149011612,0.6064564280441135,0.0018593270249434466,0.000562230346701223,0.0024215573716446694,0.5856074909325948,-2.4000000357627873,0.0024381886860901573,0.4357698046003084,0.8523144721984863,0.33062997460365295,False,False,False,-0.6065605727958733,False
pirl,2,7,0,0.5088033615195725,200,-124.04638576446035,0.3276229871940767,65.52459743881533,0.44872620693984244,0.37775400341661713,1,0,1,0.005,0.0,0.005,117,0.7873237729072571,-0.8345484137535095,0.24755188822746277,0.28533515334129333,0.024405894801020622,-0.10000000149011612,0.6051900782299524,0.0019421528308024285,0.0005563414697392697,0.0024984943005416983,0.5857277853275225,-2.4000000357627864,0.0024727924236240535,0.4357801079020735,0.851256251335144,0.32771530747413635,False,False,False,-0.6052942626422696,False
pirl,2,7,0,0.5088033615195725,200,-124.04638576446035,0.3276229871940767,65.52459743881533,0.44872620693984244,0.37775400341661713,1,0,1,0.005,0.0,0.005,118,0.7897642850875854,-0.8445484042167664,0.24755188822746277,0.28533515334129333,0.024411289021372795,-0.10000000149011612,0.6039061789224176,0.0020343671920597358,0.0005497868775740515,0.0025841540696337874,0.5858565966130063,-2.400000035762787,0.0025113359652409097,0.43579057180192865,0.8501671552658081,0.3248005509376526,False,False,False,-0.6040104074461191,False
pirl,2,7,0,0.5088033615195725,200,-124.04638576446035,0.3276229871940767,65.52459743881533,0.44872620693984244,0.37775400341661713,1,0,1,0.005,0.0,0.005,119,0.7922053933143616,-0.854548454284668,0.24755188822746277,0.28533515334129333,0.024416660889983177,-0.10000000149011612,0.6026049182938219,0.0020359041550576246,0.0005496330235613767,0.0025855371786190013,0.5859855106258711,-2.4000000357627864,0.0025121296120904873,0.4358010390086457,0.8490473031997681,0.3218859136104584,False,False,False,-0.6027091487831272,False
pirl,2,7,0,0.5088033615195725,200,-124.04638576446035,0.3276229871940767,65.52459743881533,0.44872620693984244,0.37775400341661713,1,0,1,0.005,0.0,0.005,120,0.7946469783782959,-0.8645484447479248,0.24755188822746277,0.28533515334129333,0.02442253939807415,-0.10000000149011612,0.6012863654068079,0.00215823471271126,0.0005409485748664207,0.002699183287577681,0.5861257325332639,-2.4000000357627864,0.002563273500991844,0.4358117193148998,0.8478966951370239,0.3189716041088104,False,False,False,-0.6013906541124262,False
pirl,2,7,0,0.5088033615195725,200,-124.04638576446035,0.3276229871940767,65.52459743881533,0.44872620693984244,0.37775400341661713,1,0,1,0.005,0.0,0.005,121,0.797089159488678,-0.8745484352111816,0.24755188822746277,0.28533515334129333,0.024428581818938255,-0.10000000149011612,0.5999505936872958,0.002206721599156383,0.0005374750698215099,0.002744196668977893,0.5862704088583867,-2.400000035762787,0.002583675760967276,0.4358224846305705,0.8467153310775757,0.3160579204559326,False,False,False,-0.6000549063301163,False
pirl,2,7,0,0.5088033615195725,200,-124.04638576446035,0.3276229871940767,65.52459743881533,0.44872620693984244,0.37775400341661713,1,0,1,0.005,0.0,0.005,122,0.7995319366455078,-0.8845484256744385,0.24755188822746277,0.28533515334129333,0.024434974417090416,-0.10000000149011612,0.598597669127867,0.0022947950780310075,0.0005312043610045628,0.00282599943903557,0.5864232103994286,-2.400000035762787,0.0026206115822760495,0.4358334038454966,0.8455032110214233,0.3131450414657593,False,False,False,-0.5987020241919911,False
pirl,2,7,0,0.5088033615195725,200,-124.04638576446035,0.3276229871940767,65.52459743881533,0.44872620693984244,0.37775400341661713,1,0,1,0.005,0.0,0.005,123,0.8019753694534302,-0.8945484161376953,0.24755188822746277,0.28533515334129333,0.024441441521048546,-0.10000000149011612,0.5972277796937842,0.0023194036714006476,0.0005294127572580175,0.002848816428658665,0.586578247432736,-2.400000035762787,0.0026311023770117627,0.4358443667720675,0.8442604541778564,0.3102332055568695,False,False,False,-0.5973321477012227,False
pirl,2,7,0,0.5088033615195725,200,-124.04638576446035,0.3276229871940767,65.52459743881533,0.44872620693984244,0.37775400341661713,1,0,1,0.005,0.0,0.005,124,0.8044194579124451,-0.9045484066009521,0.24755188822746277,0.28533515334129333,0.024448273703455925,-0.10000000149011612,0.5958408733508644,0.002409406040168341,0.000523002202406125,0.0029324082425744662,0.5867415853994945,-2.40000003576279,0.0026689040243582087,0.4358554872055023,0.8429869413375854,0.30732262134552,False,False,False,-0.5959452847784364,False
pirl,2,7,0,0.5088033615195725,200,-124.04638576446035,0.3276229871940767,65.52459743881533,0.44872620693984244,0.37775400341661713,1,0,1,0.005,0.0,0.005,125,0.8068642020225525,-0.9145484566688538,0.24755188822746277,0.28533515334129333,0.024455411359667778,-0.10000000149011612,0.594437138990548,0.002489720302006934,0.000517272922990474,0.003006993224997408,0.5869123230273383,-2.400000035762787,0.0027027025598154748,0.43586674846616824,0.8416827917098999,0.3044135868549347,False,False,False,-0.5945415894093435,False
pirl,2,7,0,0.5088033615195725,200,-124.04638576446035,0.3276229871940767,65.52459743881533,0.44872620693984244,0.37775400341661713,1,0,1,0.005,0.0,0.005,126,0.8093096613883972,-0.9245484471321106,0.24755188822746277,0.28533515334129333,0.024462802335619926,-0.10000000149011612,0.5930166413086625,0.0025568328172332327,0.000512473373935997,0.0030693061911692297,0.5870892333857615,-2.4000000357627846,0.002731025134338883,0.4358781277375613,0.8403480052947998,0.30150628089904785,False,False,False,-0.5931211246348276,False
pirl,2,7,0,0.5088033615195725,200,-124.04638576446035,0.3276229871940767,65.52459743881533,0.44872620693984244,0.37775400341661713,1,0,1,0.005,0.0,0.005,127,0.811755895614624,-0.9345484375953674,0.24755188822746277,0.28533515334129333,0.024470141157507896,-0.10000000149011612,0.5915795057105752,0.0025495804197307615,0.0005129233916858399,0.0030625038114166013,0.5872654162319593,-2.400000035762787,0.0027282965647996245,0.43588949563991464,0.8389826416969299,0.2986009120941162,False,False,False,-0.5916839873789862,False
pirl,2,7,0,0.5088033615195725,200,-124.04638576446035,0.3276229871940767,65.52459743881533,0.44872620693984244,0.37775400341661713,1,0,1,0.005,0.0,0.005,128,0.8142028450965881,-0.9445484280586243,0.24755188822746277,0.28533515334129333,0.024477971717715263,-0.10000000149011612,0.5901258580492762,0.002667854081473803,0.0005045089003952192,0.003172362981869022,0.5874525159864983,-2.40000003576279,0.002778058971437806,0.43590107088562896,0.8375867605209351,0.29569771885871887,False,False,False,-0.5902303965099176,False
pirl,2,7,0,0.5088033615195725,200,-124.04638576446035,0.3276229871940767,65.52459743881533,0.44872620693984244,0.37775400341661713,1,0,1,0.005,0.0,0.005,129,0.8166505694389343,-0.9545484185218811,0.24755188822746277,0.28533515334129333,0.024485981091856956,-0.10000000149011612,0.5886556443531611,0.0027197831411315087,0.0005007759090432092,0.003220559050174718,0.5876443749270036,-2.4000000357627873,0.002800127463520072,0.43591273808339365,0.8361602425575256,0.29279690980911255,False,False,False,-0.5887602088191852,False
pirl,2,7,0,0.5088033615195725,200,-124.04638576446035,0.3276229871940767,65.52459743881533,0.44872620693984244,0.37775400341661713,1,0,1,0.005,0.0,0.005,130,0.8190990686416626,-0.9645484089851379,0.24755188822746277,0.28533515334129333,0.024494430050253868,-0.10000000149011612,0.5871691691011021,0.00282974442967173,0.000492942965453267,0.003322687395124997,0.5878463748305625,-2.4000000357627846,0.0028465181393963583,0.43592459857564114,0.8347033262252808,0.2898988127708435,False,False,False,-0.5872737866429556,False
pirl,2,7,0,0.5088033615195725,200,-124.04638576446035,0.3276229871940767,65.52459743881533,0.44872620693984244,0.37775400341661713,1,0,1,0.005,0.0,0.005,131,0.8215484619140625,-0.9745484590530396,0.24755188822746277,0.28533515334129333,0.024502960965037346,-0.10000000149011612,0.5856663164284522,0.002857843201310589,0.000490887688552821,0.00334873088986341,0.5880509187220194,-2.400000035762787,0.0028586877901764507,0.4359365097747669,0.8332158327102661,0.2870034873485565,False,False,False,-0.585770949018611,False
pirl,2,7,0,0.5088033615195725,200,-124.04638576446035,0.3276229871940767,65.52459743881533,0.44872620693984244,0.37775400341661713,1,0,1,0.005,0.0,0.005,132,0.8239986300468445,-0.9845484495162964,0.24755188822746277,0.28533515334129333,0.024511871859431267,-0.10000000149011612,0.5841473899758648,0.0029518289836712075,0.0004841785270931929,0.0034360075107644004,0.5882641176980665,-2.4000000357627904,0.0028984835550141617,0.43594858678957943,0.8316980004310608,0.28411129117012024,False,False,False,-0.5842520683202989,False
pirl,2,7,0,0.5088033615195725,200,-124.04638576446035,0.3276229871940767,65.52459743881533,0.44872620693984244,0.37775400341661713,1,0,1,0.005,0.0,0.005,133,0.8264497518539429,-0.9945484399795532,0.24755188822746277,0.28533515334129333,0.024520864710211754,-0.10000000149011612,0.582612393675051,0.00297883441905596,0.00048219656331016756,0.0034610309823661276,0.5884797557601886,-2.4000000357627873,0.0029102555205651904,0.4359607128542485,0.83014976978302,0.281222403049469,False,False,False,-0.5827170866769882,False
pirl,2,7,0,0.5088033615195725,200,-124.04638576446035,0.3276229871940767,65.52459743881533,0.44872620693984244,0.37775400341661713,1,0,1,0.005,0.0,0.005,134,0.8289017677307129,-1.00454843044281,0.24755188822746277,0.28533515334129333,0.024529939517378807,-0.10000000149011612,0.5810614505469278,0.0030011172711333894,0.00048054727411717477,0.003481664545250564,0.5886973940642554,-2.400000035762787,0.0029200633918643848,0.4359728797850479,0.8285712003707886,0.2783370614051819,False,False,False,-0.5811661560263147,False
pirl,2,7,0,0.5088033615195725,200,-124.04638576446035,0.3276229871940767,65.52459743881533,0.44872620693984244,0.37775400341661713,1,0,1,0.005,0.0,0.005,135,0.8313546776771545,-1.014548420906067,0.24755188822746277,0.28533515334129333,0.024539506062865257,-0.10000000149011612,0.579494684566119,0.0031216057581102065,0.000471961920143308,0.0035935676782535148,0.5889261418535752,-2.4000000357627873,0.0029711038607343615,0.43598525938446764,0.8269623517990112,0.27545541524887085,False,False,False,-0.5795994482769501,False
pirl,2,7,0,0.5088033615195725,200,-124.04638576446035,0.3276229871940767,65.52459743881533,0.44872620693984244,0.37775400341661713,1,0,1,0.005,0.0,0.005,136,0.8338084816932678,-1.0245484113693237,0.24755188822746277,0.28533515334129333,0.024549385532736778,-0.10000000149011612,0.5779121567486839,0.0034324837484580235,0.0004659168966809297,0.0038984006451389533,0.5891852527856827,-2.4000226347777103,0.003140579902977607,0.4359983451340634,0.825323224067688,0.27257782220840454,False,False,False,-0.5780170752303819,False
pirl,2,7,0,0.5088033615195725,200,-124.04638576446035,0.3276229871940767,65.52459743881533,0.44872620693984244,0.37775400341661713,1,0,1,0.005,0.0,0.005,137,0.8362634181976318,-1.0345485210418701,0.24755188822746277,0.28533515334129333,0.02455911599099636,-0.10000000149011612,0.5763140524432121,0.0029665686284373848,0.000466762355218374,0.003433330983655759,0.5893978729584405,-2.400000035762787,0.002868718908803053,0.43601029812951675,0.8236539363861084,0.26970434188842773,False,False,False,-0.5764187407146605,False
pirl,2,7,0,0.5088033615195725,200,-124.04638576446035,0.3276229871940767,65.52459743881533,0.44872620693984244,0.37775400341661713,1,0,1,0.005,0.0,0.005,138,0.8387192487716675,-1.044548511505127,0.24755188822746277,0.28533515334129333,0.024569375440478325,-0.10000000149011612,0.5747003726990183,0.003520148661404872,0.0004599689263095339,0.003980117587714406,0.5896650105714798,-2.400023211951797,0.003179644597559911,0.43602354664867327,0.8219544291496277,0.2668353021144867,False,False,False,-0.5748053368075592,False
pirl,2,7,0,0.5088033615195725,200,-124.04638576446035,0.3276229871940767,65.52459743881533,0.44872620693984244,0.37775400341661713,1,0,1,0.005,0.0,0.005,139,0.8411762118339539,-1.0545486211776733,0.24755188822746277,0.28533515334129333,0.024579418823122978,-0.10000000149011612,0.5730713601300702,0.003043709411660487,0.000460738406425656,0.003504447818086143,0.5898845971775366,-2.4000000357627864,0.002901209492121687,0.4360356350215571,0.8202248811721802,0.26397088170051575,False,False,False,-0.5731760888028132,False
pirl,2,7,0,0.5088033615195725,200,-124.04638576446035,0.3276229871940767,65.52459743881533,0.44872620693984244,0.37775400341661713,1,0,1,0.005,0.0,0.005,140,0.8436340689659119,-1.0645486116409302,0.24755188822746277,0.28533515334129333,0.024590088054537773,-0.10000000149011612,0.5714271363562639,0.0036330904531184645,0.0004523484556031648,0.0040854389087216295,0.5901621133089066,-2.400023955545482,0.003229759469356403,0.4360490923526794,0.8184653520584106,0.261111319065094,False,False,False,-0.5715321580726507,False
pirl,2,7,0,0.5088033615195725,200,-124.04638576446035,0.3276229871940767,65.52459743881533,0.44872620693984244,0.37775400341661713,1,0,1,0.005,0.0,0.005,141,0.8460930585861206,-1.0745487213134766,0.24755188822746277,0.28533515334129333,0.024600965902209282,-0.10000000149011612,0.5697677076878422,0.003475693496469968,0.0004457224125715615,0.00392141590904153,0.5904231816530228,-2.400022919264924,0.003121874018438322,0.4360621001610896,0.8166757822036743,0.2582567632198334,False,False,False,-0.5698726499855313,False
pirl,2,7,0,0.5088033615195725,200,-124.04638576446035,0.3276229871940767,65.52459743881533,0.44872620693984244,0.37775400341661713,1,0,1,0.005,0.0,0.005,142,0.8485531806945801,-1.084548830986023,0.24755188822746277,0.28533515334129333,0.024611851200461388,-0.10000000149011612,0.5680931931264372,0.0034776952356643104,0.0004462316098164934,0.003923926845480804,0.5906844288110734,-2.4000229324441076,0.0031251865205983997,0.4360751217715921,0.814856231212616,0.25540751218795776,False,False,False,-0.5681981392798472,False
pirl,2,7,0,0.5088033615195725,200,-124.04638576446035,0.3276229871940767,65.52459743881533,0.44872620693984244,0.37775400341661713,1,0,1,0.005,0.0,0.005,143,0.8510143756866455,-1.0945489406585693,0.24755188822746277,0.28533515334129333,0.02462291531264782,-0.10000000149011612,0.5664038341999376,0.0035246066079402637,0.0004430364478955916,0.003967643055835855,0.5909499675035478,-2.4000232413023226,0.003146163932118534,0.43608823078797593,0.8130068778991699,0.2525637745857239,False,False,False,-0.5665088048564088,False
pirl,2,7,0,0.5088033615195725,200,-124.04638576446035,0.3276229871940767,65.52459743881533,0.44872620693984244,0.37775400341661713,1,0,1,0.005,0.0,0.005,144,0.8534766435623169,-1.1045490503311157,0.24755188822746277,0.28533515334129333,0.02463456057012081,-0.10000000149011612,0.5646997572798547,0.0036753295066037778,0.00043278308198607446,0.004108112588589852,0.5912294536828995,-2.4000242336417736,0.0032116529409707455,0.43610161267522995,0.811127781867981,0.24972569942474365,False,False,False,-0.5648048009576094,False
pirl,2,7,0,0.5088033615195725,200,-124.04638576446035,0.3276229871940767,65.52459743881533,0.44872620693984244,0.37775400341661713,1,0,1,0.005,0.0,0.005,145,0.8559401035308838,-1.114549160003662,0.24755188822746277,0.28533515334129333,0.024646101519465446,-0.10000000149011612,0.5629809621060116,0.0036501579796645012,0.0004336441079476427,0.004083802087612144,0.5915064364671707,-2.400024067915799,0.0031998482350777758,0.43611494537620943,0.8092188835144043,0.24689356982707977,False,False,False,-0.5630859963852306,False
pirl,2,7,0,0.5088033615195725,200,-124.04638576446035,0.3276229871940767,65.52459743881533,0.44872620693984244,0.37775400341661713,1,0,1,0.005,0.0,0.005,146,0.8584046959877014,-1.1245492696762085,0.24755188822746277,0.28533515334129333,0.024657992646098137,-0.10000000149011612,0.561247635468462,0.003741101190223696,0.00042766554867124047,0.0041687667388949365,0.5917918235063552,-2.400024666673761,0.003240360961181822,0.43612844688021435,0.8072803020477295,0.24406753480434418,False,False,False,-0.5613527150835791,False
pirl,2,7,0,0.5088033615195725,200,-124.04638576446035,0.3276229871940767,65.52459743881533,0.44872620693984244,0.37775400341661713,1,0,1,0.005,0.0,0.005,147,0.8608704805374146,-1.1345492601394653,0.24755188822746277,0.28533515334129333,0.024670077487826347,-0.10000000149011612,0.5594999573808591,0.003792372623643633,0.0004237604483958878,0.0042161330720395206,0.5920818597078324,-2.4000250042380364,0.003262430707669247,0.4361420403414963,0.8053121566772461,0.24124784767627716,False,False,False,-0.559605063569968,False
pirl,2,7,0,0.5088033615195725,200,-124.04638576446035,0.3276229871940767,65.52459743881533,0.44872620693984244,0.37775400341661713,1,0,1,0.005,0.0,0.005,148,0.863337516784668,-1.1445493698120117,0.24755188822746277,0.28533515334129333,0.02468225173652172,-0.10000000149011612,0.5577379933407408,0.0038166096074499834,0.000421821679859051,0.004238431287309034,0.5923740416765214,-2.4000251638111028,0.003273243104969382,0.4361556788544337,0.8033144474029541,0.23843470215797424,False,False,False,-0.5578431135995849,False
pirl,2,7,0,0.5088033615195725,200,-124.04638576446035,0.3276229871940767,65.52459743881533,0.44872620693984244,0.37775400341661713,1,0,1,0.005,0.0,0.005,149,0.8658057451248169,-1.154549479484558,0.24755188822746277,0.28533515334129333,0.02469473145902157,-0.10000000149011612,0.5559620457247307,0.003896341858568187,0.00041634741634435116,0.004312689274912538,0.5926735550165176,-2.4000256887576037,0.003308503275551573,0.43616946428474845,0.8012874126434326,0.23562830686569214,False,False,False,-0.5560672061002514,False
pirl,2,7,0,0.5088033615195725,200,-124.04638576446035,0.3276229871940767,65.52459743881533,0.44872620693984244,0.37775400341661713,1,0,1,0.005,0.0,0.005,150,0.8682752251625061,-1.1645495891571045,0.24755188822746277,0.28533515334129333,0.024707389995455742,-0.10000000149011612,0.5541719959170055,0.003943768789107879,0.00041274325063804545,0.004356512039745924,0.5929773598909378,-2.400026001010185,0.0033291601378582433,0.43618333578532287,0.7992308735847473,0.23282893002033234,False,False,False,-0.554277181236295,False
pirl,2,7,0,0.5088033615195725,200,-124.04638576446035,0.3276229871940767,65.52459743881533,0.44872620693984244,0.37775400341661713,1,0,1,0.005,0.0,0.005,151,0.8707459568977356,-1.1745496988296509,0.24755188822746277,0.28533515334129333,0.02472027949988842,-0.10000000149011612,0.552368100109736,0.004004475329712342,0.00040841203468629835,0.0044128873643986405,0.5932867079973222,-2.4000264006939473,0.003356001651229775,0.43619731912553633,0.7971450090408325,0.2300366461277008,False,False,False,-0.5524733167086788,False
pirl,2,7,0,0.5088033615195725,200,-124.04638576446035,0.3276229871940767,65.52459743881533,0.44872620693984244,0.37775400341661713,1,0,1,0.005,0.0,0.005,152,0.8732179999351501,-1.1845498085021973,0.24755188822746277,0.28533515334129333,0.024733295664191246,-0.10000000149011612,0.550550590825778,0.004038414306475192,0.00040578276368533127,0.004444197070160524,0.5935990959405898,-2.4000266241436403,0.0033710885178206,0.4362113653276939,0.7950299978256226,0.2272517830133438,False,False,False,-0.5506558262088175,False
pirl,2,7,0,0.5088033615195725,200,-124.04638576446035,0.3276229871940767,65.52459743881533,0.44872620693984244,0.37775400341661713,1,0,1,0.005,0.0,0.005,153,0.875691294670105,-1.1945499181747437,0.24755188822746277,0.28533515334129333,0.024746602401137352,-0.10000000149011612,0.5487194827259896,0.004114426707174701,0.0004005017890822331,0.004514928496256934,0.5939184576272966,-2.4000271245991427,0.003404849121193599,0.4362255521990322,0.7928857803344727,0.2244744747877121,False,False,False,-0.5488247566710411,False
pirl,2,7,0,0.5088033615195725,200,-124.04638576446035,0.3276229871940767,65.52459743881533,0.44872620693984244,0.37775400341661713,1,0,1,0.005,0.0,0.005,154,0.8781659603118896,-1.20455002784729,0.24755188822746277,0.28533515334129333,0.024760155007243156,-0.10000000149011612,0.5468749583082193,0.004179164014681163,0.00039576631069189455,0.004574930325373058,0.5942437201738356,-2.4000275508209357,0.003433292020648062,0.43623985758245154,0.7907124757766724,0.22170495986938477,False,False,False,-0.5469802655100893,False
pirl,2,7,0,0.5088033615195725,200,-124.04638576446035,0.3276229871940767,65.52459743881533,0.44872620693984244,0.37775400341661713,1,0,1,0.005,0.0,0.005,155,0.8806419968605042,-1.2145501375198364,0.24755188822746277,0.28533515334129333,0.02477353624999523,-0.09611176699399948,0.5450594720434714,0.07517378593240727,0.0706391616653117,0.14581294759771896,0.5945648699998856,-2.306717198535915,0.20764026136383437,0.43710502533813417,0.7885752320289612,0.21912658214569092,False,False,False,-0.5452316317321659,False
pirl,2,7,0,0.5088033615195725,200,-124.04638576446035,0.3276229871940767,65.52459743881533,0.44872620693984244,0.37775400341661713,1,0,1,0.005,0.0,0.005,156,0.8831193447113037,-1.2241615056991577,0.24755188822746277,0.28533515334129333,0.02450893633067608,-0.09072811901569366,0.5432993636544984,0.03051039403214534,0.09281599982583474,0.12332639385798008,0.5882144719362259,-2.1776757327392393,0.22006980574483434,0.438021982862071,0.7865094542503357,0.21678629517555237,False,False,False,-0.5434550070594667,False
pirl,2,7,0,0.5088033615195725,200,-124.04638576446035,0.3276229871940767,65.52459743881533,0.44872620693984244,0.37775400341661713,1,0,1,0.005,0.0,0.005,157,0.885570228099823,-1.2332351207733154,0.24755188822746277,0.28533515334129333,0.023939860984683037,-0.0859178826212883,0.5415997718127855,0.05839205894516217,0.07714277509597338,0.13553483404113553,0.574556663632393,-2.062002158870453,0.19261811535931334,0.4388245583427348,0.7845169305801392,0.2146325260400772,False,False,False,-0.5417567300332743,False
pirl,2,7,0,0.5088033615195725,200,-124.04638576446035,0.3276229871940767,65.52459743881533,0.44872620693984244,0.37775400341661713,1,0,1,0.005,0.0,0.005,158,0.8879642486572266,-1.2418268918991089,0.24755188822746277,0.28533515334129333,0.023194609209895134,-0.08154363930225372,0.5399628931483466,0.11207838520030856,0.06585583108144206,0.17793421628175063,0.5566706210374832,-1.956995473002007,0.19127030759150102,0.4396215179576994,0.782597541809082,0.21262972056865692,False,False,False,-0.5401366385281029,False
pirl,2,7,0,0.5088033615195725,200,-124.04638576446035,0.3276229871940767,65.52459743881533,0.44872620693984244,0.37775400341661713,1,0,1,0.005,0.0,0.005,159,0.8902837038040161,-1.2499809265136719,0.24755188822746277,0.28533515334129333,0.022355487570166588,-0.07751192152500153,0.5383890897278183,0.1426367379263368,0.05791714891083952,0.20055388683717632,0.5365317016839981,-1.8602201038399564,0.18426777648330805,0.4403893003597132,0.7807501554489136,0.21075348556041718,False,False,False,-0.5385700380114641,False
pirl,2,7,0,0.5088033615195725,200,-124.04638576446035,0.3276229871940767,65.52459743881533,0.44872620693984244,0.37775400341661713,1,0,1,0.005,0.0,0.005,160,0.8925192356109619,-1.2577319145202637,0.24755188822746277,0.28533515334129333,0.0214743223041296,-0.07375935465097427,0.5368778179295138,0.1586376463702165,0.052079591582997506,0.210717237953214,0.5153837352991104,-1.7701510935892788,0.1739480087396676,0.4411140837294618,0.7789733409881592,0.2089870274066925,False,False,False,-0.5370599983525371,False
pirl,2,7,0,0.5088033615195725,200,-124.04638576446035,0.3276229871940767,65.52459743881533,0.44872620693984244,0.37775400341661713,1,0,1,0.005,0.0,0.005,161,0.8946666717529297,-1.26510751247406,0.24755188822746277,0.28533515334129333,0.020581936463713646,-0.07024352997541428,0.5354279144070168,0.16589381919199214,0.04757720281053504,0.21347102200252718,0.4939664751291274,-1.6857679431947523,0.1621501084368524,0.441789709181282,0.7772653698921204,0.20731794834136963,False,False,False,-0.5356078467091304,False
pirl,2,7,0,0.5088033615195725,200,-124.04638576446035,0.3276229871940767,65.52459743881533,0.44872620693984244,0.37775400341661713,1,0,1,0.005,0.0,0.005,162,0.8967248797416687,-1.2721315622329712,0.24755188822746277,0.28533515334129333,0.01969864033162594,-0.06693297624588013,0.5340376306208721,0.16732283017525076,0.04401820013177897,0.21134103030702972,0.4727673679590226,-1.6063139923348628,0.14981182481048066,0.4424139251179924,0.77562415599823,0.2057369351387024,False,False,False,-0.5342130726195661,False
pirl,2,7,0,0.5088033615195725,200,-124.04638576446035,0.3276229871940767,65.52459743881533,0.44872620693984244,0.37775400341661713,1,0,1,0.005,0.0,0.005,163,0.8986946940422058,-1.2788245677947998,0.24755188822746277,0.28533515334129333,0.01883593015372753,-0.06380526721477509,0.53270519747711,0.16536843571746565,0.0410769101659119,0.20644534588337754,0.45206232368946075,-1.5312498800886432,0.1376558530812933,0.44298749117249775,0.7740477323532104,0.204236701130867,False,False,False,-0.532874947620998,False
pirl,2,7,0,0.5088033615195725,200,-124.04638576446035,0.3276229871940767,65.52459743881533,0.44872620693984244,0.37775400341661713,1,0,1,0.005,0.0,0.005,164,0.9005783200263977,-1.2852047681808472,0.24755188822746277,0.28533515334129333,0.018000183627009392,-0.060843486338853836,0.5314285998512831,0.16145475187224717,0.03855931743348038,0.20001406930572754,0.43200440704822535,-1.4601689503325261,0.12605228241007221,0.44351270901587303,0.7725339531898499,0.20281125605106354,False,False,False,-0.531592057155337,False
pirl,2,7,0,0.5088033615195725,200,-124.04638576446035,0.3276229871940767,65.52459743881533,0.44872620693984244,0.37775400341661713,1,0,1,0.005,0.0,0.005,165,0.9023783206939697,-1.2912887334823608,0.24755188822746277,0.28533515334129333,0.01719549112021923,-0.058033790439367294,0.5302057863071816,0.1562292925684195,0.036367579828295665,0.19259687239671516,0.4126917868852616,-1.392738667104918,0.11512508056977358,0.44399239685158043,0.771080732345581,0.20145589113235474,False,False,False,-0.5303626124703879,False
pirl,2,7,0,0.5088033615195725,200,-124.04638576446035,0.3276229871940767,65.52459743881533,0.44872620693984244,0.37775400341661713,1,0,1,0.005,0.0,0.005,166,0.904097855091095,-1.2970918416976929,0.24755188822746277,0.28533515334129333,0.016423283144831657,-0.05536513030529022,0.529034644769824,0.15043078385009678,0.03440237241375442,0.18483315626385122,0.3941587954759598,-1.3286935074563253,0.1050038254321087,0.4444299127908809,0.7696858644485474,0.20016607642173767,False,False,False,-0.5291848109956031,False
pirl,2,7,0,0.5088033615195725,200,-124.04638576446035,0.3276229871940767,65.52459743881533,0.44872620693984244,0.37775400341661713,1,0,1,0.005,0.0,0.005,167,0.9057402014732361,-1.3026280403137207,0.24755188822746277,0.28533515334129333,0.015683768317103386,-0.05282837525010109,0.5279132429106981,0.1444103305524659,0.03260639467908887,0.1770167252315548,0.37641043961048126,-1.2678141724177379,0.0956964052931438,0.4448286478129357,0.7683473825454712,0.19893810153007507,False,False,False,-0.5280568586060799,False
pirl,2,7,0,0.5088033615195725,200,-124.04638576446035,0.3276229871940767,65.52459743881533,0.44872620693984244,0.37775400341661713,1,0,1,0.005,0.0,0.005,168,0.9073085784912109,-1.307910680770874,0.24755188822746277,0.28533515334129333,0.01497715525329113,-0.05041497200727463,0.526839592583168,0.1381785012991243,0.030969145914208396,0.1691476472133327,0.35945172607898707,-1.209895378701355,0.08713792732290648,0.44519172251011446,0.7670632600784302,0.19776862859725952,False,False,False,-0.5269767590344789,False
pirl,2,7,0,0.5088033615195725,200,-124.04638576446035,0.3276229871940767,65.52459743881533,0.44872620693984244,0.37775400341661713,1,0,1,0.005,0.0,0.005,169,0.908806324005127,-1.312951922416687,0.24755188822746277,0.28533515334129333,0.014302028343081474,-0.048118241131305695,0.5258116842370244,0.13218951703847026,0.029427018830091002,0.16161653586856126,0.34324868023395544,-1.1547766094000769,0.07935551029358359,0.4455223704696711,0.7658314108848572,0.19665443897247314,False,False,False,-0.5259426912424906,False
pirl,2,7,0,0.5088033615195725,200,-124.04638576446035,0.3276229871940767,65.52459743881533,0.44872620693984244,0.37775400341661713,1,0,1,0.005,0.0,0.005,170,0.9102364778518677,-1.3177634477615356,0.24755188822746277,0.28533515334129333,0.013657821342349052,-0.04593135043978691,0.5248277376929179,0.12622111690044752,0.02799819461495726,0.15421931151540477,0.3277877122163772,-1.1022939949992012,0.07223597293707995,0.44582335369024223,0.7646499872207642,0.19559265673160553,False,False,False,-0.5249527662905012,False
pirl,2,7,0,0.5088033615195725,200,-124.04638576446035,0.3276229871940767,65.52459743881533,0.44872620693984244,0.37775400341661713,1,0,1,0.005,0.0,0.005,171,0.911602258682251,-1.3223563432693481,0.24755188822746277,0.28533515334129333,0.013042954728007317,-0.04384860768914223,0.5238858527970612,0.12055609922082713,0.026643618313903054,0.14719971753473018,0.3130309134721756,-1.0523107907728861,0.06577515292069203,0.4460974168274118,0.7635170221328735,0.19458068907260895,False,False,False,-0.5240051999955541,False
pirl,2,7,0,0.5088033615195725,200,-124.04638576446035,0.3276229871940767,65.52459743881533,0.44872620693984244,0.37775400341661713,1,0,1,0.005,0.0,0.005,172,0.9129065871238708,-1.3267409801483154,0.24755188822746277,0.28533515334129333,0.012456445023417473,-0.04186440259218216,0.5229843626645104,0.11504196771738713,0.025372614117723923,0.14041458183511105,0.2989546805620193,-1.0046924204043743,0.05988400780009985,0.44634693352657884,0.762430727481842,0.1936158537864685,False,False,False,-0.5230982482242182,False
pirl,2,7,0,0.5088033615195725,200,-124.04638576446035,0.3276229871940767,65.52459743881533,0.44872620693984244,0.37775400341661713,1,0,1,0.005,0.0,0.005,173,0.914152204990387,-1.3309271335601807,0.24755188822746277,0.28533515334129333,0.011897092685103416,-0.03997345641255379,0.522121611479799,0.10974063386863836,0.024175333986517375,0.13391596785515575,0.285530224442482,-0.9593121655683555,0.05452595981891681,0.44657412502582433,0.7613893747329712,0.1926959604024887,False,False,False,-0.5222302757948007,False
pirl,2,7,0,0.5088033615195725,200,-124.04638576446035,0.3276229871940767,65.52459743881533,0.44872620693984244,0.37775400341661713,1,0,1,0.005,0.0,0.005,174,0.9153419137001038,-1.334924340248108,0.24755188822746277,0.28533515334129333,0.011363355442881584,-0.038171328604221344,0.5212958169150053,0.10475611291952913,0.023030288050678013,0.12778640097020716,0.272720530629158,-0.9160634050213678,0.049666346792389,0.44678106813745927,0.7603910565376282,0.1918187290430069,False,False,False,-0.5213995369444767,False
pirl,2,7,0,0.5088033615195725,200,-124.04638576446035,0.3276229871940767,65.52459743881533,0.44872620693984244,0.37775400341661713,1,0,1,0.005,0.0,0.005,175,0.9164782762527466,-1.3387413024902344,0.24755188822746277,0.28533515334129333,0.010854421183466911,-0.0364532396197319,0.520505553764439,0.09989347750409529,0.021956964679761066,0.12185044218385635,0.2605061084032059,-0.8748315198375793,0.04523150586127048,0.44696953274521456,0.7594342231750488,0.19098202884197235,False,False,False,-0.5206045139312573,False
pirl,2,7,0,0.5088033615195725,200,-124.04638576446035,0.3276229871940767,65.52459743881533,0.44872620693984244,0.37775400341661713,1,0,1,0.005,0.0,0.005,176,0.9175637364387512,-1.3423863649368286,0.24755188822746277,0.28533515334129333,0.010368561372160912,-0.03481540083885193,0.5197493344774294,0.09540779743444003,0.020920734740971232,0.11632853217541125,0.24884547293186188,-0.835525465084221,0.041221605098314115,0.4471412894331242,0.7585172653198242,0.19018390774726868,False,False,False,-0.5198438253083656,False
pirl,2,7,0,0.5088033615195725,200,-124.04638576446035,0.3276229871940767,65.52459743881533,0.44872620693984244,0.37775400341661713,1,0,1,0.005,0.0,0.005,177,0.9186005592346191,-1.3458677530288696,0.24755188822746277,0.28533515334129333,0.009905381128191948,-0.03325330466032028,0.5190256728754993,0.09094118798201747,0.019958931642428613,0.11090011962444608,0.23772914707660675,-0.7980372239612774,0.03754734145425501,0.4472977366891836,0.7576385736465454,0.18942254781723022,False,False,False,-0.5191158201811179,False
pirl,2,7,0,0.5088033615195725,200,-124.04638576446035,0.3276229871940767,65.52459743881533,0.44872620693984244,0.37775400341661713,1,0,1,0.005,0.0,0.005,178,0.9195911288261414,-1.3491928577423096,0.24755188822746277,0.28533515334129333,0.009463226422667503,-0.03176372870802879,0.5183331845588153,0.08684265394171857,0.01902537084048689,0.10586802478220546,0.2271174341440201,-0.7622892979215636,0.03422631731819234,0.44744034634467605,0.7567965984344482,0.188696026802063,False,False,False,-0.5184192620021547,False
pirl,2,7,0,0.5088033615195725,200,-124.04638576446035,0.3276229871940767,65.52459743881533,0.44872620693984244,0.37775400341661713,1,0,1,0.005,0.0,0.005,179,0.9205374121665955,-1.3523690700531006,0.24755188822746277,0.28533515334129333,0.009041523560881615,-0.03034266084432602,0.5176705495647362,0.08281856494893035,0.018154030484208664,0.10097259543313901,0.21699656546115875,-0.7281855315545618,0.031190846488340997,0.4475703082050441,0.7559899091720581,0.1880028247833252,False,False,False,-0.5177526969780395,False
pirl,2,7,0,0.5088033615195725,200,-124.04638576446035,0.3276229871940767,65.52459743881533,0.44872620693984244,0.37775400341661713,1,0,1,0.005,0.0,0.005,180,0.9214415550231934,-1.355403184890747,0.24755188822746277,0.28533515334129333,0.008639080449938774,-0.028986990451812744,0.5170364923991936,0.07904523461890985,0.017317350059784187,0.09636258467869403,0.20733793079853055,-0.6956511884441589,0.028435910535161535,0.4476887911656073,0.7552170753479004,0.18734128773212433,False,False,False,-0.5171149206627079,False
pirl,2,7,0,0.5088033615195725,200,-124.04638576446035,0.3276229871940767,65.52459743881533,0.44872620693984244,0.37775400341661713,1,0,1,0.005,0.0,0.005,181,0.9223054647445679,-1.3583017587661743,0.24755188822746277,0.28533515334129333,0.008254816755652428,-0.02769364044070244,0.5164297307244687,0.07549448649217086,0.01651671952828854,0.0920112060204594,0.19811560213565826,-0.6646124314756379,0.025933852775015746,0.4477968488855032,0.7544766664505005,0.18670989573001862,False,False,False,-0.5165046340748765,False
pirl,2,7,0,0.5088033615195725,200,-124.04638576446035,0.3276229871940767,65.52459743881533,0.44872620693984244,0.37775400341661713,1,0,1,0.005,0.0,0.005,182,0.923130989074707,-1.361070990562439,0.24755188822746277,0.28533515334129333,0.007888032123446465,-0.026459623128175735,0.5158492187515012,0.07206971504590289,0.01575745495147718,0.08782716999738006,0.18931277096271515,-0.6349976009706937,0.023649663549424944,0.4478953891502925,0.7537674903869629,0.18610720336437225,False,False,False,-0.5159207427092518,False
pirl,2,7,0,0.5088033615195725,200,-124.04638576446035,0.3276229871940767,65.52459743881533,0.44872620693984244,0.37775400341661713,1,0,1,0.005,0.0,0.005,183,0.9239197969436646,-1.3637168407440186,0.24755188822746277,0.28533515334129333,0.007537892088294029,-0.025281868875026703,0.5152937945876057,0.06880409996658408,0.0150386798920814,0.08384277985866548,0.1809094101190567,-0.6067330102327141,0.02157177265957607,0.447985271536374,0.7530882358551025,0.1855318397283554,False,False,False,-0.5153620976508263,False
pirl,2,7,0,0.5088033615195725,200,-124.04638576446035,0.3276229871940767,65.52459743881533,0.44872620693984244,0.37775400341661713,1,0,1,0.005,0.0,0.005,184,0.9246735572814941,-1.3662447929382324,0.24755188822746277,0.28533515334129333,0.007203852757811546,-0.024157822132110596,0.5147623925297167,0.06563192325308968,0.014356304073980086,0.07998822732706977,0.1728924661874771,-0.579757356496736,0.019670437970847915,0.4480672316945859,0.7524377107620239,0.18498261272907257,False,False,False,-0.5148275956865551,False
pirl,2,7,0,0.5088033615195725,200,-124.04638576446035,0.3276229871940767,65.52459743881533,0.44872620693984244,0.37775400341661713,1,0,1,0.005,0.0,0.005,185,0.9253939390182495,-1.3686604499816895,0.24755188822746277,0.28533515334129333,0.0068846773356199265,-0.02308495342731476,0.5142539358160946,0.06273286428263118,0.013697302723971818,0.076430167006603,0.16523225605487823,-0.5540098492758377,0.017953933311796788,0.44814203975005173,0.7518146634101868,0.1844581514596939,False,False,False,-0.5143162406029342,False
pirl,2,7,0,0.5088033615195725,200,-124.04638576446035,0.3276229871940767,65.52459743881533,0.44872620693984244,0.37775400341661713,1,0,1,0.005,0.0,0.005,186,0.92608243227005,-1.3709688186645508,0.24755188822746277,0.28533515334129333,0.006580008193850517,-0.022060777992010117,0.513767409419996,0.05988047723342517,0.013076799550394204,0.07295727678381937,0.15792019665241241,-0.5294309589228068,0.01637959926594934,0.44821028808032654,0.7512179613113403,0.18395742774009705,False,False,False,-0.5138269092311201,False
pirl,2,7,0,0.5088033615195725,200,-124.04638576446035,0.3276229871940767,65.52459743881533,0.44872620693984244,0.37775400341661713,1,0,1,0.005,0.0,0.005,187,0.9267404079437256,-1.373174786567688,0.24755188822746277,0.28533515334129333,0.006289107725024223,-0.021082919090986252,0.5133020716565847,0.05717493914038308,0.012486016270138057,0.06966095541052114,0.1509385854005814,-0.5059635974303259,0.014947374143826386,0.4482725688059258,0.750646710395813,0.18347926437854767,False,False,False,-0.5133589030971583,False
pirl,2,7,0,0.5088033615195725,200,-124.04638576446035,0.3276229871940767,65.52459743881533,0.44872620693984244,0.37775400341661713,1,0,1,0.005,0.0,0.005,188,0.9273693561553955,-1.3752830028533936,0.24755188822746277,0.28533515334129333,0.006011290475726128,-0.020149357616901398,0.5128566997634194,0.05460935777621216,0.011919353088003095,0.06652871086421526,0.14427097141742706,-0.4835593094119383,0.013642259242727784,0.4483294115527705,0.7500995397567749,0.183022603392601,False,False,False,-0.5129109910580052,False
pirl,2,7,0,0.5088033615195725,200,-124.04638576446035,0.3276229871940767,65.52459743881533,0.44872620693984244,0.37775400341661713,1,0,1,0.005,0.0,0.005,189,0.9279704689979553,-1.3772978782653809,0.24755188822746277,0.28533515334129333,0.005745945498347282,-0.019257843494415283,0.5124307136188366,0.05216027045799572,0.011382402187633285,0.063542672645629,0.1379026919603348,-0.4621641039180857,0.012453579417019531,0.4483813014670081,0.7495757341384888,0.1825864315032959,False,False,False,-0.5124825817303038,False
pirl,2,7,0,0.5088033615195725,200,-124.04638576446035,0.3276229871940767,65.52459743881533,0.44872620693984244,0.37775400341661713,1,0,1,0.005,0.0,0.005,190,0.9285450577735901,-1.3792235851287842,0.24755188822746277,0.28533515334129333,0.00549265556037426,-0.018406495451927185,0.5120231024119575,0.04978432667080738,0.010871974666177103,0.06065630133698448,0.13182373344898227,-0.4417328504931145,0.011365264168768908,0.448428656734378,0.7490741610527039,0.18216988444328308,False,False,False,-0.5120726391112165,False
pirl,2,7,0,0.5088033615195725,200,-124.04638576446035,0.3276229871940767,65.52459743881533,0.44872620693984244,0.37775400341661713,1,0,1,0.005,0.0,0.005,191,0.9290943145751953,-1.3810640573501587,0.24755188822746277,0.28533515334129333,0.00525045208632946,-0.017593681812286377,0.5116332974871751,0.04740783705986218,0.010594361048606445,0.05800219810846863,0.12601085007190704,-0.42193623662240926,0.010444046678251736,0.44847217359553737,0.7485942244529724,0.18177254498004913,False,False,False,-0.5116806590017029,False
pirl,2,7,0,0.5088033615195725,200,-124.04638576446035,0.3276229871940767,65.52459743881533,0.44872620693984244,0.37775400341661713,1,0,1,0.005,0.0,0.005,192,0.9296193718910217,-1.3828221559524536,0.24755188822746277,0.28533515334129333,0.005018262192606926,-0.01681859791278839,0.5112603877846467,0.04574312462840327,0.009862373337883886,0.05560549796628716,0.12043829262256622,-0.40334518327894464,0.009487164611000302,0.4485117034480832,0.7481347322463989,0.1813928335905075,False,False,False,-0.511305741834677,False
pirl,2,7,0,0.5088033615195725,200,-124.04638576446035,0.3276229871940767,65.52459743881533,0.44872620693984244,0.37775400341661713,1,0,1,0.005,0.0,0.005,193,0.9301211833953857,-1.3845027685165405,0.24755188822746277,0.28533515334129333,0.004797091707587242,-0.016077890992164612,0.51090365409597,0.04353096351418969,0.00943546424571323,0.05296642775990292,0.11513020098209382,-0.3855827817575294,0.008649881129368668,0.44854774461945557,0.7476948499679565,0.18102999031543732,False,False,False,-0.5109469155889459,False
pirl,2,7,0,0.5088033615195725,200,-124.04638576446035,0.3276229871940767,65.52459743881533,0.44872620693984244,0.37775400341661713,1,0,1,0.005,0.0,0.005,194,0.9306008815765381,-1.3861093521118164,0.24755188822746277,0.28533515334129333,0.004585688933730125,-0.015370234847068787,0.5105623060377964,0.041613790249779556,0.0090139857599408,0.050627776009720356,0.110056534409523,-0.36861165668814927,0.0079025297628707,0.44858067182680084,0.7472736835479736,0.18068334460258484,False,False,False,-0.510603659647469,False
pirl,2,7,0,0.5088033615195725,200,-124.04638576446035,0.3276229871940767,65.52459743881533,0.44872620693984244,0.37775400341661713,1,0,1,0.005,0.0,0.005,195,0.9310594797134399,-1.3876452445983887,0.24755188822746277,0.28533515334129333,0.004383815452456474,-0.01469409093260765,0.5102357760695919,0.03973115151220317,0.008614810275672338,0.04834596178787551,0.10521157085895537,-0.35239659778328547,0.007216006694329475,0.4486107385213605,0.7468705177307129,0.18035201728343964,False,False,False,-0.5102752831351159,False
pirl,2,7,0,0.5088033615195725,200,-124.04638576446035,0.3276229871940767,65.52459743881533,0.44872620693984244,0.37775400341661713,1,0,1,0.005,0.0,0.005,196,0.9314978718757629,-1.3891135454177856,0.24755188822746277,0.28533515334129333,0.004191150888800621,-0.0140480175614357,0.5099234248836629,0.03790461405339506,0.00823609484170813,0.04614070889510319,0.10058762133121492,-0.3369028625540298,0.006587498893546697,0.44863818643341696,0.746484637260437,0.18003550171852112,False,False,False,-0.5099611551336721,False
pirl,2,7,0,0.5088033615195725,200,-124.04638576446035,0.3276229871940767,65.52459743881533,0.44872620693984244,0.37775400341661713,1,0,1,0.005,0.0,0.005,197,0.9319169521331787,-1.3905173540115356,0.24755188822746277,0.28533515334129333,0.004007397219538689,-0.013430453836917877,0.5096245099375519,0.03612637481766381,0.007880288370597215,0.04400666318826102,0.09617753326892853,-0.32209304085541796,0.006012731660014887,0.4486632394820004,0.7461151480674744,0.17973296344280243,False,False,False,-0.5096605288431543,False
pirl,2,7,0,0.5088033615195725,200,-124.04638576446035,0.3276229871940767,65.52459743881533,0.44872620693984244,0.37775400341661713,1,0,1,0.005,0.0,0.005,198,0.9323177337646484,-1.3918594121932983,0.24755188822746277,0.28533515334129333,0.0038313250988721848,-0.012840718030929565,0.5093385656235452,0.0346521405079421,0.007515641354249083,0.04216778186219119,0.09195180237293243,-0.30794908767365214,0.005500761674108756,0.44868615932230915,0.745761513710022,0.17944394052028656,False,False,False,-0.5093730496295491,False
pirl,2,7,0,0.5088033615195725,200,-124.04638576446035,0.3276229871940767,65.52459743881533,0.44872620693984244,0.37775400341661713,1,0,1,0.005,0.0,0.005,199,0.9327008128166199,-1.3931424617767334,0.24755188822746277,0.28533515334129333,0.0036634113639593124,-0.012277007102966309,0.5090650781021583,0.03302363062907452,0.007190238701239688,0.040213869330314206,0.0879218727350235,-0.2944307472942463,0.005020526803447925,0.4487070781839902,0.7454230785369873,0.17916765809059143,False,False,False,-0.5090979969639483,False
pirl,2,7,0,0.5088033615195725,200,-124.04638576446035,0.3276229871940767,65.52459743881533,0.44872620693984244,0.37775400341661713,1,0,1,0.005,0.0,0.005,200,0.9330672025680542,-1.3943692445755005,0.24755188822746277,0.28533515334129333,0.0035027097910642624,-0.011738467961549759,0.5088033615195725,0.03162214313489984,0.006864943589415362,0.0384870867243152,0.08406503498554231,-0.2815150351068774,0.00459090140453418,0.44872620693984244,0.7450990676879883,0.17890362441539764,False,False,False,-0.5088348549862458,True
