mode,seed,episode_idx,success,final_distance,length,return,tau_effort,tau_sum_total,energy,target_radius,torque_sat1_count,torque_sat2_count,torque_sat_any_count,torque_sat1_rate,torque_sat2_rate,torque_sat_any_rate,step,theta1,theta2,target_x,target_y,action0,action1,distance,tau1,tau2,tau_sum,omega1,omega2,power,cumulative_energy,tip_x,tip_y,sat1,sat2,sat_any,reward,done
pure,4,8,0,0.6334136728743482,200,-130.58380445716853,0.30494837395322166,60.98967479064433,0.4406677668030677,0.4762831221973774,1,0,1,0.005,0.0,0.005,0,0.0,0.0,0.1353280395269394,0.456652969121933,0.0,0.0,0.9778494431333502,0.0,0.0,0.0,0.0,0.0,0.0,0.0,1.0,0.0,False,False,False,0.0,False
pure,4,8,0,0.6334136728743482,200,-130.58380445716853,0.30494837395322166,60.98967479064433,0.4406677668030677,0.4762831221973774,1,0,1,0.005,0.0,0.005,1,0.0,0.0,0.1353280395269394,0.456652969121933,0.10000000149011612,0.10000000149011612,0.9722171970746009,20.0,3.1105159320256677,23.110515932025667,1.6857737576570138,2.400000035762787,41.18071350124259,0.17158630625517746,0.9999152421951294,0.012023617513477802,True,False,True,-0.9723586184373585,False
pure,4,8,0,0.6334136728743482,200,-130.58380445716853,0.30494837395322166,60.98967479064433,0.4406677668030677,0.4762831221973774,1,0,1,0.005,0.0,0.005,2,0.00702405720949173,0.009999999776482582,0.1353280395269394,0.456652969121933,0.10000000149011612,0.10000000149011612,0.9651556186001163,7.70733011086543,0.5461881733495724,8.253518284215003,2.400000035762787,2.399748214650084,19.808306635571267,0.2541209172367244,0.9995849132537842,0.027018895372748375,False,False,False,-0.965297039962874,False
pure,4,8,0,0.6334136728743482,200,-130.58380445716853,0.30494837395322166,60.98967479064433,0.4406677668030677,0.4762831221973774,1,0,1,0.005,0.0,0.005,3,0.017024056985974312,0.019998950883746147,0.1353280395269394,0.456652969121933,0.10000000149011612,0.10000000149011612,0.9580549532218482,0.012964453801222048,0.003658842271611695,0.01662329607283374,2.4000000357627864,2.39991467952911,0.039895598864300455,0.254287148898659,0.9990047216415405,0.04200625792145729,False,False,False,-0.9581963745846058,False
pure,4,8,0,0.6334136728743482,200,-130.58380445716853,0.30494837395322166,60.98967479064433,0.4406677668030677,0.4762831221973774,1,0,1,0.005,0.0,0.005,4,0.027024056762456894,0.029998594895005226,0.1353280395269394,0.456652969121933,0.10000000149011612,0.10000000149011612,0.9509167013910051,0.012838578235293366,0.003532966705674115,0.01637154494096748,2.400000035762787,2.3999155082770383,0.03929140981102116,0.2544508631062049,0.9981749653816223,0.05698089301586151,False,False,False,-0.9510581227537628,False
pure,4,8,0,0.6334136728743482,200,-130.58380445716853,0.30494837395322166,60.98967479064433,0.4406677668030677,0.4762831221973774,1,0,1,0.005,0.0,0.005,5,0.037024058401584625,0.03999824449419975,0.1353280395269394,0.456652969121933,0.10000000149011612,0.10000000149011612,0.9437420732946724,0.012837951561884416,0.0035323400322740633,0.016370291594158478,2.4000000357627864,2.399915512402972,0.03928840184618006,0.254614564780564,0.9970958232879639,0.07193826884031296,False,False,False,-0.94388349465743,False
pure,4,8,0,0.6334136728743482,200,-130.58380445716853,0.30494837395322166,60.98967479064433,0.4406677668030677,0.4762831221973774,1,0,1,0.005,0.0,0.005,6,0.04702405631542206,0.04999789223074913,0.1353280395269394,0.456652969121933,0.10000000149011612,0.10000000149011612,0.9365324090864667,0.012837948441991012,0.0035323369123717585,0.01637028535436277,2.400000035762787,2.3999155124235125,0.0392883868710064,0.25477826639252654,0.9957677125930786,0.08687393367290497,False,False,False,-0.9366738304492244,False
pure,4,8,0,0.6334136728743482,200,-130.58380445716853,0.30494837395322166,60.98967479064433,0.4406677668030677,0.4762831221973774,1,0,1,0.005,0.0,0.005,7,0.05702405795454979,0.05999753996729851,0.1353280395269394,0.456652969121933,0.10000000149011612,0.10000000149011612,0.9292890208665486,0.012837948426449189,0.003532336896838834,0.016370285323288023,2.4000000357627864,2.3999155124236147,0.03928838679642867,0.25494196800417834,0.99419105052948,0.1017833799123764,False,False,False,-0.9294304422293063,False
pure,4,8,0,0.6334136728743482,200,-130.58380445716853,0.30494837395322166,60.98967479064433,0.4406677668030677,0.4762831221973774,1,0,1,0.005,0.0,0.005,8,0.06702405959367752,0.06999718397855759,0.1353280395269394,0.456652969121933,0.10000000149011612,0.10000000149011612,0.9220131894257673,0.012837948426382013,0.0035323368967627635,0.016370285323144777,2.400000035762787,2.3999155124236156,0.039288386796084894,0.2551056696158287,0.9923663139343262,0.11666218936443329,False,False,False,-0.9221546107885249,False
pure,4,8,0,0.6334136728743482,200,-130.58380445716853,0.30494837395322166,60.98967479064433,0.4406677668030677,0.4762831221973774,1,0,1,0.005,0.0,0.005,9,0.07702405750751495,0.07999683171510696,0.1353280395269394,0.456652969121933,0.10000000149011612,0.10000000149011612,0.9147064540800696,0.012837948426371815,0.0035323368967614625,0.016370285323133275,2.4000000357627864,2.399915512423616,0.0392883867960573,0.25526937122747895,0.9902942776679993,0.13150586187839508,False,False,False,-0.9148478754428272,False
pure,4,8,0,0.6334136728743482,200,-130.58380445716853,0.30494837395322166,60.98967479064433,0.4406677668030677,0.4762831221973774,1,0,1,0.005,0.0,0.005,10,0.08702405542135239,0.08999648690223694,0.1353280395269394,0.456652969121933,0.10000000149011612,0.10000000149011612,0.9073701066836546,0.01283794842638067,0.0035323368967614182,0.016370285323142088,2.400000035762787,2.399915512423615,0.03928838679607844,0.25543307283912925,0.987975537776947,0.1463099867105484,False,False,False,-0.9075115280464122,False
pure,4,8,0,0.6334136728743482,200,-130.58380445716853,0.30494837395322166,60.98967479064433,0.4406677668030677,0.4762831221973774,1,0,1,0.005,0.0,0.005,11,0.09702406078577042,0.09999613463878632,0.1353280395269394,0.456652969121933,0.10000000149011612,0.10000000149011612,0.900005634670429,0.01283794842637249,0.003532336896762135,0.016370285323134625,2.4000000357627864,2.3999155124236164,0.03928838679606053,0.2555967744507795,0.9854109287261963,0.1610700935125351,False,False,False,-0.9001470560331867,False
pure,4,8,0,0.6334136728743482,200,-130.58380445716853,0.30494837395322166,60.98967479064433,0.4406677668030677,0.4762831221973774,1,0,1,0.005,0.0,0.005,12,0.10702405869960785,0.1099957823753357,0.1353280395269394,0.456652969121933,0.10000000149011612,0.10000000149011612,0.8926144387503196,0.01283794842638067,0.0035323368967614182,0.016370285323142088,2.400000035762787,2.3999155124236156,0.03928838679607845,0.2557604760624298,0.9826012849807739,0.17578183114528656,False,False,False,-0.8927558601130773,False
pure,4,8,0,0.6334136728743482,200,-130.58380445716853,0.30494837395322166,60.98967479064433,0.4406677668030677,0.4762831221973774,1,0,1,0.005,0.0,0.005,13,0.11702405661344528,0.11999543011188507,0.1353280395269394,0.456652969121933,0.10000000149011612,0.10000000149011612,0.8851980773850581,0.012837948426371818,0.0035323368967614625,0.016370285323133282,2.4000000357627864,2.399915512423616,0.0392883867960573,0.25592417767408004,0.9795476198196411,0.19044074416160583,False,False,False,-0.8853394987478157,False
pure,4,8,0,0.6334136728743482,200,-130.58380445716853,0.30494837395322166,60.98967479064433,0.4406677668030677,0.4762831221973774,1,0,1,0.005,0.0,0.005,14,0.12702405452728271,0.12999507784843445,0.1353280395269394,0.456652969121933,0.10000000149011612,0.10000000149011612,0.8777580880283489,0.01283794842638067,0.0035323368967614182,0.016370285323142088,2.400000035762787,2.399915512423615,0.03928838679607844,0.25608787928573035,0.9762510061264038,0.20504248142242432,False,False,False,-0.8778995093911065,False
pure,4,8,0,0.6334136728743482,200,-130.58380445716853,0.30494837395322166,60.98967479064433,0.4406677668030677,0.4762831221973774,1,0,1,0.005,0.0,0.005,15,0.13702405989170074,0.13999472558498383,0.1353280395269394,0.456652969121933,0.10000000149011612,0.10000000149011612,0.8702958464495651,0.012837948426372491,0.0035323368967621355,0.01637028532313463,2.4000000357627864,2.3999155124236164,0.03928838679606053,0.2562515808973806,0.9727123975753784,0.2195827066898346,False,False,False,-0.8704372678123228,False
pure,4,8,0,0.6334136728743482,200,-130.58380445716853,0.30494837395322166,60.98967479064433,0.4406677668030677,0.4762831221973774,1,0,1,0.005,0.0,0.005,16,0.14702406525611877,0.1499943733215332,0.1353280395269394,0.456652969121933,0.10000000149011612,0.10000000149011612,0.8628130246646949,0.01283794842638067,0.0035323368967614182,0.016370285323142088,2.400000035762787,2.3999155124236156,0.03928838679607845,0.2564152825090309,0.96893310546875,0.23405709862709045,False,False,False,-0.8629544460274525,False
pure,4,8,0,0.6334136728743482,200,-130.58380445716853,0.30494837395322166,60.98967479064433,0.4406677668030677,0.4762831221973774,1,0,1,0.005,0.0,0.005,17,0.1570240557193756,0.15999402105808258,0.1353280395269394,0.456652969121933,0.10000000149011612,0.10000000149011612,0.8553112580457716,0.012837948426371815,0.0035323368967614625,0.016370285323133275,2.4000000357627864,2.399915512423616,0.0392883867960573,0.25657898412068114,0.9649144411087036,0.24846132099628448,False,False,False,-0.8554526794085292,False
pure,4,8,0,0.6334136728743482,200,-130.58380445716853,0.30494837395322166,60.98967479064433,0.4406677668030677,0.4762831221973774,1,0,1,0.005,0.0,0.005,18,0.16702406108379364,0.16999366879463196,0.1353280395269394,0.456652969121933,0.10000000149011612,0.10000000149011612,0.8477921255421609,0.012837948426382011,0.0035323368967627635,0.016370285323144773,2.400000035762787,2.399915512423617,0.0392883867960849,0.2567426857323315,0.9606577157974243,0.26279109716415405,False,False,False,-0.8479335469049185,False
pure,4,8,0,0.6334136728743482,200,-130.58380445716853,0.30494837395322166,60.98967479064433,0.4406677668030677,0.4762831221973774,1,0,1,0.005,0.0,0.005,19,0.17702406644821167,0.17999331653118134,0.1353280395269394,0.456652969121933,0.10000000149011612,0.10000000149011612,0.8402573918442157,0.012837948426370469,0.0035323368967601168,0.016370285323130587,2.4000000357627864,2.3999155124236156,0.03928838679605083,0.2569063873439817,0.9561644792556763,0.2770421802997589,False,False,False,-0.8403988132069733,False
pure,4,8,0,0.6334136728743482,200,-130.58380445716853,0.30494837395322166,60.98967479064433,0.4406677668030677,0.4762831221973774,1,0,1,0.005,0.0,0.005,20,0.1870240569114685,0.1899929642677307,0.1353280395269394,0.456652969121933,0.10000000149011612,0.10000000149011612,0.8327085447463656,0.012837948426391545,0.0035323368967633915,0.01637028532315494,2.4000000357627878,2.3999155124236164,0.0392883867961093,0.25707008895563216,0.9514360427856445,0.2912103533744812,False,False,False,-0.8328499661091232,False
pure,4,8,0,0.6334136728743482,200,-130.58380445716853,0.30494837395322166,60.98967479064433,0.4406677668030677,0.4762831221973774,1,0,1,0.005,0.0,0.005,21,0.19702406227588654,0.1999926120042801,0.1353280395269394,0.456652969121933,0.10000000149011612,0.10000000149011612,0.8251475090050048,0.012837948426370467,0.0035323368967601168,0.016370285323130583,2.4000000357627873,2.399915512423615,0.03928838679605084,0.25723379056728235,0.9464741945266724,0.3052913546562195,False,False,False,-0.8252889303677624,False
pure,4,8,0,0.6334136728743482,200,-130.58380445716853,0.30494837395322166,60.98967479064433,0.4406677668030677,0.4762831221973774,1,0,1,0.005,0.0,0.005,22,0.20702406764030457,0.20999225974082947,0.1353280395269394,0.456652969121933,0.10000000149011612,0.10000000149011612,0.8175760233394921,0.01283794842636296,0.0035323368967615063,0.016370285323124466,2.400000035762786,2.3999155124236164,0.03928838679603615,0.2573974921789325,0.9412806034088135,0.31928110122680664,False,False,False,-0.8177174447022497,False
pure,4,8,0,0.6334136728743482,200,-130.58380445716853,0.30494837395322166,60.98967479064433,0.4406677668030677,0.4762831221973774,1,0,1,0.005,0.0,0.005,23,0.2170240581035614,0.21999190747737885,0.1353280395269394,0.456652969121933,0.10000000149011612,0.10000000149011612,0.8099958684992699,0.012837948426389523,0.003532336896761373,0.016370285323150897,2.4000000357627873,2.3999155124236147,0.039288386796099584,0.2575611937905829,0.9358569979667664,0.3331754207611084,False,False,False,-0.8101372898620275,False
pure,4,8,0,0.6334136728743482,200,-130.58380445716853,0.30494837395322166,60.98967479064433,0.4406677668030677,0.4762831221973774,1,0,1,0.005,0.0,0.005,24,0.22702406346797943,0.22999155521392822,0.1353280395269394,0.456652969121933,0.10000000149011612,0.10000000149011612,0.8024088311024026,0.012837948426382686,0.0035323368967634366,0.016370285323146123,2.4000000357627878,2.3999155124236164,0.03928838679608814,0.25772489540223326,0.9302051663398743,0.34697026014328003,False,False,False,-0.8025502524651602,False
pure,4,8,0,0.6334136728743482,200,-130.58380445716853,0.30494837395322166,60.98967479064433,0.4406677668030677,0.4762831221973774,1,0,1,0.005,0.0,0.005,25,0.23702405393123627,0.2399912029504776,0.1353280395269394,0.456652969121933,0.10000000149011612,0.10000000149011612,0.7948168414232238,0.012837948426370469,0.0035323368967601168,0.016370285323130587,2.4000000357627873,2.399915512423615,0.039288386796050845,0.25788859701388345,0.9243270754814148,0.3606615960597992,False,False,False,-0.7949582627859815,False
pure,4,8,0,0.6334136728743482,200,-130.58380445716853,0.30494837395322166,60.98967479064433,0.4406677668030677,0.4762831221973774,1,0,1,0.005,0.0,0.005,26,0.2470240592956543,0.24999085068702698,0.1353280395269394,0.456652969121933,0.10000000149011612,0.10000000149011612,0.78722181080865,0.012837948426362959,0.0035323368967615067,0.016370285323124466,2.400000035762786,2.3999155124236164,0.03928838679603614,0.2580522986255336,0.9182246923446655,0.3742453157901764,False,False,False,-0.7873632321714076,False
pure,4,8,0,0.6334136728743482,200,-130.58380445716853,0.30494837395322166,60.98967479064433,0.4406677668030677,0.4762831221973774,1,0,1,0.005,0.0,0.005,27,0.25702404975891113,0.25999051332473755,0.1353280395269394,0.456652969121933,0.10000000149011612,0.10000000149011612,0.779625782558961,0.012837948426390198,0.003532336896762046,0.016370285323152243,2.4000000357627873,2.3999155124236156,0.039288386796102824,0.258216000237184,0.9119001626968384,0.38771742582321167,False,False,False,-0.7797672039217186,False
pure,4,8,0,0.6334136728743482,200,-130.58380445716853,0.30494837395322166,60.98967479064433,0.4406677668030677,0.4762831221973774,1,0,1,0.005,0.0,0.005,28,0.26702407002449036,0.26999014616012573,0.1353280395269394,0.456652969121933,0.10000000149011612,0.10000000149011612,0.7720307035557133,0.012837948426371816,0.0035323368967614625,0.01637028532313328,2.400000035762787,2.399915512423616,0.039288386796057305,0.25837970184883424,0.9053555727005005,0.40107405185699463,False,False,False,-0.772172124918471,False
pure,4,8,0,0.6334136728743482,200,-130.58380445716853,0.30494837395322166,60.98967479064433,0.4406677668030677,0.4762831221973774,1,0,1,0.005,0.0,0.005,29,0.2770240604877472,0.2799898087978363,0.1353280395269394,0.456652969121933,0.10000000149011612,0.10000000149011612,0.7644385577894193,0.012837948426371142,0.0035323368967607894,0.01637028532313193,2.4000000357627864,2.3999155124236156,0.039288386796054064,0.2585434034604845,0.8985930681228638,0.41431131958961487,False,False,False,-0.7645799791521769,False
pure,4,8,0,0.6334136728743482,200,-130.58380445716853,0.30494837395322166,60.98967479064433,0.4406677668030677,0.4762831221973774,1,0,1,0.005,0.0,0.005,30,0.28702405095100403,0.2899894416332245,0.1353280395269394,0.456652969121933,0.10000000149011612,0.10000000149011612,0.7568515452275643,0.012837948426381343,0.003532336896762091,0.016370285323143434,2.400000035762787,2.3999155124236156,0.039288386796081674,0.25870710507213485,0.8916150331497192,0.4274253249168396,False,False,False,-0.7569929665903219,False
pure,4,8,0,0.6334136728743482,200,-130.58380445716853,0.30494837395322166,60.98967479064433,0.4406677668030677,0.4762831221973774,1,0,1,0.005,0.0,0.005,31,0.29702407121658325,0.29998910427093506,0.1353280395269394,0.456652969121933,0.10000000149011612,0.10000000149011612,0.7492718364343857,0.012837948426371816,0.0035323368967614625,0.01637028532313328,2.4000000357627864,2.399915512423616,0.0392883867960573,0.2588708066837851,0.8844238519668579,0.440412312746048,False,False,False,-0.7494132577971433,False
pure,4,8,0,0.6334136728743482,200,-130.58380445716853,0.30494837395322166,60.98967479064433,0.4406677668030677,0.4762831221973774,1,0,1,0.005,0.0,0.005,32,0.3070240616798401,0.30998873710632324,0.1353280395269394,0.456652969121933,0.10000000149011612,0.10000000149011612,0.7417015253926476,0.01283794842638067,0.0035323368967614182,0.016370285323142088,2.400000035762787,2.399915512423615,0.03928838679607844,0.2590345082954354,0.877021849155426,0.4532683491706848,False,False,False,-0.7418429467554052,False
pure,4,8,0,0.6334136728743482,200,-130.58380445716853,0.30494837395322166,60.98967479064433,0.4406677668030677,0.4762831221973774,1,0,1,0.005,0.0,0.005,33,0.3170240521430969,0.3199883997440338,0.1353280395269394,0.456652969121933,0.10000000149011612,0.10000000149011612,0.7341429189571432,0.012837948426372486,0.0035323368967621355,0.01637028532313462,2.4000000357627864,2.3999155124236164,0.03928838679606052,0.25919820990708564,0.8694115877151489,0.46598997712135315,False,False,False,-0.7342843403199009,False
pure,4,8,0,0.6334136728743482,200,-130.58380445716853,0.30494837395322166,60.98967479064433,0.4406677668030677,0.4762831221973774,1,0,1,0.005,0.0,0.005,34,0.32702407240867615,0.329988032579422,0.1353280395269394,0.456652969121933,0.10000000149011612,0.10000000149011612,0.7265982516996012,0.012837948426380674,0.0035323368967614182,0.01637028532314209,2.400000035762787,2.3999155124236156,0.039288386796078455,0.25936191151873594,0.8615955710411072,0.4785733222961426,False,False,False,-0.7267396730623589,False
pure,4,8,0,0.6334136728743482,200,-130.58380445716853,0.30494837395322166,60.98967479064433,0.4406677668030677,0.4762831221973774,1,0,1,0.005,0.0,0.005,35,0.337024062871933,0.33998769521713257,0.1353280395269394,0.456652969121933,0.10000000149011612,0.10000000149011612,0.7190699842425062,0.012837948426371815,0.0035323368967614625,0.016370285323133275,2.4000000357627864,2.399915512423616,0.0392883867960573,0.2595256131303862,0.8535765409469604,0.49101489782333374,False,False,False,-0.7192114056052639,False
pure,4,8,0,0.6334136728743482,200,-130.58380445716853,0.30494837395322166,60.98967479064433,0.4406677668030677,0.4762831221973774,1,0,1,0.005,0.0,0.005,36,0.3470240533351898,0.34998732805252075,0.1353280395269394,0.456652969121933,0.10000000149011612,0.10000000149011612,0.7115604408707324,0.01283794842638067,0.0035323368967614182,0.016370285323142088,2.400000035762787,2.399915512423615,0.03928838679607844,0.2596893147420365,0.8453571200370789,0.503311038017273,False,False,False,-0.7117018622334901,False
pure,4,8,0,0.6334136728743482,200,-130.58380445716853,0.30494837395322166,60.98967479064433,0.4406677668030677,0.4762831221973774,1,0,1,0.005,0.0,0.005,37,0.35702407360076904,0.3599869906902313,0.1353280395269394,0.456652969121933,0.10000000149011612,0.10000000149011612,0.7040721863358528,0.01283794842637249,0.003532336896762135,0.016370285323134625,2.4000000357627864,2.3999155124236164,0.03928838679606053,0.25985301635368674,0.8369401693344116,0.515458345413208,False,False,False,-0.7042136076986104,False
pure,4,8,0,0.6334136728743482,200,-130.58380445716853,0.30494837395322166,60.98967479064433,0.4406677668030677,0.4762831221973774,1,0,1,0.005,0.0,0.005,38,0.3670240640640259,0.3699866235256195,0.1353280395269394,0.456652969121933,0.10000000149011612,0.10000000149011612,0.6966075922371647,0.01283794842638067,0.0035323368967614182,0.016370285323142088,2.400000035762787,2.3999155124236156,0.03928838679607845,0.26001671796533704,0.8283283710479736,0.5274533033370972,False,False,False,-0.6967490135999224,False
pure,4,8,0,0.6334136728743482,200,-130.58380445716853,0.30494837395322166,60.98967479064433,0.4406677668030677,0.4762831221973774,1,0,1,0.005,0.0,0.005,39,0.3770240545272827,0.3799862861633301,0.1353280395269394,0.456652969121933,0.10000000149011612,0.10000000149011612,0.6891693802328577,0.012837948426371816,0.0035323368967614625,0.01637028532313328,2.4000000357627864,2.399915512423616,0.0392883867960573,0.2601804195769873,0.8195247650146484,0.5392924547195435,False,False,False,-0.6893108015956153,False
pure,4,8,0,0.6334136728743482,200,-130.58380445716853,0.30494837395322166,60.98967479064433,0.4406677668030677,0.4762831221973774,1,0,1,0.005,0.0,0.005,40,0.38702407479286194,0.38998591899871826,0.1353280395269394,0.456652969121933,0.10000000149011612,0.10000000149011612,0.6817601155087599,0.01283794842638067,0.0035323368967614182,0.016370285323142088,2.400000035762787,2.399915512423615,0.03928838679607844,0.2603441211886376,0.8105322122573853,0.550972580909729,False,False,False,-0.6819015368715176,False
pure,4,8,0,0.6334136728743482,200,-130.58380445716853,0.30494837395322166,60.98967479064433,0.4406677668030677,0.4762831221973774,1,0,1,0.005,0.0,0.005,41,0.3970240652561188,0.39998558163642883,0.1353280395269394,0.456652969121933,0.10000000149011612,0.10000000149011612,0.6743825850622078,0.012837948426372486,0.0035323368967621355,0.01637028532313462,2.4000000357627864,2.3999155124236164,0.03928838679606052,0.26050782280028784,0.8013538122177124,0.5624903440475464,False,False,False,-0.6745240064249655,False
pure,4,8,0,0.6334136728743482,200,-130.58380445716853,0.30494837395322166,60.98967479064433,0.4406677668030677,0.4762831221973774,1,0,1,0.005,0.0,0.005,42,0.4070240557193756,0.409985214471817,0.1353280395269394,0.456652969121933,0.10000000149011612,0.10000000149011612,0.6670396264936163,0.012837948426399725,0.003532336896762675,0.016370285323162398,2.4000000357627886,2.3999155124236156,0.039288386796127214,0.26067152441193836,0.791992723941803,0.5738424062728882,False,False,False,-0.6671810478563739,False
pure,4,8,0,0.6334136728743482,200,-130.58380445716853,0.30494837395322166,60.98967479064433,0.4406677668030677,0.4762831221973774,1,0,1,0.005,0.0,0.005,43,0.41702407598495483,0.4199848771095276,0.1353280395269394,0.456652969121933,0.10000000149011612,0.10000000149011612,0.6597339957355957,0.012837948426354105,0.003532336896761551,0.016370285323115658,2.4000000357627864,2.399915512423618,0.03928838679601501,0.26083522602358844,0.7824519872665405,0.5850256681442261,False,False,False,-0.6598754170983533,False
pure,4,8,0,0.6334136728743482,200,-130.58380445716853,0.30494837395322166,60.98967479064433,0.4406677668030677,0.4762831221973774,1,0,1,0.005,0.0,0.005,44,0.42702406644821167,0.42998450994491577,0.1353280395269394,0.456652969121933,0.10000000149011612,0.10000000149011612,0.6524684807202197,0.012837948426379324,0.0035323368967600725,0.016370285323139395,2.400000035762787,2.399915512423615,0.03928838679607198,0.26099892763523874,0.7727346420288086,0.5960371494293213,False,False,False,-0.6526099020829773,False
pure,4,8,0,0.6334136728743482,200,-130.58380445716853,0.30494837395322166,60.98967479064433,0.4406677668030677,0.4762831221973774,1,0,1,0.005,0.0,0.005,45,0.4370240569114685,0.43998417258262634,0.1353280395269394,0.456652969121933,0.10000000149011612,0.10000000149011612,0.6452463775127301,0.012837948426371142,0.0035323368967607894,0.01637028532313193,2.4000000357627864,2.3999155124236147,0.03928838679605406,0.261162629246889,0.7628442645072937,0.6068737506866455,False,False,False,-0.6453877988754877,False
pure,4,8,0,0.6334136728743482,200,-130.58380445716853,0.30494837395322166,60.98967479064433,0.4406677668030677,0.4762831221973774,1,0,1,0.005,0.0,0.005,46,0.44702407717704773,0.4499838054180145,0.1353280395269394,0.456652969121933,0.10000000149011612,0.10000000149011612,0.638070571768992,0.012837948426382011,0.0035323368967627635,0.016370285323144773,2.400000035762787,2.3999155124236156,0.039288386796084894,0.26132633085853935,0.752784013748169,0.6175323724746704,False,False,False,-0.6382119931317496,False
pure,4,8,0,0.6334136728743482,200,-130.58380445716853,0.30494837395322166,60.98967479064433,0.4406677668030677,0.4762831221973774,1,0,1,0.005,0.0,0.005,47,0.45702406764030457,0.4599834680557251,0.1353280395269394,0.456652969121933,0.10000000149011612,0.10000000149011612,0.6309441431969325,0.01283794842637316,0.0035323368967628077,0.016370285323135968,2.4000000357627864,2.399915512423618,0.03928838679606376,0.2614900324701896,0.742557168006897,0.6280102133750916,False,False,False,-0.6310855645596901,False
pure,4,8,0,0.6334136728743482,200,-130.58380445716853,0.30494837395322166,60.98967479064433,0.4406677668030677,0.4762831221973774,1,0,1,0.005,0.0,0.005,48,0.4670240581035614,0.4699831008911133,0.1353280395269394,0.456652969121933,0.10000000149011612,0.10000000149011612,0.6238704960111868,0.012837948426379324,0.0035323368967600725,0.016370285323139395,2.400000035762787,2.399915512423615,0.03928838679607198,0.2616537340818399,0.7321673631668091,0.6383043527603149,False,False,False,-0.6240119173739445,False
pure,4,8,0,0.6334136728743482,200,-130.58380445716853,0.30494837395322166,60.98967479064433,0.4406677668030677,0.4762831221973774,1,0,1,0.005,0.0,0.005,49,0.4770240783691406,0.47998276352882385,0.1353280395269394,0.456652969121933,0.10000000149011612,0.10000000149011612,0.6168527087154215,0.012837948426371142,0.0035323368967607894,0.01637028532313193,2.4000000357627864,2.3999155124236147,0.03928838679605406,0.26181743569349014,0.7216178178787231,0.6484121084213257,False,False,False,-0.6169941300781792,False
pure,4,8,0,0.6334136728743482,200,-130.58380445716853,0.30494837395322166,60.98967479064433,0.4406677668030677,0.4762831221973774,1,0,1,0.005,0.0,0.005,50,0.48702406883239746,0.48998239636421204,0.1353280395269394,0.456652969121933,0.10000000149011612,0.10000000149011612,0.6098943495115993,0.012837948426382013,0.0035323368967627635,0.016370285323144777,2.400000035762787,2.3999155124236156,0.039288386796084894,0.2619811373051405,0.71091228723526,0.6583306789398193,False,False,False,-0.6100357708743569,False
pure,4,8,0,0.6334136728743482,200,-130.58380445716853,0.30494837395322166,60.98967479064433,0.4406677668030677,0.4762831221973774,1,0,1,0.005,0.0,0.005,51,0.4970240592956543,0.4999820590019226,0.1353280395269394,0.456652969121933,0.10000000149011612,0.10000000149011612,0.6029986964989338,0.01283794842637316,0.0035323368967628077,0.016370285323135968,2.4000000357627864,2.399915512423618,0.03928838679606376,0.26214483891679075,0.7000541090965271,0.6680575609207153,False,False,False,-0.6031401178616914,False
pure,4,8,0,0.6334136728743482,200,-130.58380445716853,0.30494837395322166,60.98967479064433,0.4406677668030677,0.4762831221973774,1,0,1,0.005,0.0,0.005,52,0.5070240497589111,0.5099816918373108,0.1353280395269394,0.456652969121933,0.10000000149011612,0.10000000149011612,0.5961695324933002,0.012837948426379328,0.0035323368967600725,0.0163702853231394,2.400000035762787,2.399915512423615,0.039288386796071995,0.26230854052844105,0.6890472769737244,0.6775898933410645,False,False,False,-0.5963109538560578,False
pure,4,8,0,0.6334136728743482,200,-130.58380445716853,0.30494837395322166,60.98967479064433,0.4406677668030677,0.4762831221973774,1,0,1,0.005,0.0,0.005,53,0.517024040222168,0.519981324672699,0.1353280395269394,0.456652969121933,0.10000000149011612,0.09763810783624649,0.5894818722831294,0.030101682305024094,0.03940729383463445,0.06950897613965853,2.4000000357627864,2.34351277352904,0.16459553508025587,0.2629943552579421,0.6779974699020386,0.6868675947189331,False,False,False,-0.5896216335224197,False
pure,4,8,0,0.6334136728743482,200,-130.58380445716853,0.30494837395322166,60.98967479064433,0.4406677668030677,0.4762831221973774,1,0,1,0.005,0.0,0.005,54,0.5270240902900696,0.5297459959983826,0.1353280395269394,0.456652969121933,0.10000000149011612,0.08281079679727554,0.5833180934269806,0.2582115982492953,0.26751720977891463,0.5257288080282099,2.400000035762787,1.9875786243271736,1.151419332828894,0.2677919358113959,0.6674607992172241,0.6955980062484741,False,False,False,-0.5834479303588053,False
pure,4,8,0,0.6334136728743482,200,-130.58380445716853,0.30494837395322166,60.98967479064433,0.4406677668030677,0.4762831221973774,1,0,1,0.005,0.0,0.005,55,0.5370240807533264,0.5380275845527649,0.1353280395269394,0.456652969121933,0.10000000149011612,0.06842006742954254,0.5776637878965657,0.25063499602823275,0.25994060755784304,0.5105756035860758,2.4000000357627864,1.6421976130246954,1.0283978446908433,0.27207692683094103,0.657440721988678,0.7038245797157288,False,False,False,-0.57778495433443,False
pure,4,8,0,0.6334136728743482,200,-130.58380445716853,0.30494837395322166,60.98967479064433,0.4406677668030677,0.4762831221973774,1,0,1,0.005,0.0,0.005,56,0.5470240712165833,0.5448700785636902,0.1353280395269394,0.456652969121933,0.10000000149011612,0.05445272475481033,0.5725032814492634,0.2433123271040395,0.2526179386336587,0.4959302657376982,2.400000035762787,1.306977999875417,0.9141156819192917,0.2758857421722714,0.6479374170303345,0.7115875482559204,False,False,False,-0.5726171458413056,False
pure,4,8,0,0.6334136728743482,200,-130.58380445716853,0.30494837395322166,60.98967479064433,0.4406677668030677,0.4762831221973774,1,0,1,0.005,0.0,0.005,57,0.5570240616798401,0.550315797328949,0.1353280395269394,0.456652969121933,0.10000000149011612,0.04089578986167908,0.5678202575797747,0.23618571344621447,0.24549132497582488,0.48167703842203935,2.4000000357627864,0.9816082642195949,0.807822034108062,0.27925166731438833,0.6389490365982056,0.7189233303070068,False,False,False,-0.5679282967651795,False
pure,4,8,0,0.6334136728743482,200,-130.58380445716853,0.30494837395322166,60.98967479064433,0.4406677668030677,0.4762831221973774,1,0,1,0.005,0.0,0.005,58,0.5670240521430969,0.5544058084487915,0.1353280395269394,0.456652969121933,0.10000000149011612,0.027736162766814232,0.5635979080731712,0.2292602451086715,0.23856585663829083,0.4678261017469623,2.400000035762787,0.665774008812895,0.7090555431997541,0.282206065411054,0.63047194480896,0.7258650064468384,False,False,False,-0.5637016832913004,False
pure,4,8,0,0.6334136728743482,200,-130.58380445716853,0.30494837395322166,60.98967479064433,0.4406677668030677,0.4762831221973774,1,0,1,0.005,0.0,0.005,59,0.5770240426063538,0.557179868221283,0.1353280395269394,0.456652969121933,0.10000000149011612,0.01496112160384655,0.5598185298902274,0.22253174104170817,0.23183735257131852,0.4543690936130267,2.4000000357627864,0.35916990692745104,0.6173451868038019,0.28477833702273647,0.6225004196166992,0.7324424982070923,False,False,False,-0.5599196428743483,False
pure,4,8,0,0.6334136728743482,200,-130.58380445716853,0.30494837395322166,60.98967479064433,0.4406677668030677,0.4762831221973774,1,0,1,0.005,0.0,0.005,60,0.5870240926742554,0.5586764216423035,0.1353280395269394,0.456652969121933,0.10000000149011612,0.0025580022484064102,0.5564642254193238,0.21600168953285379,0.22530730106247301,0.4413089905953268,2.400000035762787,0.061492020267176595,0.5322586637269479,0.2869960814549321,0.6150277853012085,0.7386823892593384,False,False,False,-0.5565642581363134,False
pure,4,8,0,0.6334136728743482,200,-130.58380445716853,0.30494837395322166,60.98967479064433,0.4406677668030677,0.4762831221973774,1,0,1,0.005,0.0,0.005,61,0.5970240831375122,0.5589326620101929,0.1353280395269394,0.456652969121933,0.10000000149011612,-0.00948529876768589,0.5535166415190113,0.20966223288340433,0.21896784441301467,0.428630077296419,2.4000000357627864,-0.22755013804081023,0.5530155296409562,0.2893003128284361,0.6080459356307983,0.7446086406707764,False,False,False,-0.5536170903732789,False
pure,4,8,0,0.6334136728743482,200,-130.58380445716853,0.30494837395322166,60.98967479064433,0.4406677668030677,0.4762831221973774,1,0,1,0.005,0.0,0.005,62,0.607024073600769,0.5579845309257507,0.1353280395269394,0.456652969121933,0.10000000149011612,-0.02118079550564289,0.5509574329785779,0.2035139544407337,0.21281956597035295,0.4163335204110866,2.400000035762787,-0.5082449051956355,0.5965979580663654,0.29178613765371264,0.601546049118042,0.7502425909042358,False,False,False,-0.5510596515021995,False
pure,4,8,0,0.6334136728743482,200,-130.58380445716853,0.30494837395322166,60.98967479064433,0.4406677668030677,0.4762831221973774,1,0,1,0.005,0.0,0.005,63,0.6170240640640259,0.5558668375015259,0.1353280395269394,0.456652969121933,0.10000000149011612,-0.03253994137048721,0.5487680406915716,0.19754868867220518,0.20685430020181556,0.4044029888740207,2.4000000357627864,-0.7808671666968778,0.6356425911958411,0.294434648450362,0.5955187082290649,0.7556026577949524,False,False,False,-0.5488732017474941,False
pure,4,8,0,0.6334136728743482,200,-130.58380445716853,0.30494837395322166,60.98967479064433,0.4406677668030677,0.4762831221973774,1,0,1,0.005,0.0,0.005,64,0.6270240545272827,0.5526131987571716,0.1353280395269394,0.456652969121933,0.10000000149011612,-0.04357386380434036,0.5469295566970636,0.19176240997650484,0.2010680215061241,0.392830431482629,2.400000035762787,-1.0456839830185152,0.6704834003877461,0.29722832928531095,0.5899534225463867,0.7607051134109497,False,False,False,-0.5470386377791095,False
pure,4,8,0,0.6334136728743482,200,-130.58380445716853,0.30494837395322166,60.98967479064433,0.4406677668030677,0.4762831221973774,1,0,1,0.005,0.0,0.005,65,0.6370240449905396,0.5482562184333801,0.1353280395269394,0.456652969121933,0.10000000149011612,-0.054293252527713776,0.5454234799979433,0.1861489224916119,0.19545453402122226,0.38160345651283417,2.4000000357627864,-1.3029519103202873,0.7014252791207859,0.3001509346149809,0.5848395824432373,0.7655642032623291,False,False,False,-0.5455372682152494,False
pure,4,8,0,0.6334136728743482,200,-130.58380445716853,0.30494837395322166,60.98967479064433,0.4406677668030677,0.4762831221973774,1,0,1,0.005,0.0,0.005,66,0.6470240950584412,0.5428272485733032,0.1353280395269394,0.456652969121933,0.10000000149011612,-0.0647083967924118,0.544231126293922,0.18070258654993007,0.1900081980795493,0.3707107846294794,2.400000035762787,-1.552917893255557,0.7287533448452386,0.3031874068851694,0.580166220664978,0.7701916694641113,False,False,False,-0.5443502362299806,False
pure,4,8,0,0.6334136728743482,200,-130.58380445716853,0.30494837395322166,60.98967479064433,0.4406677668030677,0.4762831221973774,1,0,1,0.005,0.0,0.005,67,0.657024085521698,0.5363567471504211,0.1353280395269394,0.456652969121933,0.10000000149011612,-0.07482887804508209,0.5433340309721889,0.175412034595552,0.1847176461251623,0.3601296807207143,2.4000000357627864,-1.7958118918048092,0.7527070348403069,0.306323686197004,0.575921893119812,0.7745978236198425,False,False,False,-0.543458928377694,False
pure,4,8,0,0.6334136728743482,200,-130.58380445716853,0.30494837395322166,60.98967479064433,0.4406677668030677,0.4762831221973774,1,0,1,0.005,0.0,0.005,68,0.6670240759849548,0.5288742184638977,0.1353280395269394,0.456652969121933,0.10000000149011612,-0.08466412872076035,0.5427138744834051,0.17027599444020786,0.1795816059698271,0.349857600410035,2.400000035762787,-2.031860284997675,0.773547125832236,0.309546799221305,0.5720951557159424,0.7787908911705017,False,False,False,-0.54284490125805,False
pure,4,8,0,0.6334136728743482,200,-130.58380445716853,0.30494837395322166,60.98967479064433,0.4406677668030677,0.4762831221973774,1,0,1,0.005,0.0,0.005,69,0.6770240664482117,0.5204080939292908,0.1353280395269394,0.456652969121933,0.08693405985832214,-0.09422300010919571,0.542723439201662,3.5457183137087336,0.4132925461003511,3.9590108598090845,2.086417436599731,-2.2612361535889,8.332400562243818,0.3442651348973209,0.5696964263916016,0.7820340394973755,False,False,False,-0.5428516402244061,False
pure,4,8,0,0.6334136728743482,200,-130.58380445716853,0.30494837395322166,60.98967479064433,0.4406677668030677,0.4762831221973774,1,0,1,0.005,0.0,0.005,70,0.6857174634933472,0.5109862685203552,0.1353280395269394,0.456652969121933,0.06723666191101074,-0.10000000149011612,0.5434309665034798,5.1942254958148935,0.46543534499189443,5.659660840806788,1.6136798858642578,-2.3998303251593525,9.498783060552348,0.3838433976496224,0.569082498550415,0.7840278148651123,False,False,False,-0.5435514686624792,False
pure,4,8,0,0.6334136728743482,200,-130.58380445716853,0.30494837395322166,60.98967479064433,0.4406677668030677,0.4762831221973774,1,0,1,0.005,0.0,0.005,71,0.6924411654472351,0.5009869933128357,0.1353280395269394,0.456652969121933,0.053817231208086014,-0.10000000149011612,0.5444969215335107,3.467050372634221,0.2454115206896598,3.7124618933238804,1.2916135489940646,-2.3998867570436873,5.067049094868347,0.40495610221157385,0.5695035457611084,0.7852386236190796,False,False,False,-0.5446104833947277,False
pure,4,8,0,0.6334136728743482,200,-130.58380445716853,0.30494837395322166,60.98967479064433,0.4406677668030677,0.4762831221973774,1,0,1,0.005,0.0,0.005,72,0.6978228688240051,0.49098747968673706,0.1353280395269394,0.456652969121933,0.04440578445792198,-0.10000000149011612,0.5458057985044935,2.4315912254237286,0.17228155528924474,2.6038727807129733,1.0657388269901276,-2.3999205885353794,3.004903231866126,0.4174765323443494,0.5706494450569153,0.7858933806419373,False,False,False,-0.5459152145646432,False
pure,4,8,0,0.6334136728743482,200,-130.58380445716853,0.30494837395322166,60.98967479064433,0.4406677668030677,0.4762831221973774,1,0,1,0.005,0.0,0.005,73,0.7022634148597717,0.4809877872467041,0.1353280395269394,0.456652969121933,0.03780169412493706,-0.10000000149011612,0.5472785025180124,1.7062207041036255,0.12107847720705772,1.8272991813106831,0.9072406589984894,-2.39994428852087,1.8385343958237221,0.42513709232694824,0.5723012685775757,0.786149799823761,False,False,False,-0.5473854088724397,False
pure,4,8,0,0.6334136728743482,200,-130.58380445716853,0.30494837395322166,60.98967479064433,0.4406677668030677,0.4762831221973774,1,0,1,0.005,0.0,0.005,74,0.7060436010360718,0.47098803520202637,0.1353280395269394,0.456652969121933,0.033165622502565384,-0.10000000149011612,0.54886011773953,1.1976723567251002,0.08519180511404732,1.2828641618391474,0.7959749400615692,-2.3999609042890877,1.1577741839971887,0.4299611514269365,0.5743047595024109,0.7861174941062927,False,False,False,-0.5489654740826205,False
pure,4,8,0,0.6334136728743482,200,-130.58380445716853,0.30494837395322166,60.98967479064433,0.4406677668030677,0.4762831221973774,1,0,1,0.005,0.0,0.005,75,0.7093601822853088,0.46098819375038147,0.1353280395269394,0.456652969121933,0.029909905046224594,-0.10000000149011612,0.550512582919688,0.8409567937000707,0.060025013908995464,0.9009818076090662,0.7178377211093903,-2.399972559234277,0.7477288945903633,0.43307668848772973,0.5765514373779297,0.785873293876648,False,False,False,-0.5506169601372788,False
pure,4,8,0,0.6334136728743482,200,-130.58380445716853,0.30494837395322166,60.98967479064433,0.4406677668030677,0.4762831221973774,1,0,1,0.005,0.0,0.005,76,0.7123511433601379,0.4509883224964142,0.1353280395269394,0.456652969121933,0.027622897177934647,-0.10000000149011612,0.5522087778197784,0.5904148826948855,0.042171956555232454,0.6325868392501179,0.6629495322704315,-2.399726789777456,0.4926164442509984,0.43512925700544225,0.5789640545845032,0.785471498966217,False,False,False,-0.5523125228183526,False
pure,4,8,0,0.6334136728743482,200,-130.58380445716853,0.30494837395322166,60.98967479064433,0.4406677668030677,0.4762831221973774,1,0,1,0.005,0.0,0.005,77,0.7151134610176086,0.4409894347190857,0.1353280395269394,0.456652969121933,0.026014629751443863,-0.10000000149011612,0.5539304321573324,0.4152497631367199,0.030049948356997622,0.44529971149371755,0.6243511140346527,-2.3998078567815107,0.3313757543800383,0.43650998931535906,0.5814896821975708,0.7849496603012085,False,False,False,-0.5540337605790443,False
pure,4,8,0,0.6334136728743482,200,-130.58380445716853,0.30494837395322166,60.98967479064433,0.4406677668030677,0.4762831221973774,1,0,1,0.005,0.0,0.005,78,0.7177149057388306,0.4309902489185333,0.1353280395269394,0.456652969121933,0.02488386258482933,-0.10000000149011612,0.5556643052107171,0.29182340810629825,0.02132931561747797,0.3131527237237762,0.597212702035904,-2.3998649789120403,0.22546812364703572,0.43744943983055506,0.5840903520584106,0.7843345403671265,False,False,False,-0.5557673547497467,False
pure,4,8,0,0.6334136728743482,200,-130.58380445716853,0.30494837395322166,60.98967479064433,0.4406677668030677,0.4762831221973774,1,0,1,0.005,0.0,0.005,79,0.7202032804489136,0.42099082469940186,0.1353280395269394,0.456652969121933,0.024088162928819656,-0.10000000149011612,0.5574011135578094,0.20521228303182845,0.015210024272905173,0.2204223073047336,0.5781159102916718,-2.399905062830832,0.15513910006630266,0.438095852747498,0.5867394208908081,0.78364497423172,False,False,False,-0.5575039738520918,False
pure,4,8,0,0.6334136728743482,200,-130.58380445716853,0.30494837395322166,60.98967479064433,0.4406677668030677,0.4762831221973774,1,0,1,0.005,0.0,0.005,80,0.7226121425628662,0.41099122166633606,0.1353280395269394,0.456652969121933,0.02352721616625786,-0.10000000149011612,0.5591343485052868,0.14453087414223134,0.010922877647028985,0.15545375178926032,0.5646531879901886,-2.3999331463901217,0.10782399496648823,0.43854511939319174,0.5894181728363037,0.7828942537307739,False,False,False,-0.5592370788837954,False
pure,4,8,0,0.6334136728743482,200,-130.58380445716853,0.30494837395322166,60.98967479064433,0.4406677668030677,0.4762831221973774,1,0,1,0.005,0.0,0.005,81,0.7249648571014404,0.4009914994239807,0.1353280395269394,0.456652969121933,0.023131463676691055,-0.10000000149011612,0.5608592486168102,0.10182954059536878,0.007906201013981694,0.10973574160935047,0.5551551282405853,-2.3999529087103175,0.07550570178825568,0.43885972648397614,0.5921130180358887,0.7820920348167419,False,False,False,-0.5609618890817122,False
pure,4,8,0,0.6334136728743482,200,-130.58380445716853,0.30494837395322166,60.98967479064433,0.4406677668030677,0.4762831221973774,1,0,1,0.005,0.0,0.005,82,0.7272779941558838,0.3909916877746582,0.1353280395269394,0.456652969121933,0.02285148575901985,-0.10000000149011612,0.562572622054673,0.07190275946167479,0.0057920005713726335,0.07769476003304743,0.5484356582164764,-2.3999667589248666,0.053334646051912744,0.4390819541758591,0.5948148965835571,0.781244695186615,False,False,False,-0.5626751997856863,False
pure,4,8,0,0.6334136728743482,200,-130.58380445716853,0.30494837395322166,60.98967479064433,0.4406677668030677,0.4762831221973774,1,0,1,0.005,0.0,0.005,83,0.7295631170272827,0.3809918165206909,0.1353280395269394,0.456652969121933,0.022652696818113327,-0.10000000149011612,0.5642723407953109,0.05091618582870172,0.004309435116862049,0.05522562094556377,0.54366472363472,-2.399976471581439,0.0380238769833709,0.43924038699662316,0.5975173711776733,0.7803570032119751,False,False,False,-0.5643748744263376,False
pure,4,8,0,0.6334136728743482,200,-130.58380445716853,0.30494837395322166,60.98967479064433,0.4406677668030677,0.4762831221973774,1,0,1,0.005,0.0,0.005,84,0.7318283915519714,0.37099191546440125,0.1353280395269394,0.456652969121933,0.02251071110367775,-0.10000000149011612,0.5659563295255322,0.036065258880239974,0.003104196732320565,0.039169455612560536,0.5402570664882659,-2.3997625869113524,0.026933846145413696,0.43935261135556236,0.600214958190918,0.7794326543807983,False,False,False,-0.5660588318790216,False
pure,4,8,0,0.6334136728743482,200,-130.58380445716853,0.30494837395322166,60.98967479064433,0.4406677668030677,0.4762831221973774,1,0,1,0.005,0.0,0.005,85,0.7340794801712036,0.3609929084777832,0.1353280395269394,0.456652969121933,0.022408168762922287,-0.10000000149011612,0.5676238109533087,0.026084198639830542,0.002598285769882649,0.02868248440971319,0.5377960503101349,-2.3998283008799675,0.020263418728343932,0.4394370422669305,0.6029049754142761,0.7784737348556519,False,False,False,-0.567726290835847,False
pure,4,8,0,0.6334136728743482,200,-130.58380445716853,0.30494837395322166,60.98967479064433,0.4406677668030677,0.4762831221973774,1,0,1,0.005,0.0,0.005,86,0.7363203167915344,0.35099363327026367,0.1353280395269394,0.456652969121933,0.022334035485982895,-0.10000000149011612,0.569274017831958,0.018729014671312744,0.002067567345985273,0.020796582017298018,0.5360168516635895,-2.399876726429642,0.015000974232834195,0.43949954632623395,0.6055850982666016,0.7774819135665894,False,False,False,-0.5693764815318352,False
pure,4,8,0,0.6334136728743482,200,-130.58380445716853,0.30494837395322166,60.98967479064433,0.4406677668030677,0.4762831221973774,1,0,1,0.005,0.0,0.005,87,0.7385537028312683,0.3409941494464874,0.1353280395269394,0.456652969121933,0.022279929369688034,-0.10000000149011612,0.5709061544968134,0.013542476489954648,0.0016918711273433808,0.015234347617298027,0.5347183048725127,-2.399910873904867,0.011301749988241471,0.43954663695118495,0.6082533001899719,0.7764584422111511,False,False,False,-0.5710086064173227,False
pure,4,8,0,0.6334136728743482,200,-130.58380445716853,0.30494837395322166,60.98967479064433,0.4406677668030677,0.4762831221973774,1,0,1,0.005,0.0,0.005,88,0.7407816648483276,0.33099451661109924,0.1353280395269394,0.456652969121933,0.022239815443754196,-0.10000000149011612,0.5725200019674951,0.009918784725376866,0.0014291818543654875,0.011347966579742354,0.5337555706501007,-2.3999347318078503,0.008724149771610314,0.43958298757523334,0.6109084486961365,0.7754043340682983,False,False,False,-0.5726224451708252,False
pure,4,8,0,0.6334136728743482,200,-130.58380445716853,0.30494837395322166,60.98967479064433,0.4406677668030677,0.4762831221973774,1,0,1,0.005,0.0,0.005,89,0.7430056929588318,0.3209947943687439,0.1353280395269394,0.456652969121933,0.022209201008081436,-0.10000000149011612,0.5741151215743996,0.007458360951131874,0.0012503754660994405,0.008708736417231314,0.5330208241939546,-2.3999509309096285,0.0069763014651602305,0.43961205549800486,0.6135494112968445,0.7743202447891235,False,False,False,-0.5742175581392623,False
pure,4,8,0,0.6334136728743482,200,-130.58380445716853,0.30494837395322166,60.98967479064433,0.4406677668030677,0.4762831221973774,1,0,1,0.005,0.0,0.005,90,0.7452265620231628,0.3109949827194214,0.1353280395269394,0.456652969121933,0.022185686975717545,-0.10000000149011612,0.5756914900385881,0.00562059926825616,0.0011179718961456993,0.006738571164401859,0.5324564874172211,-2.399963030487293,0.005675815763428935,0.43963570473035246,0.616175651550293,0.7732067108154297,False,False,False,-0.5757939215072537,False
pure,4,8,0,0.6334136728743482,200,-130.58380445716853,0.30494837395322166,60.98967479064433,0.4406677668030677,0.4762831221973774,1,0,1,0.005,0.0,0.005,91,0.7474451661109924,0.3009951412677765,0.1353280395269394,0.456652969121933,0.02216680720448494,-0.10000000149011612,0.5772486943948144,0.004420254840134627,0.0010304492768046026,0.00545070411693923,0.5320033729076385,-2.3999709333948176,0.004824638796731694,0.4396558073920055,0.6187863349914551,0.7720640301704407,False,False,False,-0.5773511217731112,False
pure,4,8,0,0.6334136728743482,200,-130.58380445716853,0.30494837395322166,60.98967479064433,0.4406677668030677,0.4762831221973774,1,0,1,0.005,0.0,0.005,92,0.7496618628501892,0.2909952700138092,0.1353280395269394,0.456652969121933,0.022151324898004532,-0.10000000149011612,0.578786813027852,0.0035411189295439793,0.0009670401965537537,0.004508159126097733,0.5316317975521088,-2.399976721508329,0.004203445382351113,0.4396733217477653,0.6213812232017517,0.7708925008773804,False,False,False,-0.5788892370608382,False
pure,4,8,0,0.6334136728743482,200,-130.58380445716853,0.30494837395322166,60.98967479064433,0.4406677668030677,0.4762831221973774,1,0,1,0.005,0.0,0.005,93,0.751876950263977,0.28099536895751953,0.1353280395269394,0.456652969121933,0.02213844284415245,-0.10000000149011612,0.5803057480219714,0.002679331407845855,0.0009187216193296971,0.003598053027175552,0.5313415144000009,-2.400000035762787,0.0036285719270716214,0.43968844079746144,0.6239597201347351,0.7696926593780518,False,False,False,-0.5804081692684404,False
pure,4,8,0,0.6334136728743482,200,-130.58380445716853,0.30494837395322166,60.98967479064433,0.4406677668030677,0.4762831221973774,1,0,1,0.005,0.0,0.005,94,0.7540909051895142,0.2709953486919403,0.1353280395269394,0.456652969121933,0.02212681993842125,-0.10000000149011612,0.5818052729820054,0.002550177501270007,0.0008932257765318198,0.003443403277801827,0.531061654279064,-2.4000000357627873,0.0034980433781503107,0.4397030159782037,0.6265214681625366,0.7684644460678101,False,False,False,-0.5819076917176287,False
pure,4,8,0,0.6334136728743482,200,-130.58380445716853,0.30494837395322166,60.98967479064433,0.4406677668030677,0.4762831221973774,1,0,1,0.005,0.0,0.005,95,0.7563036680221558,0.26099535822868347,0.1353280395269394,0.456652969121933,0.022116485983133316,-0.10000000149011612,0.5832856230930527,0.0022319706795156024,0.0008708577269540698,0.0031028284064696723,0.5308113963677001,-2.4000000357627864,0.0032748140488795077,0.43971666103674073,0.6290664672851562,0.7672080993652344,False,False,False,-0.5833880395935018,False
pure,4,8,0,0.6334136728743482,200,-130.58380445716853,0.30494837395322166,60.98967479064433,0.4406677668030677,0.4762831221973774,1,0,1,0.005,0.0,0.005,96,0.7585153579711914,0.25099536776542664,0.1353280395269394,0.456652969121933,0.022107120603322983,-0.10000000149011612,0.5847465459353455,0.001977358083179415,0.0008529697852382918,0.0028303278684177068,0.5305848325324153,-2.4000000357627873,0.003096283722496845,0.4397295622189178,0.631594181060791,0.765923798084259,False,False,False,-0.5848489604166873,False
pure,4,8,0,0.6334136728743482,200,-130.58380445716853,0.30494837395322166,60.98967479064433,0.4406677668030677,0.4762831221973774,1,0,1,0.005,0.0,0.005,97,0.7607261538505554,0.2409953624010086,0.1353280395269394,0.456652969121933,0.02209843322634697,-0.10000000149011612,0.5861880767727649,0.0017970337418525449,0.0008403193639389542,0.002637353105791499,0.530375064410122,-2.400000035762787,0.002969868390087859,0.4397419366705432,0.6341044902801514,0.7646116018295288,False,False,False,-0.5862904893765604,False
pure,4,8,0,0.6334136728743482,200,-130.58380445716853,0.30494837395322166,60.98967479064433,0.4406677668030677,0.4762831221973774,1,0,1,0.005,0.0,0.005,98,0.7629360556602478,0.23099535703659058,0.1353280395269394,0.456652969121933,0.0220901258289814,-0.10000000149011612,0.5876103251110003,0.0016935652251601097,0.000833090347972053,0.0025266555731321624,0.5301749575417991,-2.400000035762787,0.0028973027362700883,0.43975400876527765,0.636597216129303,0.7632718086242676,False,False,False,-0.5877127359266565,False
pure,4,8,0,0.6334136728743482,200,-130.58380445716853,0.30494837395322166,60.98967479064433,0.4406677668030677,0.4762831221973774,1,0,1,0.005,0.0,0.005,99,0.7651451230049133,0.22099535167217255,0.1353280395269394,0.456652969121933,0.022082243114709854,-0.10000000149011612,0.58901308057089,0.001584746088118244,0.0008254798868252578,0.002410225974943502,0.5299850053521415,-2.400000035762787,0.002821043421895213,0.43976576311286886,0.6390718817710876,0.7619045972824097,False,False,False,-0.5891154896803632,False
pure,4,8,0,0.6334136728743482,200,-130.58380445716853,0.30494837395322166,60.98967479064433,0.4406677668030677,0.4762831221973774,1,0,1,0.005,0.0,0.005,100,0.767353355884552,0.2109953612089157,0.1353280395269394,0.456652969121933,0.02207481488585472,-0.10000000149011612,0.5903964454759967,0.0014683523626818336,0.0008173307358821903,0.002285683098564024,0.5298059074205242,-2.4000000357627873,0.0027395355512710015,0.4397771778443325,0.6415284872055054,0.7605099678039551,False,False,False,-0.5904988529910457,False
pure,4,8,0,0.6334136728743482,200,-130.58380445716853,0.30494837395322166,60.98967479064433,0.4406677668030677,0.4762831221973774,1,0,1,0.005,0.0,0.005,101,0.7695608735084534,0.20099535584449768,0.1353280395269394,0.456652969121933,0.022067394107580185,-0.10000000149011612,0.5917603392014233,0.0014588813212324818,0.0008167285446450671,0.002275609865877549,0.5296277419822141,-2.400000035762787,0.002732812556341038,0.4397885645633173,0.6439666748046875,0.7590881586074829,False,False,False,-0.5918627451145975,False
pure,4,8,0,0.6334136728743482,200,-130.58380445716853,0.30494837395322166,60.98967479064433,0.4406677668030677,0.4762831221973774,1,0,1,0.005,0.0,0.005,102,0.7717676758766174,0.19099535048007965,0.1353280395269394,0.456652969121933,0.02205999568104744,-0.10000000149011612,0.5931048432897421,0.001453375393194609,0.0008164060382401528,0.002269781431434762,0.5294501409351005,-2.400000035762787,0.002728864327731815,0.4397999348313495,0.6463863849639893,0.7576392292976379,False,False,False,-0.593207247608492,False
pure,4,8,0,0.6334136728743482,200,-130.58380445716853,0.30494837395322166,60.98967479064433,0.4406677668030677,0.4762831221973774,1,0,1,0.005,0.0,0.005,103,0.7739737033843994,0.18099536001682281,0.1353280395269394,0.456652969121933,0.02205285057425499,-0.10000000149011612,0.5944298431652909,0.0013926110265661442,0.0008121809270064731,0.0022047919535726174,0.5292782300546468,-2.400000035762787,0.0026863129531569025,0.43981112780198767,0.648787260055542,0.7561633586883545,False,False,False,-0.5945322459417707,False
pure,4,8,0,0.6334136728743482,200,-130.58380445716853,0.30494837395322166,60.98967479064433,0.4406677668030677,0.4762831221973774,1,0,1,0.005,0.0,0.005,104,0.7761790156364441,0.17099535465240479,0.1353280395269394,0.456652969121933,0.022045988589525223,-0.10000000149011612,0.595735471295532,0.0013207610190863453,0.0008071708289865615,0.0021279318480729066,0.5291130359629463,-2.4000000357627864,0.0026360418910247167,0.4398221113098669,0.6511693000793457,0.7546606063842773,False,False,False,-0.5958378725967967,False
pure,4,8,0,0.6334136728743482,200,-130.58380445716853,0.30494837395322166,60.98967479064433,0.4406677668030677,0.4762831221973774,1,0,1,0.005,0.0,0.005,105,0.7783836722373962,0.16099534928798676,0.1353280395269394,0.456652969121933,0.022038962692022324,-0.10000000149011612,0.5970217141695492,0.0013555982394417264,0.000809692598618538,0.0021652908380602643,0.5289446599843743,-2.4000000357627873,0.0026602987154782758,0.4398331958878481,0.6535322666168213,0.7531311511993408,False,False,False,-0.5971241139583461,False
pure,4,8,0,0.6334136728743482,200,-130.58380445716853,0.30494837395322166,60.98967479064433,0.4406677668030677,0.4762831221973774,1,0,1,0.005,0.0,0.005,106,0.7805876135826111,0.15099535882472992,0.1353280395269394,0.456652969121933,0.02203209325671196,-0.10000000149011612,0.5982884301172287,0.0013209445821950022,0.0008073080483178627,0.0021282526305128648,0.5287795492693323,-2.400000035762787,0.002636027825617296,0.4398441793371215,0.6558757424354553,0.751575231552124,False,False,False,-0.59839082842336,False
pure,4,8,0,0.6334136728743482,200,-130.58380445716853,0.30494837395322166,60.98967479064433,0.4406677668030677,0.4762831221973774,1,0,1,0.005,0.0,0.005,107,0.7827908396720886,0.1409953534603119,0.1353280395269394,0.456652969121933,0.022025395184755325,-0.10000000149011612,0.5995357267387055,0.0012777905089159712,0.0008043219837758265,0.0020821124926917976,0.5286184913568281,-2.4000000357627873,0.002605836480920014,0.4398550369891253,0.658199667930603,0.7499929666519165,False,False,False,-0.5996381236068747,False
pure,4,8,0,0.6334136728743482,200,-130.58380445716853,0.30494837395322166,60.98967479064433,0.4406677668030677,0.4762831221973774,1,0,1,0.005,0.0,0.005,108,0.7849934697151184,0.13099534809589386,0.1353280395269394,0.456652969121933,0.02201860025525093,-0.10000000149011612,0.6007636425995257,0.0012985181122352107,0.0008058458067634996,0.00210436391899871,0.5284555591539878,-2.400000035762787,0.0026202390801245297,0.43986595465195916,0.6605041027069092,0.7483841180801392,False,False,False,-0.6008660380073813,False
pure,4,8,0,0.6334136728743482,200,-130.58380445716853,0.30494837395322166,60.98967479064433,0.4406677668030677,0.4762831221973774,1,0,1,0.005,0.0,0.005,109,0.7871953248977661,0.12099535763263702,0.1353280395269394,0.456652969121933,0.02201216295361519,-0.10000000149011612,0.6019720845220843,0.0012144808029287042,0.0007999717348224666,0.0020144525377511708,0.5283004715503763,-2.4000000357627873,0.002561542973059253,0.4398766277476802,0.6627883911132812,0.7467494606971741,False,False,False,-0.6020744785441318,False
pure,4,8,0,0.6334136728743482,200,-130.58380445716853,0.30494837395322166,60.98967479064433,0.4406677668030677,0.4762831221973774,1,0,1,0.005,0.0,0.005,110,0.7893965840339661,0.110995352268219,0.1353280395269394,0.456652969121933,0.022005591541528702,-0.10000000149011612,0.6031610603287612,0.0012412606508047607,0.0008019207667303954,0.002043181417535156,0.528142946426783,-2.4000000357627864,0.002580172926231523,0.4398873784682062,0.665052592754364,0.7450886964797974,False,False,False,-0.6032634529351983,False
pure,4,8,0,0.6334136728743482,200,-130.58380445716853,0.30494837395322166,60.98967479064433,0.4406677668030677,0.4762831221973774,1,0,1,0.005,0.0,0.005,111,0.7915971875190735,0.10099535435438156,0.1353280395269394,0.456652969121933,0.021999184042215347,-0.10000000149011612,0.6043306583803308,0.0012042135584321902,0.0007993631938448885,0.0020035767522770787,0.5279889053047624,-2.400000035762787,0.0025542830922849528,0.43989802131442407,0.6672965288162231,0.7434021234512329,False,False,False,-0.6044330496158612,False
pure,4,8,0,0.6334136728743482,200,-130.58380445716853,0.30494837395322166,60.98967479064433,0.4406677668030677,0.4762831221973774,1,0,1,0.005,0.0,0.005,112,0.7937971353530884,0.09099535644054413,0.1353280395269394,0.456652969121933,0.021992739289999008,-0.10000000149011612,0.6054808025733714,0.0012110190889498536,0.0007999012469439107,0.0020109203358937644,0.5278342792225693,-2.400000035762787,0.002558980409212702,0.4399086837327958,0.6695199012756348,0.741689920425415,False,False,False,-0.6055831924230939,False
pure,4,8,0,0.6334136728743482,200,-130.58380445716853,0.30494837395322166,60.98967479064433,0.4406677668030677,0.4762831221973774,1,0,1,0.005,0.0,0.005,113,0.7959964275360107,0.0809953510761261,0.1353280395269394,0.456652969121933,0.021986503154039383,-0.10000000149011612,0.6066115417731768,0.0011618035402638316,0.0007964832621797814,0.001958286802443613,0.527684265047709,-2.400000035762787,0.002524625304989883,0.4399192030048999,0.6717226505279541,0.7399520874023438,False,False,False,-0.6067139302817947,False
pure,4,8,0,0.6334136728743482,200,-130.58380445716853,0.30494837395322166,60.98967479064433,0.4406677668030677,0.4762831221973774,1,0,1,0.005,0.0,0.005,114,0.7981951236724854,0.07099535316228867,0.1353280395269394,0.456652969121933,0.021980229765176773,-0.10000000149011612,0.6077229318983504,0.0011677375166797594,0.0007969582804908861,0.0019646957971706453,0.5275337455425724,-2.400000035762787,0.0025287208476642313,0.43992973934176516,0.6739045977592468,0.7381888628005981,False,False,False,-0.6078253190584132,False
pure,4,8,0,0.6334136728743482,200,-130.58380445716853,0.30494837395322166,60.98967479064433,0.4406677668030677,0.4762831221973774,1,0,1,0.005,0.0,0.005,115,0.8003931641578674,0.06099535524845123,0.1353280395269394,0.456652969121933,0.02197417989373207,-0.10000000149011612,0.6088148933350822,0.0011148649604972108,0.0007932805193386554,0.0019081454798358661,0.5273881759384615,-2.400000035762787,0.002491839872717024,0.4399401220079015,0.6760654449462891,0.7364004254341125,False,False,False,-0.6089172791987439,False
pure,4,8,0,0.6334136728743482,200,-130.58380445716853,0.30494837395322166,60.98967479064433,0.4406677668030677,0.4762831221973774,1,0,1,0.005,0.0,0.005,116,0.8025906682014465,0.0509953536093235,0.1353280395269394,0.456652969121933,0.021967846900224686,-0.10000000149011612,0.6098873972338805,0.0011796469402089308,0.0007979098006432812,0.001977556740852212,0.527236640731174,-2.4000000357627864,0.0025369366400839178,0.4399506925772352,0.6782049536705017,0.7345869541168213,False,False,False,-0.6099897817415366,False
pure,4,8,0,0.6334136728743482,200,-130.58380445716853,0.30494837395322166,60.98967479064433,0.4406677668030677,0.4762831221973774,1,0,1,0.005,0.0,0.005,117,0.8047874569892883,0.04099535197019577,0.1353280395269394,0.456652969121933,0.021961871534585953,-0.10000000149011612,0.610940517876707,0.0010986861616718402,0.0007922488164498045,0.0018909349781216448,0.5270926612774203,-2.400000035762787,0.0024805066006768407,0.4399610280214047,0.6803231239318848,0.7327483892440796,False,False,False,-0.6110429011028632,False
pure,4,8,0,0.6334136728743482,200,-130.58380445716853,0.30494837395322166,60.98967479064433,0.4406677668030677,0.4762831221973774,1,0,1,0.005,0.0,0.005,118,0.8069837093353271,0.030995354056358337,0.1353280395269394,0.456652969121933,0.021955925971269608,-0.10000000149011612,0.611974333752586,0.0010862363843904446,0.0007914233360407156,0.0018776597204311603,0.526949880001517,-2.400000035762787,0.002471808167209048,0.4399713272221014,0.6824197173118591,0.7308851480484009,False,False,False,-0.612076715704693,False
pure,4,8,0,0.6334136728743482,200,-130.58380445716853,0.30494837395322166,60.98967479064433,0.4406677668030677,0.4762831221973774,1,0,1,0.005,0.0,0.005,119,0.8091793060302734,0.020995352417230606,0.1353280395269394,0.456652969121933,0.021950121968984604,-0.10000000149011612,0.6129887325612497,0.001051748681084328,0.0007890410755363523,0.0018407897566206804,0.5268103408488639,-2.4000000357627873,0.0024477706906749315,0.4399815262666459,0.6844944953918457,0.7289972305297852,False,False,False,-0.6130911132616592,False
pure,4,8,0,0.6334136728743482,200,-130.58380445716853,0.30494837395322166,60.98967479064433,0.4406677668030677,0.4762831221973774,1,0,1,0.005,0.0,0.005,120,0.8113743662834167,0.010995352640748024,0.1353280395269394,0.456652969121933,0.02194419875741005,-0.10000000149011612,0.6139838140009171,0.0010783975780083099,0.0007909751399886171,0.0018693727179969269,0.5266683716145069,-2.400000035762787,0.002466298260622821,0.43999180250939846,0.6865472793579102,0.7270849943161011,False,False,False,-0.6140861934347278,False
pure,4,8,0,0.6334136728743482,200,-130.58380445716853,0.30494837395322166,60.98967479064433,0.4406677668030677,0.4762831221973774,1,0,1,0.005,0.0,0.005,121,0.8135687708854675,0.000995352864265442,0.1353280395269394,0.456652969121933,0.02193855121731758,-0.10000000149011612,0.6149595207317046,0.0010144214350821937,0.0007865100878772549,0.0018009315229594487,0.5265323796956012,-2.400000035762787,0.002421749971261259,0.44000189313427873,0.6885780096054077,0.7251482009887695,False,False,False,-0.6150618989585213,False
pure,4,8,0,0.6334136728743482,200,-130.58380445716853,0.30494837395322166,60.98967479064433,0.4406677668030677,0.4762831221973774,1,0,1,0.005,0.0,0.005,122,0.8157626986503601,-0.00900464691221714,0.1353280395269394,0.456652969121933,0.02193276956677437,-0.10000000149011612,0.6159159734134659,0.001042560100729958,0.0007885480509527693,0.0018311081516827273,0.5263938184271163,-2.4000000357627873,0.002441312542850324,0.44001206526987396,0.6905863881111145,0.7231875061988831,False,False,False,-0.6160183504034862,False
pure,4,8,0,0.6334136728743482,200,-130.58380445716853,0.30494837395322166,60.98967479064433,0.4406677668030677,0.4762831221973774,1,0,1,0.005,0.0,0.005,123,0.8179559707641602,-0.019004646688699722,0.1353280395269394,0.456652969121933,0.02192729339003563,-0.10000000149011612,0.6168530868249562,0.0009715128178972585,0.0007835823694252768,0.0017550951873225354,0.5262618893854666,-2.4000000357627873,0.002391867885752564,0.4400220313860646,0.692572295665741,0.7212027311325073,False,False,False,-0.6169554626377848,False
pure,4,8,0,0.6334136728743482,200,-130.58380445716853,0.30494837395322166,60.98967479064433,0.4406677668030677,0.4762831221973774,1,0,1,0.005,0.0,0.005,124,0.820148766040802,-0.029004648327827454,0.1353280395269394,0.456652969121933,0.021921556442975998,-0.10000000149011612,0.6177708245382443,0.001029595437366776,0.000787733500490672,0.001817328937857448,0.5261246120703016,-2.4000000357627873,0.002432255929423106,0.44003216578577053,0.694535493850708,0.7191940546035767,False,False,False,-0.617873199121727,False
pure,4,8,0,0.6334136728743482,200,-130.58380445716853,0.30494837395322166,60.98967479064433,0.4406677668030677,0.4762831221973774,1,0,1,0.005,0.0,0.005,125,0.8223409652709961,-0.039004646241664886,0.1353280395269394,0.456652969121933,0.02191602811217308,-0.10000000149011612,0.6186693608273415,0.000983948492949935,0.0007845611503281406,0.0017685096432780755,0.5259916103736725,-2.4000000357627873,0.002400495441177115,0.44004216785010875,0.6964759230613708,0.7171617746353149,False,False,False,-0.6187717342261819,False
pure,4,8,0,0.6334136728743482,200,-130.58380445716853,0.30494837395322166,60.98967479064433,0.4406677668030677,0.4762831221973774,1,0,1,0.005,0.0,0.005,126,0.8245325684547424,-0.04900464788079262,0.1353280395269394,0.456652969121933,0.021910812705755234,-0.10000000149011612,0.619548601316462,0.0009058820661711757,0.0007790977131838852,0.001684979779355061,0.5258658903430011,-2.4000000357627873,0.002346207018776893,0.44005194371268697,0.6983932852745056,0.7151060700416565,False,False,False,-0.6196509735977154,False
pure,4,8,0,0.6334136728743482,200,-130.58380445716853,0.30494837395322166,60.98967479064433,0.4406677668030677,0.4762831221973774,1,0,1,0.005,0.0,0.005,127,0.8267236948013306,-0.05900464951992035,0.1353280395269394,0.456652969121933,0.021905329078435898,-0.10000000149011612,0.6204085631049374,0.0009652417206381901,0.0007833367288929748,0.0017485784495311649,0.5257347017032008,-2.4000000357627864,0.0023874692454286467,0.4400618915012096,0.7002874612808228,0.7130270004272461,False,False,False,-0.6205109342164496,False
pure,4,8,0,0.6334136728743482,200,-130.58380445716853,0.30494837395322166,60.98967479064433,0.4406677668030677,0.4762831221973774,1,0,1,0.005,0.0,0.005,128,0.828914225101471,-0.06900464743375778,0.1353280395269394,0.456652969121933,0.021900150924921036,-0.10000000149011612,0.621249307576837,0.0008963769625292234,0.0007785224577828654,0.0016748994203120886,0.5256099406031609,-2.400000035762787,0.0023395985685540363,0.4400716398285786,0.7021582722663879,0.7109248638153076,False,False,False,-0.6213516775782127,False
pure,4,8,0,0.6334136728743482,200,-130.58380445716853,0.30494837395322166,60.98967479064433,0.4406677668030677,0.4762831221973774,1,0,1,0.005,0.0,0.005,129,0.8311042785644531,-0.07900464534759521,0.1353280395269394,0.456652969121933,0.021894846111536026,-0.10000000149011612,0.6220708267173687,0.0009223448850090085,0.0007804029693205722,0.0017027478543295807,0.5254828081252825,-2.4000000357627873,0.0023576435345132834,0.4400814633433057,0.7040055990219116,0.7087996602058411,False,False,False,-0.6221731955862561,False
pure,4,8,0,0.6334136728743482,200,-130.58380445716853,0.30494837395322166,60.98967479064433,0.4406677668030677,0.4762831221973774,1,0,1,0.005,0.0,0.005,130,0.8332937955856323,-0.08900465071201324,0.1353280395269394,0.456652969121933,0.021889682859182358,-0.10000000149011612,0.6228731795927963,0.0008905228584065697,0.0007782031889649478,0.0016687260473715174,0.5253586657608723,-2.4000000357627864,0.002335531582068623,0.44009119472489766,0.7058292627334595,0.7066516876220703,False,False,False,-0.6229755473515473,False
pure,4,8,0,0.6334136728743482,200,-130.58380445716853,0.30494837395322166,60.98967479064433,0.4406677668030677,0.4762831221973774,1,0,1,0.005,0.0,0.005,131,0.8354827761650085,-0.09900464862585068,0.1353280395269394,0.456652969121933,0.02188461646437645,-0.10000000149011612,0.6236563201253633,0.0008653596638674289,0.0007764725499794506,0.0016418322138468796,0.5252368949145557,-2.4000000357627873,0.002318052970553536,0.4401008532789416,0.7076290249824524,0.7044811248779297,False,False,False,-0.62375868680378,False
pure,4,8,0,0.6334136728743482,200,-130.58380445716853,0.30494837395322166,60.98967479064433,0.4406677668030677,0.4762831221973774,1,0,1,0.005,0.0,0.005,132,0.8376712799072266,-0.10900464653968811,0.1353280395269394,0.456652969121933,0.021879542618989944,-0.10000000149011612,0.624420263357549,0.0008657406565770778,0.0007765449859533154,0.0016422856425303933,0.5251151253108309,-2.400000035762787,0.002318321507424523,0.4401105129518892,0.7094047665596008,0.702288031578064,False,False,False,-0.6245226289556315,False
pure,4,8,0,0.6334136728743482,200,-130.58380445716853,0.30494837395322166,60.98967479064433,0.4406677668030677,0.4762831221973774,1,0,1,0.005,0.0,0.005,133,0.8398592472076416,-0.11900465190410614,0.1353280395269394,0.456652969121933,0.021874602884054184,-0.10000000149011612,0.625165141538912,0.0008338869512008436,0.0007743409802266817,0.0016082279314275252,0.5249963471411526,-2.4000000357627864,0.0022962059835457426,0.4401200804768206,0.7111563682556152,0.7000727653503418,False,False,False,-0.6252675060790122,False
pure,4,8,0,0.6334136728743482,200,-130.58380445716853,0.30494837395322166,60.98967479064433,0.4406677668030677,0.4762831221973774,1,0,1,0.005,0.0,0.005,134,0.8420467376708984,-0.12900464236736298,0.1353280395269394,0.456652969121933,0.021869707852602005,-0.10000000149011612,0.6258909225301013,0.0008212458555010065,0.0007734926748370773,0.0015947385303380838,0.5248787772814187,-2.400000035762787,0.00228743696775404,0.4401296114641863,0.712883710861206,0.6978352665901184,False,False,False,-0.6259932860271201,False
pure,4,8,0,0.6334136728743482,200,-130.58380445716853,0.30494837395322166,60.98967479064433,0.4406677668030677,0.4762831221973774,1,0,1,0.005,0.0,0.005,135,0.8442337512969971,-0.139004647731781,0.1353280395269394,0.456652969121933,0.02186490222811699,-0.10000000149011612,0.6265975159893482,0.0007992088758123232,0.0007719803758997676,0.0015711892517120908,0.5247632869589475,-2.400000035762787,0.002272148406405652,0.440139078749213,0.7145864367485046,0.6955758929252625,False,False,False,-0.6266998784581869,False
pure,4,8,0,0.6334136728743482,200,-130.58380445716853,0.30494837395322166,60.98967479064433,0.4406677668030677,0.4762831221973774,1,0,1,0.005,0.0,0.005,136,0.8464202284812927,-0.14900465309619904,0.1353280395269394,0.456652969121933,0.02186020091176033,-0.10000000149011612,0.6272851126072176,0.0007729190576196569,0.0007701669643625249,0.0015430860219821819,0.5246502700540391,-2.4000000357627873,0.0022539129343234435,0.440148470053106,0.716264545917511,0.693294882774353,False,False,False,-0.627387474070228,False
pure,4,8,0,0.6334136728743482,200,-130.58380445716853,0.30494837395322166,60.98967479064433,0.4406677668030677,0.4762831221973774,1,0,1,0.005,0.0,0.005,137,0.848606288433075,-0.15900464355945587,0.1353280395269394,0.456652969121933,0.02185549959540367,-0.10000000149011612,0.6279537026168602,0.0007714025320588616,0.0007701021470446898,0.0015415046791035516,0.5245374277717546,-2.4000000357627873,0.002252874680391029,0.44015785703094096,0.7179179191589355,0.6909922361373901,False,False,False,-0.6280560630740422,False
pure,4,8,0,0.6334136728743482,200,-130.58380445716853,0.30494837395322166,60.98967479064433,0.4406677668030677,0.4762831221973774,1,0,1,0.005,0.0,0.005,138,0.850791871547699,-0.1690046489238739,0.1353280395269394,0.456652969121933,0.021850746124982834,-0.10000000149011612,0.6286031668754097,0.0007841755243484645,0.0007710464091197398,0.0015552219334682043,0.5244234345162522,-2.400000035762787,0.0022617514312045484,0.44016728099523766,0.7195461988449097,0.6886682510375977,False,False,False,-0.6287055263193128,False
pure,4,8,0,0.6334136728743482,200,-130.58380445716853,0.30494837395322166,60.98967479064433,0.4406677668030677,0.4762831221973774,1,0,1,0.005,0.0,0.005,139,0.8529769778251648,-0.17900465428829193,0.1353280395269394,0.456652969121933,0.021846149116754532,-0.10000000149011612,0.6292337052351594,0.0007477989114516824,0.0007685201122285012,0.0015163190236801836,0.5243128499063657,-2.400000035762787,0.0022365288752529333,0.44017659986555124,0.7211494445800781,0.6863230466842651,False,False,False,-0.6293360636955857,False
pure,4,8,0,0.6334136728743482,200,-130.58380445716853,0.30494837395322166,60.98967479064433,0.4406677668030677,0.4762831221973774,1,0,1,0.005,0.0,0.005,140,0.8551616072654724,-0.18900464475154877,0.1353280395269394,0.456652969121933,0.021841686218976974,-0.10000000149011612,0.6298452840858549,0.0007133155501442059,0.0007661262476970456,0.0014794417978412516,0.5242054972924974,-2.400000035762787,0.002212626954561534,0.4401858191445286,0.7227274179458618,0.6839568614959717,False,False,False,-0.629947641592607,False
pure,4,8,0,0.6334136728743482,200,-130.58380445716853,0.30494837395322166,60.98967479064433,0.4406677668030677,0.4762831221973774,1,0,1,0.005,0.0,0.005,141,0.8573457598686218,-0.1990046501159668,0.1353280395269394,0.456652969121933,0.021837439388036728,-0.10000000149011612,0.6304379787683835,0.000659249576440973,0.0007623482342104353,0.0014215978106514081,0.5241031922483015,-2.4000000357627878,0.0021751505968697973,0.44019488227201553,0.7242799997329712,0.6815699338912964,False,False,False,-0.6305403353736152,False
pure,4,8,0,0.6334136728743482,200,-130.58380445716853,0.30494837395322166,60.98967479064433,0.4406677668030677,0.4762831221973774,1,0,1,0.005,0.0,0.005,142,0.8595295548439026,-0.20900465548038483,0.1353280395269394,0.456652969121933,0.02183283492922783,-0.10000000149011612,0.6310116463350245,0.0007417314786209246,0.0007682114831901502,0.0015099429618110748,0.5239932666374477,-2.400000035762787,0.0022323698875801466,0.4402041838132138,0.7258069515228271,0.6791622042655945,False,False,False,-0.6311140019567796,False
pure,4,8,0,0.6334136728743482,200,-130.58380445716853,0.30494837395322166,60.98967479064433,0.4406677668030677,0.4762831221973774,1,0,1,0.005,0.0,0.005,143,0.8617128729820251,-0.21900464594364166,0.1353280395269394,0.456652969121933,0.021828461438417435,-0.10000000149011612,0.6315665360394496,0.0006923504021559469,0.000764765293335395,0.0014571156954913417,0.5238879547793925,-2.4000000357627864,0.002198150767531255,0.44021334277474516,0.7273082733154297,0.6767340898513794,False,False,False,-0.6316688907298821,False
pure,4,8,0,0.6334136728743482,200,-130.58380445716853,0.30494837395322166,60.98967479064433,0.4406677668030677,0.4762831221973774,1,0,1,0.005,0.0,0.005,144,0.8638957142829895,-0.2290046513080597,0.1353280395269394,0.456652969121933,0.021824289113283157,-0.10000000149011612,0.6321025724320762,0.0006408091613312461,0.0007611648274734573,0.0014019739888047034,0.5237874556709422,-2.4000000357627864,0.0021624434133419965,0.4402223529556341,0.7287836670875549,0.674285888671875,False,False,False,-0.6322049262358896,False
pure,4,8,0,0.6334136728743482,200,-130.58380445716853,0.30494837395322166,60.98967479064433,0.4406677668030677,0.4762831221973774,1,0,1,0.005,0.0,0.005,145,0.8660781383514404,-0.23900465667247772,0.1353280395269394,0.456652969121933,0.021820228546857834,-0.10000000149011612,0.6326197586374843,0.0006105989565351695,0.0007590689826540859,0.0013696679391892554,0.5236897891302634,-2.4000000357627878,0.002141530024307291,0.4402312759974021,0.7302330732345581,0.6718174815177917,False,False,False,-0.6327221115770304,False
pure,4,8,0,0.6334136728743482,200,-130.58380445716853,0.30494837395322166,60.98967479064433,0.4406677668030677,0.4762831221973774,1,0,1,0.005,0.0,0.005,146,0.8682602047920227,-0.24900464713573456,0.1353280395269394,0.456652969121933,0.02181592956185341,-0.10000000149011612,0.6331181704402419,0.0006660874545880623,0.0007630242089846451,0.0014291116635727075,0.5235870046189137,-2.400000035762787,0.0021800128640130207,0.4402403593843355,0.7316563129425049,0.6693292856216431,False,False,False,-0.633220522455916,False
pure,4,8,0,0.6334136728743482,200,-130.58380445716853,0.30494837395322166,60.98967479064433,0.4406677668030677,0.4762831221973774,1,0,1,0.005,0.0,0.005,147,0.8704417943954468,-0.2590046525001526,0.1353280395269394,0.456652969121933,0.021811868995428085,-0.10000000149011612,0.6335978558049125,0.0006129870261473232,0.0007593126968690624,0.0013722997230163855,0.5234891767290362,-2.4000000357627864,0.00214324257330433,0.44024928956172427,0.7330532670021057,0.6668214797973633,False,False,False,-0.6337002069563192,False
pure,4,8,0,0.6334136728743482,200,-130.58380445716853,0.30494837395322166,60.98967479064433,0.4406677668030677,0.4762831221973774,1,0,1,0.005,0.0,0.005,148,0.8726230263710022,-0.2690046429634094,0.1353280395269394,0.456652969121933,0.021807823330163956,-0.10000000149011612,0.6340588403399611,0.0006059482199826209,0.0007588522499557503,0.0013648004699383712,0.5233920311473788,-2.4000000357627864,0.0021383938966593142,0.4402581995362937,0.7344238758087158,0.6642940044403076,False,False,False,-0.6341611906271005,False
pure,4,8,0,0.6334136728743482,200,-130.58380445716853,0.30494837395322166,60.98967479064433,0.4406677668030677,0.4762831221973774,1,0,1,0.005,0.0,0.005,149,0.8748038411140442,-0.27900466322898865,0.1353280395269394,0.456652969121933,0.02180388942360878,-0.10000000149011612,0.6345011397721778,0.0005788706777752477,0.0007569763953466181,0.0013358470731218658,0.5232974265251764,-2.400000035762787,0.0021196649118741407,0.4402670314734265,0.7357678413391113,0.6617474555969238,False,False,False,-0.6346034892248522,False
pure,4,8,0,0.6334136728743482,200,-130.58380445716853,0.30494837395322166,60.98967479064433,0.4406677668030677,0.4762831221973774,1,0,1,0.005,0.0,0.005,150,0.8769842386245728,-0.2890046536922455,0.1353280395269394,0.456652969121933,0.021799955517053604,-0.10000000149011612,0.6349247969688026,0.000577242926644199,0.0007568968820004313,0.0013341398086446302,0.5232030012941181,-2.4000000357627864,0.002118567775565822,0.44027585883915804,0.7370851039886475,0.6591818332672119,False,False,False,-0.6350271455795613,False
pure,4,8,0,0.6334136728743482,200,-130.58380445716853,0.30494837395322166,60.98967479064433,0.4406677668030677,0.4762831221973774,1,0,1,0.005,0.0,0.005,151,0.8791642189025879,-0.2990046441555023,0.1353280395269394,0.456652969121933,0.021796230226755142,-0.10000000149011612,0.6353298385649063,0.0005272497231509995,0.0007534016880363565,0.0012806514111873561,0.5231132419335727,-2.400000035762787,0.002083975390217098,0.4402845420699506,0.7383755445480347,0.6565972566604614,False,False,False,-0.6354321863859036,False
pure,4,8,0,0.6334136728743482,200,-130.58380445716853,0.30494837395322166,60.98967479064433,0.4406677668030677,0.4762831221973774,1,0,1,0.005,0.0,0.005,152,0.8813439011573792,-0.30900466442108154,0.1353280395269394,0.456652969121933,0.021792355924844742,-0.10000000149011612,0.6357163286770168,0.0005598191852146946,0.0007557354071640439,0.0013155545923787385,0.5230204882641875,-2.400000035762787,0.002106561907811559,0.4402933194112332,0.7396390438079834,0.6539939641952515,False,False,False,-0.6358186756709996,False
pure,4,8,0,0.6334136728743482,200,-130.58380445716853,0.30494837395322166,60.98967479064433,0.4406677668030677,0.4762831221973774,1,0,1,0.005,0.0,0.005,153,0.8835231065750122,-0.3190046548843384,0.1353280395269394,0.456652969121933,0.021788757294416428,-0.10000000149011612,0.6360842913711581,0.0004961124107605472,0.0007512711270593626,0.0012473835378199096,0.5229336720759526,-2.400000035762787,0.0020624846165314854,0.4403019130971354,0.7408754229545593,0.6513722538948059,False,False,False,-0.6361866375977311,False
pure,4,8,0,0.6334136728743482,200,-130.58380445716853,0.30494837395322166,60.98967479064433,0.4406677668030677,0.4762831221973774,1,0,1,0.005,0.0,0.005,154,0.8857020139694214,-0.3290046453475952,0.1353280395269394,0.456652969121933,0.02178499475121498,-0.10000000149011612,0.6364337118281499,0.000531287547273089,0.0007537877645254648,0.0012850753117985537,0.5228436189825275,-2.4000000357627873,0.0020868709657552794,0.44031060839282604,0.7420845031738281,0.6487323045730591,False,False,False,-0.6365360572575107,False
pure,4,8,0,0.6334136728743482,200,-130.58380445716853,0.30494837395322166,60.98967479064433,0.4406677668030677,0.4762831221973774,1,0,1,0.005,0.0,0.005,155,0.8878805637359619,-0.33900466561317444,0.1353280395269394,0.456652969121933,0.02178129181265831,-0.10000000149011612,0.6367647842866524,0.0005197103407707607,0.0007530039206400183,0.0012727142614107792,0.5227546668514558,-2.4000000357627864,0.002078890442514438,0.4403192704363365,0.7432663440704346,0.6460742354393005,False,False,False,-0.6368671289262517,False
pure,4,8,0,0.6334136728743482,200,-130.58380445716853,0.30494837395322166,60.98967479064433,0.4406677668030677,0.4762831221973774,1,0,1,0.005,0.0,0.005,156,0.890058696269989,-0.3490046560764313,0.1353280395269394,0.456652969121933,0.021777916699647903,-0.10000000149011612,0.6370774149867692,0.0004403338715961522,0.0007474316152236971,0.0011877654868198493,0.5226731046283025,-2.400000035762787,0.0020239865750072716,0.44032770371373237,0.7444206476211548,0.6433983445167542,False,False,False,-0.6371797589111128,False
pure,4,8,0,0.6334136728743482,200,-130.58380445716853,0.30494837395322166,60.98967479064433,0.4406677668030677,0.4762831221973774,1,0,1,0.005,0.0,0.005,157,0.8922364711761475,-0.3590046465396881,0.1353280395269394,0.456652969121933,0.021774407476186752,-0.10000000149011612,0.6373716832750927,0.0004672205431585655,0.0007493609519386626,0.001216581495097228,0.5225890727846989,-2.4000000357627873,0.002042630661887225,0.4403362146748236,0.745547354221344,0.6407047510147095,False,False,False,-0.6374740264543782,False
pure,4,8,0,0.6334136728743482,200,-130.58380445716853,0.30494837395322166,60.98967479064433,0.4406677668030677,0.4762831221973774,1,0,1,0.005,0.0,0.005,158,0.894413948059082,-0.36900466680526733,0.1353280395269394,0.456652969121933,0.021770793944597244,-0.10000000149011612,0.6376475889992208,0.0004944530110822904,0.0007513156374039239,0.0012457686484862143,0.522502539983473,-2.4000000357627873,0.002061510510831532,0.44034480430195205,0.7466462850570679,0.6379936933517456,False,False,False,-0.637749931403646,False
pure,4,8,0,0.6334136728743482,200,-130.58380445716853,0.30494837395322166,60.98967479064433,0.4406677668030677,0.4762831221973774,1,0,1,0.005,0.0,0.005,159,0.8965910077095032,-0.37900465726852417,0.1353280395269394,0.456652969121933,0.02176763489842415,-0.10000000149011612,0.6379052446372561,0.00038735439923442906,0.0007437846677329974,0.0011311390669674266,0.5224259679558608,-2.4000000357627873,0.001987447226121014,0.4403530853320609,0.7477173805236816,0.6352654099464417,False,False,False,-0.638007586371129,False
pure,4,8,0,0.6334136728743482,200,-130.58380445716853,0.30494837395322166,60.98967479064433,0.4406677668030677,0.4762831221973774,1,0,1,0.005,0.0,0.005,160,0.8987678289413452,-0.389004647731781,0.1353280395269394,0.456652969121933,0.021764125674962997,-0.10000000149011612,0.6381447614811399,0.00046422197167883913,0.0007492418421711891,0.0012134638138500283,0.5223422884189208,-2.4000000357627864,0.002040663215026898,0.44036158809545684,0.7487605810165405,0.6325201392173767,False,False,False,-0.6382471024699546,False
pure,4,8,0,0.6334136728743482,200,-130.58380445716853,0.30494837395322166,60.98967479064433,0.4406677668030677,0.4762831221973774,1,0,1,0.005,0.0,0.005,161,0.9009442329406738,-0.39900466799736023,0.1353280395269394,0.456652969121933,0.021760981529951096,-0.10000000149011612,0.6383659304502161,0.0003821181250057801,0.0007434749630952067,0.0011255930881009868,0.5222662502029228,-2.400000035762787,0.001983907338298573,0.4403698543760331,0.7497755289077759,0.6297580003738403,False,False,False,-0.6384682707684787,False
pure,4,8,0,0.6334136728743482,200,-130.58380445716853,0.30494837395322166,60.98967479064433,0.4406677668030677,0.4762831221973774,1,0,1,0.005,0.0,0.005,162,0.9031203389167786,-0.40900465846061707,0.1353280395269394,0.456652969121933,0.021757740527391434,-0.10000000149011612,0.6385691066115368,0.0003998380002141161,0.0007447548722273118,0.001144592872441428,0.5221885910458043,-2.400000035762787,0.0019962025619584393,0.4403781718867079,0.750762403011322,0.6269792914390564,False,False,False,-0.6386714462443459,False
pure,4,8,0,0.6334136728743482,200,-130.58380445716853,0.30494837395322166,60.98967479064433,0.4406677668030677,0.4762831221973774,1,0,1,0.005,0.0,0.005,163,0.9052961468696594,-0.4190046489238739,0.1353280395269394,0.456652969121933,0.021754499524831772,-0.10000000149011612,0.6387541369382618,0.0004013228018131611,0.0007448888542266852,0.0011462116560398464,0.5221108174504803,-2.4000000357627864,0.001997268252899532,0.4403864938377617,0.7517209053039551,0.6241841316223145,False,False,False,-0.638856475878167,False
pure,4,8,0,0.6334136728743482,200,-130.58380445716853,0.30494837395322166,60.98967479064433,0.4406677668030677,0.4762831221973774,1,0,1,0.005,0.0,0.005,164,0.9074715971946716,-0.42900463938713074,0.1353280395269394,0.456652969121933,0.021751467138528824,-0.10000000149011612,0.6389211292914421,0.0003514992118148083,0.0007413994313579252,0.0010928986431727335,0.522037688981403,-2.400000035762787,0.0019628544979881173,0.44039467239817,0.7526509761810303,0.6213727593421936,False,False,False,-0.6390234675905972,False
pure,4,8,0,0.6334136728743482,200,-130.58380445716853,0.30494837395322166,60.98967479064433,0.4406677668030677,0.4762831221973774,1,0,1,0.005,0.0,0.005,165,0.90964674949646,-0.43900465965270996,0.1353280395269394,0.456652969121933,0.02174847200512886,-0.10000000149011612,0.6390700901574662,0.00033924285883427753,0.0007405613042532235,0.001079804163087501,0.521965719386907,-2.400000035762787,0.0019544202995505767,0.44040281581608476,0.7535524368286133,0.6185454726219177,False,False,False,-0.6391724278233221,False
pure,4,8,0,0.6334136728743482,200,-130.58380445716853,0.30494837395322166,60.98967479064433,0.4406677668030677,0.4762831221973774,1,0,1,0.005,0.0,0.005,166,0.9118216037750244,-0.4490046501159668,0.1353280395269394,0.456652969121933,0.021745439618825912,-0.10000000149011612,0.6392011519347128,0.0003475511189738946,0.0007411750379643749,0.0010887261569382696,0.5218930006791146,-2.4000000357627873,0.001960204613991655,0.4404109833353097,0.7544252872467041,0.6157023906707764,False,False,False,-0.6393034889523682,False
pure,4,8,0,0.6334136728743482,200,-130.58380445716853,0.30494837395322166,60.98967479064433,0.4406677668030677,0.4762831221973774,1,0,1,0.005,0.0,0.005,167,0.913996160030365,-0.45900464057922363,0.1353280395269394,0.456652969121933,0.02174241468310356,-0.10000000149011612,0.6393143763884035,0.00034656487555580673,0.0007411326674449733,0.00108769754300078,0.52182039526992,-2.400000035762787,0.001959563048722107,0.44041914818134603,0.7552694082260132,0.6128438115119934,False,False,False,-0.639416712765309,False
pure,4,8,0,0.6334136728743482,200,-130.58380445716853,0.30494837395322166,60.98967479064433,0.4406677668030677,0.4762831221973774,1,0,1,0.005,0.0,0.005,168,0.9161704182624817,-0.46900466084480286,0.1353280395269394,0.456652969121933,0.021739613264799118,-0.10000000149011612,0.6394096934625828,0.0002929682004862161,0.0007373748549845172,0.0010303430554707332,0.5217527834369877,-2.400000035762787,0.0019225566523956297,0.44042715883406436,0.7560846209526062,0.6099697351455688,False,False,False,-0.6395120292434417,False
pure,4,8,0,0.6334136728743482,200,-130.58380445716853,0.30494837395322166,60.98967479064433,0.4406677668030677,0.4762831221973774,1,0,1,0.005,0.0,0.005,169,0.9183443784713745,-0.4790046513080597,0.1353280395269394,0.456652969121933,0.021736785769462585,-0.10000000149011612,0.6394872778139524,0.00029565658819800125,0.0007375900783842007,0.001033246666582202,0.5216849424988874,-2.400000035762787,0.00192445580471385,0.44043517739991733,0.7568708658218384,0.6070806980133057,False,False,False,-0.6395896129913143,False
pure,4,8,0,0.6334136728743482,200,-130.58380445716853,0.30494837395322166,60.98967479064433,0.4406677668030677,0.4762831221973774,1,0,1,0.005,0.0,0.005,170,0.9205181002616882,-0.48900464177131653,0.1353280395269394,0.456652969121933,0.021733872592449188,-0.10000000149011612,0.6395470578145881,0.00031665261920203096,0.0007390982935237739,0.001055750912725805,0.5216151742479309,-2.4000000357627873,0.0019390067420304033,0.4404432565946758,0.7576279640197754,0.6041767001152039,False,False,False,-0.6396493923735519,False
pure,4,8,0,0.6334136728743482,200,-130.58380445716853,0.30494837395322166,60.98967479064433,0.4406677668030677,0.4762831221973774,1,0,1,0.005,0.0,0.005,171,0.9226914644241333,-0.49900466203689575,0.1353280395269394,0.456652969121933,0.02173132821917534,-0.10000000149011612,0.6395892641773392,0.00022966542557113784,0.0007329813500977172,0.000962646775668855,0.5215534961317841,-2.4000000357627873,0.0018789380720951982,0.4404510855033095,0.758355975151062,0.6012580394744873,False,False,False,-0.6396915981924106,False
pure,4,8,0,0.6334136728743482,200,-130.58380445716853,0.30494837395322166,60.98967479064433,0.4406677668030677,0.4762831221973774,1,0,1,0.005,0.0,0.005,172,0.9248645901679993,-0.5090046525001526,0.1353280395269394,0.456652969121933,0.02172860875725746,-0.10000000149011612,0.6396138088953554,0.0002658080283199907,0.0007355569220020873,0.001001364950322078,0.5214884838086657,-2.400000035762787,0.0019039524647833377,0.44045901863857945,0.7590546607971191,0.5983248949050903,False,False,False,-0.639716142336732,False
pure,4,8,0,0.6334136728743482,200,-130.58380445716853,0.30494837395322166,60.98967479064433,0.4406677668030677,0.4762831221973774,1,0,1,0.005,0.0,0.005,173,0.9270374774932861,-0.5190046429634094,0.1353280395269394,0.456652969121933,0.021725933998823166,-0.10000000149011612,0.639620848870143,0.0002578067427657797,0.0007350162609965153,0.000992823003762295,0.5214242332065746,-2.4000000357627873,0.0018984657358399983,0.4404669289124788,0.7597240209579468,0.595377504825592,False,False,False,-0.6397231817452756,False
pure,4,8,0,0.6334136728743482,200,-130.58380445716853,0.30494837395322166,60.98967479064433,0.4406677668030677,0.4762831221973774,1,0,1,0.005,0.0,0.005,174,0.9292100667953491,-0.5290046334266663,0.1353280395269394,0.456652969121933,0.021723363548517227,-0.10000000149011612,0.6396102945145568,0.0002323536227749288,0.0007332428496253135,0.0009655964724002423,0.5213623629846235,-2.400000035762787,0.0018809232991415347,0.4404747660928919,0.7603638172149658,0.5924160480499268,False,False,False,-0.6397126268457969,False
pure,4,8,0,0.6334136728743482,200,-130.58380445716853,0.30494837395322166,60.98967479064433,0.4406677668030677,0.4762831221973774,1,0,1,0.005,0.0,0.005,175,0.931382417678833,-0.5390046834945679,0.1353280395269394,0.456652969121933,0.021720875054597855,-0.10000000149011612,0.6395823965653861,0.0002110353997352287,0.0007317605568811267,0.0009427959566163554,0.521302488862118,-2.4000000357627864,0.0018662386418044873,0.44048254208723275,0.760974109172821,0.5894409418106079,False,False,False,-0.639684728367635,False
pure,4,8,0,0.6334136728743482,200,-130.58380445716853,0.30494837395322166,60.98967479064433,0.4406677668030677,0.4762831221973774,1,0,1,0.005,0.0,0.005,176,0.9335545301437378,-0.5490046739578247,0.1353280395269394,0.456652969121933,0.021718241274356842,-0.10000000149011612,0.6395370715886087,0.00024464414142587364,0.0007341565135378438,0.0009788006549637175,0.5212395150384989,-2.400000035762787,0.0018894938523801403,0.44049041497828434,0.7615547180175781,0.5864521265029907,False,False,False,-0.6396394028320641,False
pure,4,8,0,0.6334136728743482,200,-130.58380445716853,0.30494837395322166,60.98967479064433,0.4406677668030677,0.4762831221973774,1,0,1,0.005,0.0,0.005,177,0.9357263445854187,-0.5590046644210815,0.1353280395269394,0.456652969121933,0.021715879440307617,-0.10000000149011612,0.6394744397397291,0.00018181680782407804,0.0007297432228637324,0.0009115600306878104,0.5211823881623878,-2.4000000357627864,0.0018461434790804237,0.4404981072427805,0.7621055841445923,0.5834499597549438,False,False,False,-0.6395767704839955,False
pure,4,8,0,0.6334136728743482,200,-130.58380445716853,0.30494837395322166,60.98967479064433,0.4406677668030677,0.4762831221973774,1,0,1,0.005,0.0,0.005,178,0.9378979206085205,-0.5690046548843384,0.1353280395269394,0.456652969121933,0.021713655441999435,-0.10000000149011612,0.6393945948059395,0.00014440861388720212,0.0007271228637699887,0.0008715314776571908,0.5211287485191491,-2.4000000357627864,0.0018203503792823352,0.4405056920360275,0.7626266479492188,0.5804346799850464,False,False,False,-0.6394969250733689,False
pure,4,8,0,0.6334136728743482,200,-130.58380445716853,0.30494837395322166,60.98967479064433,0.4406677668030677,0.4762831221973774,1,0,1,0.005,0.0,0.005,179,0.940069317817688,-0.5790046453475952,0.1353280395269394,0.456652969121933,0.021711133420467377,-0.10000000149011612,0.6392975709808763,0.00021358821082680612,0.0007320285332137244,0.0009456167440405305,0.5210687076373072,-2.400000035762787,0.0018681626388744074,0.44051347604702284,0.763117790222168,0.5774065256118774,False,False,False,-0.6393999007118638,False
pure,4,8,0,0.6334136728743482,200,-130.58380445716853,0.30494837395322166,60.98967479064433,0.4406677668030677,0.4762831221973774,1,0,1,0.005,0.0,0.005,180,0.9422404170036316,-0.589004635810852,0.1353280395269394,0.456652969121933,0.021708913147449493,-0.10000000149011612,0.6391833902092565,0.00014609807345064536,0.0007272848535098404,0.0008733829269604858,0.5210149453586567,-2.400000035762787,0.0018216029541892433,0.44052106605933194,0.7635788917541504,0.5743656754493713,False,False,False,-0.6392857194708574,False
pure,4,8,0,0.6334136728743482,200,-130.58380445716853,0.30494837395322166,60.98967479064433,0.4406677668030677,0.4762831221973774,1,0,1,0.005,0.0,0.005,181,0.9444113373756409,-0.5990046858787537,0.1353280395269394,0.456652969121933,0.021706629544496536,-0.10000000149011612,0.6390521436417816,0.00015672114962536144,0.0007280552510915618,0.0008847764007169233,0.5209602137679991,-2.4000000357627873,0.0018289781122678283,0.4405286868014664,0.7640098929405212,0.5713123679161072,False,False,False,-0.6391544724190948,False
pure,4,8,0,0.6334136728743482,200,-130.58380445716853,0.30494837395322166,60.98967479064433,0.4406677668030677,0.4762831221973774,1,0,1,0.005,0.0,0.005,182,0.946582019329071,-0.6090046763420105,0.1353280395269394,0.456652969121933,0.02170446887612343,-0.10000000149011612,0.6389039213999724,0.0001280758972055193,0.0007260528450011096,0.0008541287422066288,0.5209081558116502,-2.400000035762787,0.0018092426333855857,0.44053622531243886,0.7644107341766357,0.5682468414306641,False,False,False,-0.6390062497228003,False
pure,4,8,0,0.6334136728743482,200,-130.58380445716853,0.30494837395322166,60.98967479064433,0.4406677668030677,0.4762831221973774,1,0,1,0.005,0.0,0.005,183,0.9487524628639221,-0.6190046668052673,0.1353280395269394,0.456652969121933,0.021702315658330917,-0.10000000149011612,0.6387388024548636,0.00012441779610711498,0.0007258140536958796,0.0008502318498029946,0.5208564527993127,-2.400000035762787,0.0018067575667727045,0.44054375346896707,0.7647813558578491,0.5651692748069763,False,False,False,-0.6388411303157554,False
pure,4,8,0,0.6334136728743482,200,-130.58380445716853,0.30494837395322166,60.98967479064433,0.4406677668030677,0.4762831221973774,1,0,1,0.005,0.0,0.005,184,0.9509226679801941,-0.6290046572685242,0.1353280395269394,0.456652969121933,0.021700207144021988,-0.10000000149011612,0.6385567581682117,0.00011356570875785881,0.0007250670835787736,0.0008386327923366325,0.5208057719614252,-2.4000000357627873,0.0017993067031374596,0.44055125058023015,0.765121579170227,0.562079906463623,False,False,False,-0.6386590855820686,False
pure,4,8,0,0.6334136728743482,200,-130.58380445716853,0.30494837395322166,60.98967479064433,0.4406677668030677,0.4762831221973774,1,0,1,0.005,0.0,0.005,185,0.9530926942825317,-0.639004647731781,0.1353280395269394,0.456652969121933,0.021698269993066788,-0.10000000149011612,0.6383579445730133,7.174688588442975e-05,0.0007221328286958693,0.0007938797145802991,0.520758985564903,-2.400000035762787,0.001770481650206185,0.440558627587106,0.7654314041137695,0.5589790344238281,False,False,False,-0.6384602715770884,False
pure,4,8,0,0.6334136728743482,200,-130.58380445716853,0.30494837395322166,60.98967479064433,0.4406677668030677,0.4762831221973774,1,0,1,0.005,0.0,0.005,186,0.9552625417709351,-0.6490046381950378,0.1353280395269394,0.456652969121933,0.021696172654628754,-0.10000000149011612,0.6381425064840691,0.00010745151210949026,0.0007246718957711829,0.0008321234078806732,0.5207089011180803,-2.4000000357627864,0.0017951635345611339,0.44056610743516667,0.7657108306884766,0.5558668971061707,False,False,False,-0.6382448330411093,False
pure,4,8,0,0.6334136728743482,200,-130.58380445716853,0.30494837395322166,60.98967479064433,0.4406677668030677,0.4762831221973774,1,0,1,0.005,0.0,0.005,187,0.9574321508407593,-0.6590046286582947,0.1353280395269394,0.456652969121933,0.02169422060251236,-0.10000000149011612,0.637910384193928,7.518904624528595e-05,0.0007224122982075104,0.0007976013444527964,0.5206618244547854,-2.4000000357627864,0.0017729376075305875,0.440573494675198,0.7659596800804138,0.5527435541152954,False,False,False,-0.6380127103411862,False
pure,4,8,0,0.6334136728743482,200,-130.58380445716853,0.30494837395322166,60.98967479064433,0.4406677668030677,0.4762831221973774,1,0,1,0.005,0.0,0.005,188,0.9596015810966492,-0.6690046787261963,0.1353280395269394,0.456652969121933,0.021692339330911636,-0.10000000149011612,0.6376616988879283,5.6032707239156536e-05,0.0007210771396589019,0.0007771098468980585,0.5206165389066716,-2.4000000357627873,0.0017597567150775136,0.4405808269948442,0.7661778926849365,0.5496094822883606,False,False,False,-0.6377640246328553,False
pure,4,8,0,0.6334136728743482,200,-130.58380445716853,0.30494837395322166,60.98967479064433,0.4406677668030677,0.4762831221973774,1,0,1,0.005,0.0,0.005,189,0.9617708325386047,-0.6790046691894531,0.1353280395269394,0.456652969121933,0.02169043943285942,-0.10000000149011612,0.6373964989647274,5.929463499742605e-05,0.0007213245096073011,0.0007806191446047271,0.5205709643461789,-2.4000000357627873,0.0017620459141752622,0.44058816885281993,0.7663654088973999,0.5464646816253662,False,False,False,-0.637498824307323,False
pure,4,8,0,0.6334136728743482,200,-130.58380445716853,0.30494837395322166,60.98967479064433,0.4406677668030677,0.4762831221973774,1,0,1,0.005,0.0,0.005,190,0.9639398455619812,-0.68900465965271,0.1353280395269394,0.456652969121933,0.02168869599699974,-0.10000000149011612,0.6371148851621148,2.204021907887059e-05,0.0007187106841019217,0.0007407509031807923,0.5205288592856585,-2.400000035762787,0.0017363782376432395,0.44059540376214346,0.7665221691131592,0.5433095097541809,False,False,False,-0.637217210139632,False
pure,4,8,0,0.6334136728743482,200,-130.58380445716853,0.30494837395322166,60.98967479064433,0.4406677668030677,0.4762831221973774,1,0,1,0.005,0.0,0.005,191,0.9661087393760681,-0.6990046501159668,0.1353280395269394,0.456652969121933,0.021686825901269913,-0.10000000149011612,0.6368169984053516,4.999133352675423e-05,0.0007207004359171142,0.0007706917694438684,0.5204841740106793,-2.400000035762787,0.001755700769913695,0.4406027191820181,0.7666481733322144,0.5401442050933838,False,False,False,-0.6369193229879879,False
pure,4,8,0,0.6334136728743482,200,-130.58380445716853,0.30494837395322166,60.98967479064433,0.4406677668030677,0.4762831221973774,1,0,1,0.005,0.0,0.005,192,0.9682773947715759,-0.7090046405792236,0.1353280395269394,0.456652969121933,0.02168506383895874,-0.10000000149011612,0.6365027939298262,2.612261031435526e-05,0.0007190315888296198,0.000745154199143975,0.5204417162687391,-2.4000000357627873,0.001739271135051084,0.4406099661450808,0.7667432427406311,0.5369689464569092,False,False,False,-0.636605118132483,False
pure,4,8,0,0.6334136728743482,200,-130.58380445716853,0.30494837395322166,60.98967479064433,0.4406677668030677,0.4762831221973774,1,0,1,0.005,0.0,0.005,193,0.9704459309577942,-0.7190046310424805,0.1353280395269394,0.456652969121933,0.021683376282453537,-0.10000000149011612,0.6361724708069275,6.649406745694299e-06,0.0007176723216424726,0.0007243217283881668,0.5204010776493948,-2.4000000357627864,0.0017258739560440848,0.4406171572865643,0.7668074369430542,0.5337839722633362,False,False,False,-0.6362747946519564,False
pure,4,8,0,0.6334136728743482,200,-130.58380445716853,0.30494837395322166,60.98967479064433,0.4406677668030677,0.4762831221973774,1,0,1,0.005,0.0,0.005,194,0.9726142287254333,-0.7290046811103821,0.1353280395269394,0.456652969121933,0.02168186381459236,-0.10000000149011612,0.6358259976189563,3.670418734638086e-05,0.0007146259145978846,0.0007513301019442655,0.5203644728287941,-2.400000035762787,0.001734201775691046,0.44062438312729635,0.7668405771255493,0.5305895805358887,False,False,False,-0.6359283211436102,False
pure,4,8,0,0.6334136728743482,200,-130.58380445716853,0.30494837395322166,60.98967479064433,0.4406677668030677,0.4762831221973774,1,0,1,0.005,0.0,0.005,195,0.9747824668884277,-0.7390046715736389,0.1353280395269394,0.456652969121933,0.021680187433958054,-0.10000000149011612,0.6354634391479077,2.427956401150939e-07,0.0007172146068718724,0.0007174574025119875,0.520324496703569,-2.400000035762787,0.0017214414146613317,0.4406315557998574,0.7668426036834717,0.5273858904838562,False,False,False,-0.6355657623149338,False
pure,4,8,0,0.6334136728743482,200,-130.58380445716853,0.30494837395322166,60.98967479064433,0.4406677668030677,0.4762831221973774,1,0,1,0.005,0.0,0.005,196,0.976950466632843,-0.7490046620368958,0.1353280395269394,0.456652969121933,0.02167866751551628,-0.10000000149011612,0.6350850648193812,3.516945959306893e-05,0.0007147630703099885,0.0007499325299030574,0.5202877724689967,-2.4000000357627873,0.0017337296340965084,0.4406387796733328,0.7668136358261108,0.5241732597351074,False,False,False,-0.6351873876660323,False
pure,4,8,0,0.6334136728743482,200,-130.58380445716853,0.30494837395322166,60.98967479064433,0.4406677668030677,0.4762831221973774,1,0,1,0.005,0.0,0.005,197,0.9791183471679688,-0.7590046525001526,0.1353280395269394,0.456652969121933,0.021677106618881226,-0.10000000149011612,0.6346907612419348,2.7672456873463922e-05,0.000715306314319966,0.0007429787711934299,0.5202503637948217,-2.400000035762787,0.0017311317857047817,0.4406459927224399,0.7667534351348877,0.5209518074989319,False,False,False,-0.6347930837607604,False
pure,4,8,0,0.6334136728743482,200,-130.58380445716853,0.30494837395322166,60.98967479064433,0.4406677668030677,0.4762831221973774,1,0,1,0.005,0.0,0.005,198,0.9812860488891602,-0.7690046429634094,0.1353280395269394,0.456652969121933,0.021675508469343185,-0.10000000149011612,0.6342806764442501,1.807315259075923e-05,0.0007159982826402757,0.0007340714352310349,0.5202120758697322,-2.400000035762787,0.0017277977761695049,0.44065319187984064,0.7666620016098022,0.5177218914031982,False,False,False,-0.6343829986277996,False
pure,4,8,0,0.6334136728743482,200,-130.58380445716853,0.30494837395322166,60.98967479064433,0.4406677668030677,0.4762831221973774,1,0,1,0.005,0.0,0.005,199,0.9834535717964172,-0.7790046334266663,0.1353280395269394,0.456652969121933,0.021674256771802902,-0.10000000149011612,0.6338549335757829,0.00010058534222616693,0.0007101855759131168,0.0008107709181392837,0.5201814535147119,-2.400000035762787,0.001756768037111178,0.44066051174666193,0.7665393352508545,0.514483630657196,False,False,False,-0.6339572554911115,False
pure,4,8,0,0.6334136728743482,200,-130.58380445716853,0.30494837395322166,60.98967479064433,0.4406677668030677,0.4762831221973774,1,0,1,0.005,0.0,0.005,200,0.9856210350990295,-0.7890046834945679,0.1353280395269394,0.456652969121933,0.021672796458005905,-0.10000000149011612,0.6334136728743482,5.615830173587195e-05,0.000713334564777877,0.0007694928665137489,0.5201467191420531,-2.4000000357627873,0.0017412135373782403,0.4406677668030677,0.7663854360580444,0.5112373232841492,False,False,False,-0.6335159944767523,True
