mode,seed,episode_idx,success,final_distance,length,return,tau_effort,tau_sum_total,energy,target_radius,torque_sat1_count,torque_sat2_count,torque_sat_any_count,torque_sat1_rate,torque_sat2_rate,torque_sat_any_rate,step,theta1,theta2,target_x,target_y,action0,action1,distance,tau1,tau2,tau_sum,omega1,omega2,power,cumulative_energy,tip_x,tip_y,sat1,sat2,sat_any,reward,done
pirl,0,17,0,0.517370508115838,200,-151.6273658982479,0.4337143142624154,86.74286285248309,0.5349253337050045,0.16453095076468086,1,0,1,0.005,0.0,0.005,0,0.0,0.0,0.11503183841705322,0.11763549596071243,0.0,0.0,0.8927523491570455,0.0,0.0,0.0,0.0,0.0,0.0,0.0,1.0,0.0,False,False,False,0.0,False
pirl,0,17,0,0.517370508115838,200,-151.6273658982479,0.4337143142624154,86.74286285248309,0.5349253337050045,0.16453095076468086,1,0,1,0.005,0.0,0.005,1,0.0,0.0,0.11503183841705322,0.11763549596071243,0.10000000149011612,0.10000000149011612,0.8911635674596063,20.0,3.1105159320256677,23.110515932025667,1.6857737576570138,2.400000035762787,41.18071350124259,0.17158630625517746,0.9999152421951294,0.012023617513477802,True,False,True,-0.9028602467883768,False
pirl,0,17,0,0.517370508115838,200,-151.6273658982479,0.4337143142624154,86.74286285248309,0.5349253337050045,0.16453095076468086,1,0,1,0.005,0.0,0.005,2,0.00702405720949173,0.009999999776482582,0.11503183841705322,0.11763549596071243,0.10000000149011612,0.10000000149011612,0.8891824938050519,7.70733011086543,0.5461881733495724,8.253518284215003,2.400000035762787,2.399748214650084,19.808306635571267,0.2541209172367244,0.9995849132537842,0.027018895372748375,False,False,False,-0.893450674309917,False
pirl,0,17,0,0.517370508115838,200,-151.6273658982479,0.4337143142624154,86.74286285248309,0.5349253337050045,0.16453095076468086,1,0,1,0.005,0.0,0.005,3,0.017024056985974312,0.019998950883746147,0.11503183841705322,0.11763549596071243,0.10000000149011612,0.10000000149011612,0.8872022524067236,0.012964453801222048,0.003658842271611695,0.01662329607283374,2.4000000357627864,2.39991467952911,0.039895598864300455,0.254287148898659,0.9990047216415405,0.04200625792145729,False,False,False,-0.8873519854175176,False
pirl,0,17,0,0.517370508115838,200,-151.6273658982479,0.4337143142624154,86.74286285248309,0.5349253337050045,0.16453095076468086,1,0,1,0.005,0.0,0.005,4,0.027024056762456894,0.029998594895005226,0.11503183841705322,0.11763549596071243,0.10000000149011612,0.10000000149011612,0.8852235651438085,0.012838578235293366,0.003532966705674115,0.01637154494096748,2.400000035762787,2.3999155082770383,0.03929140981102116,0.2544508631062049,0.9981749653816223,0.05698089301586151,False,False,False,-0.8853731722790367,False
pirl,0,17,0,0.517370508115838,200,-151.6273658982479,0.4337143142624154,86.74286285248309,0.5349253337050045,0.16453095076468086,1,0,1,0.005,0.0,0.005,5,0.037024058401584625,0.03999824449419975,0.11503183841705322,0.11763549596071243,0.10000000149011612,0.10000000149011612,0.8832469114955419,0.012837951561884416,0.0035323400322740633,0.016370291594158478,2.4000000357627864,2.399915512402972,0.03928840184618006,0.254614564780564,0.9970958232879639,0.07193826884031296,False,False,False,-0.8833965180040966,False
pirl,0,17,0,0.517370508115838,200,-151.6273658982479,0.4337143142624154,86.74286285248309,0.5349253337050045,0.16453095076468086,1,0,1,0.005,0.0,0.005,6,0.04702405631542206,0.04999789223074913,0.11503183841705322,0.11763549596071243,0.09168164432048798,0.10000000149011612,0.8813739838004567,2.1391970111784393,0.148337270744062,2.2875342819225013,2.2003594636917114,2.400069929612394,5.0630222112010985,0.2757104906605686,0.995839536190033,0.08604590594768524,False,False,False,-0.8826534179078562,False
pirl,0,17,0,0.517370508115838,200,-151.6273658982479,0.4337143142624154,86.74286285248309,0.5349253337050045,0.16453095076468086,1,0,1,0.005,0.0,0.005,7,0.056192222982645035,0.05999818444252014,0.11503183841705322,0.11763549596071243,0.07266463339328766,0.10000000149011612,0.8797295029109113,4.908677678404445,0.3441274600010013,5.252805138405446,1.7439512014389038,2.4001604166803157,9.386455442516903,0.3148207216710557,0.9945474863052368,0.09823893010616302,False,False,False,-0.8824795183831726,False
pirl,0,17,0,0.517370508115838,200,-151.6273658982479,0.4337143142624154,86.74286285248309,0.5349253337050045,0.16453095076468086,1,0,1,0.005,0.0,0.005,8,0.06345868855714798,0.0699988529086113,0.11503183841705322,0.11763549596071243,0.05558474734425545,0.10000000149011612,0.8782818426760299,4.410561849925436,0.3093791595865341,4.71994100951197,1.3340339362621307,2.4001441417731324,6.62639376325193,0.3424306956846054,0.9932683706283569,0.10871405899524689,False,False,False,-0.880756223253351,False
pirl,0,17,0,0.517370508115838,200,-151.6273658982479,0.4337143142624154,86.74286285248309,0.5349253337050045,0.16453095076468086,1,0,1,0.005,0.0,0.005,9,0.06901715695858002,0.07999945431947708,0.11503183841705322,0.11763549596071243,0.04024830833077431,0.10000000149011612,0.8770040255356547,3.961797128219599,0.27798469059310865,4.239781818812708,0.9659593999385834,2.4001294793115617,4.49413442734323,0.3611562557985355,0.9920358657836914,0.11764881014823914,False,False,False,-0.8792317122125471,False
pirl,0,17,0,0.517370508115838,200,-151.6273658982479,0.4337143142624154,86.74286285248309,0.5349253337050045,0.16453095076468086,1,0,1,0.005,0.0,0.005,10,0.07304199039936066,0.08999998867511749,0.11503183841705322,0.11763549596071243,0.02647949382662773,0.10000000149011612,0.875872339345378,3.557986691661658,0.2497193609334788,3.8077060525951367,0.6355078518390654,2.4001162856385267,2.8604839843055716,0.3730749390664754,0.9908714890480042,0.12520283460617065,False,False,False,-0.8778796388031336,False
pirl,0,17,0,0.517370508115838,200,-151.6273658982479,0.4337143142624154,86.74286285248309,0.5349253337050045,0.16453095076468086,1,0,1,0.005,0.0,0.005,11,0.07568994164466858,0.10000047832727432,0.11503183841705322,0.11763549596071243,0.014119591563940048,0.10000000149011612,0.8748665063932675,3.1948162233573245,0.2242860563660713,3.4191022797233956,0.33887019753456116,2.4001044197926222,1.6209379598777822,0.3798288472326328,0.9897881746292114,0.13151928782463074,False,False,False,-0.8766770494304141,False
pirl,0,17,0,0.517370508115838,200,-151.6273658982479,0.4337143142624154,86.74286285248309,0.5349253337050045,0.16453095076468086,1,0,1,0.005,0.0,0.005,12,0.07710190117359161,0.11000090837478638,0.11503183841705322,0.11763549596071243,0.003025524318218231,0.10000000149011612,0.8739688819726082,2.868330525097736,0.20141169400348383,3.0697422191012196,0.07261258363723755,2.400093752545906,0.6916838386203501,0.3827108632268843,0.9887921810150146,0.13672669231891632,False,False,False,-0.8756037988451151,False
pirl,0,17,0,0.517370508115838,200,-151.6273658982479,0.4337143142624154,86.74286285248309,0.5349253337050045,0.16453095076468086,1,0,1,0.005,0.0,0.005,13,0.0774044543504715,0.12000130116939545,0.11503183841705322,0.11763549596071243,-0.006931431591510773,0.10000000149011612,0.87316420931298,2.57488778222283,0.18084423706978747,2.7557320192926174,-0.16635435819625857,2.4000841649095963,0.8623851941454204,0.3863041348691569,0.9878849983215332,0.14094002544879913,False,False,False,-0.8746423152626139,False
pirl,0,17,0,0.517370508115838,200,-151.6273658982479,0.4337143142624154,86.74286285248309,0.5349253337050045,0.16453095076468086,1,0,1,0.005,0.0,0.005,14,0.07671131193637848,0.13000164926052094,0.11503183841705322,0.11763549596071243,-0.01586703211069107,0.10000000149011612,0.8724390067540507,2.3112410054850825,0.16235504151506644,2.473596047000149,-0.3808087706565857,2.4000755507950164,1.2698052116784861,0.3915949899178172,0.9870644211769104,0.14426252245903015,False,False,False,-0.8737770557687761,False
pirl,0,17,0,0.517370508115838,200,-151.6273658982479,0.4337143142624154,86.74286285248309,0.5349253337050045,0.16453095076468086,1,0,1,0.005,0.0,0.005,15,0.07512460649013519,0.14000196754932404,0.11503183841705322,0.11763549596071243,-0.023885300382971764,0.10000000149011612,0.8717817179010763,2.0745141154354885,0.14573646705003251,2.220250582485521,-0.5732472091913223,2.4000678162322036,1.5389868313195665,0.3980074350483154,0.9863260388374329,0.14678654074668884,False,False,False,-0.8729946561679641,False
pirl,0,17,0,0.517370508115838,200,-151.6273658982479,0.4337143142624154,86.74286285248309,0.5349253337050045,0.16453095076468086,1,0,1,0.005,0.0,0.005,16,0.07273607701063156,0.15000225603580475,0.11503183841705322,0.11763549596071243,-0.03107967972755432,0.10000000149011612,0.8711822102931899,1.861962823210595,0.13080068064414913,1.992763503854744,-0.7459123134613037,2.4000608715571814,1.7027905926270244,0.40510239585092805,0.9856637716293335,0.14859488606452942,False,False,False,-0.8722833104620465,False
pirl,0,17,0,0.517370508115838,200,-151.6273658982479,0.4337143142624154,86.74286285248309,0.5349253337050045,0.16453095076468086,1,0,1,0.005,0.0,0.005,17,0.06962810456752777,0.16000249981880188,0.11503183841705322,0.11763549596071243,-0.03753399848937988,0.10000000149011612,0.870631434585526,1.6710873932543535,0.11737645049875994,1.7884638437531135,-0.9008159637451172,2.400054635096245,1.7870520947274298,0.4125484462456257,0.9850703477859497,0.14976166188716888,False,False,False,-0.8716324785002266,False
pirl,0,17,0,0.517370508115838,200,-151.6273658982479,0.4337143142624154,86.74286285248309,0.5349253337050045,0.16453095076468086,1,0,1,0.005,0.0,0.005,18,0.06587471067905426,0.17000272870063782,0.11503183841705322,0.11763549596071243,-0.04332365095615387,0.10000000149011612,0.8701216969063656,1.4996971992671182,0.10531328846249798,1.605010487729616,-1.0397676229476929,2.4000490352751997,1.812093648399361,0.4200988364472897,0.984538197517395,0.15035341680049896,False,False,False,-0.8710331835211563,False
pirl,0,17,0,0.517370508115838,200,-151.6273658982479,0.4337143142624154,86.74286285248309,0.5349253337050045,0.16453095076468086,1,0,1,0.005,0.0,0.005,19,0.061542343348264694,0.18000292778015137,0.11503183841705322,0.11763549596071243,-0.048516225069761276,0.10000000149011612,0.8696460490855391,1.3457667987654214,0.094471507785909,1.4402383065513304,-1.1643894016742706,2.400044005916891,1.7937323735990693,0.4275727213372858,0.9840593338012695,0.15042980015277863,False,False,False,-0.8704773160001597,False
pirl,0,17,0,0.517370508115838,200,-151.6273658982479,0.4337143142624154,86.74286285248309,0.5349253337050045,0.16453095076468086,1,0,1,0.005,0.0,0.005,20,0.05669071897864342,0.19000311195850372,0.11503183841705322,0.11763549596071243,-0.05317247658967972,0.10000000149011612,0.8691983340757442,1.207524891319704,0.08472867175582034,1.2922535630755245,-1.2761394381523132,2.40003948914773,1.744322294440665,0.43484073089745523,0.9836257696151733,0.1500442922115326,False,False,False,-0.869957718585799,False
pirl,0,17,0,0.517370508115838,200,-151.6273658982479,0.4337143142624154,86.74286285248309,0.5349253337050045,0.16453095076468086,1,0,1,0.005,0.0,0.005,21,0.051373474299907684,0.20000328123569489,0.11503183841705322,0.11763549596071243,-0.05734693631529808,0.10000000149011612,0.8687732611117575,1.0833588921925885,0.07597299917663056,1.159331891369219,-1.376326471567154,2.4000354322798385,1.6733934114528064,0.4418132034451753,0.9832298755645752,0.14924484491348267,False,False,False,-0.8694682035580248,False
pirl,0,17,0,0.517370508115838,200,-151.6273658982479,0.4337143142624154,86.74286285248309,0.5349253337050045,0.16453095076468086,1,0,1,0.005,0.0,0.005,22,0.04563877731561661,0.21000343561172485,0.11503183841705322,0.11763549596071243,-0.061088550835847855,0.10000000149011612,0.8683661414748988,0.9718231925808574,0.06810405658525572,1.0399272491661131,-1.4661252200603485,2.4000317880809283,1.588266392784236,0.44843098008177623,0.9828643202781677,0.1480746567249298,False,False,False,-0.8690032879130667,False
pirl,0,17,0,0.517370508115838,200,-151.6273658982479,0.4337143142624154,86.74286285248309,0.5349253337050045,0.16453095076468086,1,0,1,0.005,0.0,0.005,23,0.03952992334961891,0.22000356018543243,0.11503183841705322,0.11763549596071243,-0.06444128602743149,0.10000000149011612,0.8679725411987185,0.8716292071330756,0.06103214565353763,0.9326613527866132,-1.546590864658356,2.4000285144491347,1.4945326589879235,0.4546581994942259,0.9825218915939331,0.14657238125801086,False,False,False,-0.8685578369122788,False
pirl,0,17,0,0.517370508115838,200,-151.6273658982479,0.4337143142624154,86.74286285248309,0.5349253337050045,0.16453095076468086,1,0,1,0.005,0.0,0.005,24,0.03308579698204994,0.23000368475914001,0.11503183841705322,0.11763549596071243,-0.06744469702243805,0.10000000149011612,0.8675888875528807,0.7816364577404242,0.054677745504068925,0.8363142032444931,-1.618672728538513,2.400025574121685,1.396441605320953,0.46047670618306324,0.9821962118148804,0.1447727531194687,False,False,False,-0.8681276630127573,False
pirl,0,17,0,0.517370508115838,200,-151.6273658982479,0.4337143142624154,86.74286285248309,0.5349253337050045,0.16453095076468086,1,0,1,0.005,0.0,0.005,25,0.026341326534748077,0.2400037944316864,0.11503183841705322,0.11763549596071243,-0.07013420760631561,0.10000000149011612,0.8672116738565618,0.7007772141942331,0.048966249859749636,0.7497434640539827,-1.6832209825515747,2.4000229322126985,1.2970830335936283,0.4658812188230367,0.9818810224533081,0.14270704984664917,False,False,False,-0.86770868816427,False
pirl,0,17,0,0.517370508115838,200,-151.6273658982479,0.4337143142624154,86.74286285248309,0.5349253337050045,0.16453095076468086,1,0,1,0.005,0.0,0.005,26,0.019327905029058456,0.2500038743019104,0.11503183841705322,0.11763549596071243,-0.07254169881343842,0.10000000149011612,0.8668379497506318,0.627930702584599,0.04362802992643744,0.6715587325110365,-1.7410007715225222,2.400290644195224,1.1979477897195634,0.4708726679468682,0.9815707206726074,0.1404038965702057,False,False,False,-0.8672972697940176,False
pirl,0,17,0,0.517370508115838,200,-151.6273658982479,0.4337143142624154,86.74286285248309,0.5349253337050045,0.16453095076468086,1,0,1,0.005,0.0,0.005,27,0.012073734775185585,0.26000508666038513,0.11503183841705322,0.11763549596071243,-0.07469687610864639,0.10000000149011612,0.8664650591172915,0.5631736544837772,0.03926189327520301,0.6024355477589802,-1.7927250266075136,2.4002606744164563,1.103854283150686,0.47547206079332943,0.9812601804733276,0.13788793981075287,False,False,False,-0.8668910952534666,False
pirl,0,17,0,0.517370508115838,200,-151.6273658982479,0.4337143142624154,86.74286285248309,0.5349253337050045,0.16453095076468086,1,0,1,0.005,0.0,0.005,28,0.004604047629982233,0.2700061798095703,0.11503183841705322,0.11763549596071243,-0.07662418484687805,0.10000000149011612,0.8660906675943769,0.5044859957965889,0.03511118672020776,0.5395971825167967,-1.838980436325073,2.400233513571439,1.0120149237370073,0.4796887896422336,0.9809447526931763,0.13518179953098297,False,False,False,-0.8664864473972976,False
pirl,0,17,0,0.517370508115838,200,-151.6273658982479,0.4337143142624154,86.74286285248309,0.5349253337050045,0.16453095076468086,1,0,1,0.005,0.0,0.005,29,-0.0030583711341023445,0.28000715374946594,0.11503183841705322,0.11763549596071243,-0.07834675908088684,0.10000000149011612,0.8657126198768382,0.4517588047504464,0.0313810581663418,0.4831398629167882,-1.8803222179412842,2.4002091112508115,0.9247732194544082,0.4835420113899603,0.9806201457977295,0.1323060691356659,False,False,False,-0.8660812260817761,False
pirl,0,17,0,0.517370508115838,200,-151.6273658982479,0.4337143142624154,86.74286285248309,0.5349253337050045,0.16453095076468086,1,0,1,0.005,0.0,0.005,30,-0.010893046855926514,0.2900080382823944,0.11503183841705322,0.11763549596071243,-0.07988539338111877,0.10000000149011612,0.8653290459616592,0.40438876487100134,0.028029272976807913,0.43241803784780924,-1.9172494411468506,2.4001871882376866,0.8425896353495436,0.48705280153725006,0.9802825450897217,0.12927919626235962,False,False,False,-0.8656732459118556,False
pirl,0,17,0,0.517370508115838,200,-151.6273658982479,0.4337143142624154,86.74286285248309,0.5349253337050045,0.16453095076468086,1,0,1,0.005,0.0,0.005,31,-0.01888158544898033,0.3000088036060333,0.11503183841705322,0.11763549596071243,-0.08125874400138855,0.10000000149011612,0.8649381259902585,0.36182437730906586,0.025017022494711823,0.3868413998037777,-1.9502098560333254,2.4001674892965514,0.7656785108520687,0.49024312866580033,0.9799283742904663,0.12611767649650574,False,False,False,-0.8652603992512766,False
pirl,0,17,0,0.517370508115838,200,-151.6273658982479,0.4337143142624154,86.74286285248309,0.5349253337050045,0.16453095076468086,1,0,1,0.005,0.0,0.005,32,-0.027007460594177246,0.31000950932502747,0.11503183841705322,0.11763549596071243,-0.08248363435268402,0.10000000149011612,0.8645384579355142,0.3235931016068908,0.02231102276131045,0.3459041243682013,-1.9796072244644165,2.4001497957341,0.6941370384510271,0.49313536632601296,0.9795546531677246,0.12283658981323242,False,False,False,-0.8648410385069815,False
pirl,0,17,0,0.517370508115838,200,-151.6273658982479,0.4337143142624154,86.74286285248309,0.5349253337050045,0.16453095076468086,1,0,1,0.005,0.0,0.005,33,-0.03525582328438759,0.32001012563705444,0.11503183841705322,0.11763549596071243,-0.08357511460781097,0.10000000149011612,0.8641285243667335,0.28923777128537603,0.019879063046443435,0.30911683433181947,-2.0058027505874634,2.4001338959721523,0.6278663302559312,0.4957514760354127,0.9791584610939026,0.11944931745529175,False,False,False,-0.8644134085334159,False
pirl,0,17,0,0.517370508115838,200,-151.6273658982479,0.4337143142624154,86.74286285248309,0.5349253337050045,0.16453095076468086,1,0,1,0.005,0.0,0.005,34,-0.043613336980342865,0.33001068234443665,0.11503183841705322,0.11763549596071243,-0.0845467671751976,0.10000000149011612,0.8637071234090984,0.25838013338670696,0.017694459464679117,0.2760745928513861,-2.0291224122047424,2.4001196149539736,0.5667537387606023,0.4981129499469152,0.9787373542785645,0.11596809327602386,False,False,False,-0.863976111677962,False
pirl,0,17,0,0.517370508115838,200,-151.6273658982479,0.4337143142624154,86.74286285248309,0.5349253337050045,0.16453095076468086,1,0,1,0.005,0.0,0.005,35,-0.052068013697862625,0.3400111794471741,0.11503183841705322,0.11763549596071243,-0.0854107141494751,0.10000000149011612,0.8632731993892502,0.2306438042757042,0.015730665563332427,0.2463744698390366,-2.049857139587403,2.400106778487957,0.510542125944833,0.5002402088050186,0.9782891869544983,0.11240383237600327,False,False,False,-0.8635278970458035,False
pirl,0,17,0,0.517370508115838,200,-151.6273658982479,0.4337143142624154,86.74286285248309,0.5349253337050045,0.16453095076468086,1,0,1,0.005,0.0,0.005,36,-0.060609083622694016,0.3500116169452667,0.11503183841705322,0.11763549596071243,-0.08617791533470154,0.10000000149011612,0.8628256761128869,0.20572937184275236,0.013966531605110483,0.21969590344786286,-2.0682699680328374,2.4000952480051754,0.4590248874611649,0.5021528125027734,0.9778119325637817,0.10876645892858505,False,False,False,-0.8630675340476736,False
pirl,0,17,0,0.517370508115838,200,-151.6273658982479,0.4337143142624154,86.74286285248309,0.5349253337050045,0.16453095076468086,1,0,1,0.005,0.0,0.005,37,-0.06922687590122223,0.360012024641037,0.11503183841705322,0.11763549596071243,-0.08685822784900665,0.10000000149011612,0.8623636479899874,0.18335278074525657,0.012382001093015479,0.19573478183827206,-2.0845974683761597,2.400084892043864,0.41193459631790796,0.5038692066540981,0.9773038625717163,0.10506485402584076,False,False,False,-0.8625939704765553,False
pirl,0,17,0,0.517370508115838,200,-151.6273658982479,0.4337143142624154,86.74286285248309,0.5349253337050045,0.16453095076468086,1,0,1,0.005,0.0,0.005,38,-0.07791269570589066,0.3700123727321625,0.11503183841705322,0.11763549596071243,-0.08746042847633362,0.10000000149011612,0.8618863308731679,0.16323566921187718,0.01095741449320111,0.1741930837050783,-2.0990502834320064,2.400075581777263,0.3689385006899483,0.5054064504069729,0.9767634868621826,0.10130709409713745,False,False,False,-0.8621062781812024,False
pirl,0,17,0,0.517370508115838,200,-151.6273658982479,0.4337143142624154,86.74286285248309,0.5349253337050045,0.16453095076468086,1,0,1,0.005,0.0,0.005,39,-0.08665873855352402,0.3800126910209656,0.11503183841705322,0.11763549596071243,-0.08799245953559875,0.10000000149011612,0.8613928933642663,0.14516316532876017,0.009677571480751752,0.1548407368095119,-2.1118190288543697,2.4000672177619315,0.3297851568885087,0.5067805552273417,0.976189374923706,0.0975005179643631,False,False,False,-0.8616035153615944,False
pirl,0,17,0,0.517370508115838,200,-151.6273658982479,0.4337143142624154,86.74286285248309,0.5349253337050045,0.16453095076468086,1,0,1,0.005,0.0,0.005,40,-0.09545798599720001,0.3900129795074463,0.11503183841705322,0.11763549596071243,-0.08846145868301392,0.10000000149011612,0.8608827697138617,0.12892804949930295,0.00852782593474779,0.13745587543405074,-2.1230750083923335,2.4000597040959457,0.2941912111622723,0.5080063519405178,0.9755804538726807,0.09365160763263702,False,False,False,-0.8610850095673817,False
pirl,0,17,0,0.517370508115838,200,-151.6273658982479,0.4337143142624154,86.74286285248309,0.5349253337050045,0.16453095076468086,1,0,1,0.005,0.0,0.005,41,-0.10430413484573364,0.4000132083892822,0.11503183841705322,0.11763549596071243,-0.08887377381324768,0.10000000149011612,0.8603554260426436,0.11432687729122831,0.007493796747994559,0.12182067403922286,-2.1329705715179434,2.40005294662454,0.26184137376216277,0.5090973576645268,0.97493577003479,0.08976632356643677,False,False,False,-0.8605501218360821,False
pirl,0,17,0,0.517370508115838,200,-151.6273658982479,0.4337143142624154,86.74286285248309,0.5349253337050045,0.16453095076468086,1,0,1,0.005,0.0,0.005,42,-0.11319150775671005,0.41001343727111816,0.11503183841705322,0.11763549596071243,-0.08923526108264923,0.10000000149011612,0.8598101897084574,0.1012331982848989,0.006566514753433153,0.10779971303833207,-2.141646265983581,2.4000468868260394,0.2325656443917037,0.5100663811828255,0.974254310131073,0.08585012704133987,False,False,False,-0.8599981154367302,False
pirl,0,17,0,0.517370508115838,200,-151.6273658982479,0.4337143142624154,86.74286285248309,0.5349253337050045,0.16453095076468086,1,0,1,0.005,0.0,0.005,43,-0.12211503833532333,0.4200136363506317,0.11503183841705322,0.11763549596071243,-0.08955097198486328,0.10000000149011612,0.8592466208013169,0.08943960747033303,0.0057313435683943315,0.09517095103872736,-2.1492233276367183,2.400041428712706,0.20598115279624354,0.5109246359861432,0.9735353589057922,0.08190786093473434,False,False,False,-0.859428442552986,False
pirl,0,17,0,0.517370508115838,200,-151.6273658982479,0.4337143142624154,86.74286285248309,0.5349253337050045,0.16453095076468086,1,0,1,0.005,0.0,0.005,44,-0.13107013702392578,0.4300138056278229,0.11503183841705322,0.11763549596071243,-0.0898255705833435,0.10000000149011612,0.8586643354383526,0.07884648420888571,0.004981197552007309,0.08382768176089302,-2.1558136940002437,2.400036526179779,0.18193338645022464,0.5116826917630192,0.9727783203125,0.07794397324323654,False,False,False,-0.8588406688992702,False
pirl,0,17,0,0.517370508115838,200,-151.6273658982479,0.4337143142624154,86.74286285248309,0.5349253337050045,0.16453095076468086,1,0,1,0.005,0.0,0.005,45,-0.1400526911020279,0.44001397490501404,0.11503183841705322,0.11763549596071243,-0.09006330370903015,0.10000000149011612,0.8580628398001573,0.0693464958459192,0.004308483538982804,0.07365497938490201,-2.1615192890167236,2.4000321295533453,0.16023428731988287,0.512350334626852,0.9719825387001038,0.07396242022514343,False,False,False,-0.8582342458903757,False
pirl,0,17,0,0.517370508115838,200,-151.6273658982479,0.4337143142624154,86.74286285248309,0.5349253337050045,0.16453095076468086,1,0,1,0.005,0.0,0.005,46,-0.14905902743339539,0.4500140845775604,0.11503183841705322,0.11763549596071243,-0.09026777744293213,0.10000000149011612,0.8574418853022399,0.0607744495052159,0.003701538653071912,0.06447598815828781,-2.1664266586303706,2.400028162381583,0.14054718458320165,0.5129359478959487,0.9711476564407349,0.0699668899178505,False,False,False,-0.857608838823615,False
pirl,0,17,0,0.517370508115838,200,-151.6273658982479,0.4337143142624154,86.74286285248309,0.5349253337050045,0.16453095076468086,1,0,1,0.005,0.0,0.005,47,-0.15808579325675964,0.4600142240524292,0.11503183841705322,0.11763549596071243,-0.09044249355792999,0.10000000149011612,0.8568011243854186,0.05310379094227487,0.0031584281777769134,0.05626221912005178,-2.1706198453903194,2.4000246123751086,0.12284844784784417,0.513447816428648,0.9702732563018799,0.06596067547798157,False,False,False,-0.8569640881454016,False
pirl,0,17,0,0.517370508115838,200,-151.6273658982479,0.4337143142624154,86.74286285248309,0.5349253337050045,0.16453095076468086,1,0,1,0.005,0.0,0.005,48,-0.16713005304336548,0.4700143039226532,0.11503183841705322,0.11763549596071243,-0.09059035778045654,0.10000000149011612,0.8561400161966397,0.045966697813051786,0.0024541960106296886,0.04842089382368148,-2.174168586730957,2.4003026743667766,0.10583016366862649,0.513888775443934,0.9693588018417358,0.06194734573364258,False,False,False,-0.8562991585357081,False
pirl,0,17,0,0.517370508115838,200,-151.6273658982479,0.4337143142624154,86.74286285248309,0.5349253337050045,0.16453095076468086,1,0,1,0.005,0.0,0.005,49,-0.17618907988071442,0.4800155758857727,0.11503183841705322,0.11763549596071243,-0.09071524441242218,0.10000000149011612,0.8554585433301066,0.04028275186636991,0.002275149181026637,0.04255790104739655,-2.1771658658981328,2.4002652520252026,0.09316319387029671,0.5142769554183936,0.968404233455658,0.0579288974404335,False,False,False,-0.8556148380514234,False
pirl,0,17,0,0.517370508115838,200,-151.6273658982479,0.4337143142624154,86.74286285248309,0.5349253337050045,0.16453095076468086,1,0,1,0.005,0.0,0.005,50,-0.185260608792305,0.4900166988372803,0.11503183841705322,0.11763549596071243,-0.09081824123859406,0.10000000149011612,0.8547565525823728,0.03463671898961225,0.001875562062073295,0.036512281051685545,-2.1796377897262564,2.4002280792982242,0.0799972783477427,0.5146102774115092,0.9674094319343567,0.053907908499240875,False,False,False,-0.8549098937095854,False
pirl,0,17,0,0.517370508115838,200,-151.6273658982479,0.4337143142624154,86.74286285248309,0.5349253337050045,0.16453095076468086,1,0,1,0.005,0.0,0.005,51,-0.19434243440628052,0.5000176429748535,0.11503183841705322,0.11763549596071243,-0.09090155363082886,0.10000000149011612,0.8540337578108785,0.029555559926615012,0.0015135302315873408,0.031069090158202355,-2.181637287139892,2.400194625625053,0.06811227870577785,0.5148940785727832,0.9663741588592529,0.04988657683134079,False,False,False,-0.8541844333710104,False
pirl,0,17,0,0.517370508115838,200,-151.6273658982479,0.4337143142624154,86.74286285248309,0.5349253337050045,0.16453095076468086,1,0,1,0.005,0.0,0.005,52,-0.2034325897693634,0.5100184679031372,0.11503183841705322,0.11763549596071243,-0.09096722304821014,0.10000000149011612,0.853290074690957,0.02500000840045115,0.0011889069271149584,0.026188915327566106,-2.183213353157044,2.4001646324817587,0.05743392452667711,0.5151333865916444,0.9652984142303467,0.045867085456848145,False,False,False,-0.8534383543456164,False
pirl,0,17,0,0.517370508115838,200,-151.6273658982479,0.4337143142624154,86.74286285248309,0.5349253337050045,0.16453095076468086,1,0,1,0.005,0.0,0.005,53,-0.21252931654453278,0.5200191140174866,0.11503183841705322,0.11763549596071243,-0.09101694822311401,0.10000000149011612,0.8525252260867731,0.020881921098232264,0.0008956847734602743,0.02177760587169254,-2.184406757354736,2.4001375195445336,0.047764376183993734,0.5153324048257444,0.9641820192337036,0.04185136407613754,False,False,False,-0.8526713335547127,False
pirl,0,17,0,0.517370508115838,200,-151.6273658982479,0.4337143142624154,86.74286285248309,0.5349253337050045,0.16453095076468086,1,0,1,0.005,0.0,0.005,54,-0.2216310054063797,0.5300197005271912,0.11503183841705322,0.11763549596071243,-0.09105253219604492,0.10000000149011612,0.8517391609988674,0.01722794584513961,0.0006352022774878468,0.017863148122627456,-2.185260772705078,2.4001134622591027,0.03917211178712724,0.5154956219581908,0.9630250334739685,0.03784111887216568,False,False,False,-0.8518833351840985,False
pirl,0,17,0,0.517370508115838,200,-151.6273658982479,0.4337143142624154,86.74286285248309,0.5349253337050045,0.16453095076468086,1,0,1,0.005,0.0,0.005,55,-0.23073625564575195,0.5400201678276062,0.11503183841705322,0.11763549596071243,-0.09107525646686554,0.10000000149011612,0.8509316807053725,0.01390420442320633,0.0003987430009399586,0.014302947424146287,-2.185806155204774,2.4000915791891457,0.03134891533028644,0.5156262424387337,0.9618273973464966,0.03383806347846985,False,False,False,-0.851074090093747,False
pirl,0,17,0,0.517370508115838,200,-151.6273658982479,0.4337143142624154,86.74286285248309,0.5349253337050045,0.16453095076468086,1,0,1,0.005,0.0,0.005,56,-0.23984378576278687,0.5500205755233765,0.11503183841705322,0.11763549596071243,-0.09108653664588928,0.10000000149011612,0.8501025935561694,0.010944732079929478,0.00018792164260772668,0.011132653722537205,-2.1860768795013423,2.4000720944181895,0.024377051242630506,0.515727813485578,0.9605890512466431,0.029843568801879883,False,False,False,-0.8502434253972851,False
pirl,0,17,0,0.517370508115838,200,-151.6273658982479,0.4337143142624154,86.74286285248309,0.5349253337050045,0.16453095076468086,1,0,1,0.005,0.0,0.005,57,-0.24895243346691132,0.5600208640098572,0.11503183841705322,0.11763549596071243,-0.0910874456167221,0.10000000149011612,0.8492519175367708,0.008261667110694544,2.9066220054624448e-06,0.008264573732700007,-2.186098694801331,2.400054429476496,0.01806779573859145,0.515803095967822,0.9593101739883423,0.025859057903289795,False,False,False,-0.8493913159488393,False
pirl,0,17,0,0.517370508115838,200,-151.6273658982479,0.4337143142624154,86.74286285248309,0.5349253337050045,0.16453095076468086,1,0,1,0.005,0.0,0.005,58,-0.25806117057800293,0.5700210928916931,0.11503183841705322,0.11763549596071243,-0.09107913076877594,0.10000000149011612,0.8483796041439186,0.0058739017839933684,0.00017291072944214685,0.006046812513435515,-2.185899138450623,2.400038708748241,0.013254749292793728,0.5158583240898753,0.9579908847808838,0.021885812282562256,False,False,False,-0.8485178880725408,False
pirl,0,17,0,0.517370508115838,200,-151.6273658982479,0.4337143142624154,86.74286285248309,0.5349253337050045,0.16453095076468086,1,0,1,0.005,0.0,0.005,59,-0.2671690881252289,0.5800212621688843,0.11503183841705322,0.11763549596071243,-0.09106245636940002,0.10000000149011612,0.8474854349340396,0.003708806234462494,0.0003267999725597072,0.004035606207022201,-2.185498952865601,2.400024454048082,0.008889920067524733,0.51589536542349,0.9566311240196228,0.017924875020980835,False,False,False,-0.8476227020240331,False
pirl,0,17,0,0.517370508115838,200,-151.6273658982479,0.4337143142624154,86.74286285248309,0.5349253337050045,0.16453095076468086,1,0,1,0.005,0.0,0.005,60,-0.2762753367424011,0.5900213718414307,0.11503183841705322,0.11763549596071243,-0.0910383015871048,0.10000000149011612,0.8465693871076436,0.0016532234670741932,0.0004646803364621843,0.0021179038035363776,-2.1849075848062953,2.400000035762787,0.004727373316717671,0.5159150628123097,0.9552310705184937,0.013977497816085815,False,False,False,-0.8467056790892685,False
pirl,0,17,0,0.517370508115838,200,-151.6273658982479,0.4337143142624154,86.74286285248309,0.5349253337050045,0.16453095076468086,1,0,1,0.005,0.0,0.005,61,-0.2853791117668152,0.6000213623046875,0.11503183841705322,0.11763549596071243,-0.09100744128227234,0.10000000149011612,0.8456314061815722,0.00013712007812465783,0.0005888839476559121,0.0007260040257805699,-2.184177624238992,2.400000035762787,0.0017128161019081003,0.5159221995460677,0.9537908434867859,0.010044559836387634,False,False,False,-0.8457669814410895,False
pirl,0,17,0,0.517370508115838,200,-151.6273658982479,0.4337143142624154,86.74286285248309,0.5349253337050045,0.16453095076468086,1,0,1,0.005,0.0,0.005,62,-0.2944798767566681,0.6100213527679443,0.11503183841705322,0.11763549596071243,-0.09097054600715637,0.10000000149011612,0.8446714801410717,0.0014250514595087486,0.0006990359923677992,0.0021240874518765477,-2.1833031491112407,2.4000000357627864,0.004789005745873214,0.5159421537366755,0.9523106217384338,0.006126970052719116,False,False,False,-0.8448077296169676,False
pirl,0,17,0,0.517370508115838,200,-151.6273658982479,0.4337143142624154,86.74286285248309,0.5349253337050045,0.16453095076468086,1,0,1,0.005,0.0,0.005,63,-0.3035769462585449,0.6200213432312012,0.11503183841705322,0.11763549596071243,-0.09092825651168823,0.10000000149011612,0.8436894614120508,0.0028371941625240657,0.0007985594366392653,0.003635753599163331,-2.1822981551679166,2.400000035762787,0.008108146263222399,0.515975937679439,0.9507904648780823,0.0022256672382354736,False,False,False,-0.8438264382598024,False
pirl,0,17,0,0.517370508115838,200,-151.6273658982479,0.4337143142624154,86.74286285248309,0.5349253337050045,0.16453095076468086,1,0,1,0.005,0.0,0.005,64,-0.31266987323760986,0.630021333694458,0.11503183841705322,0.11763549596071243,-0.09088107943534851,0.10000000149011612,0.8426853974354608,0.00440842085537191,0.0008887515645788304,0.00529717241995074,-2.181145906448364,2.3999710113081933,0.01174838709384003,0.5160248892923299,0.9492306113243103,-0.0016586333513259888,False,False,False,-0.8428231732680507,False
pirl,0,17,0,0.517370508115838,200,-151.6273658982479,0.4337143142624154,86.74286285248309,0.5349253337050045,0.16453095076468086,1,0,1,0.005,0.0,0.005,65,-0.321757972240448,0.6400212049484253,0.11503183841705322,0.11763549596071243,-0.09082955121994019,0.10000000149011612,0.8416592494071341,0.0053427377018236775,0.0009706453488058455,0.006313383050629523,-2.179909229278564,2.399964859890764,0.013976197954370422,0.5160831234504731,0.9476312398910522,-0.0055250972509384155,False,False,False,-0.8417974986849383,False
pirl,0,17,0,0.517370508115838,200,-151.6273658982479,0.4337143142624154,86.74286285248309,0.5349253337050045,0.16453095076468086,1,0,1,0.005,0.0,0.005,66,-0.33084094524383545,0.6500210762023926,0.11503183841705322,0.11763549596071243,-0.09077417850494385,0.10000000149011612,0.8406109414232995,0.006344312443593799,0.0010407768786338755,0.007385089322227674,-2.1785802841186523,2.3999582656563287,0.016319415078483442,0.5161511210133002,0.9459924697875977,-0.009373113512992859,False,False,False,-0.8407496893311389,False
pirl,0,17,0,0.517370508115838,200,-151.6273658982479,0.4337143142624154,86.74286285248309,0.5349253337050045,0.16453095076468086,1,0,1,0.005,0.0,0.005,67,-0.3399183452129364,0.6600208878517151,0.11503183841705322,0.11763549596071243,-0.09071527421474457,0.10000000149011612,0.8395405457949408,0.007266201140676008,0.0011059445979669906,0.008372145738642998,-2.1771665811538696,2.399952196064176,0.018473944462038122,0.516228095781892,0.9443145990371704,-0.013201937079429626,False,False,False,-0.8396797476535042,False
pirl,0,17,0,0.517370508115838,200,-151.6273658982479,0.4337143142624154,86.74286285248309,0.5349253337050045,0.16453095076468086,1,0,1,0.005,0.0,0.005,68,-0.348989874124527,0.6700206995010376,0.11503183841705322,0.11763549596071243,-0.09065321087837219,0.10000000149011612,0.8384479716773262,0.00809228255488847,0.0011644026193091217,0.009256685174197591,-2.1756770610809326,2.399946757254388,0.020400697816805688,0.5163130986894621,0.9425977468490601,-0.017010971903800964,False,False,False,-0.8385875741121583,False
pirl,0,17,0,0.517370508115838,200,-151.6273658982479,0.4337143142624154,86.74286285248309,0.5349253337050045,0.16453095076468086,1,0,1,0.005,0.0,0.005,69,-0.3580552041530609,0.6800205111503601,0.11503183841705322,0.11763549596071243,-0.09058833122253418,0.10000000149011612,0.8373332484244546,0.008830095740256942,0.0012165753442856138,0.010046671084542555,-2.1741199493408203,2.3999418995908393,0.02211739744624221,0.5164052545121548,0.9408421516418457,-0.020799681544303894,False,False,False,-0.8374732022812467,False
pirl,0,17,0,0.517370508115838,200,-151.6273658982479,0.4337143142624154,86.74286285248309,0.5349253337050045,0.16453095076468086,1,0,1,0.005,0.0,0.005,70,-0.36711403727531433,0.6900202631950378,0.11503183841705322,0.11763549596071243,-0.0905209481716156,0.10000000149011612,0.8361962687812177,0.00948730194460323,0.0012630052496512413,0.010750307194254472,-2.172502756118775,2.399937572632897,0.023642323375852137,0.5165037641928876,0.9390479326248169,-0.024567455053329468,False,False,False,-0.8363365292310403,False
pirl,0,17,0,0.517370508115838,200,-151.6273658982479,0.4337143142624154,86.74286285248309,0.5349253337050045,0.16453095076468086,1,0,1,0.005,0.0,0.005,71,-0.37616613507270813,0.7000199556350708,0.11503183841705322,0.11763549596071243,-0.09045124053955078,0.10000000149011612,0.8350371787915226,0.010098419593248505,0.0013060067751393836,0.011404426368387888,-2.170829772949219,2.399933549115853,0.02505627938778721,0.5166081653570034,0.9372154474258423,-0.028313830494880676,False,False,False,-0.8351777195261874,False
pirl,0,17,0,0.517370508115838,200,-151.6273658982479,0.4337143142624154,86.74286285248309,0.5349253337050045,0.16453095076468086,1,0,1,0.005,0.0,0.005,72,-0.3852112591266632,0.7100197076797485,0.11503183841705322,0.11763549596071243,-0.09037958085536957,0.10000000149011612,0.8338558684298945,0.01061372672244122,0.00134246197336175,0.01195618869580297,-2.1691099405288696,2.3999301564024846,0.0262441551133986,0.5167175160033092,0.9353448152542114,-0.03203825652599335,False,False,False,-0.833996636989478,False
pirl,0,17,0,0.517370508115838,200,-151.6273658982479,0.4337143142624154,86.74286285248309,0.5349253337050045,0.16453095076468086,1,0,1,0.005,0.0,0.005,73,-0.39424920082092285,0.7200194001197815,0.11503183841705322,0.11763549596071243,-0.09030614793300629,0.10000000149011612,0.8326524775960076,0.011082791612468938,0.0013754110691395498,0.012458202681608488,-2.167347550392151,2.3999270681418468,0.027321147507441152,0.5168313541179235,0.933436393737793,-0.03574030101299286,False,False,False,-0.8327934479440487,False
pirl,0,17,0,0.517370508115838,200,-151.6273658982479,0.4337143142624154,86.74286285248309,0.5349253337050045,0.16453095076468086,1,0,1,0.005,0.0,0.005,74,-0.4032798111438751,0.7300190925598145,0.11503183841705322,0.11763549596071243,-0.0902310311794281,0.10000000149011612,0.8314267815888075,0.01152885238321553,0.0014066188224836824,0.012935471205699212,-2.1655447483062744,2.399924131337261,0.028342024188142457,0.5169494458853741,0.9314901828765869,-0.03941948711872101,False,False,False,-0.831567940220087,False
pirl,0,17,0,0.517370508115838,200,-151.6273658982479,0.4337143142624154,86.74286285248309,0.5349253337050045,0.16453095076468086,1,0,1,0.005,0.0,0.005,75,-0.4123029112815857,0.7400187849998474,0.11503183841705322,0.11763549596071243,-0.09015452861785889,0.10000000149011612,0.8301790391735798,0.011898307385473199,0.0014326583188344112,0.01333096570430761,-2.1637086868286133,2.3999216988948313,0.029182738834978298,0.5170710406305198,0.9295066595077515,-0.04307544231414795,False,False,False,-0.8303203443219164,False
pirl,0,17,0,0.517370508115838,200,-151.6273658982479,0.4337143142624154,86.74286285248309,0.5349253337050045,0.16453095076468086,1,0,1,0.005,0.0,0.005,76,-0.421318382024765,0.7500184774398804,0.11503183841705322,0.11763549596071243,-0.09007671475410461,0.10000000149011612,0.8289091394784723,0.012248388212959049,0.001457056764195396,0.013705444977154445,-2.16184115409851,2.399919394009382,0.02997588849671506,0.5171959401659227,0.9274859428405762,-0.046707719564437866,False,False,False,-0.8290505797719858,False
pirl,0,17,0,0.517370508115838,200,-151.6273658982479,0.4337143142624154,86.74286285248309,0.5349253337050045,0.16453095076468086,1,0,1,0.005,0.0,0.005,77,-0.43032604455947876,0.7600181102752686,0.11503183841705322,0.11763549596071243,-0.08999772369861603,0.10000000149011612,0.8276170960220655,0.012564025361343165,0.0014790871426168843,0.014043112503960049,-2.1599453687667864,2.3999173158965204,0.030687295237587786,0.5173238038960793,0.9254282712936401,-0.05031593143939972,False,False,False,-0.8277586522949236,False
pirl,0,17,0,0.517370508115838,200,-151.6273658982479,0.4337143142624154,86.74286285248309,0.5349253337050045,0.16453095076468086,1,0,1,0.005,0.0,0.005,78,-0.43932580947875977,0.7700178027153015,0.11503183841705322,0.11763549596071243,-0.089917853474617,0.10000000149011612,0.8263029123576001,0.01280292819525326,0.0014958904555343862,0.014298818650787646,-2.158028483390809,2.399915742992144,0.031219094770192482,0.5174538834576218,0.9233338832855225,-0.05389966070652008,False,False,False,-0.8264445430628689,False
pirl,0,17,0,0.517370508115838,200,-151.6273658982479,0.4337143142624154,86.74286285248309,0.5349253337050045,0.16453095076468086,1,0,1,0.005,0.0,0.005,79,-0.44831761717796326,0.7800174355506897,0.11503183841705322,0.11763549596071243,-0.0898369550704956,0.10000000149011612,0.8249666807220228,0.013079925605225405,0.0015148458216676585,0.014594771426893064,-2.156086921691896,2.399913919278163,0.03183695610711003,0.5175865374414014,0.921203076839447,-0.057458654046058655,False,False,False,-0.8251084053273656,False
pirl,0,17,0,0.517370508115838,200,-151.6273658982479,0.4337143142624154,86.74286285248309,0.5349253337050045,0.16453095076468086,1,0,1,0.005,0.0,0.005,80,-0.4573012888431549,0.7900170683860779,0.11503183841705322,0.11763549596071243,-0.08975531160831451,0.10000000149011612,0.8236083269343489,0.013284365238770683,0.0015291883476277908,0.014813553586398473,-2.1541274785995466,2.3999125732748987,0.032286134538965956,0.5177210630019804,0.9190360307693481,-0.06099243462085724,False,False,False,-0.8237501063925214,False
pirl,0,17,0,0.517370508115838,200,-151.6273658982479,0.4337143142624154,86.74286285248309,0.5349253337050045,0.16453095076468086,1,0,1,0.005,0.0,0.005,81,-0.4662768244743347,0.8000167012214661,0.11503183841705322,0.11763549596071243,-0.08967293798923492,0.10000000149011612,0.8222279888397317,0.01348470467657248,0.001542919907842529,0.01502762458441501,-2.152150511741638,2.3999112542667764,0.032723984921633864,0.5178574129391539,0.9168331027030945,-0.06450071930885315,False,False,False,-0.8223698203183162,False
pirl,0,17,0,0.517370508115838,200,-151.6273658982479,0.4337143142624154,86.74286285248309,0.5349253337050045,0.16453095076468086,1,0,1,0.005,0.0,0.005,82,-0.4752441346645355,0.8100163340568542,0.11503183841705322,0.11763549596071243,-0.08958998322486877,0.10000000149011612,0.8208256344101148,0.013646758572397359,0.0015541044841593144,0.015200863056556673,-2.1501595973968506,2.3999101873255535,0.03307242010150019,0.5179952146895768,0.9145944714546204,-0.06798325479030609,False,False,False,-0.8209674971501214,False
pirl,0,17,0,0.517370508115838,200,-151.6273658982479,0.4337143142624154,86.74286285248309,0.5349253337050045,0.16453095076468086,1,0,1,0.005,0.0,0.005,83,-0.48420313000679016,0.8200159668922424,0.11503183841705322,0.11763549596071243,-0.08950643241405487,0.10000000149011612,0.819401254070852,0.013812532162064387,0.0015653544722759774,0.015377886634340364,-2.1481543779373156,2.3999090958943614,0.033428159870652625,0.5181344986890378,0.9123203754425049,-0.07143963873386383,False,False,False,-0.8195431495774035,False
pirl,0,17,0,0.517370508115838,200,-151.6273658982479,0.4337143142624154,86.74286285248309,0.5349253337050045,0.16453095076468086,1,0,1,0.005,0.0,0.005,84,-0.49315378069877625,0.8300155997276306,0.11503183841705322,0.11763549596071243,-0.08942247927188873,0.10000000149011612,0.8179549849970705,0.01392853213052597,0.0015733368894649683,0.01550186901999094,-2.1461395025253283,2.3999083321660493,0.03366843732784625,0.5182747838445705,0.9100111722946167,-0.07486961781978607,False,False,False,-0.8180968865260534,False
pirl,0,17,0,0.517370508115838,200,-151.6273658982479,0.4337143142624154,86.74286285248309,0.5349253337050045,0.16453095076468086,1,0,1,0.005,0.0,0.005,85,-0.5020959973335266,0.8400152325630188,0.11503183841705322,0.11763549596071243,-0.08933810889720917,0.10000000149011612,0.8164867130397601,0.01404816944098914,0.0015813267860834074,0.015629496227072548,-2.14411461353302,2.399907544489963,0.033915923476038445,0.5184161001923873,0.9076669812202454,-0.07827286422252655,False,False,False,-0.8166286221453641,False
pirl,0,17,0,0.517370508115838,200,-151.6273658982479,0.4337143142624154,86.74286285248309,0.5349253337050045,0.16453095076468086,1,0,1,0.005,0.0,0.005,86,-0.511029839515686,0.8500148057937622,0.11503183841705322,0.11763549596071243,-0.08925332129001617,0.10000000149011612,0.8149966325680423,0.014167876329116993,0.0015893375109007858,0.01575721384001778,-2.1420797109603877,2.3999067563557874,0.03416298226253793,0.5185584459518146,0.9052882194519043,-0.08164913952350616,False,False,False,-0.815138549057052,False
pirl,0,17,0,0.517370508115838,200,-151.6273658982479,0.4337143142624154,86.74286285248309,0.5349253337050045,0.16453095076468086,1,0,1,0.005,0.0,0.005,87,-0.5199551582336426,0.8600144386291504,0.11503183841705322,0.11763549596071243,-0.0891682356595993,0.10000000149011612,0.813484621270615,0.014256946513410966,0.001595327002647064,0.01585227351605803,-2.140037655830383,2.3999061699295803,0.03433903751256711,0.5187015252747835,0.9028750061988831,-0.08499810099601746,False,False,False,-0.8136265286501491,False
pirl,0,17,0,0.517370508115838,200,-151.6273658982479,0.4337143142624154,86.74286285248309,0.5349253337050045,0.16453095076468086,1,0,1,0.005,0.0,0.005,88,-0.528872013092041,0.8700140714645386,0.11503183841705322,0.11763549596071243,-0.08908289670944214,0.10000000149011612,0.8119508301901274,0.014334390532019766,0.0016004068849526424,0.01593479741697241,-2.1379895210266113,2.399905660048497,0.03448760228933977,0.5188452236176557,0.9004276990890503,-0.08831958472728729,False,False,False,-0.8120927220581876,False
pirl,0,17,0,0.517370508115838,200,-151.6273658982479,0.4337143142624154,86.74286285248309,0.5349253337050045,0.16453095076468086,1,0,1,0.005,0.0,0.005,89,-0.5377802848815918,0.880013644695282,0.11503183841705322,0.11763549596071243,-0.08899731934070587,0.10000000149011612,0.8103951601568707,0.014407969015213774,0.0016051778528411303,0.016013146868054905,-2.1359356641769405,2.399905175617583,0.03462676950477156,0.5189895018239256,0.8979464769363403,-0.09161312878131866,False,False,False,-0.810537034292122,False
pirl,0,17,0,0.517370508115838,200,-151.6273658982479,0.4337143142624154,86.74286285248309,0.5349253337050045,0.16453095076468086,1,0,1,0.005,0.0,0.005,90,-0.5466800332069397,0.8900132775306702,0.11503183841705322,0.11763549596071243,-0.08891156315803528,0.10000000149011612,0.8088178504781787,0.014466210389045976,0.0016089194441241436,0.01607512983317012,-2.133877515792847,2.399904792164151,0.034730374572073716,0.5191342117179759,0.8954317569732666,-0.09487870335578918,False,False,False,-0.8089596986079709,False
pirl,0,17,0,0.517370508115838,200,-151.6273658982479,0.4337143142624154,86.74286285248309,0.5349253337050045,0.16453095076468086,1,0,1,0.005,0.0,0.005,91,-0.5555711388587952,0.9000128507614136,0.11503183841705322,0.11763549596071243,-0.08882564306259155,0.10000000149011612,0.8072187632233258,0.014520557307797026,0.00161233334143434,0.016132890649231367,-2.1318154335021973,2.39990443435129,0.03482459410757552,0.5192793141934241,0.8928836584091187,-0.098115935921669,False,False,False,-0.8073605831620786,False
pirl,0,17,0,0.517370508115838,200,-151.6273658982479,0.4337143142624154,86.74286285248309,0.5349253337050045,0.16453095076468086,1,0,1,0.005,0.0,0.005,92,-0.5644537210464478,0.9100124835968018,0.11503183841705322,0.11763549596071243,-0.08873960375785828,0.10000000149011612,0.8055980352801771,0.0145633926252534,0.001614970474099969,0.01617836309935337,-2.1297504901885986,2.3999041523292743,0.03489216692912414,0.5194246982222954,0.8903025388717651,-0.10132463276386261,False,False,False,-0.8057398208241031,False
pirl,0,17,0,0.517370508115838,200,-151.6273658982479,0.4337143142624154,86.74286285248309,0.5349253337050045,0.16453095076468086,1,0,1,0.005,0.0,0.005,93,-0.5733276605606079,0.9200120568275452,0.11503183841705322,0.11763549596071243,-0.08865346014499664,0.10000000149011612,0.8039556795204384,0.014602344249005436,0.0016172987623638078,0.016219643011369245,-2.1276830434799194,2.399903895876984,0.034950521854259314,0.5195703253966881,0.8876886367797852,-0.10450457036495209,False,False,False,-0.804097428543466,False
pirl,0,17,0,0.517370508115838,200,-151.6273658982479,0.4337143142624154,86.74286285248309,0.5349253337050045,0.16453095076468086,1,0,1,0.005,0.0,0.005,94,-0.5821930170059204,0.9300116896629333,0.11503183841705322,0.11763549596071243,-0.08856725692749023,0.10000000149011612,0.802291743919978,0.014629776028454375,0.0016188501122595402,0.016248626140713915,-2.1256141662597656,2.3999037152698093,0.03498234357416677,0.5197160851615805,0.8850422501564026,-0.10765545070171356,False,False,False,-0.8024334502588149,False
pirl,0,17,0,0.517370508115838,200,-151.6273658982479,0.4337143142624154,86.74286285248309,0.5349253337050045,0.16453095076468086,1,0,1,0.005,0.0,0.005,95,-0.5910497307777405,0.9400112628936768,0.11503183841705322,0.11763549596071243,-0.08848094940185547,0.10000000149011612,0.800606250477572,0.014668659995522892,0.0016211044898777913,0.016289764485400683,-2.1235427856445312,2.3999034592629624,0.03504002138164961,0.5198620852506707,0.8823636174201965,-0.11077709496021271,False,False,False,-0.8007479201800232,False
pirl,0,17,0,0.517370508115838,200,-151.6273658982479,0.4337143142624154,86.74286285248309,0.5349253337050045,0.16453095076468086,1,0,1,0.005,0.0,0.005,96,-0.5998978614807129,0.9500108361244202,0.11503183841705322,0.11763549596071243,-0.08839450776576996,0.10000000149011612,0.7988993262178589,0.014715280789335919,0.0016239235814891023,0.01633920437082502,-2.1214681863784794,2.399903152317875,0.03511525937054158,0.5200083988313813,0.8796530961990356,-0.11386929452419281,False,False,False,-0.7990409633750903,False
pirl,0,17,0,0.517370508115838,200,-151.6273658982479,0.4337143142624154,86.74286285248309,0.5349253337050045,0.16453095076468086,1,0,1,0.005,0.0,0.005,97,-0.6087372899055481,0.9600104689598083,0.11503183841705322,0.11763549596071243,-0.08830820024013519,0.10000000149011612,0.7971708423488785,0.014692902976031494,0.001622228266781583,0.01631513124281308,-2.1193968057632446,2.3999032996504104,0.03503328260502571,0.5201543708422356,0.8769108057022095,-0.11693175137042999,False,False,False,-0.7973124103235928,False
pirl,0,17,0,0.517370508115838,200,-151.6273658982479,0.4337143142624154,86.74286285248309,0.5349253337050045,0.16453095076468086,1,0,1,0.005,0.0,0.005,98,-0.6175681352615356,0.9700100421905518,0.11503183841705322,0.11763549596071243,-0.08822177350521088,0.10000000149011612,0.7954210059399791,0.014735368715637865,0.0016244911161183103,0.016359859831756175,-2.1173225641250606,2.399903020061648,0.035098149807958216,0.520300613133102,0.8741371631622314,-0.1199643462896347,False,False,False,-0.7955625391032324,False
pirl,0,17,0,0.517370508115838,200,-151.6273658982479,0.4337143142624154,86.74286285248309,0.5349253337050045,0.16453095076468086,1,0,1,0.005,0.0,0.005,99,-0.626390278339386,0.9800096750259399,0.11503183841705322,0.11763549596071243,-0.08813546597957611,0.10000000149011612,0.7936498215871154,0.014716790611160532,0.001623030309812587,0.01633982092097312,-2.1152511835098267,2.399903142377412,0.035024824298416635,0.5204465499010121,0.8713324069976807,-0.12296685576438904,False,False,False,-0.7937912876445647,False
pirl,0,17,0,0.517370508115838,200,-151.6273658982479,0.4337143142624154,86.74286285248309,0.5349253337050045,0.16453095076468086,1,0,1,0.005,0.0,0.005,100,-0.6352038383483887,0.9900092482566833,0.11503183841705322,0.11763549596071243,-0.08804905414581299,0.10000000149011612,0.7918573446623343,0.014755425696774379,0.0016250613157184847,0.016380487012492864,-2.1131772994995117,2.3999028880091613,0.03508081997166014,0.5205927199842274,0.868496835231781,-0.1259390413761139,False,False,False,-0.7919987739217774,False
pirl,0,17,0,0.517370508115838,200,-151.6273658982479,0.4337143142624154,86.74286285248309,0.5349253337050045,0.16453095076468086,1,0,1,0.005,0.0,0.005,101,-0.6440087556838989,1.0000088214874268,0.11503183841705322,0.11763549596071243,-0.08796262741088867,0.10000000149011612,0.7900436564495454,0.01477133732083867,0.0016258609224008706,0.01639719824323954,-2.1111030578613277,2.3999027832491517,0.035085723539569555,0.5207389104989756,0.8656307458877563,-0.12888075411319733,False,False,False,-0.7901850369633542,False
pirl,0,17,0,0.517370508115838,200,-151.6273658982479,0.4337143142624154,86.74286285248309,0.5349253337050045,0.16453095076468086,1,0,1,0.005,0.0,0.005,102,-0.6528050303459167,1.010008454322815,0.11503183841705322,0.11763549596071243,-0.0878763347864151,0.10000000149011612,0.7882086964197097,0.014748770410422817,0.0016240180560628374,0.016372788466485655,-2.1090320348739624,2.399902931826679,0.035003114964667584,0.5208847568113284,0.862734317779541,-0.13179175555706024,False,False,False,-0.7883500077614909,False
pirl,0,17,0,0.517370508115838,200,-151.6273658982479,0.4337143142624154,86.74286285248309,0.5349253337050045,0.16453095076468086,1,0,1,0.005,0.0,0.005,103,-0.6615926623344421,1.0200080871582031,0.11503183841705322,0.11763549596071243,-0.08779002726078033,0.10000000149011612,0.7863526007424916,0.014764346935974426,0.0016245142674448675,0.016388861203419293,-2.106960654258728,2.399902829272913,0.03500657446655867,0.5210306175382724,0.8598079085350037,-0.1346718966960907,False,False,False,-0.786493863153502,False
pirl,0,17,0,0.517370508115838,200,-151.6273658982479,0.4337143142624154,86.74286285248309,0.5349253337050045,0.16453095076468086,1,0,1,0.005,0.0,0.005,104,-0.6703716516494751,1.0300076007843018,0.11503183841705322,0.11763549596071243,-0.08770371973514557,0.10000000149011612,0.7844754047470608,0.014776272872669275,0.0016249488105227394,0.016401221683192014,-2.1048892736434937,2.3999027507541375,0.03500213739431907,0.5211764597774154,0.8568518161773682,-0.137520894408226,False,False,False,-0.7846166164307765,False
pirl,0,17,0,0.517370508115838,200,-151.6273658982479,0.4337143142624154,86.74286285248309,0.5349253337050045,0.16453095076468086,1,0,1,0.005,0.0,0.005,105,-0.6791419982910156,1.04000723361969,0.11503183841705322,0.11763549596071243,-0.08761753141880035,0.10000000149011612,0.7825771631840575,0.014757485440784902,0.001623341986365441,0.016380827427150343,-2.102820754051209,2.3999028744480815,0.03492820976178173,0.5213219939847562,0.8538662791252136,-0.1403387039899826,False,False,False,-0.7827183078525175,False
pirl,0,17,0,0.517370508115838,200,-151.6273658982479,0.4337143142624154,86.74286285248309,0.5349253337050045,0.16453095076468086,1,0,1,0.005,0.0,0.005,106,-0.6879037618637085,1.0500068664550781,0.11503183841705322,0.11763549596071243,-0.08753137290477753,0.10000000149011612,0.7806579189209499,0.014761538057230052,0.001623100867228018,0.01638463892445807,-2.100752949714661,2.3999028477661954,0.034905629009523556,0.5214674341056292,0.8508515954017639,-0.14312507212162018,False,False,False,-0.7807990087366357,False
pirl,0,17,0,0.517370508115838,200,-151.6273658982479,0.4337143142624154,86.74286285248309,0.5349253337050045,0.16453095076468086,1,0,1,0.005,0.0,0.005,107,-0.6966569423675537,1.0600063800811768,0.11503183841705322,0.11763549596071243,-0.08744516968727112,0.10000000149011612,0.7787177836044186,0.014784873967217903,0.0016242398037292533,0.016409113770947156,-2.098684072494507,2.399902694125679,0.03492679698971489,0.5216129624264197,0.8478081226348877,-0.14587979018688202,False,False,False,-0.7788588288841033,False
pirl,0,17,0,0.517370508115838,200,-151.6273658982479,0.4337143142624154,86.74286285248309,0.5349253337050045,0.16453095076468086,1,0,1,0.005,0.0,0.005,108,-0.7054014205932617,1.070006012916565,0.11503183841705322,0.11763549596071243,-0.08735914528369904,0.10000000149011612,0.7767566939186713,0.01475076465463806,0.0016216806528679191,0.01637244530750598,-2.0966194868087764,2.3999029186968404,0.034818616752256205,0.5217580399962208,0.8447359800338745,-0.14860279858112335,False,False,False,-0.7768976642546129,False
pirl,0,17,0,0.517370508115838,200,-151.6273658982479,0.4337143142624154,86.74286285248309,0.5349253337050045,0.16453095076468086,1,0,1,0.005,0.0,0.005,109,-0.7141373753547668,1.0800056457519531,0.11503183841705322,0.11763549596071243,-0.08727312088012695,0.10000000149011612,0.7747748360251248,0.014762370290598395,0.0016218718804424082,0.016384242171040803,-2.0945549011230473,2.3999028422868824,0.034812929980065035,0.5219030938711378,0.8416356444358826,-0.1512937843799591,False,False,False,-0.7749157556797891,False
pirl,0,17,0,0.517370508115838,200,-151.6273658982479,0.4337143142624154,86.74286285248309,0.5349253337050045,0.16453095076468086,1,0,1,0.005,0.0,0.005,110,-0.7228646874427795,1.0900051593780518,0.11503183841705322,0.11763549596071243,-0.08718709647655487,0.10000000149011612,0.7727722066289335,0.014774197134994213,0.001622292157793019,0.016396489292787232,-2.092490315437317,2.399902764420517,0.03480820785752234,0.5220481280705441,0.8385072946548462,-0.1539527028799057,False,False,False,-0.772913075857252,False
pirl,0,17,0,0.517370508115838,200,-151.6273658982479,0.4337143142624154,86.74286285248309,0.5349253337050045,0.16453095076468086,1,0,1,0.005,0.0,0.005,111,-0.7315833568572998,1.10000479221344,0.11503183841705322,0.11763549596071243,-0.08710122108459473,0.10000000149011612,0.7707488679644151,0.014747657860883312,0.001620184293367517,0.016367842154250828,-2.0904293060302734,2.3999029391515565,0.0347172212353181,0.5221927831590246,0.8353512287139893,-0.1565793752670288,False,False,False,-0.7708896664533681,False
pirl,0,17,0,0.517370508115838,200,-151.6273658982479,0.4337143142624154,86.74286285248309,0.5349253337050045,0.16453095076468086,1,0,1,0.005,0.0,0.005,112,-0.7402935028076172,1.1100044250488281,0.11503183841705322,0.11763549596071243,-0.08701539039611816,0.10000000149011612,0.7687048541388789,0.014747752557673646,0.0016196568709869463,0.016367409428660593,-2.0883693695068355,2.399902938528086,0.03468577399460051,0.5223373072173355,0.8321677446365356,-0.15917354822158813,False,False,False,-0.7688455960552775,False
pirl,0,17,0,0.517370508115838,200,-151.6273658982479,0.4337143142624154,86.74286285248309,0.5349253337050045,0.16453095076468086,1,0,1,0.005,0.0,0.005,113,-0.7489950060844421,1.1200039386749268,0.11503183841705322,0.11763549596071243,-0.08692954480648041,0.10000000149011612,0.7666403390328439,0.014763311442805441,0.0016202753103458326,0.016383586753151273,-2.0863090753555302,2.3999028360904617,0.034689333957971455,0.5224818461088271,0.828957200050354,-0.16173520684242249,False,False,False,-0.7667810326966141,False
pirl,0,17,0,0.517370508115838,200,-151.6273658982479,0.4337143142624154,86.74286285248309,0.5349253337050045,0.16453095076468086,1,0,1,0.005,0.0,0.005,114,-0.7576879858970642,1.130003571510315,0.11503183841705322,0.11763549596071243,-0.08684380352497101,0.10000000149011612,0.7645551825630709,0.014748254373372054,0.0016189477397352931,0.016367202113107347,-2.084251284599304,2.399902935224198,0.03462438555586332,0.5226261143819765,0.8257197141647339,-0.16426408290863037,False,False,False,-0.7646958117975389,False
pirl,0,17,0,0.517370508115838,200,-151.6273658982479,0.4337143142624154,86.74286285248309,0.5349253337050045,0.16453095076468086,1,0,1,0.005,0.0,0.005,115,-0.7663723826408386,1.1400032043457031,0.11503183841705322,0.11763549596071243,-0.08675816655158997,0.10000000149011612,0.7624496470059816,0.014733023729969374,0.0016174681826924783,0.016350491912661854,-2.0821959972381587,2.3999030355007207,0.03455880983922655,0.5227701094229733,0.8224557638168335,-0.16676010191440582,False,False,False,-0.7625902117526752,False
pirl,0,17,0,0.517370508115838,200,-151.6273658982479,0.4337143142624154,86.74286285248309,0.5349253337050045,0.16453095076468086,1,0,1,0.005,0.0,0.005,116,-0.7750481963157654,1.1500027179718018,0.11503183841705322,0.11763549596071243,-0.08667248487472534,0.10000000149011612,0.7603237392436303,0.014756131817385646,0.0016185187802205143,0.01637465059760616,-2.0801396369934078,2.399902883360158,0.03457910256946723,0.5229141890170127,0.8191655874252319,-0.1692230999469757,False,False,False,-0.7604642599369921,False
pirl,0,17,0,0.517370508115838,200,-151.6273658982479,0.4337143142624154,86.74286285248309,0.5349253337050045,0.16453095076468086,1,0,1,0.005,0.0,0.005,117,-0.7837154269218445,1.16000235080719,0.11503183841705322,0.11763549596071243,-0.08658695220947266,0.10000000149011612,0.7581773932103604,0.014729561840603976,0.0016164723633391243,0.0163460342039431,-2.0780868530273438,2.3999030582933387,0.03448868578023659,0.5230578918744303,0.8158493638038635,-0.1716528683900833,False,False,False,-0.7583178435969615,False
pirl,0,17,0,0.517370508115838,200,-151.6273658982479,0.4337143142624154,86.74286285248309,0.5349253337050045,0.16453095076468086,1,0,1,0.005,0.0,0.005,118,-0.7923741340637207,1.1700019836425781,0.11503183841705322,0.11763549596071243,-0.08650144934654236,0.10000000149011612,0.7560108306337682,0.014733405607209876,0.0016162030038947832,0.016349608611104658,-2.0760347843170166,2.3999030329864923,0.034465793022988044,0.5232014993453594,0.8125075101852417,-0.17404937744140625,False,False,False,-0.7561512268388115,False
pirl,0,17,0,0.517370508115838,200,-151.6273658982479,0.4337143142624154,86.74286285248309,0.5349253337050045,0.16453095076468086,1,0,1,0.005,0.0,0.005,119,-0.8010242581367493,1.1800016164779663,0.11503183841705322,0.11763549596071243,-0.08641600608825684,0.10000000149011612,0.7538241229629695,0.014729718212034565,0.0016155801876895188,0.016345298399724085,-2.073984146118164,2.3999030572638107,0.034426437880238595,0.5233449428365271,0.8091403245925903,-0.17641249299049377,False,False,False,-0.7539644611335526,False
pirl,0,17,0,0.517370508115838,200,-151.6273658982479,0.4337143142624154,86.74286285248309,0.5349253337050045,0.16453095076468086,1,0,1,0.005,0.0,0.005,120,-0.809665858745575,1.190001130104065,0.11503183841705322,0.11763549596071243,-0.08633051812648773,0.10000000149011612,0.7516171901674625,0.01475283086319855,0.0016166919161906147,0.016369522779389165,-2.071932435035705,2.399902905093199,0.034446772400363423,0.523488471054862,0.8057479858398438,-0.17874197661876678,False,False,False,-0.751757484570881,False
pirl,0,17,0,0.517370508115838,200,-151.6273658982479,0.4337143142624154,86.74286285248309,0.5349253337050045,0.16453095076468086,1,0,1,0.005,0.0,0.005,121,-0.8182989358901978,1.2000007629394531,0.11503183841705322,0.11763549596071243,-0.0862451046705246,0.10000000149011612,0.7493902226047069,0.0147453881821805,0.0016159142757161244,0.016361302457896625,-2.0698825120925903,2.3999029540948174,0.03439925857616728,0.5236318012989293,0.8023309111595154,-0.18103772401809692,False,False,False,-0.7495304571080171,False
pirl,0,17,0,0.517370508115838,200,-151.6273658982479,0.4337143142624154,86.74286285248309,0.5349253337050045,0.16453095076468086,1,0,1,0.005,0.0,0.005,122,-0.8269234299659729,1.2100003957748413,0.11503183841705322,0.11763549596071243,-0.08615982532501221,0.10000000149011612,0.7471431971882936,0.014722432192691159,0.0016139729194542362,0.016336405112145395,-2.067835807800293,2.3999031052339896,0.03431695108712035,0.5237747885951256,0.7988892793655396,-0.18329964578151703,False,False,False,-0.7472833635572916,False
pirl,0,17,0,0.517370508115838,200,-151.6273658982479,0.4337143142624154,86.74286285248309,0.5349253337050045,0.16453095076468086,1,0,1,0.005,0.0,0.005,123,-0.8355394005775452,1.21999990940094,0.11503183841705322,0.11763549596071243,-0.08607444167137146,0.10000000149011612,0.744876309362535,0.014760750809960513,0.0016160033020865,0.016376754112047014,-2.0657866001129155,2.3999028529493267,0.03437081216587522,0.5239180003124834,0.7954235076904297,-0.18552765250205994,False,False,False,-0.7450164401905913,False
pirl,0,17,0,0.517370508115838,200,-151.6273658982479,0.4337143142624154,86.74286285248309,0.5349253337050045,0.16453095076468086,1,0,1,0.005,0.0,0.005,124,-0.8441468477249146,1.2299995422363281,0.11503183841705322,0.11763549596071243,-0.08598923683166504,0.10000000149011612,0.7425894994187049,0.014726497540328733,0.0016135330673888262,0.01634003060771756,-2.063741683959961,2.3999030784682827,0.034264009808347054,0.5240607670200181,0.7919337749481201,-0.18772156536579132,False,False,False,-0.7427295563185788,False
pirl,0,17,0,0.517370508115838,200,-151.6273658982479,0.4337143142624154,86.74286285248309,0.5349253337050045,0.16453095076468086,1,0,1,0.005,0.0,0.005,125,-0.852745771408081,1.2399991750717163,0.11503183841705322,0.11763549596071243,-0.08590400218963623,0.10000000149011612,0.7402829670504439,0.014745556251222947,0.0016142438074774916,0.016359800058700438,-2.06169605255127,2.3999029529882736,0.03427488359622732,0.5242035790350024,0.7884204983711243,-0.1898813098669052,False,False,False,-0.7404229782686133,False
pirl,0,17,0,0.517370508115838,200,-151.6273658982479,0.4337143142624154,86.74286285248309,0.5349253337050045,0.16453095076468086,1,0,1,0.005,0.0,0.005,126,-0.8613361716270447,1.249998688697815,0.11503183841705322,0.11763549596071243,-0.08581876754760742,0.10000000149011612,0.7379566446229573,0.014757206113800193,0.0016147155118691723,0.016371921625669365,-2.059650421142578,2.399902876287134,0.034269846188496676,0.5243463700607878,0.7848838567733765,-0.1920066922903061,False,False,False,-0.7380966063801836,False
pirl,0,17,0,0.517370508115838,200,-151.6273658982479,0.4337143142624154,86.74286285248309,0.5349253337050045,0.16453095076468086,1,0,1,0.005,0.0,0.005,127,-0.8699180483818054,1.2599983215332031,0.11503183841705322,0.11763549596071243,-0.08573362231254578,0.10000000149011612,0.7356106661068275,0.014745796135973429,0.0016136331551298438,0.01635942929110327,-2.057606935501099,2.3999029514089045,0.034213615370351606,0.5244889267914976,0.7813241481781006,-0.19409774243831635,False,False,False,-0.7357505661855668,False
pirl,0,17,0,0.517370508115838,200,-151.6273658982479,0.4337143142624154,86.74286285248309,0.5349253337050045,0.16453095076468086,1,0,1,0.005,0.0,0.005,128,-0.8784914016723633,1.2699979543685913,0.11503183841705322,0.11763549596071243,-0.08564849197864532,0.10000000149011612,0.733245134623039,0.014753432724958493,0.00161370170071369,0.016367134425672183,-2.0555638074874873,2.399902901130622,0.03419934973872838,0.5246314240820756,0.7777417898178101,-0.1961541622877121,False,False,False,-0.7333849831667295,False
pirl,0,17,0,0.517370508115838,200,-151.6273658982479,0.4337143142624154,86.74286285248309,0.5349253337050045,0.16453095076468086,1,0,1,0.005,0.0,0.005,129,-0.887056291103363,1.27999746799469,0.11503183841705322,0.11763549596071243,-0.08556331694126129,0.10000000149011612,0.7308601675764136,0.014776499871624663,0.0016148783812855371,0.0163913782529102,-2.0535196065902706,2.3999027492596063,0.03421938327012693,0.5247740048457011,0.774137020111084,-0.1981760710477829,False,False,False,-0.7309999728395004,False
pirl,0,17,0,0.517370508115838,200,-151.6273658982479,0.4337143142624154,86.74286285248309,0.5349253337050045,0.16453095076468086,1,0,1,0.005,0.0,0.005,130,-0.8956125974655151,1.2899971008300781,0.11503183841705322,0.11763549596071243,-0.08547824621200562,0.10000000149011612,0.7284556502943151,0.014761282916137751,0.001613602929753527,0.01637488584589128,-2.0514779090881348,2.3999028494460113,0.034154936081246604,0.524916317079373,0.7705100178718567,-0.20016317069530487,False,False,False,-0.7285953920278904,False
pirl,0,17,0,0.517370508115838,200,-151.6273658982479,0.4337143142624154,86.74286285248309,0.5349253337050045,0.16453095076468086,1,0,1,0.005,0.0,0.005,131,-0.9041604399681091,1.2999967336654663,0.11503183841705322,0.11763549596071243,-0.08539319038391113,0.10000000149011612,0.7260318039486685,0.014768870686515796,0.001613655437943817,0.01638252612445961,-2.049436569213867,2.399902799489143,0.03414047987386843,0.5250585690788475,0.7668612003326416,-0.20211544632911682,False,False,False,-0.7261714942488774,False
pirl,0,17,0,0.517370508115838,200,-151.6273658982479,0.4337143142624154,86.74286285248309,0.5349253337050045,0.16453095076468086,1,0,1,0.005,0.0,0.005,132,-0.9126997590065002,1.309996247291565,0.11503183841705322,0.11763549596071243,-0.08530806005001068,0.10000000149011612,0.7235887229071148,0.014799579866338699,0.0016153408883312007,0.0164149207546699,-2.0473934412002563,2.399902597304001,0.03417722354429862,0.5252009741769488,0.7631908655166626,-0.20403283834457397,False,False,False,-0.7237283741362319,False
pirl,0,17,0,0.517370508115838,200,-151.6273658982479,0.4337143142624154,86.74286285248309,0.5349253337050045,0.16453095076468086,1,0,1,0.005,0.0,0.005,133,-0.9212305545806885,1.3199958801269531,0.11503183841705322,0.11763549596071243,-0.08522303402423859,0.10000000149011612,0.7211263881309194,0.01478437521468696,0.0016141066147165866,0.016398481829403545,-2.045352816581724,2.399902697409399,0.03411296230532569,0.5253431115198877,0.7594992518424988,-0.2059151530265808,False,False,False,-0.7212659759764751,False
pirl,0,17,0,0.517370508115838,200,-151.6273658982479,0.4337143142624154,86.74286285248309,0.5349253337050045,0.16453095076468086,1,0,1,0.005,0.0,0.005,134,-0.9297528266906738,1.3299955129623413,0.11503183841705322,0.11763549596071243,-0.08513802289962769,0.10000000149011612,0.7186450327607046,0.01479193727916549,0.0016141622548904533,0.016406099534055946,-2.0433125495910645,2.3999026476217757,0.034098383344485485,0.5254851881171564,0.7557867765426636,-0.20776240527629852,False,False,False,-0.7187845692957173,False
pirl,0,17,0,0.517370508115838,200,-151.6273658982479,0.4337143142624154,86.74286285248309,0.5349253337050045,0.16453095076468086,1,0,1,0.005,0.0,0.005,135,-0.9382666349411011,1.33999502658844,0.11503183841705322,0.11763549596071243,-0.08505293726921082,0.10000000149011612,0.7161445107501969,0.014822620573755812,0.0016158506457996664,0.016438471219555478,-2.0412704944610627,2.3999024456070592,0.03413486194438961,0.5256274167085914,0.7520534992218018,-0.20957447588443756,False,False,False,-0.7162840083218548,False
pirl,0,17,0,0.517370508115838,200,-151.6273658982479,0.4337143142624154,86.74286285248309,0.5349253337050045,0.16453095076468086,1,0,1,0.005,0.0,0.005,136,-0.9467719793319702,1.3499946594238281,0.11503183841705322,0.11763549596071243,-0.08496788144111633,0.10000000149011612,0.7136250795605134,0.014826570273116041,0.001615884493318388,0.01644245476643443,-2.0392291545867924,2.399902419602765,0.03411273946878148,0.5257695531230446,0.7482999563217163,-0.2113512009382248,False,False,False,-0.7137645240343518,False
pirl,0,17,0,0.517370508115838,200,-151.6273658982479,0.4337143142624154,86.74286285248309,0.5349253337050045,0.16453095076468086,1,0,1,0.005,0.0,0.005,137,-0.9552687406539917,1.3599942922592163,0.11503183841705322,0.11763549596071243,-0.08488287031650543,0.10000000149011612,0.7110867205023925,0.014826540038143213,0.001615532968810123,0.016442073006953335,-2.0371888875961304,2.399902419801829,0.03408158408832151,0.5259115597234126,0.7445262670516968,-0.2130926251411438,False,False,False,-0.7112261097553628,False
pirl,0,17,0,0.517370508115838,200,-151.6273658982479,0.4337143142624154,86.74286285248309,0.5349253337050045,0.16453095076468086,1,0,1,0.005,0.0,0.005,138,-0.9637570381164551,1.369993805885315,0.11503183841705322,0.11763549596071243,-0.08479776978492737,0.10000000149011612,0.7085296499316416,0.014861001813120032,0.0016174398104892294,0.01647844162360926,-2.035146474838257,2.399902192910101,0.03412601280062938,0.5260537514434153,0.7407329082489014,-0.21479861438274384,False,False,False,-0.7086690023240309,False
pirl,0,17,0,0.517370508115838,200,-151.6273658982479,0.4337143142624154,86.74286285248309,0.5349253337050045,0.16453095076468086,1,0,1,0.005,0.0,0.005,139,-0.9722368121147156,1.3799934387207031,0.11503183841705322,0.11763549596071243,-0.08471272885799408,0.10000000149011612,0.7059537662463491,0.014857280524676357,0.001616989765315123,0.01647427028999148,-2.0331054925918584,2.3999022174105673,0.0340870359630075,0.5261957807599278,0.7369199991226196,-0.21646903455257416,False,False,False,-0.7060930615677867,False
pirl,0,17,0,0.517370508115838,200,-151.6273658982479,0.4337143142624154,86.74286285248309,0.5349253337050045,0.16453095076468086,1,0,1,0.005,0.0,0.005,140,-0.9807080626487732,1.3899930715560913,0.11503183841705322,0.11763549596071243,-0.08462774753570557,0.10000000149011612,0.7033592699832996,0.014853354263920095,0.0016163501606267956,0.016469704424546892,-2.031065940856934,2.3999022432605446,0.03404722432931301,0.5263376441946332,0.7330878973007202,-0.21810394525527954,False,False,False,-0.7034985081110254,False
pirl,0,17,0,0.517370508115838,200,-151.6273658982479,0.4337143142624154,86.74286285248309,0.5349253337050045,0.16453095076468086,1,0,1,0.005,0.0,0.005,141,-0.9891708493232727,1.39999258518219,0.11503183841705322,0.11763549596071243,-0.08454263210296631,0.10000000149011612,0.700746248115225,0.014899281043313261,0.00161899981683086,0.016518280860144122,-2.0290231704711914,2.3999019408847584,0.034116427262949243,0.5264797959748956,0.7292369604110718,-0.21970316767692566,False,False,False,-0.7008854555607852,False
pirl,0,17,0,0.517370508115838,200,-151.6273658982479,0.4337143142624154,86.74286285248309,0.5349253337050045,0.16453095076468086,1,0,1,0.005,0.0,0.005,142,-0.9976251125335693,1.4099922180175781,0.11503183841705322,0.11763549596071243,-0.08445760607719421,0.10000000149011612,0.6981146792134729,0.014887927086550684,0.001618104203752415,0.0165060312903031,-2.0269825458526607,2.399902015637694,0.03406085988846254,0.5266217162244309,0.7253673672676086,-0.22126662731170654,False,False,False,-0.6982538256532713,False
pirl,0,17,0,0.517370508115838,200,-151.6273658982479,0.4337143142624154,86.74286285248309,0.5349253337050045,0.16453095076468086,1,0,1,0.005,0.0,0.005,143,-1.006070852279663,1.4199918508529663,0.11503183841705322,0.11763549596071243,-0.08437253534793854,0.10000000149011612,0.6954648086678317,0.014910793396706193,0.0016192009965979538,0.016529994393304145,-2.0249408483505253,2.399901865088959,0.03407939812199498,0.5267637137166059,0.7214795351028442,-0.22279436886310577,False,False,False,-0.6956039122082049,False
pirl,0,17,0,0.517370508115838,200,-151.6273658982479,0.4337143142624154,86.74286285248309,0.5349253337050045,0.16453095076468086,1,0,1,0.005,0.0,0.005,144,-1.0145081281661987,1.429991364479065,0.11503183841705322,0.11763549596071243,-0.08428741991519928,0.10000000149011612,0.6927965792152219,0.014933829750331244,0.0016204697051952128,0.01655429945552646,-2.022898077964783,2.3999017134206815,0.03409858352064267,0.5269057911479419,0.7175736427307129,-0.2242862433195114,False,False,False,-0.6929356400420508,False
pirl,0,17,0,0.517370508115838,200,-151.6273658982479,0.4337143142624154,86.74286285248309,0.5349253337050045,0.16453095076468086,1,0,1,0.005,0.0,0.005,145,-1.0229368209838867,1.4399909973144531,0.11503183841705322,0.11763549596071243,-0.08420233428478241,0.10000000149011612,0.6901102138659398,0.014937686119064991,0.001620475380975839,0.01655816150004083,-2.0208560228347783,2.3999016880308637,0.034075894563144325,0.527047774041955,0.713650107383728,-0.22574225068092346,False,False,False,-0.690249221802419,False
pirl,0,17,0,0.517370508115838,200,-151.6273658982479,0.4337143142624154,86.74286285248309,0.5349253337050045,0.16453095076468086,1,0,1,0.005,0.0,0.005,146,-1.0313570499420166,1.4499906301498413,0.11503183841705322,0.11763549596071243,-0.08411723375320435,0.10000000149011612,0.6874057355992466,0.014952944429980256,0.0016211454882232197,0.016574089918203475,-2.0188136100769047,2.3999015875721814,0.03407779735684017,0.5271897648642752,0.7097091674804688,-0.22716230154037476,False,False,False,-0.687544696708365,False
pirl,0,17,0,0.517370508115838,200,-151.6273658982479,0.4337143142624154,86.74286285248309,0.5349253337050045,0.16453095076468086,1,0,1,0.005,0.0,0.005,147,-1.0397688150405884,1.45999014377594,0.11503183841705322,0.11763549596071243,-0.08403196930885315,0.10000000149011612,0.684683189685198,0.015006615500083193,0.0016244039651343559,0.01663101946521755,-2.0167672634124756,2.3999012342090182,0.03416325995596598,0.5273321117807583,0.7057510614395142,-0.2285463511943817,False,False,False,-0.6848221243930145,False
pirl,0,17,0,0.517370508115838,200,-151.6273658982479,0.4337143142624154,86.74286285248309,0.5349253337050045,0.16453095076468086,1,0,1,0.005,0.0,0.005,148,-1.0481719970703125,1.4699897766113281,0.11503183841705322,0.11763549596071243,-0.08394686877727509,0.10000000149011612,0.6819426654755744,0.014976100354121299,0.0016222890336612386,0.016598389387782537,-2.014724850654602,2.399901435116668,0.034066055329403,0.5274740536779642,0.7017760872840881,-0.22989434003829956,False,False,False,-0.6820815291214859,False
pirl,0,17,0,0.517370508115838,200,-151.6273658982479,0.4337143142624154,86.74286285248309,0.5349253337050045,0.16453095076468086,1,0,1,0.005,0.0,0.005,149,-1.0565667152404785,1.4799894094467163,0.11503183841705322,0.11763549596071243,-0.0838615894317627,0.10000000149011612,0.6791842877260255,0.015033366076418147,0.0016255745117001313,0.01665894058811828,-2.0126781463623047,2.399901058086794,0.0341585453588993,0.527616380950293,0.6977846026420593,-0.23120617866516113,False,False,False,-0.6793231268410663,False
pirl,0,17,0,0.517370508115838,200,-151.6273658982479,0.4337143142624154,86.74286285248309,0.5349253337050045,0.16453095076468086,1,0,1,0.005,0.0,0.005,150,-1.0649528503417969,1.489988923072815,0.11503183841705322,0.11763549596071243,-0.08377635478973389,0.10000000149011612,0.6764082645283439,0.01503354603796187,0.0016255040502081302,0.01665905008817,-2.0106325149536133,2.399901056901951,0.034127985367071095,0.5277585808893224,0.6937769651412964,-0.2324819415807724,False,False,False,-0.6765470489363673,False
pirl,0,17,0,0.517370508115838,200,-151.6273658982479,0.4337143142624154,86.74286285248309,0.5349253337050045,0.16453095076468086,1,0,1,0.005,0.0,0.005,151,-1.0733305215835571,1.4999885559082031,0.11503183841705322,0.11763549596071243,-0.0836910605430603,0.10000000149011612,0.6736145239032505,0.015060281142980747,0.0016269211034406295,0.016687202246421378,-2.0085854530334473,2.3999008808815874,0.03415431101165708,0.5279008905185376,0.6897532939910889,-0.2337215542793274,False,False,False,-0.6737532676404869,False
pirl,0,17,0,0.517370508115838,200,-151.6273658982479,0.4337143142624154,86.74286285248309,0.5349253337050045,0.16453095076468086,1,0,1,0.005,0.0,0.005,152,-1.0816996097564697,1.5099880695343018,0.11503183841705322,0.11763549596071243,-0.08360578119754791,0.10000000149011612,0.6708032327313707,0.015067969755184539,0.0016272067551474276,0.016695176510331967,-2.0065387487411503,2.399900830260791,0.03413960002132176,0.5280431388519597,0.6857140064239502,-0.23492491245269775,False,False,False,-0.6709419257386751,False
pirl,0,17,0,0.517370508115838,200,-151.6273658982479,0.4337143142624154,86.74286285248309,0.5349253337050045,0.16453095076468086,1,0,1,0.005,0.0,0.005,153,-1.0900602340698242,1.51998770236969,0.11503183841705322,0.11763549596071243,-0.08352044224739075,0.10000000149011612,0.6679744242471136,0.015094735051488357,0.001628663649351888,0.016723398700840244,-2.004490613937378,2.399900654041652,0.03416588568787342,0.5281854967089925,0.6816592812538147,-0.23609204590320587,False,False,False,-0.6681130766484493,False
pirl,0,17,0,0.517370508115838,200,-151.6273658982479,0.4337143142624154,86.74286285248309,0.5349253337050045,0.16453095076468086,1,0,1,0.005,0.0,0.005,154,-1.098412275314331,1.5299873352050781,0.11503183841705322,0.11763549596071243,-0.0834350734949112,0.10000000149011612,0.6651282876698729,0.01511392470080519,0.0016297109661110498,0.01674363566691624,-2.0024417638778687,2.3999005276995624,0.03417589824456531,0.5283278962850115,0.6775895357131958,-0.23722289502620697,False,False,False,-0.6652668954726277,False
pirl,0,17,0,0.517370508115838,200,-151.6273658982479,0.4337143142624154,86.74286285248309,0.5349253337050045,0.16453095076468086,1,0,1,0.005,0.0,0.005,155,-1.1067557334899902,1.5399868488311768,0.11503183841705322,0.11763549596071243,-0.08334968984127045,0.10000000149011612,0.6622648093841126,0.015129237882409078,0.0016304687164509966,0.016759706598860075,-2.0003925561904903,2.3999004268796176,0.03417737740943091,0.5284703020242175,0.6735049486160278,-0.23831740021705627,False,False,False,-0.662403370549973,False
pirl,0,17,0,0.517370508115838,200,-151.6273658982479,0.4337143142624154,86.74286285248309,0.5349253337050045,0.16453095076468086,1,0,1,0.005,0.0,0.005,156,-1.1150907278060913,1.549986481666565,0.11503183841705322,0.11763549596071243,-0.08326424658298492,0.10000000149011612,0.6593842332820553,0.015156035246152166,0.001631967417412007,0.016788002663564172,-1.998341917991638,2.399900250449351,0.034203499556716845,0.5286128166057038,0.6694059371948242,-0.23937560617923737,False,False,False,-0.6595227538937853,False
pirl,0,17,0,0.517370508115838,200,-151.6273658982479,0.4337143142624154,86.74286285248309,0.5349253337050045,0.16453095076468086,1,0,1,0.005,0.0,0.005,157,-1.1234171390533447,1.5599859952926636,0.11503183841705322,0.11763549596071243,-0.0831788182258606,0.10000000149011612,0.6564865788307147,0.01516371092909929,0.0016322595827513505,0.01679597051185064,-1.9962916374206545,2.3999001999136786,0.034188449418981075,0.5287552684782829,0.6652926802635193,-0.24039751291275024,False,False,False,-0.6566250487838108,False
pirl,0,17,0,0.517370508115838,200,-151.6273658982479,0.4337143142624154,86.74286285248309,0.5349253337050045,0.16453095076468086,1,0,1,0.005,0.0,0.005,158,-1.1317349672317505,1.5699856281280518,0.11503183841705322,0.11763549596071243,-0.0830933153629303,0.10000000149011612,0.653571892932215,0.015194298953793746,0.001633975654918551,0.016828274608712297,-1.994239568710327,2.399899998526206,0.0342224503643003,0.5288978620214675,0.6611654758453369,-0.24138298630714417,False,False,False,-0.6537103243799003,False
pirl,0,17,0,0.517370508115838,200,-151.6273658982479,0.4337143142624154,86.74286285248309,0.5349253337050045,0.16453095076468086,1,0,1,0.005,0.0,0.005,159,-1.1400443315505981,1.57998526096344,0.11503183841705322,0.11763549596071243,-0.08300784230232239,0.10000000149011612,0.6506404186752026,0.015198152142551333,0.0016340361731262102,0.016832188315677545,-1.9921882152557373,2.399899973157326,0.03419910296007819,0.5290403582838011,0.6570246815681458,-0.24233216047286987,False,False,False,-0.6507787974669855,False
pirl,0,17,0,0.517370508115838,200,-151.6273658982479,0.4337143142624154,86.74286285248309,0.5349253337050045,0.16453095076468086,1,0,1,0.005,0.0,0.005,160,-1.1483451128005981,1.5899847745895386,0.11503183841705322,0.11763549596071243,-0.08292219042778015,0.10000000149011612,0.6476921441203157,0.01525556612444979,0.0016375068571993653,0.016893072981649156,-1.9901325702667234,2.3998995951513313,0.0342904510657755,0.5291832351632418,0.6528705358505249,-0.24324488639831543,False,False,False,-0.6478304986671701,False
pirl,0,17,0,0.517370508115838,200,-151.6273658982479,0.4337143142624154,86.74286285248309,0.5349253337050045,0.16453095076468086,1,0,1,0.005,0.0,0.005,161,-1.1566373109817505,1.5999844074249268,0.11503183841705322,0.11763549596071243,-0.08283661305904388,0.10000000149011612,0.6447272305659939,0.015248051417644183,0.0016369449461917035,0.016884996363835888,-1.9880787134170532,2.3998996446271574,0.03424283003914681,0.5293259136217383,0.6487033367156982,-0.2441212385892868,False,False,False,-0.6448655264617836,False
pirl,0,17,0,0.517370508115838,200,-151.6273658982479,0.4337143142624154,86.74286285248309,0.5349253337050045,0.16453095076468086,1,0,1,0.005,0.0,0.005,162,-1.1649210453033447,1.6099839210510254,0.11503183841705322,0.11763549596071243,-0.0827508419752121,0.10000000149011612,0.641745673606995,0.015309245322434885,0.0016406147023343223,0.016949860024769208,-1.98602020740509,2.399899241734655,0.034341780550588404,0.5294690043740324,0.6445233225822449,-0.24496108293533325,False,False,False,-0.6418839472473536,False
pirl,0,17,0,0.517370508115838,200,-151.6273658982479,0.4337143142624154,86.74286285248309,0.5349253337050045,0.16453095076468086,1,0,1,0.005,0.0,0.005,163,-1.1731960773468018,1.6199835538864136,0.11503183841705322,0.11763549596071243,-0.08266519010066986,0.10000000149011612,0.6387477944673946,0.015290243796899675,0.001639315323522894,0.016929559120422568,-1.9839645624160769,2.399899366838164,0.03426949365072189,0.5296117939309104,0.6403308510780334,-0.24576468765735626,False,False,False,-0.6388860033594463,False
pirl,0,17,0,0.517370508115838,200,-151.6273658982479,0.4337143142624154,86.74286285248309,0.5349253337050045,0.16453095076468086,1,0,1,0.005,0.0,0.005,164,-1.1814626455307007,1.6299831867218018,0.11503183841705322,0.11763549596071243,-0.08257944881916046,0.10000000149011612,0.6357334959790291,0.015324524634396111,0.0016411591327794065,0.016965683767175516,-1.981906771659851,2.3998991411377046,0.03431039553860545,0.5297547539123213,0.6361261606216431,-0.24653175473213196,False,False,False,-0.6358716683206485,False
pirl,0,17,0,0.517370508115838,200,-151.6273658982479,0.4337143142624154,86.74286285248309,0.5349253337050045,0.16453095076468086,1,0,1,0.005,0.0,0.005,165,-1.1897205114364624,1.6399827003479004,0.11503183841705322,0.11763549596071243,-0.08249369263648987,0.10000000149011612,0.6327029835895738,0.015339896058515939,0.0016420049635908088,0.016981901022106748,-1.9798486232757568,2.3998990399342994,0.03431131822833493,0.5298977177382727,0.6319095492362976,-0.24726243317127228,False,False,False,-0.632841109441966,False
pirl,0,17,0,0.517370508115838,200,-151.6273658982479,0.4337143142624154,86.74286285248309,0.5349253337050045,0.16453095076468086,1,0,1,0.005,0.0,0.005,166,-1.197969913482666,1.6499823331832886,0.11503183841705322,0.11763549596071243,-0.08240790665149689,0.10000000149011612,0.6296562955062864,0.015359004545003913,0.0016430107333689505,0.017002015278372862,-1.9777897596359253,2.3998989141265747,0.03431994158222082,0.5300407174948653,0.6276812553405762,-0.24795666337013245,False,False,False,-0.6297943768477545,False
pirl,0,17,0,0.517370508115838,200,-151.6273658982479,0.4337143142624154,86.74286285248309,0.5349253337050045,0.16453095076468086,1,0,1,0.005,0.0,0.005,167,-1.206210732460022,1.6599818468093872,0.11503183841705322,0.11763549596071243,-0.08232192695140839,0.10000000149011612,0.6265936884042066,0.015420325468742722,0.0016468197873628547,0.017067145256105577,-1.9757262468338015,2.3998985103977963,0.03441854211790047,0.5301841280870232,0.6234416365623474,-0.2486145943403244,False,False,False,-0.6267317476532044,False
pirl,0,17,0,0.517370508115838,200,-151.6273658982479,0.4337143142624154,86.74286285248309,0.5349253337050045,0.16453095076468086,1,0,1,0.005,0.0,0.005,168,-1.2144429683685303,1.6699814796447754,0.11503183841705322,0.11763549596071243,-0.08223609626293182,0.10000000149011612,0.62351513137855,0.015393646649380519,0.0016450215466017521,0.017038668195982272,-1.973666310310364,2.3998986860475826,0.03432980683291385,0.530327168948827,0.6191909313201904,-0.24923604726791382,False,False,False,-0.6236531218507676,False
pirl,0,17,0,0.517370508115838,200,-151.6273658982479,0.4337143142624154,86.74286285248309,0.5349253337050045,0.16453095076468086,1,0,1,0.005,0.0,0.005,169,-1.2226665019989014,1.679980993270874,0.11503183841705322,0.11763549596071243,-0.08215014636516571,0.10000000149011612,0.6204208512864581,0.0154355515562082,0.0016473395779792745,0.017082891134187473,-1.9716035127639773,2.3998984101512684,0.03438623530384129,0.5304704449292597,0.6149294376373291,-0.24982120096683502,False,False,False,-0.6205588093020925,False
pirl,0,17,0,0.517370508115838,200,-151.6273658982479,0.4337143142624154,86.74286285248309,0.5349253337050045,0.16453095076468086,1,0,1,0.005,0.0,0.005,170,-1.2308815717697144,1.6899806261062622,0.11503183841705322,0.11763549596071243,-0.0820641964673996,0.10000000149011612,0.6173108877829769,0.015447119064032806,0.0016479769704760268,0.017095096034508834,-1.9695407152175903,2.39989833399234,0.03437870711532961,0.5306136895422402,0.6106573939323425,-0.25036999583244324,False,False,False,-0.6174487973479105,False
pirl,0,17,0,0.517370508115838,200,-151.6273658982479,0.4337143142624154,86.74286285248309,0.5349253337050045,0.16453095076468086,1,0,1,0.005,0.0,0.005,171,-1.2390879392623901,1.6999801397323608,0.11503183841705322,0.11763549596071243,-0.08197818696498871,0.10000000149011612,0.6141853369025719,0.01547387279982617,0.0016494763646004733,0.017123349164426642,-1.967476487159729,2.399898157849314,0.034403056187779134,0.5307570356096892,0.6063750982284546,-0.2508823871612549,False,False,False,-0.6143232060558205,False
pirl,0,17,0,0.517370508115838,200,-151.6273658982479,0.4337143142624154,86.74286285248309,0.5349253337050045,0.16453095076468086,1,0,1,0.005,0.0,0.005,172,-1.2472857236862183,1.709979772567749,0.11503183841705322,0.11763549596071243,-0.08189219236373901,0.10000000149011612,0.6110444019507879,0.015481523153980553,0.0016497877062858868,0.017131310860266438,-1.9654126167297363,2.3998981074804036,0.034386903327086854,0.5309003143735521,0.6020828485488892,-0.2513585090637207,False,False,False,-0.6111822205913379,False
pirl,0,17,0,0.517370508115838,200,-151.6273658982479,0.4337143142624154,86.74286285248309,0.5349253337050045,0.16453095076468086,1,0,1,0.005,0.0,0.005,173,-1.2554750442504883,1.7199792861938477,0.11503183841705322,0.11763549596071243,-0.08180594444274902,0.10000000149011612,0.6078881886512749,0.015558118465733383,0.0016545594908049987,0.017212677956538382,-1.9633426666259766,2.3998976031870933,0.0345166911525092,0.5310441339200209,0.5977809429168701,-0.2517983317375183,False,False,False,-0.608025993347716,False
pirl,0,17,0,0.517370508115838,200,-151.6273658982479,0.4337143142624154,86.74286285248309,0.5349253337050045,0.16453095076468086,1,0,1,0.005,0.0,0.005,174,-1.2636555433273315,1.7299789190292358,0.11503183841705322,0.11763549596071243,-0.08171987533569336,0.10000000149011612,0.6047167154165827,0.015523838751111426,0.001652339366995591,0.017176178118107018,-1.9612770080566404,2.399897828880159,0.03441199367875949,0.5311875172270157,0.593469500541687,-0.2522019147872925,False,False,False,-0.6048544473844593,False
pirl,0,17,0,0.517370508115838,200,-151.6273658982479,0.4337143142624154,86.74286285248309,0.5349253337050045,0.16453095076468086,1,0,1,0.005,0.0,0.005,175,-1.2718275785446167,1.7399784326553345,0.11503183841705322,0.11763549596071243,-0.08163371682167053,0.10000000149011612,0.6015302121528757,0.015558024815856034,0.0016541213109124103,0.017212146126768444,-1.959209203720093,2.399897603803671,0.03445114718139003,0.5313310636736048,0.589148998260498,-0.25256919860839844,False,False,False,-0.6016679075963091,False
pirl,0,17,0,0.517370508115838,200,-151.6273658982479,0.4337143142624154,86.74286285248309,0.5349253337050045,0.16453095076468086,1,0,1,0.005,0.0,0.005,176,-1.2799909114837646,1.7499780654907227,0.11503183841705322,0.11763549596071243,-0.0815475583076477,0.10000000149011612,0.5983287823648819,0.015569540974730386,0.0016547279629195162,0.017224268937649903,-1.957141399383545,2.3998975279828176,0.03444297075873786,0.5314745760517663,0.5848196148872375,-0.25290030241012573,False,False,False,-0.5984664293910752,False
pirl,0,17,0,0.517370508115838,200,-151.6273658982479,0.4337143142624154,86.74286285248309,0.5349253337050045,0.16453095076468086,1,0,1,0.005,0.0,0.005,177,-1.288145661354065,1.7599775791168213,0.11503183841705322,0.11763549596071243,-0.08146126568317413,0.10000000149011612,0.5951125793523314,0.015615461805577975,0.001657500030931647,0.017272961836509622,-1.9550703763961792,2.3998972256461952,0.03450715651557283,0.5316183558705811,0.5804815888404846,-0.2531953454017639,False,False,False,-0.5952501962165265,False
pirl,0,17,0,0.517370508115838,200,-151.6273658982479,0.4337143142624154,86.74286285248309,0.5349253337050045,0.16453095076468086,1,0,1,0.005,0.0,0.005,178,-1.2962918281555176,1.7699772119522095,0.11503183841705322,0.11763549596071243,-0.08137500286102295,0.10000000149011612,0.591881664891516,0.015619368511709981,0.0016576620383119583,0.01727703055002194,-1.9530000686645506,2.399897199924964,0.03448284626003329,0.5317620343966646,0.5761352777481079,-0.25345414876937866,False,False,False,-0.5920192293263237,False
pirl,0,17,0,0.517370508115838,200,-151.6273658982479,0.4337143142624154,86.74286285248309,0.5349253337050045,0.16453095076468086,1,0,1,0.005,0.0,0.005,179,-1.304429292678833,1.779976725578308,0.11503183841705322,0.11763549596071243,-0.08128876984119415,0.10000000149011612,0.5886361840057168,0.01562305506123154,0.0016576155435098043,0.017280670604741345,-1.95093047618866,2.399897175653214,0.03445760111131815,0.5319056077346284,0.5717808604240417,-0.2536768913269043,False,False,False,-0.5887736958564124,False
pirl,0,17,0,0.517370508115838,200,-151.6273658982479,0.4337143142624154,86.74286285248309,0.5349253337050045,0.16453095076468086,1,0,1,0.005,0.0,0.005,180,-1.3125581741333008,1.7899763584136963,0.11503183841705322,0.11763549596071243,-0.0812024474143982,0.10000000149011612,0.5853763401190232,0.01565741823211886,0.001659593208033942,0.017317011440152803,-1.9488587379455569,2.3998969494106825,0.03449694901255626,0.5320493450221807,0.56741863489151,-0.25386369228363037,False,False,False,-0.5855138156912935,False
pirl,0,17,0,0.517370508115838,200,-151.6273658982479,0.4337143142624154,86.74286285248309,0.5349253337050045,0.16453095076468086,1,0,1,0.005,0.0,0.005,181,-1.320678472518921,1.799975872039795,0.11503183841705322,0.11763549596071243,-0.08111600577831268,0.10000000149011612,0.5821022320070702,0.015699611424183108,0.0016622314702112832,0.01736184289439439,-1.9467841386795042,2.399896671616337,0.0345529382768472,0.5321933155983343,0.5630489587783813,-0.25401443243026733,False,False,False,-0.5822396755313236,False
pirl,0,17,0,0.517370508115838,200,-151.6273658982479,0.4337143142624154,86.74286285248309,0.5349253337050045,0.16453095076468086,1,0,1,0.005,0.0,0.005,182,-1.3287900686264038,1.809975504875183,0.11503183841705322,0.11763549596071243,-0.08102963864803314,0.10000000149011612,0.5788138421452171,0.015691983875032463,0.0016616210393181382,0.0173536049143506,-1.9447113275527954,2.3998967218351033,0.034504097678743274,0.5323370826719958,0.5586718916893005,-0.25412917137145996,False,False,False,-0.578951227161242,False
pirl,0,17,0,0.517370508115838,200,-151.6273658982479,0.4337143142624154,86.74286285248309,0.5349253337050045,0.16453095076468086,1,0,1,0.005,0.0,0.005,183,-1.3368929624557495,1.8199750185012817,0.11503183841705322,0.11763549596071243,-0.0809432864189148,0.10000000149011612,0.5755115068098757,0.015699435571822642,0.0016617751007604441,0.01736121067258309,-1.942638874053955,2.3998966727741258,0.03448642237774202,0.5324807760985697,0.554287850856781,-0.2542080879211426,False,False,False,-0.5756488412842449,False
pirl,0,17,0,0.517370508115838,200,-151.6273658982479,0.4337143142624154,86.74286285248309,0.5349253337050045,0.16453095076468086,1,0,1,0.005,0.0,0.005,184,-1.344987392425537,1.82997465133667,0.11503183841705322,0.11763549596071243,-0.08085675537586212,0.10000000149011612,0.5721953371475866,0.01575682236180041,0.0016652948586416373,0.017422117220442047,-1.940562129020691,2.3998962949471587,0.03457362771026485,0.5326248328806958,0.5498971343040466,-0.2542511522769928,False,False,False,-0.5723326476412879,False
pirl,0,17,0,0.517370508115838,200,-151.6273658982479,0.4337143142624154,86.74286285248309,0.5349253337050045,0.16453095076468086,1,0,1,0.005,0.0,0.005,185,-1.353073000907898,1.8399741649627686,0.11503183841705322,0.11763549596071243,-0.08077031373977661,0.10000000149011612,0.5688654314142605,0.01574542585936248,0.00166451098267002,0.0174099368420325,-1.9384875297546387,2.3998963699802105,0.03451696554415236,0.5327686535704631,0.5454999208450317,-0.2542584538459778,False,False,False,-0.5690026814881388,False
pirl,0,17,0,0.517370508115838,200,-151.6273658982479,0.4337143142624154,86.74286285248309,0.5349253337050045,0.16453095076468086,1,0,1,0.005,0.0,0.005,186,-1.3611500263214111,1.8499737977981567,0.11503183841705322,0.11763549596071243,-0.0806838870048523,0.10000000149011612,0.5655219355477963,0.01575284816421868,0.0016646500152728422,0.017417498179491522,-1.9364132881164553,2.399896321112745,0.03449901195846753,0.5329123994536233,0.5410964488983154,-0.2542300820350647,False,False,False,-0.5656591351174132,False
pirl,0,17,0,0.517370508115838,200,-151.6273658982479,0.4337143142624154,86.74286285248309,0.5349253337050045,0.16453095076468086,1,0,1,0.005,0.0,0.005,187,-1.3692184686660767,1.8599733114242554,0.11503183841705322,0.11763549596071243,-0.08059732615947723,0.10000000149011612,0.5621649239378729,0.01579871604976389,0.0016674142819543534,0.017466130331718243,-1.9343358278274536,2.399896019124708,0.03456164338622485,0.533056406301066,0.5366870164871216,-0.2541659474372864,False,False,False,-0.562302093479031,False
pirl,0,17,0,0.517370508115838,200,-151.6273658982479,0.4337143142624154,86.74286285248309,0.5349253337050045,0.16453095076468086,1,0,1,0.005,0.0,0.005,188,-1.377278208732605,1.8699729442596436,0.11503183841705322,0.11763549596071243,-0.08051079511642456,0.10000000149011612,0.5587946430230135,0.01580258980888401,0.001667588658124783,0.017470178467008792,-1.9322590827941895,2.3998959936203947,0.0345367370295275,0.5332003093720223,0.5322718620300293,-0.2540662884712219,False,False,False,-0.5589317603033089,False
pirl,0,17,0,0.517370508115838,200,-151.6273658982479,0.4337143142624154,86.74286285248309,0.5349253337050045,0.16453095076468086,1,0,1,0.005,0.0,0.005,189,-1.385329246520996,1.8799724578857422,0.11503183841705322,0.11763549596071243,-0.0804242491722107,0.10000000149011612,0.5554112482764046,0.015817751642443145,0.0016683137443866134,0.017486065386829758,-1.9301819801330566,2.399895893796906,0.03453491849118219,0.5333442048657356,0.5278512835502625,-0.2539311349391937,False,False,False,-0.5555483192599333,False
pirl,0,17,0,0.517370508115838,200,-151.6273658982479,0.4337143142624154,86.74286285248309,0.5349253337050045,0.16453095076468086,1,0,1,0.005,0.0,0.005,190,-1.3933717012405396,1.8899719715118408,0.11503183841705322,0.11763549596071243,-0.08033770322799683,0.10000000149011612,0.5520148112829832,0.01582912884540646,0.001668843280560394,0.017497972125966856,-1.928104877471924,2.3998958188909203,0.034525270544360824,0.5334880601596704,0.5234255194664001,-0.2537604570388794,False,False,False,-0.5521518339945558,False
pirl,0,17,0,0.517370508115838,200,-151.6273658982479,0.4337143142624154,86.74286285248309,0.5349253337050045,0.16453095076468086,1,0,1,0.005,0.0,0.005,191,-1.4014054536819458,1.899971604347229,0.11503183841705322,0.11763549596071243,-0.08025111258029938,0.10000000149011612,0.5486055651746538,0.015851988520049418,0.0016701141845384048,0.017522102704587823,-1.926026701927185,2.399895668385873,0.034539452965441905,0.5336319745470265,0.5189948081970215,-0.25355446338653564,False,False,False,-0.5487425457410913,False
pirl,0,17,0,0.517370508115838,200,-151.6273658982479,0.4337143142624154,86.74286285248309,0.5349253337050045,0.16453095076468086,1,0,1,0.005,0.0,0.005,192,-1.4094305038452148,1.9099711179733276,0.11503183841705322,0.11763549596071243,-0.08016464114189148,0.10000000149011612,0.5451835644639565,0.015832707918968594,0.0016686603055313788,0.017501368224499974,-1.9239513874053955,2.399895795326777,0.03446597121815747,0.5337755827604355,0.5145593881607056,-0.2533130943775177,False,False,False,-0.5453204805421366,False
pirl,0,17,0,0.517370508115838,200,-151.6273658982479,0.4337143142624154,86.74286285248309,0.5349253337050045,0.16453095076468086,1,0,1,0.005,0.0,0.005,193,-1.4174469709396362,1.9199707508087158,0.11503183841705322,0.11763549596071243,-0.08007800579071045,0.10000000149011612,0.5417490904736569,0.015886079811119554,0.00167180451095336,0.017557884322072913,-1.9218721389770508,2.3998954439333624,0.034543170215540694,0.5339195126363335,0.5101195573806763,-0.2530365586280823,False,False,False,-0.5418859806441647,False
pirl,0,17,0,0.517370508115838,200,-151.6273658982479,0.4337143142624154,86.74286285248309,0.5349253337050045,0.16453095076468086,1,0,1,0.005,0.0,0.005,194,-1.42545485496521,1.9299702644348145,0.11503183841705322,0.11763549596071243,-0.0799914002418518,0.10000000149011612,0.5383022613163624,0.015889959833423388,0.0016720234683698838,0.01756198330179327,-1.9197936058044434,2.399895418387808,0.03451812474587344,0.534063338156108,0.5056755542755127,-0.25272488594055176,False,False,False,-0.5384390994302438,False
pirl,0,17,0,0.517370508115838,200,-151.6273658982479,0.4337143142624154,86.74286285248309,0.5349253337050045,0.16453095076468086,1,0,1,0.005,0.0,0.005,195,-1.433453917503357,1.9399698972702026,0.11503183841705322,0.11763549596071243,-0.07990480959415436,0.10000000149011612,0.5348431945212146,0.01589741845278662,0.0016722496828398942,0.017569668135626514,-1.9177154302597048,2.3998953692812592,0.03449994893833378,0.534207087943351,0.5012275576591492,-0.2523781657218933,False,False,False,-0.534979982401199,False
pirl,0,17,0,0.517370508115838,200,-151.6273658982479,0.4337143142624154,86.74286285248309,0.5349253337050045,0.16453095076468086,1,0,1,0.005,0.0,0.005,196,-1.4414443969726562,1.9499694108963013,0.11503183841705322,0.11763549596071243,-0.07981820404529572,0.10000000149011612,0.531372075555907,0.0159125582575871,0.0016730008621657377,0.01758555911975284,-1.915636897087097,2.3998952696028044,0.034497710580434784,0.5343508284041029,0.49677586555480957,-0.2519964575767517,False,False,False,-0.5315088173348719,False
pirl,0,17,0,0.517370508115838,200,-151.6273658982479,0.4337143142624154,86.74286285248309,0.5349253337050045,0.16453095076468086,1,0,1,0.005,0.0,0.005,197,-1.449426293373108,1.9599689245224,0.11503183841705322,0.11763549596071243,-0.0797315239906311,0.10000000149011612,0.5278890694535943,0.015943075678763408,0.001674803691217963,0.01761787936998137,-1.9135565757751463,2.399895068680176,0.034527330422739866,0.5344946922808643,0.4923207461833954,-0.25157982110977173,False,False,False,-0.5280257733312714,False
pirl,0,17,0,0.517370508115838,200,-151.6273658982479,0.4337143142624154,86.74286285248309,0.5349253337050045,0.16453095076468086,1,0,1,0.005,0.0,0.005,198,-1.4573993682861328,1.969968557357788,0.11503183841705322,0.11763549596071243,-0.07964494824409485,0.10000000149011612,0.5243943840227724,0.015927640035704044,0.0016736482856613368,0.017601288321365382,-1.9114787578582764,2.399895170306384,0.03446192602861152,0.5346382836393169,0.48786240816116333,-0.2511284351348877,False,False,False,-0.5245310256478204,False
pirl,0,17,0,0.517370508115838,200,-151.6273658982479,0.4337143142624154,86.74286285248309,0.5349253337050045,0.16453095076468086,1,0,1,0.005,0.0,0.005,199,-1.46536386013031,1.9799680709838867,0.11503183841705322,0.11763549596071243,-0.0795583426952362,0.10000000149011612,0.520888125783693,0.01594647935892598,0.0016745416689767072,0.017621021027902688,-1.909400224685669,2.3998950462708,0.03446693552702988,0.5347818958706795,0.4834010899066925,-0.2506422996520996,False,False,False,-0.521024723347792,False
pirl,0,17,0,0.517370508115838,200,-151.6273658982479,0.4337143142624154,86.74286285248309,0.5349253337050045,0.16453095076468086,1,0,1,0.005,0.0,0.005,200,-1.4733197689056396,1.989967703819275,0.11503183841705322,0.11763549596071243,-0.07947179675102234,0.10000000149011612,0.517370508115838,0.01594247032365553,0.0016740890104976998,0.01761655933415323,-1.907323122024536,2.399895072665758,0.0344250802379955,0.5349253337050045,0.478937029838562,-0.2501215636730194,False,False,False,-0.5175070495813924,True
