#{"t_start": 1776692544.1140337, "env_id": null}
r,l,t,is_success,final_distance,tau_sum_total,episode_energy,episode_mean_tau_sum
-94.134688,200,1.258768,0.0,0.4258912428990816,3322.2122794558295,19.672375085085214,16.611061397279148
-135.181885,200,1.380825,0.0,0.6665136837965404,3248.657712629396,18.027090063938733,16.24328856314698
-107.945085,200,1.503307,0.0,0.5902650150390898,3440.571934200915,20.072977471365895,17.202859671004575
-173.248811,200,1.625834,0.0,0.8726011259955141,3520.873172669355,21.135085655933377,17.604365863346775
-172.12171,200,1.748312,0.0,0.8526333092299483,3114.335436284036,17.722224558701253,15.57167718142018
-175.290983,200,1.863338,0.0,0.8622664171899187,3466.3743764103288,20.540870921786304,17.331871882051644
-97.870945,200,1.98386,0.0,0.5595518700815549,3075.1783188649624,18.61138607835345,15.375891594324813
-75.315068,200,2.102363,0.0,0.36287694136932575,3525.3886330615383,20.264930047548084,17.62694316530769
-176.540849,200,2.219005,0.0,0.8689659803011569,3529.894482211921,20.508665428327543,17.649472411059605
-142.134815,200,2.33953,0.0,0.7179663899616809,3221.9557360585018,19.398671624945532,16.109778680292507
-133.149022,200,2.805229,0.0,0.636838407421605,3400.068342020367,19.609457276575267,17.000341710101836
-123.658102,200,2.938692,0.0,0.596290523461705,3215.7348859351196,19.232546072098216,16.078674429675598
-118.536165,200,3.065781,0.0,0.5913718624954312,3490.158990578301,19.840740703950633,17.450794952891506
-142.024107,200,3.191324,0.0,0.7019305226025732,3404.1308023517813,19.772254497122148,17.020654011758907
-40.75745,200,3.313906,0.0,0.20455880123031342,3436.905493909132,20.172069997699495,17.18452746954566
-163.077685,200,3.44976,0.0,0.8504964875208272,3472.362710518457,20.07486498949096,17.361813552592285
-48.673713,200,3.58108,0.0,0.22109075305500137,3466.110944664365,19.735076106775672,17.330554723321825
-88.887113,200,3.705595,0.0,0.4069607306771437,3463.19172152203,20.052349604849496,17.31595860761015
-156.937725,200,3.828633,0.0,0.7401241180418231,3377.080257584876,20.310101810627938,16.88540128792438
-170.402792,200,3.950023,0.0,0.7757825980357934,3266.390793169653,19.0974169773973,16.331953965848264
-114.349929,200,4.384203,0.0,0.535037254256718,3174.7822878872857,19.525762788000122,15.873911439436428
-59.153344,200,4.519719,0.0,0.5374682731029091,3228.98860476559,19.33207788819931,16.14494302382795
-69.055044,200,4.644243,0.0,0.25006574731317943,3351.824964616601,19.347897568099608,16.759124823083006
-105.443579,200,4.770736,0.0,0.5160471905278707,3418.842883962039,19.05880348932263,17.094214419810196
-97.547311,200,4.901097,0.0,0.47645477579459505,2966.8878372684694,17.958886047743803,14.834439186342347
-128.150144,200,5.029722,0.0,0.6589801354958429,3719.035915402311,21.121458134792583,18.595179577011553
-164.408619,200,5.163978,0.0,0.836450547383714,3361.125311417386,19.929166136576523,16.80562655708693
-111.54228,200,5.29193,0.0,0.606019312378613,3351.3360702846066,19.61154864837467,16.756680351423032
-101.188932,200,5.421921,0.0,0.4826261564856865,3341.7854157544984,19.68000229136777,16.708927078772494
-194.718925,200,5.54739,0.0,0.9553899368650836,3430.119623161168,20.05499441129566,17.15059811580584
-73.063062,200,6.028665,0.0,0.3220839883721941,3371.387804198206,20.39158503222906,16.85693902099103
-66.397938,200,6.186711,0.0,0.3502108112533604,3239.3508414951343,19.074693355758097,16.19675420747567
-138.075733,200,6.314262,0.0,0.7699430839837365,3244.0944937350005,18.972183201025,16.220472468675002
-146.003724,200,6.450872,0.0,0.7437962734985422,3262.8182156055323,19.13639549118152,16.314091078027662
-94.981022,200,6.580935,0.0,0.6947549737081387,3235.6938274674567,19.316938360716286,16.178469137337284
-44.787378,200,6.712455,0.0,0.1859373044749231,3254.6381503759553,19.412206827267386,16.273190751879778
-121.414167,200,6.834566,0.0,0.6888180613121729,3574.8038081518184,20.42198440276891,17.87401904075909
-158.139711,200,6.963407,0.0,0.7764214159748081,3474.2722786049285,20.418702354238864,17.371361393024642
-34.580408,200,7.088672,0.0,0.17743795587506228,3556.720036393799,20.13175475737403,17.783600181968996
-182.920204,200,7.206218,0.0,0.9191029078654417,3309.7664680745606,19.030258223350394,16.548832340372805
-193.12702,200,7.645102,0.0,0.8712803943782992,3266.5759660919316,19.113384952464507,16.332879830459657
-118.454801,200,7.794141,0.0,0.5179045956211245,3277.1929636936547,19.958256738197075,16.385964818468274
-127.935417,200,7.943084,0.0,0.48313163751624033,3202.446106996926,19.762763182004726,16.01223053498463
-97.452098,200,8.079151,0.0,0.4781369008887832,3386.9791809477933,19.875125312707272,16.934895904738966
-86.962476,200,8.221344,0.0,0.5333756843147035,3548.976424887635,20.291990678261396,17.744882124438174
-106.816922,200,8.348424,0.0,0.35539023045634976,3202.198249568796,18.9889094058675,16.010991247843982
-85.780981,200,8.471435,0.0,0.146353368832307,3343.057767898035,19.556441140972392,16.715288839490174
-91.082691,200,8.596918,0.0,0.7384956891819859,3150.7934666403235,18.861089603229885,15.753967333201617
-56.35781,200,8.716975,0.0,0.1395751668490069,3465.976003727395,19.933128540578018,17.329880018636974
-65.535644,200,8.840509,0.0,0.12728095990892593,3304.1750458575475,19.534161723849888,16.52087522928774
-174.240593,200,8.96304,0.0,0.863178736282716,3478.705510170639,19.905489544862,17.393527550853197
-123.778733,200,9.420044,0.0,0.8968175331378433,3314.7940512543196,19.71782341025354,16.573970256271597
-61.884417,200,9.560246,0.0,0.48074905637515886,3339.046361242929,19.77730032736949,16.695231806214643
-100.907012,200,9.684211,0.0,0.7585025686668262,3317.740034225831,19.16742940305564,16.588700171129155
-154.760009,200,9.805648,0.0,0.7703320311988145,3291.308008834352,18.986845969182422,16.45654004417176
-178.285702,200,9.929173,0.0,0.9063566323417411,3327.974361354928,18.50498850177086,16.63987180677464
-155.479535,200,10.050719,0.0,0.7426272314432149,3334.1545702483795,19.213682018222023,16.670772851241896
-104.947471,200,10.170789,0.0,0.39020265184972547,3285.8615471803437,19.492061010316753,16.42930773590172
-177.005215,200,10.302334,0.0,0.8550751226030265,3498.0734146199925,20.701931912608682,17.49036707309996
-163.450791,200,10.424849,0.0,0.8096097198371529,3626.9178963202735,20.99599922882203,18.134589481601367
-169.20855,200,10.541437,0.0,0.8649184716483951,3323.1577616520076,19.75610239593139,16.61578880826004
-153.374064,200,10.998707,0.0,0.7433395163259953,3339.9923820458257,19.347144556348404,16.699961910229128
-94.883472,200,11.131223,0.0,0.540909184798192,3530.244702577253,20.100427962905787,17.651223512886265
-39.239572,200,11.260776,0.0,0.22687837599826846,3240.140743558738,19.466617435460073,16.20070371779369
-153.627495,200,11.386781,0.0,0.7387230443793037,3282.783552585721,19.012613172888393,16.413917762928605
-104.82011,200,11.514515,0.0,0.4806952479410893,3029.101353833042,18.6045594823466,15.14550676916521
-179.97024,200,11.636067,0.0,0.9001046415000461,3300.825780379494,19.647733760385474,16.50412890189747
-119.251365,200,11.75759,0.0,0.5912605129449229,3532.064953268319,19.787516281891204,17.660324766341596
-180.000529,200,11.880611,0.0,0.8871683932899126,3234.97757062131,19.36444077530333,16.17488785310655
-82.604336,200,12.002139,0.0,0.654454841532063,3325.2102096573767,19.95691099614994,16.626051048286882
-189.123021,200,12.120593,0.0,0.927682737251417,3279.45682313942,19.33053803612145,16.3972841156971
-80.371124,200,12.535682,0.0,0.4219799786458517,3058.000912571174,17.838589601320017,15.29000456285587
-64.446916,200,12.679753,0.0,0.28301000134767046,3542.650583673181,20.719907258059237,17.713252918365903
-113.251512,200,12.809273,0.0,0.5676692704081343,3438.556677206103,19.882099728586546,17.192783386030513
-91.703512,200,12.936815,0.0,0.6406670626660277,2986.158566042159,17.8362782900016,14.930792830210795
-104.472582,200,13.062338,0.0,0.5015681062231812,3461.0171331005654,19.75681328739869,17.305085665502826
-141.537983,200,13.187393,0.0,0.6994340426739443,3387.908091717535,19.450462028558995,16.939540458587675
-95.991561,200,13.309898,0.0,0.5764246393086803,3320.6319990297484,19.215385960445147,16.603159995148744
-115.093748,200,13.440439,0.0,0.7809841845729293,3303.1473361779117,19.3868932649763,16.51573668088956
-148.582184,200,13.570592,0.0,0.7747250996605484,3272.0707583398935,18.94376767169575,16.360353791699467
-64.070352,200,13.689671,0.0,0.3744363938414054,3498.3645060127255,21.05606239602351,17.49182253006363
-133.096932,200,14.138335,0.0,0.6480323190418854,3280.4323295771624,19.155698228865397,16.402161647885812
-45.368987,177,14.267871,1.0,0.04521731977009193,3013.1663611759172,17.323905423786275,17.023538763705748
-146.825751,200,14.399906,0.0,0.6880275544246481,3529.692155879248,20.48630045650551,17.64846077939624
-61.160225,200,14.52643,0.0,0.2970084901213765,3333.5455456145455,19.222953276975026,16.667727728072727
-118.054522,200,14.650923,0.0,0.30318827042814017,3212.4731917861554,18.580203565074754,16.062365958930776
-101.013946,200,14.775716,0.0,0.34961404769305826,3198.0164602180803,19.1079432321862,15.990082301090402
-69.834583,200,14.899256,0.0,0.36691371829069774,3479.399217480521,20.353110728003482,17.396996087402606
-162.197836,200,15.021804,0.0,0.8031193507271077,3533.435910382854,20.76585915910323,17.66717955191427
-104.332657,200,15.142728,0.0,0.6725941281458594,2974.178594596212,17.87394374035129,14.87089297298106
-183.356666,200,15.266244,0.0,0.9409868034935096,3484.9401594278193,20.575762600663918,17.424700797139096
-119.152845,200,15.384922,0.0,0.7540661962978691,2888.239929995831,17.657935076173917,14.441199649979156
-128.435031,200,15.871387,0.0,0.735200777464871,3279.2529560881753,19.198356685747402,16.396264780440877
-97.460415,200,16.00457,0.0,0.47444825507542443,3476.425982619941,20.41317625550573,17.382129913099703
-126.765523,200,16.132092,0.0,0.6143049873398745,3173.254084617897,19.106446923863036,15.866270423089485
-168.768245,200,16.25733,0.0,0.8126576024441464,3208.394027723834,18.949921230372237,16.04197013861917
-143.658692,200,16.384328,0.0,0.6943428753015541,3483.6054322926443,20.3639164740465,17.418027161463222
-160.086507,200,16.508859,0.0,0.7106055626493344,3208.3368499438466,19.23774397125389,16.041684249719232
-96.082082,200,16.63138,0.0,0.7416359347124251,3255.9465071629156,19.742885037763124,16.279732535814578
-152.795324,200,16.755473,0.0,0.7360145837135882,3171.0681576184425,18.481094134363577,15.855340788092212
-156.28138,200,16.87886,0.0,0.6968082618114577,3439.297184763103,19.6335702128619,17.196485923815516
-135.161309,200,17.000403,0.0,0.5717091560244515,3286.573691150355,19.54138084345945,16.432868455751773
-133.869885,200,17.455528,0.0,0.6520871067319778,3104.7385713492163,18.893872553226476,15.52369285674608
-162.170077,200,17.598976,0.0,0.8056226089290764,3419.13157470201,20.223443308784685,17.09565787351005
-150.135438,200,17.725466,0.0,0.7477296910623659,3184.9511296433184,18.963111938945012,15.924755648216593
-108.888419,200,17.846973,0.0,0.6911564273231435,3302.012441017531,19.220293562593184,16.510062205087653
-129.551849,200,17.972747,0.0,0.6720837602528418,3553.965948597251,20.929162371480253,17.769829742986257
-96.666356,200,18.100832,0.0,0.3652381423671729,3338.21843481684,19.636104634717803,16.6910921740842
-136.905125,200,18.221375,0.0,0.7159197209832628,3289.177471193319,19.812526863540818,16.445887355966594
-125.493165,200,18.340896,0.0,0.8781709448347451,3289.0372470208504,19.252895261024975,16.445186235104252
-116.727668,200,18.462455,0.0,0.5779903351802127,3706.471496452995,21.324563051010553,18.532357482264974
-148.088695,200,18.582449,0.0,0.8483766097030059,3339.248833903423,19.603685820062395,16.696244169517115
-56.222697,200,19.014494,0.0,0.2910305385064221,3321.6686506676847,18.855579949278674,16.608343253338422
-132.628748,200,19.153526,0.0,0.5262035549729541,3348.98953581826,19.68098820575404,16.7449476790913
-72.051225,200,19.284587,0.0,0.21729649308579824,3332.418431699701,19.41857807367384,16.662092158498506
-113.808167,200,19.412617,0.0,0.5673415027843755,3322.5321542150987,19.855053957236915,16.612660771075493
-82.360717,200,19.536149,0.0,0.5338342433074873,3319.9072857484944,19.581409079139185,16.59953642874247
-51.12314,200,19.661678,0.0,0.3057271226178912,3328.2883277601222,18.749273259672233,16.64144163880061
-161.518158,200,19.784765,0.0,0.7274942629007487,3217.5298017787445,19.161199337678354,16.087649008893724
-145.968132,200,19.909246,0.0,0.7043632833995012,3402.821762484017,20.07029855028372,17.014108812420087
-79.22802,200,20.036767,0.0,0.4661721412724785,3582.2103533405184,20.12014584870717,17.91105176670259
-184.286098,200,20.155919,0.0,0.7896782518417259,3581.615146133284,20.865289772325053,17.90807573066642
-49.502038,200,20.577114,0.0,0.36637398841020996,3655.8445154488213,21.113867236165493,18.279222577244106
-102.836861,200,20.712242,0.0,0.5098499451909435,3682.3543045016645,20.84000613166647,18.41177152250832
-119.683879,200,20.842776,0.0,0.5842949911986907,3404.889305811301,20.479784974773143,17.024446529056505
-81.20756,200,20.970311,0.0,0.35247278205620525,3337.6514011597314,19.37026545433838,16.688257005798658
-129.198339,200,21.096392,0.0,0.7071892037735242,3305.373279561123,19.006452829728996,16.526866397805616
-121.466055,200,21.221881,0.0,0.48920455409007,3364.3688578172646,19.551232445681798,16.82184428908632
-75.308145,200,21.347403,0.0,0.31109017954911894,3547.4502890490057,20.134411940027224,17.73725144524503
-168.398048,200,21.46994,0.0,0.7847749027457306,3274.0607416110643,18.662507014077015,16.37030370805532
-133.031173,200,21.599733,0.0,0.553137641466765,3256.231809852458,19.02476960272977,16.28115904926229
-68.409984,200,21.720254,0.0,0.27045891044664566,3426.3729189540218,19.902388325381626,17.131864594770107
-128.39784,200,21.837811,0.0,0.6678293524180277,3314.1431624321003,19.400048932055174,16.5707158121605
-133.41625,200,22.286274,0.0,0.6253828053356209,3575.277234642093,20.71194727763612,17.876386173210463
-51.462167,200,22.438521,0.0,0.13098936505699435,3280.8023369235093,19.39311337311483,16.404011684617547
-104.755894,200,22.564312,0.0,0.47390436802915836,3242.8684755209965,18.807079301485143,16.214342377604982
-135.634452,200,22.692327,0.0,0.5557192723895052,3305.8525310074233,18.380886837545468,16.529262655037115
-103.486338,200,22.814853,0.0,0.45843781378933895,3325.6580784373355,19.596561584940385,16.628290392186678
-186.212295,200,22.940404,0.0,0.9435376837349394,3540.611650394613,19.676794248193147,17.703058251973065
-100.208649,200,23.060915,0.0,0.42947294958753535,3370.236323999441,19.34950610947231,16.851181619997206
-83.29362,200,23.183987,0.0,0.30688323309401916,3507.4768694669797,20.504490333187235,17.5373843473349
-166.485405,200,23.308492,0.0,0.8112573667121458,3363.4601816555455,19.596437706549345,16.817300908277726
-68.772315,200,23.430045,0.0,0.21300422202250666,3088.0860765907632,19.043977362639257,15.440430382953815
-152.470561,200,23.869032,0.0,0.8123304497755987,3337.6884835205906,19.400481721127836,16.688442417602953
-29.174467,110,23.947555,1.0,0.04999038600435204,1888.7637567991155,10.606932099842911,17.17057960726469
-181.988508,200,24.074615,0.0,0.8763914641923473,3452.4241487008735,19.547483318978475,17.26212074350437
-135.175934,200,24.198161,0.0,0.5688143674401793,2865.858712022451,17.689013645344556,14.329293560112255
-102.244698,200,24.32248,0.0,0.5632529194063821,3313.719753361806,19.0617617610881,16.56859876680903
-65.344785,200,24.447117,0.0,0.47185498168368,3198.334688980525,18.942554686644367,15.991673444902624
-97.947543,200,24.571876,0.0,0.4611123862371311,3495.6072397270814,21.010246283432014,17.478036198635408
-135.974087,200,24.696578,0.0,0.5077286678697157,2964.680662776351,17.596319049454888,14.823403313881753
-109.358478,200,24.825128,0.0,0.520891183769065,3436.1965886912703,20.220722870829242,17.180982943456353
-100.0214,200,24.941617,0.0,0.3333668019260489,3486.370698084597,19.934850116816033,17.431853490422984
-149.102295,200,25.064221,0.0,0.6820796456879162,3482.678322567801,19.894207413274245,17.413391612839003
-39.376868,148,25.477782,1.0,0.047561317710706236,2587.609425593458,15.374552041265709,17.483847470226067
-142.648417,200,25.619859,0.0,0.6429314088924594,3344.9163688375597,19.50698618520189,16.7245818441878
-113.931555,200,25.744427,0.0,0.6524629164415401,3443.808457654145,19.47576931660215,17.219042288270725
-173.736802,200,25.870927,0.0,0.796065514313095,3579.6713025735926,20.363490535209493,17.898356512867963
-64.044423,200,25.996651,0.0,0.2649005042706904,3232.474578850356,18.936900634067594,16.16237289425178
-158.264694,200,26.121171,0.0,0.762142624451244,3364.094224069036,19.38578700242509,16.82047112034518
-173.956954,200,26.246681,0.0,0.8387477959962107,3445.9729867802566,19.9868542879704,17.229864933901283
-110.602908,200,26.372255,0.0,0.30090012816596984,3268.1148739943346,19.184039463653406,16.340574369971673
-93.732708,200,26.494319,0.0,0.4417503700769293,3285.1324940673585,18.902007914561267,16.425662470336793
-42.554866,200,26.608836,0.0,0.28415491587215175,3333.377017217866,19.741193746585164,16.66688508608933
-65.487878,200,27.064466,0.0,0.23169673845593244,3309.3480772247412,19.454682460092606,16.546740386123705
-68.565349,200,27.199495,0.0,0.21725250120406678,3238.9971731402243,18.118403341326093,16.19498586570112
-135.952714,200,27.327284,0.0,0.551957101348716,2915.612038344431,17.99421016522943,14.578060191722154
-178.771094,200,27.45076,0.0,0.8797474704171407,3350.606740809969,19.46211411104193,16.753033704049844
-121.160267,200,27.582983,0.0,0.3858342510791894,3273.724567696685,18.9215218789483,16.368622838483425
-161.50091,200,27.705528,0.0,0.5965903847287848,3163.047096565433,19.535355536414716,15.815235482827166
-87.109522,200,27.828043,0.0,0.29883702236244636,3329.8593533643566,18.74297534004595,16.649296766821784
-171.729776,200,27.953558,0.0,0.7927660261289629,3409.6502072638737,19.588306992345185,17.048251036319368
-63.742744,200,28.07289,0.0,0.3530349998739386,2975.468634454576,17.248099321578007,14.87734317227288
-162.629197,200,28.193911,0.0,0.7576470814344825,3461.9151836386604,20.264322237152868,17.309575918193303
-130.631725,200,28.623992,0.0,0.8345714325862229,3168.7838015584257,18.978886606407784,15.84391900779213
-97.939997,200,28.766508,0.0,0.27636341293158645,3231.418932237537,19.3985885247598,16.157094661187685
-160.00879,200,28.91053,0.0,0.8128008343781791,3170.804742127886,18.952305971968578,15.854023710639431
-68.140539,200,29.044481,0.0,0.3509921891069525,3403.956214503838,19.867976506427908,17.01978107251919
-48.890097,200,29.169565,0.0,0.376355303256941,2974.180512405261,17.884116589957905,14.870902562026306
-149.898808,200,29.293604,0.0,0.6422589149199754,3236.0274805012796,18.895402892343213,16.180137402506396
-176.748561,200,29.421147,0.0,0.9013648495687963,3226.901952760433,18.6854925221714,16.134509763802164
-65.174788,200,29.547041,0.0,0.40996630524479416,3079.370823001474,18.33054037606231,15.39685411500737
-106.928538,200,29.671602,0.0,0.5784763293780932,3047.0962260150827,18.186490446918356,15.235481130075414
-66.840466,200,29.794169,0.0,0.5152558867513948,3351.144963919115,19.291753673434116,16.755724819595574
-194.812009,200,29.916706,0.0,0.9789115262379939,3249.0648371900443,19.006164932501985,16.24532418595022
-61.722423,200,30.348574,0.0,0.2124529535963189,3511.5984891166786,20.454707731339976,17.557992445583395
-133.721558,200,30.485608,0.0,0.6519304269773895,3398.095869410561,20.056855584310195,16.990479347052805
-75.174173,200,30.613139,0.0,0.6386553054660937,3166.591827408152,19.34139852960935,15.83295913704076
-44.365481,200,30.739667,0.0,0.2077910125133884,3334.0537807185783,18.841251138876004,16.67026890359289
-78.453086,200,30.861187,0.0,0.35014548692794756,3319.2798422569854,19.883037178669117,16.596399211284925
-117.425002,200,30.989236,0.0,0.4358978809145735,3312.613664505363,19.203659579834536,16.563068322526814
-125.479225,200,31.109754,0.0,0.5960074143223298,3293.8642514582443,19.620187326777756,16.46932125729122
-139.117628,200,31.235512,0.0,0.690301654757863,3556.298026386304,19.982144000365057,17.78149013193152
-130.922677,200,31.35651,0.0,0.6452158928367432,3379.7196529041926,20.126649641756753,16.898598264520963
-60.806118,200,31.481559,0.0,0.3408513512877043,2965.876790499241,18.38055344919922,14.829383952496205
-107.532467,200,31.900591,0.0,0.48188062137645293,3377.9905923740434,19.630076117547308,16.889952961870218
-163.310146,200,32.04911,0.0,0.7619833162088447,3559.7353676862776,20.53623259196128,17.798676838431387
-149.829617,200,32.177639,0.0,0.7441110995110604,3697.543360018011,21.107531943114633,18.487716800090055
-47.776161,200,32.303681,0.0,0.2772389721067394,3114.419126689604,18.314888152940725,15.57209563344802
-155.623225,200,32.427203,0.0,0.7489365772196228,3490.4647438853212,19.890409210068608,17.452323719426605
-138.119083,200,32.550661,0.0,0.5036362330034386,3182.664028515319,18.98407508837839,15.913320142576595
-59.813547,200,32.675184,0.0,0.50610813221148,2993.06098983178,18.361772924070664,14.965304949158899
-156.213152,200,32.800231,0.0,0.6744959503369009,3157.497490248551,18.94285200059187,15.787487451242756
-108.063995,200,32.924757,0.0,0.4906205958726102,2956.807653913671,18.157239693370133,14.784038269568354
-72.827581,200,33.047278,0.0,0.3002138434173564,3039.370629570701,17.96361594701632,15.196853147853506
-111.358315,200,33.521929,0.0,0.46088273433779264,3331.3166627236124,19.92263691343784,16.65658331361806
-157.30478,200,33.657449,0.0,0.7085119162724237,3169.579035782605,19.292073180312446,15.847895178913024
-136.294576,200,33.783248,0.0,0.4844222890715337,2731.2530824536666,17.004333136880142,13.656265412268333
-79.101332,200,33.908737,0.0,0.47071034036105697,3345.9976852585587,19.714076313437545,16.729988426292792
-180.313879,200,34.034271,0.0,0.9040435449042152,3347.593267417826,19.338991251105096,16.73796633708913
-91.978338,200,34.158557,0.0,0.5922901235469091,3189.168343089564,19.012210647034607,15.94584171544782
-139.209362,200,34.279546,0.0,0.6952867543732583,3415.351357809259,19.429203118869722,17.076756789046293
-106.208389,200,34.405902,0.0,0.5358665266217162,3153.077945549524,18.065451934536824,15.76538972774762
-112.282368,200,34.528427,0.0,0.5243873189092523,3577.8344309891218,20.020961166644213,17.88917215494561
-61.958359,200,34.653967,0.0,0.3814981418506733,3381.2286645702225,19.543385674767517,16.90614332285111
-76.749532,200,35.109671,0.0,0.5169610454851465,2641.7946229713525,16.43763026194623,13.208973114856763
-28.21606,86,35.172672,1.0,0.046052728459858874,1184.8868230884939,7.253435600223726,13.777753756842952
-129.869184,200,35.321704,0.0,0.6207251225341063,3591.3594332838293,20.551211369487753,17.956797166419147
-83.377158,200,35.451262,0.0,0.7194619043865917,2609.389859765487,16.75605391077035,13.046949298827435
-13.040661,52,35.485819,1.0,0.04586747340135189,536.8599163154805,3.935824383146589,10.324229159913086
-138.279079,200,35.612815,0.0,0.5286733674489652,3319.8510967213324,19.638844962352337,16.59925548360666
-112.188306,200,35.734572,0.0,0.5167964678311849,2883.727454764706,17.494351750703892,14.418637273823531
-100.813235,200,35.864062,0.0,0.4507389515017358,3423.159443776654,20.305110344274677,17.11579721888327
-93.406843,200,35.991106,0.0,0.4978150207892418,3060.6718900273445,18.525518916904467,15.303359450136723
-140.682712,200,36.11463,0.0,0.7529586462922568,3344.0791345279963,19.489806957607993,16.72039567263998
-54.7951,200,36.23869,0.0,0.4226011211133491,3013.936610808676,18.12704936389669,15.06968305404338
-48.180499,200,36.356218,0.0,0.3058175974753703,3095.3984126310215,18.61340889196425,15.476992063155107
-51.886361,200,36.78584,0.0,0.32627420484258046,3089.218481856942,18.631120640339017,15.446092409284711
-156.119637,200,36.91838,0.0,0.7814976961198767,3145.6000326661315,18.768834906586633,15.728000163330657
-138.767183,200,37.04293,0.0,0.6979321431160057,3421.4197608516592,19.69787233411182,17.107098804258296
-110.514686,200,37.16839,0.0,0.4492003503074033,3037.25985550532,18.488719147629663,15.1862992775266
-167.273469,200,37.290132,0.0,0.821053822912889,3429.981668800275,20.109492027371452,17.149908344001375
-160.490991,200,37.410686,0.0,0.8200928648557796,3253.1880638914777,19.428708304423807,16.26594031945739
-156.447432,200,37.53623,0.0,0.7484439001809063,3123.3628852145303,18.074072329299547,15.61681442607265
-159.058096,200,37.656889,0.0,0.7277003663484395,3383.3439294353325,19.7005744004773,16.916719647176663
-104.501576,200,37.783957,0.0,0.5440451982512707,3515.330783862122,20.264303363858968,17.576653919310612
-150.235455,200,37.908821,0.0,0.7105921951615789,3357.442398609215,19.62301488234219,16.787211993046075
-90.291939,200,38.340502,0.0,0.7948740561330493,2475.5718552563653,15.979744242685733,12.377859276281827
-76.134921,200,38.47298,0.0,0.5406778605066698,3270.7499611392914,19.49914799227342,16.353749805696456
-179.32594,200,38.603999,0.0,0.8888167709920459,3576.3626764273085,20.40007955769285,17.881813382136542
-30.541674,200,38.730555,0.0,0.10366973194189259,3288.2579102255813,19.550521100622422,16.441289551127905
-124.396298,200,38.859092,0.0,0.5948298039035812,3555.51065688714,20.455102539113092,17.7775532844357
-84.896203,200,38.982032,0.0,0.48808082848225015,3288.92847277236,19.528692529186305,16.4446423638618
-113.326756,200,39.107552,0.0,0.5932126033665406,3320.9394281842774,19.517708511520947,16.604697140921388
-146.448119,200,39.233777,0.0,0.6965440610552162,3152.4650164392046,19.0319040791433,15.762325082196023
-70.354872,200,39.355253,0.0,0.6465567101470878,3019.101221362537,17.632738914760537,15.095506106812685
-104.952901,200,39.473799,0.0,0.5521931365342472,3641.387218775837,20.608316865130202,18.206936093879186
-94.955994,200,39.890831,0.0,0.7765340142085578,2182.7523821343484,14.742295747532259,10.913761910671742
-78.740531,200,40.035371,0.0,0.531545493767524,2825.077543257841,17.1439481613224,14.125387716289206
-76.759226,200,40.169406,0.0,0.6285326419730296,2800.480115030288,16.774118224300924,14.002400575151439
-173.586678,200,40.294966,0.0,0.8759975845795906,3143.415883268629,18.7136095965279,15.717079416343145
-131.518043,200,40.421434,0.0,0.6453892973247047,3367.3512518976527,20.429113682220812,16.836756259488265
-168.850048,200,40.546956,0.0,0.7735886450431083,3030.08046519278,17.68063519066551,15.150402325963901
-140.738086,200,40.671454,0.0,0.500127788234591,2782.3665801415705,17.314025600829993,13.911832900707852
-132.648463,200,40.796525,0.0,0.5999689819342318,3034.7473252456894,18.51100086629338,15.173736626228447
-122.683038,200,40.922075,0.0,0.5945857578093858,3206.130253391821,19.003165982143496,16.030651266959104
-93.177443,200,41.041622,0.0,0.7474268661635236,2718.761625829164,16.811190929195558,13.59380812914582
-104.680217,200,41.160186,0.0,0.5081847224203377,3358.417353028813,20.27359642183176,16.792086765144067
-42.153277,200,41.620592,0.0,0.1756488187440166,3490.2895488731356,20.28575954181192,17.451447744365677
-54.628796,200,41.744163,0.0,0.4445852437337798,3287.5480954241107,19.465420472894778,16.437740477120553
-118.015259,200,41.870625,0.0,0.5434380770128197,3032.2854658783294,19.145955227309692,15.161427329391648
-51.972099,200,41.994463,0.0,0.4387603058210201,3177.1961424644905,18.49288662770037,15.885980712322453
-86.362672,200,42.120009,0.0,0.4231465984166512,3245.333867596516,18.92420998425059,16.22666933798258
-60.257692,200,42.247374,0.0,0.3171586475654812,3357.755589390556,19.35402456873828,16.78877794695278
-76.506396,200,42.371472,0.0,0.6488893451736188,2706.329021226859,16.89063687920615,13.531645106134295
-181.912573,200,42.496931,0.0,0.8069040312355953,3201.0448555829535,18.938239398811245,16.005224277914767
-118.913068,200,42.620478,0.0,0.5844103392923902,3317.6050186363987,19.645297255423365,16.588025093181994
-60.661211,200,42.741004,0.0,0.6086419421519402,2976.0137193517835,17.778252135614274,14.880068596758917
-121.933031,200,43.173338,0.0,0.6493330816147004,3283.9480236600025,19.023808213446824,16.419740118300012
-157.242566,200,43.319334,0.0,0.6837808511416643,2914.0467051491337,16.880296974990053,14.57023352574567
-113.079501,200,43.445857,0.0,0.4680112619499889,3170.7188201705767,18.827045517369402,15.853594100852883
-93.62874,200,43.566337,0.0,0.5471661127375725,2433.235879119202,15.712803406902909,12.166179395596009
-151.390102,200,43.686245,0.0,0.7158084097652395,3452.3834056462547,19.722151401741677,17.261917028231274
-145.165393,200,43.808789,0.0,0.70449022800762,3324.0591639180216,19.686289575114497,16.62029581959011
-121.088424,200,43.937304,0.0,0.5254496930883557,2994.3754600646184,18.369779952358087,14.971877300323092
-59.255537,200,44.054779,0.0,0.4269421597457524,3405.2572935829676,19.68050812598737,17.026286467914836
-42.437342,200,44.17631,0.0,0.1992626573497214,3300.7466562455597,19.255592221994856,16.5037332812278
-106.863774,200,44.298344,0.0,0.6465464662091198,2716.690110826068,16.777524041926846,13.58345055413034
-148.585764,200,44.758768,0.0,0.6334285484221274,2753.490337894573,17.324548385768992,13.767451689472864
-63.041079,200,44.89431,0.0,0.6461723661708934,2935.0178935091967,17.88375294592368,14.675089467545984
-38.161668,200,45.02583,0.0,0.1822785351701226,3386.4610895487003,19.7407205437214,16.932305447743502
-118.59965,200,45.151808,0.0,0.5652489825170602,2733.694790885743,17.248148539160283,13.668473954428714
-88.265598,200,45.279373,0.0,0.42335592380258413,3566.1493530559833,20.272974378856123,17.830746765279915
-118.478396,200,45.400737,0.0,0.523395388924718,3304.905093764872,19.973281187328446,16.52452546882436
-160.445944,200,45.52432,0.0,0.7976262136147886,3436.803098334167,19.845851056708714,17.184015491670834
-92.893529,200,45.648108,0.0,0.4513065100863369,3321.998392890354,20.14038233964615,16.60999196445177
-97.842483,200,45.770672,0.0,0.42292818651232533,3104.7321015798793,18.403435877270187,15.523660507899397
-110.036911,200,45.893694,0.0,0.5523031905958535,3162.7305926916474,18.885387103025003,15.813652963458237
-65.222,200,46.301766,0.0,0.4380718191179681,3191.8192067798236,19.612845490778696,15.959096033899119
-138.603566,200,46.45128,0.0,0.6154087183115294,1971.1104907862064,14.051548003766198,9.855552453931033
-57.7151,200,46.586711,0.0,0.255236993669523,3344.35724896303,19.420551129278447,16.72178624481515
-53.572522,200,46.716321,0.0,0.25164825197731866,3246.1959189080776,19.307762859739668,16.230979594540386
-147.657898,200,46.841506,0.0,0.6678037231031622,3411.808643003557,19.743612581497207,17.059043215017784
-163.703804,200,46.962996,0.0,0.7903722000694478,3243.862405735473,19.787675150140704,16.219312028677365
-89.793818,200,47.086018,0.0,0.4280892681679341,3462.1340181576256,20.369062797149404,17.31067009078813
-141.559425,200,47.211208,0.0,0.7348084066606587,2787.788826018214,17.590351618275406,13.93894413009107
-150.530303,200,47.333718,0.0,0.722954992806231,3073.213012071244,18.37413481948829,15.36606506035622
-133.943039,200,47.456241,0.0,0.6813642572593311,3039.5941296574015,17.761668750864054,15.197970648287008
-90.142647,200,47.575731,0.0,0.9126532774294356,2374.263999047856,15.614453971193782,11.871319995239281
-58.625186,200,48.016841,0.0,0.4020909790473873,3274.770405990508,19.19275316095713,16.37385202995254
-90.082153,200,48.150419,0.0,0.6135876371648595,2706.672171768772,16.853812356282987,13.53336085884386
-129.681706,200,48.273957,0.0,0.7155322104384275,3049.720035561795,18.143791696755983,15.248600177808976
-60.100791,200,48.3986,0.0,0.4265656517973359,3374.4370992191702,19.814682271642514,16.872185496095852
-137.656593,200,48.523153,0.0,0.7454982338542511,3357.764001012884,20.076222973160036,16.78882000506442
-126.73822,200,48.650674,0.0,0.7092370071346249,2790.3111676513226,17.195074567799274,13.951555838256613
-66.473651,200,48.785388,0.0,0.3093296737144597,3458.6085578999146,19.63661406443528,17.293042789499573
-141.050648,200,48.912771,0.0,0.6606265365085966,2780.6310999594793,16.90023281521025,13.903155499797396
-48.909018,200,49.033916,0.0,0.2077537670422741,3454.2423559068898,20.308893302359255,17.27121177953445
-169.796619,200,49.150468,0.0,0.8372296443760165,2825.630348686935,17.68044347207942,14.128151743434676
-115.766128,200,49.574554,0.0,0.7562032850851571,2619.9803089818724,16.57296420865987,13.099901544909363
-82.08652,200,49.710597,0.0,0.8933984493522114,2952.1968275265735,18.33407682688917,14.760984137632867
-84.574315,200,49.837155,0.0,0.9866089653666005,2437.2490993803663,16.091222976649398,12.186245496901831
-82.712982,200,49.964656,0.0,0.9324911860765405,2674.263451286787,16.790554339454726,13.371317256433935
-94.187281,200,50.089632,0.0,1.0468626057819699,2367.233917774671,14.972585572298014,11.836169588873355
-138.573956,200,50.221148,0.0,0.5673017616752776,3104.7831490025533,19.364661328987516,15.523915745012767
-12.812296,52,50.25516,1.0,0.04721782738734683,536.0770756352824,3.77027591539593,10.30917453144774
-106.420164,200,50.37618,0.0,0.9277035176492748,2587.5723540849494,16.243984061452515,12.937861770424748
-103.724244,200,50.501256,0.0,0.8179381868107206,2099.64603109325,14.265639659028196,10.49823015546625
-110.072904,200,50.620242,0.0,0.6071503765370176,2599.672540491901,16.436550184818316,12.998362702459506
-76.228395,200,50.743257,0.0,0.3878896867778019,3066.0384904897146,18.218403429926386,15.330192452448573
-97.626697,200,51.223027,0.0,0.6863112916667885,3347.7541502487256,18.92231884889856,16.738770751243628
-112.539097,200,51.367595,0.0,0.7835138027775598,2940.9301755604065,18.737302955284328,14.704650877802033
-148.196378,200,51.492692,0.0,0.6785751634699664,3542.9691682829575,20.47266997096411,17.71484584141479
-110.985543,200,51.617151,0.0,0.5121924245001963,3554.009631852743,20.673213779930503,17.770048159263716
-51.984742,200,51.742555,0.0,0.38286193932048823,3217.7039611642695,19.223318213491783,16.08851980582135
-117.822787,200,51.865064,0.0,0.6844187338922221,2626.4293779664767,16.991888584524908,13.132146889832384
-119.538229,200,51.988109,0.0,0.5297558439779652,2498.1596210560497,15.865019915620834,12.490798105280248
-103.752098,200,52.112627,0.0,0.5987348225518573,3405.6717212651783,18.81571703847524,17.02835860632589
-41.500714,200,52.231183,0.0,0.42696143471001363,2906.642955631086,17.29097777261156,14.533214778155429
-95.273776,200,52.350708,0.0,0.7506625445972104,2739.6008270246043,17.188370763930752,13.698004135123021
-17.844734,66,52.389186,1.0,0.0388919492211348,883.1385245627083,5.90197745252117,13.380886735798612
-73.659935,200,52.849499,0.0,0.5333995628535407,3123.2463723994806,18.725601071136,15.616231861997402
-121.139856,200,52.983023,0.0,0.610618907370672,2410.2934485811556,15.30777818259933,12.051467242905778
-158.980828,200,53.111081,0.0,0.7930237370845511,3421.932231431895,19.93831408859087,17.109661157159476
-103.304736,200,53.237548,0.0,0.5171303099881025,3290.1039856466186,19.485320953520564,16.450519928233092
-75.094868,200,53.364783,0.0,0.6465702535775861,2960.2349046199747,17.65915620623002,14.801174523099874
-116.921114,200,53.487872,0.0,0.5253049055454794,2900.526858629443,17.0742271075914,14.502634293147214
-62.12002,200,53.612407,0.0,0.32144813266512157,3417.853382265622,19.741756452626618,17.08926691132811
-52.848991,200,53.736484,0.0,0.5358588021490642,3057.911849975958,18.334033866749678,15.28955924987979
-77.449656,200,53.856966,0.0,0.5502657988164809,3245.4131028300694,18.80722347027795,16.227065514150347
-99.302631,200,53.973564,0.0,0.5129628986832041,3190.966954415544,19.216563425856723,15.95483477207772
-106.340192,200,54.409826,0.0,0.6708300572872116,2827.165252343084,18.225298069872633,14.135826261715419
-83.01616,200,54.546977,0.0,0.8085486002072728,2570.325929945262,16.181188505132965,12.851629649726311
-150.612451,200,54.677539,0.0,0.7267893179915871,3190.731276652769,18.81892674973806,15.953656383263844
-75.569692,200,54.802267,0.0,0.48435724758916354,3312.8647060751696,19.510654659891205,16.564323530375848
-66.930753,200,54.931798,0.0,0.7160798083104505,2930.985801774239,17.7715447468969,14.654929008871195
-65.21353,200,55.054319,0.0,0.44499820846404325,3119.217788341896,18.636487666826536,15.596088941709478
-74.12072,200,55.180937,0.0,0.3902411184678447,3424.4954856917157,19.861957097169213,17.122477428458577
-122.600427,200,55.304983,0.0,0.5827196818725883,3272.543860621491,19.657796788395732,16.362719303107454
-58.796556,200,55.42974,0.0,0.4082164554356837,3301.9502991743243,19.688770732069614,16.509751495871622
-73.153531,200,55.554469,0.0,0.6293711654342583,2999.3765213151114,18.71536098002614,14.996882606575557
-144.648437,200,56.000989,0.0,0.6451447253630717,2874.208803334621,17.283831403878484,14.371044016673103
-84.630851,200,56.136496,0.0,0.48439174639812177,2915.7706174004834,18.11689234106419,14.578853087002416
-84.64366,200,56.267012,0.0,0.6482724713551854,2805.9242275459455,17.684009953500542,14.029621137729727
-125.317961,200,56.391016,0.0,0.5895405243719625,3437.2785247153374,19.78548496918147,17.186392623576687
-76.925571,200,56.513546,0.0,0.42422444894311506,3274.847987890504,19.358661273613226,16.374239939452522
-145.918466,200,56.635076,0.0,0.6054231491508398,2876.7215107209972,17.62337931086585,14.383607553604985
-172.915269,200,56.760601,0.0,0.8174916730595092,3669.318008528645,20.501203111945358,18.346590042643225
-91.157571,200,56.884112,0.0,0.5682673174740106,2821.541231981128,17.452990366026846,14.10770615990564
-116.724009,200,57.006177,0.0,0.5033692619853748,3369.355924021096,19.883004699166086,16.84677962010548
-73.431643,200,57.128711,0.0,0.5379922016750495,3173.339294330029,18.826061079562702,15.866696471650146
-44.180716,200,57.586791,0.0,0.22604291734301574,3281.366250727426,19.76752275008441,16.40683125363713
-99.902038,200,57.734401,0.0,0.4961492847014974,2870.6629555753952,17.68417477204163,14.353314777876976
-62.160419,200,57.865472,0.0,0.4105075636147374,3236.2041165270784,18.67591913096185,16.18102058263539
-110.574523,200,57.990519,0.0,0.5257438767355646,2848.7702763295883,17.04889731886447,14.243851381647941
-66.322132,200,58.117043,0.0,0.5567309503798714,2915.892145843968,17.294697558813724,14.579460729219841
-137.900192,200,58.237563,0.0,0.6843861856637773,3058.689068971924,18.60567847909007,15.29344534485962
-171.799303,200,58.359081,0.0,0.8473449941493235,3267.8190345010357,19.013815632432923,16.33909517250518
-97.716962,200,58.48561,0.0,0.474355858425058,3464.2996390455182,19.986433180779578,17.32149819522759
-117.33353,200,58.60732,0.0,0.5561973002915506,3389.523034998826,19.75246158319582,16.94761517499413
-104.81129,200,58.725847,0.0,0.5194469566221082,3360.487860326263,20.05785592549469,16.802439301631317
-88.01102,200,58.847364,0.0,0.7945281504298548,2925.1745537363327,17.61819237155385,14.625872768681663
-81.52099,200,59.298821,0.0,0.5940238650807621,3133.1828505611165,18.48932160556284,15.665914252805583
-74.400428,200,59.437392,0.0,0.3722598084171155,3117.905496657621,17.884493014769173,15.589527483288105
-97.026106,200,59.560818,0.0,0.6544673193798071,3202.5553497192336,18.719536998245747,16.012776748596167
-121.122624,200,59.687341,0.0,0.6184279579567697,2770.7039449645167,16.967035069716527,13.853519724822583
-122.636404,200,59.8112,0.0,0.5949317756003034,3542.128966914327,20.18215754635238,17.710644834571635
-112.507425,200,59.935848,0.0,0.8131411936917583,2450.557904190641,15.659155222862434,12.252789520953204
-103.166064,200,60.060983,0.0,0.5032610730665658,3296.3153701829965,19.110299787129428,16.481576850914983
-124.77978,200,60.179455,0.0,0.6305794276692738,3426.043826922748,20.708568839322076,17.13021913461374
-133.154661,200,60.307419,0.0,0.6644825291617475,3326.502879306997,19.812702904078996,16.632514396534983
-85.707066,200,60.428964,0.0,0.7000907748894717,2779.0675406096893,17.08816990977023,13.895337703048448
-77.476334,200,60.848572,0.0,0.35757420743325785,3368.2248285281826,19.537746054027192,16.84112414264091
-101.976178,200,60.986132,0.0,0.46455262708082684,3269.6023561264565,19.060600962617027,16.348011780632284
-92.655216,200,61.110781,0.0,0.48800814960886807,3237.0670092980226,19.076400868200242,16.185335046490113
-74.367107,200,61.234298,0.0,0.349873423037443,3087.0265108467775,18.04802830580191,15.435132554233887
-7.822611,34,61.256301,1.0,0.04706563442118089,186.01118579462744,1.6211647259890187,5.4709172292537485
-90.949122,200,61.381769,0.0,0.5672818927704609,2892.492901056555,18.06433751360521,14.462464505282776
-12.017938,46,61.411281,1.0,0.04249655079903174,334.9920958850075,2.6225509506417395,7.28243686706538
-131.733891,200,61.53574,0.0,0.6344011034596141,3420.082988349015,19.055925993659667,17.100414941745075
-51.263864,200,61.65823,0.0,0.29635418203034875,3266.4269070607393,19.669567278095514,16.332134535303695
-122.333854,200,61.787877,0.0,0.5874717991638981,3574.750842591726,20.073690101968115,17.87375421295863
-60.468407,200,61.910912,0.0,0.40146322288021064,3238.790924249933,18.88879021799857,16.193954621249667
-84.586407,200,62.03548,0.0,0.5098076478100596,3651.6957192769405,20.127738560453587,18.258478596384702
-83.949382,200,62.466702,0.0,0.4764627699029748,2986.911234535946,18.06276461833058,14.934556172679729
-140.039618,200,62.598747,0.0,0.6864723075729149,3471.2377345468512,19.600097456715517,17.356188672734255
-10.881897,58,62.636763,1.0,0.04964450471295081,696.370695929113,4.421074995745084,12.006391309122638
-66.715481,200,62.762057,0.0,0.3845978452879221,3258.330451481961,19.630032202927804,16.291652257409805
-164.263165,200,62.887571,0.0,0.8107158464254304,3517.825676256961,20.302186785176293,17.589128381284805
-78.086093,200,63.016592,0.0,0.5470571680426303,2925.9422002302226,17.372736165911604,14.629711001151113
-117.28952,200,63.141105,0.0,0.574944927956073,3072.5365222979713,18.327201678931452,15.362682611489856
-89.662672,200,63.265627,0.0,0.4176400442861359,3222.2599398656353,18.578577909814047,16.111299699328175
-123.705726,200,63.391732,0.0,0.7138617812154354,3075.172743805048,17.84812741655899,15.37586371902524
-123.030498,200,63.516248,0.0,0.6071464112895154,2729.648807058339,16.935259831483865,13.648244035291695
-127.056482,200,63.632791,0.0,0.619150071154835,2869.713302105035,17.348155260980256,14.348566510525174
-76.356056,200,64.078685,0.0,0.4853070189666982,3010.0952493345703,18.129914131170228,15.05047624667285
-60.025781,200,64.218766,0.0,0.39620416806494607,3437.9532772234606,19.793154055077462,17.189766386117302
-120.570816,200,64.345482,0.0,0.7009017206671238,3133.0788690039763,18.56505246206879,15.665394345019882
-125.54686,200,64.472009,0.0,0.7026693277244039,2632.844800069096,16.820767777425065,13.16422400034548
-107.328098,200,64.594086,0.0,1.1285732875770167,2495.4135743345987,16.38795614544945,12.477067871672993
-122.739088,200,64.721597,0.0,0.7415529517800801,3121.3460341864443,18.919574528082812,15.606730170932222
-136.556846,200,64.843078,0.0,0.7844841977747448,2930.72194137763,18.009627502294798,14.653609706888151
-86.447535,200,64.977605,0.0,0.7014920106380723,2638.93439287462,16.582541037900878,13.194671964373098
-85.074325,200,65.109737,0.0,0.42548984476308677,3105.353938862258,18.511035401594064,15.526769694311291
-134.291655,200,65.245295,0.0,0.6085394686258432,2150.198626698726,13.86252798252584,10.75099313349363
-157.24253,200,65.75678,0.0,0.7241399800938667,3226.6542765704394,19.04384805850861,16.133271382852197
-96.414399,200,65.917994,0.0,0.8771921635583625,2550.2085160442725,15.784096031286436,12.751042580221362
-113.968079,200,66.054514,0.0,0.5703853246064551,3395.937005749234,19.789167314926665,16.979685028746168
-101.285904,200,66.195512,0.0,0.9464866528240016,2257.738513308705,15.02923414334114,11.288692566543524
-134.896479,200,66.325958,0.0,0.5434865117335718,2525.979540787363,15.778281419177244,12.629897703936814
-55.208732,200,66.46875,0.0,0.2110436925361533,3210.055971693825,18.34432267143247,16.050279858469125
-121.739802,200,66.604934,0.0,0.6052246168276282,3171.40153291215,19.17001873346385,15.857007664560749
-100.370887,200,66.736454,0.0,0.6666725662470775,2804.6193224375224,17.370803993074716,14.023096612187611
-109.730796,200,66.855992,0.0,0.4966855444946839,3248.9881159141514,18.981629848405444,16.244940579570756
-142.862818,200,66.975541,0.0,0.7603142716091288,3056.6346143014443,17.529026363283677,15.283173071507221
-88.347502,200,67.414152,0.0,0.6120988369501805,3229.464717504946,19.007162171609743,16.147323587524728
-57.744166,200,67.553671,0.0,0.2800985002513947,3309.0338597270747,18.892393927396682,16.545169298635372
-70.860566,200,67.68219,0.0,0.3075498478197725,3307.78628387692,19.743694003132262,16.5389314193846
-51.628744,200,67.811399,0.0,0.4263897369346499,3251.46884856274,19.905121043102508,16.257344242813698
-142.779564,200,67.953343,0.0,0.6647861877097737,3367.13816451122,19.76954481858992,16.8356908225561
-77.480304,200,68.088869,0.0,0.4390657735245803,3250.298075377578,19.528037323257518,16.25149037688789
-64.626263,200,68.232903,0.0,0.2817759751349043,3203.6996597713032,18.765958180508264,16.018498298856517
-153.292793,200,68.371118,0.0,0.7574929090682565,3417.3776025349607,19.645065100306077,17.086888012674805
-106.861075,200,68.491686,0.0,0.9976914830816641,2878.4457918217795,17.844940937182756,14.392228959108898
-128.444024,200,68.609675,0.0,0.6284976438252043,3374.348150686049,19.56776588829821,16.871740753430245
-99.979461,200,69.053134,0.0,0.5704989666169967,3277.2616315507507,19.605228742818973,16.386308157753753
-41.182581,200,69.20016,0.0,0.14792097530895681,3217.793529494211,19.070268553572046,16.088967647471055
-105.445449,200,69.327616,0.0,0.6233149947929668,2785.0658371470695,16.634384975204522,13.925329185735347
-95.14587,200,69.453089,0.0,0.6138233186643803,3032.6136068494247,18.841333619589573,15.163068034247123
-115.672444,200,69.576636,0.0,0.5233842200831244,3452.0370520762667,19.941565413168433,17.260185260381334
-111.538352,200,69.701615,0.0,0.6764170503714202,3302.29355283597,19.814825094591686,16.511467764179848
-105.772983,200,69.825275,0.0,0.7817088552205176,2148.8081520458477,14.051944073310313,10.744040760229238
-95.878372,200,69.946759,0.0,0.5136708195768603,3298.5229344432037,19.76883483632683,16.492614672216018
-91.051262,200,70.067292,0.0,0.374445137480109,2906.676906470687,16.985553859927894,14.533384532353434
-105.324556,200,70.187809,0.0,0.7461779194411036,2517.106561965645,16.701039848486886,12.585532809828226
-89.180159,200,70.304896,0.0,0.41679034759938965,3366.8216321420787,20.402994624034545,16.834108160710393
-74.136885,200,70.749782,0.0,0.4580635377071078,3354.772922306917,19.176386380517616,16.773864611534584
-164.688171,200,70.894256,0.0,0.7777705313027451,3107.1199406450414,18.569505403168108,15.535599703225207
-70.150321,200,71.020029,0.0,0.48463510751178157,3361.6071526969968,19.634905260751662,16.808035763484984
-96.053555,200,71.140866,0.0,0.9517910471626816,2798.379994332145,17.818040283591557,13.991899971660725
-108.507937,200,71.266454,0.0,0.503103490382304,2593.6666812297194,16.073834150806118,12.968333406148597
-83.059788,200,71.386983,0.0,0.7091321281545393,2793.303699787835,16.958195530056663,13.966518498939173
-95.340811,200,71.511777,0.0,0.6675768820272201,2884.9859504056,17.67842839770023,14.424929752028
-128.16431,200,71.632854,0.0,0.6019415701629791,2657.0151316905326,16.429151755019713,13.285075658452662
-123.807892,200,71.752302,0.0,0.5329069102593498,2635.8161231640725,16.609926443172956,13.179080615820363
-87.736227,200,71.873754,0.0,0.6531897473436296,2804.7396579597425,16.93520950951459,14.023698289798713
-12.323561,53,71.907295,1.0,0.044283441339064485,757.1899140397824,4.541121467662007,14.286602151694007
-92.284814,200,72.396883,0.0,0.7340760703099926,2966.838823703752,18.39615469197423,14.83419411851876
-165.624254,200,72.523399,0.0,0.8697185105770103,3099.181438756578,17.972116686689176,15.49590719378289
-126.628317,200,72.646975,0.0,0.6525054801240439,3150.4009671752024,18.927276603149263,15.752004835876011
-111.999777,200,72.772498,0.0,0.72666919778829,2649.4392800798437,16.442751903544178,13.247196400399218
-135.621976,200,72.89299,0.0,0.6698001281191369,3001.1602032866963,18.086420310433684,15.005801016433482
-160.258383,200,73.020022,0.0,0.7953720113861322,3627.041368475503,20.17977151730186,18.135206842377514
-106.807392,200,73.146573,0.0,0.9916732297610741,2539.618006568804,17.04636047015886,12.69809003284402
-15.325109,58,73.183191,1.0,0.04619927587719912,700.9903568934061,4.507859106711721,12.086040636093209
-140.51258,200,73.304168,0.0,0.6974369209364869,3359.191632906145,19.368335284343065,16.795958164530724
-98.860668,200,73.4267,0.0,0.8514206492632064,2250.393904930247,14.38730382529614,11.251969524651235
-79.12394,200,73.548272,0.0,0.5350225135268276,3327.1540384237524,19.4357808949469,16.635770192118763
-115.379916,200,73.972698,0.0,0.5315804955654032,2488.775460687045,15.711405835237503,12.443877303435224
-136.841289,200,74.103777,0.0,0.7178144915032126,3192.456114104076,18.67432190843874,15.96228057052038
-103.879109,200,74.231692,0.0,0.9142367559027088,2263.1120548865442,14.817885556584198,11.315560274432721
-56.304387,200,74.354214,0.0,0.2470599190267112,3436.710054413298,19.928564949711333,17.18355027206649
-135.424468,200,74.481747,0.0,0.6639435264028819,2717.1841689381317,16.940509286299367,13.585920844690659
-73.927589,200,74.604786,0.0,0.32496927927545527,2957.005074204363,17.275066419773726,14.785025371021815
-156.856746,200,74.729309,0.0,0.7660455176539683,3314.5235630580364,20.162250921567015,16.572617815290183
-44.57543,200,74.84983,0.0,0.36562730484776723,3200.1589588269762,18.47562424106396,16.00079479413488
-118.387769,200,74.969353,0.0,0.7035282687694191,2054.6314039119934,13.803957273491543,10.273157019559967
-160.197949,200,75.090006,0.0,0.7745474895190461,2697.3675120207067,16.19382488045115,13.486837560103533
-97.259121,200,75.537466,0.0,0.6003196844804728,3158.6643391277876,18.741614113518974,15.793321695638937
-11.105897,41,75.566467,1.0,0.047069968374613455,212.19771936354272,1.7369704028591015,5.175554130818115
-137.161639,200,75.695985,0.0,0.7047423343686577,3500.294745784027,20.490353697618076,17.501473728920136
-138.76788,200,75.820642,0.0,0.6891163589299143,3427.6016724539595,19.673510170409056,17.138008362269797
-100.707766,200,75.947189,0.0,0.9688773088794655,2487.9346191880213,15.987328821425997,12.439673095940107
-137.529656,200,76.072258,0.0,0.6076706885663944,3068.4111174642485,18.893476617407234,15.342055587321243
-112.801389,200,76.196411,0.0,0.514304254587602,3131.58098672729,18.549729999356263,15.65790493363645
-106.610673,200,76.317424,0.0,0.8194649469974422,2194.0105568671165,14.551146031120638,10.970052784335582
-161.428405,200,76.439035,0.0,0.7931661482058554,3044.5032511300938,18.152171052388557,15.222516255650469
-94.278179,200,76.562564,0.0,0.6998451530518984,3036.4396701422506,17.835146920206117,15.182198350711253
-69.436193,200,76.679658,0.0,0.3813398569059653,3195.579986023077,19.26466329526682,15.977899930115385
-104.709356,200,77.096828,0.0,0.409152028214015,2539.5508851240593,15.663800706872374,12.697754425620296
-132.041472,200,77.229827,0.0,0.6404459659607136,3267.0072566303584,18.956837839281352,16.33503628315179
-88.820194,200,77.357301,0.0,0.6691557845989922,2678.7617162405595,16.377229261107093,13.393808581202798
-104.022141,200,77.483364,0.0,0.690620696727908,2230.570666327691,14.58701413774366,11.152853331638456
-79.243391,200,77.610584,0.0,0.6115211780704846,3263.404629765821,18.853436172217457,16.317023148829104
-122.119625,200,77.733599,0.0,0.575369337451231,2328.7877522600847,15.019108384775867,11.643938761300424
-107.946719,200,77.864087,0.0,0.6993118672969907,2320.09901107511,15.318270026510438,11.60049505537555
-114.741707,200,77.988618,0.0,0.6993886123379931,2319.713081716527,14.598243615994402,11.598565408582635
-77.72998,200,78.11366,0.0,0.5241226839379077,2751.973635539482,16.495576044510035,13.75986817769741
-159.105622,200,78.230174,0.0,0.8077646735795332,3505.4151174826816,20.455352427799617,17.527075587413407
-59.240369,200,78.642237,0.0,0.28560704900514466,3256.887796029863,19.615914491240602,16.284438980149314
-72.095584,200,78.773742,0.0,0.4519874532950663,2867.266652159659,17.100634213267302,14.336333260798295
-153.118645,200,78.900793,0.0,0.7420171230322057,3326.5433958483277,19.72762292506205,16.63271697924164
-152.465567,200,79.026316,0.0,0.7545447930185557,3292.011067611546,19.011959599433013,16.460055338057728
-109.492553,200,79.152846,0.0,0.4834217927071659,3046.6615902469994,17.562309504174017,15.233307951234996
-77.599455,200,79.276362,0.0,0.4267542200239472,2616.5122732626965,16.30397609991423,13.082561366313483
-81.111562,200,79.401084,0.0,0.4694444560523232,3214.1374331485663,19.7562619166272,16.070687165742832
-12.951836,47,79.431802,1.0,0.04874712037711198,486.44860404513554,3.3802188375295676,10.349970298832671
-84.194149,200,79.555382,0.0,0.3915939815120737,3212.563019421676,19.03375918626439,16.06281509710838
-53.417662,200,79.682991,0.0,0.2372365811862592,3390.658076072185,20.089820730165872,16.953290380360926
-58.520014,200,79.803836,0.0,0.4728609443663018,3330.8317103946783,18.732261888321425,16.654158551973392
-101.694181,200,80.243484,0.0,0.5383077255443024,2822.3837400271364,17.06380095852153,14.111918700135682
-81.117746,200,80.389005,0.0,0.5368222600606387,3076.1049212730754,18.51176829745196,15.380524606365377
-77.596616,200,80.518035,0.0,0.36955940463558695,3383.8243918721155,19.92431717147129,16.919121959360577
-50.49931,200,80.641479,0.0,0.31919044276762837,3246.602585979528,19.54471327160546,16.23301292989764
-101.445949,200,80.763997,0.0,0.47758973600043486,2869.9144510899737,17.854424562313003,14.349572255449868
-115.642696,200,80.884529,0.0,0.566199831665964,3189.3944706595457,18.70692938673016,15.94697235329773
-148.312984,200,81.007589,0.0,0.7041726797118801,3042.677122437576,18.125843014641973,15.213385612187881
-136.958955,200,81.129117,0.0,0.6544196165789488,3052.5682390104575,18.634236862187244,15.262841195052287
-143.95749,200,81.255639,0.0,0.6757247864509681,2600.9455186840187,16.919139617203108,13.004727593420093
-113.528202,200,81.378156,0.0,0.4298864267977613,2554.7065061216613,16.049743637234638,12.773532530608307
-93.582946,200,81.812036,0.0,0.47134829995598004,3380.993850898996,19.243748358369082,16.90496925449498
-74.14713,200,81.964325,0.0,0.4066877387559506,3017.7031332786755,17.677649501324886,15.088515666393377
-82.689912,200,82.10099,0.0,0.5355620969413049,2522.942355831599,15.692433202564112,12.614711779157995
-132.807064,200,82.230513,0.0,0.5616971824679293,2754.1105401461614,16.909254451311728,13.770552700730807
-84.090619,200,82.348064,0.0,0.6697721366689953,2870.3774975292968,17.54223776525223,14.351887487646485
-102.942604,200,82.472589,0.0,0.48057834569085556,2968.878077093674,17.942156426788774,14.84439038546837
-46.944678,200,82.595132,0.0,0.2038906589846461,3226.3592749811187,19.008292450375787,16.131796374905594
-47.918563,200,82.721408,0.0,0.3310735539430304,3536.9021893247823,20.190903442600476,17.684510946623913
-78.539336,200,82.844899,0.0,0.31081749829447186,2889.566574311105,17.732001304516697,14.447832871555525
-110.948289,200,82.967426,0.0,0.5366941402731498,3288.2938629072105,19.162374844428818,16.441469314536054
-94.137938,200,83.085973,0.0,0.5006626091431224,3325.841045489554,19.292165738280758,16.62920522744777
-114.588517,200,83.548999,0.0,0.583037291939366,3317.7311806377115,19.545163610735393,16.588655903188556
-138.048351,200,83.67854,0.0,0.6857604077878794,3295.8265297077983,18.90731406641985,16.479132648538993
-109.736392,200,83.803686,0.0,0.5295764181308115,2832.0407931809427,16.813983627084777,14.160203965904714
-158.305838,200,83.92916,0.0,0.7613036579116897,3180.553429628894,18.950204378313085,15.90276714814447
-31.877752,200,84.054046,0.0,0.12824875015073134,3147.1569623389637,18.52922418327373,15.735784811694819
-135.886538,200,84.181106,0.0,0.6430471714733885,3015.6332313166895,18.20412980234866,15.078166156583448
-103.737491,200,84.304746,0.0,0.5099528830228589,3274.8917973008965,19.027601440763544,16.374458986504482
-120.215288,200,84.429267,0.0,0.6390225899630563,3390.1256410277865,19.50584953775623,16.950628205138933
-131.741912,200,84.551853,0.0,0.5952027790257454,3058.082231191941,18.28719912089271,15.290411155959704
-127.255681,200,84.671881,0.0,0.6144735032918553,3131.8113606854768,19.271789922348347,15.659056803427383
-77.803425,200,85.124609,0.0,0.5877201272655243,2450.888198555352,15.057942000490723,12.254440992776761
-80.701664,200,85.25813,0.0,0.3318475908501326,2599.2713916587186,15.99290212878711,12.996356958293592
-40.597901,200,85.383689,0.0,0.19250889262439544,3440.577315991857,19.673770995337907,17.202886579959287
-113.723893,200,85.509791,0.0,0.5441656426975565,3369.658567686191,19.19451469878359,16.848292838430954
-37.456649,200,85.635138,0.0,0.16114586402081688,3239.224819139519,18.951405381317617,16.196124095697595
-89.192807,200,85.760542,0.0,0.4213505624007384,3039.263980100198,18.1018143334276,15.196319900500988
-55.608566,200,85.887754,0.0,0.2435200042035909,3282.8800806851964,19.201383399636402,16.414400403425983
-165.333593,200,86.020766,0.0,0.8084946952848007,2972.0433028242583,18.099991964640658,14.86021651412129
-38.775135,200,86.151286,0.0,0.19994912604892043,3472.4331011055638,19.904480106920357,17.36216550552782
-99.180651,200,86.281633,0.0,0.5140676640739025,3056.235710767185,18.408772944746786,15.281178553835925
-39.209932,200,86.746537,0.0,0.17985457621182876,3246.7556184651985,18.615672735338656,16.23377809232599
-135.258088,200,86.895015,0.0,0.6393644896053662,2948.6925655634327,17.48663772945156,14.743462827817163
-140.595305,200,87.019093,0.0,0.6891787936029902,3381.618087310639,19.16570129672808,16.908090436553195
-94.051326,200,87.143214,0.0,0.43708035777196563,2859.294911168758,17.948787926132503,14.29647455584379
-139.883099,200,87.264684,0.0,0.6999132554111125,3323.348445603859,20.113427379771032,16.616742228019294
-57.193941,200,87.386206,0.0,0.38483593155891743,2803.871481907431,16.51067964487818,14.019357409537156
-158.311492,200,87.510429,0.0,0.777120215653035,3244.81133231212,19.220165135159508,16.2240566615606
-86.762605,200,87.634905,0.0,0.4006474066424901,3216.629083697207,19.152357625379413,16.083145418486037
-168.966096,200,87.758418,0.0,0.830939090706179,3179.868009621095,19.19743138986893,15.899340048105476
-105.140627,200,87.882339,0.0,0.5493007991867671,3180.859572820789,19.196036620842992,15.904297864103944
-76.87957,200,88.312955,0.0,0.5888295319016504,2945.8339723423014,17.912735123367483,14.729169861711506
-123.854757,200,88.461514,0.0,0.5112212049440255,2988.4921883737084,18.023057225309067,14.942460941868541
-77.957546,200,88.5917,0.0,0.520985542954201,2750.626735075995,16.981478877695345,13.753133675379974
-138.093543,200,88.718735,0.0,0.6809956300093952,3017.725873650265,18.252309740476182,15.088629368251326
-100.144177,200,88.840251,0.0,0.4242923083097849,2334.547896487595,15.171955672116555,11.672739482437976
-9.787146,38,88.865226,1.0,0.04416479667697503,223.08682712061423,1.9032147740541074,5.870705976858269
-102.270576,200,88.985746,0.0,0.4911599797649881,2873.9740438881354,17.994112309814557,14.369870219440678
-68.520887,200,89.110415,0.0,0.32576333009789765,3451.8202628073086,20.260034628319627,17.259101314036542
-103.560888,200,89.231936,0.0,0.44749187723139666,2826.665410084551,17.018293963889704,14.133327050422754
-170.220459,200,89.362451,0.0,0.8304637968303181,3305.1965050469694,19.124921100228114,16.52598252523485
-101.885738,200,89.490943,0.0,0.48333976979267623,3335.451550799307,19.893614891670115,16.677257753996535
-41.560424,200,89.928917,0.0,0.22049923346627706,3455.29280165535,20.06698615503929,17.27646400827675
-53.059801,200,90.073432,0.0,0.3523058162609296,3256.4702163533616,19.801066382885004,16.28235108176681
-71.381821,200,90.204472,0.0,0.36248606082748946,3359.512196494209,19.95962174100644,16.797560982471044
-138.614987,200,90.336989,0.0,0.6751912417290014,3291.958514414763,19.197719732720934,16.459792572073816
-111.108914,200,90.46456,0.0,0.5509128400157182,2885.1313977343766,17.486194022863554,14.425656988671882
-127.513344,200,90.588084,0.0,0.6156517159890086,3284.46013037597,20.275281565951307,16.42230065187985
-172.053741,200,90.715626,0.0,0.8562007858887891,3486.1202932325423,20.042761263904048,17.430601466162713
-114.139135,200,90.840674,0.0,0.5602548803406883,3050.5267547338235,18.072452165008706,15.252633773669118
-64.403639,200,90.964793,0.0,0.3196863990440757,3280.8072585787,19.00570534747023,16.4040362928935
-59.517446,200,91.087282,0.0,0.23884719301162882,3144.777286731617,18.662121465052657,15.723886433658086
-68.071221,200,91.208298,0.0,0.4770455322264855,2771.82743127684,16.855383994688975,13.8591371563842
-165.994068,200,91.638335,0.0,0.808766613132911,3316.723837143905,19.449298624951876,16.583619185719524
-89.661316,200,91.768851,0.0,0.45042182592240204,2985.5733717012645,17.842683749931354,14.927866858506322
-57.911657,200,91.89602,0.0,0.29123390290272827,3210.7637787693784,19.429696098551233,16.05381889384689
-101.025782,200,92.026588,0.0,0.45901405968994596,2697.555401834684,16.61244880236268,13.487777009173419
-104.33858,200,92.150129,0.0,0.5122641245308958,3611.2426388343347,20.181904059266714,18.056213194171672
-148.206399,200,92.273798,0.0,0.7133042815466448,3272.356476010467,18.42931279792582,16.361782380052333
-10.753892,42,92.301805,1.0,0.047306475165828,282.27691346311985,2.252359119890876,6.720878891979044
-39.670146,200,92.423908,0.0,0.23848140809494514,3196.5143142860497,19.288830999076342,15.982571571430249
-66.25184,200,92.548432,0.0,0.46606228573663616,3084.072062096559,18.725622275798294,15.420360310482796
-92.015652,200,92.666987,0.0,0.5324922293727625,2589.646514391103,15.782469266481655,12.948232571955517
-113.726648,200,92.784177,0.0,0.5438714388577186,3238.656112772501,18.489606120984504,16.193280563862505
-59.898397,200,93.250878,0.0,0.27858093969156006,3274.378335742787,19.335421937822662,16.371891678713936
-35.917681,200,93.391417,0.0,0.2321677359832084,3305.413190501527,18.9521377965024,16.527065952507634
-116.572965,200,93.518379,0.0,0.5592561316276969,2955.6406368541984,17.63394810664129,14.778203184270993
-62.386203,200,93.638652,0.0,0.27991052619215245,2900.7839308971147,17.818398155848406,14.503919654485573
-131.364371,200,93.76021,0.0,0.5316603261611582,2753.1546749516037,16.488438090172078,13.76577337475802
-69.366933,200,93.882713,0.0,0.34510658442912034,2812.617337771631,17.140541775893436,14.063086688858155
-131.795782,200,94.009784,0.0,0.59898732899209,2721.613081195587,16.72879999737134,13.608065405977934
-106.014091,200,94.137364,0.0,0.48332517526325625,3245.4865534156334,19.111072543661106,16.227432767078167
-145.184727,200,94.256845,0.0,0.6900970010796802,3131.859055287452,18.760078670365974,15.65929527643726
-97.632704,200,94.378406,0.0,0.49154955150232793,3007.4062820426484,18.409257843525054,15.037031410213242
-148.61015,200,94.794708,0.0,0.7331431930645902,3483.413791037433,19.81413090851202,17.417068955187165
-103.673622,200,94.938191,0.0,0.5041924072576646,3449.9679278813514,20.275011938384306,17.24983963940676
-134.610102,200,95.063749,0.0,0.639017764635789,2865.789365813043,18.157896770067367,14.328946829065215
-146.775044,200,95.197664,0.0,0.6897866056359313,2950.4274524371513,18.227630183982857,14.752137262185757
-44.78134,200,95.324713,0.0,0.22552710637308443,3304.0418729944327,19.13768969969163,16.520209364972164
-45.351603,200,95.449256,0.0,0.2342809607412759,3263.114252020547,19.696394800653447,16.315571260102736
-57.435579,200,95.570728,0.0,0.3584555060198952,2851.173231570078,17.67658538404342,14.25586615785039
-44.97243,200,95.693263,0.0,0.31951465767169185,3371.536395981518,19.577275993985623,16.85768197990759
-77.850565,200,95.817712,0.0,0.3861025400722907,3372.1132619249342,20.075412297676234,16.860566309624673
-122.991313,200,95.938232,0.0,0.5927200314424174,3390.2431862014864,19.962872801602725,16.951215931007432
-107.220846,200,96.375635,0.0,0.542740488603437,3273.488059455581,19.442669663894428,16.367440297277906
-90.798644,200,96.522679,0.0,0.4152374785953428,2800.3454896164835,17.362412753022,14.001727448082418
-110.765317,200,96.647224,0.0,0.5069241727834789,2829.00222454723,17.498172123274287,14.14501112273615
-40.469512,200,96.772772,0.0,0.18622011225363447,3160.1441328193914,18.509142679914962,15.800720664096957
-85.051575,200,96.896348,0.0,0.4104501334098961,3457.2603074607887,20.044758105050967,17.28630153730394
-129.255397,200,97.026055,0.0,0.6318836841515906,3132.9890122340043,18.830350800670974,15.664945061170021
-161.322679,200,97.150836,0.0,0.7933651191491738,3107.860125796312,17.76218598107096,15.53930062898156
-63.781975,200,97.27238,0.0,0.3299831130091865,2836.9500762875314,16.892408698783004,14.184750381437658
-89.634941,200,97.399547,0.0,0.355795320034969,2808.9360184319803,16.065459265483874,14.0446800921599
-177.376928,200,97.520724,0.0,0.8739566837432327,3186.2731557890347,19.25603665366779,15.931365778945173
-94.11382,200,97.929301,0.0,0.5459897347169332,3410.8714086489786,19.51084224070518,17.05435704324489
-96.905879,200,98.060813,0.0,0.4709032454283932,3326.1699455366056,20.300959196646566,16.630849727683028
-80.347878,200,98.186969,0.0,0.38095440120625235,3023.975668683965,18.473812824281524,15.119878343419826
-96.379914,200,98.312024,0.0,0.47064187918800016,3242.9267160157247,18.415019370858676,16.214633580078623
-51.438615,200,98.444531,0.0,0.30570121083091695,3189.327902757869,18.81935085941562,15.946639513789346
-165.145007,200,98.572029,0.0,0.8093552662661669,3059.540885625686,18.185666735001895,15.29770442812843
-114.01597,200,98.692812,0.0,0.5575894208468242,3235.7531651266872,19.312101629065094,16.178765825633437
-85.691533,200,98.817467,0.0,0.42320551998385697,3332.872662409375,20.729257645222187,16.664363312046877
-146.585059,200,98.938675,0.0,0.711030005543757,2927.569979398253,17.518778822311738,14.637849896991264
-82.359342,200,99.06314,0.0,0.3931386113753899,3152.2858549582443,18.88922838311817,15.76142927479122
-53.398754,200,99.185658,0.0,0.21938879025373528,2917.6894619214704,17.92462729297762,14.588447309607352
-152.881092,200,99.641793,0.0,0.7338135934205188,3443.393585205601,20.08914207668588,17.216967926028005
-137.211641,200,99.776338,0.0,0.6136529552681751,2827.0367971452024,16.70540853443202,14.135183985726012
-115.206663,200,99.903507,0.0,0.5718674766187932,3354.281113210611,20.64757287871947,16.771405566053055
-86.677863,200,100.033322,0.0,0.3749196627525809,2648.5976279816427,16.35653638645925,13.242988139908213
-97.565482,200,100.152847,0.0,0.49173924134620733,3184.0198508972726,18.5906663350726,15.920099254486363
-90.437473,200,100.278956,0.0,0.44209564411792596,3303.3599746714217,19.51338108697297,16.516799873357108
-173.319689,200,100.400508,0.0,0.8625731903154173,3585.988050716694,19.87460887713632,17.92994025358347
-56.751349,200,100.521514,0.0,0.32622154034622175,3209.6772645576143,19.131007405566375,16.048386322788073
-80.882841,200,100.644044,0.0,0.35777054154970156,2616.2062209630903,15.805993814989836,13.081031104815452
-31.134105,200,100.761611,0.0,0.17948701044358267,3447.1354831676804,19.96485740462396,17.235677415838403
-119.545847,200,101.196799,0.0,0.5844174659713268,3262.869877944989,18.814153801778335,16.314349389724946
-94.723034,200,101.325825,0.0,0.4213626246637107,2787.749869493422,16.6608460267023,13.93874934746711
-113.589132,200,101.451354,0.0,0.5588683907558695,3367.280256079814,19.744612838160478,16.83640128039907
-53.049156,200,101.573879,0.0,0.3122713884051022,3281.4741872205364,19.247311602286818,16.40737093610268
-138.51162,200,101.695392,0.0,0.6794170761835141,3345.5498030958915,19.34024405119446,16.727749015479457
-123.497595,200,101.825194,0.0,0.6008664273859573,3404.961294536208,20.285421234630718,17.02480647268104
-118.547893,200,101.948263,0.0,0.5786250026209777,3344.297233865708,19.4789031405079,16.721486169328543
-113.708932,200,102.072288,0.0,0.5390542385691004,3370.871481579994,19.644158208466404,16.85435740789997
-143.495242,200,102.192801,0.0,0.7053340227198659,3361.130761018728,19.719020664686532,16.80565380509364
-92.090824,200,102.311815,0.0,0.44465651744727774,3481.348183485099,20.272944702686946,17.406740917425495
-150.373198,200,102.756485,0.0,0.7286748587369011,3013.1489731097663,18.238011740221268,15.065744865548831
-161.19039,200,102.89304,0.0,0.7920715780766104,3365.3450955113394,19.79200651356638,16.826725477556696
-119.610096,200,103.02402,0.0,0.5978604142083844,3275.760519554185,19.32072860560541,16.378802597770925
-79.390476,200,103.147545,0.0,0.4024730130596571,2710.1309984198056,16.768374076215903,13.550654992099028
-141.069968,200,103.277785,0.0,0.6718805748561312,3010.41628626048,18.802238067864433,15.0520814313024
-100.953998,200,103.404301,0.0,0.4229013828010371,2452.5143545284304,15.220887039144793,12.262571772642152
-79.867153,200,103.523338,0.0,0.40297066107414964,3241.917826507789,19.391691412348145,16.209589132538945
-11.646894,48,103.553985,1.0,0.04459162515113076,454.66299777483204,3.1135438272719504,9.472145786975668
-80.212018,200,103.680539,0.0,0.3953918049743403,2920.1841274316316,17.211834672347987,14.600920637158158
-97.376158,200,103.802068,0.0,0.5018238483799845,3527.5552612066663,20.226496291867257,17.63777630603333
-60.943525,200,103.925,0.0,0.27442560229987384,2946.318462171455,17.666898051891145,14.731592310857275
-66.20951,200,104.347434,0.0,0.31537572468076375,2935.2722662101464,18.135861428842524,14.676361331050732
-99.644997,200,104.485948,0.0,0.43502323090470596,2942.8935935528916,17.73327892153742,14.714467967764458
-83.294695,200,104.613971,0.0,0.40783452498055295,2840.801761418321,17.115663147758745,14.204008807091604
-10.369833,42,104.64098,1.0,0.048572039458265256,236.52888975306973,1.9693391915700742,5.631640232215946
-96.194161,200,104.764511,0.0,0.5157002269353137,3313.19691106126,19.53783744809858,16.5659845553063
-109.642707,200,104.890576,0.0,0.5230416204701597,3425.742974790786,19.87304676092872,17.12871487395393
-68.056862,200,105.017591,0.0,0.42485879658246656,2713.909886787188,16.997548748503036,13.56954943393594
-100.459183,200,105.139129,0.0,0.44724307256744594,3101.2789617037174,18.517770260655908,15.506394808518587
-51.417113,200,105.262486,0.0,0.2818961383760356,3422.303832936938,19.442848167618376,17.11151916468469
-74.134637,200,105.38602,0.0,0.31697560252161605,2705.0534655999204,16.9230749536179,13.525267327999602
-128.641117,200,105.505061,0.0,0.6058798147563831,2982.7870082512313,18.270289595533807,14.913935041256156
-76.066559,200,105.932393,0.0,0.37449044209966903,3578.3875478071495,20.42690052597178,17.891937739035747
-166.359209,200,106.065909,0.0,0.8226061298423822,3177.5841121844983,18.64845976361884,15.887920560922492
-42.115589,200,106.196439,0.0,0.15542397528618068,3053.894185244287,18.1091518878811,15.269470926221436
-160.854999,200,106.322491,0.0,0.794078817870199,3391.698848845885,19.526952156055497,16.958494244229424
-148.711579,200,106.454016,0.0,0.7064085875791969,2695.1507284214263,16.996972448103797,13.475753642107131
-53.029707,200,106.578525,0.0,0.4464371513120729,3343.0359542538326,19.796628322246725,16.715179771269163
-135.088201,200,106.699049,0.0,0.6671569699664268,3310.3356121642732,19.194300523905728,16.551678060821367
-53.677102,200,106.824085,0.0,0.19477735713872038,2659.6165354300974,15.99802852179017,13.298082677150488
-155.094002,200,106.948167,0.0,0.7685310231033181,3498.9624736960027,19.934947481879526,17.494812368480012
-103.956149,200,107.069699,0.0,0.444860131115239,2495.3051059553127,15.8042038609644,12.476525529776563
-26.469334,200,107.476342,0.0,0.13392963653686168,3082.9937090866306,18.861576154165796,15.414968545433153
-77.85237,200,107.607391,0.0,0.42701876295366875,2661.7244827621416,17.22363031862932,13.308622413810708
-48.553587,200,107.735503,0.0,0.18579515949770353,3026.6605506363658,18.04431376671591,15.133302753181828
-126.250872,200,107.862875,0.0,0.5418608251847143,2819.767688168829,17.63417713589239,14.098838440844144
-89.484172,200,107.988443,0.0,0.465464197794929,3392.0408513516277,19.997013744338485,16.96020425675814
-111.981604,200,108.114229,0.0,0.5447696998360281,2966.478090881154,17.87622066747443,14.83239045440577
-105.350101,200,108.234786,0.0,0.5154974419750099,3205.6261354865987,18.826673746244715,16.028130677432994
-153.817829,200,108.363099,0.0,0.7267807935316885,3044.4482185936085,18.409512734902783,15.222241092968043
-41.205337,200,108.48594,0.0,0.29448332252766835,3419.394007232235,20.08759817567698,17.096970036161174
-99.391677,200,108.604877,0.0,0.479041550694444,3200.5788864197903,19.114651382283167,16.00289443209895
-86.377584,200,108.720924,0.0,0.4010107855953073,3065.1972384298215,18.348818178222906,15.325986192149108
-74.442522,200,109.188992,0.0,0.5435301346097392,2610.4587241511367,16.603087658267395,13.052293620755684
-113.094752,200,109.322037,0.0,0.5304211189047339,3296.095176932068,18.764290952364167,16.48047588466034
-89.412101,200,109.448561,0.0,0.4100979967174281,3360.789324502356,19.38503339482294,16.80394662251178
-64.885092,200,109.572082,0.0,0.34877659194796334,3167.4574070045032,18.824366603695143,15.837287035022516
-64.345713,200,109.698608,0.0,0.5511302443753172,3137.305978455025,18.956947627738202,15.686529892275125
-119.78664,200,109.819586,0.0,0.5554466313787589,2880.579623119548,17.587270071079594,14.402898115597742
-131.108591,200,109.945757,0.0,0.6549567128671213,3349.0506014274556,19.320723383814368,16.74525300713728
-76.696621,200,110.067305,0.0,0.6933442224916943,2454.407287244042,15.210517211628378,12.27203643622021
-57.91135,200,110.189802,0.0,0.27507107849524925,3186.1439241143275,19.353169751973233,15.930719620571638
-93.942572,200,110.310339,0.0,0.4217631123375613,2860.9755639975588,17.292969822996618,14.304877819987794
-81.12329,200,110.778555,0.0,0.6202955753823599,2805.4274219026106,17.3076675639205,14.027137109513053
-41.880013,200,110.915581,0.0,0.26625194072707187,3331.7547012286914,19.15454038973984,16.658773506143458
-130.036299,200,111.038077,0.0,0.633450531170669,2887.9475015961916,17.407982367928003,14.439737507980958
-78.299151,200,111.159423,0.0,0.6214037393646393,2788.7270710642956,17.586747683508502,13.943635355321478
-130.29178,200,111.282979,0.0,0.5388173346175972,2631.750224370187,15.873847410887167,13.158751121850935
-158.994882,200,111.405475,0.0,0.7566654366869934,3061.1434036158143,18.675528398955855,15.305717018079072
-74.203203,200,111.527495,0.0,0.45107950479400494,3193.8741944076946,18.668355925613117,15.969370972038472
-78.848058,200,111.65003,0.0,0.37596896418400494,2994.267034050867,18.006363160073462,14.971335170254335
-87.893532,200,111.767557,0.0,0.39500470054228726,3056.192753878138,18.021468444342315,15.28096376939069
-73.259994,200,111.887548,0.0,0.6119770776889659,2762.2825835515678,17.28660422651474,13.811412917757838
-175.381007,200,112.313174,0.0,0.87432297926088,3238.0091372233746,19.29297229387842,16.190045686116875
-131.72318,200,112.446667,0.0,0.6435014440833032,3357.1593194433744,19.790154894254883,16.785796597216873
-80.66431,200,112.573241,0.0,0.6175935410413703,2449.9028823600825,16.28691441510981,12.249514411800412
-111.331663,200,112.698053,0.0,0.571894740369777,2624.211280783278,16.408047468379234,13.121056403916391
-140.922455,200,112.834595,0.0,0.6323135671024332,2710.4093948692507,17.024706192920206,13.552046974346254
-154.533172,200,112.958719,0.0,0.7662275637148226,3402.7865571835464,20.111398939482967,17.01393278591773
-136.135058,200,113.081768,0.0,0.6713252147343429,3408.8126325691787,19.035070026522142,17.044063162845895
-78.885036,200,113.206362,0.0,0.6634096047099106,2438.3285469884795,15.710371169643997,12.191642734942398
-142.162452,200,113.327382,0.0,0.6791892823428659,3000.899384088061,18.140707041551412,15.004496920440307
-90.909712,200,113.449471,0.0,0.8453575733199773,2013.629208995977,13.822771498885585,10.068146044979885
-127.631128,200,113.883159,0.0,0.5909235766534409,3323.914147494102,19.008760463604762,16.61957073747051
-97.04519,200,114.008672,0.0,0.5148041987598233,2520.828904255135,16.04909390264691,12.604144521275675
-125.580561,200,114.137773,0.0,0.5364715087731989,2672.0497886542876,16.620851039497047,13.360248943271438
-78.844009,200,114.26532,0.0,0.6956202738231482,2665.6858753720257,15.99760898480938,13.328429376860129
-11.533969,43,114.293321,1.0,0.03873949052145789,221.78462970573935,1.8171569624444295,5.157782086179985
-126.519194,200,114.414446,0.0,0.5495104096271622,2586.9166438735906,16.387287816410915,12.934583219367953
-62.739518,200,114.538985,0.0,0.25064229286581213,2943.594173718194,17.830586982857106,14.71797086859097
-74.215276,200,114.663519,0.0,0.6651461669906241,3098.7530580649277,18.671031213014697,15.493765290324639
-109.433403,200,114.789002,0.0,0.5252928517158714,3280.776023535816,18.611788852929138,16.40388011767908
-107.124278,200,114.912549,0.0,0.5264552751987432,3009.9084447580453,17.997540573443175,15.049542223790226
-115.241145,200,115.038778,0.0,0.6222092075012207,3434.062248877029,20.080126124246128,17.170311244385147
-118.910628,200,115.468437,0.0,0.5872599808968478,3192.8546765436668,18.724361186876305,15.964273382718334
-37.573349,200,115.619469,0.0,0.33045418919078745,3395.257918567275,19.656405382457972,16.976289592836373
-120.645936,200,115.747012,0.0,0.5722565816390397,2950.816335704,18.24919406321027,14.754081678519999
-105.469471,200,115.871231,0.0,0.6154166478716645,3071.068153520543,18.054110869680873,15.355340767602716
-83.0504,200,115.996682,0.0,0.5425211947058499,3077.555330667701,18.187981636686636,15.387776653338506
-83.409263,200,116.120696,0.0,0.5251218092006904,2544.3300797976244,15.241754460741335,12.721650398988123
-63.634939,200,116.246219,0.0,0.37212258885166893,3186.9605331677767,19.05333902541956,15.934802665838884
-108.583083,200,116.371767,0.0,0.4785105363842097,3148.2398486628667,18.48482404842513,15.741199243314334
-147.84702,200,116.492297,0.0,0.7384919465430789,3297.7275209525724,19.516976742107776,16.48863760476286
-92.877562,200,116.615324,0.0,0.500514644720517,3046.012165718881,18.044799252454936,15.230060828594405
-44.214051,200,116.733804,0.0,0.4542609542376535,3153.214119370587,18.670241958594772,15.766070596852934
-81.924192,200,117.175638,0.0,0.737369326723331,2491.106076851167,15.686505720985696,12.455530384255836
-30.264871,200,117.310677,0.0,0.10855222612246279,2845.7705837722333,16.87346979458363,14.228852918861167
-126.924252,200,117.435427,0.0,0.6615243630037473,3291.7818116635185,19.545366319362802,16.45890905831759
-81.0948,200,117.558916,0.0,0.5069259074775747,3106.1114538652346,18.52478883822902,15.530557269326174
-62.519112,200,117.680454,0.0,0.41741447420737565,3112.06715443484,18.50303237670341,15.5603357721742
-97.087647,200,117.805991,0.0,0.4296659422828787,3136.9768261166214,18.485858304281322,15.684884130583107
-50.603478,200,117.930857,0.0,0.37769369013705134,3261.928021504017,18.933075485198575,16.309640107520085
-99.321925,200,118.052903,0.0,0.5007872892962861,2799.352957411921,16.870399567394248,13.996764787059606
-96.948947,200,118.174426,0.0,0.5771343446878369,2670.8675863062062,15.985099054042626,13.354337931531031
-82.94579,200,118.296438,0.0,0.5890190897186708,2457.4225858609143,15.26832645175341,12.287112929304572
-50.186948,200,118.737604,0.0,0.2072273850209589,2995.560646686595,18.241899860733493,14.977803233432976
-168.767697,200,118.873119,0.0,0.8172647665812471,3273.0873556584506,19.172612521284577,16.365436778292253
-117.738709,200,119.002647,0.0,0.5875617658929885,2605.00803290845,16.787957998692107,13.025040164542249
-35.760083,200,119.125636,0.0,0.16424192609204488,3049.0692259844477,18.919297816593613,15.245346129922238
-151.481141,200,119.249696,0.0,0.7588211391199438,3037.627718707739,18.214906749539338,15.188138593538694
-51.680593,200,119.374662,0.0,0.49154748678875293,3156.157273968727,18.662364679375024,15.780786369843636
-33.945067,200,119.497335,0.0,0.10093895369997412,3091.958880796812,18.716760820491647,15.459794403984061
-149.349932,200,119.62881,0.0,0.7404859411672492,3559.12241560566,20.222838400666873,17.7956120780283
-49.090751,200,119.755276,0.0,0.34879265826122724,3061.371454925821,17.968752991927413,15.306857274629106
-87.196583,200,119.875891,0.0,0.46506571951637465,2191.3558027335275,13.776974932472625,10.956779013667637
-152.947178,200,120.284909,0.0,0.7284567736079112,2689.4572508154347,16.366078948246663,13.447286254077174
-144.39294,200,120.420956,0.0,0.707603664412256,3096.9959661617863,18.859882469603978,15.484979830808932
-77.447375,200,120.547484,0.0,0.4781358581360725,2209.1115641992014,14.386469588962278,11.045557820996008
-72.150122,200,120.67101,0.0,0.5165051330047925,2718.3935500800785,16.398086468768653,13.591967750400393
-62.43179,200,120.795537,0.0,0.2757514048047682,3251.112404360528,18.99451472161138,16.255562021802643
-67.133909,200,120.920594,0.0,0.654969331057346,2631.2345316258306,16.370353577991914,13.156172658129153
-173.121051,200,121.044109,0.0,0.8304094973988347,3054.418755134665,17.30822787842209,15.272093775673325
-59.415709,200,121.17009,0.0,0.47406502467482414,2604.6656853508084,16.184126634624477,13.023328426754041
-87.808622,200,121.295578,0.0,0.4030696283367088,2324.277811373144,15.145098122456478,11.621389056865718
-61.290887,200,121.418609,0.0,0.5620708631837639,2902.475643242482,17.185813296559388,14.51237821621241
-63.69133,200,121.8734,0.0,0.47068012317984875,2888.707024540006,17.78366142146541,14.44353512270003
-172.315162,200,122.003948,0.0,0.8608610553664402,3359.1531099242234,19.38191147843288,16.795765549621116
-63.397511,200,122.137928,0.0,0.4576344230463204,3146.9469432788305,18.687446139291374,15.734734716394152
-57.398468,200,122.260447,0.0,0.4562542193551182,2998.9864248156114,17.554132540302348,14.994932124078057
-79.272243,200,122.382982,0.0,0.6921437509120488,2566.3082871983606,16.413035822078847,12.831541435991802
-73.464681,200,122.508603,0.0,0.48374872617061426,3167.4856236766295,19.074227596908226,15.837428118383148
-128.168042,200,122.629728,0.0,0.6284535477933867,3470.65117417271,19.81495552473446,17.35325587086355
-104.825288,200,122.751204,0.0,0.46980035498198963,3075.8180302674778,18.14235631919626,15.379090151337389
-109.546899,200,122.876058,0.0,0.537901591386954,3226.435671221898,18.452920635328187,16.13217835610949
-77.327217,200,122.992591,0.0,0.6609702254661061,2373.5253832547664,15.23200751035579,11.867626916273831
-156.389765,200,123.112074,0.0,0.7456940926675862,3180.230820219131,18.505569435328706,15.901154101095656
-145.869407,200,123.55374,0.0,0.6669628559923501,2947.27037758229,17.083098078877555,14.73635188791145
-81.736561,200,123.686316,0.0,0.605593683589739,2536.9042289844047,16.684414603623793,12.684521144922023
-71.645979,200,123.814302,0.0,0.5878671620933755,2760.6226012909106,17.097690331676922,13.803113006454552
-106.175586,200,123.938248,0.0,0.5734749029418236,3337.212103650952,19.540684225511413,16.68606051825476
-76.471826,200,124.0638,0.0,0.6216346372351703,2318.3539996901573,14.670264670556735,11.591769998450786
-98.559313,200,124.192372,0.0,0.4301705584078752,2968.211385724568,17.270353856413198,14.84105692862284
-88.957947,200,124.312883,0.0,0.41866702353828644,2858.389436639904,16.95455476223038,14.29194718319952
-163.309405,200,124.435926,0.0,0.804341875801874,3031.962228898874,18.31786901107038,15.15981114449437
-113.984778,200,124.559445,0.0,0.6371698319701192,3095.082261749759,18.679174132795232,15.475411308748795
-99.178263,200,124.681005,0.0,0.6297961991534405,3013.008701806369,18.602107905061377,15.065043509031845
-147.52675,200,125.189536,0.0,0.7200012065204355,3408.589592924649,19.593481717455116,17.042947964623245
-71.248375,200,125.339622,0.0,0.6266822964376438,2169.7870775153174,13.8570277150953,10.848935387576587
-37.473059,200,125.468143,0.0,0.16137059490406774,2999.6101290340384,17.814445079505145,14.998050645170192
-108.089485,200,125.604671,0.0,0.6045760560898475,3244.4768837103657,19.747412467652925,16.22238441855183
-109.983805,200,125.731663,0.0,0.4967209827207143,2564.6256319820877,16.127665478763014,12.82312815991044
-111.844455,200,125.864203,0.0,0.5244846373396511,3121.280051578851,18.00555829807144,15.606400257894254
-177.4155,200,126.004064,0.0,0.8697584831628945,3291.695567246297,19.359993461111557,16.458477836231484
-70.128864,200,126.139963,0.0,0.4918773048021895,2848.607169845872,17.574006435291107,14.24303584922936
-145.401921,200,126.265488,0.0,0.7282626167497674,3417.6535862851056,18.903556750339092,17.088267931425527
-80.842856,200,126.394098,0.0,0.4869643974832677,3020.50079794722,17.826930164163226,15.1025039897361
-132.685872,200,126.850716,0.0,0.6495409288049957,3490.042122758246,20.812117770159503,17.45021061379123
-92.753632,200,126.997222,0.0,0.5889420808594827,2730.6791237601506,17.102485276711995,13.653395618800753
-137.804247,200,127.124268,0.0,0.6692121943395949,2995.0300969771915,18.079558133301983,14.975150484885958
-90.174881,200,127.249788,0.0,0.49726057583198147,2420.5611325793157,15.682381698844265,12.102805662896579
-81.53234,200,127.376341,0.0,0.7139344771209911,2206.6010686745303,14.571675214191712,11.033005343372652
-53.705259,200,127.498862,0.0,0.22119271854859635,2952.6219390741635,17.696438713037196,14.763109695370817
-143.682573,200,127.628959,0.0,0.6556130966086254,2429.7764275800773,15.592724232408829,12.148882137900387
-83.714849,200,127.760463,0.0,0.42015351981882826,2661.588021286987,15.939281438062174,13.307940106434934
-127.814264,200,127.895314,0.0,0.5125247514613508,2278.304962242439,14.643884583171875,11.391524811212197
-77.556719,200,128.030353,0.0,0.5525202574345345,2431.8015831897724,15.373885272065985,12.159007915948862
-87.395332,200,128.48764,0.0,0.48195799602695366,2521.502429530094,16.298233532690034,12.607512147650471
-86.752239,200,128.631661,0.0,0.4429532168296838,2402.225032504975,15.61404400432459,12.011125162524875
-36.789684,200,128.761735,0.0,0.14624475564776218,3019.464050512059,17.16314907782522,15.097320252560296
-146.038241,200,128.888234,0.0,0.6656015117009704,2489.6200326368503,15.888127038576862,12.448100163184252
-97.482525,200,129.010765,0.0,0.6144199570266337,2272.304223570385,14.760837379494046,11.361521117851925
-138.483546,200,129.133784,0.0,0.6733214717812326,2933.352695803879,17.594914764291637,14.666763479019396
-10.223853,67,129.174806,1.0,0.04899341182567072,816.6039575750655,4.994192815665659,12.188118769777097
-83.045095,200,129.296309,0.0,0.40581655833594943,2851.4856056907106,17.626952482870525,14.257428028453553
-102.052367,200,129.421334,0.0,0.5343969998386674,2542.545049739404,15.7043882092701,12.71272524869702
-67.251106,200,129.540848,0.0,0.47115459732381604,3206.076989633165,18.931402989618906,16.030384948165825
-116.421238,200,129.65931,0.0,0.5612830800065246,3271.1522596070445,18.851312379170597,16.355761298035222
-88.406444,200,130.07924,0.0,0.4791533218171087,2923.748166695744,17.98243325892072,14.618740833478721
-59.547837,200,130.219762,0.0,0.5400059009492729,2782.272297045763,16.611471992736323,13.911361485228815
-67.713429,200,130.347793,0.0,0.5402047361283451,2645.6370651385946,16.15573501431939,13.228185325692973
-138.941362,200,130.476852,0.0,0.6463982456063655,2832.356488438687,17.366753415979243,14.161782442193434
-50.360267,200,130.600472,0.0,0.35685383635271944,2961.0128817520003,17.919964549526163,14.805064408760002
-30.633203,200,130.725497,0.0,0.1421211015407839,2597.99284278445,15.6554341203392,12.989964213922251
-10.03523,45,130.755495,1.0,0.04578805645228921,179.0742838947977,1.68566668365474,3.9794285309955044
-110.461697,200,130.878005,0.0,0.5737064145663918,3103.035697397689,18.085655285543957,15.515178486988445
-130.433237,200,131.003611,0.0,0.6302684857449764,2982.5871258504003,18.181062122932687,14.912935629252
-82.293684,200,131.123676,0.0,0.44667622658406164,3305.2722807531586,18.6486085293895,16.526361403765794
-119.512839,200,131.247204,0.0,0.6192326025033008,3223.684235994593,18.92469697243848,16.118421179972966
-92.202493,200,131.680984,0.0,0.4226856476419343,3126.7281849341703,19.128855542667306,15.633640924670852
-77.027828,200,131.82402,0.0,0.6821583450325046,1944.0212806063646,12.716320972998268,9.720106403031822
-82.007709,200,131.950557,0.0,0.6234468759628303,1691.565644558418,11.989904708875894,8.45782822279209
-87.671789,200,132.074068,0.0,0.4868589773435272,2537.7171835400327,16.401526723990205,12.688585917700163
-102.729448,200,132.198581,0.0,0.4785912998523419,2152.3564224053925,13.922252224042547,10.761782112026962
-158.884726,200,132.319096,0.0,0.8018510103605196,3296.631749243238,18.701927064498918,16.48315874621619
-81.217519,200,132.443113,0.0,0.3808906292254253,3171.610134048967,18.090662666782645,15.858050670244836
-81.534872,200,132.568625,0.0,0.6034352917099925,1939.1243254974895,12.657459301794685,9.695621627487448
-55.261496,200,132.697218,0.0,0.31964078576155963,2628.457939760794,16.28429906327168,13.142289698803971
-114.25834,200,132.821829,0.0,0.528787834157141,2328.2425880704204,14.996104812434286,11.641212940352101
-86.803217,200,133.257965,0.0,0.6055225994254485,2524.6136527437598,16.24937332276188,12.6230682637188
-68.411783,200,133.408494,0.0,0.33101083133550496,3128.7175715881217,19.0047775714383,15.64358785794061
-76.284636,200,133.534463,0.0,0.7134778745969793,1872.3111140746764,12.912060363391866,9.361555570373381
-86.735271,200,133.661589,0.0,0.5668949042247969,2692.621451150224,16.318063363521937,13.463107255751119
-150.248824,200,133.786108,0.0,0.6934706048934258,2560.11683753961,15.700423275698746,12.80058418769805
-180.480252,200,133.911163,0.0,0.8909409141026562,3171.6989038688303,18.36740144679441,15.858494519344152
-83.659237,200,134.034975,0.0,0.6759391269726285,2256.0483094374636,14.66987408545662,11.280241547187318
-98.491428,200,134.156447,0.0,0.46381608963332294,3022.758044515121,18.456210723610084,15.113790222575606
-36.878786,200,134.281008,0.0,0.3159975158060608,2891.8861347702937,17.327224422375586,14.459430673851468
-96.980966,200,134.404514,0.0,0.5900904173035822,1905.6213594509682,12.513149590790762,9.528106797254841
-79.627461,200,134.522575,0.0,0.6185925042158286,2377.9311806248425,15.062160049476113,11.889655903124213
-80.21557,200,134.997577,0.0,0.4816726190992398,2891.1912869684165,17.86789152953918,14.455956434842083
-76.448667,200,135.134073,0.0,0.691900166457867,1979.4050946941784,12.920029781875392,9.897025473470892
-127.295175,200,135.261547,0.0,0.6399387227024549,2761.0848781201457,17.065841790222457,13.805424390600729
-52.556137,200,135.387081,0.0,0.463415440285419,2925.3505895766984,17.732481897327816,14.626752947883492
-9.3348,37,135.411088,1.0,0.044074401294255446,214.6292501395712,1.7343561123962525,5.800790544312735
-106.96351,200,135.541192,0.0,0.5166211831305537,3315.004296443407,19.60259788974656,16.575021482217036
-137.135462,200,135.673285,0.0,0.6889432653436232,3331.1199445957313,19.19051343312181,16.655599722978657
-140.721066,200,135.801824,0.0,0.6998570515954557,3426.6989088072937,19.51453103233149,17.13349454403647
-122.616056,200,135.923556,0.0,0.6133667881851221,3291.608772044635,18.720180637224008,16.458043860223174
-56.232496,200,136.050333,0.0,0.45818282238937363,2952.901829452294,17.099206423320236,14.76450914726147
-81.779874,200,136.169824,0.0,0.7537674169109994,1397.877839327497,9.807863208555919,6.989389196637485
-140.560664,200,136.606597,0.0,0.6951218728583923,3395.4812725059837,19.59450522850827,16.97740636252992
-161.619545,200,136.740632,0.0,0.7498941388347494,2686.385916156369,16.450590705205837,13.431929580781846
-152.680369,200,136.868466,0.0,0.7325717598069941,2819.7489514726217,17.331141803397824,14.098744757363109
-101.787359,200,136.992989,0.0,0.5402232677271651,3075.9939060306583,17.939573864828702,15.379969530153291
-82.430118,200,137.120369,0.0,0.70088368608153,2095.6304933550564,13.644776572324176,10.478152466775281
-24.944163,200,137.244407,0.0,0.1298937962264691,3281.642352198696,19.103175701302433,16.408211760993478
-173.576435,200,137.369941,0.0,0.8552664608816022,3346.3949540384015,19.78045871893728,16.731974770192007
-106.829435,200,137.495449,0.0,0.48635780928122047,3034.304814090446,18.01676324042379,15.17152407045223
-103.084669,200,137.615008,0.0,0.521824423461594,3121.473436574439,18.41560363667306,15.607367182872194
-109.613678,200,137.733119,0.0,0.5992550393657239,2662.61884074949,16.67725213349886,13.31309420374745
-105.074495,200,138.165781,0.0,0.5423162212822861,2867.8327068574795,17.545718043800846,14.339163534287398
-145.064038,200,138.301297,0.0,0.6748388583986301,2862.9685340541096,17.645608145065378,14.314842670270547
-111.530394,200,138.428289,0.0,0.6025191415766336,2670.3556174169867,17.369323778920105,13.351778087084933
-12.775409,58,138.463292,1.0,0.048708133400387175,370.03151465610966,2.9638705519815445,6.379853700967408
-87.030443,200,138.589698,0.0,0.5793269863448626,1556.6267566270021,11.210529448753949,7.7831337831350105
-110.434113,200,138.713262,0.0,0.5003623444716578,2858.8466980919343,17.495470803218172,14.294233490459671
-78.17856,200,138.837448,0.0,0.7670019690621304,1798.7467729800155,12.327694733529961,8.993733864900078
-48.185251,200,138.962026,0.0,0.21134806251128643,3200.5282521342792,19.005934337970327,16.002641260671396
-99.479795,200,139.084551,0.0,0.5354679693252605,2989.7607671843716,18.456919898284085,14.948803835921858
-161.782175,200,139.208329,0.0,0.8004839462334999,3406.6079639024374,18.681232950949404,17.033039819512187
-85.397532,200,139.334549,0.0,0.6269071574597558,1493.1717213130444,10.954723117248204,7.465858606565222
-111.537825,200,139.788016,0.0,0.47608550032753133,2748.4853359215654,17.126354661628454,13.742426679607826
-139.642524,200,139.931043,0.0,0.6895903609118644,3218.2352281298618,19.05849514872674,16.09117614064931
-72.193498,200,140.056425,0.0,0.6193656304697579,2417.883991562038,15.190723073710826,12.08941995781019
-128.439292,200,140.176962,0.0,0.6539299616722781,3133.9746671321723,17.736928646751302,15.669873335660862
-19.574486,152,140.277512,1.0,0.049182409721101036,2318.207581480893,13.082974334251487,15.251365667637454
-107.347811,200,140.406026,0.0,0.5041762255875918,3006.2049610443673,18.180468216954768,15.031024805221836
-9.338565,39,140.430552,1.0,0.04860123110290642,234.2580100415663,1.7337669590981806,6.006615642091444
-59.60513,200,140.550108,0.0,0.39470470483342507,2908.879433692864,17.597451804994215,14.54439716846432
-32.097353,200,140.67525,0.0,0.12440394988845366,2943.1495238738953,17.786108110944916,14.715747619369477
-83.70984,200,140.796771,0.0,0.41585681475318226,3153.602121855188,18.94102576524855,15.76801060927594
-45.028791,200,140.922303,0.0,0.3958387558845271,2989.234115371166,17.674663706056588,14.94617057685583
-130.897739,200,141.347884,0.0,0.6099644686651992,3163.8827097272256,18.68756222734723,15.819413548636128
-82.826877,200,141.511037,0.0,0.4254085557126609,3225.1897691804684,18.375964175143505,16.125948845902343
-96.353848,200,141.635807,0.0,0.61958293151227,1525.4133098512245,11.486403802824741,7.6270665492561225
-88.17562,200,141.759986,0.0,0.6337286465003494,1525.2110560724138,10.970490685761904,7.62605528036207
-146.055417,200,141.883461,0.0,0.6244781512015801,2201.3370138774144,14.262263236561363,11.006685069387071
-86.120778,200,142.00592,0.0,0.8340984269731734,1474.6890401394653,10.559221820610283,7.373445200697327
-118.682532,200,142.130975,0.0,0.6062378904376532,2928.404803709814,18.23738552820999,14.64202401854907
-57.64977,200,142.252292,0.0,0.22853305576346405,3137.1769327665043,19.230732469457884,15.685884663832521
-80.988285,200,142.374813,0.0,0.6965156647619276,2281.482574659911,14.919021183992315,11.407412873299554
-63.041352,200,142.494357,0.0,0.34059266345836575,2863.213805422858,16.821655060936493,14.31606902711429
-78.583264,200,142.939859,0.0,0.6717023613039522,1687.4878666079833,11.96906464999032,8.437439333039917
-148.60096,200,143.069383,0.0,0.7562108580111185,3179.2229999057786,19.270551175186966,15.896114999528892
-36.397732,200,143.202903,0.0,0.11629014420984438,2629.7141533681797,16.258207753016148,13.148570766840898
-120.056828,200,143.330942,0.0,0.5444331706700645,2813.3844635482096,17.176120245847457,14.066922317741048
-75.729666,200,143.457914,0.0,0.41243781122766593,3169.967673702802,19.118888976999976,15.84983836851401
-79.101893,200,143.581464,0.0,0.6529283745832051,2104.041015611881,13.336293508869769,10.520205078059405
-121.72292,200,143.711219,0.0,0.5353761783640085,1756.2719292653826,12.249527312232377,8.781359646326912
-77.917611,200,143.834885,0.0,0.7618041590380312,965.89792479129,7.646839680969714,4.829489623956451
-125.665137,200,143.958491,0.0,0.6051780541115666,1583.570361098442,11.145440817633206,7.91785180549221
-136.819734,200,144.075584,0.0,0.5799210707532896,1625.2814940608137,11.433155367833471,8.126407470304068
-55.212853,200,144.189129,0.0,0.3058478880664998,3058.2765189706256,18.07358683551477,15.291382594853127
-66.07124,200,144.661074,0.0,0.2960063702923184,2793.0261817597816,16.986378342134813,13.965130908798908
-101.020545,200,144.793546,0.0,0.597827903514481,2506.90398575305,15.750447600120323,12.534519928765251
-41.931107,200,144.921154,0.0,0.2521777426195075,2813.4339287683156,17.06605633777902,14.067169643841577
-164.084611,200,145.041802,0.0,0.747398778463108,2599.881623746034,16.676971284353133,12.999408118730171
-144.818128,200,145.165506,0.0,0.6428588440994316,2226.406654022677,14.168831945161465,11.132033270113384
-102.708058,200,145.291654,0.0,0.5472509152181811,2957.7995042920024,17.026664188351777,14.788997521460011
-113.14838,200,145.418177,0.0,0.5294655661413238,1600.4980400457616,11.469962162502767,8.002490200228808
-85.82765,200,145.544203,0.0,0.3791484830557133,3156.656778656083,18.477376922945716,15.783283893280416
-51.402535,200,145.666122,0.0,0.1939064330382527,2776.1674108707602,16.90773825247608,13.880837054353801
-138.757396,200,145.787641,0.0,0.6953275419360577,2869.899926533688,17.749642816163476,14.34949963266844
-95.873505,200,146.232262,0.0,0.5746257174680564,1725.8329132939782,11.869055134783244,8.62916456646989
-109.994526,200,146.36277,0.0,0.5269905859376497,1918.5371585019063,13.267466355291786,9.592685792509531
-97.638751,200,146.490213,0.0,0.4478802472863239,3195.048782633845,18.990146003543202,15.975243913169225
-90.180587,200,146.611739,0.0,0.6573659722677345,1852.277030980364,12.445394372737377,9.26138515490182
-95.929282,200,146.735826,0.0,0.6543574207118156,1891.07581838666,13.011303716905909,9.4553790919333
-133.094121,200,146.860367,0.0,0.6578680015123238,2622.5429697901764,16.332234674000574,13.112714848950882
-46.800728,200,146.98689,0.0,0.1303674599026808,2843.8286751606784,17.058777993823288,14.219143375803391
-116.075292,200,147.109393,0.0,0.5986194726196546,3188.0820853139617,18.767751377944446,15.940410426569809
-76.068789,200,147.230775,0.0,0.34516228362238166,3362.6134666352623,19.810985525692406,16.81306733317631
-117.76001,200,147.352288,0.0,0.5748624110009882,3351.0639359384195,19.29344999732796,16.755319679692096
-88.400916,200,147.776906,0.0,0.8450764202334033,1590.8611238694104,11.526108925521413,7.9543056193470525
-125.871572,200,147.920422,0.0,0.5457180090795622,1722.1415349277188,11.978809376369599,8.610707674638594
-155.049904,200,148.052203,0.0,0.7730176543754346,3404.943345305697,19.738767512960255,17.024716726528485
-87.861607,200,148.179057,0.0,0.6690282260233313,1817.3824581763572,12.631860604381872,9.086912290881786
-75.378453,200,148.301335,0.0,0.40105010539745833,2971.5689182493156,17.987108996452665,14.857844591246579
-82.467742,200,148.428379,0.0,0.7363589819249953,1866.2449754392119,12.822679157630972,9.331224877196059
-92.262884,200,148.55291,0.0,0.6164443368606498,1758.5290457356596,12.597426532630557,8.792645228678298
-118.672375,200,148.678422,0.0,0.6019723531728106,3189.900896556528,18.791488545646438,15.94950448278264
-130.153746,200,148.808939,0.0,0.5316463618447286,1824.188765871588,12.301721835737265,9.12094382935794
-122.052819,200,148.932671,0.0,0.6197419382271515,2776.069732896546,17.028576005724524,13.880348664482732
-75.474477,200,149.353861,0.0,0.7264767803770512,2336.0156336742807,14.536251671036725,11.680078168371404
-88.509411,200,149.493901,0.0,0.5650564963875727,2888.601671016511,17.724538331645856,14.443008355082554
-74.054597,200,149.628599,0.0,0.32383118999635746,2973.938958024319,17.71500218108644,14.869694790121596
-42.681035,200,149.754107,0.0,0.3398434525841994,3030.777784942807,18.729729411115525,15.153888924714035
-85.776161,200,149.894668,0.0,0.704450196494417,1705.9669131629882,11.451489622161285,8.52983456581494
-165.515817,200,150.023518,0.0,0.7997385994854868,3057.2108629161767,18.10029280275206,15.286054314580884
-90.545276,200,150.145538,0.0,0.6857960803799454,2383.6678568641673,15.830100959908819,11.918339284320837
-76.532899,200,150.271977,0.0,0.5719573250018956,2718.5693478782387,17.058529891101646,13.592846739391193
-101.930494,200,150.397763,0.0,0.6186295656566961,2310.549940007183,14.992514711930614,11.552749700035916
-99.149879,200,150.515259,0.0,0.5300333306556136,3367.7853737798973,19.964287505276243,16.838926868899488
-9.891347,38,150.539777,1.0,0.04576255690603289,119.38739678375,1.1223233745217498,3.141773599572369
-158.263902,200,150.974482,0.0,0.7513570014767523,2916.15031560865,17.625144205237483,14.58075157804325
-8.528918,36,151.003482,1.0,0.03870123813439526,187.79475239118898,1.4098467820984146,5.216520899755249
-7.318846,32,151.026484,1.0,0.04525929234634562,147.12162531384445,1.2012718914936196,4.597550791057639
-62.585963,200,151.16447,0.0,0.5192682121468433,2885.2022528141924,17.68641566672857,14.426011264070961
-121.856502,200,151.300021,0.0,0.5968246327600627,3188.9442388779526,18.763248913982284,15.944721194389762
-93.323465,200,151.430079,0.0,0.6621200446784071,1848.467250109059,13.222375055364257,9.242336250545295
-149.297172,200,151.564629,0.0,0.6807093572985444,2331.37075418888,15.545595393988972,11.6568537709444
-86.729476,200,151.690163,0.0,0.7751058587398102,1566.638086880765,11.317625851311385,7.833190434403825
-119.329779,200,151.814618,0.0,0.6236523230128884,1814.9879466625116,12.18993784528467,9.074939733312558
-110.809842,200,151.93768,0.0,0.5461846631482307,3175.744298027829,18.73174666389925,15.878721490139144
-178.85531,200,152.061087,0.0,0.8867711965290649,3301.0506002150983,19.386535566332928,16.50525300107549
-63.379108,200,152.183627,0.0,0.2724681168801929,2565.2273301345344,15.151688807665984,12.826136650672673
-164.999359,200,152.632292,0.0,0.7913029605727594,2681.3891945051214,16.733977431829487,13.406945972525607
-165.35071,200,152.766808,0.0,0.8194375487099611,3425.802818923567,19.80384519311252,17.129014094617833
-160.790025,200,152.896842,0.0,0.7793502812819219,3061.8586018309916,18.31495786360889,15.309293009154958
-105.372437,200,153.022355,0.0,0.5299232593146121,1899.9216272400058,12.534891041560842,9.49960813620003
-143.162447,200,153.145396,0.0,0.7027070036715277,3095.665928565134,18.151166185075752,15.47832964282567
-62.941695,200,153.264916,0.0,0.26974384204067076,3335.732642797685,19.330833416339427,16.678663213988425
-131.65284,200,153.387455,0.0,0.6359936170331509,3348.6500308326185,19.859210316065933,16.743250154163093
-115.704271,200,153.50797,0.0,0.5929528619760263,2388.135986494471,14.449622930907136,11.940679932472356
-60.49557,200,153.629142,0.0,0.35400116400026416,3166.3813754424336,19.058178710714866,15.831906877212168
-144.655398,200,153.746676,0.0,0.7159314248951001,2965.4846298156895,17.938476492884405,14.827423149078447
-150.884619,200,153.866216,0.0,0.7054443336092193,3217.2490612893653,18.994400209135303,16.086245306446827
-55.677345,200,154.314701,0.0,0.33277633065341605,3204.87043934199,18.81426959841541,16.02435219670995
-89.773178,200,154.454635,0.0,0.7568027864600907,1624.8284685371245,11.708515962222062,8.124142342685623
-121.959553,200,154.583183,0.0,0.6031465265308239,3524.903850132024,19.70030300269635,17.62451925066012
-74.283158,200,154.71514,0.0,0.478949189580298,2979.8435193262085,17.417164423136253,14.899217596631042
-77.209652,200,154.843541,0.0,0.4695661687771549,3277.59390487941,19.653275670482174,16.38796952439705
-85.405054,200,154.965552,0.0,0.5456384597855255,2358.948424735828,14.710606993787591,11.794742123679141
-10.076837,41,154.993529,1.0,0.046919133987851705,229.96197197190844,2.2361738847304706,5.608828584680694
-85.381668,200,155.118079,0.0,0.6044120528434319,1938.0216061714277,13.005233092251292,9.69010803085714
-89.955618,200,155.243639,0.0,0.3904849139700007,2645.686405242161,16.26239480196093,13.228432026210806
-64.17716,200,155.361184,0.0,0.2883024772205905,2941.694653145686,17.041103388608196,14.708473265728431
-153.058279,200,155.479707,0.0,0.7588155159826481,3235.089830078312,18.624695707113094,16.17544915039156
-123.659824,200,155.935312,0.0,0.4974365347135618,2091.602872885843,13.469532142005136,10.458014364429216
-87.293479,200,156.076718,0.0,0.5336523406051699,2687.943508700498,17.094962413010958,13.439717543502491
-98.161022,200,156.203795,0.0,0.4349437734077498,2964.0675891368264,17.594110154950105,14.820337945684132
-103.126512,200,156.324321,0.0,0.44646466100005827,2778.846187192044,16.15709993509278,13.89423093596022
-115.132307,200,156.45036,0.0,0.5576914647769746,3218.0156717485775,18.779361254815374,16.090078358742886
-92.964771,200,156.57247,0.0,0.78329086407611,1712.6225040361114,11.979836588080884,8.563112520180557
-136.665952,200,156.69898,0.0,0.6793995436375353,3078.0626643111646,18.18256766743928,15.390313321555823
-92.67599,200,156.823777,0.0,0.7067876435897995,1633.067550568243,11.572748220326455,8.165337752841214
-65.062845,200,156.948688,0.0,0.3031597008829746,3180.541183423264,18.302394597000717,15.90270591711632
-86.964798,200,157.067781,0.0,0.7166785348061502,1347.5615211587688,10.159131858336906,6.737807605793844
-116.313102,200,157.495403,0.0,0.5105371653416628,1964.5132688096282,13.032821836083361,9.822566344048141
-141.483175,200,157.635375,0.0,0.6713736437294893,2633.011691845616,16.24793325624305,13.16505845922808
-41.22253,200,157.763957,0.0,0.17426343636539082,3079.427271231123,18.686442076656498,15.397136356155615
-91.638845,200,157.886977,0.0,0.6785384081114824,1634.626423607256,11.39547025874834,8.17313211803628
-147.371274,200,158.013252,0.0,0.672599045693819,2322.529895687146,15.280449294717108,11.612649478435731
-11.010687,42,158.039782,1.0,0.044381460513920334,213.99730000748568,1.7176708282858313,5.09517380970204
-170.177651,200,158.163318,0.0,0.843684360657503,3233.191629191127,18.54846126685288,16.165958145955635
-114.216454,200,158.286592,0.0,0.5772366461537786,3118.192176491971,18.146108176997963,15.590960882459855
-33.546163,200,158.408175,0.0,0.07202917814998988,3207.8069053329823,19.734565271317628,16.03903452666491
-164.035061,200,158.528707,0.0,0.7788566036987932,3256.7395917286444,19.15211951174927,16.283697958643224
-115.803279,200,158.64975,0.0,0.6046839723828664,3283.4388787643697,19.186511399381935,16.41719439382185
-137.692518,200,159.088403,0.0,0.6455450726384703,2800.242497671022,17.448293776587633,14.001212488355112
-112.68698,200,159.232014,0.0,0.5292599434248124,2727.230598794654,16.68753764061261,13.636152993973269
-56.347522,200,159.355542,0.0,0.23921358188861458,3101.148408094534,18.188734971943397,15.505742040472668
-153.690002,200,159.477893,0.0,0.6431627360182274,2777.731721210441,16.924928486260995,13.888658606052203
-104.026823,200,159.602908,0.0,0.5176975219020697,2941.567490103612,17.168396859213825,14.70783745051806
-42.53438,200,159.725463,0.0,0.15826730691770452,2802.9004859158035,16.73893268681633,14.014502429579018
-80.9568,200,159.847484,0.0,0.36584379355295255,2999.509995112519,17.392969956643242,14.997549975562595
-165.368929,200,159.970023,0.0,0.7847400439368903,2707.011134946597,16.743464290359203,13.535055674732984
-118.096619,200,160.09659,0.0,0.5493084670804605,2103.594524833129,13.411145952027066,10.517972624165646
-86.945125,200,160.218159,0.0,0.5888957422412044,2142.152618011267,13.76086531904166,10.710763090056334
-87.362508,200,160.636318,0.0,0.6879404791408552,2024.3637092368224,13.60645373957761,10.121818546184112
-149.811781,200,160.781822,0.0,0.7194211206462279,2798.5603191728574,17.24598034477775,13.992801595864286
-134.304379,200,160.907383,0.0,0.6561852134452749,2561.237560900298,15.724790222149458,12.806187804501489
-87.203491,200,161.030799,0.0,0.6423668692342247,1759.2959131338964,12.00750561464603,8.796479565669483
-109.412394,200,161.154791,0.0,0.5761027536275195,2853.4029029242283,17.80997600494203,14.267014514621142
-90.012299,200,161.283604,0.0,0.7827093629227443,1840.715857412451,12.291668269083653,9.203579287062254
-156.739814,200,161.408705,0.0,0.7149218742706653,2428.63734125232,14.986348553010888,12.143186706261599
-66.258787,200,161.539453,0.0,0.557589222952821,2734.8559138978035,16.94882704275792,13.674279569489018
-105.110015,200,161.660976,0.0,0.5266182831630318,2657.0212982815274,16.433685024209893,13.285106491407637
-139.881669,200,161.78057,0.0,0.685029585171094,3175.9106022123574,18.718418615990963,15.879553011061788
-118.802669,200,162.228266,0.0,0.5866220796705496,3479.9216199759567,20.729117070476356,17.399608099879785
-75.975807,200,162.381313,0.0,0.33048533145761566,3045.4932748596448,17.771960914627755,15.227466374298224
-132.647862,200,162.509839,0.0,0.544399427002057,2630.1769015603572,16.078790154610278,13.150884507801786
-121.716633,200,162.634896,0.0,0.558050076838183,1872.3129960628028,12.799142245249126,9.361564980314014
-11.507707,42,162.661888,1.0,0.04738995501557785,199.41961892555472,1.6898412997612053,4.7480861648941595
-65.577306,200,162.787406,0.0,0.2908851821360196,3206.5631259211245,19.249074161401143,16.032815629605622
-99.458757,200,162.911318,0.0,0.5978041522190275,1779.8246078905086,12.025024570208746,8.899123039452542
-81.192463,200,163.037346,0.0,0.7351411557984497,1560.821740435041,11.218177276368055,7.8041087021752045
-110.163976,200,163.160859,0.0,0.520419704821541,1936.6062061678354,13.20542340149129,9.683031030839176
-107.239233,200,163.28638,0.0,0.45021951731089366,2686.0262499187847,16.02894384051737,13.430131249593924
-114.018241,200,163.404348,0.0,0.49364543909593156,1802.1259156126073,12.27373996495318,9.010629578063037
-150.397912,200,163.844211,0.0,0.75365407484984,3317.390165957903,19.277886164789916,16.586950829789515
-107.074579,200,163.992732,0.0,0.5762369131034625,2453.7336506668285,15.076113955528614,12.268668253334143
-99.767513,200,164.124719,0.0,0.5995630358593124,1235.4906702726,9.59423110169468,6.177453351363
-128.473757,200,164.251744,0.0,0.6529931887653132,3110.5288826925507,17.841044730470912,15.552644413462753
-165.687365,200,164.378288,0.0,0.7824444284716225,2676.8151447420246,16.46431142895201,13.384075723710122
-9.782419,42,164.405314,1.0,0.04894488364917125,226.52184778577293,2.0351438653941227,5.393377328232689
-75.788032,200,164.528809,0.0,0.5758783495889337,2215.1235488518123,14.084985942493256,11.07561774425906
-95.530068,200,164.651447,0.0,0.6065185239819967,1421.015177327491,10.601747453105675,7.105075886637455
-88.110774,200,164.774973,0.0,0.857815064446952,1510.2046228901177,10.904717558593937,7.551023114450588
-100.050592,200,164.897706,0.0,0.6715178589842887,1562.7962603094186,10.978653906217428,7.813981301547093
-98.924201,200,165.017241,0.0,0.6270030065625406,2535.5726802916324,15.978982444072459,12.677863401458161
-130.785178,200,165.440183,0.0,0.5932380187237261,1962.659440528259,13.49160914647421,9.813297202641294
-84.806372,200,165.569703,0.0,0.6479207644909789,1919.7109148717993,12.600020205071,9.598554574358996
-84.929904,200,165.709722,0.0,0.40259085440559916,3380.6501731984763,19.71490472261065,16.90325086599238
-127.887845,200,165.837756,0.0,0.5869832127252159,2963.8150661077834,17.613551408231547,14.819075330538917
-93.871787,200,165.962272,0.0,0.5707813826262771,2085.610197708676,13.906516572209965,10.42805098854338
-99.031667,200,166.082669,0.0,0.4677657090687776,3338.805965143019,19.030403979686824,16.694029825715095
-147.000142,200,166.205945,0.0,0.7166188957578057,3231.833507138469,18.67680822998602,16.159167535692344
-109.554153,200,166.330465,0.0,0.5756199309001565,2093.4577665235447,13.974684292717576,10.467288832617724
-99.220011,200,166.45152,0.0,0.4637818773763646,3101.1748662960567,18.98277198486366,15.505874331480284
-158.282845,200,166.57304,0.0,0.7803983539008781,3436.9951617887436,19.743716841241785,17.18497580894372
-32.430953,171,166.677211,1.0,0.04640275259458549,2274.086072003209,14.195578986453167,13.298748959083095
-65.809516,200,167.120308,0.0,0.3374124942005641,2947.2772788619914,17.008646293118865,14.736386394309957
-8.232102,33,167.141516,1.0,0.03867247598627724,161.19272087806317,1.2427462285002018,4.8846279053958535
-136.265207,200,167.275022,0.0,0.67011849407702,2855.152131382069,17.033302261797722,14.275760656910345
-55.311632,200,167.400523,0.0,0.5117591508154233,2691.567795617764,16.43827265017241,13.457838978088821
-100.282754,200,167.522004,0.0,0.5560385347137438,1824.441444778803,12.49369555036238,9.122207223894016
-91.616698,200,167.648076,0.0,0.6552830766518364,1890.0217733871962,12.370435568209736,9.450108866935981
-148.602006,200,167.772596,0.0,0.7228795772670042,2902.126746810708,17.26464406762871,14.51063373405354
-104.302321,200,167.904037,0.0,0.5576578939051297,2166.0641050168338,14.206583321005011,10.830320525084169
-59.69941,200,168.029768,0.0,0.2957067301199043,2831.910540556235,16.8200164005359,14.159552702781175
-104.299463,200,168.153428,0.0,0.5774401888210771,2156.5575938700767,14.099630891399412,10.782787969350384
-99.490761,200,168.278952,0.0,0.5803039460508551,1935.1389263436167,12.956757280524448,9.675694631718084
-74.322882,200,168.693933,0.0,0.6077332505288192,2558.992690098183,16.09141546809562,12.794963450490917
-105.034868,200,168.825462,0.0,0.5395324418076215,2700.6904056059034,16.050223383845207,13.503452028029518
-106.910731,200,168.959477,0.0,0.5522055435635712,1995.5277456093952,13.490666848802988,9.977638728046976
-118.600768,200,169.082979,0.0,0.5535073976530342,2119.2273605420896,14.522081613206508,10.596136802710449
-56.328864,200,169.207475,0.0,0.24874045827473443,3197.78611206218,18.661319650803822,15.9889305603109
-39.259926,176,169.316024,1.0,0.04686070326874408,2298.816725785733,14.038857161882914,13.061458669237119
-82.548119,200,169.437061,0.0,0.6940178206209129,2238.748491657485,14.563041077741795,11.193742458287424
-149.929788,200,169.56261,0.0,0.7564159878382585,3277.5593907387306,18.79750927299825,16.387796953693652
-83.580357,200,169.68113,0.0,0.557063007474915,2402.557007349396,14.76985276728834,12.01278503674698
-44.460648,200,169.802716,0.0,0.1395411682772619,3021.4926726986982,18.040896275854664,15.10746336349349
-127.767236,200,170.255157,0.0,0.6513487367579281,3245.140533173036,19.272037619601207,16.22570266586518
-79.029608,200,170.397714,0.0,0.6789167667075612,2023.9794648996779,13.557598673574104,10.119897324498389
-11.062726,47,170.433228,1.0,0.0468134995632815,173.53073218559018,1.6586989928421039,3.6921432379912806
-74.097219,200,170.558289,0.0,0.38863742733248297,3320.796086046347,19.176362571845065,16.603980430231736
-57.169575,200,170.684799,0.0,0.5300858719045652,2915.4397757376632,17.978100020340314,14.577198878688316
-118.78343,200,170.813306,0.0,0.5940601052403215,3030.658296750729,17.76492696166456,15.153291483753645
-39.413417,200,170.93582,0.0,0.18651924939365438,3266.2714294607854,19.392410936472658,16.331357147303926
-128.235299,200,171.057845,0.0,0.6203504815692462,3115.933672430201,18.339890088452933,15.579668362151006
-44.207544,200,171.182358,0.0,0.1399428403172579,2903.7124701574,16.901657027487392,14.518562350786999
-126.392157,200,171.306873,0.0,0.6410987964715704,2346.7708857103057,15.548282588709641,11.73385442855153
-54.018707,200,171.42539,0.0,0.49781383247519556,2637.557548197167,15.671992676668047,13.187787740985835
-143.104782,200,171.855932,0.0,0.6327565169890746,2086.9968071409703,13.605778461264633,10.43498403570485
-58.915889,200,172.005459,0.0,0.26524671739061983,3081.4699084633016,17.435646813906583,15.407349542316508
-70.344074,200,172.136482,0.0,0.47096400069094596,2871.1186677160076,16.60993251149689,14.355593338580038
-9.275739,37,172.162998,1.0,0.03887783123645658,174.73710370125772,1.509796506432319,4.722624424358317
-126.21584,200,172.292394,0.0,0.6268184976340592,3443.156375919097,19.77346221673069,17.215781879595486
-111.782119,200,172.421118,0.0,0.5552967862552213,3121.0226146984605,18.13010405374618,15.605113073492303
-114.668212,200,172.545159,0.0,0.49781992044809215,2903.121450363818,17.410449929011527,14.51560725181909
-108.094668,200,172.668671,0.0,0.5031647428437772,3023.1938640474727,18.355828969705865,15.115969320237364
-84.570513,200,172.79125,0.0,0.63129140033708,1857.5979561090946,12.567358694898411,9.287989780545473
-37.1986,200,172.916482,0.0,0.12338903069819343,2799.6017680139084,15.942000716637224,13.998008840069541
-97.170606,200,173.036623,0.0,0.5597864716332653,2195.08409617114,14.705253153163023,10.9754204808557
-95.216029,200,173.465795,0.0,0.4323311801164284,3198.8502818697216,19.41543959935775,15.994251409348609
-130.929057,200,173.601309,0.0,0.6502609691126633,3076.61922884563,18.062653322386016,15.38309614422815
-134.55167,200,173.728831,0.0,0.6793275386385984,3377.0518856358353,19.712822613128026,16.885259428179175
-62.771081,200,173.852778,0.0,0.40599924078909505,2792.943676113732,16.713234437750472,13.96471838056866
-118.843905,200,173.978954,0.0,0.5529945342419985,2127.114439122331,14.136967703123938,10.635572195611655
-41.432258,200,174.102748,0.0,0.35307969135196715,2838.0712619101782,16.688260151277678,14.190356309550891
-31.238378,200,174.227304,0.0,0.2115105496071778,3472.314885509811,19.97135926143264,17.361574427549055
-16.751415,124,174.305815,1.0,0.04686594126093527,1762.7788809259414,10.747757623149848,14.215958717144689
-66.694078,200,174.435414,0.0,0.33219059524449673,3472.382921948661,19.491649760706828,17.361914609743305
-136.905378,200,174.56569,0.0,0.5862978762914521,1910.692182404619,12.964827894104866,9.553460912023095
-64.988905,200,174.685163,0.0,0.3043162893113024,3006.7996830201546,17.98800502035214,15.033998415100774
-134.963536,200,175.134242,0.0,0.5666639361833362,2227.208940091204,14.477294066364282,11.13604470045602
-80.394193,200,175.269534,0.0,0.7417113308777455,1726.3488238050722,12.30342338884958,8.631744119025361
-20.222854,150,175.364045,1.0,0.04857335285061677,2195.2755093243345,12.720307890375695,14.63517006216223
-95.968109,200,175.489561,0.0,0.48787830918653546,2996.143879253131,18.045023331368196,14.980719396265656
-15.131307,104,175.554608,1.0,0.04692045823657699,1352.212331321989,8.323765262018464,13.002041647326818
-73.183256,200,175.680089,0.0,0.651287613585808,2116.1200532909784,13.946540830436254,10.580600266454892
-120.174309,200,175.803614,0.0,0.5421708527282877,2710.106591011646,16.142422183205,13.550532955058229
-51.141952,200,175.928141,0.0,0.1965110412044171,2914.145946551728,17.986391209183747,14.57072973275864
-77.193472,200,176.053155,0.0,0.6634149940258167,2205.072185494235,14.068335917451861,11.025360927471175
-78.90183,200,176.176272,0.0,0.3978720242433446,3172.3618717493887,18.82007769699341,15.861809358746944
-73.545013,200,176.29879,0.0,0.6174353981332066,1832.7304907199882,12.336193474191433,9.16365245359994
-169.543522,200,176.759651,0.0,0.8428101706388632,3321.9602768835334,19.04482698966388,16.60980138441767
-96.378622,200,176.890786,0.0,0.46684103871871124,3020.4790619707237,17.792303026181255,15.102395309853618
-83.459148,200,177.020313,0.0,0.3924295179096447,2839.358215520239,16.75390335506382,14.196791077601194
-93.646765,200,177.140872,0.0,0.5154732637172124,3257.8575088889756,18.902379185845447,16.28928754444488
-78.729676,200,177.26975,0.0,0.5214181314162358,2335.6370096917217,14.810805125283467,11.678185048458609
-101.955219,200,177.393255,0.0,0.4349166061210102,2701.1167975586914,16.889028716161196,13.505583987793457
-173.575266,200,177.515771,0.0,0.8529556541196379,2922.160103105592,16.72104553010383,14.610800515527961
-144.828756,200,177.640319,0.0,0.6520476680680126,2376.780646890474,14.54800455373823,11.88390323445237
-110.980254,200,177.764966,0.0,0.537194120276445,2405.269129923139,15.024007431227703,12.026345649615696
-74.364377,200,177.88448,0.0,0.6317915759521855,2253.589692785417,14.61788048167646,11.267948463927084
-153.354655,200,178.318038,0.0,0.7465080084600948,3582.097416413233,21.099219335371252,17.910487082066165
-68.256539,200,178.450073,0.0,0.25969129232121885,2848.878218720233,17.20928112177352,14.244391093601164
-172.500801,200,178.580172,0.0,0.8429403863893348,3151.0878369574384,18.70940061358844,15.755439184787193
-148.366081,200,178.70372,0.0,0.7410242220946403,3206.5688906689006,19.05978620337529,16.032844453344502
-38.623788,200,178.827242,0.0,0.2257475258289228,3214.1388374129265,19.29043076534923,16.070694187064632
-137.529588,200,178.958292,0.0,0.6551341297030508,3022.301777676473,18.12703711846249,15.111508888382366
-117.406966,200,179.084398,0.0,0.5790133885339565,3000.5629077987824,18.063033906509407,15.002814538993912
-116.180575,200,179.207921,0.0,0.5797579886958197,3087.8150404133094,18.63540077856121,15.439075202066547
-105.812944,200,179.328456,0.0,0.4692962748445007,2529.1275629849306,15.079298527852059,12.645637814924653
-42.364378,200,179.449519,0.0,0.12761789873131027,2806.3931920476366,17.314574818607245,14.031965960238184
-177.465241,200,179.86255,0.0,0.8772291567849169,3181.5403948537296,18.908596785576723,15.907701974268647
-148.805671,200,179.991076,0.0,0.6989085248321112,2951.8657685951202,17.298725362387938,14.7593288429756
-113.243768,200,180.12466,0.0,0.5499853718593423,2954.4454558686116,17.981534123328057,14.772227279343058
-22.107185,200,180.263685,0.0,0.09313713501281046,2996.6410865349053,17.69668522044663,14.983205432674527
-139.255698,200,180.394232,0.0,0.6290607805453122,2612.8425288705585,16.697777292122655,13.064212644352793
-132.880392,200,180.527314,0.0,0.6304226879547175,3116.995299556439,19.32769910981242,15.584976497782195
-121.289753,200,180.651348,0.0,0.5787472889357974,2925.7599207165777,17.59396573315053,14.628799603582888
-141.444201,200,180.777421,0.0,0.6691632848000547,2637.572869067021,15.979057069308526,13.187864345335106
-106.490077,200,180.898575,0.0,0.5379019246533896,3213.47446762725,18.202119152970564,16.06737233813625
-120.249846,200,181.019025,0.0,0.6072936129127577,3159.7026566391637,18.9046532175331,15.798513283195819
-109.401204,200,181.145009,0.0,0.5616177948993311,3369.269004298147,20.31754158663427,16.846345021490734
-79.27529,200,181.607581,0.0,0.40613872162984,3270.4966424177396,18.334567967649274,16.3524832120887
-81.412084,200,181.740106,0.0,0.5577603281205807,2216.488284655853,14.600784477849876,11.082441423279265
-96.577974,200,181.869088,0.0,0.4693003027646488,2895.00132826171,16.594097365411315,14.47500664130855
-150.436999,200,181.994608,0.0,0.7341206343010249,3008.1074919535695,18.18267469737861,15.040537459767847
-119.519995,200,182.116526,0.0,0.5275243859930668,2902.6663414477166,17.833028068427996,14.513331707238583
-133.428214,200,182.2371,0.0,0.6057136971665505,2245.1264307955284,14.111834692316531,11.225632153977642
-63.214668,200,182.360057,0.0,0.4272259452992193,3098.254947124582,18.35190692577107,15.49127473562291
-99.681927,200,182.483626,0.0,0.496929432792575,2763.559374690973,17.097330907720888,13.817796873454865
-65.642647,200,182.604112,0.0,0.39505267187032156,2943.2692028460483,17.3477090010481,14.716346014230242
-107.839168,200,182.724613,0.0,0.5296770614764159,3309.877529960278,19.60348116296305,16.54938764980139
-114.584588,200,183.187662,0.0,0.49648114466800436,2547.0796575199906,15.648079650938877,12.735398287599953
-34.529642,200,183.332892,0.0,0.1318736102101488,3051.5194163230717,18.081114365688652,15.257597081615359
-85.747783,200,183.464118,0.0,0.4255307790896498,2899.057656179329,17.052723330880116,14.495288280896645
-42.588157,200,183.588191,0.0,0.14566823766469947,2663.983873079938,16.3237255702347,13.31991936539969
-81.039757,200,183.71164,0.0,0.4714507762366502,2517.491272369711,15.882752651366244,12.587456361848556
-79.40536,200,183.837143,0.0,0.47225044560121054,2843.175526063284,17.256184525270722,14.21587763031642
-76.694812,200,183.957267,0.0,0.4275629315335529,2277.908027337098,14.184593402081015,11.38954013668549
-31.304741,200,184.077778,0.0,0.06493218564595196,2709.0739887308832,16.420144488064846,13.545369943654416
-69.410313,200,184.200611,0.0,0.5114981826308619,2289.3202175933416,14.484053951572667,11.446601087966707
-98.497808,200,184.321106,0.0,0.46032178165614474,3004.5986730955196,17.594205949647474,15.022993365477598
-70.433426,200,184.750641,0.0,0.5182255675809597,2212.5425205292822,13.843659468093158,11.06271260264641
-97.644613,200,184.888839,0.0,0.4216840132543373,2580.6187862644347,14.646305754694438,12.903093931322173
-168.441064,200,185.021328,0.0,0.8182297369600904,3099.56122630106,17.83942211437193,15.4978061315053
-127.121171,200,185.151989,0.0,0.6227541632643803,3308.2707180168904,19.805645311393597,16.54135359008445
-118.981343,200,185.28542,0.0,0.5804232535250403,3450.5825032133725,19.969533549274487,17.252912516066864
-6.754806,36,185.310436,1.0,0.04598307832090305,209.1825703825572,1.80778781562683,5.810626955071033
-62.984775,200,185.443941,0.0,0.2978892683298847,3213.6614549041074,19.048909362113232,16.068307274520535
-31.936048,200,185.585502,0.0,0.07198550567848841,2929.0064453024347,17.582991771600778,14.645032226512173
-116.799745,200,185.716207,0.0,0.5632049317930431,3419.203993665,19.676340034178008,17.096019968325
-60.419665,200,185.84895,0.0,0.47651877485186983,2990.4153960855315,17.844331379262158,14.952076980427657
-59.902653,200,185.980947,0.0,0.3735198986629537,3067.035079082516,18.19579399227782,15.33517539541258
-117.268182,200,186.482321,0.0,0.5527548140524287,2778.325164070583,17.770368852862727,13.891625820352916
-71.076385,200,186.631855,0.0,0.33003610232886166,3198.566865173024,18.569152290644325,15.99283432586512
-95.228877,200,186.766899,0.0,0.45724872379924747,3360.5667451330305,19.48927575289674,16.802833725665153
-63.002663,200,186.889383,0.0,0.2493476629349746,3042.6503809148135,17.79779281946851,15.213251904574067
-61.558962,200,187.021912,0.0,0.5294394318322064,2548.412059212616,15.43817633336062,12.74206029606308
-147.946815,200,187.143433,0.0,0.7264978455274544,3584.5997180235013,20.745970319150267,17.922998590117505
-81.436273,200,187.264465,0.0,0.3907244837395429,2952.166634172242,17.616615000216875,14.760833170861211
-106.854193,200,187.387011,0.0,0.4561407528055182,2620.6806579523104,16.493091598181017,13.103403289761552
-6.692265,30,187.406996,1.0,0.046829381823010295,125.12281377716374,1.0237767610806852,4.1707604592387915
-25.178007,142,187.493509,1.0,0.04290649202181267,1751.8144148675724,10.672305824688543,12.336721231461777
-132.299517,200,187.616059,0.0,0.6011147048184317,2768.2898287558396,17.00096191038204,13.841449143779197
-145.673566,200,187.740223,0.0,0.7182727539838917,3434.783378760005,19.721389367209753,17.173916893800023
-91.861446,200,188.278739,0.0,0.4303086862555323,2684.543316595355,16.443228714435875,13.422716582976776
-69.013729,200,188.414284,0.0,0.3693578602176955,2758.239829679295,16.775749427777733,13.791199148396474
-130.902267,200,188.538802,0.0,0.5612824893469367,2505.4838843344614,15.139504515316807,12.527419421672308
-163.575366,200,188.662834,0.0,0.7923890976090526,3042.509516139924,17.918708393391952,15.21254758069962
-63.555067,200,188.786364,0.0,0.5003879805224241,2265.34490859951,14.053344378371591,11.32672454299755
-130.315832,200,188.91092,0.0,0.631151248889864,3490.4059543467006,20.142393829163694,17.452029771733503
-88.825864,200,189.031266,0.0,0.43723640679473175,3206.0041408470015,19.08442178027795,16.030020704235007
-94.781331,200,189.15293,0.0,0.4520947363139401,2425.2440993246737,14.87875781975106,12.126220496623368
-77.416766,200,189.273458,0.0,0.4025426647779962,3459.092148129118,20.412583037351993,17.29546074064559
-120.964781,200,189.393026,0.0,0.5601233342681604,3049.138001069545,18.267373887487818,15.245690005347726
-99.952337,200,189.848203,0.0,0.5008767763674484,3061.1814416324764,17.67794127146115,15.305907208162383
-87.149845,200,189.979575,0.0,0.3977859211201283,2938.6071719772312,16.895040941491295,14.693035859886157
-68.262095,200,190.109323,0.0,0.48826865675934783,2666.2438732724086,16.631753155246365,13.331219366362042
-90.208771,200,190.23184,0.0,0.40979104787080106,2695.3155711227682,15.983820162047326,13.476577855613842
-140.866848,200,190.357944,0.0,0.6341680126711695,2813.676956749057,17.173665770641527,14.068384783745284
-65.56804,200,190.47843,0.0,0.582332746182808,2214.3175808064884,13.71767732830242,11.071587904032443
-112.918843,200,190.602968,0.0,0.5306871127828879,2881.9058916938657,17.878209098860207,14.40952945846933
-73.378469,200,190.724491,0.0,0.36084695962350205,2664.255328792543,15.068617544354671,13.321276643962715
-93.097763,200,190.842556,0.0,0.4883766065292188,2944.6988980801,17.08616071259027,14.723494490400501
-107.934829,200,190.965673,0.0,0.4993766546411303,2506.7212631299617,15.553607428944538,12.53360631564981
-79.809287,200,191.398871,0.0,0.4451987024070567,3073.39442721481,18.729638804224216,15.36697213607405
-88.769943,200,191.532386,0.0,0.44519241518943076,3183.0319310453465,17.804159674836164,15.915159655226732
-102.619598,200,191.659117,0.0,0.4832647188197723,2941.6091311776518,17.280973196580145,14.70804565588826
-139.562182,200,191.785681,0.0,0.6415279674082958,2667.8172947266503,16.62496786132469,13.339086473633252
-39.013125,200,191.913007,0.0,0.35024261610113105,2716.2627448009102,16.690676502425,13.581313724004552
-84.732193,200,192.03353,0.0,0.45466076827943697,3309.5217291022277,19.717991561751155,16.54760864551114
-133.169261,200,192.167423,0.0,0.6394670956585728,3232.2312104296398,18.687055703813577,16.1611560521482
-60.809902,200,192.291174,0.0,0.3142553077061908,3003.7834487698424,17.9018043053463,15.018917243849211
-123.997,200,192.410639,0.0,0.5694105091040116,2882.57579318249,17.21626869871242,14.41287896591245
-94.57584,200,192.532148,0.0,0.48708267269132816,2967.2670409711277,17.931861464169234,14.836335204855638
-95.075936,200,192.987738,0.0,0.4300848444279347,2318.5743695893552,15.587982643383224,11.592871847946776
-150.134301,200,193.122252,0.0,0.7101490519071473,2724.9467393693867,16.86431921002775,13.624733696846933
-79.983644,200,193.253345,0.0,0.3950184402970365,2820.63090327509,17.021241151595465,14.10315451637545
-63.129605,200,193.389873,0.0,0.4501715232303849,2429.0297009030246,14.965734880020856,12.145148504515124
-114.580261,200,193.5254,0.0,0.5827612902414808,3251.2662905827424,19.218424164247814,16.256331452913713
-112.869276,200,193.653481,0.0,0.5711431782787874,2645.0853167075593,15.900173208877352,13.225426583537796
-143.477873,200,193.780007,0.0,0.6694268225273139,2607.653386335409,16.053075468814306,13.038266931677045
-124.43586,200,193.903551,0.0,0.5991983920522606,3164.861662049853,19.261770404342478,15.824308310249265
-48.475822,200,194.024998,0.0,0.23973537589345448,3120.34484163627,17.901489960992553,15.601724208181349
-117.545859,200,194.145554,0.0,0.516080613501615,2577.967582792328,15.484557495773714,12.889837913961639
-61.285182,200,194.584634,0.0,0.5003531710926157,2407.3696431616268,15.315518937235094,12.036848215808133
-90.832266,200,194.717154,0.0,0.4484703662844116,2532.9770473223125,16.070715801738757,12.664885236611562
-68.744923,200,194.847672,0.0,0.49899027058392903,2189.9791110991814,14.173664921740771,10.949895555495907
-73.150869,200,194.97574,0.0,0.5373710946582047,2467.917663352801,15.574764525225776,12.339588316764004
-133.071047,200,195.102679,0.0,0.6593871505188161,2952.3673086827994,17.555627166116164,14.761836543413997
-114.112347,200,195.226205,0.0,0.5375020284559431,3058.2620565698107,17.807408495885056,15.291310282849054
-69.555626,200,195.351267,0.0,0.43141940195774325,2916.457601516806,17.669335753265578,14.58228800758403
-65.167441,200,195.479788,0.0,0.3950698603800501,2812.7594024629425,17.080597082972616,14.063797012314712
-84.04786,200,195.602295,0.0,0.44984832437595296,3028.3160342446863,18.399957112091176,15.141580171223431
-135.045876,200,195.725836,0.0,0.5967695013478699,2742.5541091678297,16.644551611830398,13.712770545839149
-114.095426,200,195.844369,0.0,0.5347401413440547,2695.6255169617184,16.63641285679094,13.478127584808592
-51.106527,200,196.285118,0.0,0.3096314104154904,3236.1843868597944,18.393873925911496,16.180921934298972
-100.408974,200,196.412155,0.0,0.4945982065249266,2244.061964357618,14.094117821243321,11.220309821788089
-76.54943,200,196.541403,0.0,0.3910639577501122,2902.7323939209327,17.82791622313297,14.513661969604664
-131.408714,200,196.669176,0.0,0.603472271984158,2876.5495578362415,16.71829966547026,14.382747789181208
-102.703215,200,196.795284,0.0,0.4875770476955974,2771.395320060838,16.992420168643115,13.85697660030419
-101.289361,200,196.917748,0.0,0.4903553048688653,2658.147056509565,16.220791745940623,13.290735282547825
-5.157897,28,196.935749,1.0,0.04637281296569747,199.8547716009565,1.2934344439228262,7.137670414319875
-28.842496,200,197.059807,0.0,0.1555493032977275,2863.3608533026477,17.088755943453407,14.316804266513238
-113.90759,200,197.181334,0.0,0.5391679099605464,3177.839450798355,18.615845605173796,15.889197253991775
-51.277315,200,197.299893,0.0,0.1942024654354686,2569.3486124333576,15.154832438109908,12.846743062166787
-72.282911,200,197.423424,0.0,0.47844551663337087,2230.6308825591,14.49660910553801,11.1531544127955
-86.996562,200,197.838126,0.0,0.4154355610168575,2919.7571946617386,16.989295418054105,14.598785973308694
-124.085756,200,197.980136,0.0,0.5900720498270181,2935.370516643007,17.842695603066094,14.676852583215034
-144.397188,200,198.105618,0.0,0.6408152216787247,2654.996302888264,16.184672839882733,13.27498151444132
-73.680062,200,198.229774,0.0,0.37237845216162463,3338.632757336521,18.887395941490407,16.693163786682604
-138.69004,200,198.353778,0.0,0.6870450574534522,3387.953967499586,19.819215810844504,16.93976983749793
-83.954908,200,198.477949,0.0,0.40667979117582564,3052.1595675985895,18.06399207618986,15.260797837992948
-89.203472,200,198.604463,0.0,0.41079401492360373,2422.7196523988996,14.715836841365611,12.113598261994499
-77.509052,200,198.72506,0.0,0.5991431982788382,2191.620906396946,14.453277719535102,10.958104531984729
-65.982443,200,198.851986,0.0,0.38250592888958096,2627.9260359068535,16.116544346259335,13.139630179534267
-139.740774,200,198.977526,0.0,0.6503534762690417,2769.109574335722,17.0037863252492,13.84554787167861
-79.773467,200,199.415129,0.0,0.3799078355696746,3186.9095675151902,19.196338207963887,15.934547837575952
-134.103668,200,199.550641,0.0,0.6442692060823758,3076.9576676646775,18.014058260915846,15.384788338323387
-151.745178,200,199.675687,0.0,0.7440328823742868,3228.6278074101892,18.869983019516276,16.143139037050947
-57.95887,200,199.803206,0.0,0.305969275523643,2751.7192384085097,16.996740837309567,13.758596192042548
-51.784823,200,199.92972,0.0,0.4136013873935687,3151.685282416629,18.469995356394683,15.758426412083145
-70.174907,200,200.054756,0.0,0.3812390409259333,2468.4765808609136,15.272623306614884,12.342382904304568
-77.950554,200,200.17557,0.0,0.3864774432551224,3180.27024756899,18.724229746460995,15.901351237844949
-64.299378,200,200.303758,0.0,0.49131613934726676,2373.02243926425,14.086624803063389,11.865112196321249
-146.701254,200,200.427313,0.0,0.7145439582809547,3309.8518629647224,19.575316337558093,16.549259314823612
-62.940384,200,200.550857,0.0,0.5623184193890204,2424.531573536012,15.565993986216403,12.12265786768006
-115.952592,200,200.980093,0.0,0.5598418543036121,3267.649400499352,18.885766956948842,16.33824700249676
-132.760994,200,201.128711,0.0,0.5982994034815206,2744.1682836157015,16.423074698310792,13.720841418078507
-7.286978,47,201.160257,1.0,0.04684937525854856,377.3734970648402,2.23152824101847,8.02922334180511
-62.305165,200,201.285174,0.0,0.3730405131095553,2770.6680479156967,17.55821607931715,13.853340239578483
-121.40686,200,201.417743,0.0,0.5975597906306234,2487.1585344694863,14.66107425804201,12.435792672347432
-160.120429,200,201.548434,0.0,0.7794305824308011,3277.504974331852,19.369538992930668,16.38752487165926
-119.889661,200,201.673571,0.0,0.5572543039456562,3083.2539247945692,18.178044607723685,15.416269623972847
-9.349956,43,201.700571,1.0,0.048570420353013115,163.67758609213288,1.5987172217707735,3.8064554905147183
-119.420848,200,201.825094,0.0,0.5903051022347945,3050.4948025945473,17.975597393690176,15.252474012972737
-172.322476,200,201.948638,0.0,0.8482238020339176,3357.184690048901,20.54802953642917,16.785923450244503
-144.135164,200,202.07069,0.0,0.6802122565102962,2693.915619263326,17.548594165436782,13.46957809631663
-72.925374,200,202.186901,0.0,0.41031628054711033,2282.8358938067063,14.351439169328003,11.414179469033531
-69.024863,200,202.630225,0.0,0.3724287559937597,2378.4050245185,15.286422597797065,11.8920251225925
-55.508647,200,202.782266,0.0,0.30386857440738363,3191.4455905562872,19.343893322619135,15.957227952781436
-140.583493,200,202.909263,0.0,0.6680915548765749,2825.936613162267,16.465551215673326,14.129683065811335
-164.761196,200,203.039816,0.0,0.795254404441809,3041.2402799622078,18.248249561626245,15.20620139981104
-70.156738,200,203.16851,0.0,0.4459917106636647,2316.8049275006642,14.975457342817965,11.58402463750332
-9.911709,46,203.19916,1.0,0.04940530954827158,234.9261468253137,2.239622666871469,5.107090148376385
-152.988246,200,203.323095,0.0,0.7353517519189707,3332.8005760920114,19.476356620146852,16.664002880460057
-139.356425,200,203.447511,0.0,0.6613186546191622,2799.7910754943005,17.247383202464093,13.998955377471502
-58.668669,200,203.570564,0.0,0.43517819182613304,2812.5922397517884,17.470696581982523,14.062961198758941
-75.759398,200,203.692094,0.0,0.32684699331479333,3043.882411078428,17.449990817526377,15.21941205539214
-84.264565,200,203.8136,0.0,0.3860583467578245,2564.3577707646964,16.37467857273133,12.821788853823483
-114.689656,200,204.28144,0.0,0.5169618995254706,2849.4055973348395,17.140299088188094,14.247027986674198
-8.964176,34,204.305436,1.0,0.04234333451487933,132.07917188243567,0.9516179886079615,3.88468152595399
-66.362975,200,204.445959,0.0,0.4445082283484159,2155.2152842070045,14.154399258994658,10.776076421035022
-61.395826,200,204.571995,0.0,0.3523158504103812,2696.4595024839846,16.672612006100284,13.482297512419922
-159.553272,200,204.695094,0.0,0.7741719822294496,3240.34791889371,18.41679638489309,16.20173959446855
-55.170869,200,204.82216,0.0,0.2872344056653396,2776.9680661273096,16.231019829965586,13.884840330636548
-65.880894,200,204.944545,0.0,0.34881542942445243,2900.594499588447,17.293489263756765,14.502972497942235
-37.582786,200,205.069592,0.0,0.11405846354201261,2833.396711365352,17.481552491102878,14.16698355682676
-61.697127,200,205.191113,0.0,0.3193984362534451,3013.3614688837715,17.98828043072937,15.066807344418857
-64.825767,200,205.310656,0.0,0.39218745302531044,2511.479358495696,15.607964402858308,12.55739679247848
-99.204031,200,205.435737,0.0,0.48189052024325896,3065.6188730557537,17.564218079368707,15.32809436527877
-132.646694,200,205.881788,0.0,0.6221514780658381,2886.4065489980408,17.653978756672096,14.432032744990204
-104.212247,200,206.019311,0.0,0.44113670447996595,2464.127621718147,14.802069896275675,12.320638108590735
-29.00541,200,206.147843,0.0,0.1642899707537806,3152.3815486722087,19.175895986795183,15.761907743361043
-63.806404,200,206.269724,0.0,0.27629900622019476,2590.733429107835,15.259857336158115,12.953667145539175
-65.297437,200,206.399318,0.0,0.3523496514765431,2550.759714135834,16.2754773660733,12.753798570679171
-34.761198,200,206.525186,0.0,0.2275811090536719,3257.5481292423233,19.022175072099536,16.287740646211617
-69.546365,200,206.646679,0.0,0.30976029684782924,2780.7284125561996,17.026520841025413,13.903642062780998
-79.319372,200,206.775272,0.0,0.38884985805515354,3073.152552796893,18.386947420546345,15.365762763984465
-90.0027,200,206.895698,0.0,0.402055856891917,2449.4452196849097,15.354625921039208,12.247226098424548
-70.313057,200,207.012234,0.0,0.37864734881125145,2411.983072481231,15.462737321406786,12.059915362406155
-40.345028,200,207.437294,0.0,0.1796684508240077,3134.363108937336,18.67033970454742,15.67181554468668
-148.099095,200,207.572966,0.0,0.7184544845655667,3362.7324835532845,19.32453767053359,16.813662417766423
-76.759369,200,207.705905,0.0,0.3840000969424691,3070.610980941391,18.144723089241634,15.353054904706955
-143.899291,200,207.828446,0.0,0.6972711236964867,3163.6834997863853,18.547581424217707,15.818417498931927
-76.518572,200,207.953965,0.0,0.3764733963663888,2447.750466723408,15.07170355588166,12.23875233361704
-131.206519,200,208.07984,0.0,0.6418135157089558,3298.159645405203,19.381627987217215,16.490798227026016
-64.300969,200,208.200431,0.0,0.33963974189226764,3152.301233727464,17.959336505867796,15.76150616863732
-59.951444,200,208.323919,0.0,0.41044404646502347,2719.516978866126,16.623761490835648,13.59758489433063
-170.953223,200,208.446418,0.0,0.8449061017813843,3175.6646123912665,18.320278146077843,15.878323061956332
-55.631667,200,208.570503,0.0,0.398485631378876,2952.5594878822235,18.089687704320966,14.762797439411118
-125.523181,200,208.69103,0.0,0.5980725725671505,3063.292449668742,17.975116264299494,15.31646224834371
-9.07324,89,209.055625,1.0,0.04986389524012083,1396.2992930861908,7.823895757412584,15.688756102092032
-63.479014,200,209.190376,0.0,0.4820058192660358,2104.4586166613094,13.606485407799092,10.522293083306547
-118.36448,200,209.3209,0.0,0.547305914867188,2778.053156872215,16.854136388223925,13.890265784361075
-112.503144,200,209.447435,0.0,0.4777228567872134,2655.0115746669558,15.672376924107759,13.275057873334779
-81.972873,200,209.569453,0.0,0.38924950920162377,2950.8268564478344,17.307448358112076,14.754134282239171
-138.370208,200,209.691021,0.0,0.6499984555787249,2883.9679323032733,17.02941500284343,14.419839661516367
-76.120739,200,209.819113,0.0,0.3952282584036826,3130.939789812893,19.011509298876085,15.654698949064466
-114.452696,200,209.944649,0.0,0.5233056692168195,2722.2715205758336,17.169856210780406,13.611357602879169
-71.110209,200,210.069671,0.0,0.45058547070285837,2374.9739777422133,14.878593570977197,11.874869888711066
-59.009044,200,210.190238,0.0,0.2918220390152247,2792.0024309360247,16.83568448198904,13.960012154680124
-35.966452,200,210.667496,0.0,0.14296738171062928,2908.1553351872712,16.612202079810753,14.540776675936357
-121.703113,200,210.819029,0.0,0.5945608900681201,2784.2779163663313,16.607468649566762,13.921389581831656
-60.702327,200,210.954551,0.0,0.3933051881845093,2886.8536276893715,16.834835248293178,14.434268138446857
-12.754602,48,210.984063,1.0,0.03900596881416722,218.37108961284486,2.087875977487237,4.549397700267601
-57.570028,200,211.107649,0.0,0.3128305454285395,2804.9634895575095,17.061658989314253,14.024817447787548
-83.774254,200,211.23411,0.0,0.389810448476185,2551.1742297892906,15.56208376680116,12.755871148946452
-68.448924,200,211.357651,0.0,0.41027007378127023,2270.8827585571753,14.931979420299637,11.354413792785877
-116.349081,200,211.480628,0.0,0.5403700461410992,2825.8136711542875,17.027975820519465,14.129068355771437
-65.545273,200,211.602026,0.0,0.46224740396643565,2345.1487301513434,15.374848793780588,11.725743650756717
-121.150855,200,211.72665,0.0,0.5987899929814897,3307.571226621439,18.98829192277027,16.537856133107194
-138.113079,200,211.846237,0.0,0.6637153378634764,2971.1012434150216,17.505448450753004,14.855506217075108
-73.777808,200,212.274662,0.0,0.3670315820370636,2853.6738254527445,17.11613733135273,14.268369127263723
-12.143611,47,212.311658,1.0,0.044450542173745056,179.52939686110057,1.7062369138054745,3.819774401300012
-72.957611,200,212.457213,0.0,0.3887920932592324,3254.7592148326717,19.6703735972539,16.273796074163357
-83.129846,200,212.58528,0.0,0.41186754447024987,2698.1145974838387,16.470708347543805,13.490572987419194
-74.406104,200,212.708809,0.0,0.3862454260522147,2726.4870272437715,16.508621827010117,13.632435136218858
-92.58478,200,212.833275,0.0,0.47357664008290906,2900.763536852909,17.155541567328623,14.503817684264545
-173.491088,200,212.958812,0.0,0.8507191030170768,3287.9691525636335,19.318334570790267,16.439845762818166
-69.235582,200,213.081691,0.0,0.31189761557797996,3022.444802538795,17.562613785566494,15.112224012693975
-145.85547,200,213.205154,0.0,0.6669112949133751,2565.4243204235163,15.719366876505916,12.82712160211758
-72.340792,200,213.327673,0.0,0.3428864997100485,2624.4744534464508,16.108312719430664,13.122372267232254
-148.350912,200,213.452249,0.0,0.7232035637000075,3041.715056067587,17.69132458238198,15.208575280337934
-136.472779,200,213.900851,0.0,0.649237754562383,3012.524678072409,18.145215321773062,15.062623390362045
-125.02684,200,214.052334,0.0,0.6137781259681736,3423.8185740866384,19.41573407951911,17.119092870433192
-80.31194,200,214.186424,0.0,0.40288854602720786,2904.3976729480855,17.45963371219391,14.521988364740428
-86.10593,200,214.310813,0.0,0.4583565788736085,2526.0718025365704,15.703102063340637,12.630359012682852
-5.921807,33,214.331814,1.0,0.04730981401677162,135.88738909229912,1.2800286307577198,4.11779966946361
-68.394052,200,214.459402,0.0,0.40428206746671413,2496.2332920680856,15.055585878425209,12.481166460340427
-51.865988,200,214.581918,0.0,0.2846770414798926,2844.940456151153,16.579993258549177,14.224702280755764
-58.116628,200,214.706428,0.0,0.43642035965700154,2841.93424472608,17.189600805404872,14.209671223630401
-110.73717,200,214.828899,0.0,0.4852413376268144,2507.5179428166502,15.555152503392586,12.537589714083252
-27.830958,200,214.950439,0.0,0.13860993646522937,2831.399870378693,17.051887949791148,14.156999351893464
-92.086843,200,215.067861,0.0,0.449600308710003,3024.3471395378324,17.905101423245664,15.121735697689163
-94.782136,200,215.190388,0.0,0.4524466291960504,2817.521741811047,16.597567902114754,14.087608709055235
-18.519779,130,215.599015,1.0,0.04706751645378898,1828.9175297080635,10.657388077618407,14.06859638236972
-73.305432,200,215.730534,0.0,0.3894150088840991,2418.336260050514,15.490257460699151,12.091681300252569
-14.078567,105,215.796717,1.0,0.04820373490723289,1444.5815220521577,8.760217354541789,13.757919257639596
-111.418002,200,215.926246,0.0,0.5313709608522766,3013.307044048189,17.579411022062562,15.066535220240944
-154.697111,200,216.052766,0.0,0.7457124363794799,2962.681891738448,17.553842119595515,14.81340945869224
-168.009046,200,216.184788,0.0,0.8151624250513083,3029.682327280015,17.760351406130287,15.148411636400077
-144.771097,200,216.305033,0.0,0.7054831532167225,3342.437594375913,20.023675401276872,16.712187971879565
-120.056908,200,216.434234,0.0,0.5794872129131969,3121.3399158351963,18.190142916926984,15.60669957917598
-84.273304,200,216.558635,0.0,0.397711266810439,3005.7718400256035,17.526607701482774,15.028859200128018
-108.314743,200,216.679747,0.0,0.5409553921176402,3197.3694681471893,18.726034041372348,15.986847340735947
-14.114516,81,216.72576,1.0,0.04644597394721919,827.683225552256,5.0978432350906875,10.218311426571061
-102.722058,200,217.1548,0.0,0.474781952243261,2754.003460842973,16.653539444489766,13.770017304214864
-73.233404,200,217.290557,0.0,0.3865212353456734,2418.7687661050386,14.900375703168653,12.093843830525193
-71.164989,200,217.416069,0.0,0.3977417108773384,2369.062945884286,15.275961625479388,11.84531472942143
-46.046178,200,217.541582,0.0,0.3221507561168835,3051.160737989589,17.62163523440081,15.255803689947946
-114.96399,200,217.663672,0.0,0.5567519420456936,3268.7295757740408,19.3003438676843,16.343647878870204
-90.450216,200,217.790221,0.0,0.41134873990811754,3186.5898042223007,18.055980554127263,15.932949021111504
-49.226603,200,217.912741,0.0,0.24747957475435542,2507.436483151344,15.083642960237613,12.53718241575672
-112.576667,200,218.037028,0.0,0.5113568275913313,2807.2491004814206,17.3422401957616,14.036245502407104
-147.395587,200,218.158584,0.0,0.7220388622958513,3294.6319193557238,18.928327152527217,16.47315959677862
-46.339523,200,218.275646,0.0,0.38840546270001514,3012.468097791688,17.572197662385797,15.062340488958439
-72.365551,200,218.733321,0.0,0.34811333331662025,2895.159875834189,17.860774548604564,14.475799379170944
-56.3068,200,218.869056,0.0,0.34582938042856426,2270.0502796992237,14.274767672941286,11.350251398496118
-81.602046,200,218.997579,0.0,0.39528789191681785,3151.838888469833,18.504215224611368,15.759194442349164
-118.700645,200,219.123041,0.0,0.5557847419579012,2830.419055866493,15.99378825460773,14.152095279332466
-86.393326,200,219.247599,0.0,0.42515834647259376,3183.833332120138,18.535933911742337,15.91916666060069
-41.989486,200,219.369614,0.0,0.197086203596613,2781.107744655376,16.74408961057924,13.90553872327688
-110.24626,200,219.494151,0.0,0.5168470111596577,3054.116335400607,17.42860432773798,15.270581677003035
-64.466531,200,219.614681,0.0,0.4831035442962988,2300.408002195746,15.395616320052294,11.50204001097873
-71.225386,200,219.739832,0.0,0.34311434069081626,3059.5367111942496,17.82659209769293,15.297683555971249
-135.622296,200,219.859286,0.0,0.6735959734267668,3141.325496795535,19.149926616043235,15.706627483977675
-97.549668,200,219.977274,0.0,0.4587737032405438,3132.2520157970357,18.05622551643803,15.661260078985178
-44.046076,200,220.432495,0.0,0.13811620019274992,2722.0216484390303,16.14201341475276,13.610108242195151
-10.399527,43,220.466008,1.0,0.04644340257582895,157.72527575456,1.4842248737619423,3.6680296687106972
-96.915105,200,220.604529,0.0,0.4781919541674069,3302.134557089501,19.022334762949285,16.510672785447504
-70.37473,200,220.727123,0.0,0.35890175503257027,2399.972154919725,15.147061314825919,11.999860774598625
-120.494014,200,220.853997,0.0,0.5170491259256147,2766.7426963785533,17.384513256741744,13.833713481892767
-67.338249,200,220.97923,0.0,0.36338448204454055,2222.349789233087,14.744310617155381,11.111748946165434
-123.674453,200,221.101715,0.0,0.5997523873751606,3265.434014110068,18.912899287276836,16.327170070550338
-75.173323,200,221.226237,0.0,0.3927382058993289,3139.2301141353964,19.059184196526093,15.696150570676982
-139.065518,200,221.346763,0.0,0.6751862308790871,3266.5604756607213,19.289141000358903,16.332802378303608
-98.410002,200,221.466824,0.0,0.4374154376986189,2849.379930395868,16.155443694506456,14.24689965197934
-106.326451,200,221.582361,0.0,0.5223103052226454,3191.275582185212,18.79642677084392,15.95637791092606
-57.574499,200,222.000187,0.0,0.25159030481136063,2961.5156959678825,17.60286131731261,14.807578479839412
-57.004509,200,222.137751,0.0,0.24537737581926847,2981.255812680598,17.805096671794388,14.90627906340299
-131.418417,200,222.26181,0.0,0.6264279518227004,3092.897669843949,18.728318678125056,15.464488349219746
-64.378417,200,222.388088,0.0,0.3546422093406183,2435.079989481017,15.110366174356107,12.175399947405085
-171.393136,200,222.508689,0.0,0.8366692692867432,3048.0752362233275,17.99467095373924,15.240376181116638
-173.688862,200,222.634264,0.0,0.8462780024157992,3234.244587135789,18.369317432309632,16.171222935678944
-93.831908,200,222.758728,0.0,0.48580743681101846,2907.073820105022,17.788074506903534,14.535369100525111
-94.945515,200,222.886373,0.0,0.4042320821230351,2442.8969346553804,15.059195448715963,12.214484673276901
-13.762667,123,222.964966,1.0,0.047302116734317196,1986.295553294813,11.572373155135214,16.14874433573019
-150.367779,200,223.090017,0.0,0.7265204809526505,2805.1859615990843,16.766090058629498,14.025929807995421
-99.748106,200,223.52776,0.0,0.4647409625429299,3056.889225563428,18.4564228523729,15.28444612781714
-119.599395,200,223.66814,0.0,0.5725534566852043,3326.1726837981123,19.373036006760426,16.63086341899056
-131.735519,200,223.796659,0.0,0.6262889903885146,3221.2785425054913,18.9848820402553,16.106392712527455
-95.488743,200,223.924212,0.0,0.4550163681010025,2513.6602654682983,16.082738863650324,12.568301327341493
-139.179891,200,224.051101,0.0,0.6724057256395077,2965.7423787379507,17.161666978748972,14.828711893689754
-49.158871,200,224.17316,0.0,0.3263612945984768,2964.861609171885,17.484952285875323,14.824308045859425
-78.007668,200,224.295324,0.0,0.3769327764460968,2531.2163845848636,15.874470164507807,12.656081922924319
-58.390671,200,224.415841,0.0,0.25374688595018113,2877.449343058801,17.176882580808787,14.387246715294005
-60.585287,200,224.542372,0.0,0.4003122485466024,2075.132588041991,13.519150419416894,10.375662940209954
-98.670596,200,224.665408,0.0,0.4454022331441549,2835.5186371836935,16.971419275689943,14.177593185918468
-139.276684,200,224.786426,0.0,0.6481481005101344,2622.2918242867704,16.061891492937438,13.111459121433851
-131.197575,200,225.251918,0.0,0.6180544812286525,3034.283131879417,17.99595082425035,15.171415659397084
-135.005128,200,225.392082,0.0,0.6383769341103211,3021.163550769095,18.50114302932065,15.105817753845475
-66.333915,200,225.520362,0.0,0.3204648165288839,2697.676455111306,16.755419371372383,13.48838227555653
-62.240179,200,225.64589,0.0,0.547803069741043,2152.8180875297867,13.91414382745132,10.764090437648933
-98.889405,200,225.771921,0.0,0.4555902142029457,2647.397670207118,16.569980571832303,13.23698835103559
-132.619154,200,225.895437,0.0,0.6243480039105224,2701.60344759949,15.967128217610739,13.508017237997452
-138.955381,200,226.021955,0.0,0.6489427826243154,2761.8755585540216,16.272172574762763,13.809377792770109
-67.614486,200,226.142473,0.0,0.31407503024120575,2599.692721527736,15.927022118389202,12.99846360763868
-80.309475,200,226.26753,0.0,0.36368480332756536,3010.916746891612,17.682247880834417,15.05458373445806
-115.194095,200,226.389564,0.0,0.4823531927475546,2530.8023415548078,15.357605374500418,12.654011707774039
-69.459947,200,226.818739,0.0,0.3291231963747158,2679.183331565176,15.923423718380718,13.39591665782588
-97.761378,200,226.953255,0.0,0.4464850608175515,2932.4763816072445,17.445220958457558,14.662381908036222
-172.647508,200,227.080297,0.0,0.819690082347269,3027.7629785697695,17.912945540768547,15.138814892848847
-7.533205,74,227.127294,1.0,0.048934271424596096,1057.4655856723552,6.145452126954116,14.290075482058855
-66.894035,200,227.255012,0.0,0.5124114452330344,1961.581704983006,12.935327158900954,9.80790852491503
-70.250378,200,227.376681,0.0,0.37802188945790527,2742.347672275893,16.200310237026045,13.711738361379464
-87.773618,200,227.504822,0.0,0.39482811413271846,2508.385759799712,15.083330437641196,12.54192879899856
-65.057625,200,227.62657,0.0,0.4144147314683829,1778.4228294949237,12.033136164274365,8.892114147474619
-117.666612,200,227.751611,0.0,0.5172162269818039,2482.314766749277,15.664873659315612,12.411573833746386
-123.483885,200,227.87566,0.0,0.5760086154736397,3366.6166738335105,19.105317655213366,16.833083369167554
-89.80275,200,228.000202,0.0,0.3974554366259835,3115.278461796539,17.548364725555675,15.576392308982696
-132.933708,200,228.431976,0.0,0.6220931445438597,2800.728579733149,17.160953144107012,14.003642898665746
-50.289507,200,228.5645,0.0,0.34046669692538983,2931.523389457108,17.214172046477255,14.65761694728554
-96.687424,200,228.692558,0.0,0.40077767847790075,2257.163038201964,13.94598196051636,11.285815191009819
-109.951465,200,228.816105,0.0,0.4601606816647971,2277.5640349355963,14.17324437722341,11.387820174677982
-120.945455,200,228.938545,0.0,0.5474184180424925,2941.8262875702485,17.572482649660262,14.709131437851243
-75.472791,200,229.064093,0.0,0.25913420732838194,2591.043764787862,15.162669563860868,12.95521882393931
-168.689684,200,229.188115,0.0,0.8136948661830755,2967.057804525495,18.0909429362977,14.835289022627476
-123.345486,200,229.31232,0.0,0.587829377959127,2714.249103737888,16.130357878574575,13.571245518689441
-81.401033,200,229.432799,0.0,0.36363829023348543,2995.909580439029,17.21118072032472,14.979547902195145
-141.973665,200,229.554338,0.0,0.6241002491406008,2289.8715342067894,14.690278456811926,11.449357671033948
-61.32613,200,229.994433,0.0,0.36417795384355095,2546.454859966164,15.189276539153191,12.73227429983082
-92.935723,200,230.132949,0.0,0.44051840506167156,2383.65926692282,15.020434253486757,11.9182963346141
-92.603658,200,230.261478,0.0,0.4260511693981904,2766.6354072957606,16.160621787210893,13.833177036478803
-141.991558,200,230.38532,0.0,0.6761629815690887,2638.695885137946,15.884868951047656,13.193479425689729
-45.849894,200,230.513832,0.0,0.38199241184577876,2723.6179129331786,16.15598639214145,13.618089564665892
-68.836511,200,230.639346,0.0,0.23717001742183255,2684.1159029810638,15.496175853223836,13.420579514905318
-152.359879,200,230.763368,0.0,0.7354345400481725,3240.099962086947,19.139438772578348,16.200499810434735
-178.169376,200,230.887391,0.0,0.8718675651424518,3287.268046648445,19.38871911323672,16.436340233242223
-61.795101,200,231.007909,0.0,0.3654923100107145,2021.0725183936818,11.99293872547773,10.105362591968408
-165.771578,200,231.128484,0.0,0.7968643212054656,3335.8882968690646,19.91685922457299,16.679441484345322
-88.661232,200,231.556535,0.0,0.358484402908994,2974.495580172142,17.19621120986858,14.87247790086071
-63.864038,200,231.69455,0.0,0.3831267851577946,2412.9852752143497,15.350540130735805,12.064926376071748
-81.142102,200,231.82808,0.0,0.3819613166726819,2928.486470252366,17.205568254350005,14.64243235126183
-13.586629,92,231.894989,1.0,0.04765390868950071,1104.8966744174609,6.406285396075054,12.009746461059358
-106.671432,200,232.01796,0.0,0.4790051715543547,2792.0287484076525,16.588171108037162,13.960143742038262
-4.878606,25,232.03496,1.0,0.04253913669516613,175.33882289450196,1.2288644029567326,7.013552915780078
-45.840816,200,232.160533,0.0,0.18820095746080331,2697.4433185069997,16.30484149534139,13.487216592534999
-68.531247,200,232.286509,0.0,0.39995060085162065,2327.642232016456,14.530319307088554,11.63821116008228
-133.170888,200,232.410434,0.0,0.6179375469307827,2994.5069757565557,17.633991724463073,14.972534878782778
-63.488868,200,232.533918,0.0,0.5263357338742071,2079.7510348902565,13.497108079952044,10.398755174451283
-99.626217,200,232.657905,0.0,0.42848052498476946,2336.1048086600345,14.547217846128529,11.680524043300172
-82.664086,200,232.774481,0.0,0.3684060608793834,3006.0688812796343,17.57669866375914,15.030344406398171
-101.039417,200,233.256703,0.0,0.4673143048268752,3157.0531914968137,17.864858461513855,15.785265957484068
-138.823449,200,233.388763,0.0,0.58612128841347,2950.880007999069,17.375854268118225,14.754400039995346
-88.570738,200,233.518139,0.0,0.4161490293996176,2970.3221599108297,17.583758617524378,14.851610799554148
-145.117687,200,233.640658,0.0,0.6993234700193984,3136.338922613976,18.66529127477403,15.681694613069881
-136.487667,200,233.762013,0.0,0.5978370047782788,2561.8583471076736,15.72286825278539,12.809291735538368
-170.899269,200,233.882968,0.0,0.8105396998561066,2967.282095192095,17.46564571903898,14.836410475960474
-172.698606,200,234.007506,0.0,0.8416171837536796,3259.948554415542,18.781331746021994,16.29974277207771
-98.786949,200,234.135321,0.0,0.3808396068150456,2361.5622642409994,14.56424695598354,11.807811321204998
-76.878376,200,234.25864,0.0,0.33737178096687515,3103.299658297003,18.16506249169586,15.516498291485016
-100.995903,200,234.382075,0.0,0.41933652396020393,2321.1763190131273,15.129168966528667,11.605881595065636
-76.827502,200,234.825138,0.0,0.3041153080077304,2944.484690501764,17.877740373617712,14.722423452508819
-51.31175,200,234.955645,0.0,0.1449844454117313,2826.167445005777,15.828245132281923,14.130837225028886
-22.718481,130,235.040171,1.0,0.045864639477848995,1494.4433675515086,8.834109775387592,11.495718211934681
-81.465825,200,235.164637,0.0,0.3775232703142458,2358.866327319175,14.854419716142113,11.794331636595876
-135.473016,200,235.290665,0.0,0.6221370267426763,2999.1573637858646,18.236003305471563,14.995786818929323
-142.718515,200,235.414176,0.0,0.6736946907466652,2950.1801286198756,17.57090080201569,14.750900643099378
-129.382498,200,235.539692,0.0,0.5929934613572898,2970.3324811352645,18.0304313944477,14.851662405676322
-70.023473,200,235.661212,0.0,0.2504682897246822,2571.5072335620034,15.146875953999453,12.857536167810018
-125.366941,200,235.782252,0.0,0.5569411081823445,2443.335717803989,15.215249601860432,12.216678589019946
-91.20137,200,235.901781,0.0,0.3971434228255073,2841.1270903531376,16.886914397413598,14.205635451765689
-83.014736,200,236.022178,0.0,0.35901300356351507,3018.705623656627,17.74797030043445,15.093528118283134
-151.525984,200,236.489925,0.0,0.7294930119603324,3062.974439472133,18.152432871069323,15.314872197360664
-170.127146,200,236.617463,0.0,0.8300023550791081,2932.820843536221,17.779931929586148,14.664104217681107
-139.404333,200,236.743929,0.0,0.6640151545844962,3363.4076903705077,19.0548804224462,16.81703845185254
-84.783574,200,236.867453,0.0,0.3676177482584974,3158.081497613067,18.446657219987568,15.790407488065334
-123.556901,200,236.99151,0.0,0.5449626657615136,3086.1618669304753,17.85074001980307,15.430809334652377
-105.897239,200,237.115017,0.0,0.450870109913066,2925.332668220363,16.76110731528708,14.626663341101814
-26.983723,156,237.211536,1.0,0.045620579203283745,2076.947853152233,12.471445583478165,13.313768289437393
-159.488538,200,237.337048,0.0,0.7533461866170859,3261.2948970600287,19.155739152601758,16.306474485300143
-155.543931,200,237.463591,0.0,0.7230161046591755,2799.974665845289,16.782663534159507,13.999873329226446
-62.414506,200,237.58963,0.0,0.41015267074769407,2090.297748693274,13.60571445637029,10.45148874346637
