#{"t_start": 1773891788.0931895, "env_id": null}
r,l,t,is_success,final_distance
-131.554783,200,1.23847,0.0,0.8759407989444243
-206.257873,200,1.367521,0.0,1.1304002826958113
-212.984455,200,1.488691,0.0,1.2884189995489712
-165.740786,200,1.613944,0.0,0.9366984621173853
-88.216979,200,1.741429,0.0,0.08825770368924281
-106.221297,200,1.860949,0.0,0.7036576305132485
-142.137545,200,1.97498,0.0,0.5028955814944521
-194.34184,200,2.087504,0.0,0.8172090920736682
-155.675543,200,2.204028,0.0,0.886390498728376
-165.811507,200,2.316721,0.0,0.5579424328780719
-218.881378,200,2.832328,0.0,1.5628696349240403
-156.885086,200,3.011372,0.0,1.0235284462281877
-179.196039,200,3.152424,0.0,0.3770799485857926
-200.319183,200,3.267715,0.0,1.5133974082710153
-195.178463,200,3.384909,0.0,0.6607505058085715
-156.540487,200,3.511258,0.0,1.2792305481748603
-76.78646,102,3.581771,1.0,0.049501887058466476
-113.02187,200,3.70411,0.0,0.7602878439261713
-100.787685,200,3.834956,0.0,0.6437215328789149
-94.654992,200,3.970764,0.0,1.0249719777696369
-215.15443,200,4.421552,0.0,1.2310946990509843
-78.93173,200,4.557322,0.0,0.5758363828359645
-90.560922,200,4.697392,0.0,0.8514256505590825
-185.767186,200,4.821241,0.0,0.9281928473249386
-186.586418,200,4.936763,0.0,0.6704195191874217
-118.405908,200,5.054282,0.0,1.1349403706129069
-162.963296,200,5.17261,0.0,0.7781164330863427
-96.626922,200,5.289128,0.0,0.39565116035102715
-95.949353,200,5.419926,0.0,0.5077933092700092
-125.422834,200,5.53451,0.0,0.28725541480786865
-142.350115,200,5.648036,0.0,0.8448536437517349
-143.314319,200,6.210848,0.0,0.9607302846649459
-208.65774,200,6.351373,0.0,1.6390858548358267
-137.557578,200,6.477411,0.0,0.14828702239497638
-150.087743,200,6.611984,0.0,0.7995300769200585
-8.732377,17,6.624974,1.0,0.04142687376752223
-88.310117,191,6.811707,1.0,0.04896863438601824
-129.725679,200,6.987276,0.0,0.16444532736529882
-208.68111,200,7.109535,0.0,1.1027357800778934
-146.909131,200,7.245804,0.0,0.3806514166038368
-164.364212,200,7.38243,0.0,1.2368312257595535
-246.099272,200,7.522156,0.0,1.3906062751662678
-46.481446,45,7.555015,1.0,0.042987021632153996
-82.583959,200,8.057928,0.0,0.6956663658062187
-94.280142,200,8.211975,0.0,0.46925783580140024
-208.570055,200,8.354272,0.0,0.6259658941259332
-126.321318,200,8.477287,0.0,0.8725843436805243
-126.101454,200,8.604802,0.0,0.8042097876851535
-24.565983,25,8.619802,1.0,0.0415394182685273
-173.977189,200,8.733329,0.0,1.0006394870929916
-225.10286,200,8.843849,0.0,0.9259764565115128
-139.979291,200,8.95339,0.0,0.26818121332066136
-132.964989,200,9.058908,0.0,0.5679364201359179
-113.535413,200,9.169556,0.0,0.42677063029348705
-175.674807,200,9.664645,0.0,0.8820823074784554
-186.880827,200,9.822286,0.0,0.7912912979037903
-110.14143,200,9.954914,0.0,1.1169688990887994
-94.188825,200,10.086801,0.0,0.866487070867751
-138.205374,200,10.211332,0.0,0.5935241973237726
-130.327117,200,10.322863,0.0,0.47456743923430356
-166.749868,200,10.439379,0.0,0.4340175404073828
-137.235304,200,10.552518,0.0,0.1437029151442423
-84.924076,200,10.662922,0.0,0.3053654792921288
-204.811443,200,10.773954,0.0,0.8102008942081708
-48.725481,89,10.821954,1.0,0.03325020373894487
-25.136513,33,11.161251,1.0,0.04232396161580882
-147.239911,200,11.324287,0.0,0.4413008530691524
-92.385022,200,11.438766,0.0,0.18330633392806597
-129.418679,200,11.546291,0.0,0.6092611848296796
-87.026203,200,11.656837,0.0,0.18967901793092043
-92.610946,200,11.764401,0.0,0.4878792376720286
-95.728475,200,11.873919,0.0,0.5013700077348786
-117.974072,200,11.990782,0.0,0.3886246894325974
-137.969377,200,12.109305,0.0,0.5588447247855841
-116.357271,200,12.221456,0.0,0.5828991929130173
-119.405298,200,12.336949,0.0,0.8162674929028763
-148.778956,200,12.858369,0.0,0.9909818054764814
-182.622579,200,12.99547,0.0,1.1497525403622808
-89.615632,200,13.109998,0.0,0.22149786762869839
-105.052788,200,13.217515,0.0,0.2070473632538823
-87.991431,200,13.325251,0.0,0.5259096564962231
-85.532592,200,13.446012,0.0,0.5212179633268531
-28.226994,75,13.487499,1.0,0.047131556499796216
-86.080157,200,13.597032,0.0,0.2792425928272828
-122.948207,200,13.705576,0.0,0.9126197521619315
-1.80942,9,13.711576,1.0,0.03403905436274235
-25.101986,93,13.761579,1.0,0.04139619504207001
-118.64647,200,13.874559,0.0,0.5414050590178872
-97.766409,200,14.34363,0.0,0.43580995485458557
-152.245165,200,14.490159,0.0,0.4029808922750896
-138.087345,200,14.60069,0.0,0.143430919917432
-127.178672,200,14.740403,0.0,0.526008619876806
-121.953907,200,14.908999,0.0,0.6864268570018637
-96.044215,200,15.063531,0.0,0.5288097967135791
-118.641472,200,15.195118,0.0,0.41500182098537586
-100.834422,200,15.304646,0.0,0.7441116712053427
-170.784342,200,15.416167,0.0,0.5228211585548631
-96.171818,200,15.525724,0.0,0.5479835198737493
-49.448361,64,15.561738,1.0,0.033085128886886556
-0.41858,5,15.564735,1.0,0.04335832933023561
-130.58445,200,16.062707,0.0,0.8476645794814608
-182.675649,200,16.217803,0.0,1.0542105140101077
-144.543253,200,16.328315,0.0,0.8898728189130657
-141.843937,200,16.451816,0.0,0.7055351878960383
-39.539673,94,16.507969,1.0,0.03646757803287909
-179.124978,200,16.635103,0.0,0.932519263620139
-103.828857,200,16.7759,0.0,0.6138593176457848
-155.094468,200,16.927244,0.0,0.8839240293981752
-115.386275,164,17.04477,1.0,0.046572021552336404
-89.741435,200,17.184831,0.0,0.29068333679689023
-131.015779,200,17.305272,0.0,0.7087502346377267
-111.651465,200,17.811853,0.0,0.528434104884924
-9.768946,27,17.832856,1.0,0.04713066189420432
-136.212408,200,17.970886,0.0,0.19322897062251118
-91.616567,200,18.08141,0.0,0.8578164070022505
-138.424432,200,18.201927,0.0,0.1711666189717001
-117.733702,200,18.319021,0.0,0.7049720776298992
-103.982357,200,18.432092,0.0,0.5205929819513766
-173.889399,200,18.547608,0.0,0.7943242107760323
-11.913182,38,18.57212,1.0,0.043248101083916024
-87.021579,200,18.689663,0.0,0.7821578987153903
-90.97819,200,18.801608,0.0,0.41808659854794666
-141.493169,200,18.911123,0.0,0.7594183681424893
-71.330184,200,19.479072,0.0,0.20628429229080827
-71.201816,140,19.585593,1.0,0.04981647534735901
-122.727774,200,19.710108,0.0,0.36420402209441827
-104.360952,200,19.835618,0.0,0.4397900434270606
-125.992925,200,19.955894,0.0,0.8011149047925415
-143.957818,200,20.076922,0.0,0.6488845334705908
-86.348713,200,20.192202,0.0,0.29968909092713203
-115.877478,200,20.311715,0.0,0.758886863129967
-56.93812,110,20.373823,1.0,0.04355909042579602
-90.418835,200,20.483352,0.0,0.4066171409031429
-107.020828,200,20.593873,0.0,0.47941456099133156
-60.828453,103,21.160037,1.0,0.03847917612792582
-92.821233,200,21.316075,0.0,0.6126387588005272
-150.561684,200,21.428201,0.0,0.8579882403332512
-111.711595,200,21.539309,0.0,0.4412667294179378
-129.865089,200,21.648822,0.0,0.24428911586957003
-80.956734,200,21.758382,0.0,0.45472464380160843
-100.436602,200,21.864922,0.0,0.4185381338912477
-109.544122,200,21.971441,0.0,0.8058499896828295
-50.348828,75,22.013009,1.0,0.03873265372851453
-83.465604,200,22.122526,0.0,0.3806620231584962
-121.832529,200,22.23105,0.0,0.17637342391298103
-90.524239,200,22.728651,0.0,0.7388559472538178
-28.925067,51,22.775162,1.0,0.0429760087045078
-135.197336,200,22.926277,0.0,0.8953690361199578
-25.47443,31,22.948279,1.0,0.03906675464312704
-117.212238,200,23.088028,0.0,0.7014378109861467
-86.421994,200,23.203882,0.0,0.31971141344411236
-136.765874,200,23.319016,0.0,0.7920484227642914
-154.000393,200,23.427543,0.0,0.8680084915019123
-66.793438,106,23.48692,1.0,0.04003867346419592
-111.110963,200,23.594445,0.0,0.6459410613382852
-27.076023,65,23.632445,1.0,0.04445986806938824
-102.263284,200,23.741972,0.0,0.6868575950269762
-149.440442,200,23.853436,0.0,0.6151373190211525
-90.506263,122,24.264388,1.0,0.04719779306489054
-3.703984,16,24.275898,1.0,0.045351054391290696
-156.8245,200,24.428418,0.0,0.911655505301357
-160.589984,200,24.544701,0.0,0.9076742956843719
-54.08626,87,24.593224,1.0,0.048381706070259475
-113.097969,200,24.704422,0.0,0.20436364168751273
-92.019173,200,24.817949,0.0,0.638496488265771
-175.928155,200,24.928483,0.0,0.6202006770055035
-180.514166,200,25.038003,0.0,0.9659576811259653
-107.381779,200,25.165531,0.0,0.5919457176750719
-104.208878,200,25.314224,0.0,0.6043614179069412
-113.423388,200,25.447328,0.0,0.5943887690096644
-102.252695,200,25.911821,0.0,0.7054084604926949
-115.09006,200,26.092865,0.0,0.712653868655505
-91.348176,200,26.251242,0.0,0.7782518380306028
-144.644266,200,26.415811,0.0,0.8450169330094733
-90.076603,200,26.632016,0.0,0.38041839803753963
-92.73596,200,26.874073,0.0,0.5648019975032178
-93.559052,200,27.051203,0.0,0.3696919330516915
-161.27115,200,27.224461,0.0,0.8968126024565689
-108.842527,200,27.405502,0.0,0.32513326438490525
-96.689593,200,27.596109,0.0,0.5693478124820804
-109.346402,200,28.149983,0.0,0.5579239208405942
-145.530516,200,28.315001,0.0,0.823145628951631
-142.034586,200,28.45052,0.0,0.7571600814046467
-31.469304,68,28.50504,1.0,0.026084611920786212
-1.052643,14,28.52004,1.0,0.047552469987231456
-109.058769,200,28.681738,0.0,0.6402437275671014
-111.764124,200,28.878784,0.0,0.42980446761664415
-124.09515,200,29.0163,0.0,0.8141417067129184
-100.047647,200,29.131819,0.0,0.4079280965410318
-157.623278,200,29.243335,0.0,0.8440366827903181
-147.381597,200,29.352444,0.0,0.8142460429300089
-71.795433,200,29.46858,0.0,0.3127302337225252
-55.2022,86,29.519959,1.0,0.03781169465065145
-105.996112,200,30.083016,0.0,0.6851063391862166
-124.347452,200,30.229537,0.0,0.49090646963500895
-69.404509,200,30.339055,0.0,0.33621321407372307
-94.00504,200,30.458582,0.0,0.4079078034961466
-161.645305,200,30.592979,0.0,0.9280314797831997
-79.622403,200,30.724495,0.0,0.3449923633448477
-14.897918,52,30.759495,1.0,0.0371703285744365
-108.559446,200,30.886047,0.0,0.6215355106089768
-101.342059,200,30.998616,0.0,0.1795241342645387
-95.485229,200,31.112781,0.0,0.559652256732609
-13.232523,50,31.1418,1.0,0.03840302101123269
-117.730137,200,31.249317,0.0,0.2605969676792266
-91.066243,200,31.737412,0.0,0.5169060236548768
-103.902279,200,31.866645,0.0,0.21526112627644978
-23.168664,64,31.905158,1.0,0.049923584907473915
-125.290249,200,32.038013,0.0,0.8790576766874316
-125.098312,200,32.159953,0.0,0.7834803547796169
-144.053724,200,32.27869,0.0,0.7531785373156098
-23.246701,52,32.307696,1.0,0.04787943136241105
-118.681803,200,32.41935,0.0,0.872810285304919
-95.195651,200,32.547415,0.0,0.306912422639896
-113.332305,200,32.667933,0.0,0.7662465244550694
-25.764268,29,32.685476,1.0,0.022893235423499556
-119.836751,200,32.804975,0.0,0.7945552477166706
-12.363504,20,32.818981,1.0,0.046731119907877094
-99.81443,200,33.291569,0.0,0.5873337269542381
-107.374717,200,33.441088,0.0,0.518477715320497
-162.157752,200,33.560606,0.0,0.8559378454074288
-97.835753,200,33.673043,0.0,0.5831275770425585
-107.524968,200,33.78414,0.0,0.5712881938279584
-135.854284,200,33.89924,0.0,0.70970818423033
-17.89427,44,33.924241,1.0,0.04284776557970914
-55.457379,110,33.982807,1.0,0.0452340216374548
-100.626113,200,34.09333,0.0,0.571319881021888
-161.970548,200,34.209252,0.0,0.8249905636140397
-64.40528,200,34.317442,0.0,0.2167094052730249
-124.658723,200,34.753242,0.0,0.7796403753044148
-127.78536,200,34.913276,0.0,0.7444905451101205
-67.01395,200,35.056988,0.0,0.21517847930286485
-111.715067,200,35.174508,0.0,0.5075172782414078
-123.609199,200,35.2985,0.0,0.7933911081088584
-63.13043,138,35.375508,1.0,0.027307540214348586
-9.983318,36,35.395997,1.0,0.04782800143923363
-97.547432,200,35.506492,0.0,0.43802378158712374
-49.154838,64,35.541487,1.0,0.039576597705708566
-127.207589,200,35.649627,0.0,0.7760513599262733
-107.985683,200,35.762204,0.0,0.8048338317619415
-14.324875,26,35.777213,1.0,0.045284016498860435
-39.426666,71,35.816391,1.0,0.03811855513410362
-80.975224,200,35.923906,0.0,0.3358525557424428
-102.096773,200,36.384024,0.0,0.6330364842653807
-152.433033,200,36.530076,0.0,0.8475550157611852
-29.576898,30,36.548648,1.0,0.016804509315763896
-99.723366,200,36.660176,0.0,0.6328725597231734
-114.689537,200,36.770708,0.0,0.27554150577197706
-91.320442,200,36.881745,0.0,0.7170263074283244
-107.54278,200,36.991268,0.0,0.4684900157832191
-158.653206,200,37.100796,0.0,0.8567288364408793
-91.089869,200,37.21032,0.0,0.7213952305978509
-119.494256,200,37.316834,0.0,0.8018922826693363
-85.276625,200,37.422354,0.0,0.5435862885749905
-99.66712,200,37.868496,0.0,0.5238297131168044
-91.060623,200,38.028115,0.0,0.48126986608339584
-121.324024,200,38.140714,0.0,0.5234762405931881
-117.965496,200,38.247233,0.0,0.6755874615785321
-133.784019,200,38.354779,0.0,0.820373363190743
-123.311909,200,38.473262,0.0,0.6051098975869598
-154.48482,200,38.591449,0.0,0.8869757535132802
-106.105555,200,38.715787,0.0,0.5163584413933783
-145.094739,200,38.87431,0.0,0.8179828475661552
-154.571379,200,39.036342,0.0,0.9508005773517273
-124.741074,200,39.541738,0.0,0.6463294257543899
-117.153253,200,39.702779,0.0,0.5789215348064151
-91.542869,200,39.824332,0.0,0.44932706055022603
-24.336862,41,39.847322,1.0,0.03816731465753816
-28.245985,51,39.875347,1.0,0.04538829912857378
-134.050612,200,39.984392,0.0,0.6735049528926877
-91.405773,200,40.096941,0.0,0.40721660054569714
-130.81201,200,40.205415,0.0,0.632078274752937
-129.449527,200,40.31695,0.0,0.5301998095565151
-160.739589,200,40.426532,0.0,0.8726025421938131
-40.213681,87,40.473522,1.0,0.039915280345357206
-42.799539,58,40.505086,1.0,0.04592636156260856
-99.20196,200,40.61938,0.0,0.5624516086329966
-124.040281,200,41.126032,0.0,0.7562865618842463
-105.653793,200,41.28256,0.0,0.5949162885049035
-145.222282,200,41.413585,0.0,0.6572352872813371
-141.333028,200,41.540933,0.0,0.6728536214943599
-121.01771,200,41.663939,0.0,0.5571677287401053
-148.671344,200,41.783984,0.0,0.7683214279603339
-137.512331,200,41.919097,0.0,0.6621801241316579
-31.950068,53,41.955096,1.0,0.049250111701079305
-124.401128,200,42.118755,0.0,0.5568985694612938
-138.295847,200,42.239284,0.0,0.9303474491469262
-98.936182,200,42.357804,0.0,0.5176969984065355
-121.82527,200,42.883815,0.0,0.6080659289881313
-87.744081,200,43.135639,0.0,0.4537785127573538
-118.643076,200,43.311578,0.0,0.7198963656841733
-135.2027,200,43.423051,0.0,0.6959875575940672
-119.900135,200,43.535561,0.0,0.6080486119080473
-110.756915,200,43.65365,0.0,0.5732526955416084
-162.08209,200,43.766171,0.0,0.733614935212526
-92.229904,200,43.877684,0.0,0.42204563340927903
-129.858429,200,43.98471,0.0,0.5197561418648707
-150.761715,200,44.095242,0.0,0.8186862368399218
-122.623646,200,44.213766,0.0,0.5636344652505307
-151.775325,200,44.697496,0.0,0.8552255283975779
-150.843054,200,44.828007,0.0,0.8215078166292964
-173.499023,200,44.936579,0.0,0.904070202461306
-118.501635,200,45.050105,0.0,0.510840387846805
-18.544127,42,45.074108,1.0,0.031673052765853964
-90.299772,200,45.187738,0.0,0.29032977018736306
-91.55102,200,45.298293,0.0,0.360932263150641
-134.182642,200,45.420949,0.0,0.7500824469294309
-132.174922,200,45.529797,0.0,0.7675964136345125
-59.509437,200,45.638304,0.0,0.18471597980757126
-75.728794,200,45.754423,0.0,0.3728515633453868
-154.613113,200,46.245444,0.0,0.8635191773519546
-23.211644,44,46.281448,1.0,0.038695891571341734
-13.759662,43,46.317961,1.0,0.04713419652909396
-4.968386,25,46.33196,1.0,0.04942487791875406
-96.375981,200,46.442474,0.0,0.5300791980832851
-25.659562,44,46.467495,1.0,0.0474342352293424
-115.09933,200,46.577008,0.0,0.6751447757991031
-70.296034,200,46.695669,0.0,0.18619560959186537
-191.017606,200,46.832183,0.0,0.9751005097555868
-109.776114,200,46.984712,0.0,0.5561477765422671
-24.928618,50,47.025893,1.0,0.03146378162380997
-20.848421,46,47.060893,1.0,0.03199994338550987
-64.141858,200,47.211939,0.0,0.24312668618375732
-75.313269,200,47.371095,0.0,0.36130307283622026
-118.211843,200,47.509095,0.0,0.5993268880214675
-18.820451,25,47.528094,1.0,0.03542890379102354
-26.17632,48,47.963787,1.0,0.02985698456583975
-114.288141,200,48.128825,0.0,0.5812190989108428
-94.52466,200,48.267343,0.0,0.5302038205058651
-129.946877,200,48.401377,0.0,0.8155126155996925
-145.743182,200,48.515919,0.0,0.7033671807703743
-80.745721,200,48.627452,0.0,0.3675851127646518
-104.463597,200,48.741411,0.0,0.5326923599700231
-95.143146,200,48.864918,0.0,0.46097741511736423
-190.618124,200,48.98246,0.0,0.9692778088803589
-82.96318,200,49.099517,0.0,0.42993331772967597
-100.885516,200,49.211066,0.0,0.38947020955980116
-108.437954,200,49.735842,0.0,0.4678373020929811
-131.070133,200,49.916945,0.0,0.7859741031823164
-133.433376,200,50.054676,0.0,0.8701822040477154
-87.727057,200,50.172328,0.0,0.47640258220570336
-41.023919,77,50.218843,1.0,0.047985374025380854
-94.143913,200,50.344386,0.0,0.5670774570995426
-117.036766,200,50.458907,0.0,0.698504846066645
-131.802295,200,50.578444,0.0,0.6547228292509468
-187.272526,200,50.694473,0.0,0.9489696929796154
-153.660237,200,50.814989,0.0,0.8228175437776394
-77.683838,200,51.294098,0.0,0.3997016167190053
-142.374587,200,51.459622,0.0,0.7749906379359539
-22.383302,27,51.481627,1.0,0.04139335268329022
-113.808319,200,51.595499,0.0,0.6817472539502484
-22.339475,52,51.627494,1.0,0.03849614915636289
-23.891937,29,51.645496,1.0,0.009981533206416314
-113.919619,200,51.77202,0.0,0.6227663519414695
-149.137369,200,51.906922,0.0,0.7829850355298291
-102.599252,200,52.050516,0.0,0.5732843642652404
-22.535323,51,52.083719,1.0,0.0432559967760422
-117.036914,200,52.193399,0.0,0.6619218509480225
-21.62211,53,52.224014,1.0,0.03699250984352313
-77.028679,200,52.331534,0.0,0.263453626719181
-113.092838,200,52.44105,0.0,0.512203568990767
-28.015164,33,52.46605,1.0,0.04931149355378414
-132.309948,200,52.934461,0.0,0.8051299850361947
-19.841149,27,52.956461,1.0,0.04179055483803468
-43.223659,70,53.010707,1.0,0.049917092224358736
-94.325087,200,53.168233,0.0,0.5081032738918937
-29.621375,31,53.191747,1.0,0.041876721737780585
-140.222559,200,53.331817,0.0,0.8621899520531914
-77.003116,200,53.450334,0.0,0.3443999630247708
-100.349885,200,53.565859,0.0,0.40860519319200883
-174.109484,200,53.683391,0.0,0.9331029288445071
-73.847471,200,53.80302,0.0,0.35027145258905706
-109.995705,200,53.914501,0.0,0.628199250942479
-120.612204,200,54.024046,0.0,0.5500735927423415
-128.174354,200,54.139554,0.0,0.6381631552399482
-19.341008,25,54.153553,1.0,0.04264374124528432
-141.797762,200,54.659902,0.0,0.817648442353248
-27.7515,42,54.693421,1.0,0.04248902847037479
-23.383412,52,54.733423,1.0,0.044744988701110135
-13.474536,42,54.763419,1.0,0.04751571921606596
-140.980614,200,54.874945,0.0,0.7395448605221561
-95.289311,200,54.996544,0.0,0.5477828117568644
-135.791932,200,55.118065,0.0,0.7414122173709449
-96.8276,200,55.22743,0.0,0.5002607305311738
-147.104045,200,55.337994,0.0,0.8069048429172551
-106.680313,200,55.461489,0.0,0.549094845375136
-124.999226,200,55.58959,0.0,0.7616503837644644
-34.910014,58,55.629577,1.0,0.048497452273761295
-136.544235,200,55.754114,0.0,0.7936503550154268
-89.320722,200,56.236265,0.0,0.3524983494380363
-154.184712,200,56.386788,0.0,0.8046581902797556
-93.944518,200,56.506585,0.0,0.41169849987829754
-91.547572,200,56.620382,0.0,0.47811319211374953
-171.865473,200,56.733181,0.0,0.899856865312606
-89.511799,200,56.845883,0.0,0.5027831125949606
-103.783096,200,56.957395,0.0,0.6116627952059954
-140.747352,200,57.067942,0.0,0.8801875715828659
-123.579815,200,57.177448,0.0,0.6018613939446903
-9.821693,26,57.192966,1.0,0.045745958934447606
-73.696764,200,57.300478,0.0,0.26032123337332314
-71.725181,200,57.749249,0.0,0.3172363949219784
-122.181314,200,57.90029,0.0,0.7168011959831292
-116.06516,200,58.02571,0.0,0.6251624681553927
-25.484116,32,58.046708,1.0,0.015951784582771012
-137.866539,200,58.17823,0.0,0.8893725073788418
-116.411304,200,58.302254,0.0,0.6374121378950199
-99.705342,200,58.415603,0.0,0.507987901296793
-15.828268,40,58.4396,1.0,0.03091052212396146
-23.439884,49,58.469601,1.0,0.03649454355982409
-126.156546,200,58.590123,0.0,0.7060358616268942
-94.258766,200,58.72308,0.0,0.5011371427422239
-98.379264,200,58.860837,0.0,0.5190226896601257
-89.238092,200,58.975362,0.0,0.4628430528339949
-99.534955,200,59.497449,0.0,0.4967771800894141
-95.826315,200,59.64115,0.0,0.4911476702241848
-115.250879,200,59.761671,0.0,0.6263191229619812
-94.822591,200,59.884218,0.0,0.5135304843940721
-140.631373,200,59.990784,0.0,0.8209513319342461
-133.6052,200,60.101766,0.0,0.6772206093205723
-100.620828,200,60.210309,0.0,0.5293589070822202
-114.399182,200,60.319835,0.0,0.6130763265366156
-86.866644,200,60.429368,0.0,0.4170956768050251
-15.803528,47,60.45537,1.0,0.02116242231047305
-97.551223,200,60.562887,0.0,0.4581416700558445
-19.567794,45,60.588892,1.0,0.0417545102212576
-22.842761,55,60.948479,1.0,0.04603467156396035
-74.743781,200,61.1077,0.0,0.40332366117984253
-155.82198,200,61.227212,0.0,0.9476983632112824
-126.022525,200,61.363736,0.0,0.63909864419342
-7.109571,18,61.374735,1.0,0.020977522890306573
-137.037415,200,61.493653,0.0,0.8108594510660211
-96.392187,200,61.609183,0.0,0.5333260731400875
-109.889581,200,61.721766,0.0,0.6238560998557773
-161.015092,200,61.835292,0.0,0.8956521965506203
-108.856629,200,61.942823,0.0,0.5705592981966354
-123.354581,200,62.050312,0.0,0.7488998616375989
-118.769731,200,62.158831,0.0,0.67963703125132
-110.047573,200,62.721925,0.0,0.6438591923061017
-84.647708,200,62.861,0.0,0.43833145175521576
-79.647236,200,62.996619,0.0,0.38072569934107425
-60.312345,200,63.123173,0.0,0.2996329144835761
-60.691666,200,63.252153,0.0,0.28177059532738535
-0.749446,4,63.255155,1.0,0.04294785488457858
-8.883892,38,63.283767,1.0,0.04476193626129738
-5.034266,17,63.296046,1.0,0.03430053977025169
-104.427673,200,63.429281,0.0,0.576921097747444
-101.042369,200,63.56064,0.0,0.5768401489043564
-68.743952,200,63.747689,0.0,0.3885276369828913
-82.166368,200,63.953213,0.0,0.40750270315322773
-113.519502,200,64.465039,0.0,0.630082379168741
-5.170997,19,64.482041,1.0,0.022442412308863242
-62.225362,200,64.641111,0.0,0.2197253236102502
-95.918433,200,64.756626,0.0,0.5616166942073566
-129.288775,200,64.871156,0.0,0.7153126475544164
-117.820636,200,64.977721,0.0,0.7083021650653761
-85.375895,200,65.096254,0.0,0.45184026031913477
-68.27671,200,65.214817,0.0,0.36404227729502736
-146.698581,200,65.352796,0.0,0.8634544234732122
-98.639653,200,65.50971,0.0,0.6514439054431663
-3.044814,11,65.51771,1.0,0.04827528310589412
-135.265439,200,65.654226,0.0,0.8118099686753678
-95.113398,200,65.779738,0.0,0.61237292346436
-0.370129,3,65.783746,1.0,0.020558791484974717
-108.26089,200,66.312667,0.0,0.5558442640329018
-28.584346,80,66.375664,1.0,0.04990434681789229
-67.47836,200,66.501971,0.0,0.39797102754264885
-155.766924,200,66.647492,0.0,0.9351322041023499
-75.653903,200,66.79503,0.0,0.31754484607535594
-3.991345,19,66.811544,1.0,0.030986196743267663
-71.625784,200,66.982025,0.0,0.15473830646036138
-7.691934,26,67.001539,1.0,0.026990227156546583
-104.184245,200,67.151605,0.0,0.6400188985936204
-56.68007,200,67.279123,0.0,0.24118958008514418
-88.312391,200,67.410859,0.0,0.48717272740067336
-0.807741,4,67.414859,1.0,0.03085472967052311
-81.96703,200,67.543912,0.0,0.44629051405120085
-106.874794,200,68.054214,0.0,0.5607457004112614
-58.362676,200,68.21225,0.0,0.36158558554082376
-0.045848,1,68.213251,1.0,0.04570608597773766
-22.342156,74,68.260249,1.0,0.04288930412590509
-157.42131,200,68.382792,0.0,0.8748996274915577
-80.674543,200,68.498842,0.0,0.46751160800191754
-93.316772,200,68.605357,0.0,0.39681398775723725
-80.414892,200,68.721877,0.0,0.4822767582167289
-13.034053,39,68.744879,1.0,0.03858709481316224
-152.214742,200,68.86641,0.0,0.8609330305004402
-10.23475,21,68.879443,1.0,0.03204645294185632
-95.850844,200,68.99915,0.0,0.5174177840579726
-86.733046,200,69.106702,0.0,0.49422866763029444
-172.705078,200,69.217225,0.0,0.9747197666839825
-62.342255,200,69.702423,0.0,0.3822786419131788
-5.473904,31,69.729423,1.0,0.044970697969816405
-120.324931,200,69.863953,0.0,0.7808912340148796
-19.875083,53,69.894618,1.0,0.037168806944437666
-66.113684,200,70.024962,0.0,0.3244608122482522
-86.150052,200,70.149476,0.0,0.3485049718150982
-20.213359,43,70.175476,1.0,0.04141477061344623
-11.133685,37,70.197991,1.0,0.03703396134765345
-121.30088,200,70.320525,0.0,0.7304654460547232
-73.572398,200,70.435037,0.0,0.43803151014861746
-80.65554,200,70.549118,0.0,0.44239748721443134
-12.515203,34,70.567632,1.0,0.04173548998214904
-126.005304,200,70.682951,0.0,0.8179066822985172
-1.872202,8,70.690959,1.0,0.045839489563139345
-107.189918,200,70.828729,0.0,0.6983085389367802
-0.624341,4,70.832729,1.0,0.00728088724955101
-10.194449,36,70.85573,1.0,0.04708566502168202
-109.513298,200,71.37434,0.0,0.6314350380029803
-17.176363,35,71.403861,1.0,0.0486411273908573
-61.716089,200,71.534381,0.0,0.2821354668027999
-73.216022,200,71.650901,0.0,0.24243386528510646
-111.788084,200,71.763429,0.0,0.5325435953280988
-90.206383,200,71.874258,0.0,0.6095861341599434
-146.672023,200,71.996412,0.0,0.8612555542371819
-66.306044,165,72.090829,1.0,0.0384620599896714
-141.291083,200,72.207455,0.0,0.8299355138318885
-82.491043,200,72.317973,0.0,0.398081145163841
-108.20326,200,72.430487,0.0,0.6456893831355296
-51.056748,186,72.908924,1.0,0.049484720479688576
-60.053772,200,73.055444,0.0,0.22230819344222866
-8.827502,36,73.076444,1.0,0.043243560872918925
-86.53823,200,73.18697,0.0,0.5142458346764047
-144.677157,200,73.295516,0.0,0.7794850923475983
-67.732855,169,73.39661,1.0,0.04962281423775257
-91.093299,200,73.51464,0.0,0.4418171916440775
-104.852665,200,73.629155,0.0,0.587866263634141
-42.445007,141,73.70667,1.0,0.03441450995304344
-112.459343,200,73.818219,0.0,0.49119625950422646
-0.045849,1,73.82022,1.0,0.045707465128172024
-69.101478,200,73.934453,0.0,0.37526261014036044
-5.945637,28,73.951453,1.0,0.0468836789818026
-51.017085,200,74.416794,0.0,0.11305008129431744
-63.704305,200,74.573449,0.0,0.26230264954345767
-142.167363,200,74.698974,0.0,0.8340926881986174
-30.987894,95,74.752482,1.0,0.04233112813195644
-110.637722,200,74.863002,0.0,0.3888248431076484
-23.760593,49,74.889006,1.0,0.04589501620221661
-101.614544,200,75.008055,0.0,0.5683294401143998
-84.323709,200,75.13149,0.0,0.49743064923081254
-19.148738,55,75.162489,1.0,0.046228570958720114
-61.951791,200,75.267012,0.0,0.2913212729922698
-16.998418,33,75.285012,1.0,0.03199611862191142
-22.742058,65,75.320536,1.0,0.03259222663255402
-153.083224,200,75.427909,0.0,0.8026991589472512
-17.936516,51,75.457912,1.0,0.04825908352541222
-57.65621,200,75.5661,0.0,0.12520922165123233
-24.188875,50,75.595097,1.0,0.04125640026581702
-0.276328,3,75.597099,1.0,0.022756792001619352
-82.277396,200,76.073568,0.0,0.2779069276585349
-65.000025,200,76.208615,0.0,0.6311656102458376
-78.544613,200,76.318156,0.0,0.3220239522796081
-47.438651,200,76.438361,0.0,0.10682463581258271
-101.811083,200,76.554772,0.0,0.5506832292267209
-27.13379,46,76.584461,1.0,0.04669116172600688
-88.763018,200,76.69598,0.0,0.4488879501919496
-35.820067,91,76.747508,1.0,0.04717060854250007
-17.064082,49,76.779494,1.0,0.0481320300952572
-0.225691,3,76.781521,1.0,0.008423323989462278
-77.966307,200,76.892064,0.0,0.3912756643854062
-29.615714,83,76.941603,1.0,0.03724777127795786
-3.402329,16,76.950583,1.0,0.028019372229155896
-57.05051,200,77.070113,0.0,0.24274942800452726
-90.443904,200,77.544824,0.0,0.6457368345842345
-92.475944,200,77.700335,0.0,0.5555947046984577
-19.750979,48,77.737843,1.0,0.044119383149293936
-98.325138,200,77.852359,0.0,0.5154632062217668
-21.947407,29,77.86936,1.0,0.04518260348127708
-99.489695,200,77.978838,0.0,0.5618363656303764
-18.456117,58,78.013373,1.0,0.03577785707997575
-61.140318,200,78.128887,0.0,0.23189175271915097
-22.495199,69,78.173886,1.0,0.04874910062317761
-58.441695,200,78.291411,0.0,0.16050625264296042
-79.511472,200,78.407505,0.0,0.34043522257248815
-104.830857,200,78.519028,0.0,0.9149994442098127
-39.92134,84,78.566031,1.0,0.0450177276201871
-15.316596,39,78.589025,1.0,0.046093807629324676
-79.977461,200,78.727928,0.0,0.5170745430538352
-81.041737,200,79.232108,0.0,0.22859874090761606
-116.544627,200,79.382621,0.0,0.6586594229603083
-38.089303,110,79.446687,1.0,0.04877668035096166
-123.924608,200,79.564153,0.0,0.7087573737832227
-67.112269,200,79.686692,0.0,0.3637743595710361
-5.117049,26,79.701697,1.0,0.049712597700822495
-98.262415,200,79.812763,0.0,0.9012810995510514
-30.352991,39,79.834763,1.0,0.04383548260337642
-76.530499,200,79.94378,0.0,0.25907375952933287
-101.204332,200,80.068937,0.0,0.5945717203930432
-13.467046,58,80.105986,1.0,0.04562588598404035
-48.242529,200,80.235019,0.0,0.19213562249013855
-4.474469,19,80.248019,1.0,0.03937440179658119
-0.150031,2,80.250019,1.0,0.0464190342103172
-22.226593,98,80.313534,1.0,0.049084214140190374
-114.242687,200,80.426083,0.0,0.5050612908097265
-35.25965,107,80.853813,1.0,0.04475148567465005
-40.882017,133,80.951577,1.0,0.04424728167141195
-59.419428,200,81.07173,0.0,0.1957264766438684
-72.9723,200,81.187269,0.0,0.38166663322254646
-15.368041,26,81.205805,1.0,0.02813974067172381
-17.108085,28,81.221815,1.0,0.0354740551393232
-55.121514,200,81.333362,0.0,0.3311162837657561
-61.165843,200,81.447906,0.0,0.30601553554994737
-129.336372,200,81.563148,0.0,0.39242413259868547
-112.214547,200,81.689677,0.0,0.48658737873005714
-67.778947,200,81.853231,0.0,0.1643572584913199
-49.052386,107,81.922749,1.0,0.035732626753235776
-138.059301,200,82.051857,0.0,0.6921432442015856
-30.15087,90,82.570926,1.0,0.03662063767879218
-16.492099,38,82.603934,1.0,0.020754661744809524
-63.230133,200,82.800978,0.0,0.2867584934477387
-93.638742,200,82.974008,0.0,0.23419981543187057
-133.880967,200,83.155949,0.0,0.6424189952190823
-58.274488,200,83.274712,0.0,0.2942486322529224
-20.78743,27,83.290715,1.0,0.023648901552191192
-83.93382,200,83.417741,0.0,0.30670252368786927
-2.944081,19,83.432741,1.0,0.03525357708468397
-50.932487,113,83.505817,1.0,0.04015521956206632
-6.711898,51,83.539817,1.0,0.040334896861520184
-100.931913,200,83.671343,0.0,0.5284050148501233
-55.327366,200,83.819011,0.0,0.3763547942497332
-87.494572,200,83.968978,0.0,0.5439459585953511
-71.974515,200,84.481576,0.0,0.31864701180457095
-23.159064,79,84.554099,1.0,0.03652142833504602
-27.701344,74,84.616882,1.0,0.04418144861123968
-14.932156,37,84.646887,1.0,0.04862042455692815
-55.8736,200,84.762405,0.0,0.106523206531897
-43.582695,200,84.88593,0.0,0.06758103191951548
-39.56388,170,85.002464,1.0,0.049853750675436355
-44.376547,200,85.141377,0.0,0.21341502978136379
-42.30555,120,85.210902,1.0,0.048510512303193414
-49.539123,200,85.329257,0.0,0.15879098283644602
-46.824323,179,85.429429,1.0,0.04222914329195588
-38.762498,165,85.51955,1.0,0.04575394687398144
-45.690564,200,85.628094,0.0,0.4176365260550663
-27.398673,65,85.671095,1.0,0.04577876896820418
-64.067948,137,86.13208,1.0,0.0441638694453898
-54.589926,200,86.291606,0.0,0.08335282402853708
-30.008705,66,86.337117,1.0,0.04833742913366858
-43.937548,149,86.424567,1.0,0.033823342995412974
-45.87496,200,86.535119,0.0,0.17764650245557523
-69.859388,200,86.645591,0.0,0.3192248016025297
-71.317983,200,86.758116,0.0,0.17450787839736212
-3.843819,20,86.770108,1.0,0.04837681526288589
-65.174646,200,86.880572,0.0,0.4565743505855142
-44.63527,156,86.969943,1.0,0.04274833517251353
-23.546499,52,86.999913,1.0,0.04039678505963945
-36.408284,143,87.077432,1.0,0.04492756033817892
-15.851199,47,87.102435,1.0,0.04799349606913875
-59.080615,200,87.215937,0.0,0.36747267239434256
-50.841288,171,87.31846,1.0,0.046641513001032996
-75.75346,200,88.038683,0.0,0.5385391059662967
-5.882487,33,88.061687,1.0,0.042173952615474734
-49.564655,200,88.185203,0.0,0.22959349027802387
-24.21744,113,88.247735,1.0,0.047677908244688844
-59.120527,200,88.360242,0.0,0.2859846429972692
-39.701322,133,88.437752,1.0,0.042585279962560334
-67.762087,200,88.543286,0.0,0.25187193309089817
-21.63097,88,88.590287,1.0,0.047317170662874296
-56.151702,200,88.699803,0.0,0.34070877438504066
-11.776262,42,88.722315,1.0,0.037427920623426675
-9.677294,35,88.743044,1.0,0.03866896465798174
-45.080697,200,88.852574,0.0,0.1573943449936942
-19.457669,81,88.896586,1.0,0.03818033405294519
-88.143438,200,89.005122,0.0,0.5593951942840126
-27.228995,127,89.075604,1.0,0.04490620670634788
-32.970585,77,89.470673,1.0,0.040366397813091405
-0.290561,3,89.473673,1.0,0.04658608902094964
-72.07334,200,89.619784,0.0,0.4078709360471932
-29.156865,67,89.666784,1.0,0.049487963102039234
-18.096006,24,89.683784,1.0,0.03251835809356052
-52.541692,200,89.80596,0.0,0.2562743429476171
-71.345948,200,89.924864,0.0,0.4083803907654558
-81.533033,200,90.043041,0.0,0.40820181317592186
-21.91214,97,90.101047,1.0,0.048510899385513166
-43.12877,200,90.21287,0.0,0.10683977237851129
-99.752217,200,90.342391,0.0,0.5535646569396259
-39.29719,109,90.41093,1.0,0.038223441381550885
-42.294542,200,90.53945,0.0,0.10750235102730289
-12.931772,46,90.572449,1.0,0.04797506992087497
-25.887305,68,90.621834,1.0,0.03745940786375217
-64.721991,200,91.109101,0.0,0.3984485406911764
-24.973254,68,91.161112,1.0,0.04591350430990752
-11.492376,50,91.195109,1.0,0.035737877654323555
-64.139167,200,91.343143,0.0,0.15271230822892815
-20.230097,67,91.387144,1.0,0.04896322326015663
-43.462372,156,91.472667,1.0,0.042384285728730715
-21.134533,78,91.519203,1.0,0.04422813822697243
-58.893784,200,91.633732,0.0,0.37089915743470997
-13.075917,53,91.662729,1.0,0.039919515366701505
-19.377167,58,91.694734,1.0,0.04249530247228949
-64.975199,200,91.814362,0.0,0.3218202554874432
-15.509744,25,91.830364,1.0,0.04543726886697527
-24.017256,57,91.863362,1.0,0.045885127686025984
-3.304354,16,91.872362,1.0,0.04817483983982949
-49.472388,200,91.983877,0.0,0.13246006499108726
-31.059501,153,92.081231,1.0,0.04400434507951185
-49.311089,200,92.205974,0.0,0.24538328569761447
-52.52025,200,92.36554,0.0,0.22671923648702985
-51.974616,200,92.942002,0.0,0.16190743121065093
-15.319887,50,92.986005,1.0,0.04652518481089631
-60.922047,200,93.115771,0.0,0.30130912784805275
-61.65726,200,93.247973,0.0,0.33860012859195265
-37.256811,84,93.308989,1.0,0.04987330216611888
-39.691557,200,93.449032,0.0,0.0633379088316061
-39.587931,200,93.568089,0.0,0.1756744174439164
-8.839259,45,93.595092,1.0,0.0430056255580189
-10.252093,32,93.613605,1.0,0.041160204894170355
-14.760744,27,93.630607,1.0,0.03919517957338024
-52.008478,200,93.762837,0.0,0.4253876790273905
-9.952182,43,93.803058,1.0,0.04923881315308676
-22.830026,85,93.85934,1.0,0.04912134509027826
-45.433218,126,93.943852,1.0,0.03988499150745948
-19.830842,28,93.963851,1.0,0.03759220783361289
-60.091574,200,94.096383,0.0,0.24644992759603887
-3.012675,12,94.104383,1.0,0.04340681934707026
-25.367699,52,94.137895,1.0,0.03983774911769487
-51.865755,200,94.658318,0.0,0.27040814250254
-27.755907,96,94.742833,1.0,0.047013519970372585
-83.365316,200,94.891357,0.0,0.3752705638711942
-58.907521,200,95.038427,0.0,0.20838370883881524
-4.479037,25,95.058132,1.0,0.04933248607082706
-46.392139,200,95.186038,0.0,0.16767667300122863
-8.321148,43,95.212601,1.0,0.03876136427435613
-19.189161,54,95.2526,1.0,0.04785461387319957
-57.569932,200,95.376125,0.0,0.32948137082739315
-11.401341,26,95.391123,1.0,0.046542447435656595
-44.672947,200,95.513707,0.0,0.1763933270424944
-78.905928,200,95.651224,0.0,0.2854428016599862
-68.545057,200,95.807755,0.0,0.2920558012720458
-44.495296,200,95.925788,0.0,0.1254473792198509
-23.148053,86,95.984788,1.0,0.041499294573509975
-33.508951,110,96.467448,1.0,0.04520550047021422
-8.890806,20,96.48645,1.0,0.02935374695739309
-12.908253,39,96.529031,1.0,0.047164672202169064
-12.681103,20,96.546849,1.0,0.02691443036467434
-50.175839,200,96.67759,0.0,0.18785016819566042
-21.952538,71,96.717825,1.0,0.04614447685435729
-56.62619,200,96.831343,0.0,0.1624766028863445
-0.154186,2,96.833343,1.0,0.04042392813780273
-37.310274,109,96.903376,1.0,0.0460993335273116
-12.706781,68,96.941899,1.0,0.04859671041299641
-37.233229,200,97.062028,0.0,0.11995529785182896
-33.903249,155,97.165323,1.0,0.046562664647867694
-18.377846,43,97.202331,1.0,0.049842014679898974
-36.451772,200,97.326365,0.0,0.26391849514583177
-23.400729,60,97.361369,1.0,0.04400206640083615
-59.016969,200,97.4799,0.0,0.262771731961808
-34.495895,200,97.603432,0.0,0.09093911177491883
-27.229433,108,97.662985,1.0,0.04957561065254301
-69.676477,200,98.152455,0.0,0.20018533400395766
-58.776088,200,98.305981,0.0,0.13766266700172672
-57.825957,200,98.417015,0.0,0.21850070477320122
-41.241847,200,98.544049,0.0,0.22108087561641748
-63.078383,200,98.662567,0.0,0.33492251416506635
-14.442559,74,98.708652,1.0,0.04989907830991844
-15.859168,34,98.729956,1.0,0.04577585399820833
-12.496086,36,98.751256,1.0,0.04308034150502265
-23.616009,35,98.771255,1.0,0.04207626887408835
-23.414454,60,98.80526,1.0,0.046731807641070724
-58.03536,200,98.925537,0.0,0.17942623295981622
-8.645869,36,98.948534,1.0,0.043711785752441445
-11.426961,64,98.986536,1.0,0.03777618546701848
-87.940008,200,99.100035,0.0,0.4337632183851332
-67.112372,200,99.207599,0.0,0.40277280544071076
-7.182846,35,99.227524,1.0,0.04127146771239533
-61.568546,200,99.700203,0.0,0.310120166009124
-61.656608,200,99.854238,0.0,0.23350693571405534
-0.14101,2,99.857239,1.0,0.04998959620030729
-44.678409,200,100.001769,0.0,0.1815764531965364
-1.870272,12,100.019808,1.0,0.04883759351751956
-63.772918,200,100.225844,0.0,0.21844002242992147
-33.861818,166,100.338363,1.0,0.0451142571772234
-62.399778,200,100.469884,0.0,0.18929732717945197
-2.087769,14,100.481884,1.0,0.00341550821043432
-0.45702,7,100.487879,1.0,0.03823002000685499
-5.594121,34,100.513889,1.0,0.048804325424478864
-34.157062,200,100.647782,0.0,0.2245103527308421
-50.527313,200,100.780912,0.0,0.2584119970600903
-14.558667,39,100.807942,1.0,0.04660013232901257
-38.421139,200,100.956925,0.0,0.10578506422925107
-13.650365,22,100.976018,1.0,0.0022505637328422874
-52.764608,200,101.106273,0.0,0.2369089599101898
-53.040454,200,101.633376,0.0,0.2165861144551718
-22.315159,63,101.68838,1.0,0.0457898729932688
-66.048637,200,101.842421,0.0,0.07969494839537017
-18.724619,58,101.88242,1.0,0.03715828370058877
-10.972004,32,101.905427,1.0,0.045417290895168036
-24.604083,116,101.976502,1.0,0.048310443887790176
-14.607352,74,102.040974,1.0,0.04918389384350502
-54.647284,200,102.174498,0.0,0.25266177539643303
-3.710429,28,102.195499,1.0,0.042362535845306984
-65.938851,200,102.309033,0.0,0.29172690325552936
-15.057466,46,102.338549,1.0,0.04515436556991183
-18.828534,56,102.370543,1.0,0.04901388136323868
-60.020275,200,102.484043,0.0,0.10198864833452177
-1.213442,14,102.493043,1.0,0.04345750202079688
-11.453657,44,102.527565,1.0,0.048234641178169516
-45.222082,200,102.65422,0.0,0.2618678490632285
-27.900343,160,102.74374,1.0,0.04641459271691666
-11.034221,63,102.77874,1.0,0.04209865471645127
-40.492596,200,103.232537,0.0,0.0885655159519185
-50.830484,200,103.388221,0.0,0.18198890229855808
-23.098672,96,103.45074,1.0,0.0496008793027503
-31.902694,109,103.512742,1.0,0.04342955783078188
-19.541177,29,103.529254,1.0,0.049253087910988286
-32.054286,147,103.618704,1.0,0.0442862136553068
-7.27716,34,103.643701,1.0,0.03126777050826216
-24.707701,72,103.693704,1.0,0.04470966743389224
-63.715368,200,103.844747,0.0,0.1371311186077355
-19.125617,94,103.905756,1.0,0.04497923551765147
-5.501026,26,103.92326,1.0,0.04557343040898281
-14.303758,31,103.944258,1.0,0.036363101100981454
-20.229815,69,103.989264,1.0,0.03949182507376415
-51.227449,200,104.107886,0.0,0.12721471164281847
-34.002735,151,104.192427,1.0,0.04540639466851235
-34.668223,184,104.297946,1.0,0.04540923700002577
-26.437084,192,104.414474,1.0,0.04738991880254362
-17.082517,47,104.440989,1.0,0.04720034420030661
-41.683794,200,104.900003,0.0,0.2831663539886978
-36.687812,194,105.040055,1.0,0.04966939651692952
-5.954717,38,105.069052,1.0,0.04650074716027722
-57.992182,200,105.188046,0.0,0.4193054813876553
-20.075166,79,105.232571,1.0,0.03985599038012334
-53.306824,200,105.3578,0.0,0.33455767834239347
-10.916888,59,105.403729,1.0,0.045625210746562755
-31.330454,177,105.516304,1.0,0.026074201241145827
-77.844903,200,105.641472,0.0,0.43368891403426535
-20.949284,77,105.693472,1.0,0.04942959487177961
-7.197407,19,105.707478,1.0,0.03325359719423946
-31.890072,122,105.78799,1.0,0.041937582232786645
-38.73397,195,105.897524,1.0,0.04863993335523111
-46.878419,200,106.010056,0.0,0.08780572209684635
-16.393672,33,106.029891,1.0,0.042088989799845676
-56.904228,200,106.16201,0.0,0.2904087799841479
-33.76808,200,106.683131,0.0,0.07474244768561453
-12.448687,39,106.71739,1.0,0.04922872155753871
-16.600875,50,106.754388,1.0,0.042955879610522524
-62.579603,200,106.881661,0.0,0.19768178066494005
-69.008028,200,107.015734,0.0,0.3368531538181058
-44.508961,200,107.143692,0.0,0.31097171138126845
-11.097648,52,107.176693,1.0,0.0487850576824296
-15.184425,98,107.235229,1.0,0.043513679698542244
-57.32541,200,107.346725,0.0,0.13640215266525815
-29.525479,173,107.449095,1.0,0.04637107068448311
-4.451146,14,107.457094,1.0,0.036850232020874486
-71.857291,200,107.585226,0.0,0.3730094693755335
-55.970739,200,107.698425,0.0,0.20277174474190518
-39.560298,200,107.817134,0.0,0.28514108259756155
-11.138783,46,108.253387,1.0,0.025323277946882824
-14.966958,77,108.319886,1.0,0.04703353474687703
-103.007863,200,108.478398,0.0,0.7002929394658854
-56.419149,200,108.5918,0.0,0.25897933356392683
-36.381345,132,108.66432,1.0,0.04859937400469731
-36.346805,200,108.77475,0.0,0.13670618972644139
-11.363163,32,108.792747,1.0,0.04139907762540896
-21.558923,61,108.82627,1.0,0.0470666621768915
-17.849434,122,108.900271,1.0,0.04743304229644483
-19.006952,101,108.955781,1.0,0.049941167364304304
-54.761147,200,109.070317,0.0,0.2981419339479556
-17.887802,45,109.095347,1.0,0.04635753861239536
-33.098747,200,109.203905,0.0,0.1317850713030494
-1.466091,10,109.209905,1.0,0.04066911815625744
-55.13497,200,109.320966,0.0,0.2067615656010501
-6.795034,19,109.331946,1.0,0.03705516598631193
-21.100696,68,109.374944,1.0,0.04084763494286446
-110.139593,200,109.8523,0.0,0.4020099132941637
-62.81849,200,110.012016,0.0,0.2789524418206825
-7.645743,34,110.038528,1.0,0.041611998831523785
-4.084503,33,110.065529,1.0,0.039911042742172914
-13.138703,34,110.093529,1.0,0.044111135697969935
-56.313193,200,110.260179,0.0,0.3120370272079914
-6.655944,33,110.28918,1.0,0.04731187448936802
-17.339513,52,110.329692,1.0,0.046188840452228305
-38.16417,157,110.438278,1.0,0.04328759591343203
-55.489182,200,110.57081,0.0,0.15861974995858222
-46.33901,200,110.694851,0.0,0.11657552801347731
-42.254396,200,110.808382,0.0,0.18013749241526958
-48.165991,200,110.93741,0.0,0.27832926787909895
-14.238224,41,110.96441,1.0,0.04691912459732098
-29.607145,74,111.018924,1.0,0.04083949552079167
-17.026737,72,111.069932,1.0,0.047000613131198
-48.629515,200,111.203913,0.0,0.29213856195506066
-45.209043,200,111.714963,0.0,0.10353438721756271
-46.466061,200,111.864986,0.0,0.23593493243993183
-9.977058,27,111.881985,1.0,0.04854872817434899
-29.832961,144,111.989304,1.0,0.04739286671358629
-3.359414,17,112.001535,1.0,0.048373298530479135
-5.019069,23,112.016721,1.0,0.04906632312522459
-7.660996,39,112.039767,1.0,0.034158317955600884
-29.285967,157,112.144912,1.0,0.04787155705825008
-27.190252,89,112.20554,1.0,0.04858186990133241
-17.273791,71,112.252627,1.0,0.04241690022433203
-60.766999,200,112.387681,0.0,0.2683410311808781
-20.600844,72,112.4368,1.0,0.04758764998467252
-9.527004,34,112.456798,1.0,0.04421969247999214
-30.0869,123,112.530315,1.0,0.04536352043374581
-63.788578,200,112.65478,0.0,0.2880463885656974
-77.465473,200,112.772296,0.0,0.484442753562488
-53.192785,200,112.881549,0.0,0.09088711045920418
-10.728899,35,112.901547,1.0,0.04803280471866869
-101.545951,200,113.373078,0.0,0.5942463740528099
-61.09464,200,113.519598,0.0,0.25555520225153844
-0.048489,1,113.521102,1.0,0.04834708154885881
-70.347713,200,113.634629,0.0,0.4993823244598066
-39.339607,200,113.743231,0.0,0.14635881829066505
-28.292992,161,113.834776,1.0,0.04976060563991882
-54.451167,200,113.961656,0.0,0.2327758001672759
-44.238005,200,114.070177,0.0,0.18884839677883253
-48.676636,200,114.182292,0.0,0.2083441714142442
-36.557596,200,114.297054,0.0,0.18045947161013126
-51.244968,200,114.403873,0.0,0.1822181802809817
-23.546233,117,114.46921,1.0,0.027924681661399803
-21.258832,91,114.939064,1.0,0.04695617256698304
-26.424291,48,114.981066,1.0,0.0444925335509522
-71.326029,200,115.155109,0.0,0.412917998076114
-38.197223,200,115.284621,0.0,0.158383954379042
-7.713091,36,115.312635,1.0,0.041642144285029076
-42.988685,200,115.445622,0.0,0.22276727735870785
-15.7413,35,115.468622,1.0,0.048038332573590324
-34.678572,140,115.55514,1.0,0.04990627688849808
-15.890214,60,115.592897,1.0,0.047261402021709364
-33.949459,200,115.71943,0.0,0.19025565381324094
-21.813348,119,115.792935,1.0,0.04939639095485917
-72.941688,200,115.907489,0.0,0.37723033342687157
-41.116966,200,116.026087,0.0,0.15121227494077366
-5.630447,16,116.035121,1.0,0.047951041343182385
-26.65776,105,116.10109,1.0,0.048838770348193186
-47.826132,200,116.218128,0.0,0.17457651455086445
-19.928098,127,116.653578,1.0,0.04544547046364702
-15.291971,60,116.701578,1.0,0.042053869637025613
-10.482712,24,116.723093,1.0,0.03443742821119942
-31.243547,126,116.818102,1.0,0.042134105873773225
-4.630098,19,116.830618,1.0,0.041406290382238364
-21.22645,105,116.889638,1.0,0.0474625486258828
-46.322597,200,117.004069,0.0,0.09846740593869927
-17.287846,46,117.031513,1.0,0.049299289212756114
-31.43731,108,117.09351,1.0,0.039600197688949464
-13.931285,41,117.116517,1.0,0.04722519917876419
-19.91423,97,117.172059,1.0,0.04587029478353403
-12.195551,62,117.207059,1.0,0.04551613810795232
-24.975117,88,117.25552,1.0,0.04453738051618541
-45.968507,200,117.365041,0.0,0.1908554585205082
-25.505252,69,117.403042,1.0,0.044855550825229185
-10.387446,35,117.423076,1.0,0.04709847446341968
-54.277181,200,117.542105,0.0,0.18472698042161612
-13.168842,35,117.564108,1.0,0.042324051502167614
-28.165152,176,117.663682,1.0,0.04894812659072126
-37.527368,200,117.779216,0.0,0.16574049454018747
-51.221993,200,118.263709,0.0,0.182124816653619
-19.319654,83,118.323218,1.0,0.04616669921391483
-6.091981,16,118.338222,1.0,0.021603603620731725
-16.985607,96,118.405221,1.0,0.045078279207549
-8.684779,42,118.433669,1.0,0.04170156491005842
-42.546083,200,118.571189,0.0,0.15976644025140813
-34.1876,78,118.623974,1.0,0.047977485347378376
-22.56934,147,118.70896,1.0,0.045354335053357134
-53.036495,200,118.827201,0.0,0.11619240332624887
-15.359023,30,118.8462,1.0,0.04679700320550354
-2.59603,24,118.861201,1.0,0.04015954082788222
-45.388228,200,118.980716,0.0,0.05706443915342362
-7.536157,27,118.995723,1.0,0.04195677223374148
-17.025662,100,119.053839,1.0,0.04868487693935306
-13.401713,35,119.073842,1.0,0.04476947269658158
-8.541526,41,119.09885,1.0,0.044548119230714195
-11.062773,33,119.119844,1.0,0.049396409709704436
-45.661255,200,119.233864,0.0,0.3554672647498823
-29.966232,116,119.298865,1.0,0.0469827369205816
-21.546696,34,119.317869,1.0,0.04983965224132863
-52.638229,200,119.42748,0.0,0.0926355359225307
-13.153809,63,119.828731,1.0,0.03896055612966682
-10.135127,36,119.857735,1.0,0.04537790779560389
-69.100108,200,120.021247,0.0,0.2424236107473811
-47.072926,200,120.150129,0.0,0.168969665980697
-2.02986,13,120.159125,1.0,0.04662663668664245
-15.472238,55,120.195127,1.0,0.04139672846299216
-19.061554,49,120.225256,1.0,0.040053897735399364
-37.380768,144,120.315279,1.0,0.04214529547323747
-37.044596,200,120.425288,0.0,0.1898685814258902
-2.111239,17,120.436285,1.0,0.038370544308739846
-18.120168,38,120.459285,1.0,0.047193445197729694
-15.675923,42,120.486284,1.0,0.045840939537944936
-34.071504,112,120.553648,1.0,0.049816788781373425
-6.471062,17,120.563643,1.0,0.035784709522666186
-1.444545,14,120.572644,1.0,0.04808179148102246
-19.413323,68,120.613651,1.0,0.03623597892425726
-43.922637,200,120.731811,0.0,0.1132643829990604
-36.457477,200,120.850079,0.0,0.10698663932863636
-10.849532,36,120.872314,1.0,0.03711200999881971
-7.383745,27,120.887612,1.0,0.04635451782609304
-34.610295,200,121.006801,0.0,0.11774613943692502
-49.607251,200,121.489686,0.0,0.15065739996731842
-17.030521,42,121.52572,1.0,0.0370714030742101
-55.455418,200,121.676231,0.0,0.18932194118101042
-8.956848,39,121.701231,1.0,0.041281729249600684
-5.861968,36,121.722235,1.0,0.040414446545497536
-11.705194,49,121.750781,1.0,0.04409016575535114
-29.921492,157,121.838303,1.0,0.04394431713210725
-25.048014,73,121.883301,1.0,0.0483525864825489
-0.286462,3,121.886302,1.0,0.033377966889957186
-37.471139,200,122.015821,0.0,0.09477178578947641
-61.008722,200,122.152597,0.0,0.19590184029436275
-51.501706,200,122.277359,0.0,0.21569752699590314
-14.367849,58,122.310367,1.0,0.04585303344610225
-19.263182,138,122.394882,1.0,0.041037667580850964
-44.625702,200,122.509189,1.0,0.04932285758902667
-29.159928,136,122.591716,1.0,0.048408680393271834
-12.828703,71,122.634232,1.0,0.04876273257509001
-49.981338,200,122.751769,0.0,0.16297219576230637
-13.681428,52,123.16655,1.0,0.044696748133204234
-17.177584,43,123.201141,1.0,0.03937385673842411
-16.516068,60,123.250276,1.0,0.0460323642178385
-11.856065,26,123.271281,1.0,0.029844272609181006
-22.523142,55,123.310276,1.0,0.04534838311723315
-21.439402,103,123.375786,1.0,0.049708097690982826
-48.130072,200,123.487314,0.0,0.4331142822955974
-31.109436,90,123.545567,1.0,0.0354915725340029
-72.30475,200,123.664083,0.0,0.25319187852202674
-41.630759,200,123.779351,0.0,0.1211663175392991
-59.738063,200,123.890908,0.0,0.19982064074438452
-23.799411,107,123.952413,1.0,0.04764995127392548
-6.635377,19,123.963414,1.0,0.019005611322800348
-53.605442,200,124.074931,0.0,0.19356065634744907
-56.856519,200,124.187446,0.0,0.44285947691364863
-53.278327,195,124.30358,1.0,0.04990799623413298
-22.736441,85,124.494635,1.0,0.04243790246965126
-62.207758,200,125.292254,0.0,0.3260364805733433
-4.566697,27,125.319855,1.0,0.04984786295120104
-11.204689,36,125.349634,1.0,0.0429843456067679
-19.400788,60,125.396635,1.0,0.049776270322467085
-53.788598,200,125.557686,0.0,0.15882558609231878
-24.14595,104,125.636212,1.0,0.031323354390558764
-24.620586,118,125.745741,1.0,0.04513467357895793
-11.9261,75,125.806742,1.0,0.043845204775991256
-24.868778,64,125.857256,1.0,0.048711494828833156
-2.595274,17,125.871255,1.0,0.04998970065029273
-4.058536,34,125.901255,1.0,0.04439755132366964
-5.248124,16,125.91626,1.0,0.014023822444965186
-54.162065,200,126.060844,0.0,0.31527093357926994
-63.80761,200,126.215948,0.0,0.20163600751941843
-78.436727,200,126.350025,0.0,0.3664037662339935
-10.066902,22,126.364016,1.0,0.04070972112016953
-33.141279,118,126.449566,1.0,0.04222159581160641
-32.786822,152,126.551742,1.0,0.046013584506993006
-10.097133,47,126.582733,1.0,0.04599408878752077
-14.629139,50,126.612732,1.0,0.043876954762436096
-36.475263,195,127.159866,1.0,0.03400403782390236
-13.072201,29,127.190868,1.0,0.03903981301445717
-13.228682,47,127.241389,1.0,0.04603813392244094
-12.776579,71,127.307387,1.0,0.03776219207047095
-1.838583,10,127.31639,1.0,0.04879681872246205
-19.686418,140,127.412913,1.0,0.04505477431105512
-21.171236,99,127.496083,1.0,0.043001236032609226
-47.647862,200,127.638873,0.0,0.24679248765014736
-29.91194,200,127.770065,0.0,0.13483851219595705
-19.212418,63,127.821067,1.0,0.04988332451538606
-83.97627,200,127.967951,0.0,0.29514748665607066
-8.03652,37,127.990966,1.0,0.04728605444866313
-56.506004,200,128.149652,0.0,0.17265813150883108
-32.437189,200,128.299379,0.0,0.061729234160128134
-21.457961,84,128.352481,1.0,0.04736671638001604
-21.6444,85,128.409481,1.0,0.041800756809050266
-4.438016,27,128.428993,1.0,0.028948214828502013
-30.272339,134,128.520009,1.0,0.04911857041060892
-27.433839,133,128.623163,1.0,0.04742424481982718
-52.700574,200,129.201332,0.0,0.1181879937348507
-5.18541,24,129.220017,1.0,0.045490186722691624
-18.312927,60,129.267532,1.0,0.03711018830614907
-21.984625,112,129.332045,1.0,0.03601232387029021
-1.711478,21,129.344044,1.0,0.04202780260557346
-62.983273,200,129.454591,0.0,0.2584675600007299
-43.442905,200,129.566776,1.0,0.0496208541839144
-32.342816,146,129.650808,1.0,0.039865471942713664
-65.663675,200,129.77035,0.0,0.4191761874734838
-4.532512,22,129.783376,1.0,0.04898188142256236
-12.039129,46,129.811346,1.0,0.046064116711769694
-34.080335,170,129.920707,1.0,0.04846352377945886
-40.587706,200,130.043386,0.0,0.3545579908802574
-16.265271,58,130.080387,1.0,0.04723561791501406
-9.413752,49,130.110387,1.0,0.0345923807101836
-0.097193,2,130.112384,1.0,0.029595326393059843
-2.332584,21,130.125392,1.0,0.04995038505568215
-50.74648,200,130.245421,0.0,0.11453139666134043
-20.995215,90,130.29542,1.0,0.04649152842847645
-0.47098,4,130.298419,1.0,0.017316524844921365
-4.921272,16,130.307443,1.0,0.04614389292754922
-0.044866,1,130.308419,1.0,0.04472441229953639
-39.498804,182,130.809032,1.0,0.047812711894682614
-10.340093,56,130.854645,1.0,0.0353472322345779
-4.810401,18,130.870178,1.0,0.032298238559688525
-16.894233,39,130.899179,1.0,0.03755931784917136
-10.253776,50,130.929181,1.0,0.03888452489910226
-14.596783,96,130.982689,1.0,0.03660311495007039
-0.523075,5,130.985689,1.0,0.026974961557765624
-63.557973,200,131.104475,0.0,0.28823880301543037
-6.783522,29,131.123086,1.0,0.04635328048554646
-30.836689,109,131.1856,1.0,0.04680745107161444
-22.185698,99,131.24411,1.0,0.04857072483347981
-4.838375,19,131.255112,1.0,0.04110171326414722
-36.461687,147,131.33463,1.0,0.04266307897032736
-47.305469,200,131.446147,0.0,0.2650066182169676
-4.761293,30,131.463146,1.0,0.04502323460011034
-55.149994,200,131.574663,0.0,0.20563107227930702
-4.427734,28,131.591663,1.0,0.04020507170647946
-31.042084,152,131.676178,1.0,0.04511982059535587
-8.717598,19,131.687179,1.0,0.0310449436894228
-19.695392,27,131.702182,1.0,0.03845877563061567
-7.984969,22,131.715182,1.0,0.03565539119747235
-13.552074,46,131.741702,1.0,0.04780349720638782
-14.085915,70,131.780699,1.0,0.043825429939587615
-18.049948,73,131.82171,1.0,0.04239334554918078
-59.447323,200,132.281438,0.0,0.14479906146444502
-13.75624,55,132.322556,1.0,0.04068295331488549
-16.722699,57,132.37007,1.0,0.049691679431544726
-0.11915,2,132.37307,1.0,0.023117158720397726
-53.671305,200,132.506588,0.0,0.21881901392828101
-14.800961,57,132.547103,1.0,0.04773291403518908
-49.362126,200,132.658613,0.0,0.2425027779731094
-56.139473,200,132.771161,0.0,0.17275810772991035
-43.767967,200,132.879729,0.0,0.15363265780371305
-5.294688,47,132.910427,1.0,0.042469879840616995
-9.813208,44,132.934012,1.0,0.04913373121785606
-55.474162,200,133.04454,0.0,0.32713032230622435
-15.803371,66,133.085526,1.0,0.0489428484909254
-19.26397,93,133.146044,1.0,0.045197128002767636
-10.184665,33,133.169043,1.0,0.04486128371961578
-21.928981,32,133.192044,1.0,0.037805156769379254
-15.91355,93,133.254578,1.0,0.034792255668656034
-44.299467,200,133.371983,0.0,0.13200855674914871
-63.380518,200,133.491503,0.0,0.2602429709205539
-4.821532,20,133.5035,1.0,0.03300739836499186
-11.194804,51,133.90337,1.0,0.04931619341969172
-17.05637,47,133.949891,1.0,0.047858249911190955
-36.429198,200,134.10241,0.0,0.17591403006780837
-14.700286,96,134.16335,1.0,0.03978647565363902
-57.332817,200,134.275364,0.0,0.343701127700531
-17.893151,58,134.30799,1.0,0.047937563619481996
-15.77452,26,134.323,1.0,0.04938699295936285
-40.113286,200,134.43806,0.0,0.12203600045814308
-48.370659,200,134.548593,0.0,0.3701328287051288
-25.241899,92,134.600088,1.0,0.04775035582657785
-11.826486,63,134.637676,1.0,0.037553506554784295
-43.458244,200,134.748215,0.0,0.15965422492764447
-71.151527,200,134.867726,0.0,0.30836138208193464
-13.171815,46,134.898728,1.0,0.04866920157534611
-10.55295,49,134.930733,1.0,0.04493210259406142
-9.02364,57,134.97225,1.0,0.044872195639750305
-11.811424,66,135.016248,1.0,0.036401103800498436
-5.822351,23,135.033432,1.0,0.034951959407908524
-15.307056,91,135.093432,1.0,0.03703743324963183
-15.572477,60,135.136383,1.0,0.04955730087946822
-21.917955,64,135.529941,1.0,0.047455005022146286
-27.547264,116,135.621466,1.0,0.04826682912313118
-53.265934,200,135.764493,0.0,0.2829747586399803
-12.201661,24,135.781493,1.0,0.033304970552911525
-57.497732,200,135.911009,0.0,0.23167784282498943
-16.149097,93,135.969527,1.0,0.04630948758058393
-4.009115,28,135.988526,1.0,0.04848609993908548
-16.373999,46,136.020533,1.0,0.03204907013209818
-1.082973,7,136.028651,1.0,0.043416477416962626
-18.030242,85,136.083294,1.0,0.04768573974311987
-25.029499,92,136.137819,1.0,0.049045831776239286
-34.371615,147,136.225838,1.0,0.047751255770241995
-10.812074,26,136.243097,1.0,0.034929667895756834
-13.872843,56,136.274107,1.0,0.03879682746241322
-9.348022,24,136.289098,1.0,0.04145800948106334
-12.617921,27,136.304099,1.0,0.046206318692836826
-41.654875,138,136.392245,1.0,0.04878182571881882
-20.317864,29,136.408466,1.0,0.024377405512746475
-5.653274,20,136.420467,1.0,0.049491441714321245
-44.413281,200,136.536147,0.0,0.13638335654980155
-10.508662,52,136.568147,1.0,0.048845584445087575
-19.135555,43,136.593147,1.0,0.029383655387764093
-22.617356,104,136.653486,1.0,0.049809163124342686
-14.375784,52,136.682501,1.0,0.04862480023840986
-7.275554,42,136.707484,1.0,0.049922760041761105
-1.918009,13,136.716483,1.0,0.0491424696605431
-15.341402,39,136.737996,1.0,0.034667605471099275
-8.868617,35,136.760995,1.0,0.04638092075680895
-12.809125,43,136.786995,1.0,0.04574003893502772
-6.939156,53,137.209083,1.0,0.048494420041720596
-18.452422,120,137.311585,1.0,0.048371023179670056
-16.631748,50,137.354103,1.0,0.04124910962459889
-0.047005,1,137.356101,1.0,0.04686395136476565
-3.91592,36,137.383622,1.0,0.043957444525242785
-22.806026,72,137.435259,1.0,0.04111940331413799
-14.63576,41,137.459264,1.0,0.03794921562333802
-10.435933,65,137.497261,1.0,0.04982338721057008
-53.135075,200,137.616719,0.0,0.12510088001247346
-17.352772,84,137.665293,1.0,0.046120371260410985
-16.764665,97,137.720717,1.0,0.04173843195275939
-41.272331,200,137.833754,0.0,0.12111614893899562
-30.13708,122,137.899765,1.0,0.04934605699181679
-9.908481,32,137.916762,1.0,0.045089854845152454
-10.406438,42,137.941287,1.0,0.04996429731377322
-52.802936,200,138.050388,0.0,0.18171388045522974
-37.613289,200,138.159897,0.0,0.1363997715288142
-18.520873,94,138.211901,1.0,0.048223100007322835
-9.24546,26,138.22691,1.0,0.0382696677768631
-8.006195,49,138.255425,1.0,0.041919915042838186
-60.497299,200,138.368238,0.0,0.15360966364015638
-26.402248,177,138.864259,1.0,0.049867604099800886
-52.554315,200,139.01378,0.0,0.12851211845024132
-59.773627,200,139.126304,0.0,0.30597801751329395
-25.151636,134,139.204633,1.0,0.04657280884664079
-2.707235,21,139.216634,1.0,0.04555501235265111
-31.605468,120,139.283152,1.0,0.04801896513296371
-14.489276,41,139.307154,1.0,0.048710201531966583
-36.126294,159,139.398676,1.0,0.049294234806581294
-17.68757,124,139.465192,1.0,0.039876556662976174
-10.890501,21,139.477192,1.0,0.04826161826785106
-14.792464,78,139.51919,1.0,0.04792562054933565
-8.154908,65,139.554706,1.0,0.04256740163343139
-11.791731,56,139.586703,1.0,0.04782155536465141
-11.396792,61,139.621745,1.0,0.04682394840779211
-72.453451,200,139.734236,0.0,0.33788199787512513
-6.159254,33,139.753728,1.0,0.049688758700091894
-15.922291,87,139.80175,1.0,0.04610237569976203
-24.021192,76,139.843269,1.0,0.04372108061042826
-5.599038,37,139.864272,1.0,0.04160911815496197
-34.066908,102,139.92184,1.0,0.04885352332975326
-8.437634,28,139.937376,1.0,0.0434223693455138
-6.862643,38,139.959376,1.0,0.04891871149226442
-2.855218,16,139.968375,1.0,0.03445894959178491
-75.577902,200,140.424398,0.0,0.2605790269021686
-11.413905,49,140.461915,1.0,0.041857296876809974
-18.46213,63,140.508916,1.0,0.04422539028051863
-0.045868,1,140.510916,1.0,0.04572651933253361
-7.188799,33,140.537432,1.0,0.048663237346315565
-6.728672,32,140.559432,1.0,0.04494782445126331
-2.424368,20,140.573432,1.0,0.04758965071311041
-7.029023,39,140.603435,1.0,0.0423585075502635
-42.269679,200,140.742713,0.0,0.09941099094065378
-8.519921,33,140.765713,1.0,0.04799934496622689
-58.414848,200,140.914586,0.0,0.253158218017713
-10.570134,37,140.939109,1.0,0.044599399538248596
-48.739319,200,141.057227,0.0,0.21508272917917
-32.106889,148,141.139746,1.0,0.04393856873262695
-14.68039,41,141.164744,1.0,0.03395194069996776
-1.208879,10,141.170747,1.0,0.037153990407689096
-21.187869,44,141.19609,1.0,0.043737913846083505
-30.269066,158,141.281628,1.0,0.04351596595407516
-16.108127,41,141.304645,1.0,0.046369675630182565
-4.445361,17,141.31563,1.0,0.043457463418559945
-15.677904,53,141.344144,1.0,0.04587357528182208
-2.563427,23,141.357144,1.0,0.047000969973299014
-2.713548,16,141.367142,1.0,0.04802299574404009
-35.982618,200,141.475331,0.0,0.2142733211442772
-8.926995,34,141.494328,1.0,0.042626167056103344
-40.627015,200,141.608882,0.0,0.18038341828824528
-10.280621,50,141.977965,1.0,0.048695793933598505
-58.756905,200,142.12949,0.0,0.15528306031175163
-22.795246,61,142.171995,1.0,0.046387153645138075
-27.62103,113,142.237525,1.0,0.04774723356992986
-60.134142,200,142.349058,0.0,0.2991517185911154
-13.609603,31,142.366055,1.0,0.048547297907337035
-4.971859,19,142.378055,1.0,0.044221196117124606
-70.506607,200,142.497141,0.0,0.2901702396069129
-13.352338,53,142.531121,1.0,0.043418727097669474
-54.593963,200,142.64618,0.0,0.2109755766160522
-18.375093,67,142.683181,1.0,0.04318675208479033
-59.37551,200,142.793362,0.0,0.35536720079009915
-15.793583,103,142.850359,1.0,0.045569670004628055
-1.054409,10,142.856359,1.0,0.04298285660019034
-16.352805,96,142.91036,1.0,0.04605687507370993
-44.292422,200,143.020893,0.0,0.19673451603439696
-12.695041,38,143.046528,1.0,0.0442791590856689
-3.452619,24,143.060184,1.0,0.048224607573053246
-27.390288,113,143.122495,1.0,0.048223833863898564
-22.912869,119,143.53184,1.0,0.040643280561398015
-18.737496,56,143.575353,1.0,0.04905334409334243
-12.599333,47,143.610351,1.0,0.04420055181177396
-13.137187,97,143.680871,1.0,0.044623696620956096
-58.736581,200,143.803972,0.0,0.21747188037468906
-7.9584,39,143.825977,1.0,0.04140721723847967
-8.167965,19,143.836489,1.0,0.04464424130745193
-5.463217,16,143.846496,1.0,0.04652900645246673
-3.45816,28,143.863495,1.0,0.046006943701822386
-52.09372,200,143.991018,0.0,0.2075108746382196
-16.448065,39,144.018018,1.0,0.04348271774110688
-8.197875,40,144.044533,1.0,0.043898793553412224
-11.294077,45,144.074533,1.0,0.04389380105534485
-29.91453,84,144.129539,1.0,0.048800397202796476
-10.991335,35,144.15205,1.0,0.04166913979113721
-17.878519,41,144.17705,1.0,0.0420181761109785
-19.501531,65,144.220921,1.0,0.04989136109941882
-77.809876,200,144.339969,0.0,0.3765348850639623
-11.932174,56,144.37197,1.0,0.04428129118321549
-0.004517,1,144.373969,1.0,0.00437603166671014
-50.857492,200,144.486581,0.0,0.17514871846359362
-16.894123,41,144.509581,1.0,0.0349818035439646
-4.545046,14,144.517581,1.0,0.026383641297765895
-16.540301,65,144.554106,1.0,0.04810006605017314
-13.590204,60,144.587103,1.0,0.0425497963456664
-0.070376,2,144.588103,1.0,0.0073764824501927565
-12.664312,46,144.613106,1.0,0.04329511233818746
-6.891285,50,144.642243,1.0,0.043017097790134934
-13.104881,45,144.666243,1.0,0.04629075194543355
-49.417751,200,144.780714,0.0,0.16440071376178578
-38.815296,181,145.29536,1.0,0.03780506674670443
-18.650818,41,145.331374,1.0,0.049100686950463615
-0.006439,1,145.332374,1.0,0.006297876218264398
-15.975358,47,145.363496,1.0,0.04497793228305335
-40.601623,200,145.493202,0.0,0.05198124768972501
-14.449582,59,145.533208,1.0,0.045904667589813875
-79.602626,200,145.653946,0.0,0.4295262948957057
-14.925217,82,145.700943,1.0,0.04991709402386294
-6.327248,27,145.717948,1.0,0.03889380169469681
-13.174929,36,145.738459,1.0,0.03809631348364121
-17.576449,77,145.787461,1.0,0.04310325717156535
-11.239407,30,145.807459,1.0,0.0387806585627873
-30.564483,103,145.869973,1.0,0.0428317728894327
-6.510521,46,145.896976,1.0,0.04559277940421712
-4.81422,29,145.916974,1.0,0.04576975547610713
-3.134976,17,145.92898,1.0,0.048641235933332444
-38.811177,200,146.039054,0.0,0.10301229945628027
-60.184463,200,146.149534,0.0,0.15046492278085916
-14.224727,85,146.199534,1.0,0.04910980791706076
-14.663865,59,146.235539,1.0,0.04504735405147132
-10.86843,69,146.278051,1.0,0.03273754540479754
-16.639195,51,146.308051,1.0,0.04753382176116285
-9.579598,25,146.324058,1.0,0.037097417895632444
-13.585063,40,146.347568,1.0,0.047018997141776896
-20.200564,57,146.381565,1.0,0.047122614596135176
-20.188116,97,146.795325,1.0,0.04995571299922149
-54.025633,200,146.950307,0.0,0.229066204179494
-67.34502,200,147.076822,0.0,0.25207402284573127
-35.740957,156,147.163346,1.0,0.0477352299835336
-41.20143,200,147.272862,0.0,0.26807268576194204
-23.038888,53,147.303865,1.0,0.03484383865293488
-30.441038,134,147.377378,1.0,0.04273113094771209
-8.336223,42,147.400376,1.0,0.03647553961833552
-20.543214,104,147.4608,1.0,0.045036597691524974
-19.634506,137,147.549362,1.0,0.04663157297047401
-71.394643,200,147.668173,0.0,0.25625189726391157
-14.25399,54,147.697169,1.0,0.047703185954251076
-5.698253,15,147.70617,1.0,0.04129588448831125
-43.706928,200,147.817684,0.0,0.16507209552156582
-45.907968,200,147.936213,0.0,0.0890429204786103
-19.301068,35,147.957727,1.0,0.04827999264390298
-16.963662,41,147.986727,1.0,0.049736213279680044
-70.687015,200,148.512186,0.0,0.3739117877285531
-0.363321,3,148.516186,1.0,0.0192321077368776
-21.001912,109,148.604705,1.0,0.04713245326416642
-28.008501,200,148.726224,0.0,0.06807294806359321
-39.119804,182,148.829741,1.0,0.04310401830738127
-53.316816,200,148.944767,0.0,0.19935410500732026
-2.488505,20,148.956765,1.0,0.038093404436256154
-26.180849,165,149.053297,1.0,0.049900927973741314
-10.026101,21,149.067298,1.0,0.048119807970625296
-10.43751,46,149.0913,1.0,0.02965434793432687
-19.380253,75,149.132303,1.0,0.04979625921613934
-14.376743,38,149.153817,1.0,0.04980495766557683
-11.271273,50,149.181838,1.0,0.03521876582186568
-15.408033,31,149.198817,1.0,0.04422661986264925
-23.762491,110,149.260331,1.0,0.04405634714976791
-20.348408,32,149.278331,1.0,0.04044586537315601
-15.738559,47,149.307328,1.0,0.04162980687150805
-14.105435,24,149.322333,1.0,0.04650508169873514
-13.688091,50,149.351862,1.0,0.04905626796312457
-40.749542,200,149.515951,0.0,0.21233017216956868
-15.699797,58,149.561475,1.0,0.04972303438990736
-3.92794,29,149.583474,1.0,0.042793352119731856
-10.320521,34,149.612318,1.0,0.04596521351267151
-22.969882,30,149.63032,1.0,0.04243740316840539
-10.889118,21,149.642826,1.0,0.023950371140250594
-19.260228,59,149.678831,1.0,0.04982037194442405
-82.110699,200,150.179365,0.0,0.4866273039306543
-13.776924,42,150.210366,1.0,0.04436485366443189
-41.735191,200,150.342537,0.0,0.1968458560703815
-9.412222,31,150.360533,1.0,0.04528170442966987
-76.541782,200,150.475051,0.0,0.32547883457801247
-19.91516,68,150.512051,1.0,0.04413621481312279
-16.309947,53,150.541569,1.0,0.04662385388090086
-27.811242,175,150.64812,1.0,0.04564697435024199
-0.032715,1,150.650116,1.0,0.03257403434741388
-41.620879,200,150.760269,0.0,0.18937449020853295
-53.581903,200,150.870793,0.0,0.24180000223254441
-32.242135,143,150.949305,1.0,0.049112152343964405
-49.2851,200,151.057612,0.0,0.14909319158275847
-4.059562,19,151.067609,1.0,0.043242763562194954
-63.964395,200,151.181133,0.0,0.421963676776597
-12.734943,60,151.214132,1.0,0.03830621693609553
-26.008818,68,151.252668,1.0,0.04985144635925773
-1.574141,9,151.258671,1.0,0.02905680533225953
-31.629101,200,151.742206,0.0,0.06465765982407314
-12.044947,44,151.776203,1.0,0.04542462246365799
-11.6689,46,151.812206,1.0,0.04253124781568027
-8.565728,38,151.839731,1.0,0.048912261958081196
-0.87487,10,151.845731,1.0,0.03999896182493654
-16.741496,60,151.880728,1.0,0.04353560695757255
-11.164552,71,151.9275,1.0,0.04230167697756256
-6.834396,20,151.939489,1.0,0.043363009736400365
-3.835051,16,151.949569,1.0,0.02713774654415792
-0.037657,1,151.951126,1.0,0.03751517151735692
-6.553525,28,151.96768,1.0,0.03891718615861831
-17.485623,37,151.990685,1.0,0.049562266196440184
-7.245573,24,152.003685,1.0,0.047907100003850685
-12.247521,42,152.027294,1.0,0.045208996122292525
-14.810478,84,152.073833,1.0,0.047389272656837
-0.27594,3,152.075835,1.0,0.03892717035537692
-19.242931,67,152.115465,1.0,0.049701122857308856
-11.626748,44,152.14199,1.0,0.04914538615581223
-15.447185,49,152.168988,1.0,0.049220102335509774
-33.205227,200,152.277521,0.0,0.11156779121835673
-18.443244,62,152.313519,1.0,0.04857163940470366
-12.155509,27,152.329526,1.0,0.03788684201547212
-41.738815,200,152.451714,0.0,0.09960409696231738
-26.589038,121,152.524719,1.0,0.04886809830277822
-34.824592,186,152.644759,1.0,0.0471620529535905
-10.89771,69,152.690761,1.0,0.048958127512660043
-43.222861,200,152.808285,0.0,0.16757207839033947
-22.814915,82,152.851799,1.0,0.04977577446187194
-5.750425,23,152.864803,1.0,0.038375310807396375
-11.997501,26,152.879803,1.0,0.03931154204211184
-13.453268,46,153.25288,1.0,0.04397317706985503
-3.035256,14,153.264879,1.0,0.02928207354590221
-5.532632,20,153.28188,1.0,0.04579267895561188
-14.007443,28,153.303881,1.0,0.030316818073115787
-13.151483,40,153.332881,1.0,0.046658476420807615
-8.1016,29,153.35739,1.0,0.033575359723617214
-37.348299,166,153.474931,1.0,0.04999273770547137
-9.134449,44,153.499921,1.0,0.04599365465346158
-14.888429,50,153.527938,1.0,0.04870687548640208
-10.044207,33,153.547476,1.0,0.041608733986420406
-16.84293,55,153.577473,1.0,0.043929082469043534
-18.667716,28,153.593477,1.0,0.041159662632560746
-8.886548,30,153.610476,1.0,0.04293966689808377
-11.21504,22,153.622477,1.0,0.04963353551512781
-10.934984,37,153.643633,1.0,0.047002655764038594
-11.67901,51,153.674633,1.0,0.04175202274693276
-13.273986,95,153.728644,1.0,0.04750989134717236
-10.403366,30,153.745373,1.0,0.03797931776569281
-19.092488,90,153.800566,1.0,0.04682654412808688
-21.736626,72,153.838584,1.0,0.04888913691825153
-34.086395,200,153.949681,0.0,0.12034392370205786
-15.390571,37,153.970681,1.0,0.04316924309347595
-16.679075,88,154.019689,1.0,0.04818775832122895
-10.746125,33,154.041201,1.0,0.038208085095299466
-22.09091,87,154.089182,1.0,0.048735143211471044
-33.850162,164,154.195921,1.0,0.0478653287338681
-29.25268,162,154.285071,1.0,0.040593142867599116
-11.885462,39,154.307697,1.0,0.047378726669735985
-5.789248,31,154.324696,1.0,0.04620879238128501
-19.526967,37,154.345205,1.0,0.045170566760729156
-80.95402,200,154.452748,0.0,0.1313155287799674
-8.336021,30,154.830321,1.0,0.03437674817246557
-9.740568,51,154.868833,1.0,0.049689518649134276
-10.081473,43,154.900833,1.0,0.04897244081025922
-10.805464,39,154.93184,1.0,0.04902430330163217
-35.490386,200,155.069971,0.0,0.13980972703605593
-29.873073,138,155.14865,1.0,0.048095458640167454
-38.432264,183,155.251153,1.0,0.03958795638112673
-9.909486,44,155.277154,1.0,0.04420629028758298
-7.348085,37,155.297154,1.0,0.04419258285445671
-34.3758,200,155.406679,0.0,0.18490509560965224
-31.799839,200,155.518193,0.0,0.2756638811402339
-29.5277,95,155.570712,1.0,0.049254329254481345
-14.840981,47,155.596715,1.0,0.04668095495596218
-60.075723,200,155.710254,0.0,0.30908184161030167
-14.295922,56,155.742752,1.0,0.04434011998818395
-4.499286,17,155.753749,1.0,0.04573644251213917
-12.271932,46,155.782763,1.0,0.03361991168563145
-53.13744,200,155.889293,0.0,0.17099787642380362
-67.308766,200,155.99883,0.0,0.3537865735715453
-15.698062,60,156.390233,1.0,0.03459387992994467
-11.875451,40,156.422928,1.0,0.04450820982852066
-17.837364,27,156.444438,1.0,0.01637725210711427
-63.68335,200,156.595114,0.0,0.18613274218863343
-47.932054,200,156.712415,0.0,0.2799324764335464
-12.915887,44,156.73942,1.0,0.04728029671081403
-6.185263,32,156.759935,1.0,0.04890280895817408
-52.068843,200,156.892477,0.0,0.17017551355484986
-77.56215,200,157.02259,0.0,0.3389071135474129
-11.197932,26,157.039595,1.0,0.04901283667886367
-27.362367,73,157.085108,1.0,0.04573331111591513
-46.558712,200,157.240634,0.0,0.1616202724839391
-3.713443,19,157.258664,1.0,0.04138596009033442
-12.53732,39,157.282665,1.0,0.048303874146661936
-5.440227,17,157.294668,1.0,0.04481050361070735
-18.163636,87,157.344187,1.0,0.045610686725825106
-14.557779,40,157.367187,1.0,0.04561838241897818
-18.684587,67,157.404189,1.0,0.03830810696200923
-8.088521,19,157.415189,1.0,0.029681037107928444
-15.40176,30,157.432199,1.0,0.039594200266876864
-61.181456,200,157.557232,0.0,0.20533351605627378
-75.297971,200,157.673756,0.0,0.3165349099776622
-17.622044,55,157.705758,1.0,0.04775523709501776
-20.691229,128,158.147209,1.0,0.040449214252543164
-18.79451,103,158.22821,1.0,0.044889453652490356
-73.550482,200,158.362237,0.0,0.4592966310078117
-31.924796,200,158.473759,0.0,0.10099739311588851
-19.162948,66,158.511792,1.0,0.048961586729391826
-18.042915,40,158.533679,1.0,0.04669278345238058
-2.387142,23,158.548805,1.0,0.04875808635234906
-12.520128,26,158.568805,1.0,0.048748308632871815
-47.756806,200,158.680288,0.0,0.21476028274396233
-8.583131,33,158.699925,1.0,0.041818341273245074
-18.251326,91,158.752073,1.0,0.04596770183905107
-12.76129,51,158.781073,1.0,0.04895077627226418
-5.476402,30,158.799081,1.0,0.045001032433047
-91.991074,200,158.911628,0.0,0.37769305173255724
-20.42884,91,158.961152,1.0,0.04697165894469788
-9.905407,44,158.987153,1.0,0.04545188296137035
-8.805327,65,159.02816,1.0,0.04319617508587073
-7.303985,38,159.050688,1.0,0.04284481244467279
-12.727683,32,159.069687,1.0,0.0496689602625009
-11.599995,41,159.094684,1.0,0.049546183901895545
-12.768219,37,159.116683,1.0,0.04893849381747723
-19.196659,34,159.137693,1.0,0.04900617165963665
-40.917824,200,159.249427,0.0,0.2512898967304377
-13.876703,65,159.285444,1.0,0.04887363729590647
-13.612439,42,159.670499,1.0,0.04330513211930837
-52.670432,200,159.826794,0.0,0.1648960790644928
-18.515472,60,159.871314,1.0,0.03350333835364676
-21.127505,83,159.920316,1.0,0.048967075498472235
-82.813817,200,160.051358,0.0,0.38240968449106405
-0.047648,1,160.053358,1.0,0.047506141153946
-5.827385,27,160.069358,1.0,0.049129380462058676
-23.326682,64,160.107358,1.0,0.041844770509799054
-21.392014,125,160.178202,1.0,0.043646603124735096
-18.158511,49,160.205205,1.0,0.049771030587236934
-24.983626,101,160.264721,1.0,0.04530569105030052
-44.03381,200,160.376247,0.0,0.12967666044080112
-18.589122,44,160.402244,1.0,0.04753061250224734
-11.945904,42,160.427245,1.0,0.03546027990377935
-8.259191,41,160.451763,1.0,0.04615837024463094
-22.076004,131,160.523763,1.0,0.042813158744015305
-21.333253,49,160.570294,1.0,0.04561731378466531
-8.895946,30,160.596293,1.0,0.04489398868211097
-14.778507,35,160.619298,1.0,0.04789289030627324
-7.576096,34,160.6393,1.0,0.04600548834325744
-19.86774,83,160.688827,1.0,0.04982294529733116
-14.456477,24,160.703824,1.0,0.026118539825279594
-14.738532,50,160.747347,1.0,0.04686206108880603
-11.95014,45,160.783349,1.0,0.04860508412826797
-22.21963,105,160.849803,1.0,0.04596158284312459
-27.019931,112,160.919412,1.0,0.04895832398930579
-16.419803,27,160.938417,1.0,0.04884487911482708
-17.471327,31,160.956973,1.0,0.03930378197320897
-16.090007,44,161.327549,1.0,0.04095838853871764
-7.55199,42,161.361069,1.0,0.04205324814100374
-18.692439,50,161.405069,1.0,0.048580889070650946
-8.420628,37,161.435076,1.0,0.04807115996026628
-49.467942,200,161.570102,0.0,0.23455839181084967
-15.830114,23,161.583105,1.0,0.02882126854006586
-22.170109,62,161.619102,1.0,0.049018599445660276
-11.692761,36,161.639108,1.0,0.036811248479387694
-17.858808,43,161.664619,1.0,0.047169891152888846
-14.377853,46,161.691621,1.0,0.03928735504639865
-17.223506,48,161.718619,1.0,0.04888883614968163
-14.449815,34,161.737622,1.0,0.039783585050359095
-59.685737,200,161.853676,0.0,0.1781132399391128
-32.777422,200,161.968917,0.0,0.12032862625394987
-58.707919,200,162.138958,0.0,0.33664508120579106
-16.180887,55,162.175473,1.0,0.0485789461149555
-41.100437,200,162.313997,0.0,0.08404031967341517
-7.427207,31,162.33401,1.0,0.04228541601860748
-25.147918,64,162.381536,1.0,0.043753694677650425
-31.155972,155,162.508084,1.0,0.048010265795558074
-27.601217,107,162.580584,1.0,0.04458981275460425
-18.936936,26,162.596584,1.0,0.006551243536391177
-9.490554,31,162.614583,1.0,0.04642273087651485
-43.849756,200,163.18932,0.0,0.1377520693274473
-29.832781,176,163.338972,1.0,0.04549634532289895
-18.660252,105,163.408502,1.0,0.04848191366856902
-22.20669,102,163.483019,1.0,0.03480972968787478
-7.955097,39,163.513023,1.0,0.03813602115437022
-56.668683,200,163.639555,0.0,0.278864237022697
-22.69241,112,163.709074,1.0,0.047934612368401484
-9.158792,54,163.7506,1.0,0.04954891740536067
-9.34704,67,163.791599,1.0,0.0429583671877704
-23.05056,72,163.846116,1.0,0.04650322507645116
-17.275552,59,163.89112,1.0,0.043994052962728486
-15.06525,56,163.925119,1.0,0.04699102753334434
-2.663573,21,163.938121,1.0,0.04863411764136568
-22.740648,97,164.023638,1.0,0.04850677910981274
-17.961947,32,164.053155,1.0,0.03004555638608645
-9.87541,60,164.094151,1.0,0.040920365773276665
-63.856345,200,164.211668,0.0,0.17882476737038022
-34.813085,200,164.32019,0.0,0.1041818497761058
-5.998124,40,164.342212,1.0,0.01796066165462134
-53.582757,200,164.451253,0.0,0.1516723583501867
-80.573086,200,164.913582,0.0,0.3162141560790032
-23.57281,124,165.011106,1.0,0.048530237415275165
-15.150561,23,165.030112,1.0,0.03463188488640797
-40.957478,200,165.157763,0.0,0.18471735212208495
-4.915265,25,165.173763,1.0,0.03701458195962497
-9.835494,23,165.188763,1.0,0.04840258856786443
-17.370233,66,165.236773,1.0,0.04628064402260534
-9.858715,33,165.263578,1.0,0.04799966662216996
-17.149446,88,165.332853,1.0,0.04649633761895134
-15.701462,50,165.364955,1.0,0.025681651787262824
-21.319652,51,165.395951,1.0,0.043516558312499856
-9.920994,35,165.417567,1.0,0.049101597408343814
-4.385617,19,165.432576,1.0,0.04460473839977135
-63.947514,200,165.561604,0.0,0.2645072291676299
-9.852317,72,165.604618,1.0,0.04353242514624112
-7.219549,20,165.616604,1.0,0.03507128307273784
-22.666848,97,165.678159,1.0,0.04899870620675719
-30.646749,200,165.814925,0.0,0.0854591071080214
-10.900044,77,165.858451,1.0,0.04718774456422029
-52.099698,200,165.971631,0.0,0.23996017290614352
-5.912593,26,165.986631,1.0,0.040863820721231875
-12.23922,70,166.031642,1.0,0.04202246169954102
-21.403776,54,166.062152,1.0,0.04459699001252252
-6.487364,27,166.079153,1.0,0.03844368743725374
-18.715138,45,166.103182,1.0,0.048446008919122374
-9.301493,56,166.13516,1.0,0.043480013054854556
-14.607497,79,166.541246,1.0,0.0495984389869589
-7.755146,31,166.566601,1.0,0.04031846487254377
-14.582601,69,166.618305,1.0,0.043237418018076665
-3.529514,24,166.639314,1.0,0.04501588794498714
-5.539553,27,166.660826,1.0,0.032229806218143996
-64.917995,200,166.797903,0.0,0.20122415485621803
-9.919718,33,166.817901,1.0,0.02643032160531354
-54.879659,200,166.934062,0.0,0.24920380846850024
-0.684173,5,166.938064,1.0,0.026379768194176163
-19.640396,37,166.957602,1.0,0.04416723736808832
-20.881544,29,166.973602,1.0,0.04273467596767493
-9.844338,38,166.996599,1.0,0.04154565901739609
-37.869253,200,167.118116,0.0,0.12077740711811345
-10.247927,33,167.136125,1.0,0.03250558111087467
-19.570648,49,167.16264,1.0,0.048922865135352406
-13.726305,41,167.18564,1.0,0.04279889660398034
-21.181397,67,167.222672,1.0,0.042411184089427414
-4.60713,31,167.240645,1.0,0.04844722847607622
-4.86562,37,167.261156,1.0,0.027798452383400143
-28.58257,139,167.346354,1.0,0.04839077211984625
-10.855775,33,167.367361,1.0,0.04835941146908715
-8.330804,23,167.381358,1.0,0.04774178961062331
-17.830359,35,167.401363,1.0,0.04341469883690097
-40.394017,200,167.518667,0.0,0.12028969348826504
-18.493059,111,167.58282,1.0,0.04464816524217528
-46.668023,200,167.69687,0.0,0.12374290600660923
-13.949492,48,167.725869,1.0,0.04812305190638518
-18.837623,59,167.760401,1.0,0.04908192150232706
-16.523376,53,168.17148,1.0,0.04679291456405405
-15.336884,51,168.214481,1.0,0.03680424664623759
-4.284323,28,168.240488,1.0,0.0465202079881008
-13.526673,93,168.320002,1.0,0.044934841162525906
-9.37417,54,168.366513,1.0,0.04758892129191646
-5.836302,26,168.383515,1.0,0.047386451648861024
-40.85947,200,168.50003,0.0,0.10620364371287462
-13.785598,32,168.520026,1.0,0.049092681538673244
-7.294155,34,168.543032,1.0,0.03324046181433131
-21.552314,35,168.566507,1.0,0.04247145875211328
-5.143852,44,168.597355,1.0,0.04315092280801938
-8.46835,33,168.616357,1.0,0.04621483420781562
-10.178925,27,168.633361,1.0,0.04164780348232615
-43.639054,200,168.749388,0.0,0.14945263678838344
-49.915399,200,168.866627,0.0,0.20519137840163157
-10.876453,38,168.889625,1.0,0.046256976943881915
-73.707417,200,169.006139,0.0,0.34506902076726537
-14.231598,62,169.043142,1.0,0.04730571911811619
-3.742277,25,169.058657,1.0,0.04827491949123474
-8.861414,37,169.081651,1.0,0.04843513015141776
-41.054468,200,169.206168,0.0,0.11070548162310526
-12.433882,35,169.227165,1.0,0.049129670687819246
-9.411458,47,169.253727,1.0,0.04821583028186064
-9.349164,38,169.274726,1.0,0.04109669918173668
-15.319165,98,169.329724,1.0,0.04782033388024723
-9.9771,54,169.360241,1.0,0.042940387868060155
-12.074318,45,169.385243,1.0,0.048890461252281435
-5.044595,15,169.394243,1.0,0.018370466271787202
-26.134153,185,169.85722,1.0,0.043015212262855554
-16.922579,44,169.89422,1.0,0.04394346883208729
-8.574868,34,169.92222,1.0,0.04783303611069523
-7.590511,27,169.943223,1.0,0.04702624976630384
-51.937491,200,170.076243,0.0,0.1544791941390722
-9.222831,23,170.089245,1.0,0.04689410460192742
-33.362039,200,170.201791,0.0,0.13715546271080087
-45.158118,200,170.32357,0.0,0.29645031771437397
-13.480926,38,170.344576,1.0,0.04938096083860147
-41.139698,200,170.459261,0.0,0.22234868988623663
-41.082965,200,170.57675,0.0,0.08277749596734624
-6.397955,35,170.597748,1.0,0.04839679211354744
-27.549981,93,170.660736,1.0,0.049717334497459825
-35.694133,200,170.781253,0.0,0.15029174562497644
-2.294689,14,170.789257,1.0,0.04308674084652383
-19.918879,107,170.84877,1.0,0.04930853527467379
-1.608516,17,170.857779,1.0,0.04774781546140016
-16.445109,75,170.902776,1.0,0.04809944436249197
-8.110178,24,170.915774,1.0,0.033785558977977
-0.250216,3,170.917774,1.0,0.04676279666536585
-6.450718,48,170.945779,1.0,0.04334157065156477
-6.528985,18,170.956294,1.0,0.029767644814793628
-71.812949,200,171.413864,0.0,0.33832524461560176
-46.11778,200,171.57036,0.0,0.232652790290034
-4.13529,15,171.58136,1.0,0.049557633377479544
-26.019149,143,171.660914,1.0,0.049457158954688114
-47.396574,200,171.780431,0.0,0.15528631450818423
-10.618342,33,171.800434,1.0,0.04886432661275261
-0.174142,3,171.804432,1.0,0.025570181138902387
-14.48435,75,171.850948,1.0,0.03779538810169255
-22.443113,71,171.897778,1.0,0.043604183897886596
-11.561673,25,171.914939,1.0,0.04528638333406211
-64.978417,200,172.044242,0.0,0.2970261002856714
-4.10229,18,172.056414,1.0,0.044275596862597896
-3.063973,18,172.067414,1.0,0.048814716848656965
-39.698198,200,172.185939,0.0,0.25281140905783295
-3.262772,26,172.202939,1.0,0.04465293885151594
-43.06795,200,172.315449,0.0,0.2039321038782722
-5.064557,23,172.328449,1.0,0.04337838844926879
-10.45716,26,172.343455,1.0,0.0462302928054051
-9.011855,29,172.358965,1.0,0.048267088879903663
-36.033389,200,172.468507,0.0,0.08611901065878326
-13.035917,30,172.487486,1.0,0.03646229238489665
-48.579999,200,172.714631,0.0,0.14143866174769204
-33.059849,200,173.680776,0.0,0.060956175594780046
-8.911321,24,173.704779,1.0,0.045495723479942594
-9.405407,33,173.742783,1.0,0.04241879109208606
-4.875433,30,173.766298,1.0,0.04586963886267416
-47.23431,200,173.89283,0.0,0.13929786136402725
-6.292425,42,173.916829,1.0,0.03999497297131017
-28.495673,123,173.988359,1.0,0.04576059215035497
-58.70463,200,174.111908,0.0,0.2512414427346189
-19.121966,110,174.175733,1.0,0.045000078440785664
-27.706199,81,174.223361,1.0,0.048207322787993966
-0.123086,2,174.225331,1.0,0.034818769187811426
-18.105432,26,174.246337,1.0,0.031266338896516234
-77.077713,200,174.364042,0.0,0.29207749564721025
-19.842868,52,174.399052,1.0,0.04817743423243041
-34.148797,200,174.532579,0.0,0.1187563887285685
-12.159807,35,174.553118,1.0,0.04935515278253199
-33.983943,200,174.669065,0.0,0.13541429216359582
-15.587727,39,174.693091,1.0,0.044887311615744045
-20.316536,32,174.711066,1.0,0.04331661948515725
-5.384822,27,174.730055,1.0,0.04493656943258102
-13.968122,53,174.765468,1.0,0.0458831334660634
-14.109939,58,174.799431,1.0,0.04107541725024235
-6.706882,33,174.81844,1.0,0.043352350925985855
-2.191457,22,174.831431,1.0,0.04189702140429856
-11.352919,44,174.855948,1.0,0.0488225991577125
-32.000007,200,175.3546,0.0,0.14949617067327498
-19.724262,24,175.376604,1.0,0.03227409502443484
-55.584252,200,175.524122,0.0,0.11536605755832566
-4.35165,20,175.536159,1.0,0.04025592194567456
-5.954112,30,175.554939,1.0,0.04216549076679661
-4.855973,19,175.573623,1.0,0.045208758134011484
-24.471705,108,175.63162,1.0,0.03770918564147297
-25.407462,110,175.690137,1.0,0.04826590345553367
-1.105171,9,175.695136,1.0,0.03429328195594213
-22.058166,115,175.761639,1.0,0.048854181603022385
-5.415816,30,175.782647,1.0,0.02372556287846462
-9.150199,34,175.801642,1.0,0.044597434788659136
-20.823165,47,175.827642,1.0,0.030692110606941644
-13.387706,48,175.855163,1.0,0.039545180075528104
-12.400796,42,175.879178,1.0,0.04830189007728412
-12.381052,85,175.926162,1.0,0.04979623443735054
-49.64213,200,176.035338,0.0,0.2534268915678721
-16.73289,53,176.065861,1.0,0.04706525937187168
-7.835676,41,176.088861,1.0,0.0482913999331803
-11.596347,48,176.114861,1.0,0.049995672112924765
-14.537762,82,176.158401,1.0,0.04106264704769748
-0.040544,1,176.159403,1.0,0.04040271486353444
-49.69976,200,176.265951,0.0,0.11879435067032815
-3.008939,24,176.282951,1.0,0.04930055100339776
-3.215613,14,176.297373,1.0,0.011486030708974833
-21.966044,79,176.345165,1.0,0.04954913794781403
-18.813076,47,176.371057,1.0,0.04681249122601125
-51.454738,200,176.814909,0.0,0.18873440104657818
-5.239154,22,176.831906,1.0,0.04451657133991917
-50.565542,200,176.974927,0.0,0.1681723680480807
-4.290244,30,176.998927,1.0,0.0281748305777817
-7.535867,24,177.012927,1.0,0.04532353511973647
-47.301164,200,177.126133,0.0,0.2706787176551348
-8.632769,35,177.146142,1.0,0.045345177354176355
-4.603091,22,177.158658,1.0,0.039193973712982326
-34.111507,200,177.268187,0.0,0.27846080810434454
-12.784564,32,177.287187,1.0,0.044601884359093735
-21.274318,50,177.319185,1.0,0.04250989902784217
-12.499373,44,177.347188,1.0,0.04724683988445112
-69.617355,200,177.453216,0.0,0.2771629679640524
-14.537611,54,177.482216,1.0,0.04732900069164251
-9.0798,30,177.499219,1.0,0.04408446716997043
-9.202783,54,177.529219,1.0,0.04930432556556678
-8.54151,39,177.550227,1.0,0.04315530337023316
-4.642799,29,177.566746,1.0,0.046007166034433736
-8.536122,19,177.577746,1.0,0.04272493945295995
-5.015875,18,177.588746,1.0,0.044184457857949
-39.666292,200,177.721268,0.0,0.20091526157187592
-6.977585,25,177.739272,1.0,0.045874943927965935
-13.536214,35,177.763667,1.0,0.03729810675107495
-15.991669,113,177.836678,1.0,0.038789997781261625
-34.914791,200,177.949208,0.0,0.12448230327024949
-0.299711,3,177.951211,1.0,0.0383702509961624
-35.169336,167,178.400269,1.0,0.04152203338744115
-12.214347,50,178.439273,1.0,0.04001972033510156
-11.58862,60,178.483784,1.0,0.04655922102665027
-13.123794,46,178.520783,1.0,0.04892777583430343
-0.126919,2,178.523987,1.0,0.048822485105314874
-17.700165,28,178.549496,1.0,0.030058910322620657
-49.251918,200,178.673583,0.0,0.19652577345361547
-13.269488,34,178.694584,1.0,0.04967084831047261
-25.172088,107,178.756111,1.0,0.04922439908229885
-43.258633,200,178.869654,0.0,0.1684500633293078
-12.382638,65,178.905654,1.0,0.044736500407325935
-38.306174,200,179.015172,0.0,0.17061867187851726
-23.565921,112,179.077699,1.0,0.04981738744849878
-16.863252,65,179.113699,1.0,0.0428951086455975
-7.216915,32,179.131696,1.0,0.03861907432146659
-8.737182,34,179.152209,1.0,0.04816558206249093
-11.381075,46,179.179214,1.0,0.043427763542039796
-59.386587,200,179.286737,0.0,0.26952073968406526
-38.55826,200,179.40226,0.0,0.13001970198905205
-9.917293,34,179.420262,1.0,0.04991116367617857
-5.465745,37,179.440265,1.0,0.048672534153824776
-11.269437,40,179.46077,1.0,0.039498592013266796
-48.342533,200,179.570355,0.0,0.2255306911166007
-25.933056,135,180.00387,1.0,0.04653661362866875
-62.990121,200,180.148414,0.0,0.2769600389516969
-36.042513,200,180.259059,0.0,0.14723242229107117
-18.943038,56,180.290059,1.0,0.04782485130565243
-27.070224,92,180.34006,1.0,0.044455114577209534
-0.015025,1,180.341059,1.0,0.014883375641083234
-32.916297,142,180.424579,1.0,0.045968072413786636
-14.414617,23,180.437586,1.0,0.042576147558187644
-14.518503,47,180.466103,1.0,0.037173593517563726
-65.622225,200,180.573643,0.0,0.3188475988580831
-10.115812,30,180.591626,1.0,0.048772232541581625
-62.459244,200,180.70475,0.0,0.25116306231807806
-46.864659,200,180.820838,0.0,0.20517944841741312
-0.021235,1,180.822838,1.0,0.021093816892405026
-61.885448,200,180.937636,0.0,0.2869310393084554
-20.700385,49,180.964163,1.0,0.04106544389089851
-13.473871,70,181.004166,1.0,0.048325264755552405
-14.300498,24,181.017161,1.0,0.03690364030474293
-34.135822,171,181.1127,1.0,0.04109558110814723
-11.7253,30,181.1297,1.0,0.041977963069147764
-8.265536,34,181.489772,1.0,0.035202497740568876
-0.084798,2,181.491772,1.0,0.02031466044970891
-10.844507,42,181.524772,1.0,0.04494605173087305
-4.787625,27,181.544777,1.0,0.04016701484943049
-7.873304,26,181.565282,1.0,0.039425297195264046
-20.541944,79,181.626285,1.0,0.04315553765025691
-17.982018,70,181.680805,1.0,0.03895118528536114
-16.388435,60,181.714802,1.0,0.049815907918488965
-44.709571,200,181.827119,0.0,0.1469483925580737
-17.611774,79,181.870635,1.0,0.04940254923835717
-9.940787,34,181.888635,1.0,0.03730910229245143
-24.345046,99,181.942637,1.0,0.041895653547302916
-59.144955,200,182.059664,0.0,0.2621940351775317
-54.234236,200,182.169224,0.0,0.3048649519253877
-9.376727,39,182.191216,1.0,0.04277381090672145
-8.891904,37,182.211219,1.0,0.047536749760462994
-27.380347,200,182.332735,0.0,0.11952861433525509
-13.121591,59,182.365268,1.0,0.049411979368351816
-1.401047,10,182.371253,1.0,0.04904142065271334
-38.552892,200,182.495603,0.0,0.17428930549669097
-11.466653,66,182.531612,1.0,0.04747257986048821
-19.110557,88,182.579123,1.0,0.02945295890888513
-37.928138,200,182.691688,0.0,0.16318488040572773
-4.86183,25,183.043217,1.0,0.045681123313788354
-46.581258,200,183.199429,0.0,0.1525111109252423
-59.540427,200,183.322954,0.0,0.28836956207905506
-3.438648,24,183.336955,1.0,0.035935526462956655
-13.682495,43,183.362186,1.0,0.045556299693544584
-3.09627,17,183.372185,1.0,0.045759185493638166
-5.450092,25,183.387182,1.0,0.046004709405515695
-14.375998,26,183.403206,1.0,0.044599881072006874
-24.483286,66,183.44019,1.0,0.04902893994426807
-67.554385,200,183.554198,0.0,0.34127288145226625
-49.468059,200,183.671708,0.0,0.23520235953530283
-32.466271,200,183.785012,0.0,0.11769875202288411
-13.203632,26,183.800009,1.0,0.04468656924312526
-2.446686,18,183.810012,1.0,0.04678703409077829
-84.705912,200,183.921589,0.0,0.4179000268421015
-52.142717,200,184.033082,0.0,0.250264468917235
-50.853597,200,184.141628,0.0,0.37201063824941455
-74.126728,200,184.621744,0.0,0.2929776613638508
-74.005711,200,184.779618,0.0,0.31739166180949685
-4.117849,28,184.803619,1.0,0.048901869549363014
-3.986532,18,184.818618,1.0,0.03948431264223879
-35.813668,200,184.927131,0.0,0.07515929289903338
-24.648623,102,184.982649,1.0,0.04460625814174724
-17.687973,79,185.025649,1.0,0.030701740310721676
-5.492237,28,185.044655,1.0,0.03643646302578756
-17.219767,77,185.089576,1.0,0.04943672389144843
-12.728583,50,185.119555,1.0,0.0460395105856863
-52.374172,200,185.234955,0.0,0.2016319904203087
-9.3746,25,185.249964,1.0,0.04740160865614142
-23.350963,118,185.315115,1.0,0.04876470609232502
-11.355772,39,185.338748,1.0,0.04785824477571944
-22.148318,75,185.383275,1.0,0.04813255361993229
-6.557439,24,185.397274,1.0,0.044268187401476644
-9.289557,33,185.417274,1.0,0.0409953618649918
-4.425574,31,185.437272,1.0,0.04811464610998749
-17.386267,98,185.49143,1.0,0.04197628068835522
-5.196024,20,185.502438,1.0,0.049182632966613356
-69.83076,200,185.612157,0.0,0.3654739289629014
-72.103645,200,185.718682,0.0,0.32852920929709445
-19.173236,101,185.775192,1.0,0.04958794300680726
-41.470582,200,186.227127,0.0,0.13248700532175267
-51.332049,200,186.374634,0.0,0.20895276216101438
-12.008024,52,186.403635,1.0,0.04435676931639407
-21.545689,98,186.457154,1.0,0.03792235043953281
-61.040596,200,186.575289,0.0,0.29187780412258296
-0.112943,2,186.577291,1.0,0.009938768510610811
-1.140557,12,186.589291,1.0,0.04910695777548387
-47.08766,200,186.71184,0.0,0.22413737163538378
-52.300307,200,186.832755,0.0,0.14943116426882966
-3.811073,22,186.845764,1.0,0.04356143930452928
-3.631728,17,186.855794,1.0,0.046306604504483644
-7.292168,35,186.875242,1.0,0.048939655234889835
-64.239441,200,186.98376,0.0,0.2996424976573149
-5.411704,23,186.996759,1.0,0.04337988344504919
-83.501448,200,187.108919,0.0,0.34272050545245225
-6.431031,36,187.128941,1.0,0.03997197354448276
-6.474015,33,187.14693,1.0,0.04867207798569441
-43.213911,200,187.254425,0.0,0.10798865250930301
-37.800487,200,187.366479,0.0,0.12258851477024123
-43.296603,200,187.859586,0.0,0.2108727301782063
-44.989351,200,187.985132,0.0,0.15639371540224142
-12.302889,67,188.024112,1.0,0.04587546680770272
-12.596731,49,188.051121,1.0,0.04978570280330015
-9.386066,23,188.064641,1.0,0.04522074657235005
-1.752077,10,188.071641,1.0,0.04021160715273901
-40.61337,200,188.18617,0.0,0.13211757210499775
-1.328835,8,188.19117,1.0,0.042734632703517704
-71.314239,200,188.302753,0.0,0.29103085866769907
-25.076669,200,188.415257,0.0,0.05017698681769458
-7.613942,23,188.427255,1.0,0.031494529430038304
-26.349084,91,188.479784,1.0,0.047496021562487646
-46.595049,200,188.616566,0.0,0.20098754860937304
-32.88158,200,188.742533,0.0,0.08163529273170876
-11.327663,45,188.76915,1.0,0.049207088469909135
-2.571921,30,188.78915,1.0,0.03746220006934348
-49.398005,200,188.901684,0.0,0.3371732018827772
-12.435634,50,188.930684,1.0,0.04527166076632609
-24.736113,88,189.312231,1.0,0.04250955616964189
-62.024783,200,189.461259,0.0,0.2619818636344716
-18.206954,110,189.53126,1.0,0.04560506969907047
-57.893085,200,189.650399,0.0,0.2534963097728273
-50.008517,200,189.763107,0.0,0.2749984619404835
-57.57926,200,189.875459,0.0,0.28754443012593345
-41.497289,200,189.986978,0.0,0.2459836228948307
-23.977612,68,190.024976,1.0,0.04714275890708424
-3.879502,16,190.035013,1.0,0.04249708692222325
-50.81866,200,190.147526,0.0,0.25656868710364844
-46.644404,200,190.257243,0.0,0.1614627409847906
-27.39429,105,190.313754,1.0,0.04649158447072187
-9.382481,22,190.326757,1.0,0.029158406110772105
-33.183659,97,190.379252,1.0,0.049797771218127486
-43.099001,200,190.48778,0.0,0.19465260198858128
-12.405641,53,190.855515,1.0,0.04815399492984891
-35.283931,200,191.004535,0.0,0.11177759898858088
-3.682913,18,191.019535,1.0,0.03431339676487471
-21.813233,95,191.074046,1.0,0.049544270703077195
-4.985746,30,191.09205,1.0,0.03161807959840884
-55.217795,200,191.200588,0.0,0.2175070185821493
-11.273123,37,191.224597,1.0,0.04913091007031024
-12.310493,43,191.248595,1.0,0.03524877905786236
-14.72963,49,191.275113,1.0,0.041513127011185834
-98.646639,200,191.383623,0.0,0.4791365093742596
-7.964024,25,191.398589,1.0,0.038480999354580894
-12.299762,48,191.427588,1.0,0.04943705320136265
-22.2471,75,191.468113,1.0,0.04534141346441948
-11.581151,57,191.500113,1.0,0.03838855720482232
-8.629034,59,191.532113,1.0,0.04922710944608898
-14.424978,46,191.557122,1.0,0.03677759161301178
-38.748213,200,191.665166,0.0,0.07941116319934163
-0.514746,4,191.669167,1.0,0.04856287162105039
-2.557671,22,191.681164,1.0,0.0388992022355351
-19.756121,106,191.742164,1.0,0.04107186163665343
-52.345362,200,191.901831,0.0,0.2275712269430502
-18.791959,124,191.973971,1.0,0.0480723202168299
-44.389533,200,192.451848,0.0,0.1481717526619992
-13.015759,44,192.486358,1.0,0.049080037867072435
-32.47064,200,192.637868,0.0,0.18009235926924597
-25.19592,151,192.721391,1.0,0.04993655005646612
-4.385991,14,192.729392,1.0,0.04521379028231326
-3.641943,17,192.740389,1.0,0.04547294787819545
-14.366642,38,192.768524,1.0,0.04788096378707696
-21.883235,56,192.799525,1.0,0.04916472565502726
-6.371303,43,192.823527,1.0,0.0440934709375736
-42.745328,200,192.937042,0.0,0.12541409215508514
-45.023398,200,193.06114,0.0,0.2283178107743636
-25.246,114,193.125143,1.0,0.04209756402268105
-68.15036,200,193.233656,0.0,0.30105187216284235
-40.807534,200,193.343618,0.0,0.1186875168571394
-43.521011,200,193.453142,0.0,0.11831131680039284
-8.413949,30,193.471652,1.0,0.04661730344980215
-11.78397,44,193.494666,1.0,0.046876321920522455
-25.215137,152,193.578169,1.0,0.044938331423464484
-13.27535,20,193.589169,1.0,0.03986281982011604
-16.004263,93,193.976235,1.0,0.038814448181681914
-8.56863,28,194.000237,1.0,0.033536282665228095
-39.536961,200,194.173255,0.0,0.15465387783684956
-70.636467,200,194.287415,0.0,0.3153944637926678
-6.919915,31,194.307415,1.0,0.04775537744107309
-10.223357,20,194.318415,1.0,0.044419412909129055
-25.490415,200,194.427606,0.0,0.09787116212839267
-27.516224,102,194.483105,1.0,0.04394175896804532
-58.169436,200,194.593636,0.0,0.25366222831702656
-5.583454,35,194.612637,1.0,0.04857580486060741
-49.490682,200,194.721241,0.0,0.22386285011464904
-38.20367,200,194.837764,0.0,0.31690199354631055
-22.966018,83,194.88329,1.0,0.04210727281643481
-45.942077,200,194.992837,0.0,0.20708291579326651
-38.45254,200,195.104818,0.0,0.1938875816802053
-42.543846,200,195.611936,0.0,0.14277793604921896
-10.297593,48,195.65394,1.0,0.04201178600611331
-13.20497,33,195.682451,1.0,0.04220594572245194
-12.707194,69,195.739453,1.0,0.0492206778487978
-7.084498,49,195.776967,1.0,0.04949861256759017
-10.611848,43,195.806968,1.0,0.0499268792786754
-6.246867,33,195.83097,1.0,0.04878157112276591
-37.155521,200,195.973842,0.0,0.1277666215193723
-38.151805,200,196.116361,0.0,0.12792102435237782
-8.278072,29,196.133359,1.0,0.03665075525023938
-0.195161,3,196.136364,1.0,0.019695998790010896
-15.246579,40,196.16087,1.0,0.04845376326384688
-7.796435,23,196.175879,1.0,0.026762555275000145
-16.815407,81,196.227878,1.0,0.04223039227545465
-65.731353,200,196.374943,0.0,0.28529264978823565
-37.313375,200,196.518683,0.0,0.15374059881395916
-10.347384,34,196.544683,1.0,0.04791108606067373
-22.834419,64,196.591208,1.0,0.0474584215646303
-7.156025,20,196.607206,1.0,0.04946959855378733
-43.975713,200,196.731719,0.0,0.25587781289588596
-52.789854,200,196.857144,0.0,0.21558417741130775
-70.890647,200,197.000186,0.0,0.32383928114914934
-29.19907,200,197.646443,0.0,0.1744579168391483
-7.048175,21,197.665958,1.0,0.03551551515024541
-7.94996,31,197.690959,1.0,0.020768512723156777
-9.884819,60,197.728961,1.0,0.048630214734550925
-18.095967,88,197.784508,1.0,0.047402372406110685
-29.372949,200,197.915592,0.0,0.10545238372496427
-3.529112,28,197.93259,1.0,0.04524706871629902
-63.933152,200,198.056123,0.0,0.2864851093937695
-40.972734,200,198.188177,0.0,0.16299084086657797
-62.171452,200,198.333692,0.0,0.21195570678766995
-10.923988,24,198.353698,1.0,0.044586387005964796
-11.976715,21,198.368731,1.0,0.04885125598280013
-6.346193,19,198.381756,1.0,0.043101237691414586
-78.018615,200,198.547964,0.0,0.3278889659491312
-17.65198,66,198.599375,1.0,0.04407452188874959
-5.679509,22,198.617001,1.0,0.0423302264592437
-24.856915,80,198.686108,1.0,0.04446078648237655
-10.141187,54,198.728425,1.0,0.03921259283374089
-22.427915,58,198.77314,1.0,0.04372377240184211
-1.458294,7,198.77814,1.0,0.04850587564280149
-7.553406,54,198.816138,1.0,0.04802577888243617
-11.351494,61,198.85315,1.0,0.04810854661318861
-40.489067,200,199.376287,0.0,0.10940985345194612
-7.586325,50,199.419286,1.0,0.04873883291026137
-37.36767,200,199.580333,0.0,0.16851840244094238
-6.403504,27,199.601331,1.0,0.041122120920923676
-23.080416,131,199.687445,1.0,0.04857910162651366
-38.408795,200,199.824619,0.0,0.13840380880898934
-38.044715,200,199.942132,0.0,0.16736199500468274
-26.941606,195,200.058668,1.0,0.03499589547049467
-4.028851,13,200.06786,1.0,0.04004889365565978
-53.458238,200,200.183258,0.0,0.35196870997903856
-7.903556,48,200.214257,1.0,0.04712443328811602
-37.489647,200,200.337803,0.0,0.2601940254901979
-8.190404,34,200.359806,1.0,0.04322346653985548
-52.112439,200,200.498849,0.0,0.2322959996274772
-54.13568,200,200.681905,0.0,0.2663062807068399
-5.652774,27,200.710387,1.0,0.04546221593870308
-90.649714,200,201.256456,0.0,0.4365681913276522
-9.135788,44,201.291968,1.0,0.03132098830897537
-17.658325,42,201.326968,1.0,0.04610254433714368
-17.11346,46,201.364495,1.0,0.048709311985459976
-9.529833,33,201.387496,1.0,0.035640149931464075
-12.479538,41,201.411496,1.0,0.04742497918007141
-17.417599,24,201.425491,1.0,0.03735839784924787
-8.464807,30,201.443492,1.0,0.04124410990094349
-10.390598,30,201.462502,1.0,0.04705886498222772
-11.213648,31,201.484956,1.0,0.04704914923759802
-15.466435,40,201.519958,1.0,0.04373553092893166
-3.691325,23,201.53896,1.0,0.04092199754219539
-39.850744,200,201.691007,0.0,0.18100949628438037
-7.729087,25,201.707003,1.0,0.04108394501254761
-34.666829,200,201.85453,0.0,0.10345798074900169
-8.502263,41,201.88589,1.0,0.04640712247198215
-0.707741,7,201.891891,1.0,0.023186261731794264
-13.45371,38,201.922892,1.0,0.04811142298920406
-25.317098,141,202.03842,1.0,0.03469516845568448
-12.883715,73,202.095481,1.0,0.04238866429824292
-5.593424,30,202.118479,1.0,0.0454437506677098
-78.891475,200,202.260571,0.0,0.2971340832191082
-38.940071,200,202.402596,0.0,0.12826265786829025
-6.714734,20,202.418597,1.0,0.047097236016952856
-92.666781,200,202.569227,0.0,0.41544778097702506
-4.910402,31,202.591225,1.0,0.041429004391752386
-4.651053,15,202.602228,1.0,0.0474104059895365
-69.098581,200,203.138943,0.0,0.36150762332072534
-10.689195,69,203.207469,1.0,0.0485730535663727
-6.437349,17,203.224468,1.0,0.04116254784356637
-30.862645,200,203.390362,0.0,0.18567537893726327
-53.795195,200,203.528886,0.0,0.32458188656127723
-5.513395,35,203.551892,1.0,0.03607850430418611
-20.676324,47,203.585416,1.0,0.045424461340710244
-0.020171,1,203.586417,1.0,0.020029716483300465
-33.141933,200,203.712933,0.0,0.07711669670688177
-52.119004,200,203.840447,0.0,0.1981637723946702
-23.011121,94,203.902976,1.0,0.046507621542391575
-5.168366,21,203.916964,1.0,0.03430626692069705
-23.007084,49,203.94997,1.0,0.038848687967143435
-17.729179,48,203.983502,1.0,0.042203216193268604
-3.056003,14,203.994499,1.0,0.048180233790808075
-23.286127,49,204.025501,1.0,0.038341566334048005
-54.05257,200,204.14502,0.0,0.15781499335686466
-8.259494,31,204.164531,1.0,0.04951265093874304
-19.280724,47,204.194419,1.0,0.044236294641451714
-3.501373,16,204.205419,1.0,0.0435518821995793
-6.214035,34,204.226418,1.0,0.03649738002313885
-6.95044,35,204.248416,1.0,0.04054929699981163
-56.489521,200,204.365489,0.0,0.1547213334584939
-9.315916,37,204.387487,1.0,0.04521158482334958
-22.03602,49,204.413485,1.0,0.044668944581741005
-69.710997,200,204.96103,0.0,0.3748249050591885
-56.899247,200,205.12107,0.0,0.26154710460516534
-18.404379,61,205.171834,1.0,0.048121823429997
-26.594437,121,205.250272,1.0,0.045007004681511906
-14.019761,28,205.267612,1.0,0.04660784391678027
-17.330476,52,205.301213,1.0,0.04483058075309713
-72.732131,200,205.443341,0.0,0.3584717981887845
-60.60076,200,205.577553,0.0,0.37234982577507225
-16.521667,39,205.602552,1.0,0.036188427511054354
-16.460841,39,205.629553,1.0,0.039827236845648345
-16.56242,27,205.645553,1.0,0.029250869771310615
-55.510083,200,205.760097,0.0,0.166105142013117
-66.677231,200,205.869105,0.0,0.22979631817655355
-59.327103,200,205.977683,0.0,0.29293449625944756
-42.736294,200,206.088191,0.0,0.21316150414763
-53.004854,200,206.546925,0.0,0.2777612402065279
-32.477608,200,206.694957,0.0,0.1340908835169497
-4.920736,21,206.707958,1.0,0.040374532655390524
-11.410336,50,206.740957,1.0,0.04096642409883678
-12.564287,26,206.758967,1.0,0.045371142693751254
-14.664539,90,206.814471,1.0,0.0484830625041055
-13.564789,26,206.831473,1.0,0.03902280070534066
-15.307426,51,206.861786,1.0,0.03627355317146814
-8.886969,70,206.901828,1.0,0.04527634304649731
-11.173534,36,206.921828,1.0,0.04906619566008855
-63.231102,200,207.036356,0.0,0.36598069143523737
-44.036155,200,207.15192,0.0,0.13796470609182543
-22.223733,36,207.173947,1.0,0.047089715277935505
-79.988056,200,207.288447,0.0,0.3333688823216049
-3.663319,13,207.296446,1.0,0.03866116048198998
-41.94164,200,207.412875,0.0,0.14034349333203497
-29.70703,118,207.479744,1.0,0.048135846972602404
-29.619611,186,207.587588,1.0,0.049927538665963056
-6.953456,30,207.605601,1.0,0.03688827291990822
-25.020012,84,207.650584,1.0,0.045147288333202126
-13.613295,54,207.689099,1.0,0.02433263979277422
-40.126316,200,208.267737,0.0,0.17329001756995804
-15.330602,47,208.305504,1.0,0.04929192800812619
-7.059515,51,208.351507,1.0,0.03802371548991758
-47.297224,200,208.495548,0.0,0.13816301819774043
-54.302624,200,208.607061,0.0,0.2009156855092137
-13.337357,25,208.623061,1.0,0.048467641964509
-12.395026,51,208.652064,1.0,0.049706354935341576
-60.426745,200,208.778087,0.0,0.2399167368275842
-82.779038,200,208.910034,0.0,0.4083859614211664
-45.105446,200,209.053429,0.0,0.11040470656296303
-14.06204,28,209.073938,1.0,0.04888902196118546
-50.018548,200,209.19546,0.0,0.23850653252884207
-11.576601,59,209.232458,1.0,0.04696998748757671
-29.520656,106,209.289977,1.0,0.04643763626812177
-63.314837,200,209.400954,0.0,0.25469021795731583
-12.512333,38,209.422941,1.0,0.042686158825786566
-22.814477,45,209.448938,1.0,0.047787706333429276
-8.747754,28,209.465947,1.0,0.0489210127440414
-10.152476,69,209.507376,1.0,0.043697999964995675
-76.938135,200,210.291601,0.0,0.35085248720247547
-15.274605,45,210.328601,1.0,0.04929441553447211
-22.373235,60,210.374116,1.0,0.04466784232325182
-11.612008,40,210.399119,1.0,0.04714487626126586
-6.907789,47,210.430116,1.0,0.041199205649985866
-56.740318,200,210.547628,0.0,0.345806714710221
-51.611377,200,210.677658,0.0,0.281902890681999
-20.564608,74,210.72166,1.0,0.049730315083127655
-19.1496,63,210.75867,1.0,0.048051768049043465
-47.723717,200,210.880741,0.0,0.15560393440363743
-51.908248,200,210.996802,0.0,0.1690983971426442
-73.152406,200,211.118289,0.0,0.36602373327715737
-5.760018,34,211.139294,1.0,0.04979841893208128
-17.580216,55,211.174805,1.0,0.04844400981047076
-20.318467,51,211.203833,1.0,0.04979952429731549
-0.31621,3,211.206805,1.0,0.04332500002778869
-5.893734,16,211.217805,1.0,0.026051506253409323
-9.821259,43,211.244807,1.0,0.03541733641875662
-42.333758,200,211.366332,0.0,0.14535076666273788
-7.942453,23,211.380842,1.0,0.04971953421064487
-13.025656,36,211.402843,1.0,0.03910321964441367
-7.202921,44,211.429841,1.0,0.049336525613186674
-14.868347,55,211.839498,1.0,0.04542756451995574
-74.594756,200,212.008006,0.0,0.3924320269190421
-0.929428,5,212.015296,1.0,0.03646231108477919
-5.825863,31,212.04283,1.0,0.048204138328798045
-13.660998,38,212.070353,1.0,0.04716821026230158
-83.394763,200,212.192108,0.0,0.39972533963651297
-1.583941,7,212.197109,1.0,0.048548864953481936
-18.67041,88,212.25011,1.0,0.0453356444211302
-10.835386,82,212.303649,1.0,0.03587108588954582
-17.110562,64,212.340627,1.0,0.04991151249648151
-18.462047,102,212.40194,1.0,0.048950028076125446
-6.301229,24,212.418938,1.0,0.046223377442514396
-6.372463,34,212.44094,1.0,0.04401516056813526
-12.314024,34,212.46495,1.0,0.040180411621113514
-30.403067,119,212.535461,1.0,0.040769041717745744
-21.651896,124,212.610989,1.0,0.04134315031943934
-8.94189,22,212.625984,1.0,0.04961128168400027
-85.273349,200,212.750505,0.0,0.40498716702142357
-41.170808,200,212.87553,0.0,0.14256835774619492
-17.059752,55,212.907533,1.0,0.0498114243141872
-62.962802,200,213.032694,0.0,0.28205031032416933
-7.75637,36,213.055716,1.0,0.041512274192821365
-0.38741,5,213.059716,1.0,0.04433255605042201
-73.660347,200,213.567299,0.0,0.3783339926645795
-59.115684,200,213.730889,0.0,0.22674855608459996
-11.175316,49,213.766897,1.0,0.03859865212907336
-56.771186,200,213.890918,0.0,0.2555331537964259
-50.501071,200,214.022434,0.0,0.3031533637083494
-54.696612,200,214.151955,0.0,0.2857892832317964
-14.951283,20,214.169547,1.0,0.03638598155003772
-61.958111,200,214.287936,0.0,0.3286255992647563
-37.654634,200,214.413661,0.0,0.18621554503204846
-61.792495,200,214.541995,0.0,0.22613123611894234
-12.229716,39,214.565003,1.0,0.04318996012732488
-7.117129,39,214.588518,1.0,0.04573792650121259
-16.360171,51,214.616518,1.0,0.03754714685172006
-91.142812,200,214.747548,0.0,0.4279341694481608
-1.32017,6,214.752552,1.0,0.04568446211890153
-18.158427,44,214.778034,1.0,0.04404980536602581
-60.647528,200,215.264963,0.0,0.1996425453141637
-15.319167,38,215.293476,1.0,0.04969503422710824
-11.751525,30,215.317473,1.0,0.044119870582730904
-3.542061,22,215.334473,1.0,0.04852537374999582
-11.122444,32,215.362483,1.0,0.03587005730992432
-14.527458,69,215.418998,1.0,0.04588919671565984
-0.811478,8,215.426998,1.0,0.03172891127859478
-10.257815,93,215.484517,1.0,0.04718401342555574
-52.330726,200,215.596709,0.0,0.19755064308798423
-8.625766,26,215.611709,1.0,0.04392886210376617
-8.67884,31,215.628708,1.0,0.027448666854774904
-71.038393,200,215.741292,0.0,0.2901392396178574
-19.331784,45,215.766728,1.0,0.0489914125473469
-14.26779,43,215.792222,1.0,0.04779214591233589
-20.081369,61,215.824219,1.0,0.048892868679916705
-14.219098,27,215.840221,1.0,0.02575131188929541
-4.951523,26,215.856226,1.0,0.04468960549026017
-53.879118,200,215.968741,0.0,0.306582254010005
-47.743618,200,216.077817,0.0,0.22478378660136428
-71.153767,200,216.187266,0.0,0.3329074273319382
-22.584608,60,216.220264,1.0,0.04847133615930566
-16.541924,54,216.250291,1.0,0.04550167078697585
-11.403649,22,216.263268,1.0,0.03740129096430134
-17.213436,40,216.284779,1.0,0.04624356137282964
-68.567933,200,216.402282,0.0,0.29493063661112984
-9.245682,57,216.437662,1.0,0.0444665811770895
-10.507494,19,216.449402,1.0,0.04162839687820789
-9.517562,38,216.819456,1.0,0.046655337195319745
-8.784347,31,216.844454,1.0,0.037105640034310106
-12.870713,37,216.873965,1.0,0.04719869468249192
-64.021923,200,217.029081,0.0,0.36286916587398793
-11.681419,36,217.05308,1.0,0.04737258074408727
-42.08287,200,217.177152,0.0,0.19384084994759943
-34.889215,200,217.2857,0.0,0.2990565168097613
-2.372165,11,217.292704,1.0,0.030073073676661354
-21.819124,66,217.332706,1.0,0.036880791877609204
-11.570255,44,217.35772,1.0,0.04995883496667612
-37.447907,200,217.470703,0.0,0.15253169790342233
-8.422434,34,217.49071,1.0,0.0458089770611792
-70.942958,200,217.600057,0.0,0.27801792099319883
-33.180745,200,217.72615,0.0,0.07116882349932088
-76.004319,200,217.846675,0.0,0.37584897308242154
-0.029538,1,217.847675,1.0,0.029396844807463823
-6.980159,39,217.8742,1.0,0.04493585278873764
-9.539982,32,217.894197,1.0,0.039467021395152214
-78.524465,200,218.003713,0.0,0.3642610143495352
-5.110973,37,218.024715,1.0,0.04852196729795901
-4.157165,31,218.043712,1.0,0.049197117055287364
-14.761034,37,218.427865,1.0,0.041006689612601926
-7.654054,51,218.474379,1.0,0.04800648640706535
-20.50553,73,218.536397,1.0,0.04851150780131192
-3.548394,20,218.554396,1.0,0.04716525666123569
-8.725482,30,218.578917,1.0,0.03904999485492785
-21.78461,54,218.627917,1.0,0.04656192334985937
-70.126683,200,218.767131,0.0,0.31231631517321723
-13.073763,27,218.786237,1.0,0.04895562459303927
-11.830241,40,218.816237,1.0,0.041293355606427884
-13.276955,30,218.839239,1.0,0.04235009426179259
-83.180061,200,218.966768,0.0,0.4399373046843726
-9.84289,26,218.981914,1.0,0.04718769843571054
-5.588959,43,219.006921,1.0,0.03723039031769848
-12.911438,36,219.027924,1.0,0.04651022414162109
-0.039118,1,219.028924,1.0,0.03897664676911038
-41.354921,200,219.139447,0.0,0.24321316304334636
-5.740955,35,219.15845,1.0,0.03941135870481803
-21.426075,49,219.188965,1.0,0.04461438535137303
-39.889788,200,219.385021,0.0,0.2321758804336985
-8.114842,38,219.42002,1.0,0.039761403104647854
-6.06009,49,219.468024,1.0,0.04753090203729416
-15.182683,45,219.508539,1.0,0.04809532885628399
-8.27141,29,219.528538,1.0,0.029894578446364894
-15.426986,34,219.55354,1.0,0.04683998164166313
-13.089864,105,219.621061,1.0,0.04867186248124969
-8.805004,31,219.64006,1.0,0.04689443469116999
-24.306427,78,219.683571,1.0,0.04992201494670316
-10.235303,41,219.707571,1.0,0.0331880961793627
-15.143738,103,219.781094,1.0,0.048294049425993836
-16.703737,24,219.798091,1.0,0.04088097709575395
-23.358379,82,219.858096,1.0,0.047822261142333934
-15.213598,27,219.877483,1.0,0.04034180211676679
-0.139307,2,219.879483,1.0,0.037258237100358214
-14.382605,58,220.35928,1.0,0.047173869671010435
-17.899139,51,220.405802,1.0,0.04725756085048584
-17.957102,26,220.427803,1.0,0.024789966294114688
-30.224313,200,220.580713,0.0,0.17097454983230667
-85.262126,200,220.696228,0.0,0.4094379234523648
-4.494749,29,220.717228,1.0,0.04264674805074453
-4.583833,21,220.732229,1.0,0.02354626671139835
-14.185488,40,220.762241,1.0,0.04349973851960391
-16.90931,66,220.808753,1.0,0.04784391117843256
-13.040904,37,220.837161,1.0,0.04671696556346348
-77.918375,200,220.957664,0.0,0.35405481929289456
-13.988987,41,220.984181,1.0,0.0482435041968487
-5.314842,27,221.003184,1.0,0.040815061870925894
-37.642889,200,221.134504,0.0,0.1566548073878736
-78.577606,200,221.263021,0.0,0.411444533451645
-34.737553,165,221.374853,1.0,0.04629618618983765
-4.209979,18,221.385851,1.0,0.04993160799236795
-13.60981,34,221.407853,1.0,0.04083519084346747
-59.63039,200,221.526365,0.0,0.22571692341298513
-31.801186,200,221.638421,0.0,0.10413433442124793
-0.799096,7,221.643452,1.0,0.03300578716888791
-21.570097,46,221.670431,1.0,0.045943201114557276
-11.299811,32,222.109895,1.0,0.03803154062388409
-6.504168,18,222.123897,1.0,0.04127513674469393
-17.935625,61,222.171901,1.0,0.049370201954355625
-12.280098,49,222.211411,1.0,0.04705180196343925
-17.435389,32,222.238409,1.0,0.0430023491835909
-15.658236,37,222.263416,1.0,0.04810091740374974
-25.474289,125,222.346934,1.0,0.04702659860379857
-9.330839,40,222.36894,1.0,0.04786956052679295
-57.5046,200,222.477925,0.0,0.17727510000639696
-18.193589,65,222.512919,1.0,0.039569575730170885
-11.153043,38,222.538922,1.0,0.044946459017002414
-20.979511,80,222.588442,1.0,0.04755810136879125
-24.919238,160,222.677956,1.0,0.04880166355653694
-13.262586,38,222.704956,1.0,0.04754739016059497
-15.224267,61,222.74096,1.0,0.045704398503040054
-36.210054,200,222.851478,1.0,0.047887468467818814
-34.601191,166,222.947006,1.0,0.04793376636767447
-12.332677,64,222.984521,1.0,0.04859476160053192
-39.082598,200,223.106316,0.0,0.13788374642086904
-9.105647,37,223.128318,1.0,0.04094068700663195
-3.132159,16,223.137318,1.0,0.045450251517110025
-14.887325,54,223.166322,1.0,0.04231226454448172
-13.145984,25,223.181368,1.0,0.032822453300586446
-70.917837,200,223.292612,0.0,0.289756914677174
-19.085966,59,223.325644,1.0,0.04992377181957566
-41.186025,200,223.808565,0.0,0.17377010864096495
-9.564642,79,223.878081,1.0,0.047726422906659904
-7.222325,31,223.905084,1.0,0.04827980385871637
-40.943484,200,224.046987,0.0,0.09280290289024622
-15.813333,22,224.065993,1.0,0.04419264446265257
-23.873682,51,224.10602,1.0,0.04528139893475665
-7.887476,19,224.119023,1.0,0.04167850086211978
-16.161302,40,224.143023,1.0,0.04672581644193241
-12.39806,70,224.182486,1.0,0.04540400687301682
-0.021824,1,224.183486,1.0,0.021682961726751684
-61.952741,200,224.318007,0.0,0.25709314072905315
-73.99318,200,224.469531,0.0,0.3633189626292277
-0.849984,5,224.472529,1.0,0.021184663786224012
-6.767483,36,224.496044,1.0,0.04012151866838704
-58.310025,200,224.614566,0.0,0.2872441571120881
-9.713145,51,224.643155,1.0,0.04840120998912308
-76.931253,200,224.765555,0.0,0.43174941958885943
-64.999416,200,224.892604,0.0,0.32908260845567994
-13.291126,42,224.920601,1.0,0.034318753116358645
-43.259438,200,225.073037,0.0,0.1791734691189927
-8.371126,60,225.522029,1.0,0.042965975641350525
-65.113918,200,225.700069,0.0,0.2558285928750699
-5.706439,32,225.728068,1.0,0.04506113739733248
-8.45464,42,225.763076,1.0,0.04606070595318834
-58.889998,200,225.915642,0.0,0.22296558581917755
-39.199682,200,226.059518,0.0,0.2174134386890755
-15.604349,32,226.078682,1.0,0.030391611959949064
-4.444327,18,226.089684,1.0,0.045916388828300125
-29.308639,81,226.136684,1.0,0.04001826989300167
-21.644743,28,226.154683,1.0,0.02428233651247696
-29.698779,200,226.27871,0.0,0.08455300558984616
-48.715048,200,226.403228,0.0,0.1778204027478604
-15.137321,60,226.439223,1.0,0.03574520318447246
-15.767558,47,226.467228,1.0,0.04331796892166516
-4.254246,24,226.481739,1.0,0.03698500567572708
-59.161227,200,226.597253,0.0,0.3103698725117634
-49.038477,200,226.708714,0.0,0.19742952137022568
-17.380122,56,226.741711,1.0,0.04500343709369431
-11.103756,35,226.765721,1.0,0.03683455070881642
-12.076323,50,226.797851,1.0,0.025788722170162866
-91.830312,200,227.305042,0.0,0.4840861296278005
-7.732878,31,227.331041,1.0,0.04860395466132549
-34.135497,200,227.469145,0.0,0.16681089078135944
-20.133976,45,227.498667,1.0,0.04679308621317901
-9.305121,35,227.519908,1.0,0.04797259410850901
-9.873627,46,227.547698,1.0,0.04430606452864641
-70.600887,200,227.668814,0.0,0.3739622455184257
-25.601327,132,227.751345,1.0,0.043751986528774496
-8.662991,37,227.772357,1.0,0.04855692683451435
-14.278733,33,227.790885,1.0,0.047562145602258986
-22.557708,70,227.836852,1.0,0.048278587138622715
-18.739395,31,227.856851,1.0,0.03804043940759667
-15.139783,122,227.941373,1.0,0.041050610843579756
-5.935381,38,227.96838,1.0,0.0460645484968764
-8.180379,28,227.986897,1.0,0.046042660920457966
-11.677563,79,228.046896,1.0,0.046262812910423966
-9.039253,59,228.087286,1.0,0.04894254797389348
-1.075119,9,228.095285,1.0,0.03522112404848333
-91.453352,200,228.2168,0.0,0.4677696285073973
-23.973086,128,228.286318,1.0,0.04990354481236209
-13.85839,32,228.305317,1.0,0.033065698308242554
-8.219593,34,228.324319,1.0,0.04892341518942176
-15.92086,41,228.347346,1.0,0.03925909858613067
-55.493409,200,228.454878,0.0,0.31618350676161383
-52.930301,200,228.983099,0.0,0.20918987913859838
-42.501488,200,229.138532,0.0,0.15054366004690356
-44.040024,200,229.272585,0.0,0.1894553446870541
-18.146346,94,229.333706,1.0,0.047299637545561005
-67.859005,200,229.449228,0.0,0.3119530367337401
-8.876509,52,229.478755,1.0,0.048129501023186826
-66.167621,200,229.596268,0.0,0.2819837823289745
-9.112515,32,229.616268,1.0,0.04982300637841444
-34.633495,200,229.735238,0.0,0.10578257459497095
-1.472538,8,229.740237,1.0,0.0452797216928389
-32.820279,164,229.833986,1.0,0.04572274226819356
-8.578293,34,229.852983,1.0,0.04329056385893526
-10.563756,63,229.889171,1.0,0.04948391827378604
-6.155502,30,229.907171,1.0,0.042034355041897904
-6.955849,18,229.919183,1.0,0.037442924804367575
-65.867564,200,230.03369,0.0,0.39042412103689833
-56.322836,200,230.144045,0.0,0.33650248520965537
-40.154703,200,230.610597,0.0,0.2325343818487666
-12.747397,66,230.659595,1.0,0.048245621823369715
-0.043583,1,230.661597,1.0,0.04344171138708796
-12.240294,34,230.689115,1.0,0.03415364399699871
-5.148078,28,230.712114,1.0,0.04901549447496395
-5.693363,14,230.722114,1.0,0.046889720824047874
-58.630024,200,230.842635,0.0,0.26296012371269495
-3.194804,16,230.855635,1.0,0.042043342331598586
-0.041199,1,230.856633,1.0,0.041058655625313356
-48.386547,200,231.033228,0.0,0.11158950788445383
-9.851647,40,231.071939,1.0,0.04554567751209677
-18.612822,34,231.102211,1.0,0.045647053135666985
-47.666391,200,231.285262,0.0,0.18311114964750927
-4.587492,18,231.300261,1.0,0.043206413646743706
-24.26201,116,231.378784,1.0,0.04841516809081643
-10.85384,41,231.41078,1.0,0.04852924021719146
-15.338459,26,231.426782,1.0,0.04505654769583643
-9.194807,38,231.455645,1.0,0.04200442298134961
-8.507101,45,231.485165,1.0,0.042954755221857176
-8.711935,32,231.506168,1.0,0.04080670053274646
-38.497356,200,231.637681,0.0,0.11160378657643126
-39.089531,200,231.765202,0.0,0.21309256351380734
-15.002364,39,231.789715,1.0,0.047776358048063294
-5.11019,16,231.801716,1.0,0.01735014470147965
-17.891511,44,231.829716,1.0,0.039670037862365636
-12.833906,86,231.879228,1.0,0.0389285009735353
-19.83422,91,231.955167,1.0,0.04333523271988378
-7.596969,56,231.996378,1.0,0.045739783690897304
-12.564867,35,232.018373,1.0,0.04866707076178189
-19.611452,51,232.419625,1.0,0.04949263764543396
-4.043031,15,232.433622,1.0,0.04490515300008784
-89.98427,200,232.584655,0.0,0.41541652494799863
-16.400372,46,232.619655,1.0,0.04469065321857372
-11.653355,49,232.648655,1.0,0.03345528124780834
-16.34474,68,232.688182,1.0,0.04546198038671996
-3.759919,25,232.703186,1.0,0.036661301631772045
-20.064299,34,232.726176,1.0,0.04604168522885814
-0.499142,4,232.729185,1.0,0.030629031791599585
-8.653028,47,232.756186,1.0,0.040307484380700094
-3.436946,14,232.765202,1.0,0.04510524015631799
-31.602336,200,232.897217,0.0,0.23876120667630293
-18.619301,68,232.939215,1.0,0.042216375266337106
-83.520092,200,233.055729,0.0,0.3667860695195711
-32.092712,200,233.194885,0.0,0.1611452226949901
-38.903296,200,233.451495,0.0,0.22801835190853337
-6.071509,24,233.471501,1.0,0.04517369034043137
-8.168865,23,233.497022,1.0,0.032335581845301754
-11.76174,39,233.529019,1.0,0.049871003124143866
-17.242014,82,233.58254,1.0,0.03406845196839147
-61.255352,200,233.700057,0.0,0.30536955837147295
-86.019283,200,233.817713,0.0,0.44740473561882654
-14.204709,40,233.849713,1.0,0.04434626644253679
-20.632026,101,234.337341,1.0,0.04420375948037703
-19.414735,44,234.373346,1.0,0.04903960894679381
-8.301306,20,234.38786,1.0,0.031543753268361896
-19.217199,55,234.433863,1.0,0.04731266273018913
-11.74022,39,234.466866,1.0,0.043761733135191765
-10.590612,62,234.509381,1.0,0.04884946027770932
-7.134545,31,234.531381,1.0,0.04309129052553559
-51.400625,200,234.667126,0.0,0.23710961869404032
-15.572,52,234.706643,1.0,0.048066054658118265
-5.931629,22,234.723646,1.0,0.04679087489778616
-1.980868,12,234.732641,1.0,0.043250819978689084
-39.829697,200,234.882681,0.0,0.12168587994990333
-47.314779,200,235.022214,0.0,0.21875639785007564
-27.543219,61,235.058205,1.0,0.030125489009667307
-18.724862,43,235.082724,1.0,0.04975448947407793
-8.799405,22,235.095727,1.0,0.04700178527301762
-70.56811,200,235.206678,0.0,0.34267326491785294
-9.117492,34,235.226678,1.0,0.02979432525304632
-9.896443,35,235.247679,1.0,0.04587830892005854
-8.270059,23,235.262679,1.0,0.03537492252242705
-7.566485,31,235.282213,1.0,0.0478544199571019
-10.642879,33,235.303214,1.0,0.03153099932298558
-21.478571,35,235.32421,1.0,0.04064685074449131
-40.763534,200,235.436757,0.0,0.2527909161002767
-53.818996,200,235.547617,0.0,0.20126982236896085
-58.919324,200,236.064733,0.0,0.18706220898500917
-12.81835,75,236.125248,1.0,0.040090629421950956
-63.426763,200,236.259759,0.0,0.28868062357969226
-46.716955,200,236.400542,0.0,0.34534145807780725
-78.550807,200,236.530747,0.0,0.365894819766757
-12.035825,39,236.555744,1.0,0.04512121686913326
-5.0691,17,236.567752,1.0,0.04469752282725927
-20.312023,68,236.612262,1.0,0.046184932028367334
-9.092803,18,236.625262,1.0,0.03144660850232397
-5.272005,40,236.654263,1.0,0.046212741693411
-14.847906,116,236.734782,1.0,0.04990082483071463
-18.157895,43,236.76379,1.0,0.045056038391006616
-16.410937,45,236.795306,1.0,0.045453700496972047
-14.448912,61,236.834304,1.0,0.04892994624323829
-11.470277,39,236.857305,1.0,0.044899302155200015
-17.575437,49,236.884826,1.0,0.046372321670202464
-64.759447,200,237.004061,0.0,0.24066830188725938
-39.946803,200,237.113584,0.0,0.1380380858848701
-4.547725,16,237.123581,1.0,0.04177105612192675
-3.239916,12,237.130581,1.0,0.014528464025283669
-47.905292,200,237.247701,0.0,0.1255254700677932
-11.727584,21,237.259701,1.0,0.040129596021072404
-22.945768,114,237.67478,1.0,0.048531438266481326
-7.24673,37,237.708294,1.0,0.03979402133964916
-17.795018,45,237.753295,1.0,0.04638094830444192
-5.467351,49,237.80182,1.0,0.04357244932349468
-20.613788,129,237.928756,1.0,0.0487610889668591
-37.671264,200,238.088804,0.0,0.1991592769380483
-63.354001,200,238.215324,0.0,0.2717943654453081
-13.993637,58,238.252322,1.0,0.043979969247768744
-21.446996,70,238.293839,1.0,0.03746289201682384
-15.950735,35,238.312839,1.0,0.04885156980804072
-10.1615,33,238.330837,1.0,0.04716250833352215
-20.203175,43,238.356842,1.0,0.043117423792246
-10.973558,43,238.381368,1.0,0.04806097903136621
-7.071208,19,238.393368,1.0,0.02575909948557812
-38.58555,200,238.504888,0.0,0.15942713529901525
-25.1264,137,238.595396,1.0,0.04387567855261971
-17.597027,58,238.629268,1.0,0.04389934420595647
-27.173853,103,238.687436,1.0,0.04973294981919704
-13.848311,22,238.700436,1.0,0.031483243151702166
-15.169119,38,238.723436,1.0,0.04910714508653272
-9.194395,37,238.746099,1.0,0.037199414537199
-18.979618,95,238.809614,1.0,0.048568560433939464
-15.942354,128,238.904766,1.0,0.04202226639713674
-56.190124,200,239.038284,0.0,0.23905853570269153
-18.78879,49,239.071289,1.0,0.04842701286347155
-6.656755,45,239.462194,1.0,0.0385302471502916
-7.704363,25,239.482714,1.0,0.044271880940797544
-60.568716,200,239.637999,0.0,0.2972094236131205
-32.979935,200,239.753514,0.0,0.11438177189627635
-5.902893,36,239.780029,1.0,0.047914619890596505
-37.638873,200,239.932554,0.0,0.10877547637921738
-10.001257,23,239.950553,1.0,0.03470001808179833
-35.025893,200,240.090591,0.0,0.1692381146280605
-76.763504,200,240.232659,0.0,0.40458321973180505
-14.957429,56,240.269661,1.0,0.04166522515156328
-23.393222,200,240.395653,0.0,0.09952188979877147
-14.360045,63,240.434649,1.0,0.049537159957394036
-39.386744,200,240.553183,0.0,0.11883054851338458
-8.412799,37,240.574167,1.0,0.04843986019854435
-3.193326,16,240.58468,1.0,0.04172091616957381
-40.700946,200,240.714733,0.0,0.1460801956550066
-9.193883,34,240.74373,1.0,0.04678199590542182
-36.618472,200,241.362803,0.0,0.23726330583550626
-10.958727,54,241.404319,1.0,0.03333915382365276
-7.217637,31,241.431322,1.0,0.029991976325161512
-21.158738,45,241.469328,1.0,0.032061469015342216
-51.813222,200,241.58736,0.0,0.14608265543707896
-10.299275,77,241.628356,1.0,0.037937252212861046
-5.287806,33,241.650788,1.0,0.04374025978480041
-17.778547,40,241.676804,1.0,0.04823548589538018
-8.873214,58,241.71933,1.0,0.04786969451259131
-80.570307,200,241.850842,0.0,0.42590045015644473
-9.334233,36,241.876863,1.0,0.04838486189952588
-14.043253,32,241.901382,1.0,0.029616052484329077
-44.240869,200,242.056442,0.0,0.16265146211192563
-53.536907,200,242.173964,0.0,0.18512862583052372
-14.70729,60,242.206475,1.0,0.040732980035217595
-14.659349,47,242.232477,1.0,0.04913363490770874
-6.259567,21,242.244477,1.0,0.045739304766829705
-60.697492,200,242.360747,0.0,0.25279553488112516
-3.181826,18,242.373759,1.0,0.0397002705429209
-40.851614,200,242.482794,0.0,0.14040879669532155
-17.446012,67,242.522797,1.0,0.049994636109995154
-14.71829,64,242.558797,1.0,0.04896239216582726
-14.577628,67,242.598329,1.0,0.04898629482621709
-7.279186,36,243.032059,1.0,0.049095828706696966
-14.314734,35,243.067162,1.0,0.03540078392734602
-81.143317,200,243.251346,0.0,0.42094729448970575
-4.913332,23,243.270353,1.0,0.03382836118309511
-10.84228,36,243.297866,1.0,0.035818677045797824
-7.022817,22,243.315865,1.0,0.04725297198086201
-4.169616,26,243.336865,1.0,0.04644573135449143
-35.027009,200,243.464389,0.0,0.07521892947362602
-38.093366,200,243.588423,0.0,0.15384106354962762
-9.840664,40,243.610427,1.0,0.03607901813169908
-64.443427,200,243.727733,0.0,0.29266426548711005
-19.096362,113,243.790252,1.0,0.041416386487905646
-14.662898,38,243.812254,1.0,0.03753759348650238
-53.668708,200,243.922787,0.0,0.2804548169174394
-14.178815,63,243.957786,1.0,0.0424162484805104
-4.643524,17,243.967795,1.0,0.03885463283944111
-5.737753,43,243.993314,1.0,0.04344187207257176
-11.811406,27,244.010314,1.0,0.04891117506510904
-45.572991,200,244.124842,0.0,0.13538864052702582
-6.744718,27,244.140842,1.0,0.03927277991522687
-49.879904,200,244.252329,0.0,0.15003487476491154
-35.430404,200,244.794434,0.0,0.13896415420723282
-61.030071,200,244.967957,0.0,0.28204571735153733
-20.112783,41,244.993469,1.0,0.04649787133572658
-17.896215,34,245.012468,1.0,0.04123672812319433
-14.413456,37,245.034468,1.0,0.041480193193234184
-59.258472,200,245.160993,0.0,0.2768976187731369
-12.281507,34,245.186044,1.0,0.04193923280663405
-11.630979,34,245.21304,1.0,0.046933129300987815
-34.66463,200,245.356355,0.0,0.06527447765393227
-7.065061,41,245.382442,1.0,0.040001671576835825
-13.635871,41,245.410449,1.0,0.04610288093556043
-60.807052,200,245.526556,0.0,0.24330823194975224
-7.334371,45,245.554559,1.0,0.042973679381484664
-8.298138,23,245.568572,1.0,0.04002183801274375
-5.965491,40,245.593083,1.0,0.04263565062065659
-18.027034,86,245.641083,1.0,0.04891111312879708
-16.640191,38,245.665081,1.0,0.04062202462420629
-3.119839,28,245.681099,1.0,0.039161757701856384
-10.357497,26,245.696609,1.0,0.0498064066087541
-36.725564,200,245.817179,0.0,0.1460378759356217
-0.036178,1,245.819182,1.0,0.03603609867249964
-6.623883,18,245.829182,1.0,0.04103034976034447
-34.082255,200,245.948693,0.0,0.20139535128909106
-7.149089,26,245.964692,1.0,0.04142523592225454
-12.419522,43,245.989233,1.0,0.041893095447104504
-38.292791,200,246.520258,0.0,0.11349190741869769
-6.712327,22,246.541259,1.0,0.03698951493290138
-14.010829,81,246.60978,1.0,0.047734206034218865
-5.214059,25,246.62978,1.0,0.03643511052309437
-18.994283,46,246.663782,1.0,0.03471501139978132
-50.38929,200,246.781303,0.0,0.1939316998568019
-12.167156,67,246.825822,1.0,0.0436585444044888
-17.926074,68,246.86883,1.0,0.04250918703773358
-14.139922,38,246.894347,1.0,0.03834796447651789
-32.007232,200,247.020859,0.0,0.10041914766176499
-11.029121,20,247.03286,1.0,0.04657477372196121
-6.232638,25,247.047862,1.0,0.04775120184244946
-2.319566,22,247.061862,1.0,0.04072944042344067
-70.50153,200,247.173192,0.0,0.31038348234991175
-23.17351,143,247.284746,1.0,0.035943832990829795
-24.797822,183,247.448272,1.0,0.04273696995318439
-26.736993,142,247.56471,1.0,0.04831925374633505
-11.086855,33,247.586819,1.0,0.04272391181060564
-72.219594,200,247.730587,0.0,0.3029044875888782
-8.078028,25,247.752587,1.0,0.04673348537141738
-11.579937,97,247.817819,1.0,0.04652576739621272
-11.667181,26,247.832819,1.0,0.04840471441928324
-7.349072,25,247.847817,1.0,0.03923249454978074
