#{"t_start": 1783533857.2845893, "env_id": null}
r,l,t,is_success,final_distance,tau_sum_total,episode_energy,episode_mean_tau_sum
-101.168296,200,1.39217,0.0,0.4296386633108572,3341.057618856663,20.471151858418686,16.705288094283315
-85.111313,200,1.533989,0.0,0.4270404675429837,3246.7422982473513,19.55391776380606,16.233711491236757
-119.916379,200,1.692046,0.0,0.5764108187479029,3530.4401854375615,20.422913209174137,17.652200927187806
-117.807422,200,1.85258,0.0,0.5880288987520448,3315.563575612509,18.84875064844603,16.577817878062543
-45.26286,200,2.002633,0.0,0.2724509790846617,3491.8096587475297,20.320428121910194,17.45904829373765
-58.968015,200,2.141153,0.0,0.26656494713098083,3601.894205280245,20.28380509577597,18.009471026401226
-135.084273,200,2.295001,0.0,0.6389728797077256,3388.614031073532,18.83273091385562,16.94307015536766
-189.540155,200,2.427525,0.0,0.9222716327251809,3420.576698478946,19.707370039090407,17.10288349239473
-189.017632,200,2.574063,0.0,0.952846302301833,3667.6746368120903,20.613579642541364,18.33837318406045
-73.936182,200,2.711897,0.0,0.31229470231041434,3521.987673253338,20.16473148455808,17.60993836626669
-64.625007,200,3.231992,0.0,0.3504166647911131,3518.471160217469,20.678849407101776,17.592355801087344
-84.687111,200,3.377558,0.0,0.3458710255359679,3631.4509303168466,20.199059206320285,18.157254651584232
-106.013377,200,3.509614,0.0,0.3761347484889245,3101.9054802715796,18.990744332488717,15.509527401357898
-126.341257,200,3.641129,0.0,0.6106982223527879,3476.3911499176043,19.686846099966758,17.38195574958802
-157.073443,200,3.772625,0.0,0.7156274185971389,3413.0991768141907,20.32618254618919,17.065495884070955
-111.630737,200,3.905657,0.0,0.6001699310640213,3514.333554666679,19.946844200642317,17.571667773333395
-46.28972,200,4.041178,0.0,0.20138069741293171,3226.5928659936462,18.828440241016068,16.13296432996823
-170.192302,200,4.171707,0.0,0.8331020278297253,3432.8771424280453,19.33147817179573,17.164385712140227
-171.20578,200,4.301759,0.0,0.8565369958310203,3478.4455127135298,20.047295759540113,17.392227563567648
-41.148833,200,4.433312,0.0,0.18105360209404675,3400.4252115136055,19.967798058895205,17.002126057568027
-164.687284,200,4.910711,0.0,0.7277733383232594,3261.1079250503262,19.910933030597747,16.30553962525163
-113.135884,200,5.06426,0.0,0.5638152371909275,3680.461426203274,21.162362394417457,18.40230713101637
-157.909152,200,5.197501,0.0,0.7840273359139555,3227.4113290223872,19.135597825766105,16.137056645111937
-147.752047,200,5.329021,0.0,0.8895873619469825,3347.368737070549,20.240024283319087,16.736843685352746
-105.648019,200,5.459541,0.0,0.6722029744315469,3293.0727859504427,19.453281865947947,16.465363929752215
-159.998212,200,5.595584,0.0,0.7998825677346618,3214.719205156572,18.970240891385746,16.073596025782862
-81.60872,200,5.727849,0.0,0.5324912865761755,3355.6694338060984,19.127456065288126,16.778347169030493
-196.136254,200,5.85933,0.0,1.0372998394352666,3354.9729027046756,20.040188434243934,16.77486451352338
-48.341917,200,5.993368,0.0,0.2528196501551805,3371.0786823694925,19.569701197047248,16.855393411847462
-136.442391,200,6.125894,0.0,0.7038450428477433,3123.8909521186724,18.863351898726023,15.619454760593362
-57.352891,200,6.585888,0.0,0.3578369791120578,3276.0673983899783,19.62692865166915,16.380336991949893
-144.057776,200,6.742409,0.0,0.8360217767586392,3410.4831881829696,19.68060160466433,17.052415940914848
-140.487728,200,6.878926,0.0,0.9521352394186999,3383.811110366773,19.313684280338922,16.919055551833864
-120.405925,200,7.014939,0.0,0.583550616818831,3679.735717836401,20.545727977727513,18.398678589182005
-107.151913,200,7.146461,0.0,0.46990282414625667,3108.8462104721007,18.52152168717021,15.544231052360503
-80.046967,200,7.281698,0.0,0.5239786057181309,3530.966174733808,20.95747930913557,17.65483087366904
-138.133769,200,7.420362,0.0,0.6887193179583141,3209.1211670590533,18.261734583624918,16.045605835295266
-171.453793,200,7.556881,0.0,0.8317434890836947,3396.075971059651,19.692542284576493,16.980379855298253
-94.601569,200,7.687949,0.0,0.45485755048464405,3119.3155449706856,17.850702141110972,15.596577724853427
-202.389286,200,7.822467,0.0,0.9740230248641156,3418.1388251927656,19.23817351227018,17.09069412596383
-42.094104,200,8.3061,0.0,0.17219068691443518,3483.659352933817,20.61756848994625,17.418296764669083
-111.438535,200,8.457605,0.0,0.500660254742878,3482.040976392831,19.57324815004081,17.410204881964155
-137.729935,200,8.60146,0.0,0.6581126997858073,3435.7601566694457,20.71227249621129,17.178800783347228
-134.665965,200,8.739979,0.0,0.6965603011755568,3285.717724773177,18.701769745334115,16.428588623865885
-62.233639,200,8.875503,0.0,0.2656685027513863,3380.468473803025,19.899145956044098,16.902342369015127
-38.213229,200,9.016551,0.0,0.22294195624099206,3369.053318111348,19.512075420339027,16.84526659055674
-88.945584,200,9.170513,0.0,0.3513390413923626,3337.6470734171057,19.483286980832144,16.68823536708553
-138.390292,200,9.364481,0.0,0.679009822201317,3297.621583161637,19.05761290988387,16.488107915808186
-107.368867,200,9.558053,0.0,0.6483745277294395,3301.560569212857,19.726696498855787,16.507802846064283
-108.724764,200,9.731435,0.0,0.5191741479534684,3237.564151837609,19.363405975678898,16.187820759188046
-80.053564,200,9.895494,0.0,0.31151346868035384,3182.713662069397,19.14483862706996,15.913568310346983
-95.819297,200,10.617165,0.0,0.43655140813353965,3249.3216473715715,19.457938924539896,16.246608236857856
-136.012333,200,10.777474,0.0,0.6584996742482333,3180.7480646566387,19.17352620730857,15.903740323283193
-181.268308,200,10.934069,0.0,0.9009000072915296,3606.820204428721,20.277665634073784,18.034101022143606
-116.935714,200,11.077616,0.0,0.5748960963611,3348.1624442987786,19.174137519613783,16.740812221493893
-172.347169,200,11.224456,0.0,0.8629799879325935,3061.58135158495,18.195535812158028,15.30790675792475
-108.131047,200,11.366975,0.0,0.5306746855342898,3152.549398455304,19.22940033452306,15.76274699227652
-130.176208,200,11.508016,0.0,0.6334606382375179,3427.9854526984536,20.369772950290645,17.139927263492268
-185.67346,200,11.654737,0.0,0.926853980349309,3350.536197764742,19.09452759688666,16.752680988823712
-138.459444,200,11.799977,0.0,0.6739472978191784,3439.1395780999355,20.144753258332635,17.195697890499677
-116.800285,200,11.936552,0.0,0.5205338467890948,3270.698349676351,20.066143246445915,16.353491748381757
-135.288861,200,12.517664,0.0,0.575076469171386,3283.8617862798815,18.713418868685416,16.419308931399407
-91.879097,200,12.671179,0.0,0.31550510343675736,3397.8711311985608,19.87984101627457,16.989355655992803
-158.753382,200,12.812224,0.0,0.7921258459355202,3446.7572437938647,19.994699256903647,17.233786218969325
-74.727473,200,12.949754,0.0,0.35002271002900653,3494.4672669723236,20.149569059860895,17.47233633486162
-72.51822,200,13.086279,0.0,0.39126376613153807,3370.0920369082055,19.701938972799102,16.850460184541028
-83.649308,200,13.224322,0.0,0.38969467398822943,3370.165088557689,19.71673436650087,16.850825442788445
-78.818561,200,13.355337,0.0,0.4123977279945441,3249.199673814086,19.161847844829417,16.24599836907043
-146.412,200,13.480864,0.0,0.7067710337821536,3207.622779587318,18.32939951877256,16.03811389793659
-40.497315,200,13.609898,0.0,0.22295303214620518,3495.238069476968,19.983595734928556,17.47619034738484
-132.501116,200,13.745414,0.0,0.6365226733406757,3332.3185174841956,19.27526767111611,16.661592587420976
-174.146373,200,14.220973,0.0,0.8455579644298673,3516.5126382169537,20.061473768792343,17.58256319108477
-100.940768,200,14.375487,0.0,0.3401138209485902,3289.4674166687587,18.852777617490208,16.447337083343793
-71.144874,200,14.509526,0.0,0.32068303127272474,3488.9869393068593,20.740614460197744,17.444934696534297
-98.253143,200,14.643054,0.0,0.4287623573315623,3215.5481699758284,19.139503287984578,16.07774084987914
-56.251921,200,14.773579,0.0,0.23535244039319975,3271.460243910167,19.278252994608014,16.357301219550834
-107.795413,200,14.909145,0.0,0.546815030734052,3291.39257776811,19.25334167403373,16.45696288884055
-122.027243,200,15.038684,0.0,0.5913647047332128,3295.6978876082,19.455336170816654,16.478489438041
-128.04529,200,15.168216,0.0,0.5373399032649983,3541.252001422587,20.277152575496967,17.706260007112935
-144.348899,200,15.30226,0.0,0.6131533516905735,3690.7481879365546,20.531561883257165,18.453740939682774
-46.061984,200,15.434291,0.0,0.18914966151728455,3601.400622008715,20.988671802312332,18.007003110043573
-83.352243,200,15.884546,0.0,0.3308779926289427,3342.016321696383,19.067675589285766,16.710081608481914
-93.418113,200,16.056762,0.0,0.44728137124381045,3476.9474302496083,20.450301104686993,17.384737151248043
-25.03283,167,16.172805,1.0,0.04889843873960643,2750.6414270503737,16.41999411854185,16.470906748804634
-198.994299,200,16.30785,0.0,0.9259432753459185,3135.5285928865283,19.190129035521505,15.677642964432641
-106.625546,200,16.44737,0.0,0.5316189855345225,3276.7497877527803,19.04059821304046,16.3837489387639
-169.840734,200,16.583912,0.0,0.8593286018544342,3351.8651189032294,19.471881435896776,16.759325594516145
-107.415251,200,16.718329,0.0,0.5526003826175478,3580.94691333536,20.590350880614128,17.9047345666768
-109.071918,200,16.847225,0.0,0.5012167272099524,3358.522683633062,19.2416402952431,16.79261341816531
-114.862992,200,16.981753,0.0,0.5897729446028132,3371.73127370196,19.45297378791136,16.858656368509802
-60.01322,200,17.117738,0.0,0.26968861929662186,3300.250287875564,19.039993106628806,16.50125143937782
-65.59991,200,17.253269,0.0,0.3572637161547921,3289.263514315028,18.806061588202045,16.44631757157514
-37.397817,200,17.71185,0.0,0.15212483250778053,3346.4798683160034,20.092329284596765,16.732399341580017
-89.717541,200,17.86236,0.0,0.42786821314715384,3267.732572892978,19.61664759910486,16.33866286446489
-74.804185,200,17.995417,0.0,0.29139720837551997,3392.127892617853,18.57676439626161,16.960639463089265
-110.16824,200,18.128196,0.0,0.5312976923821459,3369.0612298203587,19.34965798035413,16.845306149101795
-150.242551,200,18.261566,0.0,0.568508073936866,3309.5851914032196,20.070679732326333,16.547925957016098
-95.157426,200,18.397222,0.0,0.46202426823908577,3333.6759377901285,18.92078021947572,16.668379688950644
-122.793009,200,18.53475,0.0,0.5470064103103879,3261.1976708090474,18.888873849296758,16.305988354045237
-46.089383,200,18.67028,0.0,0.24765303386486495,3474.4379544221397,20.143235830097986,17.372189772110698
-168.170087,200,18.799331,0.0,0.818904889405171,3399.6439888148457,20.469733498188067,16.99821994407423
-65.732942,200,18.928856,0.0,0.2708737017577095,3218.4149839816328,18.441524785757185,16.092074919908164
-109.216193,200,19.411446,0.0,0.5082471251105136,3224.3557530522858,19.410491350942063,16.12177876526143
-112.33127,200,19.563208,0.0,0.5076682702517314,3203.7068995164177,19.08218770203792,16.01853449758209
-104.697338,200,19.701241,0.0,0.5671519389448296,3220.1043065567414,18.407310065968186,16.100521532783706
-69.949998,200,19.831797,0.0,0.3290000324115387,3498.898317620065,20.52646899950071,17.494491588100324
-116.668663,200,19.964308,0.0,0.4180322138490012,3656.0376227300776,20.834925472841174,18.28018811365039
-106.876533,200,20.10036,0.0,0.5404495782989251,3464.6779742260046,20.15138671616594,17.323389871130022
-125.557886,200,20.235981,0.0,0.5121984373004684,3404.3856553046007,19.733553607487806,17.021928276523003
-81.665091,200,20.375286,0.0,0.47715833357978277,3395.137755549119,20.120516148701725,16.975688777745596
-172.906948,200,20.51088,0.0,0.839068924326965,3371.133714935867,18.928215567678787,16.855668574679335
-132.700838,200,20.648015,0.0,0.5211856664762968,3143.102352562799,18.10505527499861,15.715511762813994
-155.863123,200,21.128138,0.0,0.73153332560036,3571.7010247372577,21.09233952545878,17.85850512368629
-166.933067,200,21.283665,0.0,0.7521770095811651,3207.8262904922344,19.344849871586895,16.039131452461174
-60.877816,200,21.427728,0.0,0.14563128849057938,3418.6849656157124,19.624217862902988,17.09342482807856
-125.308757,200,21.554245,0.0,0.5978166418259107,3226.721933701184,19.15058162545326,16.13360966850592
-144.898524,200,21.688817,0.0,0.6341666557291182,3084.2492050699657,18.601803234336078,15.421246025349829
-137.803133,200,21.82287,0.0,0.6861594874734648,3354.8619202928553,19.06140593365359,16.774309601464278
-162.697137,200,21.950411,0.0,0.7475031548505494,3226.4186868434895,19.818936702197604,16.13209343421745
-160.439305,200,22.081942,0.0,0.7318299939359076,3236.7721351803907,19.686147645819165,16.183860675901954
-161.987084,200,22.214952,0.0,0.7888969442566879,3144.7481281653836,18.890921289125433,15.723740640826918
-42.818763,200,22.344474,0.0,0.2521078054327223,3600.861763017183,20.8013783936995,18.004308815085913
-73.097479,200,22.475024,0.0,0.31566806793694513,3233.2720447919205,19.348820604204477,16.166360223959604
-147.199654,200,22.964386,0.0,0.7243980420437317,3645.7373530982372,21.069218502627233,18.228686765491187
-167.881762,200,23.109417,0.0,0.6941832846059945,3587.9986459271563,20.737219916646634,17.939993229635782
-101.591754,200,23.242945,0.0,0.38085883955117994,3261.953202831127,19.218267091059044,16.309766014155635
-129.742033,200,23.380385,0.0,0.5090653811920669,3188.18932405565,18.66039258157005,15.94094662027825
-70.967031,200,23.517435,0.0,0.3245018485045978,3534.4675611525677,18.920716716262746,17.672337805762837
-159.82771,200,23.646822,0.0,0.7392229151977773,3388.5320638989447,19.64393126547407,16.942660319494724
-119.486377,200,23.781406,0.0,0.45832823223383434,3348.3481656102203,19.565078546208206,16.741740828051103
-178.021101,200,23.919486,0.0,0.850152913188877,3429.060137755433,19.33926471555934,17.145300688777166
-125.925227,200,24.054005,0.0,0.6270191818459077,3233.7540113330665,19.149797889714442,16.168770056665334
-154.198571,200,24.189551,0.0,0.7722097378689695,3117.1502079068678,19.580380473336554,15.585751039534339
-116.388997,200,24.682173,0.0,0.45571646321358694,3367.388306015376,19.607726105475287,16.83694153007688
-113.988408,200,24.833996,0.0,0.43619549269688757,3300.3058745357343,19.4106419433498,16.50152937267867
-165.996218,200,24.977734,0.0,0.763201528638616,3491.2228053689214,20.094969059233815,17.456114026844606
-76.088058,200,25.118806,0.0,0.41237035645060754,3336.8887836922067,19.229205621030797,16.684443918461035
-143.520149,200,25.255326,0.0,0.685647978038547,3497.8289572175017,20.329562270886466,17.489144786087508
-124.045298,200,25.389886,0.0,0.5181740485356997,3161.760355538334,18.78796245964468,15.80880177769167
-62.255927,200,25.517917,0.0,0.37824535692118016,3157.3958097297873,18.442296026367174,15.786979048648936
-63.724552,200,25.649065,0.0,0.21438519259412137,3269.2464044831795,18.80685408052517,16.346232022415897
-51.02881,200,25.783591,0.0,0.10343145336070642,3304.9966992274585,18.749121932855882,16.524983496137292
-170.08549,200,25.909657,0.0,0.8496864933846594,3228.877491730839,18.9170924175991,16.144387458654197
-43.794078,200,26.377555,0.0,0.0952183668524888,3320.4395758812625,18.731988785550957,16.60219787940631
-46.985266,200,26.516582,0.0,0.2614624274998049,3476.7847014397557,19.86748706802391,17.38392350719878
-45.401609,140,26.615043,1.0,0.046282674699028054,2229.859342290273,13.641556438584667,15.927566730644807
-150.082303,200,26.745598,0.0,0.7368248019720377,3317.974770043991,19.67520570176388,16.589873850219956
-55.105162,200,26.88212,0.0,0.3247063225052997,3352.4176244683417,18.67622213119475,16.76208812234171
-178.714565,200,27.017398,0.0,0.7829554606547297,2913.958689147139,17.36352349553122,14.569793445735694
-55.080241,200,27.148156,0.0,0.102274180535372,3411.4017551286192,19.6859327880314,17.057008775643098
-72.89416,200,27.279716,0.0,0.15238958136613504,3386.683519641818,18.784503737179495,16.93341759820909
-45.440906,200,27.407773,0.0,0.12379125973353476,3421.0498214278095,19.45560070974233,17.10524910713905
-145.009904,200,27.539339,0.0,0.7410138619465023,3387.228006912641,18.822628725727018,16.936140034563206
-76.152324,200,27.666875,0.0,0.2949392850333764,3369.2315595355553,19.00739559561718,16.846157797677776
-60.35528,200,28.160457,0.0,0.2832595395296899,3372.7639791460115,19.1783209350043,16.863819895730057
-133.003142,200,28.303586,0.0,0.5467249144106235,3261.5295074487167,18.96491103607563,16.307647537243582
-51.075396,200,28.432662,0.0,0.12654946636737757,3432.875371157155,19.451260155572005,17.164376855785775
-153.517791,200,28.562445,0.0,0.7593330428074894,3377.4732536372585,19.816341137755252,16.88736626818629
-38.558344,200,28.703497,0.0,0.2203722743732513,3360.475606730994,18.941693308087906,16.80237803365497
-36.776196,200,28.840024,0.0,0.1118352273218807,3248.383490098533,19.09563350705503,16.241917450492664
-75.511656,200,28.970574,0.0,0.24047305899862148,3258.4257103958435,19.64745666716147,16.292128551979218
-92.42677,200,29.10585,0.0,0.24445016292333419,3291.1374136275526,18.28318248311936,16.455687068137763
-44.352995,200,29.247256,0.0,0.12551894714169975,3363.9407538725486,19.71633308986368,16.819703769362743
-151.759582,200,29.378034,0.0,0.7003357132904179,3423.763956997988,19.93517108921655,17.118819784989938
-101.941523,200,29.849535,0.0,0.4523449733261804,3394.2118761927777,19.857520048578518,16.97105938096389
-81.393798,200,30.012578,0.0,0.3615804211914519,3322.042864153154,19.56595335040589,16.61021432076577
-66.002425,200,30.153095,0.0,0.4490765797494722,2953.6502225831705,17.573896662601534,14.768251112915852
-115.626642,200,30.290622,0.0,0.49367541140992466,3337.4854500667984,19.105343022105956,16.687427250333993
-110.821317,200,30.428395,0.0,0.5108517706675911,3255.7892674422683,19.054327430932357,16.27894633721134
-45.206788,200,30.56397,0.0,0.2446708726050961,3208.430357837353,18.302498479713183,16.042151789186764
-77.064375,200,30.699022,0.0,0.32758573979069827,3068.702484616687,17.637881136546973,15.343512423083434
-83.560286,200,30.83654,0.0,0.4137459165355957,3402.1590487243593,19.561757677374658,17.010795243621796
-131.68784,200,30.973069,0.0,0.5776181585762596,3453.5773702939196,20.237504829656423,17.267886851469598
-154.588981,200,31.109126,0.0,0.6286172241226503,3070.6647023031896,17.444581644801044,15.353323511515947
-53.555593,200,31.600968,0.0,0.18847989215194802,3208.057918156869,18.23988682235354,16.040289590784347
-73.931114,200,31.747298,0.0,0.32397365712026943,3363.307519465774,19.054753935061715,16.81653759732887
-108.537361,200,31.883828,0.0,0.43974917462135,3210.5536972528826,19.191100430628826,16.052768486264412
-80.670924,200,32.021879,0.0,0.20422469644970162,3174.793325747645,18.835976733463365,15.873966628738225
-164.881179,200,32.15741,0.0,0.7368456293050211,3077.6130669994354,17.714968338917377,15.388065334997178
-55.824165,200,32.287941,0.0,0.1926425417645962,3346.1914081322843,19.654485392507695,16.730957040661423
-80.549353,200,32.416054,0.0,0.39476155642983257,3179.2931689502834,18.82595303161039,15.896465844751416
-68.303146,200,32.550585,0.0,0.17754117488888854,3285.350668451345,19.134670892900324,16.426753342256724
-115.45609,200,32.684161,0.0,0.5284431994070716,3525.374283552802,20.146713109475353,17.626871417764008
-63.115398,200,32.814137,0.0,0.14207472539876867,3426.6056048853607,19.75615357391397,17.133028024426803
-99.477362,200,33.264019,0.0,0.4688443372892519,3351.8342852826345,20.156171757585316,16.75917142641317
-128.646937,200,33.417396,0.0,0.5656787486970454,3287.7261700464237,18.539630246689754,16.43863085023212
-53.544427,200,33.558915,0.0,0.22948090394526768,3422.188181809139,20.010174860948958,17.110940909045695
-157.315363,200,33.696613,0.0,0.7461823278840362,3369.460383017009,20.263653779758485,16.847301915085044
-121.347538,200,33.833369,0.0,0.48882670337409595,3530.7255473721752,20.263880507686864,17.653627736860876
-110.049128,200,33.969888,0.0,0.5307782072615264,3439.905817213009,19.97101004958293,17.199529086065045
-52.496173,200,34.099967,0.0,0.36538078145704567,3411.4530992659056,20.4039291454404,17.057265496329528
-92.983356,200,34.228517,0.0,0.28645926125266086,3416.2000207539463,18.778640320529135,17.081000103769732
-52.771871,200,34.358061,0.0,0.19299882231636276,3473.3143016689946,19.973384481139107,17.366571508344972
-41.675111,147,34.454053,1.0,0.04968231164204188,2379.4399656397454,13.442177091671951,16.186666432923438
-44.398151,200,34.585585,0.0,0.24830002041733695,3200.485412087986,19.000494237940334,16.002427060439928
-49.711813,200,35.056146,0.0,0.35953906864138274,3070.1296874061873,18.11971564022926,15.350648437030936
-140.455715,200,35.206185,0.0,0.6676933225310354,3551.0128573342863,20.256880355850445,17.75506428667143
-139.575144,200,35.339702,0.0,0.4887114230767233,3221.079288060148,18.28835105348093,16.10539644030074
-39.713096,200,35.478221,0.0,0.14639300052283988,3181.108355867478,18.670594107977212,15.90554177933739
-131.543612,200,35.613273,0.0,0.5416177631289718,3022.7828265171106,17.595013179933776,15.113914132585553
-91.876516,200,35.748804,0.0,0.421338598389945,3312.320901747916,19.838965353439907,16.56160450873958
-167.416305,200,35.880991,0.0,0.7428610900654308,3188.7741288228112,18.074837479677,15.943870644114057
-88.457447,200,36.013063,0.0,0.39639755284375666,3267.131501070821,18.39296867853941,16.335657505354103
-40.173093,200,36.143578,0.0,0.1548185070657797,3201.4392720978685,18.504141211783537,16.007196360489342
-98.360001,200,36.273139,0.0,0.46086759499210994,3498.862255355604,20.641083520648476,17.49431127677802
-157.581474,200,36.748721,0.0,0.7720123098241729,3348.9524516212864,19.489255694546582,16.744762258106434
-172.340964,200,36.901768,0.0,0.815398441433161,3268.212369852253,19.014563474767677,16.341061849261266
-140.10995,200,37.042293,0.0,0.6637056942023438,3393.717743796732,19.63514690272774,16.96858871898366
-29.451605,91,37.100811,1.0,0.04832051185856715,1485.5886829126152,8.405567013865099,16.32515036167709
-153.991093,200,37.234047,0.0,0.6774862334891558,3332.0906899994384,19.202177423537506,16.660453449997192
-57.677812,200,37.368573,0.0,0.32370217444768074,3172.644180446001,18.987748769912816,15.863220902230005
-60.053765,200,37.495139,0.0,0.12066645799798066,3254.518684029555,18.366687409859743,16.272593420147775
-37.003529,200,37.626184,0.0,0.1319066549723707,3317.7907536946523,19.516001936992495,16.58895376847326
-88.710659,200,37.76071,0.0,0.35948287425768305,3183.3116941532435,18.473798453431744,15.916558470766217
-145.316959,200,37.896255,0.0,0.6506804229759439,3228.4510052071687,18.703784362057572,16.142255026035844
-157.523457,200,38.028713,0.0,0.7769168369391696,3430.102114303523,20.074446317164426,17.150510571517614
-34.796763,135,38.460704,1.0,0.043322961976918505,2323.1466040088208,13.507659291841124,17.208493363028303
-55.657961,200,38.613743,0.0,0.1439141636787565,3195.306851812163,19.122655154124093,15.976534259060816
-146.170982,200,38.751278,0.0,0.606088628113659,3284.0587349225743,19.256224004153317,16.42029367461287
-50.676173,200,38.885832,0.0,0.13826164675465233,3268.880683373102,19.208581184366587,16.34440341686551
-86.582473,200,39.017868,0.0,0.3404414278084926,3351.0268118964227,19.82444760203503,16.755134059482113
-58.915017,200,39.152385,0.0,0.2949928634658522,3261.959961927089,18.755676716640075,16.309799809635443
-83.922016,200,39.287911,0.0,0.21153314077094737,3508.065710701215,20.007948024024543,17.540328553506075
-43.54661,200,39.426392,0.0,0.1170961007055306,3232.338607856027,19.050754248070294,16.161693039280134
-19.117336,177,39.544928,1.0,0.04921546660507756,2995.085809071934,17.01120128377318,16.921388751818835
-100.387499,200,39.682479,0.0,0.29881220755117976,3334.232481733831,19.90642850008456,16.671162408669154
-65.734553,200,40.135098,0.0,0.3261686600958572,3441.16353349579,19.797941881401254,17.20581766747895
-67.786726,200,40.308665,0.0,0.13332439543281369,3278.008906115044,18.18937385968664,16.39004453057522
-73.868238,200,40.446185,0.0,0.31106647535913745,3549.447848744504,21.288220942912826,17.747239243722518
-50.506798,200,40.583706,0.0,0.27959937435690424,3382.1889583568695,18.802155205127708,16.91094479178435
-46.042649,200,40.720766,0.0,0.22624971442344943,3147.7368418651886,18.817567596946628,15.738684209325942
-159.676578,200,40.856295,0.0,0.6610549800369956,3279.7522878336895,18.39277189854106,16.398761439168446
-82.872962,200,40.992837,0.0,0.4168450491674323,3398.2947126513495,18.968871652189456,16.991473563256747
-38.471297,200,41.126872,0.0,0.16890148971805313,3402.5771979435026,20.076279880585076,17.012885989717514
-137.362451,200,41.255399,0.0,0.550927791978324,3179.748251039231,18.946910987443886,15.898741255196155
-122.271008,200,41.387445,0.0,0.5921617859957397,3397.827218254749,19.568128437561697,16.989136091273746
-134.112499,200,41.516475,0.0,0.6516775838822133,3433.7968039093635,20.490849451237736,17.168984019546816
-124.951472,200,41.98055,0.0,0.5601047291773152,3526.637029250321,20.04854592230023,17.633185146251606
-85.463778,200,42.138588,0.0,0.3785579136286654,3398.726759054421,19.836043633912247,16.993633795272107
-105.905256,200,42.276115,0.0,0.34153347810007134,3421.8690337855373,19.899964921695624,17.109345168927685
-33.041107,200,42.415756,0.0,0.2082882203281008,3248.9653433987723,18.683284099965796,16.244826716993863
-81.600867,200,42.546513,0.0,0.27450818717515435,3220.0093158722602,18.67495018516,16.1000465793613
-163.028272,200,42.673576,0.0,0.6833239829845258,3457.8016146501923,19.99495603387723,17.28900807325096
-71.373967,200,42.809629,0.0,0.3403192500954976,3219.8390846469206,18.80280970745162,16.099195423234605
-109.603974,200,42.945158,0.0,0.5532217521858946,3445.855308851167,20.476630354886268,17.229276544255836
-30.917002,200,43.076688,0.0,0.2496825764840133,3450.7488025337757,20.051153841787478,17.25374401266888
-78.020404,200,43.216746,0.0,0.32765688260751225,3346.807375969435,19.81160263569177,16.734036879847174
-164.456325,200,43.665322,0.0,0.7278235424808088,3272.3816986185548,19.333843587757404,16.361908493092773
-31.589107,200,43.818361,0.0,0.11311609573960146,3179.1812414158176,18.534547824728943,15.895906207079088
-71.685248,200,43.958928,0.0,0.26011593596382115,3317.489594912114,19.009463765260158,16.587447974560572
-50.669241,200,44.093257,0.0,0.23911329483754967,2941.771481375859,17.636930304534495,14.708857406879295
-163.427187,200,44.229289,0.0,0.8141942860265855,3323.8178781336446,18.738338150834362,16.619089390668222
-12.794605,61,44.267315,1.0,0.04792822030807157,1018.6409576009684,5.643564687977891,16.699032091819152
-34.520454,200,44.396852,0.0,0.14190820366912088,3438.7195182447845,19.85807165517136,17.193597591223924
-57.96018,180,44.513912,1.0,0.047972583028093166,2989.6335514974444,16.703370762440176,16.609075286096914
-80.572895,200,44.644994,0.0,0.16663767650600106,3151.665289981827,18.29548548238888,15.758326449909134
-92.364558,200,44.774514,0.0,0.44151821605528996,3390.7314565215474,20.39329677539514,16.953657282607736
-85.346721,200,44.905583,0.0,0.4172511379066895,3362.7739671403037,20.15607770587061,16.813869835701517
-128.365761,200,45.380684,0.0,0.4672866849855835,3286.4530004814974,19.044374209296475,16.432265002407487
-46.176634,200,45.533726,0.0,0.2645476254954937,3205.089628538136,18.178876197164634,16.025448142690678
-89.84458,200,45.673256,0.0,0.31829560195014384,3513.5331355221315,20.007504668408323,17.56766567761066
-138.412278,200,45.805294,0.0,0.6074355456041238,3349.9195372303557,19.65762333390096,16.749597686151777
-37.15627,200,45.939816,0.0,0.19062510628702348,3122.958143316096,17.70857135244911,15.61479071658048
-64.070415,200,46.075335,0.0,0.28321433704566124,3144.812857478643,18.789697832375822,15.724064287393213
-157.221828,200,46.209827,0.0,0.7648314355465115,3366.7233058507622,19.474313987421073,16.83361652925381
-125.891769,200,46.339354,0.0,0.5285572357195149,3073.1133058891633,17.744322660777385,15.365566529445816
-49.989035,200,46.468864,0.0,0.41199761201866947,2983.658797097128,16.88189281284721,14.91829398548564
-121.743004,200,46.598433,0.0,0.4835674593781553,3124.4183540770996,18.37034803701967,15.622091770385499
-136.817586,200,47.111918,0.0,0.6399215175667506,3501.5369389727634,20.22532540634765,17.507684694863816
-80.468278,200,47.264427,0.0,0.2668041871682321,3033.728247949177,17.82026274647302,15.168641239745885
-75.104989,200,47.406494,0.0,0.3158316253132437,3131.406067833291,18.470511606257055,15.657030339166456
-112.677492,200,47.543012,0.0,0.5204423020402075,3376.6659034776476,19.35247431254125,16.883329517388237
-15.756212,101,47.612543,1.0,0.04933013893171429,1762.250917125035,9.938432530639654,17.448028882426087
-53.851076,200,47.746061,0.0,0.20804426685941513,3215.743434624044,18.226246835494607,16.078717173120218
-79.453618,200,47.881592,0.0,0.325275672081635,3217.8475756091766,19.4286565935195,16.089237878045882
-43.743955,200,48.015629,0.0,0.30093666984320944,3340.381223527332,18.979835126287526,16.70190611763666
-67.57431,200,48.150686,0.0,0.2381749896994043,3055.9549063344393,18.46397502677587,15.279774531672196
-78.009672,200,48.28021,0.0,0.3392698021035518,3179.613095803677,18.43892042461478,15.898065479018385
-88.645561,200,48.411105,0.0,0.3980211694343629,3378.8873829962963,20.074323326630296,16.894436914981483
-54.722601,200,48.864184,0.0,0.20666089428059026,2862.962413955452,17.743355670774342,14.314812069777261
-48.798441,200,49.028275,0.0,0.10811240816783409,3172.98910741644,18.48620279324659,15.864945537082201
-101.519759,200,49.161334,0.0,0.4391890109107524,3139.690935412369,19.118963062918706,15.698454677061845
-69.716086,200,49.298876,0.0,0.3188276300002541,3472.518943972225,19.974362204602546,17.362594719861125
-45.768974,200,49.431926,0.0,0.1127114673899291,3104.83936033326,17.987987287419532,15.524196801666301
-69.335734,200,49.568332,0.0,0.3121705087168521,3046.8388494305764,17.949511609809065,15.234194247152882
-88.61852,200,49.708368,0.0,0.26540639257597054,3290.123475831516,19.1671760676598,16.450617379157578
-59.340816,200,49.837909,0.0,0.43218820997492363,3272.4524307625506,18.874245577324547,16.362262153812754
-143.879274,200,49.966427,0.0,0.5254221017807287,3186.644307319959,18.350377079169004,15.933221536599795
-39.477923,200,50.09496,0.0,0.14035939245731466,3056.7496036330126,17.59942263661823,15.283748018165063
-154.160754,200,50.550547,0.0,0.5980184880657844,3001.4705697602353,17.775861770790115,15.007352848801176
-151.423866,200,50.69208,0.0,0.634968937925898,3305.774110978982,19.16687090532486,16.52887055489491
-39.582707,200,50.827636,0.0,0.1708990216985883,3275.132416291545,19.73672189868755,16.375662081457723
-137.249143,200,50.960156,0.0,0.6544177376229706,3520.566917004606,20.061458337456084,17.60283458502303
-145.694809,200,51.091866,0.0,0.6842146555543809,3290.790199786365,19.245701077234507,16.453950998931827
-88.204009,200,51.225544,0.0,0.35548430197569164,3167.743339408103,18.390632008916313,15.838716697040516
-12.657303,66,51.268522,1.0,0.0489789237306758,933.7779511154337,5.54921753184248,14.148150774476267
-72.151051,200,51.397033,0.0,0.3272821186247802,2976.282072993724,18.34862951126256,14.88141036496862
-42.269824,200,51.531065,0.0,0.14497445591157,3060.6215451253743,17.851174891578356,15.303107725626871
-30.765249,200,51.661588,0.0,0.12576286130221934,3093.8273371755236,18.221710261264885,15.469136685877618
-109.903831,200,51.789076,0.0,0.262682442159137,2969.164286703515,17.356804911174116,14.845821433517575
-116.246051,200,52.283564,0.0,0.5829017636706637,3520.70095742352,20.534221729251488,17.6035047871176
-128.879319,200,52.449618,0.0,0.6166858590750918,3304.2390834675716,18.9775220224678,16.521195417337857
-83.742125,200,52.583132,0.0,0.1766230952973471,3345.779589119107,19.093727631019505,16.728897945595534
-113.237403,200,52.716187,0.0,0.4813532274928874,3269.5056883048146,18.82790436331411,16.347528441524073
-36.890336,159,52.823716,1.0,0.04819926624492866,2395.949310294986,14.184034378551646,15.068863586760918
-65.92675,200,52.960249,0.0,0.27106220419791954,3343.816342414959,19.600559781091327,16.719081712074793
-86.228215,200,53.094785,0.0,0.33274459920348465,3153.00101770199,19.14267225047822,15.76500508850995
-78.275286,200,53.225821,0.0,0.19641247848160506,3465.206334531738,19.29786188158065,17.32603167265869
-30.547924,200,53.362485,0.0,0.09926383346439653,3150.4141029385746,18.23091292285316,15.752070514692873
-180.275954,200,53.494746,0.0,0.8804050144967245,3256.5035388168926,18.950705029775577,16.28251769408446
-96.224711,200,53.624781,0.0,0.430300152529183,3326.3623349300174,18.95809339204162,16.631811674650088
-119.555484,200,54.113364,0.0,0.4754873963126301,3480.1424333005357,19.831884700153633,17.40071216650268
-160.99798,200,54.257737,0.0,0.7445008651247585,3397.049093697723,19.633628438007385,16.985245468488614
-169.847591,200,54.395269,0.0,0.7714851998967882,3344.634118332331,19.186282789536396,16.723170591661656
-77.557803,200,54.531304,0.0,0.0845813074584374,3062.8906772041814,17.47530018293433,15.314453386020908
-63.058443,200,54.665826,0.0,0.377133475784107,3385.108044205465,19.211633946989895,16.925540221027326
-68.572554,200,54.800359,0.0,0.29580953584186204,3347.698697861479,18.85185325084211,16.738493489307395
-66.28554,200,54.927394,0.0,0.23923496866773358,3159.596653723972,19.110001158378097,15.79798326861986
-107.103181,200,55.057922,0.0,0.46012425165448423,3224.5752141332523,18.705529955612118,16.122876070666262
-19.458586,73,55.107441,1.0,0.04889873654602238,1119.57287961072,6.675897767990806,15.336614789187946
-137.933754,200,55.236971,0.0,0.48730564187838454,3064.3297574889284,18.133939267336654,15.321648787444643
-32.07066,200,55.716135,0.0,0.05331631422528924,3385.6461233614214,19.79955588588635,16.928230616807106
-54.938298,200,55.869658,0.0,0.112636879842491,3107.9721545772636,18.197198880911078,15.539860772886318
-134.358018,200,56.004173,0.0,0.5835974559602604,3411.744478964447,20.011563368765174,17.058722394822233
-165.132353,200,56.136218,0.0,0.72216350104643,3319.306350890997,18.95087078772974,16.596531754454983
-90.794607,200,56.266532,0.0,0.3235157828122395,3264.3192302262255,18.503514433484312,16.32159615113113
-139.668941,200,56.400061,0.0,0.455643225768311,3047.832669152516,17.98402248382697,15.239163345762579
-125.106269,200,56.527086,0.0,0.3855744810650051,3281.2552261093742,18.925532163169827,16.40627613054687
-85.52614,200,56.649608,0.0,0.25472008594446416,3068.4082843365527,17.44182982390282,15.342041421682763
-138.912042,200,56.780135,0.0,0.5421910018489264,3015.782246034833,17.20740551028617,15.078911230174164
-119.651962,200,56.916209,0.0,0.4925407470423977,3331.898116984531,19.667738002615152,16.659490584922654
-80.460088,200,57.046759,0.0,0.19591390932680708,3169.311875104333,18.20473763709329,15.846559375521664
-89.390525,200,57.503835,0.0,0.42208884760217746,3033.318528310992,18.384809204574097,15.16659264155496
-170.742955,200,57.662691,0.0,0.8209367677123584,3427.055902758173,19.374333991798842,17.135279513790866
-67.080263,200,57.803496,0.0,0.16770320967131136,3548.06650912443,18.860780551776447,17.74033254562215
-140.131236,200,57.9411,0.0,0.5271372681754276,3091.5727286173505,18.101998329867723,15.457863643086753
-166.728505,200,58.069626,0.0,0.8041145204622393,3608.477766775311,21.254119272399816,18.042388833876554
-34.852103,200,58.199183,0.0,0.19514414426194523,3311.1537836702846,19.377426522548006,16.555768918351422
-43.080407,200,58.333647,0.0,0.2897800042821803,3316.8592335462613,18.994847272828682,16.584296167731306
-98.980633,200,58.469191,0.0,0.4109336870759674,3530.7923298953915,19.85293430803078,17.65396164947696
-21.510652,79,58.526695,1.0,0.04804997178899149,1149.9055289403132,7.661209018330045,14.555766189117888
-151.137198,200,58.666227,0.0,0.7504504589874813,3448.265744261956,20.381271560266672,17.24132872130978
-111.828838,200,58.806044,0.0,0.27729971404488885,3326.264198475705,18.82425207187654,16.631320992378527
-126.340265,200,59.309132,0.0,0.5457314827202628,3173.0912708366513,18.925774881412128,15.865456354183257
-52.189095,200,59.450124,0.0,0.23660201292861902,3324.5219330466157,19.2939820534154,16.622609665233078
-83.572665,200,59.580659,0.0,0.38648475962963397,3108.7658510899414,19.48469963070989,15.543829255449706
-92.309195,200,59.712706,0.0,0.31181786750545515,3393.2331667143712,19.562110487959714,16.966165833571857
-98.090853,200,59.84326,0.0,0.27885187952635504,3040.720470693461,18.13886642985509,15.203602353467303
-154.873214,200,59.976897,0.0,0.7602226974748509,3285.4247616825246,19.70759351518237,16.427123808412624
-104.073588,200,60.112587,0.0,0.364315994194655,2958.3361376536955,18.16350773074177,14.791680688268478
-98.676957,200,60.248114,0.0,0.36531278913008497,3326.005052823829,18.83149659415833,16.630025264119144
-53.597108,200,60.383484,0.0,0.1928077139091647,3149.211942891129,18.869725942383,15.746059714455646
-91.019408,200,60.510536,0.0,0.2986667054243647,3371.6697220205997,18.997385101707938,16.858348610102997
-73.918059,200,60.970688,0.0,0.3611561392876725,3217.1526853865676,18.077744094277133,16.08576342693284
-81.570099,200,61.123727,0.0,0.4996389307745017,3068.2004945826716,18.69640987585351,15.341002472913358
-131.935358,200,61.256247,0.0,0.5327963169610193,3257.0087521033756,18.766049233732314,16.285043760516878
-75.852522,200,61.391777,0.0,0.15805444446124575,3315.230459941632,18.651344073884104,16.57615229970816
-67.739868,200,61.52782,0.0,0.5015770092292365,2916.1170907204573,17.796630899148887,14.580585453602287
-57.392968,200,61.661338,0.0,0.11409447902129125,3439.0409671166067,19.73145577235886,17.195204835583034
-138.620442,200,61.796444,0.0,0.5756653699245375,3057.462854923326,18.425516571383902,15.28731427461663
-64.271994,200,61.930491,0.0,0.45959276294284973,3035.6499058358672,18.645601776501156,15.178249529179336
-144.908491,200,62.061046,0.0,0.3933644409581494,3286.9475046401385,18.239204834964067,16.434737523200692
-147.317201,200,62.195359,0.0,0.5537009205165601,3273.55262185709,18.911458224473044,16.36776310928545
-132.476756,200,62.655539,0.0,0.5246432020927009,3189.3645531176076,18.605130584763074,15.946822765588038
-38.617372,200,62.802056,0.0,0.3380172982454269,3219.611982660277,18.436414712620152,16.098059913301384
-125.437398,200,62.934082,0.0,0.3992222688073317,2892.7881968970364,18.00326701210243,14.463940984485182
-103.58966,200,63.065694,0.0,0.4704923570368039,3230.1282337511093,18.58346355251155,16.150641168755545
-132.961106,200,63.203931,0.0,0.6361183644488604,3573.9538877646974,21.174504000114325,17.869769438823486
-59.238402,200,63.338048,0.0,0.2750063476949214,3384.731752089192,19.753728816989643,16.92365876044596
-146.659132,200,63.472554,0.0,0.5819174079824645,3201.840119220436,18.49578907228003,16.00920059610218
-98.591673,200,63.605083,0.0,0.4027294651620306,3120.8303269471976,18.230511076337375,15.604151634735988
-73.881312,200,63.735172,0.0,0.3619658509320454,3268.9037241370943,18.66562858273779,16.34451862068547
-30.81148,168,63.840635,1.0,0.045809454085773096,2717.5112103431816,16.046006750699394,16.175661966328462
-79.596943,200,64.296462,0.0,0.4656097492589083,3123.66481949489,18.779518099155204,15.61832409747445
-59.939308,200,64.461578,0.0,0.35529426414549997,3306.6034524869306,18.735274423968058,16.533017262434655
-64.514633,200,64.605107,0.0,0.3721091601056987,3158.5490047966423,18.026449795192917,15.792745023983212
-96.805961,200,64.740093,0.0,0.4395409716986735,3245.85485234302,18.74903769739004,16.2292742617151
-126.102736,200,64.870642,0.0,0.49490384926452,2923.294300160919,17.104937371116307,14.616471500804597
-41.773868,200,64.998218,0.0,0.08381764095729916,2816.247885770478,16.708387671345537,14.081239428852392
-78.518479,200,65.128258,0.0,0.25798038349830354,3036.2672400257256,17.925387745505056,15.181336200128628
-102.623152,200,65.258775,0.0,0.5038318222783822,3203.3550337740808,19.0894626433616,16.016775168870403
-166.408683,200,65.392327,0.0,0.7439619200379575,3160.425406650302,18.60929176466774,15.80212703325151
-23.619811,100,65.458823,1.0,0.03864562695315042,1721.0203318185045,9.162708661819455,17.210203318185044
-101.549987,200,65.591387,0.0,0.30496164206900345,3255.1677475622,18.513929485191955,16.275838737811
-101.263346,200,66.050624,0.0,0.5414600201317308,2893.491902433748,17.859121490385423,14.46745951216874
-106.299254,200,66.202156,0.0,0.480554767614134,2997.9934741741454,18.039277476731385,14.989967370870726
-67.728146,200,66.337144,0.0,0.4686227824928195,2794.7035762428104,16.43686545963136,13.973517881214052
-55.955078,200,66.468664,0.0,0.257940757653274,3376.6953087580673,19.404981035639217,16.883476543790337
-161.975022,200,66.602196,0.0,0.729075096589685,3230.790157231719,19.187345194883196,16.153950786158596
-142.362053,200,66.740817,0.0,0.6329195540885814,3361.874113802492,19.54605404934494,16.80937056901246
-121.411572,200,66.886339,0.0,0.42326852741302534,2893.676482261485,18.12181676291833,14.468382411307426
-169.486678,200,67.027404,0.0,0.7990619151129263,3496.9869944089005,20.34369838255558,17.484934972044503
-156.229227,200,67.153771,0.0,0.6594409878786065,3157.039367530894,18.26454610196193,15.785196837654471
-43.91058,200,67.283208,0.0,0.12401448693152509,3048.2283691924226,18.256552721130866,15.241141845962114
-32.672018,199,67.752845,1.0,0.04410286285361096,3304.169489136171,19.07681812860349,16.60386677957875
-149.287846,200,67.899367,0.0,0.7294243906543105,3483.6160817942405,20.05659755978707,17.418080408971203
-121.20561,200,68.052778,0.0,0.5587049821520051,3391.511369824811,18.747988294152737,16.957556849124057
-159.300474,200,68.186287,0.0,0.774028984825175,3379.8754541468275,20.340290204389266,16.89937727073414
-61.560709,200,68.317381,0.0,0.5113486409224388,3198.2154016000272,17.913216855085192,15.991077008000136
-94.937447,200,68.450339,0.0,0.2754450654221772,2949.8458126617434,16.917696785375632,14.749229063308716
-86.777033,200,68.583879,0.0,0.6122621371058512,2949.2239770265437,18.591912238273796,14.74611988513272
-149.974013,200,68.71842,0.0,0.6306098998802507,3262.291818864586,18.064787085643918,16.311459094322927
-19.812587,68,68.764975,1.0,0.04775033758062771,1013.9661779096409,6.057642321229904,14.911267322200601
-23.663027,104,68.833221,1.0,0.044666552468639945,1771.686427219526,10.08559994729673,17.035446415572366
-112.357827,200,68.957663,0.0,0.41396516319713667,2943.2783539614693,17.24937546799312,14.716391769807347
-130.95074,200,69.094233,0.0,0.5978949755999249,3477.363151838587,19.93999665243029,17.386815759192935
-166.382925,200,69.555281,0.0,0.7846081451334241,3078.753373971633,18.540128904152674,15.393766869858165
-58.443454,200,69.703821,0.0,0.34883968662551645,3144.8384656777275,18.984264006638668,15.724192328388638
-69.733255,200,69.836811,0.0,0.4714177450412979,3269.777918864362,18.760141712053425,16.34888959432181
-53.843736,200,69.97223,0.0,0.5560102695744774,3188.434198840014,18.315092958464618,15.942170994200069
-115.685007,200,70.101768,0.0,0.46560135336366476,3332.2181702589637,19.381168253492884,16.66109085129482
-129.897375,200,70.231874,0.0,0.508343262795543,3428.267167554047,19.00114641710862,17.141335837770235
-82.397025,200,70.361268,0.0,0.39107435010606584,2970.834332078643,17.725659815922143,14.854171660393215
-90.22246,200,70.492801,0.0,0.4573346340376741,3182.2695118794104,18.992181156759337,15.911347559397052
-145.20593,200,70.621897,0.0,0.7125887062442894,3275.922444005715,19.239411024661955,16.379612220028577
-92.701345,200,70.752401,0.0,0.43657473684073744,3291.2060012614343,18.990459804829236,16.45603000630717
-80.462586,200,71.214964,0.0,0.38514022707407697,3039.1285542492933,17.50082643272721,15.195642771246467
-74.27529,200,71.369086,0.0,0.34625653551689206,2875.9136333024358,16.98125549120338,14.379568166512179
-128.998169,200,71.505646,0.0,0.46366460908109924,3113.0197068112275,17.793203013733105,15.565098534056137
-147.91776,200,71.64156,0.0,0.6581326546544847,2944.321673949555,18.228018000339276,14.721608369747775
-47.280328,200,71.777575,0.0,0.38870444728938486,3026.692028914937,17.206011231686233,15.133460144574686
-140.603817,200,71.910623,0.0,0.6917263689511353,3412.4467005376955,20.004791495889055,17.06223350268848
-154.532315,200,72.044156,0.0,0.6677713292535681,3115.5641986562346,18.444421955637193,15.577820993281172
-17.605042,76,72.094152,1.0,0.04338849386663589,1035.7045900150188,6.398674606046829,13.627691973881825
-77.947926,200,72.223218,0.0,0.32159932222885523,2962.3605287243004,16.586842390382255,14.811802643621501
-141.027411,200,72.355151,0.0,0.5637461287468964,3211.149943014968,18.479592215388138,16.05574971507484
-140.263104,200,72.482688,0.0,0.6894379823339574,3413.1285578781954,19.391975790013543,17.065642789390978
-135.247193,200,72.956167,0.0,0.6594307494667316,3171.76475754326,18.856396750147333,15.8588237877163
-81.257354,200,73.106058,0.0,0.36381320345708384,3190.005128168846,18.453685194171698,15.950025640844231
-98.295987,200,73.239306,0.0,0.425858160512041,3112.0900923472327,18.275185238462534,15.560450461736163
-112.083875,200,73.370852,0.0,0.4389006278178717,2996.954135060256,17.2757966615208,14.984770675301279
-123.942692,200,73.504093,0.0,0.36890149650454673,2669.48983278982,15.443998088984802,13.3474491639491
-121.998084,200,73.63307,0.0,0.5678430770120342,3186.3119864591854,19.5735674193576,15.931559932295928
-95.594002,200,73.762612,0.0,0.40583454077349673,3398.6972205101797,19.831228480302375,16.9934861025509
-106.148158,200,73.897401,0.0,0.4377721685744224,3414.4559437597563,18.948878857263054,17.072279718798782
-42.733995,200,74.030377,0.0,0.21421886676095997,3491.379770533322,20.417314978258258,17.45689885266661
-172.684914,200,74.157844,0.0,0.849453357690779,3375.164374936075,19.424834905884886,16.875821874680376
-60.882327,200,74.632446,0.0,0.3343559182038674,3471.4427807581546,20.068292931382626,17.357213903790772
-100.85692,200,74.787516,0.0,0.3342810066274315,2977.919329344422,17.848638516897772,14.88959664672211
-91.400834,200,74.92157,0.0,0.42230109504346114,3348.4244314700263,18.98751447375256,16.74212215735013
-136.774181,200,75.057125,0.0,0.5314214080053388,3378.2293831077495,20.04110470313291,16.891146915538748
-49.047029,200,75.192646,0.0,0.31738305707547826,3393.4399347678723,19.544434171822658,16.96719967383936
-38.171815,200,75.328646,0.0,0.16450451774862884,3441.7580542366118,19.888505130572675,17.20879027118306
-163.252831,200,75.458209,0.0,0.7721750730658371,3272.922265047101,19.046181681298116,16.364611325235504
-138.849389,200,75.585761,0.0,0.6117438590204768,3056.5748215339545,17.119604914022784,15.282874107669773
-140.077047,200,75.714821,0.0,0.5343336556023691,3280.751354283404,18.54084665548566,16.40375677141702
-157.376603,200,75.848299,0.0,0.7781011202301409,3217.7566322860007,19.906691324974698,16.088783161430005
-69.667924,200,76.304765,0.0,0.4591475646692107,3194.970505806517,18.2298868191276,15.974852529032585
-117.13649,200,76.458813,0.0,0.5463010647044577,3109.1361221402344,17.879471739410562,15.545680610701172
-107.885358,200,76.605339,0.0,0.5057148422747395,3036.8081080460797,17.89274403209393,15.184040540230399
-110.425657,200,76.734032,0.0,0.5234837731954012,3453.0127409377133,19.915495293120507,17.265063704688565
-112.404315,200,76.867548,0.0,0.36724501006305693,2987.139865582392,17.38792249403918,14.935699327911959
-70.965948,200,76.996117,0.0,0.38648570555357276,2912.0425033388296,17.77935813658654,14.560212516694149
-53.294276,200,77.121144,0.0,0.22374591161127222,3301.5157699718748,19.488910281465284,16.507578849859375
-133.000808,200,77.254681,0.0,0.600563826737856,3291.6075525630786,18.825785993443493,16.458037762815394
-128.99882,200,77.382202,0.0,0.5923926523111273,3131.4419901285764,18.56313084692824,15.657209950642882
-52.192534,200,77.512228,0.0,0.27491862680827633,2864.9835052392305,17.58306030493222,14.324917526196153
-54.759062,200,77.641887,0.0,0.2579436691529882,2994.1927778794297,17.96982442462161,14.970963889397149
-72.052835,200,78.151508,0.0,0.40447618082548253,2948.413573402043,18.209064835961097,14.742067867010213
-111.860102,200,78.315585,0.0,0.4843869096485099,3256.391032397468,19.0400017488769,16.28195516198734
-9.893377,42,78.348586,1.0,0.04495667573800937,428.9861388995913,3.2087136587296112,10.213955688085507
-128.897759,200,78.484676,0.0,0.6079133037380734,3057.0084019256865,18.578270103075823,15.285042009628432
-125.115702,200,78.620697,0.0,0.602899238571752,3265.9931692857745,18.850479178105196,16.329965846428873
-58.037934,200,78.750164,0.0,0.25046281721078834,3132.8435147370383,17.618548339486665,15.66421757368519
-106.585416,200,78.877688,0.0,0.5301305672993329,3057.3383987603265,18.45281587326051,15.286691993801632
-89.827485,200,79.009264,0.0,0.410689377290453,3305.3343426927577,19.42269325633591,16.526671713463788
-95.153996,200,79.141342,0.0,0.44726645390826064,3054.6325150143634,17.77653003076384,15.273162575071817
-87.997457,200,79.273874,0.0,0.3959592113943191,3264.3690392368003,18.608256131408254,16.321845196184
-100.642202,200,79.406368,0.0,0.4701137525998132,2887.454904413918,17.102770742856535,14.43727452206959
-157.227821,200,79.919047,0.0,0.702104362778732,3235.7973393147886,19.118553040199973,16.178986696573944
-11.499148,47,79.963049,1.0,0.048776566478430414,402.82886886619167,2.8527062805594228,8.570826997153015
-56.982209,200,80.101603,0.0,0.46574274970744217,3006.279967892871,18.27049000991149,15.031399839464354
-133.837991,200,80.23067,0.0,0.5515140963911329,3282.7688698230836,19.559747480760972,16.41384434911542
-57.167429,200,80.363209,0.0,0.27822601040689476,3170.6715905653136,18.20116895720192,15.853357952826569
-71.283968,200,80.494716,0.0,0.3592088569024065,3353.387623880215,19.24060633560321,16.766938119401075
-155.350997,200,80.624755,0.0,0.692937495604357,3290.2755802179486,19.431159440556407,16.451377901089742
-148.614242,200,80.754295,0.0,0.6829087637989117,3389.1705098783304,19.442427047072925,16.945852549391653
-74.139819,200,80.882463,0.0,0.3339605290190034,3367.7317639063963,19.392586838311892,16.838658819531982
-78.847743,200,81.010188,0.0,0.42372856346201293,3347.01677813311,19.002397950635885,16.73508389066555
-161.005469,200,81.14323,0.0,0.7635629911546967,3304.5510158494617,18.90681689963113,16.522755079247307
-90.246221,200,81.614408,0.0,0.4278886663413395,3398.4348949587798,19.82786181787095,16.9921744747939
-81.27395,200,81.759928,0.0,0.34826897557719033,3233.3901800049616,18.466696615325315,16.16695090002481
-41.371732,200,81.899814,0.0,0.21645761710037958,2678.673562245039,16.53400377231084,13.393367811225197
-138.391518,200,82.03546,0.0,0.5736922514454957,3103.0222180544874,18.09321926040135,15.515111090272438
-105.127174,200,82.168674,0.0,0.4939209213230968,2953.0815530568925,18.465664411959555,14.765407765284463
-156.730297,200,82.294218,0.0,0.7327662689733991,3375.9167931385036,19.837236761071857,16.879583965692518
-121.185747,200,82.428256,0.0,0.5061191979400883,3370.88889970357,18.977534365825644,16.85444449851785
-77.511255,200,82.5568,0.0,0.4671676339010272,3019.9833291526056,18.269203191735308,15.099916645763027
-67.042586,200,82.690319,0.0,0.19400149280724685,3035.6375683077827,17.569805358037204,15.178187841538913
-99.875552,200,82.813305,0.0,0.466976250685506,2834.649428545982,17.670821678153143,14.173247142729911
-58.230446,200,83.292482,0.0,0.3783909119514945,3164.0210703006446,17.879232036831635,15.820105351503223
-92.514035,200,83.440507,0.0,0.3739571523780891,3178.9926619893126,18.584549335244816,15.894963309946563
-60.662801,200,83.573855,0.0,0.5696525236505118,2730.353056939532,16.84675294015993,13.65176528469766
-48.735054,200,83.70238,0.0,0.20910064170923226,3089.567000773262,17.205824056437855,15.44783500386631
-174.461439,200,83.834418,0.0,0.8267810905326005,3267.128691061633,19.384498592773575,16.335643455308166
-106.488419,200,83.966944,0.0,0.5025911217097038,3247.987636716993,19.163629155058057,16.239938183584965
-35.633506,200,84.096284,0.0,0.1468624100801424,3020.732826475559,18.06757134611884,15.103664132377794
-118.60488,200,84.223972,0.0,0.4588936613544132,3020.15302809424,17.989141172341125,15.100765140471202
-71.819982,200,84.356503,0.0,0.4859868407749892,2815.977741824565,17.120077592627347,14.079888709122825
-136.52881,200,84.490025,0.0,0.6565612040336518,3412.9922986003453,19.695692497926164,17.064961493001725
-172.919492,200,84.939054,0.0,0.8430742354227551,3547.4709705221658,20.262493022649043,17.737354852610828
-82.598023,200,85.098574,0.0,0.34552217175820543,3227.891759111733,18.34901076110493,16.139458795558664
-153.431213,200,85.230608,0.0,0.6746977909364607,3392.499377481664,18.759827042554473,16.96249688740832
-15.420737,58,85.270612,1.0,0.04706310564223031,619.9708121724757,3.995011080190305,10.689151934008201
-139.121472,200,85.406152,0.0,0.6665289270786824,3266.8195936097586,18.98391108521148,16.334097968048795
-125.750806,200,85.534201,0.0,0.6178765292679774,3374.2759726419613,19.113392354765395,16.871379863209807
-91.512854,200,85.661708,0.0,0.48060996195228717,3357.30317317509,19.70773086893484,16.786515865875447
-44.765232,200,85.789215,0.0,0.1930926969616246,3359.6202160279145,19.932552088999728,16.798101080139574
-149.442482,200,85.922273,0.0,0.7073501968069684,3183.826981515042,18.574820581619026,15.91913490757521
-148.124227,200,86.045817,0.0,0.530154022375791,3397.108434811213,19.436241863568327,16.985542174056064
-80.052651,200,86.174337,0.0,0.3821430260876862,2736.655027297536,16.48986605225004,13.68327513648768
-74.160784,200,86.676627,0.0,0.3222899660712019,2938.2218512139652,17.529098151317346,14.691109256069826
-118.811557,200,86.815147,0.0,0.5936272527755067,3240.72773022254,19.05609110842535,16.203638651112698
-59.566615,200,86.952177,0.0,0.2595416074700663,3116.6027686043117,17.98600387741913,15.583013843021558
-124.839941,200,87.08771,0.0,0.4957813888769645,3151.9850653249296,18.89639117306605,15.759925326624648
-127.229521,200,87.221758,0.0,0.5035780148502983,3409.64941693699,19.58833644057573,17.04824708468495
-11.322224,48,87.254758,1.0,0.04615019183914801,479.8283149588168,3.4126312553441225,9.996423228308684
-59.258237,200,87.387287,0.0,0.30337076734344004,3683.7455787144386,19.686638220244443,18.418727893572193
-54.415439,200,87.520332,0.0,0.5202528147309453,2963.4343121009533,17.925963355209582,14.817171560504766
-99.018824,200,87.654497,0.0,0.3229492149725947,3036.1704067357023,16.665752371630724,15.180852033678512
-28.646318,200,87.781006,0.0,0.15721294980528666,3194.308379574173,18.35453907541593,15.971541897870866
-104.098415,200,87.911569,0.0,0.4892117582549574,3280.3505194270347,19.248536552958893,16.40175259713517
-149.485238,200,88.407166,0.0,0.6743829535058126,3460.88126146203,19.754567323348244,17.30440630731015
-42.713021,200,88.565924,0.0,0.17608126423191958,3253.9111872582853,18.892385913133666,16.269555936291425
-108.984372,200,88.705456,0.0,0.3476714153462259,3018.034357321135,17.593164647777783,15.090171786605675
-47.926542,200,88.841491,0.0,0.41330743332916436,3303.319138782467,18.06437116034457,16.516595693912333
-61.646105,200,88.974809,0.0,0.4508416240997432,3050.33910499588,17.697593495584222,15.2516955249794
-135.403742,200,89.110452,0.0,0.5977981330242997,3156.4633453073343,17.59002402958747,15.78231672653667
-45.931701,200,89.238547,0.0,0.24909094687913913,3460.9743371503655,20.19313790475182,17.304871685751827
-90.856821,200,89.366067,0.0,0.3743923298522238,3255.2025605435356,19.114734487822474,16.276012802717677
-154.640363,200,89.492165,0.0,0.7286799850811388,3378.2321834856252,19.791093028657055,16.891160917428127
-30.208931,200,89.623257,0.0,0.10088613818597102,3215.1762851030744,18.410690328854137,16.075881425515373
-33.604102,200,90.068275,0.0,0.12047431907190082,2936.6790217645134,17.94899924092016,14.683395108822568
-110.815774,200,90.230306,0.0,0.37379050519286106,3243.0494536546125,18.76971363904493,16.215247268273064
-165.582171,200,90.362692,0.0,0.8190177148613064,3366.6844433517294,18.960208313592602,16.83342221675865
-89.702379,200,90.493212,0.0,0.3249584706775309,2764.265256550738,15.980178889398214,13.82132628275369
-63.906954,200,90.626483,0.0,0.5433525423843723,2519.020570170725,15.887984233806366,12.595102850853625
-83.581208,200,90.764223,0.0,0.39396692803078304,3074.8830167944684,18.276307040861614,15.374415083972343
-122.635714,200,90.897368,0.0,0.4557490133309045,3380.6930677043365,19.356373134568123,16.903465338521684
-60.312427,200,91.025464,0.0,0.27022854152056053,3052.4424178491445,18.30350849745843,15.262212089245722
-71.418883,200,91.155985,0.0,0.4466378324526699,2932.392800397008,17.784551862021708,14.66196400198504
-94.13587,200,91.282454,0.0,0.24377631770181382,3145.6596265933617,18.439871085120267,15.728298132966808
-152.624001,200,91.407009,0.0,0.7203034413205692,3440.9823366607447,19.788779229103024,17.204911683303724
-158.251851,200,91.870385,0.0,0.6979184394317234,3394.711532322188,20.491582797520607,16.97355766161094
-83.477048,200,92.009912,0.0,0.3133700535950576,2811.448991376178,17.318780841878286,14.05724495688089
-175.613994,200,92.143953,0.0,0.8335495070710184,3262.7827713473866,19.273430637831957,16.31391385673693
-51.424772,200,92.273547,0.0,0.19217590128584502,3264.97184901156,19.04982348804265,16.3248592450578
-168.209041,200,92.401129,0.0,0.8334819720594727,3725.343923710158,21.774270641681507,18.62671961855079
-53.455251,200,92.534116,0.0,0.23556894240780413,3206.1767101241076,19.438703997675407,16.030883550620537
-66.950585,200,92.665612,0.0,0.38181132945921886,3120.92154698759,17.934998795579375,15.60460773493795
-87.84233,200,92.799139,0.0,0.392531039956801,3281.114565010428,18.946270871838237,16.40557282505214
-135.314689,200,92.935194,0.0,0.6427000763046311,3218.709070143052,19.011699419749483,16.09354535071526
-162.615051,200,93.062943,0.0,0.7930501827703133,3259.4622070628284,19.49059962486835,16.29731103531414
-145.091654,200,93.520241,0.0,0.6010067333519382,3379.219358791959,20.09417315005935,16.896096793959796
-136.577354,200,93.662778,0.0,0.6097378678123734,2991.427467306372,17.54265249121844,14.95713733653186
-74.435799,200,93.793268,0.0,0.3449601957416743,3327.5731196535257,19.048438646765657,16.637865598267627
-15.289061,119,93.870812,1.0,0.04927969085073742,2041.6232855972678,11.277066630123482,17.15649819829637
-52.886686,200,94.005312,0.0,0.4143873041212579,3328.7711389416336,18.53738884467618,16.64385569470817
-134.812021,200,94.131397,0.0,0.5662348871825484,3129.1974607218003,18.70940933073284,15.645987303609001
-118.348081,200,94.26295,0.0,0.5228312530097131,3503.526095459685,19.89926320191095,17.517630477298425
-111.62126,200,94.39141,0.0,0.5250929169820026,3400.5614250553285,20.398886216358218,17.002807125276643
-136.220638,200,94.515748,0.0,0.6473129546103906,3107.770692916293,17.89960103774268,15.538853464581464
-122.630055,200,94.640722,0.0,0.5411892909121239,2879.022556075327,17.71736589705769,14.395112780376635
-39.494153,200,95.147945,0.0,0.15662704334620767,3209.903084268178,18.774065369180605,16.049515421340892
-79.611269,200,95.296946,0.0,0.3704737436907764,3228.8436899877543,18.793664081994944,16.144218449938773
-132.72373,200,95.43757,0.0,0.6020052351561298,3119.1408991958547,18.616576998939895,15.595704495979273
-167.28183,200,95.570095,0.0,0.8288986272971381,3152.330985278056,18.67531029109908,15.761654926390278
-172.080933,200,95.700621,0.0,0.790084811660394,3490.2313323960143,19.297034520075552,17.45115666198007
-116.560723,200,95.831019,0.0,0.2625917728911904,2856.0128054980505,17.193668344043978,14.280064027490253
-69.960095,200,95.96359,0.0,0.4799612138489298,2656.416152796563,16.244925240433215,13.282080763982815
-67.940712,200,96.095112,0.0,0.22615203360365735,3012.7672737548864,17.246451498422367,15.063836368774432
-60.459759,200,96.226178,0.0,0.2703255242738165,3258.025150079985,18.432785896798173,16.290125750399923
-129.47383,200,96.357706,0.0,0.6043120998466565,3240.535235795758,19.68763297145025,16.20267617897879
-33.54736,200,96.480247,0.0,0.19088629441837635,3438.496754791096,20.052088706295464,17.19248377395548
-82.981163,200,96.956845,0.0,0.21478459940392697,3150.5360932714843,18.00493681945678,15.752680466357422
-110.601918,200,97.104369,0.0,0.4847720691468275,3325.9597598949426,19.398361555617385,16.629798799474713
-79.771029,200,97.237531,0.0,0.2533260652835809,3031.3516815242233,17.454376198811456,15.156758407621117
-110.230466,200,97.366593,0.0,0.5370552239801588,2957.1936674750327,17.245437007211432,14.785968337375163
-50.605257,200,97.495133,0.0,0.3895592312453607,3457.4367037799075,19.168998833540428,17.28718351889954
-167.76213,200,97.619664,0.0,0.7865418676905166,3274.487399763037,19.795496586686745,16.372436998815186
-58.996072,200,97.747669,0.0,0.2824113579478421,2809.989838753023,17.13403116168641,14.049949193765114
-82.528665,200,97.879222,0.0,0.37589592852991527,3355.301349403121,19.5069787225065,16.776506747015606
-42.452179,200,98.006753,0.0,0.1493181504748268,3336.1007833914837,19.58500521849008,16.68050391695742
-117.300285,200,98.134794,0.0,0.47478811826877965,3433.498518304251,18.985777610936932,17.167492591521253
-47.457135,200,98.60631,0.0,0.14032933670110728,3336.1067478892674,19.07329301112066,16.680533739446336
-66.882092,200,98.749332,0.0,0.2492074424147325,3392.847763742101,19.649850024121,16.964238818710506
-113.309941,200,98.88289,0.0,0.5183220254688797,3270.361073313212,19.110096489072237,16.351805366566058
-175.21747,200,99.008427,0.0,0.8613173197151166,3471.971858545265,19.698740251675332,17.359859292726327
-108.790213,200,99.139472,0.0,0.3687302456419678,3170.413292291077,18.23875043920321,15.852066461455387
-163.331248,200,99.266939,0.0,0.7167255821263766,3329.1233336616538,19.259821712605003,16.645616668308268
-107.199685,200,99.40217,0.0,0.4195647279598337,2527.6918081319463,15.788363687929234,12.638459040659733
-103.94925,200,99.529762,0.0,0.3949507140708751,3003.512902015658,18.214316223736827,15.017564510078289
-93.0789,200,99.657257,0.0,0.3997708670434979,3504.7766876976975,19.51128551742164,17.523883438488486
-49.692907,200,99.785846,0.0,0.25379409295836686,3253.9635664598804,18.489492026347982,16.269817832299402
-84.839079,200,100.263153,0.0,0.25866944451113744,3070.190097100337,18.020065151316356,15.350950485501684
-99.104959,200,100.418668,0.0,0.46264494428746905,3155.826982458811,19.029514511515757,15.779134912294055
-88.11166,200,100.548712,0.0,0.38710838908044587,3141.6517836102366,18.964175826695428,15.708258918051182
-156.364628,200,100.682191,0.0,0.7741604323836572,3405.7412262310163,19.97198738772037,17.028706131155083
-83.470369,200,100.80974,0.0,0.37651552773132474,3495.1784228457177,20.14812671386139,17.47589211422859
-57.686212,200,100.937814,0.0,0.32399278339993715,2893.248770896252,17.674756501067453,14.466243854481261
-159.330286,200,101.068331,0.0,0.7552663605027767,3143.3175463363586,18.535336459619003,15.716587731681793
-138.033941,200,101.197874,0.0,0.6022435064272869,3304.9660455593166,19.38759863269213,16.524830227796585
-134.141524,200,101.325246,0.0,0.591544007416914,3599.900253776554,20.037737086677005,17.99950126888277
-122.721627,200,101.453821,0.0,0.4144327809064489,2933.208656953896,16.766115431979077,14.66604328476948
-127.321867,200,101.923772,0.0,0.5410509568806655,3233.5056775745225,18.646704763164966,16.16752838787261
-14.279653,129,102.022255,1.0,0.04999968177591132,2112.200225272798,12.161634927720934,16.373645157153472
-49.979142,200,102.17683,0.0,0.23798083412469304,3079.359103048165,18.309221352718428,15.396795515240823
-63.681003,200,102.308387,0.0,0.2461354111483853,3160.4654363295194,18.216963705884627,15.802327181647597
-131.211594,200,102.437379,0.0,0.6155279114512026,3254.2613602303686,19.34105225046262,16.271306801151844
-110.293422,200,102.566919,0.0,0.33866971627042214,3077.895519689002,17.7117049954337,15.38947759844501
-57.659599,200,102.694439,0.0,0.2858688028948825,3231.3637963873975,19.020589405935446,16.156818981936986
-88.755408,200,102.828447,0.0,0.29296196118646606,2991.7397024661323,17.06975556595072,14.958698512330662
-52.138822,200,102.957942,0.0,0.2205747416593359,3296.8637819479895,18.96963203854993,16.484318909739947
-162.566934,200,103.085482,0.0,0.7972004044710908,3396.192879025629,19.720319238387788,16.980964395128144
-103.400953,200,103.215028,0.0,0.4293479053960132,2768.899079041223,16.789828517433705,13.844495395206115
-57.382757,200,103.665102,0.0,0.333815097981186,2926.7785253458587,17.600602664523002,14.633892626729294
-130.849821,200,103.819865,0.0,0.5924346638686192,3454.8475891363414,19.208795372758555,17.27423794568171
-109.744237,200,103.95774,0.0,0.46845162684141906,3560.0019788485274,20.683727435454184,17.80000989424264
-71.908379,200,104.092289,0.0,0.5150126885053328,2854.8158403084717,17.76318368168298,14.274079201542358
-70.351911,200,104.22631,0.0,0.24229509458104267,3377.0327786740704,19.47356104245854,16.88516389337035
-106.979028,200,104.358866,0.0,0.4648106638981539,3242.2236277331917,18.979118059377416,16.21111813866596
-66.431692,200,104.482333,0.0,0.42193042376497003,3047.15325168184,18.01375904617271,15.235766258409202
-108.170492,200,104.608875,0.0,0.44719076372018535,3237.640453727888,19.444453713609064,16.18820226863944
-169.59127,200,104.741013,0.0,0.8294008240505786,3485.0434061682695,19.652167136297496,17.42521703084135
-95.255418,200,104.872539,0.0,0.4299655421888915,2846.2078856103954,16.9233681674814,14.231039428051977
-143.955659,200,105.338461,0.0,0.711147494706626,3405.3842563498574,19.1299198978648,17.02692128174929
-152.187834,200,105.491984,0.0,0.6947282135360473,3265.0952895154956,18.679731552426915,16.32547644757748
-30.079673,200,105.62509,0.0,0.16331948747144243,3289.897199665031,18.42244352997275,16.449485998325155
-103.98342,200,105.754613,0.0,0.43961217067127345,3194.5131969127146,18.865642266621514,15.972565984563573
-114.911732,200,105.880852,0.0,0.3921307923730852,3354.998065735852,19.71143953999206,16.77499032867926
-50.424537,200,106.008917,0.0,0.19279928319427486,3409.0368500006443,19.761681787247507,17.04518425000322
-136.931114,200,106.139876,0.0,0.6429313315542452,3078.7794686180805,18.069608155493402,15.393897343090403
-82.346153,200,106.272405,0.0,0.3481583933363878,3361.699558225234,19.341125079592125,16.808497791126168
-105.743143,200,106.404928,0.0,0.46670867374040675,3112.62882620931,18.968045477073847,15.563144131046549
-101.219185,200,106.529912,0.0,0.3342007733747153,3057.42866048665,17.85600669408508,15.28714330243325
-62.15438,200,107.003641,0.0,0.2644597318818563,2915.1665182932734,17.56525471469652,14.575832591466368
-91.741751,200,107.154668,0.0,0.4158412600349884,3223.608960510972,18.60744825929666,16.11804480255486
-81.841421,200,107.3002,0.0,0.35947074365786325,3158.451553395904,18.81042646312636,15.79225776697952
-118.544581,200,107.429249,0.0,0.44185713161490586,2917.39216017607,17.205850343370486,14.58696080088035
-107.695809,200,107.56274,0.0,0.5275383197296253,3181.454382017793,18.735273776946304,15.907271910088964
-134.374381,200,107.691287,0.0,0.6616580098910008,3723.4292650999037,21.423585204543773,18.61714632549952
-109.545567,200,107.821794,0.0,0.5253406870147395,3097.1293662632993,18.53550219055135,15.485646831316496
-72.594408,200,107.945826,0.0,0.2911235118294942,2892.7391359895455,17.58668519853742,14.463695679947728
-64.944634,200,108.076787,0.0,0.3012642551276497,2726.0549356572665,16.73141486919515,13.630274678286332
-112.588196,200,108.2003,0.0,0.551542444674251,3409.1862644362013,19.918877921676177,17.045931322181005
-136.417773,200,108.326565,0.0,0.608310615482613,3306.4017822607,19.565992039242854,16.5320089113035
-160.577881,200,108.79019,0.0,0.7839493173441255,3371.704980370087,19.39203108956406,16.858524901850434
-49.41591,200,108.946232,0.0,0.17099770036046602,3157.453541818727,18.508516810681392,15.787267709093635
-97.753239,200,109.077755,0.0,0.46604938340695456,3250.905491170393,19.67980439871874,16.254527455851964
-86.740329,200,109.209315,0.0,0.4156653000084453,3270.3218696725494,19.38288085946448,16.351609348362746
-45.780657,200,109.340362,0.0,0.23891360591707175,3327.1049845871844,18.72281358373897,16.63552492293592
-123.635147,200,109.47192,0.0,0.5773210217027345,3248.7236346863847,19.246953967980367,16.243618173431923
-58.439578,200,109.594447,0.0,0.35962332397649105,3109.601262982053,18.525060019218003,15.548006314910264
-116.427076,200,109.724976,0.0,0.45648477358448947,3177.3057564117917,18.984449163309034,15.886528782058958
-138.722548,200,109.858058,0.0,0.605313297364512,2945.752230600452,17.84913095492682,14.72876115300226
-85.225066,200,109.989675,0.0,0.3161630151778428,2647.03453448778,16.074465495302473,13.2351726724389
-68.354142,200,110.482744,0.0,0.2984385964492071,2907.986468202053,17.343356971013645,14.539932341010264
-141.116345,200,110.623886,0.0,0.6066459733757474,3127.833617853608,18.12222750147442,15.63916808926804
-93.28329,200,110.761901,0.0,0.36947133486222,2839.171481773723,16.74316107198285,14.195857408868614
-81.077543,200,110.892049,0.0,0.33968581506461415,2999.515512398394,18.228261118570845,14.997577561991971
-62.771205,200,111.022598,0.0,0.3198988251815217,2862.134245566096,17.145890505790742,14.31067122783048
-112.960727,200,111.156608,0.0,0.4824998115976239,3196.206168642838,18.888226042936886,15.981030843214189
-100.384373,200,111.290152,0.0,0.3460082303814495,2996.9458086643667,17.58400200905366,14.984729043321833
-147.856804,200,111.417681,0.0,0.6539241017385673,3276.23262315948,19.5770936967667,16.381163115797403
-109.139318,200,111.544783,0.0,0.44853248951809505,3002.290432474368,17.92908355590754,15.01145216237184
-104.538598,200,111.673275,0.0,0.48316332099842463,3351.0042239538984,19.513862766297528,16.75502111976949
-62.541177,200,112.131887,0.0,0.3425536553686887,2965.009053384989,17.57283725164542,14.825045266924944
-115.281788,200,112.273087,0.0,0.4867732877651073,3065.597408709684,18.19520432844713,15.327987043548418
-102.813404,200,112.409603,0.0,0.49065710492783166,3303.8963058166614,19.4935335430396,16.519481529083308
-108.252494,200,112.540145,0.0,0.4275204907267803,2725.6395338533644,16.454784333743685,13.628197669266822
-121.494547,200,112.67669,0.0,0.5304164904036845,3122.430306957909,18.623712833443076,15.612151534789545
-56.337759,200,112.810779,0.0,0.2797089282737427,3002.0754636913434,17.518243800046882,15.010377318456717
-128.701251,200,112.937879,0.0,0.5548165127996718,3110.4521049856244,18.39174958496341,15.552260524928123
-33.012108,200,113.069383,0.0,0.0738616200243338,3183.664094264002,19.237624595876667,15.91832047132001
-87.047465,200,113.200944,0.0,0.3986477577030189,3473.2993819937737,19.839089926694147,17.36649690996887
-84.486694,200,113.331997,0.0,0.5903255734057983,2874.7142281267734,16.906469663482056,14.373571140633867
-85.773082,200,113.79089,0.0,0.3805835549148351,2633.2126109512024,16.256005483432077,13.166063054756012
-144.399775,200,113.946918,0.0,0.7108431334994816,3161.3635600180132,19.08827492048514,15.806817800090066
-51.557951,200,114.086446,0.0,0.2745250911848647,3439.6055215216797,19.100012383882405,17.1980276076084
-39.837083,200,114.218031,0.0,0.27435239435165876,3248.227648059496,17.93492206838551,16.24113824029748
-57.647678,200,114.349071,0.0,0.23644353627858186,3626.046066854909,20.907068483261465,18.130230334274543
-96.575647,200,114.47459,0.0,0.4679245873247277,3540.942386386349,20.136550764798045,17.704711931931744
-93.655762,200,114.605115,0.0,0.44756733960842815,3139.4826227999038,18.381320796523184,15.697413113999518
-118.251265,200,114.738959,0.0,0.5066907386214501,2921.95997239447,17.546856829773063,14.609799861972348
-128.073902,200,114.866562,0.0,0.5389771247214656,3153.2699249365846,18.044385942490155,15.766349624682924
-138.563401,200,114.996743,0.0,0.681343381131581,3136.372238264574,18.15383097992919,15.681861191322872
-40.287425,200,115.129752,0.0,0.18105529542763735,3494.4784810838346,20.382815219362715,17.47239240541917
-128.349575,200,115.617523,0.0,0.5063690612224638,2782.653403792771,16.986107861276697,13.913267018963854
-177.218201,200,115.755116,0.0,0.8719163637761709,3286.66842285112,18.788333088007906,16.4333421142556
-150.850945,200,115.888587,0.0,0.7351484905393582,3146.7476437364667,18.91647831448101,15.733738218682333
-59.93447,200,116.018174,0.0,0.3500154306477737,2504.576668107798,15.622036345041588,12.52288334053899
-83.70924,200,116.150206,0.0,0.3763150384192385,3187.2343351304157,18.767459375910146,15.936171675652078
-48.587208,200,116.275066,0.0,0.14955155797628578,3120.70467740335,18.15656028591448,15.60352338701675
-179.23278,200,116.405584,0.0,0.877380033999895,3508.827748362748,20.353830605575556,17.54413874181374
-59.11789,200,116.530638,0.0,0.39709272738330903,2945.5910626453365,17.664638668297158,14.727955313226682
-92.231986,200,116.661841,0.0,0.4820380340166611,3246.090485451906,18.78647802794503,16.23045242725953
-86.24816,200,116.792372,0.0,0.4409186542127163,2914.234060305503,16.952801589847017,14.571170301527516
-94.935251,200,117.283173,0.0,0.43998497842114337,3202.930403271018,19.201660388345612,16.01465201635509
-62.992161,200,117.423697,0.0,0.18117593807159066,2643.57397946329,16.32532225307851,13.21786989731645
-170.187002,200,117.555748,0.0,0.8273922929373033,3253.533633575559,18.874306732961436,16.267668167877797
-42.783119,200,117.690114,0.0,0.15726850702948056,3168.893630529053,18.323598800995832,15.844468152645266
-105.20489,200,117.819631,0.0,0.45842957320303146,2979.3392379910724,17.375325576605167,14.896696189955362
-147.437606,200,117.943622,0.0,0.6565999665535216,2945.502425249662,17.778144129622152,14.727512126248309
-92.298507,200,118.071154,0.0,0.3971375178029104,3015.766356186223,17.6829171768085,15.078831780931116
-156.609787,200,118.203354,0.0,0.7764059701333812,3118.1521771886078,18.413813349443398,15.59076088594304
-85.245386,200,118.332445,0.0,0.4488149492557077,3237.281270431345,19.099572896122453,16.186406352156727
-68.992774,200,118.457953,0.0,0.332864567005717,2951.084667091558,17.79211242042626,14.75542333545779
-105.967141,200,118.915568,0.0,0.49706651797458423,2995.472892424702,18.53210443033078,14.97736446212351
-84.867135,200,119.082597,0.0,0.3126750967311615,2940.016335115627,17.82047218234138,14.700081675578135
-167.740675,200,119.221365,0.0,0.7771316870660137,3429.300789325992,19.51125454376496,17.14650394662996
-130.941537,200,119.350025,0.0,0.6320663617203989,3475.2865794582167,19.96803394789642,17.37643289729108
-70.205416,200,119.483265,0.0,0.5043260988590833,2772.2172909327924,16.576160560302124,13.861086454663962
-64.105482,200,119.611817,0.0,0.3871254366486999,2801.6195256232804,16.70771474213768,14.008097628116403
-51.538981,200,119.743784,0.0,0.3308245519159268,3383.439743898046,19.677226662680045,16.91719871949023
-164.1191,200,119.871297,0.0,0.7161932789573446,3442.6701763483443,19.93519279048364,17.21335088174172
-146.367741,200,120.004789,0.0,0.7232058100387775,3202.8920489744,18.846955354680667,16.014460244872
-126.247041,200,120.129344,0.0,0.5476466548276361,2735.0460884365816,16.66197959664615,13.675230442182908
-54.522412,200,120.574357,0.0,0.18683485821170978,2796.1292993587917,16.765896831653667,13.980646496793959
-48.353074,200,120.717838,0.0,0.36524701394922804,3274.338083510081,19.22865493260797,16.371690417550404
-149.834112,200,120.861873,0.0,0.6956516248541063,3115.512026270321,19.059785408922377,15.577560131351603
-178.128303,200,120.992435,0.0,0.8790905294805123,3517.1080262940127,20.418889693195545,17.585540131470065
-112.070699,200,121.122933,0.0,0.4851464353235767,2679.731586664392,16.49207063988462,13.39865793332196
-126.589162,200,121.249553,0.0,0.48607420434341014,2664.309800010764,16.583713565746173,13.32154900005382
-122.083812,200,121.377501,0.0,0.4233741278478338,2842.138978530552,16.605708519531934,14.210694892652759
-63.932445,200,121.51126,0.0,0.1669466222594857,3175.4501721827196,18.47179085557269,15.877250860913598
-127.260087,200,121.638332,0.0,0.5870797888369826,3059.4815877766587,18.007718321110364,15.297407938883293
-81.247045,200,121.764987,0.0,0.3547501913717979,2633.0127546002736,15.925382358000231,13.165063773001368
-78.813339,200,121.889457,0.0,0.3809651850782133,2737.211275488597,16.727262795149482,13.686056377442986
-29.916989,200,122.339583,0.0,0.27172920959606256,3104.0860669610715,17.5014565804308,15.520430334805358
-46.830706,200,122.4791,0.0,0.2616631132293639,3241.7549854467147,18.901604042147863,16.208774927233573
-83.016177,200,122.610639,0.0,0.21472390578373565,2228.6577152090636,13.271706915624884,11.143288576045318
-51.650044,200,122.73631,0.0,0.4536761291588164,3183.295483512991,18.76104215206776,15.916477417564954
-94.684204,200,122.865891,0.0,0.3295846616967898,2484.56672976728,15.755092164702866,12.422833648836399
-51.028194,200,122.998434,0.0,0.31633453620415103,3342.0189091411794,19.23134040431139,16.710094545705896
-23.590839,106,123.068631,1.0,0.04659602032639852,1137.7984451319933,7.4476250898068255,10.733947595584842
-67.052088,200,123.20008,0.0,0.3366114067292396,3285.0714905972645,18.85581585840711,16.425357452986322
-102.887441,200,123.325666,0.0,0.4370041748150125,3184.877869070923,18.479800692895335,15.924389345354616
-71.772097,200,123.451667,0.0,0.22713993724349313,2714.4423476970164,16.42462713668173,13.572211738485082
-15.699063,121,123.531559,1.0,0.04593055500159369,1824.8190463361866,10.752664239154871,15.081149143274269
-86.974634,200,124.000074,0.0,0.29412569605824423,2724.2436085642166,16.62176455282432,13.621218042821083
-95.753438,200,124.14712,0.0,0.3685725791255103,3104.741462396134,17.96632684491615,15.52370731198067
-125.583201,200,124.276093,0.0,0.5801078615590323,3171.0446800985187,18.135111458202108,15.855223400492594
-42.596696,195,124.406348,1.0,0.04769623495358545,2823.2648183539545,16.044000809881275,14.478281119763869
-119.129942,200,124.540918,0.0,0.44908261662465815,3111.807369634721,17.64403441445994,15.559036848173605
-43.97497,200,124.673116,0.0,0.32876235532105424,2348.200242230108,14.60142418459906,11.74100121115054
-16.103549,68,124.713125,1.0,0.04603605324519194,770.3043888097293,4.856077094037459,11.328005717790136
-50.045526,200,124.839138,0.0,0.09497363547161583,2792.2743613021185,16.742384405338086,13.961371806510591
-31.592055,200,124.970678,0.0,0.15195903065865687,2234.098015215765,13.943540671380827,11.170490076078824
-9.872835,37,124.994656,1.0,0.045163489285478774,418.82310978837864,2.687044864405059,11.319543507794018
-60.326264,200,125.122181,0.0,0.5138756678735572,2932.279566814601,17.01714378087107,14.661397834073005
-131.526209,200,125.59477,0.0,0.5608696154120637,3303.8049084983168,19.755649077195848,16.519024542491582
-81.42546,200,125.750592,0.0,0.2931471072561691,2858.0956884101474,16.970830063225808,14.290478442050738
-149.286039,200,125.890631,0.0,0.6345640552347024,3144.4983194960187,18.06614332552833,15.722491597480094
-73.456651,200,126.021158,0.0,0.1868092015831645,2557.348830332438,15.403119733558013,12.78674415166219
-65.752158,200,126.151193,0.0,0.21870164315311208,2990.8677858521323,16.754769964777324,14.954338929260661
-83.144427,200,126.285721,0.0,0.43626480799275585,3108.9770350104964,18.287575533245665,15.544885175052482
-80.65274,200,126.419245,0.0,0.27553106432549346,2834.135509379995,17.30429068163554,14.170677546899974
-124.222826,200,126.551283,0.0,0.5160343485339326,2916.7210047957897,17.739791823176223,14.583605023978949
-105.654757,200,126.680799,0.0,0.37517330304525587,2649.720941020816,15.705436805986045,13.24860470510408
-77.622415,200,126.810314,0.0,0.2559756793710374,2633.4641579364265,16.47174156429928,13.167320789682133
-168.550879,200,126.94335,0.0,0.7787948417359302,3152.7348610290496,18.311846656575277,15.763674305145248
-111.680199,200,127.423292,0.0,0.48470291077667765,3208.978757071459,19.03304195033987,16.044893785357296
-74.945639,200,127.564314,0.0,0.21352146982770895,2878.1122213684835,16.97409496973321,14.390561106842418
-165.895619,200,127.695843,0.0,0.7698425177447824,3560.798450445949,20.635459589143583,17.803992252229747
-65.267856,200,127.830379,0.0,0.20715736308525645,2676.084421552406,16.379692428483477,13.380422107762032
-70.762954,200,127.971383,0.0,0.5711134876037824,2929.8148303019284,16.929016001482925,14.649074151509643
-28.989815,173,128.083494,1.0,0.049696627158360304,2372.995625829757,14.111854269359329,13.716737721559289
-16.167636,139,128.177015,1.0,0.049361629629065235,1937.0808762153608,11.510367218646156,13.935833641837128
-39.623785,200,128.312533,0.0,0.19318101817614425,2864.7262697101633,16.313027878813983,14.323631348550816
-112.85607,200,128.44557,0.0,0.44393039104992205,3457.333449242091,19.330270739073505,17.286667246210456
-79.419373,200,128.571801,0.0,0.6421690923056959,2994.53618911758,17.34072958274409,14.9726809455879
-145.497538,200,129.018857,0.0,0.6375051077085357,3195.3751049499997,19.009976300648074,15.976875524749998
-65.853677,200,129.164881,0.0,0.24607017817048832,3043.267551443259,17.82647688605392,15.216337757216294
-144.547144,200,129.30541,0.0,0.6630237451255372,2785.694436005425,17.147146056516785,13.928472180027125
-102.845623,200,129.439448,0.0,0.359615491953866,2490.9459553831425,15.277527850578343,12.454729776915713
-108.539645,200,129.573966,0.0,0.46238926833408606,3272.556594886312,19.18804609738316,16.36278297443156
-94.32329,200,129.707487,0.0,0.36767538248971693,3243.0820552975033,18.99378904201374,16.215410276487518
-125.137371,200,129.839543,0.0,0.5572904547769217,3263.3742854199695,19.018179258785317,16.316871427099848
-150.935363,200,129.964912,0.0,0.637355478623568,3046.302461294541,17.732349619882097,15.231512306472705
-80.63795,200,130.104503,0.0,0.6297648591492551,2682.32975101577,15.21812150970031,13.41164875507885
-139.769796,200,130.233826,0.0,0.5668661154308352,3230.494919716009,18.793357724017547,16.152474598580046
-143.004702,200,130.362868,0.0,0.5980164970784431,3408.9500745881123,19.478776381978214,17.044750372940562
-154.01639,200,130.81192,0.0,0.6843573748404267,3053.249006559861,17.678735682373855,15.266245032799304
-165.60217,200,130.950967,0.0,0.7601930812185028,3201.847215657916,18.463456332861874,16.00923607828958
-100.810742,200,131.086482,0.0,0.46597830554647807,3047.980952669128,18.158264104805742,15.23990476334564
-47.881944,200,131.215004,0.0,0.21549347612691566,3213.249789874684,17.20740706255674,16.06624894937342
-59.066681,200,131.346601,0.0,0.46361775744532246,1834.7727667988033,11.908122641507191,9.173863833994016
-35.131989,200,131.476134,0.0,0.15798687670001782,2913.2393711437485,17.080407087682378,14.566196855718742
-80.536618,200,131.605646,0.0,0.40684205255410055,2857.013885125264,17.177599386600466,14.28506942562632
-152.069691,200,131.738683,0.0,0.6144174567832142,3230.9387286611145,18.96854852260946,16.154693643305574
-17.042871,60,131.778682,1.0,0.04992841072061885,494.83279421366404,3.770048979828359,8.247213236894401
-73.580327,200,131.904201,0.0,0.5781965357646458,2734.0886980491646,15.741420652474563,13.670443490245823
-81.133357,200,132.035251,0.0,0.2774319806620074,2822.3754252780673,15.960053051918837,14.111877126390336
-55.337353,200,132.540131,0.0,0.4320875528290156,3374.939629277335,18.35588813229712,16.874698146386674
-59.812562,200,132.685423,0.0,0.14662906896581765,2715.063990675784,15.64711398246365,13.575319953378921
-80.051728,200,132.814938,0.0,0.28534586919058375,2282.4218127166773,14.948749709050642,11.412109063583387
-125.431461,200,132.940962,0.0,0.4708771970228462,2958.587095960446,16.66652465326754,14.79293547980223
-120.97477,200,133.066477,0.0,0.5352259317748034,2702.157703251938,16.939847781209586,13.51078851625969
-146.60353,200,133.192993,0.0,0.693681069863214,3219.8653639183644,18.75503181975421,16.099326819591823
-111.692944,200,133.321547,0.0,0.3615295546227916,2783.4826440389716,16.755729189380105,13.917413220194858
-106.786498,200,133.452581,0.0,0.39719697178664787,2813.1278071145516,16.57082766480959,14.065639035572758
-122.409569,200,133.586107,0.0,0.46485256959426535,2596.3214589739914,16.080184908656758,12.981607294869956
-121.431166,200,133.714264,0.0,0.4907451499036237,2845.8011285721172,17.189385138409268,14.229005642860587
-144.252753,200,134.187629,0.0,0.593153550133372,3383.5460908978566,19.70695114046024,16.917730454489284
-160.835053,200,134.335147,0.0,0.7214794119087745,3250.974583261665,19.37339893033336,16.254872916308326
-113.657434,200,134.468192,0.0,0.5041704067164503,3402.163068099669,19.68200985895179,17.010815340498347
-75.357446,200,134.601825,0.0,0.22162371105791953,2658.4401461128405,15.810247255201585,13.292200730564202
-89.199013,200,134.736864,0.0,0.17391145680036302,2834.8104994193573,16.60067699805023,14.174052497096786
-70.195197,200,134.870205,0.0,0.3238476469407637,2872.894903945914,16.297773195763646,14.36447451972957
-94.715512,200,135.000725,0.0,0.2760333315162623,3100.264406130574,17.603644639905617,15.50132203065287
-62.274398,200,135.12929,0.0,0.22458918372879044,3165.19500410627,18.214161237499216,15.82597502053135
-84.737558,200,135.258374,0.0,0.26143711512038886,3037.8273287746224,17.136080321167107,15.189136643873113
-103.460523,200,135.389749,0.0,0.3866448427672881,2823.2321542570276,16.831544412378673,14.116160771285138
-112.25923,200,135.844329,0.0,0.38657736979807156,3253.8977437031026,18.850689891872914,16.269488718515515
-46.975257,200,135.994844,0.0,0.0963574948665036,3393.869258259348,19.253707510919394,16.96934629129674
-113.756893,200,136.131384,0.0,0.42443781620864723,2733.755502695462,16.807387857852955,13.668777513477309
-93.452178,200,136.273434,0.0,0.31938336227212827,2520.0851043905463,15.916572346801717,12.600425521952731
-115.334571,200,136.40696,0.0,0.4743645235062584,2829.7418298342077,17.1874715700489,14.148709149171038
-164.758443,200,136.528487,0.0,0.7215612054315772,2984.1180159820756,18.02173273887522,14.920590079910378
-92.682125,200,136.657438,0.0,0.2500980189822058,2834.1983684512534,16.121286502446953,14.170991842256267
-56.444012,200,136.784659,0.0,0.22864814448346052,2618.642167294351,15.445722488144662,13.093210836471755
-55.872669,200,136.913113,0.0,0.21225934072934738,2487.3156051414826,14.947732582822237,12.436578025707412
-98.565366,200,137.044168,0.0,0.39681234699997386,2931.535311000352,17.195549885346512,14.65767655500176
-40.740827,177,137.463228,1.0,0.04930814159645209,2433.845573612942,14.728483468834606,13.750539963914928
-97.121691,200,137.615747,0.0,0.430207956573673,3154.294970206716,19.24545542189513,15.77147485103358
-170.950089,200,137.750796,0.0,0.7499133010697013,3112.253109054992,18.18884472476844,15.56126554527496
-65.185541,200,137.881315,0.0,0.3650547499725616,2252.0938187774195,14.505492675794757,11.260469093887098
-63.860244,200,138.007843,0.0,0.3207903376060558,2935.0530316874765,17.94975130532228,14.675265158437382
-107.331515,200,138.139154,0.0,0.3700098401649465,3228.8037268854105,18.217799978346953,16.144018634427052
-143.678498,200,138.27868,0.0,0.6553648825164958,3310.4306856192843,19.008057705059485,16.55215342809642
-153.914991,200,138.408208,0.0,0.7095393329992796,2934.070495002505,17.93062444570881,14.670352475012526
-124.131814,200,138.536732,0.0,0.4598308377464189,3010.629779768476,16.731672633106086,15.05314889884238
-95.874998,200,138.670316,0.0,0.5078280441287016,2436.766805149577,15.306303323177943,12.183834025747885
-70.450343,200,138.803015,0.0,0.1722165497330547,2690.26404969694,15.810911001239358,13.4513202484847
-101.872909,200,139.270611,0.0,0.3640788719931685,3085.9712230342234,17.130142543355714,15.429856115171116
-25.525916,172,139.391126,1.0,0.04504512355107951,2569.3838498377395,15.280336508808213,14.938278196731044
-84.872074,200,139.526206,0.0,0.42012693802021206,2677.8802718582947,15.75479051074673,13.389401359291474
-161.177028,200,139.662257,0.0,0.7898323643520859,3563.0452701341383,20.239461180027213,17.81522635067069
-29.400002,165,139.763779,1.0,0.047763475633205314,2181.338607314992,13.970739718360978,13.220233983727223
-102.597175,200,139.892298,0.0,0.3804091884598961,3176.3832968297447,18.156332305795555,15.881916484148723
-137.50617,200,140.01881,0.0,0.6150826416450709,3334.3778478666113,18.766635045760825,16.671889239333055
-114.722036,200,140.144815,0.0,0.4391671600572684,3008.752911861904,17.579153693340785,15.04376455930952
-42.12932,200,140.281367,0.0,0.2562470985378852,3394.2338926771304,18.572081127338933,16.971169463385653
-114.359933,200,140.419895,0.0,0.543266179123277,3276.377259297198,19.40229536811528,16.38188629648599
-84.790866,200,140.888927,0.0,0.3829978768314331,3014.048753301482,17.19113693943076,15.07024376650741
-15.325749,122,140.976439,1.0,0.04748283253892852,1802.4830117253869,10.696589702790341,14.774450915781859
-75.598509,200,141.113323,0.0,0.3410939261324981,2584.9304161378063,15.936674327157506,12.924652080689032
-104.490766,200,141.249558,0.0,0.44175990741873084,3221.1366688250782,18.559464606033654,16.105683344125392
-96.698343,200,141.377086,0.0,0.4471622308958307,2553.5155771289333,14.939859767279597,12.767577885644666
-121.392895,200,141.509604,0.0,0.5690338167138604,2600.8078798073666,16.782527370444335,13.004039399036833
-125.530314,200,141.641646,0.0,0.5829606040869264,3149.717511955624,18.731486463004313,15.748587559778121
-7.925979,33,141.662644,1.0,0.04396141014581272,204.46304192823672,1.5189721635933158,6.195849755401113
-166.298659,200,141.788176,0.0,0.7606299511824368,3130.186980444687,17.81081532367164,15.650934902223435
-13.246062,50,141.822176,1.0,0.049389044489399216,519.2342204811441,3.6017999582039537,10.384684409622883
-141.124301,200,141.947215,0.0,0.6800385151195439,2923.2937653856593,17.474729908187776,14.616468826928296
-93.94663,200,142.074733,0.0,0.6211687740656994,2489.4539355656466,15.427570325763206,12.447269677828233
-178.493784,200,142.51277,0.0,0.8774887609925263,3068.6993095372313,18.403541872623073,15.343496547686156
-165.029477,200,142.659792,0.0,0.7716450673759939,3118.2103663332173,17.951423485172263,15.591051831666086
-139.654839,200,142.796312,0.0,0.5988880241038231,2824.1644720467907,17.4818959755778,14.120822360233953
-84.443313,200,142.929841,0.0,0.5506320742817907,2766.1967675944584,15.801849838496462,13.830983837972292
-46.7838,200,143.052862,0.0,0.3338827276492281,3287.9875041498003,18.25890090673959,16.439937520749
-102.295935,200,143.182382,0.0,0.467943790460184,2825.428002296986,17.542316418641846,14.127140011484931
-124.371232,200,143.315546,0.0,0.39670448468899844,2547.9722026035633,15.47436750751197,12.739861013017817
-136.005709,200,143.450228,0.0,0.6492226842226082,3442.7141089152883,20.140151028652667,17.21357054457644
-74.757356,200,143.582577,0.0,0.3135080907436285,3272.5472997809347,18.283632268350974,16.362736498904674
-31.542442,200,143.7101,0.0,0.17574634652592788,3054.1295498942413,17.795355625664833,15.270647749471207
-114.013931,200,143.841168,0.0,0.44563279122509936,3027.8260371435927,17.871194948645293,15.139130185717963
-74.28695,200,144.333235,0.0,0.27324168065037635,2891.7542960581795,15.956940470408718,14.458771480290897
-83.352083,200,144.472275,0.0,0.28376413051538274,3081.9680632971895,18.13259586954117,15.409840316485948
-88.621762,200,144.599791,0.0,0.4172864296763641,3078.149824427151,18.050903849500447,15.390749122135755
-31.41654,200,144.73133,0.0,0.11531176223814561,2701.068023209435,15.298435905781048,13.505340116047176
-45.171506,200,144.866327,0.0,0.4157116406248496,2641.183749469861,16.265226032146,13.205918747349306
-91.997384,200,145.000913,0.0,0.6790182520526316,2696.8338412454846,15.347717196151445,13.484169206227422
-44.688648,200,145.127443,0.0,0.26316558487283803,2590.7941839662617,15.499305871608833,12.953970919831308
-60.489172,200,145.253528,0.0,0.19856351555672752,3032.060449508115,18.10993411783008,15.160302247540576
-151.722317,200,145.38505,0.0,0.6455276054281098,2915.9589771815263,17.092128985082496,14.579794885907631
-104.506035,200,145.514729,0.0,0.43353382173406296,2604.5247858753028,15.047005495056807,13.022623929376515
-151.231608,200,145.98348,0.0,0.6844064749875469,3148.092113769432,18.217026257028703,15.740460568847162
-126.729887,200,146.117049,0.0,0.6078919385001015,3443.8331376531546,18.800785340276132,17.21916568826577
-15.175111,56,146.155586,1.0,0.048151602866405525,578.1904886460261,4.128697999280924,10.324830154393323
-14.429284,50,146.190554,1.0,0.048873582958281835,398.69219546528365,3.1199946593164554,7.973843909305673
-19.86228,142,146.287025,1.0,0.048956949630759396,2232.0434516176133,12.15937970495051,15.718615856462065
-57.864172,200,146.417564,0.0,0.09194005734616445,2637.702358620835,14.904274546018978,13.188511793104176
-79.118131,200,146.546583,0.0,0.5109312977854188,2632.3208303940983,15.65287141448816,13.161604151970492
-57.331305,200,146.671094,0.0,0.4445824132452704,3113.5882711817226,17.356974741053392,15.567941355908612
-49.100904,200,146.802602,0.0,0.21730346757261715,2639.975675337977,15.930191609676445,13.199878376689885
-159.701225,200,146.932156,0.0,0.7587227692227343,3089.7785197255134,18.682632986979662,15.448892598627568
-142.328942,200,147.062139,0.0,0.6386060501784208,3043.98749012425,18.195470100344316,15.21993745062125
-93.254518,200,147.192661,0.0,0.5076388799563731,2871.7050532093576,17.490994603838264,14.358525266046788
-134.562893,200,147.641323,0.0,0.48241040815057146,3049.105111294176,17.58671258678637,15.245525556470879
-13.83777,57,147.689158,1.0,0.04808088528259555,606.7633341823973,3.9655197191014078,10.644970775129778
-62.261461,200,147.830269,0.0,0.18240130173056374,2642.990938464672,15.635015751883708,13.21495469232336
-134.666561,200,147.958765,0.0,0.5328747487748634,3129.0015891898543,17.672503633524272,15.64500794594927
-120.103331,200,148.089306,0.0,0.3982003720563356,3147.5158987297887,18.143787254263163,15.737579493648944
-52.893253,200,148.220808,0.0,0.18102351599247832,2863.557348053124,16.84384516218177,14.31778674026562
-63.859923,200,148.352854,0.0,0.43713671088711364,2845.588558414319,16.021791407122645,14.227942792071595
-95.098741,200,148.479339,0.0,0.3137476175803474,2882.9106377537455,16.453824283110695,14.414553188768728
-146.05079,200,148.611871,0.0,0.5019377668388633,3224.787654345669,18.335103257409095,16.123938271728345
-105.917229,200,148.744625,0.0,0.5076071934893928,2984.324853945601,17.725045366370647,14.921624269728005
-88.888913,200,148.871151,0.0,0.5073569936167438,3015.8760940005263,17.81200215810854,15.079380470002631
-84.162119,200,149.352535,0.0,0.5741899758619894,2724.5703861007287,15.86151922389908,13.622851930503643
-144.813991,200,149.50167,0.0,0.5729531755501514,3016.855831661516,17.188713310177917,15.084279158307579
-162.317312,200,149.633187,0.0,0.8015376174086339,3594.183579156187,20.299848211920388,17.970917895780936
-133.898799,200,149.76421,0.0,0.4735734549472458,3300.7125087854356,18.72124664906064,16.503562543927178
-134.311656,200,149.898455,0.0,0.6149828645943669,3358.875090627153,19.467417166110074,16.794375453135764
-64.557097,200,150.026611,0.0,0.16213711740967363,3417.8850364529776,19.518077569541266,17.08942518226489
-135.365825,200,150.152647,0.0,0.45081659038719823,2937.194269727961,17.325811804703907,14.685971348639805
-100.168984,200,150.285175,0.0,0.42443915278594607,2610.142872796529,16.09638665502379,13.050714363982644
-74.773956,200,150.418265,0.0,0.25636241389229153,2561.868732678722,14.639804779992494,12.80934366339361
-166.637579,200,150.550323,0.0,0.7008694142327866,2977.9076407486828,17.210827209706725,14.889538203743413
-76.50469,200,151.008388,0.0,0.2662779945690897,3167.830862223855,18.277056148388994,15.839154311119275
-94.45511,200,151.150411,0.0,0.3003070693760035,3020.595190227213,17.27258453458581,15.102975951136067
-125.600432,200,151.282929,0.0,0.3986205202047662,2837.872512162062,17.04558307552483,14.18936256081031
-64.511499,200,151.414452,0.0,0.40110503415373683,3015.403483511902,17.995641635742757,15.07701741755951
-88.388868,200,151.539995,0.0,0.44034349032891307,2640.2250249716567,14.888622799418883,13.201125124858283
-90.899744,200,151.669036,0.0,0.20776580253259339,2783.64090211771,15.720544965774758,13.91820451058855
-118.934125,200,151.801409,0.0,0.4276557860697411,3010.9134173706834,17.253125152580964,15.054567086853417
-38.853144,200,151.927922,0.0,0.16781193521709964,2853.0444686086266,15.951050594656415,14.265222343043133
-114.416864,200,152.056121,0.0,0.4894926823568878,3009.6894549716726,17.98296047886634,15.048447274858363
-74.986821,200,152.185846,0.0,0.4409325718344965,3116.800154719558,17.999853269344154,15.58400077359779
-100.707967,200,152.644436,0.0,0.35028776878304985,3098.3500329787207,17.03920916495819,15.491750164893604
-132.784332,200,152.800948,0.0,0.3863015370159626,2713.940658269229,15.559139094639638,13.569703291346146
-80.769184,200,152.939494,0.0,0.5645962193348395,2742.0612721165726,16.19332363747771,13.710306360582862
-92.67681,200,153.073956,0.0,0.4052747748201896,2718.8326361255054,15.581398552406565,13.594163180627527
-63.284726,200,153.207487,0.0,0.3651601280775247,2374.666142479622,14.359271856574027,11.87333071239811
-9.737687,36,153.232496,1.0,0.04453554728881311,303.750763342645,2.166285564055814,8.43752120396236
-127.460646,200,153.359559,0.0,0.5371826505813073,3334.4761400531206,18.58661680730503,16.672380700265602
-101.677772,200,153.489078,0.0,0.32009200264748194,3121.3347040264794,18.362469728849238,15.606673520132397
-84.277963,200,153.611589,0.0,0.3118640507070145,2852.6348610291307,16.037482512089625,14.263174305145654
-84.297823,200,153.740859,0.0,0.5371850165179782,2643.7475462171155,15.659136184935253,13.218737731085577
-42.61532,200,153.86886,0.0,0.24510007677999773,2821.305259793153,15.769400329916307,14.106526298965765
-115.644873,200,154.326932,0.0,0.3037183781535948,2846.4255913969946,16.625385046336298,14.232127956984973
-125.236249,200,154.499532,0.0,0.46760044371259163,2900.2000057421646,17.419597952437854,14.501000028710823
-52.897021,200,154.635057,0.0,0.21148125048005617,2902.2803541923568,17.335181486416275,14.511401770961784
-115.774322,200,154.767106,0.0,0.32367967160513145,2991.0832179099884,16.307032406336518,14.955416089549942
-76.642447,200,154.906632,0.0,0.4580928555528061,3196.6074483906486,18.60306789873875,15.983037241953243
-83.951844,200,155.039159,0.0,0.309248545211045,3118.2748899418793,18.72624361270342,15.591374449709397
-131.915377,200,155.170204,0.0,0.6099686904599632,3311.862443350243,19.05218926642436,16.559312216751216
-74.130652,200,155.300733,0.0,0.633837095125294,2491.093346673529,16.447017413958985,12.455466733367645
-59.783064,200,155.430253,0.0,0.36652092685834403,2632.953943959241,15.057600149686012,13.164769719796205
-97.29996,200,155.555298,0.0,0.3156376202931847,2679.01789285616,15.916495835137843,13.3950894642808
-66.109299,200,155.687826,0.0,0.5151957056428993,2590.9384387576793,16.169485871043214,12.954692193788397
-48.457374,200,156.154852,0.0,0.15516521233898264,2811.763785130802,16.66401917545648,14.058818925654009
-17.065417,133,156.251364,1.0,0.04169803492612625,1748.9577079906655,10.409963589400189,13.150057954817035
-96.681465,200,156.384909,0.0,0.1990238076202598,2638.998964593106,15.512548329373447,13.19499482296553
-68.633312,200,156.51462,0.0,0.2505986554443088,3043.225586321422,17.47143006366052,15.21612793160711
-141.387195,200,156.652271,0.0,0.5128225245605043,2861.5631803489678,16.402480379392653,14.307815901744839
-120.210437,200,156.776711,0.0,0.4675432510956939,3237.4677851315005,19.105306984696533,16.187338925657503
-66.576033,200,156.902237,0.0,0.5556583293036879,2522.645247494203,14.764318690842366,12.613226237471014
-65.541739,200,157.035771,0.0,0.36980269782255015,3003.540895172529,16.668705187118203,15.017704475862645
-76.048501,200,157.162609,0.0,0.43387277017695997,2643.521930213605,15.25252244388453,13.217609651068026
-37.033712,191,157.287139,1.0,0.04968528249032871,2924.8285896977195,16.8432878656552,15.313238689516856
-69.320659,200,157.730215,0.0,0.46954126562743537,3063.4365828618347,17.192884593336583,15.317182914309173
-119.13883,200,157.864903,0.0,0.3365475816542752,3045.157483569147,17.108217626094515,15.225787417845735
-31.564958,200,157.998428,0.0,0.1976803089065768,2407.537750153857,13.951435814961215,12.037688750769284
-143.308081,200,158.132952,0.0,0.5146329843527893,2938.5931852136514,17.43254615839395,14.692965926068258
-45.260409,175,158.253984,1.0,0.0464790753581311,2387.499793788969,13.752655739042742,13.642855964508394
-41.588029,200,158.381541,0.0,0.12810762099345913,2994.9630723830924,16.990166034165693,14.974815361915462
-92.923822,200,158.510875,0.0,0.30506336832956643,2874.021457724225,17.087419397860653,14.370107288621124
-58.586839,200,158.653662,0.0,0.22511981148180066,2813.565684116181,16.01059489579169,14.067828420580904
-93.43408,200,158.782331,0.0,0.7153290800618208,2470.835371498343,13.860704249935683,12.354176857491716
-89.53662,200,158.907892,0.0,0.7553900864562569,2706.8663572112123,15.712173512074981,13.534331786056061
-128.945488,200,159.044454,0.0,0.42314588473048725,3014.3290401619056,17.51537321490024,15.071645200809527
-81.28859,200,159.506713,0.0,0.2634879617334169,3270.7285203565666,18.25398989676044,16.353642601782834
-114.892811,200,159.649747,0.0,0.4184381594097655,3015.9201763958254,17.362094854831092,15.079600881979127
-75.091941,200,159.780281,0.0,0.4294735732767749,2728.586019522104,15.198822142459164,13.64293009761052
-76.760285,200,159.912354,0.0,0.43411926128016876,2563.341454096775,14.168563025117628,12.816707270483876
-136.203099,200,160.044947,0.0,0.47986293746052583,2995.0714226176,17.205910973389862,14.975357113088
-87.79821,200,160.176991,0.0,0.2829071370868609,3137.209269891935,18.082962832104883,15.686046349459675
-73.548858,200,160.308505,0.0,0.5388877563456802,2699.092032711496,15.280236833470276,13.49546016355748
-142.653092,200,160.435039,0.0,0.45694425210117784,2963.028056864575,16.640712812714693,14.815140284322874
-75.335322,200,160.567088,0.0,0.5860700042191265,2467.920096924177,14.250862134528498,12.339600484620885
-80.527725,200,160.697618,0.0,0.4003209066809732,2549.4196532409155,14.214727981754063,12.747098266204578
-67.089961,200,161.202177,0.0,0.2578887206286976,2644.399635178893,15.34866501575358,13.221998175894464
-80.246617,200,161.349028,0.0,0.2987761387754987,3028.8801313335184,17.422156999595245,15.144400656667592
-145.789203,200,161.481547,0.0,0.7193736062526502,3409.471984228459,19.937546569512907,17.047359921142295
-43.351595,200,161.609074,0.0,0.3185658085788256,3075.0452419061417,16.96681650062644,15.375226209530709
-99.373285,200,161.740592,0.0,0.29959707673174624,3157.167059722583,17.76807446352377,15.785835298612914
-105.897317,200,161.867616,0.0,0.4839419984004149,3220.069429704366,19.094775368265054,16.10034714852183
-113.718246,200,161.999137,0.0,0.3299684846730184,2884.3034369985066,16.494354486981504,14.421517184992533
-134.90479,200,162.127706,0.0,0.4756531754731586,3036.315515386175,17.214504040030892,15.181577576930874
-58.055341,200,162.259766,0.0,0.3368057739205432,2714.6088677225134,15.535492856162834,13.573044338612567
-168.029345,200,162.387332,0.0,0.790741819013566,3358.0275453813747,19.287208034321353,16.790137726906874
-58.542948,200,162.860373,0.0,0.15353113443500702,3030.528338593342,16.82241536055522,15.15264169296671
-63.562571,200,163.022597,0.0,0.254854448537106,3096.4263003971237,18.11487617066884,15.482131501985618
-58.467313,200,163.154872,0.0,0.1489744988925975,2883.1407246751987,17.326145706302903,14.415703623375993
-64.722683,200,163.286402,0.0,0.29570629635534323,2754.6251560880296,16.44941032788617,13.773125780440148
-94.537242,200,163.421935,0.0,0.16554353956958895,2607.131274743716,15.308795315254109,13.035656373718579
-99.453216,200,163.546447,0.0,0.43922327974052777,3283.6783089197033,18.59422323218537,16.418391544598517
-45.195448,200,163.671477,0.0,0.11949964185917447,2687.7419364754223,15.32022940607198,13.438709682377112
-71.542943,200,163.797357,0.0,0.08497314762265137,2429.100599878899,13.761578474872936,12.145502999394497
-75.078654,200,163.922871,0.0,0.1768200708699521,2769.0727271336455,15.988198314078781,13.845363635668228
-13.211378,50,163.955403,1.0,0.045995396943322664,506.5855728575265,3.2937986538465354,10.13171145715053
-134.048384,200,164.087933,0.0,0.4811475303088764,2914.138437245529,16.371059918520178,14.570692186227646
-126.092792,200,164.536816,0.0,0.41940141532259834,3256.7512520414652,18.22133976143737,16.283756260207326
-101.632241,200,164.677839,0.0,0.19041172085099559,2636.399987638478,15.685882265538165,13.181999938192389
-131.442134,200,164.812375,0.0,0.41722539525047403,3086.6273394190466,17.081543331741468,15.433136697095232
-82.841202,200,164.941905,0.0,0.19121675736577354,2747.0135310526234,15.818195699086509,13.735067655263117
-160.088475,200,165.074948,0.0,0.6054294933514973,2772.522226683002,16.344097368368317,13.86261113341501
-80.315304,200,165.207768,0.0,0.16000440839081526,2968.042568756799,16.83244015578247,14.840212843783995
-79.275603,200,165.336927,0.0,0.19079266512009746,2564.862363894089,14.790054363734003,12.824311819470445
-84.509983,200,165.466972,0.0,0.2123300147906136,2944.5242281358073,16.731444465357868,14.722621140679037
-51.893049,200,165.597501,0.0,0.2922726267634111,2874.196194662893,17.21858024733148,14.370980973314465
-70.796361,200,165.729016,0.0,0.20524663851352878,2903.834833019516,16.5635492000052,14.51917416509758
-68.50724,200,166.190594,0.0,0.05143412902792411,2688.99147879487,14.821034681654348,13.44495739397435
-61.477677,200,166.342111,0.0,0.3539546278551163,2515.0789692842122,14.800958498234934,12.57539484642106
-53.370138,200,166.474079,0.0,0.3377881631486703,2940.779510722501,17.355345548738565,14.703897553612505
-95.240746,200,166.600609,0.0,0.17897539752214858,2536.2252693978667,14.600253802773397,12.681126346989334
-76.262664,200,166.728753,0.0,0.5496247755913546,3033.7497092605186,17.126360852566798,15.168748546302593
-48.166802,200,166.855799,0.0,0.41923159549223565,2906.839837213092,16.21919472319785,14.53419918606546
-29.445615,200,166.98332,0.0,0.2644245702135805,2930.2375800028653,17.031026116124416,14.651187900014326
-87.783915,200,167.115844,0.0,0.15416671596053708,2523.1618582722335,14.14574528878924,12.615809291361167
-121.624638,200,167.248896,0.0,0.34530769380376936,2839.1226096595938,16.781418152264077,14.195613048297968
-164.749029,200,167.376862,0.0,0.6671797529116488,3111.601433650567,17.496640646564085,15.558007168252834
-49.38727,200,167.511127,0.0,0.16666405904754777,2460.9025247177665,14.244618221581206,12.304512623588833
-108.007753,200,167.973696,0.0,0.2511666236416531,2951.313487964689,16.797601112716396,14.756567439823446
-168.479693,200,168.117656,0.0,0.7981495853754499,3416.5142922789005,19.93029194023655,17.0825714613945
-48.428384,200,168.249696,0.0,0.2814300966454593,3095.491050451364,17.56913298637755,15.47745525225682
-42.435021,200,168.383222,0.0,0.11349429171747788,2756.8155496506906,16.482833892461787,13.784077748253454
-71.792254,200,168.51674,0.0,0.1552093844518031,2444.49193156009,14.213981105087514,12.22245965780045
-148.611161,200,168.647281,0.0,0.6055404109977506,2992.721459188443,18.086253856825067,14.963607295942216
-60.246161,200,168.779329,0.0,0.14063090325837385,2818.920866720456,16.042311424490407,14.09460433360228
-68.459531,200,168.903334,0.0,0.13147279703110845,2570.161702592472,15.66439021194783,12.85080851296236
-38.635303,167,169.009869,1.0,0.04757227928148587,2395.210207470849,14.087649738532349,14.342576092639815
-160.862776,200,169.134396,0.0,0.7654186097152226,3315.337117353957,19.132246247739772,16.576685586769784
-91.007952,200,169.596814,0.0,0.32451733075021844,3033.085043303923,17.58715359349292,15.165425216519616
-34.884588,200,169.746456,0.0,0.15620083566763265,2507.3468301809576,15.51391279443214,12.536734150904788
-82.774886,200,169.874488,0.0,0.09071339481521608,2780.417426592791,15.526584581597133,13.902087132963954
-132.384222,200,170.001007,0.0,0.5591269514096987,2980.2569794454553,17.571301649812042,14.901284897227276
-167.748783,200,170.128535,0.0,0.7428489736943413,3225.336049699418,18.321527453251637,16.126680248497088
-116.58657,200,170.258577,0.0,0.3256125061988367,2809.6898831450617,15.932959394877125,14.048449415725308
-72.985536,200,170.380113,0.0,0.17372585016783504,2495.270614063866,14.129563561462238,12.47635307031933
-39.023676,164,170.491637,1.0,0.04705690692105017,2283.019288624764,13.365601414546123,13.920849320882708
-132.311133,200,170.622157,0.0,0.40416193331968087,3204.882223577266,17.70979189775076,16.02441111788633
-48.367973,194,170.746676,1.0,0.04996876888265225,2732.548043632531,15.962667755814783,14.085299193982118
-45.130359,200,171.204375,0.0,0.3436378866080855,2529.4609789399587,14.302911469336706,12.647304894699793
-111.791434,200,171.360411,0.0,0.37174164186031633,3092.844790415574,17.65431510789231,15.464223952077871
-88.042588,200,171.503945,0.0,0.17967886249701825,2512.5838607582514,14.60092033654758,12.562919303791256
-86.551881,200,171.631463,0.0,0.15063666996282365,2635.598739870408,14.96038167333382,13.177993699352038
-95.798205,200,171.763465,0.0,0.11226256472240433,2987.7768287024355,17.238703131713862,14.938884143512178
-116.535206,200,171.89625,0.0,0.3013912376308561,2820.6847803363817,16.622747292123957,14.103423901681909
-69.278095,200,172.026768,0.0,0.10294608882373783,3019.671444236178,17.489385772566735,15.09835722118089
-60.753998,191,172.147854,1.0,0.04715113141952553,2418.3290634096793,13.962987226461703,12.6614087089512
-30.416048,200,172.273909,0.0,0.2714919238541835,2606.9807457502834,14.240426116836794,13.034903728751416
-34.486557,171,172.386436,1.0,0.04654444389437547,2206.6446594620375,13.224822530484206,12.904354733696126
-54.983483,200,172.516963,0.0,0.2955734219627912,2894.6381875634906,16.54781940825298,14.473190937817453
-112.567589,200,172.975528,0.0,0.24028254780179634,2877.3486444185723,16.416842610664965,14.386743222092862
-156.753222,200,173.129053,0.0,0.5487100900703794,3152.8185726849324,17.340372735856338,15.764092863424661
-48.082714,200,173.264111,0.0,0.3258850585653217,2907.179828608397,16.478483915650653,14.535899143041986
-154.644882,200,173.39664,0.0,0.5535711260842504,3046.5733919712893,17.328495767278604,15.232866959856446
-77.924814,200,173.530993,0.0,0.1065445553784332,2766.0975800601946,15.495277916850405,13.830487900300973
-67.921047,200,173.664038,0.0,0.05839309171251947,2545.7747937904323,14.563989114705821,12.728873968952161
-112.096074,200,173.789567,0.0,0.303653078926574,2692.1439034106943,15.705844747958864,13.460719517053471
-51.491741,189,173.914938,1.0,0.04705501975035245,2725.0501875333257,15.126442231136144,14.418254960493787
-30.058171,151,174.012026,1.0,0.04888800180723308,2013.5315295514552,11.931602302713973,13.33464589106924
-37.754907,200,174.135777,0.0,0.2924928400527864,2605.0578596968408,15.132034898894512,13.025289298484203
-76.405557,200,174.59736,0.0,0.1585835307856824,2719.155545592995,15.573771041198286,13.595777727964975
-43.280781,200,174.738878,0.0,0.1351190887603254,2927.0719368026857,16.432718016097027,14.635359684013428
-49.703393,200,174.881033,0.0,0.16528233902187311,2580.78167225073,15.162339702729598,12.90390836125365
-72.798399,195,175.007607,1.0,0.04866110000826553,2493.2802568774696,14.62184392987677,12.786052599371638
-49.661505,200,175.136126,0.0,0.11311843445817966,2685.936767673712,14.450660215640257,13.42968383836856
-30.138829,200,175.265174,0.0,0.2091381542086091,2468.0569829158467,14.08395024811586,12.340284914579234
-67.986373,200,175.395706,0.0,0.3061498509355006,2948.6465290497345,17.706757599933436,14.743232645248673
-158.754643,200,175.519249,0.0,0.7381837827012273,3237.5835834474537,18.09179888774447,16.187917917237268
-135.785606,200,175.650781,0.0,0.3951252334441612,3243.4676332893055,17.80092013509219,16.217338166446527
-75.858638,200,175.78183,0.0,0.17484924085383785,2548.626426529887,15.242859404595702,12.743132132649434
-54.138223,170,175.893359,1.0,0.04954867736055794,2425.984844221117,13.396889232031722,14.270499083653629
-67.64412,197,176.396999,1.0,0.04943608714455227,2878.7392122091865,16.44012977058084,14.612889402077089
-111.465046,200,176.541514,0.0,0.37672632452484833,3009.4893419552477,17.0459226783161,15.047446709776239
-98.851884,200,176.670549,0.0,0.3323164359620034,2905.839896252482,17.10968364842621,14.52919948126241
-83.07399,200,176.796077,0.0,0.24746853152218848,2737.306790634842,15.97172786542898,13.68653395317421
-93.476659,200,176.927603,0.0,0.26434589176180656,2589.254560338625,15.04259398662413,12.946272801693127
-58.061067,197,177.054643,1.0,0.048230157528848995,2745.342904842414,15.783845774327858,13.935750786002101
-66.317413,200,177.180185,0.0,0.07542330823127391,2651.92104511258,15.075947731706178,13.2596052255629
-77.39561,200,177.312711,0.0,0.1893450129083476,2829.347118887411,16.328591831907545,14.146735594437054
-107.279409,200,177.43523,0.0,0.4059846410773035,2906.974741875038,16.350231155212278,14.53487370937519
-99.958959,200,177.566946,0.0,0.14953676081969455,2736.634214534388,15.468886403930092,13.68317107267194
-67.49117,200,177.998109,0.0,0.09820069088257002,3002.73080995302,17.30132134442862,15.013654049765101
-180.693093,200,178.136623,0.0,0.8884528781053852,3335.8728697836814,19.301788325567184,16.67936434891841
-57.376845,200,178.270669,0.0,0.058492357697541734,2580.455986144661,15.026655285364287,12.902279930723305
-76.51599,200,178.404411,0.0,0.25599691221283233,3134.4070766498544,17.831608830733774,15.672035383249272
-84.056632,200,178.530497,0.0,0.31097193827000796,2735.7275850251103,15.999690065319346,13.678637925125551
-69.064463,200,178.660554,0.0,0.09954604667803496,2430.526358561659,14.622558697223825,12.152631792808295
-32.380641,200,178.790085,0.0,0.21846057039663588,2876.9317143107805,16.30785292506397,14.384658571553903
-155.114525,200,178.917414,0.0,0.5903139875011163,3089.95866138705,17.754745063549986,15.44979330693525
-54.546653,200,179.048952,0.0,0.17362172021531846,2776.1537644331565,15.655542238205486,13.880768822165782
-82.263404,200,179.183999,0.0,0.13920715740058523,3136.132107389385,17.02817941079079,15.680660536946926
-118.904343,200,179.630369,0.0,0.3341001816705839,2882.4978802345795,17.019669886200557,14.412489401172898
-70.436811,200,179.778404,0.0,0.1634837838188359,2969.1108537370546,16.640859982607775,14.845554268685273
-9.254368,35,179.808417,1.0,0.03951446494880114,369.41506024084924,2.4434808598693953,10.554716006881407
-48.280095,200,179.937953,0.0,0.3858730166857248,3176.0503649116417,17.589762898693248,15.880251824558208
-94.624652,200,180.06705,0.0,0.398780707463745,3074.7471348318063,17.755978760817747,15.37373567415903
-62.668256,200,180.196557,0.0,0.16378491097797343,2748.5815895621467,15.634194132534628,13.742907947810734
-68.057312,200,180.328585,0.0,0.42106210082748924,3183.3140494920376,18.715618614639496,15.916570247460188
-60.355872,190,180.453098,1.0,0.04930327638719571,2612.46912687361,15.269297839463848,13.749837509861106
-119.706088,200,180.587009,0.0,0.5452396603284537,2982.3870364429154,17.40722616530636,14.911935182214577
-41.796063,176,180.703347,1.0,0.048748926901019035,2294.654385160216,13.53329614145523,13.037809006592136
-55.144504,200,180.833854,0.0,0.1568992919775261,2784.74724120838,15.89733162484171,13.9237362060419
-169.512455,200,180.961898,0.0,0.7307370736901694,3106.069520359004,17.352428947281233,15.53034760179502
-62.635536,200,181.423768,0.0,0.12683722050663399,2890.9924120957253,17.455489726119236,14.454962060478627
-113.408391,200,181.562808,0.0,0.4369890044412644,2946.7389933133277,17.446440180437516,14.733694966566638
-70.306431,200,181.692758,0.0,0.24003703287451522,3089.2807010283127,17.856586882378537,15.446403505141564
-123.531304,200,181.825286,0.0,0.3595495628326992,2947.4330732168632,16.994115598465648,14.737165366084316
-101.714313,200,181.950818,0.0,0.1976969702729527,2696.612138120561,15.603688869833185,13.483060690602805
-148.673008,200,182.078857,0.0,0.7042876792351873,3219.5888194366044,18.98567690109486,16.09794409718302
-80.624678,200,182.210376,0.0,0.22197034491586,2748.112258730188,15.733868105122955,13.74056129365094
-101.326807,200,182.342914,0.0,0.30987859822606795,2993.7116553640403,17.521922014712697,14.968558276820202
-71.694747,200,182.47396,0.0,0.16767608081430455,2508.14269438559,14.586414559392058,12.54071347192795
-52.662566,200,182.605489,0.0,0.17100484675091748,2519.8108666838607,14.713218245124635,12.599054333419303
-98.957757,200,183.084628,0.0,0.13609819370870896,2750.596009202959,15.39624588284015,13.752980046014795
-65.546212,200,183.240153,0.0,0.4649509745258093,3024.322842079723,17.371717807833928,15.121614210398615
-105.532357,200,183.365195,0.0,0.2872880309681997,3077.6791286397915,16.717089538472138,15.388395643198958
-119.11328,200,183.492719,0.0,0.3388399432643303,3041.3877843832124,17.304007420863602,15.206938921916063
-76.467981,200,183.625246,0.0,0.2008295792822722,3177.770955453521,18.2511534928626,15.888854777267603
-37.726526,200,183.748775,0.0,0.3050995608320887,2912.786419767695,16.154711637263162,14.563932098838475
-86.618466,200,183.883371,0.0,0.07924020550050315,2984.5492717981597,16.988011223102664,14.922746358990798
-145.637699,200,184.004915,0.0,0.47745112123314004,3192.6462341012375,18.331754176561567,15.963231170506187
-119.493126,200,184.13043,0.0,0.3585680045324146,2541.9139595810266,15.296241882548966,12.709569797905132
-28.177763,200,184.257472,0.0,0.22319915679917254,2571.4987933508573,14.768998105634784,12.857493966754287
-64.057876,200,184.70333,0.0,0.1265732141169052,2745.346036594947,16.20745420365239,13.726730182974734
-70.95125,200,184.854846,0.0,0.2757178564192442,2630.8220360866503,15.43926744027175,13.154110180433252
-73.734551,200,184.987299,0.0,0.3719057271410608,2654.370529436762,15.70596582269885,13.27185264718381
-67.190521,200,185.115412,0.0,0.4189485047377453,3024.1683853482327,16.9343478522787,15.120841926741164
-58.961707,200,185.246936,0.0,0.34450372226471165,2652.7772480280646,15.7178191854485,13.263886240140323
-11.115139,55,185.284448,1.0,0.048425554115685304,681.7086153861885,4.251685981532392,12.3947020979307
-86.990659,200,185.407957,0.0,0.4266448978983478,2890.538795326648,17.589443646526874,14.45269397663324
-164.591705,200,185.538486,0.0,0.7027362234795348,3117.648131879595,18.19250317401375,15.588240659397975
-130.383582,200,185.66654,0.0,0.6011652597565855,3252.6161251337526,19.289430324174937,16.263080625668763
-46.493382,194,185.794305,1.0,0.0460536875403911,3020.694050401433,17.28371382565787,15.570587888667179
-137.389222,200,185.919832,0.0,0.4243703925894073,2778.561322066656,16.339976151707432,13.89280661033328
-84.823503,200,186.371404,0.0,0.37647416727424393,3335.860509865737,19.170406960238413,16.679302549328686
-130.88441,200,186.513921,0.0,0.4825143755631372,3113.764677883535,17.20199200536077,15.568823389417675
-96.741097,200,186.644459,0.0,0.1007278901399109,2993.5051485194995,16.647726372221364,14.967525742597497
-66.56408,200,186.778491,0.0,0.1760438916141107,2916.2292375456395,16.990093249802655,14.581146187728198
-46.44099,185,186.902016,1.0,0.04589989510615649,2847.975224021734,16.007069608850987,15.394460670387751
-82.733641,200,187.03355,0.0,0.1720699479391455,2687.6127155491513,15.283500223160313,13.438063577745757
-119.053598,200,187.161449,0.0,0.4334410499843053,2908.40917359544,17.19993778448716,14.5420458679772
-131.226313,200,187.291138,0.0,0.3545689611638015,3344.1096541426896,18.75902881048476,16.720548270713447
-118.375709,200,187.424655,0.0,0.37521799317726007,3272.72042650261,18.808775970266087,16.363602132513048
-60.236529,200,187.555179,0.0,0.1338658920015395,3087.6912545894866,18.584410253925835,15.438456272947432
-52.075681,200,188.055767,0.0,0.1450868711085176,2956.452530140254,16.658397810888932,14.78226265070127
-44.693634,200,188.222794,0.0,0.16053149242867626,2783.258727464695,16.440933029432887,13.916293637323474
-116.542489,200,188.359839,0.0,0.4453629675474203,3036.7902667896146,17.495083296727934,15.183951333948073
-103.380635,200,188.492877,0.0,0.3624898371168798,2786.4167567568275,15.959109777576172,13.932083783784137
-68.493152,200,188.619397,0.0,0.06126763816522604,2815.231140009293,15.949709860000143,14.076155700046465
-78.281598,200,188.744872,0.0,0.5223493151492614,2908.5205435106286,16.524475671244637,14.542602717553143
-65.587243,200,188.873617,0.0,0.3787607745734256,2952.90115143619,16.509341016184514,14.76450575718095
-85.658055,200,188.999146,0.0,0.2553362679610939,2730.571710848662,16.01837633890641,13.65285855424331
-97.439371,200,189.126667,0.0,0.397465486673993,3065.9942122278444,17.592638380575572,15.329971061139222
-62.875754,200,189.253206,0.0,0.552475564014087,2916.428000774512,16.394332615034266,14.58214000387256
-159.417395,200,189.387377,0.0,0.6960286217633123,3426.005639439319,19.329198584433705,17.130028197196594
-40.664759,200,189.849761,0.0,0.097878660585161,2868.4389791430067,16.427701001714837,14.342194895715034
-56.805537,200,189.987794,0.0,0.09282600518854188,2880.5991169233157,15.896589637896726,14.402995584616578
-13.654251,107,190.060313,1.0,0.04987277904452291,1530.2068834433094,8.649708932689297,14.300998910685134
-44.730068,170,190.172895,1.0,0.047774524686012496,2425.443738272632,14.008084087823525,14.26731610748607
-73.992447,200,190.305421,0.0,0.24043403747338485,2861.009634477814,16.843920207246914,14.30504817238907
-30.980558,200,190.43795,0.0,0.27761746171521556,2357.3558143705623,13.885049998456987,11.786779071852811
-159.180181,200,190.56303,0.0,0.7112814041054214,2962.6473540913685,17.24409256425553,14.813236770456843
-79.820975,200,190.690558,0.0,0.4151753029591993,3009.280200434407,18.144808511503687,15.046401002172036
-53.328316,200,190.821085,0.0,0.33293692810721504,2536.1279012367677,14.573127911617647,12.680639506183839
-116.545365,200,190.949612,0.0,0.24689321667839914,2716.4983337025387,15.357449884207329,13.582491668512693
-65.399504,200,191.402217,0.0,0.20794018296863082,2547.2835055372816,15.602948907662126,12.736417527686408
-103.330266,200,191.559593,0.0,0.2751628082332039,2872.6785011816073,16.70230145041225,14.363392505908037
-46.997185,200,191.698649,0.0,0.26943875505897835,2743.517572745882,15.568736986642918,13.71758786372941
-113.440706,200,191.833182,0.0,0.41364329983476306,3141.494929353373,17.6875468033844,15.707474646766865
-85.147791,200,191.966235,0.0,0.6540830813078351,2888.143842389356,17.464875177299405,14.44071921194678
-77.651297,200,192.094769,0.0,0.4475478433792301,2774.9628228874176,16.349997995134977,13.874814114437088
-95.380997,200,192.225294,0.0,0.26212157586443674,2887.0687891149223,16.5103927713623,14.435343945574612
-111.039596,200,192.353825,0.0,0.23684999855860825,2416.786388040052,14.334091573766342,12.083931940200259
-91.913382,200,192.47791,0.0,0.18868105118871042,2818.075531279448,16.830413179852638,14.09037765639724
-94.730296,200,192.607002,0.0,0.07430743039756688,2589.006006557367,14.618836939449999,12.945030032786836
-62.04413,200,192.73852,0.0,0.37909025588450457,2790.0582602232125,15.704942613058643,13.950291301116062
-75.994662,200,193.198081,0.0,0.22928864450408581,2654.63285666277,15.783464214081274,13.27316428331385
-79.044759,200,193.343599,0.0,0.4663872596757631,2497.3434366496267,15.351707770098331,12.486717183248134
-33.147695,200,193.473635,0.0,0.17583659790646083,2890.4966842757126,16.781617857158526,14.452483421378563
-116.317391,200,193.609166,0.0,0.29191166156830645,2644.4318593614244,15.594069979988507,13.222159296807122
-77.20339,200,193.744247,0.0,0.24099184392612252,2859.0508551767252,16.05250395538254,14.295254275883627
-105.685307,200,193.870819,0.0,0.34944239830070667,3073.320945191851,17.689402208113112,15.366604725959256
-53.260644,200,194.002335,0.0,0.34747344386072104,2903.5555732272537,16.460170125673045,14.517777866136269
-77.54389,200,194.129856,0.0,0.12111947498925896,2927.9429957958587,16.582328154299105,14.639714978979294
-61.63347,200,194.256376,0.0,0.40297245312444946,2603.238060823226,14.685183910129833,13.01619030411613
-100.995271,200,194.386407,0.0,0.395958801348184,2965.770145354927,16.658520077236297,14.828850726774636
-51.98643,200,194.854469,0.0,0.3205212004773723,2504.6126901100142,14.003118107424541,12.52306345055007
-34.808532,200,194.995491,0.0,0.14088506844584978,3117.5072267466144,17.461404582507576,15.587536133733073
-130.425198,200,195.126034,0.0,0.40368519250893037,2674.8657925055318,15.80053758941019,13.37432896252766
-149.87678,200,195.255512,0.0,0.6567399710355579,3183.6090720887128,18.546760243934962,15.918045360443564
-70.441803,200,195.388381,0.0,0.5325084973785457,2325.8439225307993,13.836812114322196,11.629219612653996
-8.852181,34,195.411381,1.0,0.04976352913553879,250.00734216313018,1.7666020722262092,7.353157122445005
-55.702269,200,195.542908,0.0,0.3633305170037072,2860.8398873678925,16.9253511118571,14.304199436839463
-86.956971,200,195.673958,0.0,0.06706324913042253,2484.225659956306,13.74175428760036,12.42112829978153
-74.123628,200,195.800464,0.0,0.2646831666333913,2885.1247125207165,17.015797939232964,14.425623562603583
-90.537825,200,195.928265,0.0,0.26519545467397987,2646.1474782715704,15.967558288131903,13.230737391357852
-121.47227,200,196.056082,0.0,0.4686457579886604,3043.556494944286,17.46464341143357,15.21778247472143
-42.616827,200,196.531674,0.0,0.26361215931718374,2874.828659729121,16.318385327469873,14.374143298645604
-62.479409,200,196.667293,0.0,0.4154084093266496,3154.0810454635493,18.82073248999771,15.770405227317747
-87.986732,200,196.803511,0.0,0.10679449204786294,2899.516790582948,16.191811513607615,14.49758395291474
-102.504473,200,196.936048,0.0,0.28483245201827595,2765.074459024557,16.09710486784868,13.825372295122786
-76.203292,200,197.061009,0.0,0.3955260249224658,2694.2122447677407,15.66406067006929,13.471061223838703
-30.441206,177,197.17454,1.0,0.04874401141933413,2400.4334492547155,13.569355238044109,13.561770899744156
-92.062302,200,197.305089,0.0,0.18792983718704875,2734.3922160140114,15.676937902839764,13.671961080070057
-74.7049,200,197.434643,0.0,0.35383783231882804,2620.6834868932424,15.387600768425166,13.103417434466213
-157.698125,200,197.560197,0.0,0.5607928574184655,2976.78895379352,17.26348560109385,14.883944768967599
-122.669485,200,197.684241,0.0,0.33425106773459096,2694.486859364876,15.514270291226417,13.472434296824382
-144.768424,200,198.147401,0.0,0.703613158525717,3362.8074424378083,19.806924725015048,16.814037212189042
-48.973255,200,198.295599,0.0,0.3099822042476735,2906.6357155410074,16.211588766806997,14.533178577705037
-71.385745,200,198.431693,0.0,0.3894488889396057,2950.1218602466256,16.866825422727313,14.750609301233128
-105.872067,200,198.561908,0.0,0.35728740432593153,3159.9030037508087,17.752491148484026,15.799515018754043
-112.894813,200,198.690449,0.0,0.5158370207745321,3316.017637806483,18.431160843352476,16.580088189032416
-105.402883,200,198.820966,0.0,0.22853815795854399,2645.544466048679,15.120197996944064,13.227722330243395
-13.860883,108,198.892538,1.0,0.048154367418467535,1742.732889422284,9.692410844489087,16.136415642798926
-66.087397,200,199.021045,0.0,0.16884032747058375,2633.6370282637054,14.752366230307812,13.168185141318526
-119.049242,200,199.14557,0.0,0.3854079742961569,3024.701473471405,17.62364684756543,15.123507367357025
-81.91963,200,199.270686,0.0,0.13731378525972382,2874.2832969075057,16.324670740867063,14.371416484537528
-58.526198,200,199.399974,0.0,0.5143538410096202,2979.7444960833045,16.73138406841285,14.898722480416522
-78.525295,200,199.83804,0.0,0.16602152506833667,2798.657396267586,15.792335833735157,13.993286981337931
-109.612442,200,199.993074,0.0,0.2116871001431628,2831.543767976019,16.099119626833655,14.157718839880095
-96.412896,200,200.12459,0.0,0.26227605155411043,2504.656168552268,15.09505844803804,12.52328084276134
-40.469691,174,200.240166,1.0,0.049564991993302436,2372.840718365411,13.769150735788719,13.637015622789717
-85.567579,200,200.370879,0.0,0.07271904845399384,2883.989879123179,15.67205295852235,14.419949395615895
-63.72244,200,200.498,0.0,0.333605461942321,3179.074669947569,18.51233573145051,15.895373349737845
-106.744943,200,200.623514,0.0,0.22456310249544673,2634.60854294612,15.011786308199149,13.1730427147306
-51.300934,200,200.758926,0.0,0.12333850848313116,3048.9246993554725,17.095845298227474,15.244623496777363
-109.486931,200,200.896962,0.0,0.27929164670368073,3116.087710634092,17.78241917497616,15.580438553170461
-145.291353,200,201.029133,0.0,0.5146108225532172,2950.025493637864,16.907069369997597,14.750127468189321
-6.694196,34,201.052145,1.0,0.049601079058958476,295.0807350018808,1.9890992216984091,8.67884514711414
-64.489379,200,201.522748,0.0,0.5037562745022581,2911.21428454668,15.843294871267275,14.556071422733401
-138.72629,200,201.665784,0.0,0.46786370931526733,2909.114085216845,16.65432882677065,14.545570426084225
-167.723873,200,201.79838,0.0,0.6852147939813628,3212.469621040587,18.475371837241564,16.062348105202933
-94.802212,200,201.924899,0.0,0.2773624236874598,2934.726691798268,16.990626158485373,14.67363345899134
-68.318971,200,202.050446,0.0,0.09136601026657659,3199.705551282776,17.648831465264934,15.99852775641388
-84.076525,200,202.17532,0.0,0.25398767238826603,3074.8976263926625,17.67967814866657,15.374488131963313
-70.874492,200,202.302842,0.0,0.21775270650570727,2780.201149831128,15.967084644770317,13.90100574915564
-85.066049,200,202.428371,0.0,0.12770167181764747,2809.711472001978,16.05465122184184,14.048557360009891
-77.494802,200,202.563811,0.0,0.17454472681651143,2788.3164530393533,15.925534766564109,13.941582265196766
-71.918148,200,202.695865,0.0,0.20633125151838097,2869.84000738975,16.925355525756185,14.349200036948751
-107.773107,200,203.132305,0.0,0.24293823449962487,2745.4494876217905,15.79574309904379,13.727247438108952
-100.868716,200,203.27034,0.0,0.16738493999793017,2819.8602922254663,16.718831241077172,14.099301461127332
-126.352545,200,203.417889,0.0,0.3182920476122842,2734.5534756453553,15.580335843513009,13.672767378226776
-73.954894,200,203.543875,0.0,0.07432590171693844,3026.8869673063173,17.25211765666745,15.134434836531586
-141.431321,200,203.676901,0.0,0.6238220889935201,3229.423953576371,19.11364794108003,16.147119767881854
-71.513554,200,203.80942,0.0,0.4281449268167001,2742.0833484925092,16.08977907532088,13.710416742462547
-58.411518,200,203.935268,0.0,0.10516433850445603,2770.920928200068,15.76762012644456,13.85460464100034
-47.24325,200,204.061783,0.0,0.08005896769252879,3374.5119821329977,18.66501632770347,16.87255991066499
-62.053502,200,204.189813,0.0,0.15464281648770764,2582.9961723796237,15.101942046480213,12.914980861898119
-172.160996,200,204.32033,0.0,0.7531952595584961,3133.035471684335,17.81956681104263,15.665177358421674
-88.49874,200,204.453855,0.0,0.42488049664717004,3369.3713901561123,19.191195603331085,16.846856950780563
-51.137911,200,204.938656,0.0,0.23424362485672998,3098.3494049914502,16.860840834921323,15.49174702495725
-44.228928,200,205.077691,0.0,0.30822060725923295,2801.9655434807755,15.51946712619916,14.009827717403878
-46.872049,200,205.21221,0.0,0.36361969964323315,3436.063375095345,19.876584817272878,17.180316875476723
-124.360695,200,205.342725,0.0,0.3214073959642722,2922.52258913486,16.7359197834947,14.6126129456743
-26.654336,152,205.43724,1.0,0.04641125839846181,2172.841872409171,12.144517870113146,14.295012318481389
-70.012365,200,205.567294,0.0,0.0634961136467083,2960.0809340132146,16.64933677421754,14.800404670066072
-88.790586,200,205.693804,0.0,0.23951614762533086,3163.1516114799147,17.825628449111754,15.815758057399574
-117.037388,200,205.824322,0.0,0.2753280581176658,2724.916447637748,15.688307474372472,13.624582238188742
-54.347561,200,205.955853,0.0,0.2773054169806988,3206.899395640823,19.324961427201462,16.034496978204114
-28.592189,166,206.064893,1.0,0.04991255766378848,2415.6989758888108,14.017227487075605,14.552403469209704
-115.968509,200,206.503677,0.0,0.5462211419872129,3114.280564042112,17.83944536225165,15.57140282021056
-52.116374,200,206.642199,0.0,0.11507063267955561,3083.812612689866,17.41037943603185,15.41906306344933
-94.512851,200,206.77523,0.0,0.11150026416091993,2789.694851537394,16.010418495316497,13.94847425768697
-76.081987,200,206.915279,0.0,0.13515202501245827,2963.367448087089,17.249343855032592,14.816837240435445
-68.1318,200,207.041566,0.0,0.09832489917754288,2712.8193360380883,15.205360357062162,13.564096680190442
-134.876239,200,207.173608,0.0,0.6082302137500979,3350.2904304241342,19.335084186687066,16.75145215212067
-121.511816,200,207.304126,0.0,0.3371609861116797,2835.76453505922,16.404965394501733,14.1788226752961
-129.485787,200,207.435644,0.0,0.458834722668089,3146.0577082287846,17.73549594862254,15.730288541143922
-86.430834,200,207.559891,0.0,0.06755503654331159,2756.8795239754018,15.98756749593963,13.784397619877009
-76.148702,200,207.689482,0.0,0.13902598280309814,2830.642092273052,16.023888836227925,14.15321046136526
-72.463756,200,207.81894,0.0,0.1873436696726911,3165.0558896159782,17.85809387141365,15.825279448079892
-79.822778,200,208.290436,0.0,0.10006011185459751,2622.608700049758,14.955658949303526,13.113043500248791
-55.726484,184,208.417935,1.0,0.049736655326287106,2805.956306372231,16.000738811746004,15.24976253463169
-57.979399,200,208.548508,0.0,0.08681006924221933,2881.3111286729727,17.059910450210563,14.406555643364863
-57.96874,200,208.673545,0.0,0.15519864401687697,3191.3515898170085,18.50400876709987,15.956757949085043
-71.444678,200,208.80307,0.0,0.11110912187454991,2957.8589336292157,17.634816475325152,14.789294668146079
-65.99522,200,208.934511,0.0,0.14047309920045264,2426.8179568637893,14.595107295090227,12.134089784318947
-63.802653,200,209.064423,0.0,0.26095928365854626,2832.6978228435773,16.98717330122878,14.163489114217887
-45.405229,200,209.18478,0.0,0.14395239830742323,2726.1253001360365,14.678839997754343,13.630626500680183
-52.161448,200,209.309291,0.0,0.17158769189158532,3164.971215884858,18.66324731038302,15.82485607942429
-121.051553,200,209.436775,0.0,0.31219068488120283,2985.7794289546364,16.654852173167082,14.928897144773181
-65.295032,200,209.882385,0.0,0.4946608679421299,3076.578103781339,16.876051824134258,15.382890518906695
-44.268257,200,210.037899,0.0,0.1973466880158405,2917.7554127726476,16.946319482500495,14.588777063863239
-68.24217,200,210.16594,0.0,0.5175949817783044,3010.6611471306937,17.143031267122918,15.053305735653469
-156.101193,200,210.291177,0.0,0.5508953974117445,3110.9740823103034,18.327741950335295,15.554870411551518
-93.917182,200,210.418641,0.0,0.19572975031185247,2752.294195975513,16.00043684022026,13.761470979877565
-68.856007,200,210.543164,1.0,0.047122706519586215,2657.503013071076,15.802950171889272,13.28751506535538
-81.091315,200,210.671166,0.0,0.07996354696728424,2740.2551586295303,15.49318711827691,13.701275793147651
-31.746018,200,210.799658,0.0,0.08613461136196014,3091.4936438962022,18.407116616053667,15.457468219481012
-149.362755,200,210.930218,0.0,0.507922758477347,2926.372374351487,16.74673163898197,14.631861871757435
-44.151281,200,211.060763,0.0,0.20320031731036864,2703.6497492160183,14.932954687592563,13.518248746080092
-87.313062,200,211.525497,0.0,0.13992832786351306,2742.1532161200303,15.981263252968848,13.710766080600152
-74.553872,200,211.677456,0.0,0.30496486176092275,3155.5187557906715,18.492699416237052,15.777593778953358
-113.659182,200,211.812997,0.0,0.27749554604389814,2892.031395747486,16.192772646166226,14.46015697873743
-89.408868,200,211.938567,0.0,0.16514686927923586,2829.626015061863,16.49472434260759,14.148130075309316
-60.092803,200,212.069597,0.0,0.42957686806783124,2933.37369498008,16.058262642368653,14.6668684749004
-64.315433,200,212.196116,0.0,0.3763387604108782,2728.6774624458394,15.720212890465154,13.643387312229198
-112.385257,200,212.32465,0.0,0.33573146263207543,2894.032948991838,16.64227981647607,14.47016474495919
-87.03008,200,212.455153,0.0,0.15330754705557664,2704.9608136700854,15.618764056574687,13.524804068350427
-99.480773,200,212.58417,0.0,0.4324048357937252,3343.377592945108,18.710102511269678,16.71688796472554
-97.539112,200,212.714746,0.0,0.18104651187300075,2636.7880528098503,14.862789448112016,13.183940264049252
-125.535137,200,213.171886,0.0,0.3717405407836894,2852.324721874406,16.23299380231102,14.26162360937203
-142.741702,200,213.311399,0.0,0.5431877978005032,2682.906024938609,15.89435758398093,13.414530124693044
-65.551681,200,213.447552,0.0,0.23443101512245668,3002.8471849567195,17.71887370631239,15.014235924783598
-16.487432,120,213.529251,1.0,0.04692856996311779,1708.5457576580409,9.441406128779446,14.237881313817008
-99.434403,200,213.652419,0.0,0.10798388298564725,2834.1849401400304,15.807604869172739,14.170924700700152
-104.848412,200,213.783943,0.0,0.23123392428620704,2749.891797278805,15.678669598723934,13.749458986394025
-110.67346,200,213.914481,0.0,0.34812564710534677,2941.9475554873457,16.926669968309188,14.709737777436729
-147.502276,200,214.040804,0.0,0.520372118289211,2940.6251778590395,16.91431321734513,14.703125889295197
-116.439063,200,214.170846,0.0,0.29511967792587857,2770.0328584624312,15.90351754886093,13.850164292312156
-68.962658,200,214.295417,0.0,0.1089154939523256,2553.8643904273977,14.882425899454534,12.769321952136988
-115.678688,200,214.422568,0.0,0.29867216976721567,2567.276656235035,14.807007680405958,12.836383281175173
-97.93108,200,214.868244,0.0,0.4522856104392248,3290.202952474073,19.16425058050847,16.451014762370363
-54.702418,200,215.021293,0.0,0.17654088708812343,2643.3708708529557,15.447957145465582,13.216854354264779
-95.65653,200,215.152817,0.0,0.30282021506261153,3043.2718626352435,17.357462987376774,15.216359313176218
-83.538265,200,215.277859,0.0,0.09732504025457543,2953.9659701225023,16.715317781991274,14.769829850612512
-138.4688,200,215.405445,0.0,0.413141741984552,2828.066555016252,16.017748777708334,14.14033277508126
-108.761416,200,215.538937,0.0,0.2538915214639576,2819.323225880235,16.110944261231083,14.096616129401175
-30.336995,167,215.650517,1.0,0.044919976783509195,2552.93255865262,14.090381514220267,15.287021309297128
-46.708657,200,215.779552,0.0,0.29101937130750594,2811.739926396894,16.238383233916963,14.05869963198447
-46.105241,200,215.909102,0.0,0.1481044254276075,2820.8702562960148,16.8391490815097,14.104351281480074
-64.36493,190,216.033625,1.0,0.04962888933955661,2559.2496541621745,14.540731542785494,13.469735021906182
-100.740637,200,216.162191,0.0,0.14359598523449454,2804.9125643862785,16.149482030293377,14.024562821931392
-101.032002,200,216.609803,0.0,0.2058019228824927,3075.398742333549,18.097217319006937,15.376993711667744
-99.179347,200,216.758276,0.0,0.3837789014916458,2834.2530186553377,16.531467218839495,14.171265093276688
-62.427065,200,216.890946,0.0,0.2977809718342055,3239.3407728854745,18.222746694310423,16.196703864427374
-113.588116,200,217.022418,0.0,0.35452363680513893,2912.1819081937424,15.941993000278048,14.560909540968712
-131.470733,200,217.150994,0.0,0.3702399376682789,2823.867838997367,15.77192684144751,14.119339194986836
-21.343635,136,217.234476,1.0,0.04909393401500766,1669.2291585733733,9.892009293064286,12.27374381303951
-49.174523,200,217.360969,0.0,0.219302962816242,2771.873517077556,15.259836013965138,13.85936758538778
-70.453775,200,217.492039,0.0,0.2937574083782162,2907.536120859068,17.07656406855924,14.537680604295339
-33.211652,165,217.59958,1.0,0.04794159226890622,2310.3982126971455,12.779242612358601,14.00241341028573
-94.237519,200,217.723153,0.0,0.12544319895214262,2916.8899737227084,16.610547596210637,14.584449868613541
-81.526305,200,218.181604,0.0,0.09638416667919637,2652.1722607536576,15.010114041834438,13.260861303768287
-101.57086,200,218.327023,0.0,0.33605075144467994,3077.2919357441056,17.957645085614786,15.386459678720527
-133.716754,200,218.459547,0.0,0.44272736401384205,2825.531020692398,16.684885465365817,14.127655103461992
-70.820254,200,218.591001,0.0,0.28273667787316775,2706.762115513081,15.908918274737427,13.533810577565404
-79.336156,194,218.714526,1.0,0.04639141288281826,2246.227599387952,12.923520654333503,11.578492780350269
-147.61243,200,218.846025,0.0,0.5615766203327918,2965.7012795259293,16.94559388495622,14.828506397629646
-95.7811,200,218.974311,0.0,0.2555190110776223,2704.237658556051,15.838556047862905,13.521188292780256
-95.865963,200,219.107836,0.0,0.20765985205503523,2717.858978668503,16.188561205872645,13.589294893342515
-38.146656,156,219.205365,1.0,0.049316352187858126,2434.0324387467804,13.420829096658094,15.602772043248592
-111.33543,200,219.32991,0.0,0.2665754671323643,2850.31546880949,16.357624984922047,14.251577344047451
-63.932043,200,219.45802,0.0,0.09596404237428517,2540.693078596271,14.720690972278428,12.703465392981354
-44.731169,173,219.905208,1.0,0.0496120019665183,2096.6521469375725,12.070920903900355,12.119376571893483
-27.996807,200,220.054918,0.0,0.2540618700998907,2802.974914978388,15.504285007954516,14.01487457489194
-150.235769,200,220.188204,0.0,0.6676780305106852,2994.0389452423383,17.703546488875403,14.970194726211691
-142.766998,200,220.319728,0.0,0.5291708114005896,3105.090073067951,17.628498123754756,15.525450365339754
-100.390725,200,220.445209,0.0,0.16303838502525414,2892.3771638648464,16.45955915643912,14.461885819324232
-113.967468,200,220.576252,0.0,0.2710736789565742,2861.8103811861765,15.946539491285135,14.309051905930882
-108.382457,200,220.706775,0.0,0.387266029182531,2989.6916170538943,17.097735694179253,14.948458085269472
-52.948672,200,220.831241,0.0,0.0888147499726224,2721.3477984237547,15.675712157576912,13.606738992118773
-73.947998,200,220.954766,0.0,0.4550592920063575,3136.9607334125812,18.524456629091684,15.684803667062907
-16.372693,116,221.030275,1.0,0.04860111104645374,1775.9815043354977,9.796652712728262,15.310185382202565
-134.246417,200,221.163819,0.0,0.44867628860357556,2851.8269626068313,16.38213442415856,14.259134813034157
-67.704893,200,221.650015,0.0,0.2026074944127717,2882.92279429575,17.260210361720198,14.414613971478751
-94.282537,200,221.792089,0.0,0.13691744869715997,2719.396425253064,15.336010744043568,13.59698212626532
-137.501001,200,221.91561,0.0,0.5639976610907752,3154.4595438345605,18.074550969904813,15.772297719172803
-60.720372,200,222.044104,0.0,0.12525623971007518,2633.0045616232555,15.327357963865168,13.165022808116278
-108.200708,200,222.172436,0.0,0.37463583515813603,2866.345688104666,17.039104370910927,14.33172844052333
-113.992495,200,222.302775,0.0,0.38418881218206413,2818.716482272452,15.991367533691907,14.093582411362261
-114.241712,200,222.434304,0.0,0.2715862855967456,2626.4635800892625,15.341852727646604,13.132317900446312
-45.738794,200,222.56084,0.0,0.3668700371705711,2579.197424963032,14.736050617163547,12.89598712481516
-156.488367,200,222.693542,0.0,0.7306048031457089,3394.2159473467327,19.196660551242612,16.971079736733664
-102.266612,200,222.817038,0.0,0.33428005779437353,3160.285223867532,17.620693386951473,15.801426119337659
-84.244205,200,223.299171,0.0,0.40545752434321425,3356.1894353286816,19.590817258292383,16.78094717664341
-142.712378,200,223.445684,0.0,0.5035863426019476,2845.7401852221024,16.378573892772664,14.228700926110513
-110.605049,200,223.574669,0.0,0.2795839670338551,2879.6491651853253,16.78915150850081,14.398245825926626
-123.770853,200,223.704233,0.0,0.5125654549367907,3058.8757568518886,17.669063125005895,15.294378784259443
-164.288173,200,223.832781,0.0,0.7354931498984949,3275.965720240477,18.824391493405134,16.379828601202384
-49.417152,200,223.956666,0.0,0.30530853986834305,2455.6569390036293,14.149563664639865,12.278284695018147
-45.183914,200,224.086801,0.0,0.27231241807170276,2697.4578843525187,15.78406731102735,13.487289421762593
-153.816727,200,224.212265,0.0,0.6759782938806876,3280.673982840437,18.466711803857834,16.403369914202184
-68.718828,200,224.338784,0.0,0.3180504647939197,2572.165612283606,14.888818795062774,12.860828061418031
-104.754431,200,224.465714,0.0,0.27043083764204234,2669.3183843339843,15.427440120617135,13.346591921669921
-129.093966,200,224.92088,0.0,0.37254023676841247,2697.7428909350106,15.801166909705707,13.488714454675053
-39.393644,156,225.035389,1.0,0.04769325855341215,2032.362684740847,11.905622122707909,13.027965927825942
-44.301432,200,225.170599,0.0,0.16640718643430857,2740.7788533403937,15.906501578737448,13.703894266701969
-65.511719,200,225.303586,0.0,0.08609396248502588,2746.011859394674,15.848855047482623,13.730059296973371
-86.837165,200,225.435122,0.0,0.125616294932114,2593.8515213649725,15.160527012025739,12.969257606824863
-77.976754,200,225.565636,0.0,0.39454743538539033,2195.253813938148,12.898479473138039,10.97626906969074
-82.569508,200,225.692172,0.0,0.2177888933867668,2740.9815178068425,15.202010774160634,13.704907589034212
-87.750744,200,225.815722,0.0,0.2473193031894979,2809.6182725560634,15.793507299905535,14.048091362780317
-142.534618,200,225.945215,0.0,0.5372700117896663,3093.578460407575,17.671776529063973,15.467892302037876
-41.572238,200,226.075229,0.0,0.16511647021299325,2683.4808780088183,15.405475504462142,13.41740439004409
-39.27929,200,226.515266,0.0,0.2958877962834366,2758.0721881182753,15.398523038520416,13.790360940591377
-106.293435,200,226.672477,0.0,0.3309063574152902,2811.4019294058276,16.300495508702955,14.057009647029139
-60.5413,200,226.808022,0.0,0.36392336306027623,3237.582058230403,18.049876043437358,16.187910291152015
-66.167239,200,226.934541,0.0,0.22900995025360177,2845.9015048265683,15.980700185728034,14.229507524132842
-140.91885,200,227.060034,0.0,0.5014663687230715,2886.8408570143565,17.1795289824929,14.434204285071782
-69.324081,200,227.193109,1.0,0.049653494219161466,2472.209717760062,14.866591865441833,12.36104858880031
-76.955994,200,227.317598,0.0,0.15372906406415188,2740.673832057009,15.8219278690107,13.703369160285044
-64.843952,200,227.444094,0.0,0.25557876023268145,2257.980357621387,13.160546026291229,11.289901788106937
-88.180993,200,227.570281,0.0,0.21529208759815022,2797.6495106881284,16.30217727686813,13.988247553440642
-118.314329,200,227.701326,0.0,0.3393579436023622,2704.405050057516,15.478663115222774,13.522025250287578
-65.766425,200,227.826839,0.0,0.31294180936669497,2335.132987151384,13.425997811884645,11.67566493575692
-139.798766,200,228.263609,0.0,0.5262682944749257,3105.9590202246295,18.09989318020242,15.529795101123147
-56.123184,200,228.402631,0.0,0.1304592080627791,2619.456919275637,14.807144167126427,13.097284596378186
-138.56356,200,228.535174,0.0,0.5378201732241721,2782.851680496943,16.285296535959848,13.914258402484716
-71.15181,200,228.663706,0.0,0.22532700277583428,2763.453567412096,15.397951547033276,13.81726783706048
-64.378109,188,228.78424,1.0,0.04894865893972233,2324.490273998847,13.604745608886914,12.364309968078974
-79.627899,200,228.91298,0.0,0.5448782910070816,2392.7618462952387,14.105554579216117,11.963809231476194
-79.186951,200,229.03741,0.0,0.2900256149677289,2520.7300176500817,14.803396312122345,12.603650088250408
-96.25557,200,229.167946,0.0,0.19723386173107094,2380.356762046024,13.90568068318834,11.90178381023012
-35.374194,200,229.302989,0.0,0.2681559518151749,2778.989465440432,16.31933861958663,13.89494732720216
-93.460491,200,229.430772,0.0,0.21519143789287817,2742.2362748429014,16.458610059608272,13.711181374214506
-77.9625,200,229.892361,0.0,0.5928672934713981,2723.578382794444,15.646844504980438,13.61789191397222
-52.528895,200,230.041882,0.0,0.36091803577819576,3190.6668253844437,17.646142601583204,15.953334126922218
-69.155137,200,230.175956,0.0,0.20253526725207976,2811.904868170242,15.532804674402868,14.05952434085121
-132.644764,200,230.307563,0.0,0.4097078928142319,2583.502697939079,14.533963478020214,12.917513489695395
-115.266195,200,230.431104,0.0,0.39113405602003193,3125.2688560217575,18.262576875181797,15.626344280108787
-82.079374,200,230.559684,0.0,0.6095707364516398,2522.8090389648055,14.283798859673125,12.614045194824028
-111.493034,200,230.685782,0.0,0.2583127025996936,2681.5759716271095,14.994889049546282,13.407879858135548
-64.857731,200,230.812759,0.0,0.3061592236643873,2797.25080140181,16.18506525815223,13.98625400700905
-108.358077,200,230.955394,0.0,0.27363342331249285,2880.188158521541,16.439997147712997,14.400940792607706
-142.258713,200,231.086627,0.0,0.6583259510104875,3312.199744935645,19.526585690014034,16.560998724678225
-76.683358,200,231.538733,0.0,0.5267674948812854,2586.0448194407977,15.211783226306569,12.930224097203988
-50.064757,200,231.676775,0.0,0.43042637618093094,2185.3972431372117,12.898719046545114,10.926986215686059
-46.441227,156,231.787312,1.0,0.04963122380872134,1864.895838044313,10.893357053032197,11.954460500284057
-113.248336,200,231.920835,0.0,0.5421512225074342,3178.7234556828043,18.964790777515,15.893617278414021
-98.820796,200,232.046348,0.0,0.30315254391979374,2981.989238283215,16.496439238453576,14.909946191416076
-15.593533,61,232.086867,1.0,0.048624323760598435,694.7444225718681,3.820658810186991,11.389252829047019
-74.674868,200,232.215935,0.0,0.1635119928974025,2829.598107176694,16.353417978195328,14.147990535883471
-139.282296,200,232.341456,0.0,0.5092866355220436,2541.19895780522,15.355985765830626,12.7059947890261
-78.628243,200,232.469986,0.0,0.3183075429500576,2431.0166352145047,14.54882649176062,12.155083176072523
-87.139798,200,232.594052,0.0,0.17421337854807786,2634.4728812189123,15.378939961980837,13.172364406094562
-73.863254,200,232.719558,0.0,0.27026687913408526,3041.141605085817,17.08954108939289,15.205708025429084
-67.282918,200,233.149732,0.0,0.3059295683988463,2648.830459152633,15.411928390097483,13.244152295763165
-52.031768,200,233.302622,0.0,0.17937349657839136,2828.969570648907,15.777225603944647,14.144847853244535
-158.710745,200,233.440137,0.0,0.6716305281405044,3039.66061233784,17.856976412560698,15.1983030616892
-38.727131,200,233.569494,0.0,0.27272246715064064,2586.8120247090997,14.968556024084922,12.934060123545498
-73.711289,200,233.695526,0.0,0.35914303802290964,2806.5694681532846,16.281318404797467,14.032847340766423
-33.498842,136,233.787044,1.0,0.04837808074369458,1835.5371415761483,9.98125762012742,13.496596629236384
-118.158391,200,233.914433,0.0,0.2804292432082683,2829.3322562751796,16.30241213979167,14.146661281375899
-82.004994,200,234.044491,0.0,0.11883777319541436,2815.1536200541723,15.847119746023983,14.075768100270862
-77.590499,200,234.173018,0.0,0.513866102890726,2608.060782956288,14.825488266293345,13.040303914781441
-8.516526,33,234.195537,1.0,0.04728840892558841,302.27691978688097,1.9435545806980685,9.159906660208515
-20.559597,88,234.253538,1.0,0.04746500995041132,1058.6104941711872,5.695550306240263,12.029664706490763
-38.762785,155,234.356066,1.0,0.0476929574972377,2489.8175039771413,14.205496807877926,16.063338735336394
-134.740415,200,234.486124,0.0,0.46376457701950086,3111.6453942651283,17.54780683440937,15.558226971325642
-119.523727,200,234.949635,0.0,0.5801054416711936,3310.1605008106085,19.260862049447233,16.550802504053042
-10.697059,61,234.99215,1.0,0.04950712224917757,985.2542336668024,5.627112594462593,16.151708748636104
-120.157113,200,235.124667,0.0,0.28657476342112365,2788.0033303601494,15.683534440390625,13.940016651800747
-89.074886,200,235.255196,0.0,0.23652492748374981,2452.5020643040175,14.458597415377389,12.262510321520088
-65.401427,200,235.393417,0.0,0.39141937069000476,2688.287838558292,15.275518099734546,13.44143919279146
-104.775617,200,235.520537,0.0,0.3259505760930547,2825.91259850338,16.432410808053586,14.1295629925169
-90.752487,200,235.648067,0.0,0.2098322547072505,2957.142861993108,16.451324424825152,14.78571430996554
-129.534211,200,235.783117,0.0,0.3895523492363355,2746.3665209076867,15.858723191127586,13.731832604538432
-74.032983,200,235.91163,0.0,0.14249549452456958,2837.1662494599095,16.612382110058096,14.185831247299548
-50.958233,163,236.018147,1.0,0.04931080650102733,2365.207411649385,13.61287248541182,14.510474918094387
-119.557595,200,236.14768,0.0,0.3049652304962674,2741.6843724143464,15.530324862022656,13.708421862071733
-132.078089,200,236.603247,0.0,0.36983319384752633,2632.883514682143,15.145465100632565,13.164417573410715
-33.995163,161,236.71666,1.0,0.04207546372265606,2329.7117429371733,13.326572183557957,14.470259272901698
-93.702689,200,236.849196,0.0,0.15430844035261432,2763.093613268419,15.564974315542463,13.815468066342095
-96.494849,200,236.980267,0.0,0.26071990675150153,2927.8488929352134,16.82646885579184,14.639244464676066
-142.651218,200,237.110805,0.0,0.6669132192514128,3429.605145317706,19.12292655738009,17.14802572658853
-72.673461,200,237.265165,0.0,0.2233705644299481,2517.0441264064057,15.098918330130376,12.585220632032028
-98.00595,200,237.441233,0.0,0.3072641594087347,2741.998620814907,15.957566085576206,13.709993104074535
-134.402826,200,237.603858,0.0,0.47770436419790874,2917.296932621751,16.937531986552187,14.586484663108754
-112.702338,200,237.745913,0.0,0.5281508161980019,3214.539438852228,18.508400641317284,16.072697194261142
-96.738668,200,237.886034,0.0,0.6582755097496483,2379.8720315339724,13.592499708781462,11.899360157669863
-95.840192,200,238.409411,0.0,0.7542264778026948,2456.3882302480497,13.862827460321231,12.281941151240249
-54.879279,200,238.56367,0.0,0.1341895061693368,2495.990115134662,14.214582674722969,12.47995057567331
-100.543579,200,238.703719,0.0,0.18861615340756097,2730.84392372127,15.613886751744092,13.654219618606351
-71.220878,200,238.839243,0.0,0.16535643693136706,2502.110984765814,14.446312427512016,12.51055492382907
-40.059899,150,238.939761,1.0,0.049696607180240424,2015.5845797613713,11.326397823556876,13.437230531742475
-98.252647,200,239.073298,0.0,0.32279459642075664,2954.019625694672,17.131111125036636,14.770098128473359
-69.190666,200,239.207348,0.0,0.22001685971507562,3007.530974956152,16.88701840988399,15.03765487478076
-137.513908,200,239.337866,0.0,0.5099695544173786,3024.598419240548,17.480095873966174,15.12299209620274
-100.75742,200,239.47026,0.0,0.2908652939489033,2798.0721152344504,16.603989300481786,13.990360576172252
-91.390566,200,239.601299,0.0,0.5279779650964765,2678.740348059054,15.234579520455515,13.39370174029527
-47.79858,200,239.732439,0.0,0.14006609664834638,2643.0237066303175,15.679122193998905,13.215118533151587
-130.313202,200,240.231087,0.0,0.3894815201935809,2709.530869518795,15.650636013309581,13.547654347593975
-79.483467,200,240.368611,0.0,0.08061905475858608,2808.678850117718,15.697579896336302,14.04339425058859
-35.973586,139,240.457123,1.0,0.04744341524930688,1975.8352207183348,11.68583581507808,14.214641875671473
-47.984967,200,240.580164,0.0,0.25503982007755804,2817.1750272650825,15.882787686613685,14.085875136325413
-64.231994,200,240.706682,0.0,0.21361343108780792,2368.923986714627,13.919229223713508,11.844619933573135
-140.362532,200,240.8312,0.0,0.6087231403658085,3120.7295294797223,17.71859500236883,15.603647647398612
-76.464805,200,240.960718,0.0,0.4808889183600023,2524.349310114779,13.998555618380076,12.621746550573896
-173.668331,200,241.091769,0.0,0.8131542991713423,3314.17462146914,19.16531474679198,16.5708731073457
-84.327017,200,241.22174,0.0,0.12446607100099952,3012.9121745806306,16.949654144129802,15.064560872903153
-73.658552,200,241.351262,0.0,0.5013577922840516,2717.6698999811697,15.540107673785213,13.58834949990585
-84.408706,200,241.814784,0.0,0.19829495695932955,2677.045386216902,14.762415436568347,13.38522693108451
-91.782533,200,241.976024,0.0,0.22897083803021986,2698.346569292603,15.06018272811333,13.491732846463014
-37.783328,200,242.107217,0.0,0.3695623050216996,2412.0429302977263,14.672536036239674,12.060214651488632
-150.105681,200,242.23174,0.0,0.5269470035628545,2816.1570109313743,16.173238361409872,14.080785054656872
-111.948519,200,242.361238,0.0,0.36816755960674397,2621.4979545028636,15.680690171428795,13.107489772514318
-64.763541,200,242.488302,0.0,0.2108508283681175,2744.550212996119,16.228533245460408,13.722751064980596
-57.78315,200,242.618843,0.0,0.1433614926507574,2762.6816334172468,16.35609226358064,13.813408167086234
-32.354667,143,242.713779,1.0,0.0484797310003293,2148.706414372393,12.357799082173164,15.025918981625125
-140.303057,200,242.843299,0.0,0.595834283615305,3195.864870879241,18.177420524866303,15.979324354396205
-89.186008,200,242.975839,0.0,0.17025244020530986,2647.821399183386,15.076797233491403,13.239106995916929
-67.295668,200,243.106735,0.0,0.2758369699844903,2251.297058132471,12.915450048514723,11.256485290662356
-67.213596,200,243.569793,0.0,0.2738747869532265,2625.039865134314,15.107726310228141,13.12519932567157
-45.508032,200,243.712561,0.0,0.24714257332100997,2476.8426844500063,14.23894067360781,12.384213422250031
-72.080058,200,243.841074,0.0,0.17587248897526223,2602.249188412894,15.502172215803027,13.01124594206447
-9.648895,58,243.880586,1.0,0.04965774015017506,880.2720775362841,5.059733644388804,15.177104785108346
-56.607187,200,244.012845,0.0,0.298587005148695,3319.2942552853947,19.04649446560187,16.596471276426975
-46.488583,200,244.147684,0.0,0.3342268448408052,2488.4854816537695,14.248459212123091,12.442427408268848
-121.890765,200,244.279038,0.0,0.35854777663849197,2695.272135158748,15.488801531036877,13.476360675793739
-91.421306,200,244.40707,0.0,0.29792339139066615,2894.9038648376663,17.309115468545905,14.474519324188332
-110.585929,200,244.536605,0.0,0.2155588222188389,2415.054001749867,13.808904665135959,12.075270008749335
-55.535566,200,244.669144,0.0,0.30655376983986427,2805.65349204644,16.39289043999348,14.0282674602322
-73.709471,200,244.799192,0.0,0.07354749412218813,2884.877497933171,16.882483892064776,14.424387489665856
-80.505019,200,245.240242,0.0,0.17285171989801876,2399.5170409578864,13.793068177234462,11.997585204789432
-104.413261,200,245.376765,0.0,0.33548842418350955,2917.2098468575955,16.348958177333298,14.586049234287977
-52.303321,200,245.511812,0.0,0.311172704803169,2767.592747557776,16.79534714614441,13.83796373778888
-91.425576,200,245.637336,0.0,0.056328321833599905,2543.8701046532497,14.15618049516462,12.719350523266248
-75.716634,200,245.770329,0.0,0.4808778263173253,2792.219578580158,15.602186064547816,13.96109789290079
-148.396062,200,245.901377,0.0,0.7383495908483843,3333.557200721792,19.012557265252408,16.66778600360896
-41.843861,175,246.01289,1.0,0.0467109829429414,2524.3809910864716,14.401279709457242,14.425034234779838
-76.512701,200,246.134412,0.0,0.09412059989622772,3046.7171525992053,17.613768295397197,15.233585762996027
-77.36626,200,246.255938,0.0,0.4194572204940801,2583.496835681847,14.26511704295436,12.917484178409236
-96.119866,200,246.386295,0.0,0.24936391137129454,2790.17095293091,15.775963413108162,13.95085476465455
-85.745596,200,246.835961,0.0,0.5278799197904865,2278.9024165566707,12.846368338477951,11.394512082783354
-92.73793,200,246.98048,0.0,0.5517578125728659,2449.540382750589,14.706249404867117,12.247701913752945
-11.724346,66,247.024994,1.0,0.049331846985482465,1048.751219753834,6.011997365424027,15.890169996270211
-8.271739,34,247.048995,1.0,0.04398975349414296,206.02993218023937,1.487049520436245,6.059703887654099
-100.663299,200,247.177396,0.0,0.6718425777830188,2390.5958664239583,13.730843576648548,11.952979332119792
-128.268021,200,247.306431,0.0,0.3793883696029326,2668.5914534217827,15.485633210477863,13.342957267108913
-66.127136,200,247.43496,0.0,0.15534021660618152,2017.8156186005763,11.735453566009674,10.08907809300288
-137.631183,200,247.566487,0.0,0.4587959848202386,2788.01163766534,15.069280836833341,13.9400581883267
-67.955205,200,247.695533,0.0,0.3035545843370824,2643.685373709739,14.92157749521314,13.218426868548695
-71.017953,200,247.823067,0.0,0.13018021106019975,2820.8206252544987,16.39266103237559,14.104103126272493
-115.807595,200,247.952648,0.0,0.45429607069342737,3049.9715199914767,17.412196810513315,15.249857599957384
-142.295011,200,248.080174,0.0,0.6356916233662626,3127.796234196416,17.71275692687101,15.638981170982081
-68.078413,200,248.550699,0.0,0.05947396660022846,2207.535118002639,13.095156217896337,11.037675590013196
-84.315272,200,248.694239,0.0,0.19715387270509752,2736.444719815595,16.12435006027112,13.682223599077975
-11.994639,51,248.727674,1.0,0.0421780573191208,735.1785555091201,4.243248198605754,14.415265794296472
-56.276742,200,248.860203,0.0,0.2211911864931692,2354.953742894758,13.704813195480641,11.774768714473788
-69.656445,200,248.991258,0.0,0.35452883017428194,2629.4025917805448,15.690845825858991,13.147012958902724
-58.641558,173,249.099243,1.0,0.048411462342046734,2356.062856398059,13.56572484809522,13.618860441607277
-64.672769,200,249.224759,0.0,0.29317748093512896,2582.0858265994348,15.037977318436383,12.910429132997173
-112.337688,200,249.350284,0.0,0.26360376751771514,2851.7355602205516,16.346279955389246,14.258677801102758
-46.782299,200,249.476481,0.0,0.10272709423876147,2563.395342612537,14.849730430584373,12.816976713062687
-76.008393,200,249.607531,0.0,0.21069663907840383,2364.725714067586,13.845635484763534,11.823628570337931
-52.213949,176,249.716497,1.0,0.04326961926758195,2234.540019343219,12.56046177501147,12.696250109904652
-142.799703,200,250.182072,0.0,0.450636477444209,2750.8641899062554,15.872324850758543,13.754320949531277
-10.068814,61,250.225578,1.0,0.04909659400266001,916.6256831350512,5.114875530993649,15.02665054319756
-69.98228,200,250.370123,0.0,0.25538436538435555,2869.031561004818,16.69393170696074,14.345157805024089
-104.651382,200,250.49912,0.0,0.230801935428798,2669.486714895958,15.949420104378328,13.347433574479789
-116.216688,200,250.625648,0.0,0.32688796816694987,3151.82914195683,17.822700080001574,15.75914570978415
-125.761744,200,250.754778,0.0,0.45493734386171286,2706.8456398284325,15.572610865705506,13.534228199142163
-103.72539,200,250.881582,0.0,0.47260372098318043,2919.4600049758274,17.025504280464197,14.597300024879138
-32.883774,200,251.009607,0.0,0.31032743890813075,2733.8888374470594,16.052550281278485,13.669444187235296
-54.147355,200,251.134126,0.0,0.08299511444544974,2863.258846853502,16.150552903970244,14.31629423426751
-36.557007,200,251.261274,0.0,0.2537373956308377,2688.6869107432685,15.34414773011364,13.443434553716342
-82.371705,200,251.391361,0.0,0.4836313588725925,2389.1699881645427,13.798980462067936,11.945849940822713
-114.962144,200,251.849437,0.0,0.33881206809965575,2905.912600533414,17.091256917399427,14.529563002667071
-77.387658,200,251.999458,0.0,0.15472567915988727,2698.978725762331,15.77275369036069,13.494893628811656
-89.963243,200,252.131013,0.0,0.2588665993153466,2720.556155418434,16.43065261187913,13.602780777092171
-47.381489,200,252.262476,0.0,0.2583705883011531,3500.587564400846,20.331147041852507,17.50293782200423
-129.675535,200,252.386531,0.0,0.3781639667927855,2597.2306039721802,15.128349829329084,12.9861530198609
-64.560897,186,252.507059,1.0,0.04913745805381842,2668.7591964513636,14.935446302410666,14.348167722856793
-21.199603,144,252.60243,1.0,0.046483523890790426,2073.429242205679,11.848448667311754,14.398814181983884
-82.417431,200,252.725946,0.0,0.5356824831990837,2397.856535912123,14.324636867521255,11.989282679560615
-63.973602,200,252.855514,0.0,0.18481608602802158,2397.93170251035,14.11682217177273,11.98965851255175
-75.290426,200,252.986664,0.0,0.11386809690386272,2377.6784128141435,14.015816953106219,11.888392064070718
-71.677453,200,253.118867,0.0,0.17370331071256787,2421.3453550271233,13.919328530762726,12.106726775135616
-102.138452,200,253.585413,0.0,0.21071489629744278,2458.5671589043154,14.203221344045554,12.292835794521578
-57.215299,200,253.721931,0.0,0.22904541038736986,2396.009873895518,13.942703116813385,11.980049369477591
-153.639725,200,253.848072,0.0,0.517148274123154,2691.9881632684137,15.896335574806884,13.459940816342069
-44.840712,200,253.973621,0.0,0.15557854948668323,2391.463541828563,13.67986704896,11.957317709142815
-107.232158,200,254.103703,0.0,0.325161263263189,3008.5007074849377,17.124329585504846,15.042503537424688
-74.080384,200,254.232236,0.0,0.45023391264879087,2573.447546001954,14.905191283671448,12.86723773000977
-99.093869,200,254.358756,0.0,0.25744560437613184,2652.4241027708886,15.090236097959341,13.262120513854443
-67.009305,200,254.482278,0.0,0.17639846937063874,2338.5438668995043,13.140628945513072,11.692719334497522
-45.318761,178,254.595312,1.0,0.049800729258778306,2513.6675065858817,14.484593627984035,14.121727565089223
-70.941319,200,254.721837,0.0,0.46666289002109257,2725.1603820316486,15.73569356947332,13.625801910158243
-72.76172,200,255.208646,0.0,0.4070689503687559,2726.609941566751,15.336954376727208,13.633049707833754
-48.710646,200,255.356273,0.0,0.24229285119120214,2847.008647729243,15.999794706096546,14.235043238646215
-94.289404,200,255.48732,0.0,0.12396109964811314,2494.7674754841164,14.488165197426573,12.473837377420582
-162.973002,200,255.612833,0.0,0.6166360623834952,3041.9622266891574,17.38488550720226,15.209811133445788
-42.257197,200,255.744361,0.0,0.12473030830351427,2493.985153891876,14.203734253395606,12.46992576945938
-66.185914,200,255.870895,0.0,0.09100808002114133,2649.7174068799154,15.473566406089466,13.248587034399577
-164.944151,200,255.997928,0.0,0.7869881811114642,3277.0282886019163,18.601600537777795,16.38514144300958
-118.937538,200,256.129452,0.0,0.3792910209502534,2973.5606348011597,17.03827350940197,14.867803174005799
-31.745401,200,256.259971,0.0,0.24103540006452798,2960.6154518068706,17.118329432628975,14.803077259034353
-40.786698,200,256.380495,0.0,0.36922240359128716,2739.7623069162,15.466567850508184,13.698811534581
-74.150674,200,256.829029,0.0,0.08199518926225374,2851.484187379827,16.677515929786296,14.257420936899134
-37.839346,200,256.988051,0.0,0.15044229723876623,3300.4082360346274,18.90126593006235,16.502041180173137
-72.521816,200,257.123601,0.0,0.1689752667828152,2958.4738791995965,17.0790154591429,14.792369395997982
-38.745226,200,257.255058,0.0,0.15988209694674757,2569.8809566976,15.185732899132477,12.849404783488001
-108.783067,200,257.386229,0.0,0.45348078782140594,3214.1189292874164,18.742844586446285,16.070594646437083
-68.502529,200,257.515348,0.0,0.1861942659581448,2627.648872147576,15.146438526042747,13.13824436073788
-7.837673,32,257.535348,1.0,0.047427539327691996,215.9746705103221,1.396141479805508,6.749208453447566
-55.360673,200,257.663981,0.0,0.37868167401829894,2826.393262103463,16.030095654738922,14.131966310517313
-45.332311,200,257.796027,0.0,0.08145357547599007,2916.277541224422,17.053824867534363,14.58138770612211
-50.190419,200,257.926554,0.0,0.1570970455480729,3079.4760899554303,17.866825643125818,15.397380449777152
-150.408278,200,258.055933,0.0,0.557902826197475,3200.455201191105,17.772838471880156,16.002276005955526
-59.494003,200,258.497511,0.0,0.18967535511500758,3064.931319869103,17.23167449183242,15.324656599345515
-145.577287,200,258.642021,0.0,0.5195118830406599,2767.6072700141026,15.835704290861127,13.838036350070514
-133.10806,200,258.773541,0.0,0.4127835191291441,2862.9972923938917,16.786601068463774,14.31498646196946
-85.865267,200,258.89957,0.0,0.2383654268996607,2708.3939776142975,16.26631977920186,13.541969888071486
-101.727998,200,259.025095,0.0,0.23519636587306228,2765.325476312703,16.34814315652211,13.826627381563515
-76.227166,200,259.157262,0.0,0.18067569892596627,3007.2982257257795,17.134820574774643,15.036491128628898
-150.414433,200,259.2873,0.0,0.48524046664910286,2789.838378749432,15.255149382830327,13.94919189374716
-120.063179,200,259.413406,0.0,0.33832256136384214,2415.619291103164,13.613997658929357,12.07809645551582
-44.570156,175,259.527163,1.0,0.04988440786433729,2292.208338106601,13.498429489598152,13.098333360609148
-71.259795,200,259.659885,0.0,0.37929223188195627,2352.52855559983,13.406815667762862,11.76264277799915
-41.85724,200,259.791921,0.0,0.24974155231474154,2512.0084315127297,14.505292902023138,12.560042157563649
-59.680622,200,260.24097,0.0,0.09152944934404984,2838.6186712743342,16.267458389075436,14.193093356371671
-117.79842,200,260.373492,0.0,0.3713622126477042,2840.3334872284586,16.303375130743174,14.201667436142293
-133.48727,200,260.501534,0.0,0.41845704721122295,2718.4846298268712,15.583602547277337,13.592423149134357
-135.740031,200,260.633049,0.0,0.4995152060229079,2959.8157750848377,16.93439059694876,14.799078875424188
-63.79675,200,260.765419,0.0,0.25032903990003497,2561.694668096087,14.70805854652386,12.808473340480434
-160.857014,200,260.89749,0.0,0.561006858045726,3164.9699328587362,17.78502030171471,15.824849664293682
-72.170761,200,261.022022,0.0,0.1345467900736239,2609.611773773334,14.952294818558949,13.048058868866669
-158.921409,200,261.155568,0.0,0.6371777663681861,3023.6033224661933,17.992335777152796,15.118016612330967
-71.036488,200,261.291678,0.0,0.2230972470982558,2330.447163880582,13.462485061677553,11.652235819402911
-61.721317,200,261.418201,0.0,0.2555149211982395,2553.231264381825,14.281589281123727,12.766156321909126
-46.887859,200,261.898917,0.0,0.2142830153679906,3049.1129051258267,17.626578652702054,15.245564525629133
-89.570616,200,262.043444,0.0,0.23896569838621057,2778.3831821330787,16.768408269882148,13.891915910665393
-90.773254,200,262.178819,0.0,0.1034731729536293,2506.091097327993,14.633388978997404,12.530455486639964
-98.733449,200,262.306862,0.0,0.19526651427158107,2548.3608462549514,14.178367652187687,12.741804231274758
-57.323565,200,262.438379,0.0,0.2636383433217581,2968.2225346285873,17.114780851074165,14.841112673142936
-82.200138,200,262.5689,0.0,0.15954511432315033,2622.179357582149,15.210476641291462,13.110896787910745
-70.579672,200,262.70196,0.0,0.1487298666273869,2785.001344725007,15.59140557518272,13.925006723625035
-104.413063,200,262.833483,0.0,0.23697092175242596,2619.5900172820493,15.036383315877073,13.097950086410247
-10.304598,41,262.860483,1.0,0.048866419465239466,357.6101024316163,2.1114180834676604,8.722197620283325
-90.757775,200,262.985013,0.0,0.6516396649510394,1961.006317509777,11.584546515882225,9.805031587548886
-34.635106,145,263.079063,1.0,0.04893632889507056,1974.3766391837019,11.070413479512716,13.616390615060013
-23.436644,126,263.49057,1.0,0.04864745341421752,1739.8539418958221,10.2257592670241,13.80836461822081
-112.612948,200,263.633085,0.0,0.31512649073053606,2946.487365116023,16.591946248344758,14.732436825580114
-115.095367,200,263.772604,0.0,0.33174422840843476,3004.266267497072,17.44925228824477,15.02133133748536
-111.427251,200,263.910078,0.0,0.5082075849514113,3254.169481871295,19.016012251623415,16.270847409356474
-125.756193,200,264.039829,0.0,0.342122672756275,2523.186484751978,14.48668483555263,12.615932423759888
-81.447805,200,264.169971,0.0,0.20272911558802117,2856.355833183164,16.528579531156986,14.28177916591582
-63.672555,200,264.304011,0.0,0.3053994108171652,2618.730130031529,14.968986702545457,13.093650650157645
-70.360147,200,264.427528,0.0,0.14385791003781834,2897.8524175386856,16.4026417455995,14.489262087693428
-69.611436,200,264.550039,0.0,0.15137896921261346,2636.1897962465237,15.599029651980302,13.180948981232618
-84.2336,200,264.679235,0.0,0.09616642170854939,2745.3982355818516,16.163584104828086,13.726991177909259
-70.059675,200,264.811899,0.0,0.2620931347793001,2642.6499491397717,14.5733301652336,13.213249745698858
-123.88186,200,265.286137,0.0,0.3760012467895666,2749.8118124717885,15.93629484690942,13.749059062358942
-52.669794,200,265.420211,0.0,0.07246597299977771,2340.801735034806,13.118409064082417,11.70400867517403
-61.82346,200,265.547683,0.0,0.09887454602514678,2675.4191733825874,14.88364878571734,13.377095866912937
-166.713821,200,265.673199,0.0,0.6337954098593241,2832.2163377287247,16.456529296367226,14.161081688643623
-29.685605,139,265.766732,1.0,0.046559154572626944,1742.7533623733373,9.922855191322961,12.5377939739089
-38.633735,200,265.896797,0.0,0.29005775514247856,2571.9175140121183,15.01415681960696,12.859587570060592
-109.519765,200,266.024263,0.0,0.3109327942421758,2539.0359035323695,14.226775003938954,12.695179517661847
-76.535877,200,266.149919,0.0,0.17300688337680017,2763.0099136788667,15.646761717077746,13.815049568394334
-136.832187,200,266.277619,0.0,0.375969705119111,2919.932464340124,16.716661869330608,14.59966232170062
-66.690822,200,266.404629,0.0,0.140540598408447,3076.405095992512,17.46965254829505,15.38202547996256
-58.577643,200,266.855686,0.0,0.309883515358647,2607.859384429454,14.946473391315205,13.03929692214727
-64.997933,200,267.012739,0.0,0.3247402566058898,2376.057075738366,13.127537170828514,11.88028537869183
-61.607801,200,267.144299,0.0,0.23932000680588014,3267.2100585057588,18.22050535697843,16.336050292528792
-32.53753,178,267.258832,1.0,0.049854779257900314,2471.1932076203034,14.194813780751812,13.883107907979232
-95.199396,200,267.384392,0.0,0.20900946216476554,2543.9475262086357,14.439386310597062,12.719737631043179
-56.040444,200,267.509392,0.0,0.2099155863063916,2457.9154499874867,14.400062453130294,12.289577249937434
-67.994085,200,267.638653,0.0,0.3359254663045288,2654.6114416150767,15.64930019490463,13.273057208075384
-135.214465,200,267.767237,0.0,0.44570062967555757,2755.586929735512,15.84459397316893,13.77793464867756
-39.083361,165,267.869705,1.0,0.04894921999232334,2256.4073915917697,12.869816201399722,13.675196312677393
-65.940165,200,267.993745,0.0,0.17571308719891574,2188.3390991116175,13.253155576148838,10.941695495558088
-115.401455,200,268.120266,0.0,0.29381181136631673,2491.898075977103,14.47765802606809,12.459490379885516
-61.215627,200,268.583616,0.0,0.059342173707107405,2695.3843526506953,15.665816547191287,13.476921763253477
-57.36769,200,268.734661,0.0,0.22682080518028178,2827.6965209617942,16.31094039787085,14.13848260480897
-18.760273,129,268.818213,1.0,0.04693284165566628,1790.2278796428584,10.311961426622638,13.877735501107429
-130.584533,200,268.945506,0.0,0.5127202902767738,3153.2473101131623,17.588444963351673,15.76623655056581
-157.946652,200,269.077068,0.0,0.564226876088727,2816.1303057669556,16.27350546668545,14.080651528834778
-43.8642,200,269.204106,0.0,0.21699455245893617,2498.723650352554,14.065306846684837,12.49361825176277
-59.5292,183,269.318636,1.0,0.04576348493583337,2425.3485598266348,14.014543258792717,13.253270818724781
-64.54982,200,269.442513,0.0,0.29975316916374833,3398.533196640219,19.686336509609927,16.992665983201096
-74.155925,200,269.567657,1.0,0.049290401547570646,2313.4250438469926,13.616574972618004,11.567125219234963
-51.561688,200,269.695678,0.0,0.3739250299634245,2626.2003057702254,15.006691497954465,13.131001528851128
-87.355725,200,270.143676,0.0,0.16109270271153614,2553.913060380879,14.317855341991041,12.769565301904395
-87.225818,200,270.297415,0.0,0.16034200403836862,2695.8613225345593,15.200577500305757,13.479306612672797
-121.640985,200,270.436302,0.0,0.33962779921112407,2577.46799788531,15.072245544451919,12.88733998942655
-20.674899,122,270.515482,1.0,0.04925467070384979,1509.7614432617438,8.856210668353553,12.375093797227409
-112.070015,200,270.639577,0.0,0.28836033516671405,2833.7311670148433,16.17222062547737,14.168655835074217
-54.700838,200,270.763123,0.0,0.29903504214249205,2599.121051768367,14.866802554654527,12.995605258841836
-30.204386,139,270.851645,1.0,0.049826588688180976,1948.2964809659104,10.890950088827267,14.016521445797917
-99.7324,200,270.974925,0.0,0.2765313739963163,2983.18316972159,16.944169425235614,14.915915848607948
-24.257329,130,271.05745,1.0,0.04973701171558862,1744.3210550972958,9.572208821940158,13.417854269979198
-44.731849,200,271.181994,0.0,0.3238149538820784,2428.2341663889133,14.004281516242784,12.141170831944567
-9.797889,87,271.239041,1.0,0.04680814614086215,1309.4249223590314,7.600047894862979,15.050861176540591
-87.569873,200,271.363504,0.0,0.14102058871752812,2330.4378095868205,13.544420121746619,11.652189047934103
-69.334174,200,271.791919,0.0,0.06887909040025438,2376.599012554494,13.862015124907568,11.882995062772471
-116.778998,200,271.947519,0.0,0.3581014899362056,2741.737789415755,15.796799258466793,13.708688947078775
-132.257451,200,272.08611,0.0,0.4884987946836164,3274.1296583544063,18.43023391236708,16.37064829177203
-102.565725,200,272.21714,0.0,0.19537283633506528,2560.94039078717,14.340971621659062,12.80470195393585
-28.375859,149,272.311663,1.0,0.04702263458339106,2167.4413251750198,12.580671377004993,14.546586075000132
-131.625493,200,272.44426,0.0,0.3931510390524768,2584.8105330940903,14.995981392509531,12.924052665470452
-26.076468,182,272.560775,1.0,0.04926579992640072,3057.809692981165,17.1842614922441,16.80115215923717
-61.521457,191,272.690652,1.0,0.049553034043180635,2491.6173437223015,14.403007885140974,13.045116982839275
-109.322957,200,272.81926,0.0,0.46382491398102443,3039.114025988502,17.49036303124427,15.19557012994251
-81.818126,200,272.94959,0.0,0.18503627562919295,2578.9747510973298,15.22356980750476,12.89487375548665
-63.620498,200,273.074108,0.0,0.2013216906678678,2446.601526659742,14.434879478058967,12.23300763329871
-54.295298,200,273.528651,0.0,0.25502695585030083,2449.7001467341343,14.144552504169374,12.24850073367067
-94.964814,200,273.679175,0.0,0.153698344586636,2597.2405430105046,14.82293430822556,12.986202715052523
-80.256317,200,273.807282,0.0,0.09889834698660967,2651.4729878222456,15.5280895635891,13.257364939111229
-75.180167,200,273.935791,0.0,0.06635857471568371,2588.025147641072,15.068674941504735,12.94012573820536
-68.567813,200,274.064513,0.0,0.32293558830172475,2397.925978433492,13.78209743925947,11.98962989216746
-114.803584,200,274.192268,0.0,0.5544301578715253,3486.183153899917,19.44946394422255,17.430915769499585
-174.285818,200,274.322273,0.0,0.8009450473513915,3347.677247548647,19.363814581443123,16.738386237743235
-115.524165,200,274.448287,0.0,0.2599490310406144,2667.08747425508,14.935135424028436,13.3354373712754
-130.929725,200,274.574834,0.0,0.6122666683695129,3045.058638329128,17.669225490773222,15.22529319164564
-91.843132,200,274.703837,0.0,0.27514492544398506,2779.836401809437,16.516708022394145,13.899182009047186
-68.069696,200,275.16031,0.0,0.30908000989745277,3424.4310126896,19.51877773995824,17.122155063447998
-73.612541,200,275.308352,0.0,0.06043330261170254,2450.1026421143847,14.15176540870401,12.250513210571924
-56.111198,200,275.442888,0.0,0.20215583870740905,2822.6954801869647,16.43844350586916,14.113477400934823
-92.151855,200,275.567434,0.0,0.1365611727109937,2628.97845667009,15.920021279225006,13.144892283350451
-41.302833,153,275.667948,1.0,0.04812527571553125,2086.555305181064,11.560252237163311,13.637616373732444
-96.098567,200,275.791702,0.0,0.2286105385567426,2934.3840913110653,16.26608250403335,14.671920456555327
-114.722382,200,275.917686,0.0,0.5335630673240314,3446.2276625232225,19.218587172244856,17.231138312616114
-105.305476,200,276.044192,0.0,0.22479531885261309,2613.642253385044,15.351947780799101,13.068211266925221
-64.20618,200,276.169684,0.0,0.32814654256563,2396.8963744208017,13.649299776212986,11.98448187210401
-32.417743,200,276.294212,0.0,0.24498350277189027,2668.1917601713735,15.669251366055228,13.340958800856868
-120.5958,200,276.422192,0.0,0.4752439932398955,3319.2332327219424,18.902378776258388,16.596166163609713
-58.255868,200,276.859003,0.0,0.06732790359826636,2603.9103452261356,15.300345272413713,13.019551726130679
-108.809887,200,276.999221,0.0,0.32329538318685624,2750.9635530832948,15.611004864958758,13.754817765416474
-40.409099,149,277.100101,1.0,0.04539045901848865,1557.717631783095,8.804368500079882,10.454480750222114
-72.335683,200,277.231152,0.0,0.5047948126628615,2495.1422564507375,14.377233119559339,12.475711282253688
-96.861817,200,277.360691,0.0,0.1844714254700525,2450.044678699822,13.52403338875098,12.250223393499109
-8.919563,36,277.384698,1.0,0.04859508882171447,174.9189398760298,1.2249486819388016,4.858859441000828
-128.153653,200,277.515775,0.0,0.6210440728436729,3337.59103457034,19.237255419052023,16.6879551728517
-87.437149,200,277.639315,0.0,0.13466794217523792,2653.607865241704,15.006744221037232,13.26803932620852
-60.698786,200,277.75983,0.0,0.08078640600002325,2642.4307795110267,15.409450837560021,13.212153897555133
-90.154665,200,277.885921,0.0,0.1231141466452634,2601.6408555175894,14.869342566704452,13.008204277587947
-117.39732,200,278.011959,0.0,0.33375988444009297,2592.4715646849518,14.136984321344235,12.962357823424759
-109.042708,200,278.44879,0.0,0.29828343481799263,2742.5841468111657,16.359411983550665,13.712920734055828
-41.684734,200,278.602834,0.0,0.15251574651909805,2754.2913515606147,15.868762063334072,13.771456757803072
-73.642888,200,278.731399,0.0,0.22077542172734554,2622.867920707566,15.459221123421822,13.11433960353783
-46.350132,161,278.838877,1.0,0.04995707563637976,1892.5039795167995,11.086123307783122,11.754683102588817
-79.793237,200,278.966397,0.0,0.11417958214814457,2273.1652750466983,13.660358409445628,11.36582637523349
-176.881469,200,279.099345,0.0,0.8020559543000897,3341.033405778997,19.564801644156006,16.705167028894984
-94.430298,200,279.22806,0.0,0.14835613305559905,2299.2738034024374,12.985529562574357,11.496369017012187
-37.530069,178,279.341573,1.0,0.049168000738374976,2430.574991750594,13.626760671836488,13.654915683992101
-44.851534,172,279.453103,1.0,0.04970239457491258,2028.4883154783327,11.910065199844112,11.793536717897283
-35.939952,200,279.574622,0.0,0.14285303891360832,3262.9635286134594,19.429968093490324,16.314817643067297
-69.655052,200,279.700691,0.0,0.06301683814797791,2572.655616818853,13.843300303766636,12.863278084094265
-47.315669,200,280.173626,0.0,0.10163204312882906,2822.209810513807,16.992145087573853,14.111049052569035
-40.60954,200,280.311667,0.0,0.250406166467221,2157.3123766514127,13.107162429421688,10.786561883257063
-102.146491,200,280.43753,0.0,0.4182747681408797,3049.7125757246436,17.353396308094688,15.248562878623218
-124.404018,200,280.567022,0.0,0.3689982778306874,2823.1070404224433,16.60079543973977,14.115535202112216
-62.030236,200,280.692594,0.0,0.09680805026531683,2405.1306820722943,13.947435820538267,12.025653410361471
-37.699736,200,280.823643,0.0,0.12112104572734388,2850.5735885062613,16.305772369280998,14.252867942531307
-60.305856,200,280.951179,0.0,0.3100769065969374,2428.4881367503112,14.225257279683335,12.142440683751555
-55.57326,200,281.079737,0.0,0.2976996175820761,2488.7710118083965,14.84281740282242,12.443855059041983
-74.748693,200,281.207373,0.0,0.13299044097225615,2433.1638450456594,13.677728091936137,12.165819225228297
-44.33468,200,281.333273,0.0,0.27011407632710965,2441.6134540349935,14.044596805916843,12.208067270174968
-76.316992,200,281.798711,0.0,0.08644664445422517,2216.5358677106633,12.76916535836644,11.082679338553316
-22.881768,183,281.929224,1.0,0.04873493526289162,2737.3134628588914,15.885790549717752,14.957997064802685
-120.150917,200,282.063691,0.0,0.3212755242782222,2565.24642454447,15.137132437463524,12.826232122722349
-117.446678,200,282.189227,0.0,0.3413107445244672,2483.1058413853116,14.333963752165857,12.415529206926557
-108.112415,200,282.31428,0.0,0.32051299381007803,2447.080438682777,14.757375402822875,12.235402193413886
-123.477148,200,282.445765,0.0,0.4228307537379709,3025.621834363751,17.201790527794103,15.128109171818755
-160.265071,200,282.569281,0.0,0.6077450859450185,2834.2362152314768,16.352894068494003,14.171181076157383
-48.19288,200,282.693782,0.0,0.1296061807301291,2832.508000376152,16.320288770585645,14.162540001880759
-38.740309,200,282.817844,0.0,0.1822560151774603,2352.7302151707977,14.215331828643924,11.76365107585399
-102.475004,200,282.948398,0.0,0.24267004796492483,2265.2584605034417,13.43311786168866,11.326292302517208
-39.023293,200,283.395413,0.0,0.1554512687612487,2821.373619672071,16.20113363828366,14.106868098360355
-58.703483,194,283.534823,1.0,0.04698413805485984,2599.920156334032,14.407721178856544,13.401650290381609
-52.185672,186,283.660909,1.0,0.04990623623429713,2500.625147535848,14.31797503761618,13.444221223311011
-88.230497,200,283.789438,0.0,0.15686889520981967,2327.47796529342,13.757993942809026,11.6373898264671
-108.401698,200,283.919069,0.0,0.41726143057715026,2922.4330852108624,16.799068637074008,14.612165426054311
-65.62301,200,284.045592,0.0,0.114833925139581,2296.4209747132445,12.870162850874785,11.482104873566222
-102.222964,200,284.172052,0.0,0.2847907628915148,2586.188342470562,15.344454765240924,12.93094171235281
-36.083339,164,284.277577,1.0,0.04902746601717023,2153.536425554918,12.085129121780119,13.131319668017792
-147.745032,200,284.405618,0.0,0.5281892311251881,2257.233620610024,13.6480951892475,11.28616810305012
-127.988138,200,284.526222,0.0,0.405925385474606,2427.6975531653716,13.851523525564922,12.138487765826858
-44.343516,178,284.641777,1.0,0.048148978011304196,2351.762096303497,14.586179366352205,13.212146608446613
-86.313388,200,285.112346,0.0,0.2459670661009351,2401.2977845469136,14.73505350586525,12.006488922734569
-63.474506,200,285.257865,0.0,0.1026057355792393,2100.852279842418,12.166160535425039,10.504261399212089
-139.748111,200,285.390001,0.0,0.6821446103662925,3392.9615875956943,19.03172030776879,16.96480793797847
-141.018402,200,285.519141,0.0,0.5668541567198033,2758.15681130964,15.958973713532396,13.7907840565482
-50.513539,200,285.643603,0.0,0.056327991530462196,2685.7744651008675,15.749429524522052,13.428872325504337
-45.520165,200,285.771691,0.0,0.2126295000790507,2496.497202064172,14.502025735874913,12.48248601032086
-59.392812,190,285.893385,1.0,0.04864585628808575,2317.191006030575,13.175402378397301,12.195742137003027
-52.244953,200,286.016421,0.0,0.20301251097962172,2431.5084303058356,13.677302377537206,12.157542151529178
-112.998051,200,286.139961,0.0,0.40219580764667034,2301.9162712120356,14.1177471331115,11.509581356060178
-79.331195,200,286.263481,0.0,0.15197640280373806,2455.8523198863804,13.992816274641177,12.279261599431901
-104.728924,200,286.705017,0.0,0.3156081344871472,1969.1728672792594,11.653158078816217,9.845864336396296
-105.688836,200,286.857535,0.0,0.24701936140812628,2571.93864125948,13.755125312275885,12.8596932062974
-115.217045,200,286.988071,0.0,0.3060417171652686,2393.137851157442,13.514138136819307,11.965689255787211
-57.788481,200,287.115134,0.0,0.37597556553645745,2413.400440426369,13.859113262557594,12.067002202131846
-89.145872,200,287.241706,0.0,0.19191239967683557,2617.441943840562,15.339363328057301,13.08720971920281
-113.198137,200,287.365192,0.0,0.30933252709372133,2411.7799512954202,13.679167763615736,12.058899756477102
-49.514151,200,287.491712,0.0,0.2036902318535446,2086.3063123200236,12.279806105620077,10.431531561600117
-5.978964,28,287.510233,1.0,0.0418214662497661,187.21745081114045,1.4563377534746393,6.686337528969302
-53.273816,175,287.622769,1.0,0.04866774096386293,2230.443747271017,12.851599668790245,12.745392841548668
-113.008298,200,287.746249,0.0,0.3354332231473513,2810.5671371203184,15.83585291723901,14.052835685601591
-126.698726,200,287.876784,0.0,0.37484205978873303,2285.3648399533618,13.003475700808004,11.42682419976681
-93.373786,200,288.325174,0.0,0.3289993463739042,2977.518084227421,17.506764892193107,14.887590421137103
-44.4651,187,288.456709,1.0,0.04615509753531537,2598.3756333643228,14.467780262604407,13.895056862910817
-122.950205,200,288.589234,0.0,0.42041202257433113,2741.627476105745,15.880522136046695,13.708137380528724
-52.773756,170,288.701194,1.0,0.04898590988459065,1901.6807425969303,10.685956684484921,11.186357309393708
-39.001562,200,288.832697,0.0,0.3343848917035019,2350.2267827808614,14.144319840286334,11.751133913904306
-100.875801,200,288.960222,0.0,0.25683664218112096,2266.65437310818,13.016904784891864,11.333271865540901
-74.501158,200,289.086767,0.0,0.18052874897473967,2282.517292071481,13.907018326262184,11.412586460357405
-172.562434,200,289.215671,0.0,0.7249302249814691,2885.5644199674502,17.05365562568202,14.42782209983725
-100.355727,200,289.339222,0.0,0.3063656077382855,2687.778176236772,15.622389173735188,13.43889088118386
-38.198259,155,289.435607,1.0,0.04747480294263589,1929.2782742416457,10.976732122245632,12.446956608010618
-38.851252,200,289.565117,0.0,0.07087951806190036,2468.323057249455,14.539061844005042,12.341615286247274
-41.337844,168,289.989753,1.0,0.0499862370112088,2174.493979879542,12.33429091420084,12.943416546902037
-76.613166,200,290.163674,0.0,0.10238777934326639,2404.1873742887065,13.712046718964752,12.020936871443531
-48.017136,200,290.296771,0.0,0.2132457220555093,2222.966823801563,13.033876340005298,11.114834119007815
-45.960573,168,290.400831,1.0,0.04726392939758494,2218.4787094800454,12.407016434748554,13.205230413571698
-55.089497,172,290.514333,1.0,0.04708010234243851,1727.9827821139081,10.09057881772426,10.04641152391807
-94.776559,200,290.643853,0.0,0.20314796850333083,2264.0776541051077,13.472361017175238,11.32038827052554
-46.763571,200,290.770281,0.0,0.18413399470618294,2733.6912942083814,15.713768615681827,13.668456471041907
-45.269814,163,290.874802,1.0,0.04633608933305392,2169.7213769477817,12.478002952266676,13.311174091704181
-106.82053,200,290.999936,0.0,0.5082554717952436,3284.7390320969926,19.027843536684646,16.423695160484964
-30.934706,142,291.089951,1.0,0.04796696853608832,1935.3915974265333,11.188501006135894,13.629518291736149
-72.53159,200,291.219989,0.0,0.1744147240411508,2859.7643576552464,16.679742082315773,14.298821788276232
-40.280413,200,291.676078,0.0,0.3324280074610453,2306.680155335344,13.346932190266376,11.53340077667672
-125.406977,200,291.813061,0.0,0.40237662325202567,2122.9481860892056,12.168773270049405,10.614740930446027
-154.486192,200,291.947589,0.0,0.541203036663731,2171.2289663226634,12.860903776033513,10.856144831613317
-57.017025,200,292.079154,0.0,0.15636333866468266,2415.37447168475,13.615396970695642,12.07687235842375
-66.551537,200,292.210677,0.0,0.32330761466104824,2496.1873350111496,14.665187284430061,12.480936675055748
-54.910683,200,292.342741,0.0,0.11133961351763834,1922.718695402664,11.3179390896235,9.61359347701332
-86.978916,200,292.465539,0.0,0.15211964214672177,2453.240210000398,14.54415969142174,12.266201050001989
-86.107126,200,292.591082,0.0,0.33712380583625495,2478.5065243138783,14.690413319367293,12.392532621569393
-55.105676,200,292.721113,0.0,0.25335422446232947,3018.5375593850135,18.53203379300933,15.092687796925068
-92.157556,200,292.845606,0.0,0.2282081549013905,2596.733517864011,15.217604991736874,12.983667589320055
-72.587527,200,293.29369,0.0,0.2246717282251918,2613.85666531471,15.391013614861183,13.069283326573549
-69.370599,200,293.446753,0.0,0.1685210515279473,2023.2973588785353,11.819635872248407,10.116486794392676
-69.044778,200,293.587945,0.0,0.17092841677887802,2288.3009870194287,13.510166143630627,11.441504935097143
-5.844479,29,293.6085,1.0,0.04635152535395059,248.24994946235063,1.6386864049980465,8.560343084908641
-7.181016,29,293.627481,1.0,0.044919734685266124,74.61349654846748,0.5317901879057239,2.572879191326465
-106.603929,200,293.758009,0.0,0.3211438259254412,2050.849935685557,12.687837823368444,10.254249678427785
-125.804488,200,293.880561,0.0,0.4075234062450577,2252.42678197068,13.315646574258379,11.2621339098534
-85.75949,200,294.006652,0.0,0.320566568360004,2723.033763109226,16.6442154342634,13.61516881554613
-114.996127,200,294.134963,0.0,0.35196885913029474,2013.658948226935,11.820765214634807,10.068294741134675
-111.620808,200,294.264499,0.0,0.30989993717640835,2417.0236374988413,13.865542672002166,12.085118187494206
-53.095539,187,294.38006,1.0,0.04886251958980568,2071.4509304435137,12.716407555540119,11.07727770290649
-120.849443,200,294.508659,0.0,0.4524046763556044,2340.5683839844305,14.335979349548731,11.702841919922152
-52.883283,200,294.938179,0.0,0.21286288627749453,1788.8903131136667,10.520717333939283,8.944451565568334
-88.975776,200,295.08374,0.0,0.33415886644032994,1935.9565123661,11.959284194884493,9.6797825618305
-73.017136,200,295.217775,0.0,0.29817812136728644,2122.6196201279986,13.093229741738961,10.613098100639993
-55.598271,200,295.351321,0.0,0.2929829800293731,2430.2285636252623,14.246788676365892,12.151142818126312
-52.585573,200,295.480874,0.0,0.24259709803140897,2038.7928200615993,12.45335810874658,10.193964100307996
-73.43953,200,295.605917,0.0,0.16786088610483843,2563.0448809420977,14.89714759817899,12.815224404710488
-10.31085,37,295.629914,1.0,0.042284755040675574,261.04976709206875,1.8014094441530157,7.055399110596452
-65.201121,200,295.757378,0.0,0.10161806021794859,2149.0358143115923,12.281205362625789,10.745179071557962
-129.914865,200,295.885901,0.0,0.41129520884078996,2210.626387019633,12.84380948305622,11.053131935098165
-114.571962,200,296.015912,0.0,0.3374301378423062,2261.3050176173597,13.24124274706969,11.306525088086799
-84.505436,200,296.146386,0.0,0.33425713654049694,3077.6460282935345,17.836813631311735,15.388230141467673
-12.200241,89,296.200813,1.0,0.047420109178532927,1152.2155686306298,6.8046477397762075,12.94624234416438
-8.927924,33,296.22333,1.0,0.047950556035195886,115.12218446696302,0.7751316258164361,3.4885510444534247
-60.820139,200,296.681862,0.0,0.07710898516001218,2383.5724253442427,13.558936221758183,11.917862126721213
-38.44082,200,296.824098,0.0,0.24868613149931668,2273.144142934333,13.581393284206612,11.365720714671665
-116.579442,200,296.957622,0.0,0.3555447491685931,2282.537255408134,12.807335125211054,11.41268627704067
-43.65798,200,297.086579,0.0,0.19999973898863685,2280.612636872172,13.04850232668231,11.40306318436086
-38.338785,200,297.213657,0.0,0.2126962979208866,2685.1402251819745,15.927361455233665,13.425701125909873
-93.192996,200,297.344187,0.0,0.32214268852988437,2908.6816679405097,16.864861751081932,14.543408339702548
-41.364208,200,297.47573,0.0,0.20601655668990265,2262.967735790015,13.512551295344828,11.314838678950075
-47.040353,160,297.578856,1.0,0.045718093372447005,1638.0308532734014,9.6470224327213,10.237692832958759
-41.1348,200,297.701381,0.0,0.36421140438372024,2119.8435309115093,12.587732797078143,10.599217654557547
-115.923813,200,297.829372,0.0,0.45643831210139457,2701.7752633546643,16.340654931132534,13.508876316773321
-143.072995,200,298.284387,0.0,0.566311943488571,2314.0161685973085,14.60120720174516,11.570080842986542
-105.112564,200,298.430404,0.0,0.2863647188043318,2248.835832207373,13.121416518086846,11.244179161036866
-105.051897,200,298.563997,0.0,0.35024397494606896,2657.974472592813,16.035153551874878,13.289872362964065
-107.413915,200,298.691531,0.0,0.3320673777962518,2196.0289316527123,13.238844111341146,10.980144658263562
-94.166934,200,298.819588,0.0,0.28328792598628083,2057.041609533361,12.037779789546358,10.285208047666806
-25.44627,143,298.914894,1.0,0.04865192987600278,1741.2629096424696,10.559981980460293,12.176663703793494
-22.035773,119,298.988531,1.0,0.046363390997458086,1530.5441497256643,9.05280430047224,12.861715543913146
-78.875069,200,299.115578,0.0,0.24494960957069337,2511.12210841412,14.797832186012855,12.5556105420706
-100.723835,200,299.244118,0.0,0.3524084070868891,2212.2873461258637,13.100436799007166,11.061436730629318
-55.286685,200,299.373662,0.0,0.3406990417331859,2263.6970598989774,13.21189711717334,11.318485299494887
-52.509803,175,299.480991,1.0,0.0489525142549879,1846.4528843829055,10.36388212817666,10.551159339330889
-95.864758,200,299.929551,0.0,0.29125411993319217,2124.712426492424,12.502326252277566,10.623562132462121
-93.144414,200,300.073072,0.0,0.2335316459842172,2215.914536675482,13.074323430878518,11.07957268337741
-128.162452,200,300.208131,0.0,0.5815780561809177,2600.322290156977,16.075473046694306,13.001611450784885
-44.832576,200,300.337593,0.0,0.21346113005036532,2340.9405020444133,13.667971059392011,11.704702510222067
-120.382165,200,300.463161,0.0,0.3871860625374718,2102.9371375235237,12.461358957177552,10.514685687617618
-74.811287,200,300.590671,0.0,0.2745929036363114,2331.305483557419,13.908778512965865,11.656527417787094
-53.504046,191,300.712598,1.0,0.04464750280898085,2342.7037358073726,13.885376127796663,12.265464585378915
-50.796136,200,300.836083,0.0,0.26566459728246467,1993.8578174831407,12.081349210817033,9.969289087415703
-116.99599,200,300.96157,0.0,0.40553081797644663,1997.9854101722813,11.666311586783205,9.989927050861406
-39.016113,200,301.089247,0.0,0.24485836924479662,2224.33947960216,12.880032289659043,11.121697398010799
-152.847793,200,301.218419,0.0,0.5187087887627773,1974.918248477919,11.578578495254735,9.874591242389595
-62.733972,200,301.666296,0.0,0.3802072253604742,3019.020939967143,18.141147846310496,15.095104699835716
-119.483001,200,301.812345,0.0,0.3895090590627838,1849.22482592679,10.563571383344131,9.24612412963395
-41.818442,200,301.944849,0.0,0.3735227639327028,1947.5298927513074,11.237423246768966,9.737649463756537
-101.748006,200,302.074353,0.0,0.3543743949854929,1934.1859703085265,11.756111799990354,9.670929851542633
-87.665905,200,302.198874,0.0,0.2887196916306918,2142.1644474125046,12.922008879073239,10.710822237062523
-67.847319,200,302.327563,0.0,0.18902650818497954,2146.3659921112444,12.283223263760622,10.731829960556222
-52.830343,200,302.450108,0.0,0.15548761591081328,2354.6817953511522,14.338318338348609,11.77340897675576
-50.847868,200,302.574658,0.0,0.3881615399977626,2409.1928618684087,14.515137624742062,12.045964309342043
-100.327441,200,302.699195,0.0,0.42273271444204524,2600.161934280781,15.689569331581808,13.000809671403907
-53.306077,200,302.823227,0.0,0.14698497979085162,2028.7986755553236,12.183180914865291,10.143993377776617
-92.447952,200,303.300214,0.0,0.30634400968889747,2281.181615296189,14.185608919639742,11.405908076480946
-117.970453,200,303.446767,0.0,0.3735417534639291,1962.1602223179823,11.642904709516406,9.810801111589912
-142.100954,200,303.576292,0.0,0.6364653747259833,2640.533675102758,15.77561084461939,13.20266837551379
-129.105475,200,303.708339,0.0,0.4363205248401211,2185.605447305484,13.658513025197923,10.92802723652742
-80.584414,200,303.838895,0.0,0.20406885882729758,2201.907436065789,13.57304784056735,11.009537180328946
-42.277599,200,303.965419,0.0,0.24909389064210383,1955.9985165706312,11.920253065502054,9.779992582853156
-104.215764,200,304.087937,0.0,0.3225624406176728,2159.2342625396586,12.75122753157021,10.796171312698293
-51.561771,200,304.211566,0.0,0.24976153891451383,1805.521458761639,10.985051741351384,9.027607293808195
-34.223944,200,304.336106,0.0,0.23169951451866275,2285.812883484577,13.386397756431355,11.429064417422886
-43.835595,200,304.464573,0.0,0.24425743409423745,2291.6923415454426,13.677078409838735,11.458461707727214
-61.547757,200,304.910187,0.0,0.1385022507631131,2100.4959911118,12.242717116747468,10.502479955559
-16.895957,107,304.989159,1.0,0.048469708861193436,1171.4987685615447,7.062403586112299,10.948586622070511
-137.321228,200,305.130196,0.0,0.4530429452483253,2167.222003744586,12.747853871136629,10.836110018722929
-132.300416,200,305.260712,0.0,0.45335055391082724,2153.7999439519335,12.573683907176905,10.768999719759668
-43.26051,200,305.388225,0.0,0.08350231464155139,2269.657869310198,13.732459659844865,11.34828934655099
-77.120296,200,305.518198,0.0,0.2778566896529488,2275.4001531890876,13.544177658385333,11.377000765945438
-99.889922,200,305.646306,0.0,0.3068069968860311,1901.9792742219804,11.499339607393786,9.509896371109901
-51.867852,200,305.776576,0.0,0.30786825826525693,2624.5589545107186,15.465845344037644,13.122794772553593
-39.072919,146,305.872052,1.0,0.0477458448763846,1699.3569466644017,10.079438911013726,11.639431141536997
-14.807217,119,305.949575,1.0,0.042479259231021346,1595.061954234514,9.36690901544008,13.40388196835726
-49.030179,183,306.063122,1.0,0.046350621391272696,2245.233435056946,12.81734737874052,12.269035164245606
-124.359791,200,306.191677,0.0,0.36926082812254335,2081.8812340967443,12.471540970602645,10.409406170483722
-7.692687,66,306.556813,1.0,0.04989881578186203,921.267289200143,5.115799187836459,13.958595290911257
-109.028695,200,306.710846,0.0,0.33887834904726244,2453.993111889377,14.581421615778922,12.269965559446884
-62.49161,200,306.849312,0.0,0.08728338793238626,1731.7760349360167,11.209615491022829,8.658880174680084
-86.426218,200,306.977854,0.0,0.24789394568202922,2053.4160445555412,12.256001958021024,10.267080222777706
-55.967965,200,307.100758,0.0,0.30900695215045193,1984.1327726818536,11.787336193461186,9.920663863409267
-137.871545,200,307.229822,0.0,0.4891336234301951,2184.5311585663385,13.244392162705175,10.922655792831693
-114.556079,200,307.353014,0.0,0.3510816753664385,2200.4511315870936,13.17164944842574,11.002255657935468
-79.912781,200,307.4796,0.0,0.21857667313959836,2490.4774991981753,14.401877120733483,12.452387495990877
-113.980804,200,307.610535,0.0,0.35945738365166324,2041.9238146395082,12.007195656452009,10.20961907319754
-139.411654,200,307.736021,0.0,0.4378842857500444,2163.966727171217,12.541387199835201,10.819833635856085
-108.878013,200,307.858102,0.0,0.328675802324702,2209.238494007558,13.042674051730597,11.04619247003779
-147.97659,200,308.31557,0.0,0.6791823141490435,2825.7181834616845,17.014650120818583,14.128590917308422
-102.427691,200,308.456112,0.0,0.358325923743911,2384.7625102365178,14.535477566806955,11.92381255118259
-93.795404,200,308.587562,0.0,0.29373359565248885,2330.9351799217093,13.804394689962791,11.654675899608547
-38.220818,200,308.717628,0.0,0.14220332264924998,2073.4537316340966,12.958790927778633,10.367268658170483
-47.121178,200,308.847188,0.0,0.1759556326467309,2286.9863822285415,13.167047522380303,11.434931911142707
-55.946288,200,308.975727,0.0,0.2668163134614405,2261.553051741915,13.088400486107085,11.307765258709576
-50.321168,200,309.10426,0.0,0.2734991212027523,2174.6259674256057,12.858267443719768,10.873129837128028
-5.038837,28,309.123824,1.0,0.048649481826209665,171.93667543943835,1.3757429863258435,6.140595551408512
-134.2289,200,309.251124,0.0,0.4552705006968086,1888.4180413690478,11.430439362350157,9.44209020684524
-62.959729,200,309.371672,0.0,0.3335305413557276,2987.965146128753,17.30565829856658,14.939825730643765
-121.282669,200,309.500187,0.0,0.40834268186664774,2034.6967448798082,12.247503844623791,10.173483724399041
-67.047753,200,309.985446,0.0,0.17699140563095167,2190.737866327079,12.885492941509288,10.953689331635394
-47.799649,174,310.101983,1.0,0.04767572796431229,1913.1718411690213,11.254459338056105,10.995240466488628
-70.271203,200,310.232077,0.0,0.23395293297433328,2243.6703125277236,13.110230301922822,11.218351562638619
-92.287022,200,310.362675,0.0,0.2923633217368541,2176.478087389466,13.330146706976256,10.88239043694733
-51.216806,174,310.471184,1.0,0.047771351841096994,1751.6480927583966,10.634084044459415,10.066943061829866
-30.84733,134,310.558736,1.0,0.04780189810948023,1392.34238289892,7.936474893855312,10.390614797753134
-63.821773,200,310.684288,0.0,0.23431267794118715,2264.5887449488105,13.233011716557979,11.322943724744052
-69.214502,200,310.812275,0.0,0.1358369028326566,2136.1870307025124,13.084272368982159,10.680935153512563
-83.338596,200,310.935836,0.0,0.16815710105807732,2049.955377508966,11.925076365833986,10.249776887544831
-133.140984,200,311.063431,0.0,0.4103967294961239,2117.3150470914466,12.699589712910681,10.586575235457232
-47.599959,200,311.483317,0.0,0.1758704521928383,1818.3612793282484,10.740859424273284,9.091806396641243
-51.887372,200,311.642352,0.0,0.22381838833602097,2348.1153859272276,13.892476678668245,11.740576929636138
-136.465967,200,311.78287,0.0,0.4642534622051157,2165.2339298821257,12.811840362066775,10.826169649410629
-51.644645,200,311.913909,0.0,0.18124681581054405,2441.714417440285,14.181090899829085,12.208572087201425
-85.673866,200,312.045504,0.0,0.26498887570055535,1987.8286948832758,11.902724693611374,9.93914347441638
-51.714211,200,312.178265,0.0,0.258185924896861,3237.7658661677037,18.739499463697694,16.18882933083852
-60.78916,200,312.303807,0.0,0.08095468945217939,1803.6153041480616,10.826158846285393,9.018076520740308
-40.862033,200,312.427853,0.0,0.3826943133302557,2164.697889064258,12.32473435236718,10.823489445321291
-103.352925,200,312.555083,0.0,0.32731764487440923,1892.0864733250219,11.200308336511855,9.46043236662511
-35.89281,200,312.684691,0.0,0.14519434790995148,2271.314731831456,13.669915441155636,11.356573659157279
-108.840718,200,312.812816,0.0,0.3493572975376345,1658.41198064473,10.429795292162591,8.29205990322365
-62.712241,200,313.249893,0.0,0.1427769730333144,1769.987852659032,10.446839913521945,8.849939263295159
-38.237285,200,313.384404,0.0,0.3303899097731351,2231.5627793347708,13.027983332690406,11.157813896673854
-48.604909,200,313.515461,0.0,0.2185003325829896,1800.427198853765,11.428133340789536,9.002135994268825
-89.013268,200,313.645999,0.0,0.43427826905903516,2958.3613719817004,17.297431961306284,14.791806859908501
-57.284601,200,313.775534,0.0,0.09361356214643816,2432.9769777510155,14.674385542034521,12.164884888755077
-28.305025,200,313.905798,0.0,0.3321653685785635,2485.6500527986177,15.0156124477257,12.428250263993089
-101.056111,200,314.034855,0.0,0.2895446515273726,2562.9161860900017,15.168587479153912,12.814580930450008
-131.414904,200,314.165559,0.0,0.4049303129140146,2442.3220968410164,14.518848078075829,12.211610484205082
-44.176747,176,314.281476,1.0,0.04946185803954455,1883.1641530623774,11.116411629939844,10.699796324218054
-27.631425,139,314.365062,1.0,0.0459176843557666,1541.1365183193923,9.130016103672364,11.087313081434477
-80.88313,200,314.80709,0.0,0.2596995931819825,2115.5917474439943,13.167940398044196,10.577958737219971
-117.964968,200,314.950063,0.0,0.3861602935886949,1989.5492477815228,11.381477423167945,9.947746238907614
-58.346187,200,315.091599,0.0,0.21677501257888682,2017.1105176907324,11.53769822988352,10.085552588453663
-122.613617,200,315.21864,0.0,0.427161117927686,1760.8806389722533,10.508865631412199,8.804403194861267
-77.898081,200,315.345219,0.0,0.24965850958116206,2212.0358266751086,12.65361501727963,11.060179133375543
-108.641911,200,315.473688,0.0,0.359461365023263,1738.8186578891123,10.620378026904868,8.694093289445561
-60.842054,200,315.602242,0.0,0.4455810043291208,2495.484709173194,15.41294377037542,12.47742354586597
-131.825431,200,315.727234,0.0,0.4563953946781117,1890.353463010055,11.436572617689826,9.451767315050276
-38.001726,200,315.852759,0.0,0.3205930999687118,2120.421874090663,12.313993138847914,10.602109370453315
-40.882488,169,315.959314,1.0,0.047182377001668066,1857.4955342545463,11.345306155425654,10.991097835825718
-52.795161,200,316.083772,0.0,0.1545111094317172,1599.7382925547092,9.680354403607714,7.998691462773547
-51.893399,200,316.548502,0.0,0.27253952845576324,3225.2151305078614,18.684811730327194,16.126075652539306
-54.014267,200,316.691498,0.0,0.18998610706981056,1515.1347834954154,8.95791831010187,7.575673917477077
-51.642159,200,316.823554,0.0,0.36812729371016395,1916.9719068667027,11.564538781932614,9.584859534333514
-40.317631,200,316.953109,0.0,0.21657723067155088,1985.1541478360502,11.8007457415495,9.925770739180251
-78.59896,200,317.077643,0.0,0.2615610397950079,2134.1017509970366,12.886696728658428,10.670508754985184
-106.322608,200,317.207215,0.0,0.35073719398037706,1828.6358517571384,11.209269588543421,9.143179258785691
-76.335547,200,317.333303,0.0,0.24556155049585746,2057.571908294241,11.873397691878669,10.287859541471205
-90.455227,200,317.454886,0.0,0.2734178839935782,1669.4382298338342,9.748188072156537,8.34719114916917
-44.153893,200,317.58135,0.0,0.28279393007352777,1857.8712461200414,11.23498924595433,9.289356230600207
-123.737719,200,317.712468,0.0,0.399952389911014,2123.6766593987904,12.549674505566449,10.618383296993953
-116.891427,200,318.185458,0.0,0.38229536087556065,2221.6054635632513,13.26461384505699,11.108027317816257
-30.484261,174,318.307001,1.0,0.049726434105600514,2519.6531521298384,14.997524977164115,14.480765242125509
-81.735838,200,318.439052,0.0,0.1951295179334087,1813.2531093462592,10.812253102491752,9.066265546731296
-130.641225,200,318.568172,0.0,0.4338056128985518,1958.0087950618927,11.955248382498466,9.790043975309464
-60.330703,200,318.696191,0.0,0.12229919749891417,1855.3127367246811,10.981667351362853,9.276563683623406
-46.169731,200,318.822867,0.0,0.30068944707094614,1870.9006569373503,11.427812463831376,9.354503284686752
-23.484776,130,318.906878,1.0,0.04838981299740974,1469.8794372300624,9.019723941074963,11.30676490176971
-77.6742,200,319.035964,0.0,0.2440897511576681,1522.6769940816098,9.423711293959695,7.613384970408049
-42.486788,200,319.164488,0.0,0.3861958469918807,1936.8257959068399,11.616415422404177,9.684128979534199
-106.770799,200,319.28989,0.0,0.33887084599919715,2020.2014262208027,12.553945576853858,10.101007131104014
-45.780706,200,319.418974,0.0,0.21801528508197127,1940.32507328343,11.542038390194698,9.701625366417149
-68.307528,200,319.872022,0.0,0.1535172230789122,1815.9033696682434,10.400681860163038,9.079516848341218
-93.867945,200,320.003546,0.0,0.27946111970505144,2149.981063780023,12.302661994964312,10.749905318900113
-40.541125,200,320.133591,0.0,0.3033214447683044,1775.0829725507174,10.763218150199107,8.875414862753587
-151.609484,200,320.26115,0.0,0.5195636635691319,1768.1084819316309,10.136121751181333,8.840542409658154
-44.637045,200,320.386664,0.0,0.33564356966760234,2288.270855554774,13.35042520068731,11.441354277773868
-45.259058,200,320.515721,0.0,0.1746138313432248,1550.9267270735168,9.466490202223392,7.7546336353675835
-37.099364,200,320.640244,0.0,0.3272850243202372,2006.3194489114871,12.19648906254924,10.031597244557435
-43.911833,200,320.767555,0.0,0.23004128765239693,1899.262136720319,11.014576975115995,9.496310683601594
-98.747945,200,320.892594,0.0,0.3324253367446225,2329.0424844052477,13.642919246834644,11.645212422026239
-40.659382,200,321.018212,0.0,0.21201742344550611,2184.397788464219,12.520048810951037,10.921988942321095
-4.834915,24,321.034243,1.0,0.039642546461616024,31.724434770019638,0.25772489540223326,1.3218514487508182
-35.333585,200,321.494301,0.0,0.33156687201026075,2507.402562806504,14.986206285158747,12.53701281403252
-134.990268,200,321.647354,0.0,0.44340750488196434,2080.829878532537,11.606086747717171,10.404149392662685
-140.343842,200,321.781901,0.0,0.48682547733800086,1811.530203484084,10.651053282493347,9.05765101742042
-107.96414,200,321.907432,0.0,0.3259538991205941,2166.238621710729,13.067980854262348,10.831193108553645
-38.632644,200,322.031498,0.0,0.20500525848700016,2616.244276449922,15.103141764147832,13.081221382249609
-55.339865,200,322.162463,0.0,0.1129237381566579,2212.3061483683487,13.282086632727957,11.061530741841743
-29.254692,137,322.249923,1.0,0.047822272595456135,1239.590351833381,7.528501407946604,9.04810475790789
-24.933662,134,322.336444,1.0,0.04754429392786064,1693.672084692994,10.096935605155545,12.639343915619358
-84.224151,200,322.459962,0.0,0.2904729745792764,2168.628624123715,13.20522635659504,10.843143120618574
-40.593079,200,322.584493,0.0,0.2842486780366443,2711.3782697786205,16.12637218527936,13.556891348893103
-116.632026,200,322.709998,0.0,0.35408378169526766,1704.9615050209566,10.059556385275991,8.524807525104784
-106.230142,200,323.161592,0.0,0.327635051831101,2230.178351446497,13.820939814562047,11.150891757232484
-28.591218,134,323.255102,1.0,0.04819506884436725,1421.9347420505635,8.468896979999695,10.611453298884802
-145.290437,200,323.388663,0.0,0.4640154448442034,2281.578272314797,13.243765148322518,11.407891361573984
-87.456019,200,323.516262,0.0,0.2228580640950106,1942.0586217123334,11.25080828825636,9.710293108561666
-54.242512,200,323.64379,0.0,0.22438890026858674,2249.4476800114944,13.46461064309987,11.247238400057473
-66.335054,200,323.771265,0.0,0.15982708294690537,1848.3801763650106,10.552847289638738,9.241900881825053
-40.968459,200,323.89979,0.0,0.27873129137931185,2027.929680087669,11.565040081411173,10.139648400438345
-104.26185,200,324.030614,0.0,0.4755115247953532,2734.3606088609718,15.863075990347857,13.671803044304859
-42.696853,151,324.128146,1.0,0.04707979439908842,1381.8247168480318,8.237147305277967,9.151157065218754
-96.432521,200,324.252963,0.0,0.2670440091432544,2143.1497252068366,12.171767009726782,10.715748626034182
-118.398143,200,324.376472,0.0,0.3406294453874594,2184.5386505012634,12.9635871931626,10.922693252506317
-75.548993,200,324.842856,0.0,0.18809801453119418,1939.5598367878767,11.044918198822721,9.697799183939384
-47.862345,161,324.955377,1.0,0.0484624355635738,1556.4944470041924,9.094166601962321,9.667667372696847
-8.575828,35,324.978374,1.0,0.0489783846349035,96.10485750768255,0.5919981136095251,2.745853071648073
-84.378972,200,325.105918,0.0,0.1949388735128032,2005.2361379621505,11.43891756855691,10.026180689810753
-65.758779,200,325.235059,0.0,0.18111049216813474,1988.9909659251075,11.61018351373059,9.944954829625537
-95.792682,200,325.360252,0.0,0.27686339085728817,2289.605649248795,13.110184744445407,11.448028246243975
-41.72625,200,325.484767,0.0,0.2647708263118094,1882.2714135211304,11.31840371626647,9.411357067605651
-40.296398,200,325.609274,0.0,0.3417585560045559,2196.9072378272235,12.623033439260716,10.984536189136117
-5.675514,26,325.626735,1.0,0.036733662083036606,74.56275278509159,0.5289072539873935,2.8677981840419844
-113.586657,200,325.751277,0.0,0.3763576714090677,2003.0825136733936,11.73293823303693,10.015412568366967
-40.463794,150,325.843814,1.0,0.04942975650298754,1236.7571996106485,7.4250432382539335,8.245047997404324
-122.341812,200,325.966333,0.0,0.3701503510194826,2035.19613944501,11.594585955858731,10.17598069722505
-137.031916,200,326.398096,0.0,0.49001715304367705,1605.2844576601608,9.8340155793749,8.026422288300804
-95.377216,200,326.5361,0.0,0.25686932370533533,2154.7742156371305,12.510017565195616,10.773871078185653
-17.219196,118,326.615595,1.0,0.04937976524383241,1412.0791626349064,8.13103571422953,11.966772564702596
-31.785775,133,326.701597,1.0,0.04998107044828893,1129.6751024254543,6.5113497252071575,8.493797762597401
-48.877309,200,326.829692,0.0,0.18450021130735406,1727.6395329419204,10.459051186519238,8.638197664709601
-101.15108,200,326.954192,0.0,0.27676633579550064,2238.303498047155,13.511474121976185,11.191517490235775
-105.460037,200,327.078712,0.0,0.3248875113908703,2006.6113740265064,11.698517548100842,10.033056870132532
-147.629316,200,327.2002,0.0,0.5010923636362877,1912.4203069716684,11.536491481031286,9.562101534858343
-113.694179,200,327.326123,0.0,0.36113639041848633,2072.2150422387826,12.417290029224402,10.361075211193914
-52.574996,200,327.451426,0.0,0.14294099519939438,1963.6325393587767,11.430508501643365,9.818162696793884
-98.538053,200,327.582529,0.0,0.30050440628295494,2011.6528230294555,11.694336001126048,10.058264115147278
-137.930712,200,328.019079,0.0,0.45178200460425233,2195.014743613196,13.316429742806156,10.97507371806598
-131.718391,200,328.162594,0.0,0.48266879285809705,2336.2294774751335,14.23329376991329,11.681147387375667
-60.423309,200,328.295122,0.0,0.16143068461267304,2376.719966229846,13.948778999912856,11.88359983114923
-62.186561,200,328.422761,0.0,0.16942491696790707,1862.6007437862727,10.96325745017975,9.313003718931363
-122.051769,200,328.549292,0.0,0.3376440602666555,2045.5776999185045,12.145885765383786,10.227888499592522
-32.001788,200,328.677821,0.0,0.296036393528119,2073.5878232805803,12.583321215370377,10.367939116402901
-49.171858,200,328.80337,0.0,0.16374145780701388,1719.7009517325257,10.088564085756559,8.598504758662628
-129.122658,200,328.930689,0.0,0.40981315806188107,2070.356924412401,12.319713033988815,10.351784622062006
-128.284767,200,329.059232,0.0,0.3807211636854445,2074.558392264784,12.421727771329063,10.37279196132392
-63.388548,200,329.181746,0.0,0.22218784883184428,2398.0440406405296,14.072197505371125,11.990220203202648
-73.751675,200,329.646813,0.0,0.17898153035010522,2055.5512751734764,12.006532036289581,10.277756375867382
-70.526009,200,329.799324,0.0,0.15986963470070878,2328.9120817369726,13.600887081442997,11.644560408684862
-34.501648,200,329.932309,0.0,0.1580594149436776,2502.23438344469,14.765619538841177,12.51117191722345
-44.537449,200,330.06379,0.0,0.35649138823462245,2290.8101646839273,12.841667192017802,11.454050823419637
-72.223147,200,330.192313,0.0,0.1715184106198755,1865.0234854306464,10.96550620488936,9.325117427153232
-41.512704,200,330.316739,0.0,0.146399321189038,2759.6622628747673,16.081576906472968,13.798311314373837
-117.994023,200,330.446258,0.0,0.38195716417628905,1937.9991267582418,11.029554812513625,9.68999563379121
-45.096544,200,330.576733,0.0,0.14177641767940283,2046.9840102557,11.99008069365161,10.2349200512785
-132.748442,200,330.703263,0.0,0.41189772109430606,2182.949306131655,12.300968235059901,10.914746530658274
-17.596086,133,330.787769,1.0,0.04825805958933286,1781.4091140943601,10.069037042193859,13.394053489431279
-61.445706,200,330.910382,0.0,0.14749302857933116,1656.1576096869462,10.284046024381599,8.280788048434731
-52.231414,200,331.35994,0.0,0.41537389169400574,2115.472966442079,11.962422662960167,10.577364832210394
-83.327348,200,331.499458,0.0,0.2171796192332504,1771.0100091939246,10.565108245706305,8.855050045969623
-95.904185,200,331.625559,0.0,0.26717227023511736,1663.9993057296947,9.85472763575663,8.319996528648474
-33.680775,200,331.757128,0.0,0.19466458083509888,2493.9624056276166,15.019255600535894,12.469812028138083
-130.717212,200,331.892303,0.0,0.4289184063674523,2068.8535058615657,12.44664940363218,10.344267529307828
-100.44415,200,332.020358,0.0,0.25745867415518087,2351.402603675795,14.007711761196552,11.757013018378975
-38.351776,156,332.11988,1.0,0.04901636547298044,1749.4605429988906,10.445794546294538,11.214490660249298
-38.152319,200,332.247432,0.0,0.3041192686200375,2201.099813753276,13.045143924996406,11.00549906876638
-86.438567,200,332.37496,0.0,0.16861102891274204,2132.6651745068025,11.761589798894093,10.663325872534012
-102.111444,200,332.503506,0.0,0.3043494046332628,1880.484061190038,11.38301464566356,9.402420305950189
-111.630714,200,332.975908,0.0,0.3265718674428471,2097.105970089141,12.189146084707252,10.485529850445705
-18.760911,124,333.072598,1.0,0.048348827005043934,1634.9161406273315,9.635623183415111,13.184807585704286
-61.829686,200,333.216648,0.0,0.33705384431343494,1616.5145336869593,9.882231851484255,8.082572668434796
-33.655811,200,333.348136,0.0,0.30529867832994156,2377.5602667924645,14.031206104984044,11.887801333962322
-40.187352,200,333.473657,0.0,0.2575282625190599,2036.6108977136948,12.066866995329713,10.183054488568475
-50.25652,200,333.602157,0.0,0.2838468540446042,2234.332851119521,13.003462237325373,11.171664255597605
-87.797755,200,333.726159,0.0,0.20784975036595454,2294.9104684420436,13.361574401067728,11.474552342210218
-127.221169,200,333.851658,0.0,0.4263334586256863,2125.9937820443347,12.8470739666498,10.629968910221674
-105.70758,200,333.983394,0.0,0.27261670372330454,1992.8119072439176,11.561337265868845,9.964059536219589
-43.845048,200,334.108535,0.0,0.19612016335968446,2026.8363804575445,12.158887823135474,10.134181902287722
-66.415441,200,334.232318,0.0,0.19470320524943657,2772.5713423363404,15.945983721140786,13.862856711681703
-95.311473,200,334.686408,0.0,0.2501862144659988,2209.2575283487813,12.727669202936125,11.046287641743907
-90.944673,200,334.823458,0.0,0.3079464613187198,2440.3660413392404,14.312860597803878,12.201830206696203
-93.688978,200,334.958004,0.0,0.2656582051352218,1832.4074302821791,11.14385925770666,9.162037151410896
-45.486733,200,335.089531,0.0,0.204743120096817,1724.808936050074,10.465319716758039,8.62404468025037
-120.451181,200,335.218578,0.0,0.37724609976005624,2534.929795465564,15.161503169334413,12.67464897732782
-70.02353,200,335.342123,0.0,0.20486576835088838,1925.841477926423,11.62280662925411,9.629207389632116
-39.926171,152,335.440637,1.0,0.04905971972106723,1385.7080626159393,8.194483759975219,9.11650041194697
-49.399523,200,335.569171,0.0,0.2162095103883032,2016.6128869594172,11.31551253052665,10.083064434797086
-86.227601,200,335.696732,0.0,0.20931904390122363,1915.9766148098818,11.005787517844093,9.579883074049409
-141.661222,200,335.824815,0.0,0.48989881525174844,1989.5470422608382,11.767792996198954,9.947735211304192
-74.579263,200,336.311053,0.0,0.21859057830498116,1757.9591987023628,10.855179030721784,8.789795993511813
-38.361204,200,336.465627,0.0,0.17011879002862157,2226.09591748554,12.586723562578285,11.1304795874277
-57.060639,200,336.602144,0.0,0.17462715036707763,2928.3514474914014,17.278111127857976,14.641757237457007
-84.422334,200,336.731205,0.0,0.18268928873167087,2032.729106971074,11.546510816060028,10.16364553485537
-43.643231,200,336.858689,0.0,0.24274006896695824,1927.3365507068074,10.862856634203917,9.636682753534037
-21.015574,125,336.936945,1.0,0.048947462150146205,1862.8303354194964,10.497544286898986,14.902642683355971
-9.057689,34,336.959948,1.0,0.03858481196873731,74.67883716122228,0.5324435900899437,2.196436387094773
-99.045969,200,337.088516,0.0,0.2992931275928424,2535.1281576024135,15.204705626133569,12.675640788012068
-18.025979,126,337.17003,1.0,0.049619422132315766,1716.9060281324996,9.854743901355242,13.626238318511902
-43.010917,200,337.29358,0.0,0.30204597914100145,2124.827973902501,12.082302930106176,10.624139869512506
-16.79144,131,337.378074,1.0,0.04835909966431777,1841.8630127968213,10.786538143448873,14.060022998449018
-5.912601,26,337.395075,1.0,0.048972838068913525,61.0979577977353,0.5330186400284305,2.34992145375905
-66.265339,200,337.521074,0.0,0.16829699052906139,1795.563382999321,10.590738872937143,8.977816914996605
-18.687776,115,337.595107,1.0,0.04820971421630641,1390.7545412941367,8.148998070200436,12.093517750383798
-55.097938,200,338.032685,0.0,0.14027777757210141,2759.663008742019,15.908897469264538,13.798315043710096
-14.209751,122,338.115689,1.0,0.04939188829234339,2133.7753336478813,11.960796457442575,17.489961751212142
-65.02744,200,338.249767,0.0,0.09569080229047085,2145.5395567213436,12.428269184977381,10.727697783606718
-8.945498,33,338.273361,1.0,0.04117358109643327,55.11464563843252,0.44597947307734587,1.6701407769221976
-64.70386,200,338.404858,0.0,0.2167313066085863,2590.3140616911573,15.568195912114922,12.951570308455787
-100.033929,200,338.53652,0.0,0.25908057646865,2141.8428206832423,12.8403829043647,10.709214103416212
-42.10216,200,338.666059,0.0,0.1556335707455352,2106.141609561498,12.867501707850208,10.53070804780749
-42.519133,200,338.788522,0.0,0.1798819691015456,2913.318031144733,16.667934674256273,14.566590155723667
-36.872192,200,338.914067,0.0,0.37207319957585056,2128.7355480850865,12.406624900656809,10.643677740425433
-61.832162,200,339.040064,0.0,0.11512424878598895,1999.4007012259563,11.755720797784479,9.997003506129781
-103.171793,200,339.163524,0.0,0.26701404458305295,2103.5089465508404,12.370639741557943,10.517544732754201
-80.886213,200,339.607539,0.0,0.1782702155296166,1870.5307965891213,10.924340110713333,9.352653982945606
-91.020675,200,339.767544,0.0,0.23659340156934178,2243.2325680844046,12.668665024959498,11.216162840422022
-21.280426,120,339.848409,1.0,0.04895115438691946,1701.290042698518,10.020573771646877,14.17741702248765
-90.88191,200,339.978934,0.0,0.23081944196343537,2162.1097518546494,12.697208041181344,10.810548759273248
-63.842466,200,340.109422,0.0,0.0938354700517584,2437.9812674879167,13.8580168335072,12.189906337439584
-114.435633,200,340.239467,0.0,0.2990914658575075,2509.472982247966,14.330180364246141,12.547364911239828
-152.276022,200,340.367992,0.0,0.48406415253807183,2238.2123214908406,13.333428061080841,11.191061607454204
-104.349529,200,340.493288,0.0,0.24223227769950115,2664.645748305915,15.057703953587295,13.323228741529574
-86.84752,200,340.622496,0.0,0.19975762028799218,1934.8531298092369,11.144526321111291,9.674265649046184
-5.689793,26,340.639493,1.0,0.04721529248677594,74.5643864598317,0.531299090743937,2.8678610176858346
-120.04428,200,340.769021,0.0,0.3968221560976196,1694.963645417625,10.010774153028231,8.474818227088125
-36.774897,148,340.863544,1.0,0.0495770663759738,1375.8220389773076,7.836986759019453,9.296094857954781
-93.877341,200,341.325697,0.0,0.20495232335711003,2525.4507565212043,14.442444989349026,12.627253782606022
-151.700862,200,341.473203,0.0,0.5145845416208301,2330.3012440485663,13.608690000381628,11.651506220242831
-35.069452,162,341.58273,1.0,0.04614420076650189,1591.8079158609867,9.397556402476992,9.82597478926535
-34.145709,200,341.710316,0.0,0.282980003137436,2223.9336862392947,12.905805707010444,11.119668431196473
-56.701111,200,341.838363,0.0,0.16373082165489342,1977.3025027437548,11.679492217982869,9.886512513718774
-110.824392,200,341.966884,0.0,0.2704880363774743,2191.127435635318,12.276267845479603,10.95563717817659
-41.958887,158,342.063408,1.0,0.04867369567717413,1585.5370386433892,9.15431952848828,10.03504454837588
-46.101299,172,342.169929,1.0,0.04990397359422389,1767.7173661453253,10.452981664195013,10.277426547356542
-96.146496,200,342.291397,0.0,0.25523634114194793,2098.996247583364,12.298863628428101,10.49498123791682
-8.445031,32,342.31139,1.0,0.043784408993567316,31.85539705260473,0.2590345082954354,0.9954811578938978
-133.320869,200,342.4365,0.0,0.4573812421895405,2579.223922067057,15.441282942880429,12.896119610335285
-102.597358,200,342.560834,0.0,0.28805118971796484,2111.6931970496844,12.015527137757354,10.558465985248422
-51.249222,168,343.018443,1.0,0.04844058188583943,1692.6303907715014,9.46165696974825,10.075180897449414
-70.772068,200,343.160511,0.0,0.14023170905778362,2516.0387301885303,14.56186420726918,12.580193650942652
-143.197099,200,343.294034,0.0,0.5135457788975115,2427.9224821858274,14.253973174426084,12.139612410929137
-57.654971,200,343.419563,0.0,0.06452620917322072,2351.5587665583907,13.825177966259815,11.757793832791954
-112.815559,200,343.548293,0.0,0.32876109530216535,2000.9579187472807,11.889986797904273,10.004789593736403
-82.807692,200,343.670833,0.0,0.20412377846255533,2457.6932645450484,14.321175886568007,12.288466322725242
-97.11537,200,343.794411,0.0,0.2454694215463769,2236.7449971035944,13.362185958764039,11.183724985517973
-31.311739,134,343.878608,1.0,0.04758642506914323,1285.3146031934014,7.859867897156477,9.591900023831354
-46.701619,200,344.010526,0.0,0.3618860849886922,2194.534099636362,12.736025144787341,10.97267049818181
-88.056945,200,344.13553,0.0,0.21446030319282355,2481.700995374099,14.46194851598136,12.408504976870494
-62.892604,200,344.582148,0.0,0.12293081438311039,2186.527240729617,12.413998921150665,10.932636203648086
-61.163399,200,344.718659,0.0,0.22228478626871295,2989.2647534388125,16.922279986739994,14.946323767194063
-26.971166,140,344.812208,1.0,0.049777769740579514,1580.4674698394044,9.217701783678528,11.289053355995746
-47.870004,167,344.925817,1.0,0.048322404079451,1548.0305033458174,9.213998384613937,9.269643732609685
-66.442565,200,345.05658,0.0,0.07965429867095873,2128.2310934158836,12.60285572924735,10.641155467079418
-76.294845,200,345.184092,0.0,0.1471574076638189,2685.1046259512327,15.452518385899117,13.425523129756163
-94.072838,200,345.309603,0.0,0.22452713051062162,2283.0972546008425,13.61437021852456,11.415486273004213
-47.739974,164,345.412148,1.0,0.04826989864460235,1731.4234260734997,9.87228541231022,10.557459915082315
-82.428071,200,345.535194,0.0,0.16395251780877051,2629.635666499877,14.776378480878824,13.148178332499386
-77.721307,200,345.662725,0.0,0.15616784983286655,2233.2917873735914,13.085940018022601,11.166458936867958
-68.216114,200,345.790282,0.0,0.42236506756976944,1911.0535860436923,11.233773478904036,9.555267930218461
-43.863329,200,346.222577,0.0,0.33832132866316966,2435.0495688514193,14.414231015048621,12.175247844257097
-67.311117,200,346.368106,0.0,0.08064628713995821,1951.975358974711,11.307514699976178,9.759876794873556
-72.850468,200,346.498888,0.0,0.14565070356831175,1776.1260946535467,10.606155906405867,8.880630473267734
-42.828491,200,346.629118,0.0,0.2719800100507143,2205.209697270416,12.667105379049254,11.026048486352082
-40.615337,200,346.757641,0.0,0.3177815135037047,2016.0517516445439,12.047765536588189,10.080258758222719
-119.076192,200,346.881161,0.0,0.3599616078555945,2171.3805508097507,12.373288168723775,10.856902754048754
-46.698478,200,347.007654,0.0,0.14223133420720685,2184.2312395941385,12.981011982969784,10.921156197970692
-111.869908,200,347.139078,0.0,0.3180773299024945,2187.8216736670533,13.075402674732759,10.939108368335267
-62.859009,200,347.270175,0.0,0.39381908159728984,1978.8981538144078,11.82653434244761,9.89449076907204
-110.672616,200,347.393703,0.0,0.28900962198831376,2218.254041351372,12.670362887603298,11.09127020675686
-44.653883,200,347.812816,0.0,0.3107106718424638,2104.1526421539875,12.256845666835208,10.520763210769937
-136.105612,200,347.954853,0.0,0.4077633760320458,2543.918640273098,14.716244116614295,12.71959320136549
-99.514438,200,348.089209,0.0,0.24038401183866684,2261.4561608286836,12.961814202057719,11.307280804143417
-111.7009,200,348.217769,0.0,0.3153432483556062,1966.5538654030213,11.764979508902748,9.832769327015107
-39.384886,200,348.342812,0.0,0.2970122399558933,2405.2108391176234,13.840100345495955,12.026054195588117
-133.680959,200,348.472413,0.0,0.40480513573639176,2339.9876148314406,13.932538950432482,11.699938074157203
-51.358603,171,348.581906,1.0,0.04950547415220437,1863.6429217135685,10.648203496283326,10.898496618208004
-96.619821,200,348.706446,0.0,0.2903759210535691,2986.0303729430184,17.228240302193782,14.930151864715093
-60.78857,200,348.836478,0.0,0.15555066024185185,1607.124707254049,9.8053563419578,8.035623536270245
-54.130231,173,348.947525,1.0,0.048223556750117816,1808.0505060170165,10.018330397398175,10.451158994318014
-41.133897,200,349.075042,0.0,0.1615234452681805,2092.4059913713445,12.215183133454435,10.462029956856723
-60.350124,200,349.538962,0.0,0.33547963517717955,2036.010541526521,11.953336603142548,10.180052707632605
-73.991154,200,349.687431,0.0,0.19532612950204878,2348.18584026188,14.365803090378822,11.7409292013094
-85.671945,200,349.821981,0.0,0.16737572923876,2045.1471436460613,12.006897053090418,10.225735718230306
-81.154323,200,349.950978,0.0,0.15218172743551295,2354.1677777137243,14.278605939640682,11.77083888856862
-46.55417,200,350.075509,0.0,0.21251451671638305,2379.037686108272,13.43648728430679,11.89518843054136
-32.13215,200,350.206038,0.0,0.3051917329760419,2260.5858954567266,13.042303351898477,11.302929477283634
-90.471119,200,350.332095,0.0,0.16752563447755733,2384.937797794857,13.104466885462772,11.924688988974285
-37.454841,200,350.455576,0.0,0.270305028645211,1815.3399126768866,11.017121628619961,9.076699563384432
-61.114361,200,350.581099,0.0,0.22818212030336973,2253.3497159781564,13.704237511305415,11.266748579890782
-55.612975,200,350.712051,0.0,0.33165341335462384,2184.5569633256537,12.436209724989947,10.922784816628269
-104.873041,200,351.149442,0.0,0.2837980609481804,2022.4608775162794,11.961905892169849,10.112304387581396
-113.446006,200,351.293986,0.0,0.3022210597257019,2209.6948843688956,12.781144126801701,11.048474421844478
-51.416484,200,351.425708,0.0,0.3733978548992145,1648.5898617552207,9.699145344885503,8.242949308776103
-82.675142,200,351.55841,0.0,0.12642268038548377,2439.0393627595654,14.161892251437408,12.195196813797827
-96.316536,200,351.686524,0.0,0.29032838666128535,2464.739094159324,13.63292669133527,12.32369547079662
-123.82374,200,351.8171,0.0,0.3416218073764135,2528.2980085763206,14.687220564351074,12.641490042881603
-48.785415,200,351.945179,0.0,0.23981857073427895,2451.9700329185875,14.58809994265404,12.259850164592939
-120.874865,200,352.067464,0.0,0.34219273835788655,2493.572965487328,14.113372526959116,12.46786482743664
-141.804284,200,352.195,0.0,0.446615470796041,2690.898292272944,15.845896121749584,13.454491461364722
-104.449703,200,352.319551,0.0,0.2942774841007716,1704.462377245352,10.118002396341298,8.52231188622676
-43.11606,160,352.418116,1.0,0.04748458320291643,1866.7720091281144,11.050545555063895,11.667325057050714
-46.769868,200,352.879291,0.0,0.2148296531543061,1732.4236154239002,10.461083099983737,8.662118077119501
-48.268032,200,353.017404,0.0,0.12395902113987635,2451.733195883663,14.740545831931225,12.258665979418316
-44.931469,169,353.125483,1.0,0.04878064021588094,2233.4898481446553,12.809043451373805,13.215916261210978
-35.326833,200,353.255067,0.0,0.29869273073464314,2214.4472995397036,12.716925617639076,11.072236497698519
-62.076445,200,353.383575,0.0,0.44664625465794494,2301.7964337762064,12.702190613527309,11.508982168881031
-86.188253,200,353.510449,0.0,0.14730309597701274,2129.5878224323033,11.874661724456029,10.647939112161517
-65.47023,200,353.640207,0.0,0.1215390278793407,2109.814163042331,12.672543916013485,10.549070815211655
-95.421971,200,353.766911,0.0,0.23384079578257186,2473.310677599487,14.155973239443357,12.366553387997435
-41.268682,200,353.89344,0.0,0.3577407622073879,2015.102015321653,11.91053564532471,10.075510076608264
-34.283553,146,353.983985,1.0,0.049145655190250624,1906.8622111783338,10.71422454993348,13.060700076563931
-9.377169,78,354.03051,1.0,0.0497691493390391,892.115129209249,5.3706652093323655,11.437373451400628
-83.722013,200,354.491351,0.0,0.1451643528577414,2168.4597662085816,12.463202166866374,10.842298831042909
-141.854764,200,354.628382,0.0,0.4423671187769215,2732.3113180638948,15.741875611018894,13.661556590319474
-108.229656,200,354.757902,0.0,0.25272450865337986,2515.2223838779437,14.469221866194276,12.576111919389719
-136.280255,200,354.887327,0.0,0.40034627482778307,2401.806916545617,14.039409666405481,12.009034582728084
-63.370953,200,355.01186,0.0,0.37895870662993997,2279.251933342809,12.991800135002157,11.396259666714045
-6.974246,70,355.057341,1.0,0.048622643956411735,1023.6671355210332,5.773540899485639,14.623816221729045
-46.254819,200,355.177878,0.0,0.1708906964566963,2470.2564347144744,14.223886103960083,12.351282173572372
-62.062264,200,355.3044,0.0,0.14363551435508443,1981.6039630041507,11.567413598916632,9.908019815020754
-49.813626,200,355.433379,0.0,0.25733114541041907,2304.0493075764734,13.24496667734046,11.520246537882366
-22.813245,122,355.512422,1.0,0.0496983468462508,1248.3745559874028,7.4924688160833615,10.232578327765596
-63.952973,199,355.639409,1.0,0.049402534066751484,2340.7497855905785,13.485972905613306,11.762561736636073
-94.408373,200,356.078349,0.0,0.1997472882157227,2371.2856266490808,13.446350001485756,11.856428133245403
-46.04202,200,356.216303,0.0,0.15714466596058177,2160.2430521358483,12.9976470655194,10.80121526067924
-34.910256,200,356.349404,0.0,0.36095819248530153,2302.6332233365833,13.585542054114745,11.513166116682918
-35.417277,200,356.479486,0.0,0.285445304433909,2465.750315014559,14.212020733019724,12.328751575072795
-157.585362,200,356.603971,0.0,0.5804792213195017,2396.695711516139,14.07637994851492,11.983478557580694
-50.2194,169,356.713184,1.0,0.04792467479386172,1989.2841624270607,11.644883260606907,11.770912203710418
-72.470198,200,356.84023,0.0,0.08937166942561832,2535.0265343258266,14.47578706185416,12.675132671629132
-110.029334,200,356.96177,0.0,0.27856920529923296,2438.261630971014,14.399331645775407,12.191308154855069
-65.29199,200,357.089319,0.0,0.14604034805708951,2458.8631693979983,13.984259198596343,12.294315846989992
-124.720256,200,357.214823,0.0,0.35553186284895083,2503.1418382569673,14.487463025139517,12.515709191284836
-51.41173,173,357.325356,1.0,0.0496169969838696,2320.8706286758083,13.47961216341708,13.41543715997577
-62.583208,200,357.787845,0.0,0.1519784054623177,1893.6399019175421,11.180019578340895,9.468199509587711
-37.430868,200,357.931895,0.0,0.3057817616275934,2000.1281175777633,11.571931740682409,10.000640587888817
-146.423954,200,358.062404,0.0,0.4773026325872,2472.0554137672834,14.363945412975994,12.360277068836417
-25.868844,145,358.154458,1.0,0.048228468336878196,1985.8041747299997,10.815895560412018,13.695201205034481
-33.515837,200,358.284285,0.0,0.2795117099435946,2356.870760965771,13.938793402392013,11.784353804828854
-73.0378,200,358.410802,0.0,0.10760062758768489,1999.1843892495147,11.286653991715534,9.995921946247574
-61.123728,200,358.539125,0.0,0.39717630780449664,2072.8451085058396,12.067376381122786,10.364225542529198
-47.56449,200,358.667204,0.0,0.1968799310125981,1975.9380720711995,11.65897590572772,9.879690360355998
-34.766512,158,358.76976,1.0,0.04860326942693716,1855.225928218948,10.678831711593094,11.741936254550303
-62.639886,200,358.89994,0.0,0.15922426737673623,1725.6751899071164,10.032410870661005,8.628375949535583
-144.11271,200,359.330487,0.0,0.4863329124969441,2011.5822195339551,11.547829292959358,10.057911097669775
-39.588795,200,359.484159,0.0,0.23110430061907,2196.188831966181,12.520531376612716,10.980944159830905
-99.639755,200,359.623684,0.0,0.2767607587441081,1914.0270237353443,11.004200221862556,9.570135118676722
-134.8798,200,359.754735,0.0,0.4333407137860959,2500.6103574619992,14.21581602296336,12.503051787309996
-96.473892,200,359.884224,0.0,0.2693519339186754,2321.4271419724164,14.031994955627093,11.607135709862082
-50.08973,200,360.007773,0.0,0.18508155128517495,1807.8391212550116,10.827952598589688,9.039195606275058
-37.898258,157,360.103298,1.0,0.04711509641202219,1709.2931929323602,10.155599095843595,10.88721778937809
-55.204376,200,360.230149,0.0,0.3473418055142664,2127.0096858896036,12.204394601159368,10.635048429448018
-33.975109,200,360.354846,0.0,0.2806856592639409,2340.422293555689,13.773202634190872,11.702111467778446
-82.219453,200,360.478377,0.0,0.1834741253643933,1890.4767963742145,10.610882300052609,9.452383981871073
-126.454661,200,360.606841,0.0,0.374906921180697,2101.480221347743,12.135633553944032,10.507401106738714
-39.152347,200,361.081937,0.0,0.3551289801259117,2299.0841303647476,12.955511634615508,11.495420651823737
-36.171498,160,361.210218,1.0,0.04457495511627634,2046.5114600894083,12.289361737267788,12.790696625558802
-79.53748,200,361.344311,0.0,0.13417624580533122,2600.6447448276945,14.892795579611091,13.003223724138472
-88.046247,200,361.474877,0.0,0.25765119352664395,3103.6001134824182,17.817904564177375,15.518000567412091
-73.860872,200,361.603111,0.0,0.1419046561559883,2381.2698454552833,14.009636770019823,11.906349227276417
-43.287823,152,361.700602,1.0,0.049292017752467186,1417.5447741572912,8.211228389248216,9.325952461561126
-41.802315,147,361.79412,1.0,0.04780622885633328,1276.9520190169678,7.707036757376394,8.686748428686856
-94.715554,200,361.922656,0.0,0.2527578734444384,2271.206195233744,12.825125983604778,11.35603097616872
-79.61626,200,362.04971,0.0,0.1758247171854618,2268.1262259174337,13.249307972335217,11.340631129587168
-19.942831,117,362.124721,1.0,0.04747039470833935,1225.1043096709052,7.149371674037603,10.470977005734232
-147.88497,200,362.246727,0.0,0.4988706879423189,2732.595234734221,16.11864992164595,13.662976173671105
-90.032648,200,362.70512,0.0,0.23367631191032978,2622.5379647718437,15.181808664888559,13.112689823859219
-80.114822,200,362.83711,0.0,0.18139924069818472,1942.3295203362463,11.272297477866832,9.711647601681232
-44.351868,200,362.973312,0.0,0.2914943915225193,2147.103531718117,11.93086344343897,10.735517658590586
-76.950727,200,363.103818,0.0,0.1607716023731036,2586.486196886599,15.032888329403802,12.932430984432994
-116.58458,200,363.231354,0.0,0.3215283913492903,2252.0390536350305,12.940276899101484,11.260195268175153
-117.712804,200,363.361385,0.0,0.4612899547717354,2851.3967029282544,16.21788110997926,14.256983514641272
-69.91825,200,363.485887,0.0,0.13052172287614083,2194.1776372654126,12.837317815950803,10.970888186327063
-70.778845,200,363.61442,0.0,0.1500195433998415,2166.9381281841797,12.804815144523815,10.834690640920899
-98.389475,200,363.742057,0.0,0.28095139921231266,1763.5756418421133,9.862558467829608,8.817878209210567
-100.986128,200,363.865601,0.0,0.21898522787434882,2085.109344359529,11.986550195036356,10.425546721797646
-65.125712,200,363.991125,0.0,0.13056213086491975,1982.0655665374552,11.762430564198308,9.910327832687276
-57.330294,200,364.462534,0.0,0.12069407895915364,1913.847752501556,10.946340206438316,9.56923876250778
-32.276303,200,364.598022,0.0,0.17984848028010111,2725.5318324932273,15.97820592575797,13.627659162466136
-47.303572,200,364.727561,0.0,0.2927116276665401,1900.599674803564,11.374248605882459,9.502998374017821
-34.856736,200,364.857619,0.0,0.2962448653350145,2225.8920549484983,13.538680349432273,11.129460274742492
-49.161559,200,364.986107,0.0,0.1399725446008026,2400.926498390939,14.354431981413347,12.004632491954695
-82.896716,200,365.108634,0.0,0.16354952742240092,2146.7835529246113,12.96498484778188,10.733917764623056
-138.141087,200,365.235695,0.0,0.4352512860275038,2120.7462503767165,11.861414867196952,10.603731251883582
-107.635588,200,365.363261,0.0,0.27154938929592426,2257.6380039406035,13.420273868632393,11.288190019703018
-8.651338,33,365.385268,1.0,0.03861190077374803,74.66246687589914,0.5322798884782933,2.262498996239368
-88.544314,200,365.513067,0.0,0.19016382711174487,1934.6812451918188,11.372589299375338,9.673406225959093
-75.229527,200,365.640218,0.0,0.1252173338641738,2449.6057554630333,14.421094323686553,12.248028777315167
-148.108853,200,366.10437,0.0,0.5761264134062376,2742.7766283156357,15.419495963136404,13.713883141578178
-68.707795,200,366.238404,0.0,0.2040697133356402,2990.945155485093,16.560833816932302,14.954725777425464
-33.278487,145,366.334922,1.0,0.048951303581863344,1471.3929952390044,8.247870043170293,10.147537898200031
-91.988546,200,366.46945,0.0,0.21268899909703357,1717.9642213102716,10.0496757606642,8.589821106551359
-155.690653,200,366.588004,0.0,0.5774271391878659,2610.6038164594897,15.421031930916541,13.053019082297448
-100.430572,200,366.715524,0.0,0.23183673432585658,2538.6242663178937,14.508346238812038,12.693121331589468
-28.761404,142,366.810771,1.0,0.04991155168878462,1612.224054353298,9.513314801129994,11.353690523614775
-34.868411,152,366.907652,1.0,0.049302304043882084,1634.3608678986375,9.571997500910168,10.752374130912088
-43.998277,168,367.009175,1.0,0.04950320045806923,2088.4197991448023,12.431380420912188,12.431070233004775
-95.572184,200,367.133141,0.0,0.22473257970371344,2410.275720513145,14.682550614388338,12.051378602565727
-78.632139,200,367.258598,0.0,0.11674767109780514,2545.4196822507174,14.623781219626027,12.727098411253587
-5.178498,27,367.275598,1.0,0.049002665956610784,123.5639007121307,0.8662301022838649,4.576440767115952
-82.651215,200,367.738826,0.0,0.17486152441477743,2032.818937676927,11.672317863837268,10.164094688384635
-45.594637,174,367.859338,1.0,0.04810649808051115,2316.254015359523,13.216679406947812,13.311804685974268
-103.903115,200,367.993463,0.0,0.3576686637817763,2834.5908200153667,16.36150423922284,14.172954100076833
-52.728484,200,368.126987,0.0,0.3330374378712256,1937.905367071606,11.082952506027585,9.68952683535803
-116.704849,200,368.258425,0.0,0.3320691766019816,2301.068595087814,13.466041348608488,11.50534297543907
-78.614092,200,368.385092,0.0,0.11250617038078811,2674.2646506411,15.145211347898435,13.371323253205501
-70.332967,200,368.510612,0.0,0.08927010279286837,2207.1950721643298,12.807793697372531,11.035975360821649
-11.710263,88,368.568131,1.0,0.04749803367465579,1209.2626775678248,7.281979616673736,13.741621335998008
-72.09553,200,368.698181,0.0,0.11613394670347409,2234.273114111612,13.043321452365337,11.17136557055806
-26.817745,129,368.783022,1.0,0.04918342457851345,1516.3827496495253,8.762131027484905,11.754905036042832
-128.813165,200,368.903517,0.0,0.3500791433001358,2421.9625631541417,13.677761162064641,12.109812815770708
-59.346576,200,369.357274,0.0,0.09469960671771545,1958.297483871711,11.70885230087649,9.791487419358555
-34.744796,200,369.499605,0.0,0.14875659139422484,2804.2387014530955,16.147886239154968,14.021193507265478
-86.678015,200,369.632172,0.0,0.25233996109583834,2816.2034789356057,15.962915562660594,14.081017394678028
-126.565583,200,369.758213,0.0,0.3391561238004343,2400.7120980441678,13.563318712190027,12.003560490220838
-150.815771,200,369.883847,0.0,0.46483907821469855,2624.6602553433527,15.438763469169066,13.123301276716763
-110.557103,200,370.008391,0.0,0.2907728433832818,2427.5399995243147,14.48170538056835,12.137699997621574
-100.463418,200,370.129935,0.0,0.3720192943557841,2736.536548716202,16.021649538090266,13.68268274358101
-112.079069,200,370.258976,0.0,0.32376302600957463,2205.210802723446,13.040924311205682,11.026054013617228
-56.737518,200,370.389497,0.0,0.05952306454759594,2436.881112365103,13.892004339163428,12.184405561825516
-67.620554,200,370.513013,0.0,0.09334235256414267,2747.9214442752377,15.741402674680469,13.739607221376188
-129.5215,200,370.963206,0.0,0.3713702335006161,2392.651636263664,14.209881635236894,11.96325818131832
-111.341303,200,371.116572,0.0,0.2718936127601844,2275.8780710435667,13.131617573689548,11.379390355217833
-47.816539,164,371.227569,1.0,0.045527135667121355,1512.5632463010215,8.835279684999854,9.222946623786717
-90.099752,200,371.358267,0.0,0.18201534126792052,2648.074495892387,15.494544136007551,13.240372479461934
-63.299944,200,371.484348,0.0,0.09374673919975192,2354.143581928429,13.567527684312385,11.770717909642144
-62.290738,200,371.606875,0.0,0.09548441628441615,2197.2842466174634,12.67086739917384,10.986421233087317
-145.019648,200,371.738961,0.0,0.44612085509859994,2589.3668948858312,14.873970140155059,12.946834474429156
-39.540755,200,371.866476,0.0,0.27374629024892894,2306.536086632358,13.038392534308713,11.53268043316179
-84.99688,200,371.991997,0.0,0.15513508525193406,2550.129164222117,14.605115082768814,12.750645821110586
-118.50089,200,372.122517,0.0,0.3100095550511614,2210.142591053958,12.573634298205413,11.05071295526979
-84.332066,200,372.252548,0.0,0.19832619110771363,2013.7383130909918,11.723172125011308,10.068691565454959
-5.443924,27,372.27055,1.0,0.04758443612350473,89.68243711696579,0.6631902680159958,3.321571745072807
-43.099756,200,372.735557,0.0,0.29040793766313167,2067.3248398872497,12.085102378468246,10.33662419943625
-96.256516,200,372.876082,0.0,0.24219326254085452,2121.091257836844,12.525860903900712,10.60545628918422
-114.678812,200,372.99959,0.0,0.3041859119979706,2277.2565283023437,13.2370073048792,11.386282641511718
-116.638608,200,373.128117,0.0,0.32717371083282254,2073.7053718693755,12.145658100251122,10.368526859346877
-68.213945,200,373.259161,0.0,0.146348409145646,2086.236120375852,12.002912778948387,10.431180601879259
-79.854786,200,373.393451,0.0,0.10296279593019401,2311.424530910437,12.898738648138188,11.557122654552186
-31.491343,200,373.51668,0.0,0.2279986473535837,2537.9138396460826,14.635651001169464,12.689569198230412
-74.155751,200,373.642741,0.0,0.13810611654994256,1908.2748400848834,11.091773689986027,9.541374200424418
-53.289716,200,373.770277,0.0,0.36991281012696253,1765.805148483985,10.26204942723274,8.829025742419924
-22.916272,122,373.848824,1.0,0.04693696697393652,1403.1447527831833,8.19558229129662,11.501186498222815
-35.251311,200,374.291349,0.0,0.24287491887035528,2511.177057653851,14.676106432957955,12.555885288269256
-6.640963,28,374.309353,1.0,0.04559478953051587,74.59712702665787,0.5316264939290376,2.664183108094924
-40.954762,150,374.421826,1.0,0.04937784890423403,1468.0810057630656,8.687241846824655,9.787206705087105
-114.479203,200,374.550864,0.0,0.3122232838041541,2185.6560082213527,12.436654366729567,10.928280041106763
-33.84265,150,374.64538,1.0,0.04664942885930682,1720.1545007150928,9.29614801326626,11.467696671433952
-103.438938,200,374.769903,0.0,0.2649748045377562,1952.496821211357,11.224231354622415,9.762484106056785
-64.465764,200,374.89546,0.0,0.09006409408272276,2327.4950497444006,12.82347569377678,11.637475248722003
-37.211121,200,375.021978,0.0,0.3221600320998279,2416.298394969662,13.987841528748252,12.081491974848309
-97.916271,200,375.149045,0.0,0.21975765849547038,2228.7023655762655,13.117196738458267,11.143511827881328
-57.490131,200,375.27342,0.0,0.36123688611346205,1896.1395779680336,11.45588926122568,9.480697889840167
-111.886251,200,375.394917,0.0,0.29240071074857266,2061.491172683916,12.036847359124264,10.30745586341958
-74.888257,200,375.520197,0.0,0.14896741902330057,2244.737705920158,13.27476215718822,11.22368852960079
-45.497067,200,375.987909,0.0,0.10414057572298363,2390.0147871843947,14.119084788897526,11.950073935921973
-50.318009,171,376.112435,1.0,0.04981009623839628,1927.5628310054608,11.464306976256871,11.272297257341876
-46.290946,200,376.241205,0.0,0.322713422179334,1720.5507753944996,9.772736022108736,8.602753876972498
-45.317566,173,376.349738,1.0,0.04637376600741238,2025.129966283307,11.59385183175368,11.705953562331255
-35.966705,200,376.477269,0.0,0.3552133042030164,2613.6055891922683,15.142222782014299,13.068027945961342
-60.727336,200,376.603182,0.0,0.38895151160604263,1989.4195979533947,11.480846754502453,9.947097989766974
-54.546221,200,376.735032,0.0,0.3709279275553415,2072.316362447299,11.918359562893837,10.361581812236496
-92.565262,200,376.858075,0.0,0.18749433222048356,2325.8946487345365,12.891055226462871,11.629473243672683
-50.427849,200,376.983617,0.0,0.1940623461984233,1738.1795300258789,10.068765665559827,8.690897650129394
-103.406098,200,377.106142,0.0,0.3582835265975433,2639.3509656689944,15.565479712362372,13.196754828344972
-44.524007,160,377.499254,1.0,0.04869462045966457,1648.0007140401806,9.711746458611591,10.30000446275113
-47.612755,200,377.645288,0.0,0.2653669771388015,2182.3969192220106,12.467845654358374,10.911984596110052
-41.175824,200,377.784029,0.0,0.34344566814378924,2422.170656151622,13.912034725624524,12.11085328075811
-36.060308,200,377.917258,0.0,0.3142598704837289,2682.7796831756905,15.640321218519412,13.413898415878453
-141.75976,200,378.042237,0.0,0.45994765409041116,2607.372494112809,15.259739435921206,13.036862470564044
-90.679261,200,378.172716,0.0,0.19034822910255822,2329.99519641215,13.363434215338714,11.64997598206075
-110.226448,200,378.297239,0.0,0.29422571892661176,2058.673525398579,11.79903955081072,10.293367626992895
-49.734326,167,378.401809,1.0,0.049099703800805417,1620.2306756681496,9.32803845273855,9.701980093821255
-94.314013,200,378.521371,0.0,0.19886750329241495,2317.074007326245,13.311082841838687,11.585370036631225
-86.053548,200,378.642423,0.0,0.17174645451283108,2238.277429522636,12.572965696416286,11.19138714761318
-72.185563,200,378.765924,0.0,0.08597202078347183,1838.2907392534134,10.767140610538178,9.191453696267068
-71.501955,200,379.245555,0.0,0.07285071504594802,2384.564552512124,13.431013373540502,11.922822762560621
-103.998846,200,379.380049,0.0,0.2448202670550649,2114.232904399382,12.395048911087088,10.57116452199691
-54.128443,183,379.5006,1.0,0.04915845624385531,2227.7916713506934,12.40870840893103,12.173724980058434
-86.449008,200,379.631167,0.0,0.13096181039924898,2478.0641748693256,14.384827908311596,12.390320874346628
-91.718977,200,379.760198,0.0,0.1761521735951731,2499.756817008132,15.27955705414501,12.498784085040661
-21.123853,120,379.834203,1.0,0.04835803672389907,1626.5752766404169,9.497062305091056,13.554793972003473
-51.756014,200,379.965097,0.0,0.2647489410639829,1939.7268742167173,11.220347999268173,9.698634371083587
-51.546997,176,380.08057,1.0,0.04725244839555353,2085.219572402849,11.957469710682314,11.847838479561641
-106.418946,200,380.209097,0.0,0.277578263064473,2312.9788278472297,13.203531130630944,11.564894139236149
-76.762186,200,380.332548,0.0,0.12264204763809745,2014.2364517319638,11.431552598739982,10.07118225865982
-35.243345,164,380.432082,1.0,0.049342677674474075,2045.0586640335791,11.345814852931362,12.469869902643776
-64.858947,196,380.885105,1.0,0.04968377154519142,2691.552716878253,15.08428051219725,13.732411820807412
-26.252925,137,380.988619,1.0,0.04819345899598139,1613.7926424226753,9.033750352321245,11.779508338851644
-120.927972,200,381.129174,0.0,0.3407315211722386,2148.377128344947,12.630171613291804,10.741885641724734
-48.584379,176,381.243204,1.0,0.049222266989064616,2179.7592217958777,12.455246147600347,12.384995578385668
-101.002289,200,381.3697,0.0,0.2213807625944277,2426.666598207909,14.36524739939212,12.133332991039545
-52.670837,200,381.496225,0.0,0.12252192690566181,1931.147460430884,11.317092165926017,9.655737302154419
-42.829668,160,381.591752,1.0,0.04874906446820595,1541.3542834585867,9.074474526463206,9.633464271616166
-57.170734,200,381.715272,0.0,0.36564487252229216,2155.96683557987,12.399940351241945,10.77983417789935
-76.599493,200,381.842381,0.0,0.07755428924129111,2439.586225087421,14.177662494711647,12.197931125437105
-62.549515,200,381.969866,0.0,0.09176811739973069,2834.8217488459745,16.25325303317654,14.174108744229873
-43.855453,175,382.087632,1.0,0.04985292937455113,2326.596886772329,13.077180812064272,13.294839352984738
-84.838128,200,382.556204,0.0,0.1623226096115791,2505.20215169487,14.498322101382543,12.52601075847435
-50.205412,169,382.685714,1.0,0.04965860743189182,1696.142817807485,9.720590137738487,10.036348034363817
-18.646177,113,382.757246,1.0,0.04920514059322661,1551.0963009080472,8.635315009205152,13.726515937239355
-41.698652,200,382.887829,0.0,0.20419476069095602,2189.4316155159045,12.454832016941792,10.947158077579523
-81.770297,200,383.01739,0.0,0.11705409787581852,2620.7698960241996,15.074235687593267,13.103849480120997
-109.339184,200,383.144452,0.0,0.26643555922461315,2546.4069922742688,15.251176653369651,12.732034961371344
-61.836878,200,383.268011,0.0,0.08086440311476603,2402.2625184740673,13.879474214088392,12.011312592370336
-53.25627,200,383.397536,0.0,0.3977245523197471,2004.9424566011992,11.680749256044562,10.024712283005996
-111.794633,200,383.52919,0.0,0.30022786696107323,2698.032132975868,15.935245856114296,13.49016066487934
-63.36928,200,383.652268,0.0,0.07574800562539823,2273.3979392272136,13.33147518407342,11.366989696136068
-72.648879,200,383.778806,0.0,0.1219813419907715,2096.1105219914175,11.799230432010905,10.480552609957087
-42.248283,153,384.195429,1.0,0.0473180225962262,1544.9155085487557,9.1775373509296,10.097486983978795
-114.354614,200,384.344122,0.0,0.29426879183303944,2531.621172419536,14.553909640798476,12.65810586209768
-23.450443,140,384.437881,1.0,0.048482127575486256,1965.4811159235803,11.283635413764731,14.039150828025575
-134.713497,200,384.56685,0.0,0.3812898345661775,2678.4284368725716,15.338672411114066,13.392142184362859
-130.798142,200,384.692394,0.0,0.36822436352017207,2516.983065978914,14.638203234084509,12.58491532989457
-52.41971,185,384.809976,1.0,0.04708032315711038,2462.3775872702763,13.968809897985278,13.310149120379872
-82.289498,200,384.933504,0.0,0.1243790402673342,2276.331240938782,12.751212908761067,11.38165620469391
-135.58829,200,385.058603,0.0,0.3892398533498016,2540.9959327163538,14.68373927983537,12.704979663581769
-87.64947,200,385.186118,0.0,0.14410171454503343,2299.6235496688487,13.255916847718188,11.498117748344244
-34.461465,154,385.283629,1.0,0.04771521731664032,1798.715729231148,10.448264046311477,11.679972267734728
-44.983072,200,385.410158,0.0,0.32022248163549016,2273.5681315860675,13.42110495838365,11.367840657930337
-113.157269,200,385.850789,0.0,0.291243456951769,2149.434675050802,12.562245160268894,10.747173375254011
-75.772203,200,385.984299,0.0,0.10616500387922247,2504.853770105455,14.380210686354486,12.524268850527276
-38.505032,200,386.118761,0.0,0.18797503642722968,2231.9528840577486,12.369150203279297,11.159764420288743
-77.889894,200,386.249154,0.0,0.09978395492316519,2631.3074471102254,15.413541012022062,13.156537235551127
-66.316063,196,386.3717,1.0,0.048285766069254936,2633.0772362332086,15.439743323892694,13.434067531802086
-76.631295,200,386.498482,0.0,0.11190831662245995,2142.2466515187443,12.6120915994051,10.711233257593722
-91.962395,200,386.619595,0.0,0.16855622629853823,2603.1259542757557,14.734768976080728,13.015629771378778
-112.726995,200,386.741635,0.0,0.31255778776234655,2348.352371050403,13.36066471186013,11.741761855252014
-49.804532,171,386.85214,1.0,0.04689094376008201,1862.3012067168395,10.906111265011221,10.890650331677424
-37.06826,200,386.979699,0.0,0.3093115883225077,2319.292880536488,13.3321517138277,11.596464402682441
-47.319691,200,387.416727,0.0,0.38447811114550773,1815.7494776485303,10.273600134984756,9.078747388242652
-119.292847,200,387.575536,0.0,0.30026279160209224,2707.821849387966,15.33451357661994,13.539109246939828
-134.345227,200,387.709088,0.0,0.397578000629123,2038.1800453767125,11.757211483452178,10.190900226883564
-47.366581,200,387.839298,0.0,0.28318617676546265,1885.1247086506642,11.011307897014735,9.425623543253321
-73.670257,200,387.967353,0.0,0.08143588916643199,2649.8616570574754,15.466348887703168,13.249308285287377
-26.455281,134,388.052866,1.0,0.048474876225441346,1911.9423863803495,11.063293002135687,14.268226764032459
-81.79844,200,388.178386,0.0,0.1995432629934416,2830.5191424330224,16.881216803421484,14.152595712165112
-166.787798,200,388.305919,0.0,0.650223128606296,2663.564494290304,15.31329045099012,13.317822471451521
-131.60952,200,388.433464,0.0,0.3605079741014681,2647.796771944106,14.749048570658749,13.238983859720529
-79.13381,200,388.560526,0.0,0.11463272660443945,2545.3250104164727,14.412806860146738,12.726625052082364
-111.40445,200,388.681534,0.0,0.3198969482030056,2214.802703441931,13.15772830763065,11.074013517209655
-48.927695,200,389.14156,1.0,0.04793144875900133,2799.326970139125,15.448910837323295,13.996634850695624
-36.695653,153,389.24955,1.0,0.04753121275668632,1835.2858381184424,10.849299875988041,11.995332275283937
-35.339008,200,389.381113,0.0,0.36229728425143337,2160.764063469228,12.206199380766533,10.80382031734614
-85.331106,200,389.510577,0.0,0.15942061113427766,2322.938574095345,12.982254005252976,11.614692870476723
-53.391647,200,389.638114,0.0,0.42766295254483566,2032.8913469873742,11.951149315403239,10.16445673493687
-124.844974,200,389.763183,0.0,0.3472026214496582,2235.4291671853193,12.60315599797366,11.177145835926597
-78.867483,200,389.883672,0.0,0.1684480360365199,2271.5691856699045,13.198398902280976,11.357845928349523
-93.848319,200,390.010219,0.0,0.21893689502643737,3002.734658075814,17.062164699523958,15.013673290379069
-110.838597,200,390.138722,0.0,0.27063715636523933,2709.3072584087854,15.572910119823616,13.546536292043927
-34.670474,200,390.26473,0.0,0.3367698229035823,2353.687978244299,13.383096703545572,11.768439891221494
-39.80985,164,390.664716,1.0,0.048883977646940295,2370.207782784487,13.680849904186918,14.452486480393212
-44.548792,169,390.794232,1.0,0.049332392859921456,2270.9205812283053,13.299848867049578,13.437399888924883
-54.299082,200,390.936751,0.0,0.09585361631866088,2233.2948622563617,12.948799291410587,11.166474311281808
-104.043762,200,391.068446,0.0,0.2867868584095715,2097.686078444165,12.343606328456367,10.488430392220826
-120.185125,200,391.188967,0.0,0.31214826680650465,2543.8438403297905,14.48599922798888,12.719219201648952
-34.605682,200,391.31843,0.0,0.3202845472953281,2442.0001860362754,14.058358871768036,12.210000930181376
-102.131338,200,391.446495,0.0,0.24087091239496122,2497.84783488269,14.21476546549247,12.48923917441345
-115.167863,200,391.570022,0.0,0.33164438107430044,2185.6298299944415,13.033713796898832,10.928149149972207
-68.878354,200,391.693376,0.0,0.09762517268320522,2213.484555469997,12.9633493457489,11.067422777349984
-44.280756,200,391.819948,0.0,0.3934451878167598,2033.8199829654243,11.953929419274596,10.169099914827122
-158.560685,200,391.945,0.0,0.6206276734406401,2730.2131268068106,16.01721976296957,13.651065634034053
-81.401503,200,392.392085,0.0,0.1549392239381467,2148.369567398316,12.362596475674108,10.74184783699158
-111.590917,200,392.530627,0.0,0.25844295434806674,2184.2606946888695,12.848475113080507,10.921303473444347
-130.162296,200,392.658725,0.0,0.3662631401910465,2221.5580646058393,12.701957296632813,11.107790323029196
-118.134336,200,392.784242,0.0,0.31637540718998247,2553.825845413335,15.094977003701398,12.769129227066676
-105.309887,200,392.910765,0.0,0.24513722452227335,2656.1260816647523,15.534985155081378,13.280630408323761
-33.056619,142,393.004242,1.0,0.04970027324261926,1549.1203942500313,9.07933956607959,10.909298551056558
-76.607531,200,393.136105,0.0,0.13081199920679626,2399.3933322399553,13.870673694340985,11.996966661199776
-106.136862,200,393.26687,0.0,0.25461926669005186,2250.7325402431206,12.930058251848394,11.253662701215603
-136.649182,200,393.395348,0.0,0.3923737549226628,2125.9579786937516,12.393598153846222,10.629789893468757
-120.74506,200,393.517892,0.0,0.3296200779175796,2705.076541457229,15.415689602599452,13.525382707286145
-96.99891,200,393.965595,0.0,0.1850216632466199,2518.5917512797555,14.260499121587326,12.592958756398778
-48.634978,173,394.098108,1.0,0.046582626505093684,1614.0619694321897,9.025027237053887,9.329837973596472
-34.269227,200,394.234639,0.0,0.20495291635001775,2554.6110976937694,14.493569612875428,12.773055488468847
-22.406234,120,394.312506,1.0,0.04894168447735525,1170.594243160137,6.909056632562787,9.754952026334475
-74.98942,200,394.439022,0.0,0.15779779308443218,2021.1686156386647,11.407414733453376,10.105843078193324
-46.892302,171,394.549934,1.0,0.044096893260326106,2186.6667751478935,12.246880999415373,12.787525000864875
-39.462251,200,394.674534,0.0,0.3132833643577206,2490.0771763944485,13.900423818014444,12.450385881972243
-17.303641,107,394.743539,1.0,0.048459373798029524,1400.3109659923741,8.114855951105062,13.087018373760506
-42.016377,200,394.865619,0.0,0.3805256075355003,2038.080967577649,11.848686498112114,10.190404837888245
-142.109879,200,394.990138,0.0,0.43520886071301984,2510.667797406081,13.7762851764758,12.553338987030404
-33.823745,136,395.077723,1.0,0.04743405696631446,1324.8445431897658,7.890877838614841,9.741503994042395
-92.081918,200,395.206697,0.0,0.18261410426619876,2435.4071307347604,13.931176741650189,12.177035653673801
-124.931681,200,395.650871,0.0,0.3317835111491453,2521.100671089676,14.626874724338759,12.605503355448379
-22.56267,125,395.73734,1.0,0.04957376320226871,1691.1733168289375,9.465284227959767,13.5293865346315
-41.311272,200,395.879356,0.0,0.3962901908614175,2531.92834324943,14.422608814904304,12.65964171624715
-75.539418,200,396.007868,0.0,0.1346909064926361,2550.8769590248694,14.887895846646703,12.754384795124347
-94.08921,200,396.137402,0.0,0.1828480509197933,2602.9439529303354,14.60646881364178,13.014719764651677
-25.350035,122,396.217932,1.0,0.04509979448854712,1258.8150736950772,7.480093828776646,10.318156341762927
-22.493984,127,396.295469,1.0,0.04842094299832351,1718.5024487784344,9.39032494706635,13.531515344712082
-40.084386,200,396.422012,0.0,0.3154699618974148,2173.2813709738843,12.495330723991248,10.866406854869421
-81.139532,200,396.551991,0.0,0.13236854858834907,2370.9993336928774,13.396568879092175,11.854996668464388
-76.998397,200,396.680557,0.0,0.097045361305891,2363.5266320825526,13.53666147980438,11.817633160412763
-69.722573,200,396.801056,0.0,0.1150266308098572,2058.029892244344,12.482966856676313,10.29014946122172
-39.737937,200,397.228388,0.0,0.2756548893571019,2334.87042293759,13.262606936087462,11.674352114687949
-41.87774,158,397.354439,1.0,0.04996851644414263,1508.2845289566371,8.444515920201638,9.546104613649602
-119.420381,200,397.499916,0.0,0.3343643829511393,2155.442179063028,12.507986798407702,10.777210895315141
-86.822908,200,397.627441,0.0,0.16097675855306257,2488.580090355699,14.862646820275222,12.442900451778495
-31.217418,200,397.753513,0.0,0.312714864333119,2597.7563334113834,14.351738242116843,12.988781667056918
-66.362096,200,397.882085,0.0,0.08596179942183217,2562.1365823959827,14.383132500242686,12.810682911979914
-102.107192,200,398.001604,0.0,0.22023024039132338,2381.2529011335632,13.453562212623533,11.906264505667815
-77.568516,200,398.126113,0.0,0.10039840332240751,2532.6387510565155,15.041471395603988,12.663193755282578
-23.231917,124,398.206645,1.0,0.04706908664135061,1422.7050417010394,8.580501194343066,11.473427755653542
-121.69794,200,398.336191,0.0,0.32027216550493337,2713.5360105812356,15.698323793103397,13.567680052906178
-99.426089,200,398.463143,0.0,0.2652406295502973,3004.1878362319317,17.161507046024063,15.020939181159658
-65.879788,200,398.904204,0.0,0.06973293109883025,2335.3687638427405,13.821684528701885,11.676843819213703
-123.067085,200,399.044728,0.0,0.3352263684859443,2503.073865933798,14.40766589944527,12.51536932966899
-126.700111,200,399.185794,0.0,0.3499531129429559,2044.9463233817262,12.009223284307497,10.224731616908631
-8.480798,32,399.208778,1.0,0.04386837140462041,31.85539705260473,0.2590345082954354,0.9954811578938978
-44.240563,169,399.314318,1.0,0.04611102974559092,2001.7562318606833,11.130720711319224,11.844711431128303
-77.275077,200,399.441878,0.0,0.10558646166093075,2191.5693337064263,12.74518836543388,10.957846668532131
-119.791372,200,399.570053,0.0,0.33688871549382654,2702.4985731796846,15.082932937069891,13.512492865898423
-111.879642,200,399.69598,0.0,0.2990096552025545,2508.581342990558,13.800565448182542,12.542906714952789
-88.215001,200,399.819065,0.0,0.150768849175492,2355.5036417721917,13.216628377874079,11.77751820886096
-23.275472,122,399.897638,1.0,0.04900447482854826,1283.553252954335,7.552980591454216,10.520928302904386
-97.86325,200,400.020086,0.0,0.2246028851831395,2099.027198285414,11.715012500931602,10.495135991427071
-44.673188,200,400.149085,0.0,0.42310287747975284,2237.483603717686,12.747260687988073,11.18741801858843
-32.115795,146,400.564163,1.0,0.049076940456198224,1556.0592600013429,8.66457686377875,10.6579401369955
-39.491128,200,400.707676,0.0,0.34135892355078956,2333.4802898188373,13.45967065829113,11.667401449094186
-52.977246,190,400.836201,1.0,0.04738175780859715,2654.961135581122,15.093470296815717,13.973479660953274
-75.197475,200,400.96229,0.0,0.12137645512683251,2325.7139428298074,13.507764422091865,11.628569714149037
-110.322252,200,401.088786,0.0,0.25599269336584035,2628.2308083085773,15.147027870180654,13.141154041542887
-22.55693,124,401.164965,1.0,0.048396721796896094,1527.5442817011212,8.996453966865046,12.318905497589688
-39.199908,162,401.26952,1.0,0.04818508606408246,2120.6813112271143,12.287676686202694,13.09062537794515
-37.539843,200,401.396108,0.0,0.35991811298249665,2424.3991057752173,13.79709078320736,12.121995528876086
-87.475333,200,401.518673,0.0,0.16407603561956483,2402.4461244293384,13.957376856108578,12.012230622146692
-67.075463,200,401.642247,1.0,0.04768309998190699,2489.329656509152,14.027912705886063,12.446648282545759
-33.160157,146,401.729754,1.0,0.04845643057590327,1862.9075136888384,10.727769465488555,12.759640504718071
-32.336825,163,402.144652,1.0,0.0490863306724467,2160.560735979202,12.400414795411834,13.254973840363203
-97.706526,200,402.285679,0.0,0.21497421092690155,2695.822325890404,15.180813907128671,13.47911162945202
-35.502988,137,402.384235,1.0,0.04830497226371792,1648.9975827474632,9.186911016153543,12.036478706185862
-58.635354,186,402.50226,1.0,0.04804666797557438,2397.671927071003,13.43549799512574,12.890709285327974
-107.248151,200,402.627763,0.0,0.23714468499411848,2590.659460570639,14.722503552781271,12.953297302853196
-47.575221,170,402.739288,1.0,0.04602523135632816,2020.8843022707858,11.591187255174633,11.887554719239917
-114.497691,200,402.870297,0.0,0.325844527665709,2132.2060250281006,12.131933550885869,10.661030125140503
-62.103354,200,402.997827,0.0,0.10225793234612723,2336.150758156569,13.175533790555587,11.680753790782845
-39.169554,200,403.125292,0.0,0.2591601216517001,2390.578313484179,14.322925930878604,11.952891567420895
-61.271039,189,403.244859,1.0,0.047297260774591614,2440.0859795124975,14.133570141532696,12.910507828108452
-66.245965,200,403.370972,0.0,0.0687487776934395,2305.2938437784937,13.273187209071677,11.52646921889247
-47.378698,189,403.791598,1.0,0.04639805105812885,2729.3809024822417,15.992743725112675,14.441168796202337
-38.613217,200,403.929822,0.0,0.34595526120636366,2183.5904560716112,12.850341136418937,10.917952280358056
-68.338837,200,404.074607,0.0,0.06845496950572155,2925.762137163713,16.823907162162854,14.628810685818564
-35.434692,148,404.17013,1.0,0.04856053969513779,1880.687373589664,10.392085575823135,12.707347118849082
-121.371648,200,404.295649,0.0,0.33985023545000104,2258.4650212070956,13.257324962519577,11.292325106035477
-12.931688,95,404.35813,1.0,0.04969040660674713,1335.9620041813876,8.03701213049058,14.062757938751448
-62.855999,192,404.474661,1.0,0.04937422316327276,2266.5778875020624,13.353921931616867,11.805093164073241
-92.269963,200,404.603553,0.0,0.159303092971263,2413.6785118656517,13.708678668577123,12.068392559328258
-69.240748,200,404.730065,0.0,0.1367460997169534,1922.7904868692528,11.361589914267457,9.613952434346265
-37.481857,145,404.824596,1.0,0.04717418147218514,1503.4443015293134,8.492312097891864,10.368581389857335
-142.611031,200,404.945143,0.0,0.40944378732059244,2347.885995821778,13.837286933946867,11.739429979108891
-98.099172,200,405.068108,0.0,0.21835571703633003,2493.9087271314074,14.127143273338875,12.469543635657038
-31.377924,142,405.457661,1.0,0.04998901869797671,1645.416976523693,9.390629269120979,11.587443496645724
-24.505083,118,405.540658,1.0,0.0487809040828471,1138.5372258394677,6.811940770679439,9.648620557961591
-89.632483,200,405.676681,0.0,0.1574608693940917,2378.78255626099,13.443733420478935,11.89391278130495
-41.92442,200,405.803268,0.0,0.3268105150868698,2288.798269172758,12.990088813545903,11.44399134586379
-8.012563,76,405.852775,1.0,0.04972699183679786,986.165414831569,5.702462697433119,12.975860721468013
-40.384506,159,405.954272,1.0,0.0476994000742924,1872.9076422303667,10.572696652753496,11.779293347360797
-120.07415,200,406.076801,0.0,0.3058219858957821,2333.050058403798,13.398521789004866,11.66525029201899
-126.952657,200,406.203719,0.0,0.37628675124497035,2809.7537983744487,16.130394852679995,14.048768991872244
-98.387739,200,406.328483,0.0,0.21998901429022102,2338.9480335544176,13.028695313001384,11.694740167772089
-55.660078,179,406.439046,1.0,0.04546186015142467,2200.1141978399996,12.593940821710596,12.291140770055863
-90.485675,200,406.563089,0.0,0.19140529472591805,2588.413720169443,14.7465142033688,12.942068600847215
-63.578363,200,406.686489,0.0,0.1068282609809987,2147.131249406147,12.030654886911375,10.735656247030736
-115.737687,200,407.137596,0.0,0.2651501251669888,2392.822688825534,13.131618138267475,11.964113444127669
-50.237804,177,407.26563,1.0,0.04702617970727171,2215.0767550282344,13.273063734682996,12.514557938012624
-74.654948,200,407.393168,0.0,0.06655545244608702,2571.6668152801176,14.746697833460592,12.858334076400588
-38.544185,200,407.522691,0.0,0.3030211488197508,2214.1396542342463,12.418562351650296,11.070698271171231
-100.890111,200,407.648225,0.0,0.19644600549200922,2436.8295208708128,14.015291065516587,12.184147604354063
-33.708055,200,407.772358,0.0,0.3444506144289073,2312.2053225247746,13.032058840292791,11.561026612623873
-103.399661,200,407.900908,0.0,0.2040025693494202,2673.870798619738,15.285524621402796,13.36935399309869
-32.410724,200,408.025205,0.0,0.27398031395044387,2318.317807876016,13.53426172247638,11.59158903938008
-84.267195,200,408.151336,0.0,0.12014254857152865,2429.9743753662597,14.59841882735747,12.149871876831298
-24.800038,131,408.235346,1.0,0.04731400687659471,1637.7389591602284,9.418897004999303,12.501824115726935
-117.056316,200,408.696382,0.0,0.29011643332045056,2725.053259418069,15.933202651067766,13.625266297090345
-25.213671,122,408.786898,1.0,0.04996603289187696,1197.8088662007742,6.804671333974067,9.818105460662084
-88.669118,200,408.92943,0.0,0.11199782584154339,2567.5739292765957,14.521302099509668,12.837869646382979
-71.43156,200,409.057525,0.0,0.05030450573260118,2354.279349186006,13.549241276697964,11.77139674593003
-93.778429,200,409.180048,0.0,0.1618831843269077,2551.652295418423,13.942953520663547,12.758261477092114
-9.865495,85,409.23305,1.0,0.04895243613617999,1205.5056224732657,6.843137920801509,14.182419087920772
-39.085381,200,409.359398,0.0,0.3719665818451368,2323.472196197015,13.705113920948126,11.617360980985074
-41.210433,200,409.485988,0.0,0.3842029281340965,2304.707070444662,12.925586209680135,11.523535352223309
-117.150981,200,409.607555,0.0,0.28515066084246454,2299.6408892163413,13.136512572889803,11.498204446081706
-61.481093,200,409.73411,0.0,0.06789279548076328,2555.8760759378392,14.712397971938461,12.779380379689195
-101.075972,200,409.855126,0.0,0.2240524457908662,2657.5416945261045,15.002975550806811,13.287708472630522
-8.437572,32,409.875131,1.0,0.04010245306086977,31.85539705260473,0.2590345082954354,0.9954811578938978
-93.343346,200,410.325208,0.0,0.18625650042261427,2490.3665655798386,14.389194903268177,12.451832827899192
-54.557535,181,410.459236,1.0,0.047941944229254845,2579.418366922371,14.691961626862984,14.250930203991
-50.694199,179,410.589364,1.0,0.049399937017280356,2023.4609919883114,11.607210891725932,11.304251351890008
-92.875667,200,410.716896,0.0,0.1555413799913982,2467.4504171457156,13.70995440605728,12.337252085728577
-78.733967,200,410.845457,0.0,0.13074795022364105,2234.4062535543367,13.072660024550066,11.172031267771683
-92.947,200,410.974453,0.0,0.19212887398952513,2315.5954698806286,13.294504404165725,11.577977349403143
-75.424018,200,411.098996,0.0,0.12296145257924827,2454.776432238242,13.99386210462123,12.273882161191208
-23.778828,110,411.165764,1.0,0.04982105320138209,1200.3360453043622,7.15737878305235,10.912145866403293
-43.31574,165,411.270843,1.0,0.04518351910377237,1662.6966953112012,9.930673798832528,10.076949668552734
-18.550629,120,411.344844,1.0,0.04614959534248443,1520.3619589310479,8.910824512180502,12.669682991092065
-36.800467,200,411.467847,0.0,0.33595276296025595,2501.577794256133,13.94828554466642,12.507888971280666
-98.422138,200,411.593382,0.0,0.1895434146039968,2643.083725289396,15.061636259725338,13.215418626446981
-57.865171,200,412.041697,0.0,0.05586824568029614,2559.3376583968484,14.652948468967118,12.796688291984243
-106.570889,200,412.184958,0.0,0.22192527437074994,2952.950126243556,16.47688975021335,14.76475063121778
-43.332636,167,412.298482,1.0,0.04647583697817325,2202.602480912143,12.962377490665807,13.189236412647563
-84.356738,200,412.428004,0.0,0.1276405797556451,2675.382039168967,15.929672366022231,13.376910195844834
-111.830718,200,412.560107,0.0,0.2597594132637352,2850.006562903851,16.153030091014354,14.250032814519255
-20.924623,119,412.634076,1.0,0.04782515003866717,1387.039411031168,8.093215046715496,11.655793370009814
-143.470129,200,412.762165,0.0,0.41468923984181844,2638.727483743759,14.72353756081085,13.193637418718795
-105.535053,200,412.885691,0.0,0.21874772508280704,2575.036962556498,14.592446825958758,12.875184812782491
-45.736871,171,412.994241,1.0,0.049615740379363026,1932.6982234130307,11.806961185387232,11.30232879188907
-17.142389,102,413.060741,1.0,0.046041865159085545,1005.1902389364161,5.707455280257273,9.85480626408251
-113.93795,200,413.189223,0.0,0.2769158892667256,2387.0524872472815,14.034263402395347,11.935262436236407
-15.359088,109,413.25976,1.0,0.047442753687505806,1275.9969679410278,7.454487042236015,11.706394201293833
-71.477282,200,413.722572,0.0,0.05562873300959375,2570.603789640122,14.755673101721223,12.85301894820061
-79.913066,200,413.861566,0.0,0.08952481586820565,2522.309321466944,14.16766784942979,12.61154660733472
-36.779811,150,413.959106,1.0,0.04756905283287277,1748.9068134441688,10.111505797620017,11.659378756294458
-84.362519,200,414.085664,0.0,0.12866377879399163,2487.9151401446316,13.586788511473639,12.439575700723157
-97.194839,200,414.210173,0.0,0.24298516465313608,1958.1030468138272,11.334351038150658,9.790515234069137
-94.890894,200,414.33359,0.0,0.1693244332804559,2584.4380923480726,14.5729960764708,12.922190461740364
-104.54395,200,414.46165,0.0,0.22300804397040885,2640.1201632730335,15.266410043785745,13.200600816365167
-47.864071,174,414.566642,1.0,0.04986643743012092,2083.063896435871,12.125185216996345,11.971631588711901
-72.232705,200,414.694199,0.0,0.06340890534216588,2472.942343404438,14.341322453263057,12.364711717022189
-38.888022,168,414.79677,1.0,0.04700725136800791,2306.9229504916634,13.592914528627738,13.731684229117045
-43.240233,164,414.900268,1.0,0.046628869982154854,2041.0739281521237,11.246242418084039,12.4455727326349
-39.806192,168,415.337472,1.0,0.04947497878595797,2203.95981330843,12.794397742462268,13.118808412550178
-82.843938,200,415.481492,0.0,0.11439814220015258,2659.8909336173415,14.914992720971668,13.299454668086707
-60.611443,200,415.612068,0.0,0.1031490487492716,2176.1742761710752,12.99849684474368,10.880871380855377
-119.020798,200,415.738664,0.0,0.355942599245437,2588.111765608045,14.220786587291,12.940558828040226
-45.186784,200,415.86273,0.0,0.3741886295556913,2419.5292241198654,13.515085375837751,12.097646120599327
-80.857768,200,415.988234,0.0,0.09653619189281142,2793.5613364196147,15.480002274575027,13.967806682098074
-18.986088,110,416.058768,1.0,0.04619991071281383,1269.4457920223188,6.799830096959261,11.540416291111988
-47.725222,168,416.166274,1.0,0.04899552875913669,2244.199379601533,12.835576737196053,13.358329640485316
-8.225213,62,416.203271,1.0,0.0498079192366276,431.02579415830866,2.5863636610456022,6.952028938037237
-54.536618,200,416.329827,0.0,0.10405027091441178,2200.3360651499506,12.903132915337345,11.001680325749753
-44.295599,170,416.434296,1.0,0.04573695273076939,2170.0874127587085,12.233008562731653,12.765220075051227
-107.723687,200,416.861901,0.0,0.24381159739849087,2505.6760119165456,14.539961139191165,12.528380059582728
-33.433089,148,416.965407,1.0,0.04717100613344476,1809.4529416928312,10.13901273279707,12.226033389816427
-113.753123,200,417.108053,0.0,0.2678464690780193,2512.0840015103668,14.283023865865049,12.560420007551834
-124.071907,200,417.23966,0.0,0.34233302096020446,2430.1807687653713,14.152015816969584,12.150903843826857
-23.880722,128,417.3182,1.0,0.047714230964840045,1691.1461018948087,9.97729310278185,13.212078921053193
-26.578053,138,417.407723,1.0,0.04947964896169236,1672.7923455517202,9.228458706304924,12.121683663418263
-41.377911,158,417.509181,1.0,0.049638313986134754,1938.3238536167253,11.445304822510982,12.267872491245097
-78.248688,200,417.639719,0.0,0.18180919686146155,2226.6478144422317,13.213805361646642,11.13323907221116
-120.548984,200,417.764826,0.0,0.3425691741273444,2593.9040883810617,14.867139650328713,12.969520441905308
-131.831367,200,417.891348,0.0,0.37908162151093555,2327.8603862808054,13.106583733338711,11.639301931404027
-16.068678,107,417.960826,1.0,0.04778459677107562,1157.4234161509803,6.484546985954748,10.817041272439068
-114.152627,200,418.08435,0.0,0.3495843003020311,2275.573709413816,12.6816156913624,11.37786854706908
-7.26461,73,418.12835,1.0,0.04974793541992207,1012.5902247307461,5.734238442337285,13.87109896891433
-133.62957,200,418.589895,0.0,0.3652130912608218,2570.281695948646,14.92036225881844,12.85140847974323
-9.927476,93,418.654402,1.0,0.04022510984513156,1223.0643825820468,7.30084058032121,13.151229920237062
-107.761098,200,418.786901,0.0,0.25157431836731226,2470.02166798935,14.060958295074215,12.35010833994675
-123.708254,200,418.914579,0.0,0.32363210752828414,2557.4866491227353,14.467252584137688,12.787433245613677
-24.967296,110,418.984087,1.0,0.04879075099650349,952.6388207349407,5.516260469999072,8.660352915772188
-130.524976,200,419.113616,0.0,0.3766963029164264,2508.316768888775,14.767925433148275,12.541583844443876
-37.169895,200,419.243079,0.0,0.17640924908454744,2332.025487389805,13.577898248850731,11.660127436949026
-35.128354,153,419.343661,1.0,0.049873497136589694,1827.6339602159248,10.908991256932193,11.945320001411273
-95.65109,200,419.471823,0.0,0.20656316510337486,2662.5783095201127,15.959088347174193,13.312891547600564
-34.624665,200,419.598289,0.0,0.204518747812517,2639.2279958511567,14.949300828930323,13.196139979255783
-25.037667,134,419.683808,1.0,0.04871061937922944,1327.1996861547464,7.650162293022397,9.90447526981154
-8.209172,35,419.706812,1.0,0.049436173168529794,125.17923949688118,0.7742226459213069,3.576549699910891
-69.579148,200,419.834367,0.0,0.09226889108005817,2391.146886318447,14.421583780062956,11.955734431592234
-87.371129,200,420.288811,0.0,0.20816841151814183,2136.6578933770447,12.508500674480073,10.683289466885224
-82.591246,200,420.421353,0.0,0.16801129637766488,2213.916562373485,12.813542236636273,11.069582811867424
-33.640488,145,420.510889,1.0,0.04602502690188463,1334.2649767583966,8.040473397207974,9.201827425919976
-40.436053,159,420.615369,1.0,0.045938297103599465,1996.8005706206143,11.546828159408783,12.558494154846631
-95.303589,200,420.741264,0.0,0.2410475446122461,2926.7934371972133,16.492238523030803,14.633967185986066
-48.497009,170,420.852761,1.0,0.0496449213842424,2165.363097561686,12.57406115544006,12.737429985656977
-43.460565,165,420.959801,1.0,0.04939796419795384,2338.19139595836,13.34998787018157,14.17085694520218
-101.846263,200,421.089278,0.0,0.21358668821886734,2598.6477218751015,15.401138496265068,12.993238609375508
-103.605565,200,421.216296,0.0,0.23838588711240524,2625.3027321802983,15.402739996214482,13.126513660901491
-55.996669,197,421.342864,1.0,0.0425835270011445,2482.647857036988,14.173554037327408,12.60227338597456
-138.495632,200,421.472368,0.0,0.39955652799502955,2625.2071046494925,14.752714764328559,13.126035523247463
-126.945564,200,421.938999,0.0,0.3302427497783775,2472.657563171998,14.281115973911595,12.363287815859989
-46.836817,200,422.079051,0.0,0.17499569774373616,2088.416741093834,12.35167769504508,10.44208370546917
-40.581366,158,422.181616,1.0,0.04814611951847003,1831.814488534731,10.186618962259603,11.593762585662855
-45.029715,200,422.307169,0.0,0.18588158577185215,1981.838357754566,11.604795988609498,9.90919178877283
-26.137697,128,422.388709,1.0,0.04707664026991708,1309.0722457426716,7.522576842183314,10.227126919864622
-32.939444,146,422.479242,1.0,0.048858568643374914,1878.6901492893944,10.41555484886364,12.867740748557496
-116.466724,200,422.604814,0.0,0.3182832464065895,2312.660497575661,13.53737206899763,11.563302487878305
-11.485393,82,422.656362,1.0,0.04646708060038508,1105.8441538835445,5.987664834938615,13.485904315652983
-20.917052,134,422.738378,1.0,0.04924705917861947,1653.5726465780417,10.20963343202295,12.340094377448073
-84.069412,200,422.864439,0.0,0.11669784095393636,2821.735723209748,16.802372684129807,14.10867861604874
-46.386476,168,422.971787,1.0,0.04924277526417195,2012.9077219382507,11.764023282228825,11.981593582965777
-109.079911,200,423.099349,0.0,0.3066778289571111,1970.9112459578348,11.440268209490291,9.854556229789175
-82.817362,200,423.536426,0.0,0.14321370475113498,2196.6042128638146,12.321642839056882,10.983021064319074
-22.422371,117,423.629521,1.0,0.04799041001719732,1530.4908523553106,8.93002785598991,13.081118396199235
-52.354637,200,423.765661,0.0,0.14918058116205116,2129.879073153246,12.080576516863749,10.64939536576623
-57.713105,200,423.892785,0.0,0.07638191424434994,2741.2751084202546,16.060026128271115,13.706375542101274
-7.789267,71,423.939787,1.0,0.04762400086296132,1057.6464364808503,5.56318638564737,14.896428682828878
-36.937791,200,424.068833,0.0,0.19295483727055546,2450.035580603602,14.450725134722047,12.25017790301801
-70.472164,200,424.196292,0.0,0.15822338615563755,1922.822028762776,10.943170303163415,9.61411014381388
-15.709431,88,424.252301,1.0,0.04788020728879621,897.2175737805514,5.136177649434308,10.195654247506267
-35.048107,200,424.379091,0.0,0.24138964839780697,2073.7092255839448,12.340274428353105,10.368546127919723
-108.999148,200,424.505585,0.0,0.23659348170714345,2776.057354159544,15.988340655567502,13.88028677079772
-117.674907,200,424.630843,0.0,0.31036530834629134,2273.164951951812,12.718675298447558,11.36582475975906
-140.804795,200,424.757372,0.0,0.4060579306972876,2540.852113330076,14.871695512118643,12.70426056665038
-117.071056,200,425.212895,0.0,0.3040144094022344,2813.78191447236,16.147511609516084,14.068909572361799
-10.683961,82,425.270404,1.0,0.048132965136667434,854.9098968140642,4.872131140819659,10.425730448952002
-137.617152,200,425.403895,0.0,0.40098189633032905,2448.543293809587,14.108815225573686,12.242716469047934
-41.222014,200,425.532421,0.0,0.40159460980212214,2300.30252539163,13.630337285822652,11.50151262695815
-67.813379,200,425.66055,0.0,0.09892845424537292,2379.2636392168574,13.598676511868298,11.896318196084287
-15.816051,114,425.731322,1.0,0.048778241462679485,1383.4243015004674,8.070391323072784,12.135300890354978
-20.874196,104,425.797839,1.0,0.04871029740940259,972.4006599969342,5.859129538548383,9.350006346124367
-49.378465,178,425.911541,1.0,0.04814205631810168,2303.6263645832887,13.311719288547962,12.94172114934432
-88.731067,200,426.037691,0.0,0.21263498431109426,1931.7438341099391,11.433517757694645,9.658719170549695
-79.394573,200,426.158212,0.0,0.16053193880564703,2247.95932638039,13.17488010291994,11.23979663190195
-44.100273,182,426.273215,1.0,0.049937252835610436,2159.7080412843643,12.391746618534551,11.866527699364639
-9.027129,33,426.295216,1.0,0.03893242584165386,31.871767337927864,0.25919820990708564,0.9658111314523595
-86.445147,200,426.727341,0.0,0.20512780872504677,2188.6287515374706,13.095637309247488,10.943143757687354
-24.121706,137,426.823385,1.0,0.04552241515746023,1657.6669838268008,10.086103419022695,12.099759006035042
-7.134203,72,426.873897,1.0,0.04752549072167915,975.7987775444457,5.508664010151513,13.552760799228412
-27.994613,131,426.964419,1.0,0.04982890120162762,1500.8087625163912,8.643522037242747,11.456555439056421
-58.783606,188,427.084947,1.0,0.049303835963018586,2625.7531410171287,14.698998568965667,13.966772026686854
-7.944812,31,427.105962,1.0,0.049739728797868324,96.03960211817319,0.591346160380539,3.0980516812313934
-39.857265,146,427.197478,1.0,0.04943279503642604,1613.116844006797,8.974328763114082,11.04874550689587
-115.835355,200,427.325026,0.0,0.29483749828226924,2761.4635626337918,15.444797130665137,13.80731781316896
-36.662871,200,427.453535,0.0,0.3709798233019418,2490.1224924967714,14.565875149646851,12.450612462483857
-96.347543,200,427.581573,0.0,0.1773388466995504,2546.923448795835,14.94553066863013,12.734617243979176
-67.791253,200,427.708103,0.0,0.05339751111782149,2577.008032835298,14.53416553948829,12.88504016417649
-13.507902,93,427.764622,1.0,0.04612436449085352,1150.449823157262,6.697142676357998,12.370428205992065
-145.982587,200,427.885494,0.0,0.42243273394699266,2755.7366100706076,15.509437748049915,13.778683050353038
-120.662853,200,428.015258,0.0,0.33319567236973047,2265.970489246011,12.869699931903762,11.329852446230054
-137.716113,200,428.470654,0.0,0.5093925648817412,2632.066336840704,15.36155972991895,13.16033168420352
-100.846771,200,428.610167,0.0,0.20555599908671457,2363.0062400090374,12.913511410157698,11.815031200045187
-32.863665,142,428.700691,1.0,0.04239301232446682,1415.5903108362847,8.54587707814646,9.968945850959752
-92.936617,200,428.833247,0.0,0.1829162534661169,2106.7404768738006,12.227298163195304,10.533702384369002
-128.743363,200,428.95581,0.0,0.36867301861041196,2410.3964193228835,13.206086631966807,12.051982096614417
-124.043293,200,429.08086,0.0,0.34444750749682396,2825.8169124766832,16.019337857452648,14.129084562383417
-97.720331,200,429.20737,0.0,0.18080176938016346,2843.2087676013375,15.983433721521603,14.216043838006687
-10.552075,89,429.264887,1.0,0.04949447511791745,1147.7949990304016,6.677271518515825,12.896573022813502
-69.31842,200,429.392417,0.0,0.09413318858034339,2390.0127134099116,13.430430266218059,11.950063567049558
-97.064473,200,429.520947,0.0,0.19690776461026066,2251.0899277282356,12.799642739140603,11.255449638641178
-114.997779,200,429.649334,0.0,0.3214904083484475,2347.326420524725,13.375856101346093,11.736632102623625
-74.640922,200,430.113915,0.0,0.12887436076933365,2570.2930323212413,14.865668746800266,12.851465161606207
-14.265676,108,430.20528,1.0,0.048374721664347864,1527.905059760025,8.809938202467775,14.147269071852085
-93.037565,200,430.33703,0.0,0.1766619033250981,2340.5384528211803,13.850209745068485,11.7026922641059
-32.159298,200,430.467088,0.0,0.30809387177121456,2459.632705309316,14.190482106031798,12.29816352654658
-25.851124,136,430.557097,1.0,0.048246131821882414,1572.4735137794019,9.487729642011894,11.562305248377955
-46.29348,163,430.663142,1.0,0.04605122512038139,1810.27951560665,9.960263016513029,11.106009298200307
-45.938141,200,430.788657,0.0,0.4118463479125204,2541.3973059070163,14.650054323558791,12.706986529535081
-35.625549,138,430.875187,1.0,0.049386845503834785,1672.544493623856,9.469254814750972,12.119887634955479
-90.792408,200,431.003716,0.0,0.1591012535891964,2485.3283298729634,13.784063115357768,12.426641649364818
-55.862584,200,431.132836,0.0,0.12792066661823584,2131.920582770441,12.224664913491004,10.659602913852204
-28.478136,146,431.225365,1.0,0.04803517818495444,1721.225663351815,10.439864508066236,11.789216872272705
-34.591234,200,431.348902,0.0,0.26411326950593905,2096.6425141372683,12.6565108612353,10.48321257068634
-31.574028,200,431.821477,0.0,0.32778762333222333,2392.1708962766525,14.157154983132726,11.960854481383262
-38.019554,200,431.96452,0.0,0.3767299553624761,2337.6265982275327,13.958155944337229,11.688132991137664
-14.541779,85,432.021523,1.0,0.048858325112996925,766.9241449142535,4.507639626299358,9.022636998991217
-73.512439,200,432.145038,0.0,0.09872272996497494,2611.168440904159,14.812844366351761,13.055842204520795
-39.958386,164,432.247568,1.0,0.047107027609856016,2030.0567882408168,11.647344621978291,12.378395050248884
-26.886993,132,432.328093,1.0,0.04774773891458998,1791.7735998183225,9.992342454271894,13.57404242286608
-24.586875,114,432.401627,1.0,0.0492187745631282,1285.0010609698727,7.2368612530332985,11.271939131314673
-30.577619,143,432.495591,1.0,0.049707086958986436,1815.5861535357144,10.65649244312713,12.696406668081918
-96.291311,200,432.625717,0.0,0.1860240092696772,2494.19033798354,14.454557472783975,12.4709516899177
-25.001306,116,432.701242,1.0,0.04688591409085704,1144.049748766595,6.526679836605428,9.862497834194786
-51.393081,181,432.815467,1.0,0.0433954847775109,2118.9008136298266,12.34360347781279,11.706634329446556
-115.552454,200,432.940985,0.0,0.27796151291996984,2384.5034230800907,13.709356078236564,11.922517115400453
-28.30609,136,433.337274,1.0,0.04178738549943418,1249.3174334905523,7.292499951881473,9.186157599195237
-56.166344,200,433.477294,0.0,0.12096575052463096,2418.616618267772,13.162476241888724,12.09308309133886
-22.178094,112,433.557302,1.0,0.048318946172321055,1046.6108773090125,6.34707177731601,9.344739975973326
-76.497274,200,433.689325,0.0,0.08240464706824613,2764.3328749655884,15.816180646108585,13.821664374827941
-66.188511,200,433.815846,0.0,0.10513217549560995,2436.70088277449,13.582209342100867,12.183504413872448
-26.240141,133,433.898008,1.0,0.046136730257753375,1585.037068724029,9.160238496020714,11.917571945293451
-44.336619,200,434.027497,0.0,0.3827986728882413,1992.9226330131105,11.399096553373191,9.964613165065552
-108.752436,200,434.152045,0.0,0.2385250843908732,2736.9392344341504,15.65984207486349,13.684696172170753
-99.79387,200,434.279079,0.0,0.24134231275320092,2253.917994779733,12.888684384225996,11.269589973898665
-41.481864,161,434.378621,1.0,0.04804739523691842,2028.0216148734278,11.631621190463841,12.596407545797689
-41.788328,165,434.486141,1.0,0.04845204159306465,1924.435199847969,11.18168213224654,11.663243635442237
-12.697861,94,434.548169,1.0,0.048882010313149205,1231.36450386616,6.943803124518011,13.099622381554894
-109.222701,200,434.982695,0.0,0.2599918869370775,2140.6908500151762,11.987652286571675,10.70345425007588
-34.823249,200,435.141208,0.0,0.4084199329553894,2467.850698533714,13.701471656432272,12.33925349266857
-110.623435,200,435.277094,0.0,0.292205547836325,2395.726399271856,13.548081479067417,11.97863199635928
-35.268986,154,435.377634,1.0,0.04751420010117935,1485.2439228757216,8.503950241766278,9.644441057634555
-15.856605,99,435.439633,1.0,0.04865500354455274,998.7388994648895,5.828094982459702,10.088271711766561
-15.531384,103,435.503155,1.0,0.04875878435282607,1440.5388524816585,8.385712970728687,13.985814101763674
-31.691962,132,435.584685,1.0,0.04873047113372962,1488.4805626964223,8.051033945352586,11.276367899215321
-30.957107,142,435.6762,1.0,0.04742480622543935,1507.6191455914782,8.684148690447687,10.617036236559706
-80.082586,200,435.804732,0.0,0.11210302460767932,2328.9271648280264,13.158748341231599,11.644635824140131
-76.626566,200,435.926275,0.0,0.13324753829320815,2216.276028315643,12.319132584694808,11.081380141578215
-64.849913,200,436.054844,0.0,0.09173782922722165,2579.906441859574,14.84529049215495,12.89953220929787
-20.513594,125,436.136376,1.0,0.04931043729094958,1525.977809822182,8.649660071320723,12.207822478577457
-94.164911,200,436.26448,0.0,0.1614741184932246,2574.8933132873976,14.442845866102699,12.874466566436988
-38.672215,152,436.697529,1.0,0.04908121895855154,1738.937140709355,9.820468725555406,11.44037592571944
-5.207109,25,436.71553,1.0,0.043847718764112587,31.74080505534277,0.25788859701388345,1.2696322022137108
-68.12246,200,436.875365,0.0,0.05444903607953083,2703.2233739888106,15.60066815592646,13.516116869944053
-109.055163,200,437.003894,0.0,0.27715130904094426,2288.4751939108405,12.81602653320563,11.442375969554202
-55.785042,200,437.12841,0.0,0.10173101164073886,2336.3391425307723,13.529050659714592,11.68169571265386
-62.215008,200,437.255932,0.0,0.13618181762961032,2164.0219066544796,12.311852953624628,10.820109533272397
-32.92474,151,437.354455,1.0,0.047367290922658324,1934.7101721214303,10.74515067455721,12.81265014649954
-83.932818,200,437.482578,0.0,0.17129122440073058,2380.247039733529,13.003253461728745,11.901235198667646
-46.814834,181,437.599109,1.0,0.045777401277412165,1910.0852040648442,11.010262262682204,10.552956928535052
-82.372998,200,437.731635,0.0,0.13317239193462324,2837.551959608222,15.885658062742092,14.18775979804111
-11.9266,86,437.787153,1.0,0.04923238029058592,937.6724863344862,5.597463119400211,10.90316844574984
-120.351556,200,437.909662,0.0,0.3240254829550281,2208.666911666982,12.311032027888858,11.043334558334909
-125.75875,200,438.338561,0.0,0.34218987691213826,2406.227761015627,13.265039384970965,12.031138805078136
-38.019054,157,438.453087,1.0,0.04860995538580258,1920.7705486532122,10.830420925219537,12.234207316262498
-23.479546,110,438.528596,1.0,0.04966075314953644,1029.8579913456372,5.849502338230928,9.36234537586943
-109.068705,200,438.660133,0.0,0.25987391084844946,2763.0309424600855,15.89122397459833,13.815154712300428
-71.212846,200,438.784161,0.0,0.05525558445089064,2766.4855949336747,15.56273540466643,13.832427974668374
-19.909282,107,438.855173,1.0,0.04845298627229431,871.3691241026334,5.029539501591727,8.143636673856387
-142.13782,200,438.987355,0.0,0.41062895877604694,2400.5620912859454,13.825576771322897,12.002810456429726
-40.792326,200,439.113508,0.0,0.16882192113755282,2348.5862941491873,13.312503525248534,11.742931470745937
-131.343088,200,439.236031,0.0,0.3733495626945337,2897.6414625040293,16.298631028623692,14.488207312520146
-28.773332,143,439.323957,1.0,0.04906282094125312,1502.417267035783,8.779618246160762,10.506414454795685
-147.76111,200,439.451487,0.0,0.49259580127481556,2352.4380444487592,13.934305380769908,11.762190222243795
-10.421815,89,439.509006,1.0,0.04708798181012784,938.9234490933276,5.260313967207126,10.549701675205927
-34.650613,156,439.609112,1.0,0.043325999292960854,1718.5821646503446,9.758388780094078,11.016552337502208
-28.914126,137,440.027175,1.0,0.04767204981369527,1836.213522669092,10.852450376233135,13.403018413643007
-88.796101,200,440.172197,0.0,0.2096210047874396,2090.8668837833407,11.731906503139859,10.454334418916703
-103.771761,200,440.298728,0.0,0.22441056156306952,2797.9457852452942,15.986333759090417,13.989728926226471
-42.152244,166,440.404251,1.0,0.04171946953101373,1841.8214135499697,10.66252938416864,11.095309720180541
-70.767443,199,440.526773,1.0,0.049511393172159975,2746.210197442692,15.755420582115155,13.800051243430612
-48.933488,175,440.639355,1.0,0.04904718842516726,2084.202761637586,11.861208851141189,11.90973006650049
-136.956105,200,440.762352,0.0,0.3857988775945493,2523.642391803733,14.331218699220987,12.618211959018666
-12.018715,104,440.829871,1.0,0.04608448459798726,1390.2862636619654,8.378138356445415,13.368137150595821
-53.757144,181,440.940336,1.0,0.04688151437506984,2336.865693332689,13.40580115060697,12.910860184158501
-114.465313,200,441.064381,0.0,0.28078899733896723,2380.7656607213426,12.88913136057599,11.903828303606712
-13.560681,103,441.133391,1.0,0.04904637275788903,1231.6922380955177,6.861074844943633,11.95817706888852
-73.951368,198,441.584302,1.0,0.0490987144837897,2391.83391131307,13.884394289232459,12.07996924905591
-49.253758,166,441.701817,1.0,0.049502712842472096,2089.761007738922,12.018716852877919,12.588921733367002
-70.106905,200,441.832334,0.0,0.06115078588075274,2502.59217326635,14.442215215128527,12.51296086633175
-59.144321,187,441.958866,1.0,0.04800246088863804,2122.1284666276933,12.384946922705032,11.348280570201569
-34.308099,200,442.089749,0.0,0.26103452754272644,2677.685723301619,15.444561864802871,13.388428616508095
-33.186454,200,442.219277,0.0,0.3460844362890828,2514.327903743697,14.560557983073537,12.571639518718484
-26.081762,140,442.308795,1.0,0.04667701824134698,1599.5887622245502,8.987145077826767,11.425634015889644
-28.548205,135,442.396313,1.0,0.0484683989050274,1503.1102819894313,8.571661875142736,11.134150236958751
-30.803128,150,442.492819,1.0,0.04920005265564806,1869.3544818612672,10.303756233945466,12.462363212408448
-75.491238,200,442.617337,0.0,0.06225274901962819,2524.64113620312,14.668746293174673,12.6232056810156
-99.759153,200,442.741879,0.0,0.2030784692828975,2296.4603610827457,13.546864963882667,11.482301805413728
-58.920805,188,442.858397,1.0,0.04885699062075286,2382.0363895178216,13.78110709184666,12.670406327222455
-36.095149,152,443.285977,1.0,0.048718622893798406,2039.9414431394055,11.573798427933546,13.420667389075035
-37.628983,200,443.445341,0.0,0.3602827897443341,2425.7255335117347,14.171665437301789,12.128627667558673
-15.384249,106,443.515459,1.0,0.04973925576166865,1263.704809624071,7.276324458957487,11.921743487019537
-124.511398,200,443.647994,0.0,0.3157832494262865,2766.23879426591,15.761896952751439,13.83119397132955
-116.113632,200,443.773042,0.0,0.2640018285376526,2267.9749894155193,13.191348560614337,11.339874947077597
-100.706619,200,443.902566,0.0,0.19010727787679357,2730.677230780572,15.188138551874758,13.65338615390286
-142.068987,200,444.026077,0.0,0.415370543332192,2777.6504769635276,15.50172662576767,13.888252384817639
-7.354463,29,444.045078,1.0,0.04844740231235727,31.80628619663531,0.2585434034604845,1.0967684895391485
-143.400132,200,444.175129,0.0,0.4025529351791528,2595.3284582343545,14.627232983455821,12.976642291171773
-33.346658,200,444.304653,0.0,0.2936634967007489,2615.517133213185,15.028928475547085,13.077585666065925
-69.22131,200,444.432173,0.0,0.10794946615123682,2404.4706082402913,13.230065126157411,12.022353041201457
-33.220372,200,444.56071,0.0,0.2354890559300514,2567.0408323236534,14.614073021027217,12.835204161618266
-83.147896,200,445.018401,0.0,0.12518130566705593,2485.698890225262,13.827810020010197,12.42849445112631
-55.417973,179,445.144933,1.0,0.048647745916252316,2446.0517301972745,13.873316594371822,13.665093464789242
-76.301598,200,445.278084,0.0,0.06127488323695056,2674.845218490141,14.970350943535143,13.374226092450705
-62.511367,190,445.397634,1.0,0.04761540500409262,2624.000878618136,14.908560531780475,13.810530940095454
-110.754386,200,445.528233,0.0,0.24087794368566326,2595.934705619907,14.991246803772063,12.979673528099536
-111.569151,200,445.657197,0.0,0.2361429615675233,2531.5323081875063,13.99056927651715,12.657661540937532
-28.588527,200,445.787295,0.0,0.3412929874803732,2754.882453710547,16.139276433106083,13.774412268552735
-31.302028,130,445.871849,1.0,0.04801111247173731,1328.1792752119657,7.6467384137645045,10.216763655476658
-41.309117,160,445.975356,1.0,0.046686035107413065,2031.596355926054,11.888582951762892,12.697477224537838
-53.992526,178,446.084879,1.0,0.04925414714712939,2409.7832690416426,13.700515665586536,13.538108253042935
-28.913309,138,446.170926,1.0,0.046526926477707294,1802.649822358916,10.04704663260518,13.062679872166058
-29.518587,200,446.613987,0.0,0.33737075069421896,2743.7203300350325,15.584939747333387,13.718601650175163
-39.194402,147,446.712495,1.0,0.04682936018280205,1650.7122173604832,9.483040901320633,11.229334811976077
-36.114278,200,446.847013,0.0,0.20492944036398358,2426.2536810004017,13.504285389171807,12.13126840500201
-45.220892,169,446.954541,1.0,0.04558858665885668,2078.6055950261457,11.539902621958246,12.299441390687253
-15.58639,104,447.02306,1.0,0.04890475467601712,1165.1581764951202,6.6206869261531445,11.20344400476077
-67.573134,200,447.145593,0.0,0.05674352459381671,2578.279274795504,14.786666086416009,12.891396373977521
-31.257049,200,447.275643,0.0,0.24141483550100692,2777.278652395133,15.230068020519939,13.886393261975666
-36.760328,200,447.403158,0.0,0.40589523877016737,2361.404901604644,13.596897043470326,11.807024508023218
-42.773246,176,447.517323,1.0,0.04569968395178753,2389.099114485237,13.62467671324709,13.574426786847937
-56.248638,181,447.632852,1.0,0.04639391581923895,2082.6037436512347,11.950347339184866,11.506098031222292
-45.641472,200,447.763706,0.0,0.4104428311821406,2321.036516243954,13.287619290920613,11.60518258121977
-129.180795,200,448.216944,0.0,0.3983341595039022,2950.1977727553303,16.42321983593025,14.750988863776652
-13.127075,100,448.294465,1.0,0.04572099321690868,1116.6272201250824,6.636660215939811,11.166272201250825
-52.288965,180,448.421978,1.0,0.04828876422705173,2394.840000337134,13.524273855003667,13.304666668539634
-29.135877,146,448.517494,1.0,0.04813038728602541,1839.5419061823493,10.521705042598452,12.599602097139378
-68.568858,194,448.638054,1.0,0.04933705498988073,2516.1792161785816,14.230171004683141,12.969995959683411
-111.581112,200,448.762598,0.0,0.24824554337858382,2557.076822339821,14.296857612259119,12.785384111699104
-7.727822,78,448.812109,1.0,0.040920219712679735,895.5060692611513,5.205303964657671,11.480847041809632
-70.348691,199,448.940143,1.0,0.0488153792840822,2554.479554943086,14.474011637892914,12.83658067810596
-105.325634,200,449.067177,0.0,0.2298261856101412,2517.3816634307163,13.88398977397998,12.586908317153581
-34.201415,150,449.163195,1.0,0.04665258025908536,1848.0045715289184,10.396998584409214,12.320030476859456
-7.096939,30,449.182713,1.0,0.04485533012124082,31.822656481958454,0.25870710507213485,1.0607552160652818
-107.82249,200,449.306222,0.0,0.2232556301684302,2440.473668339063,14.273880221925804,12.202368341695314
-88.998994,200,449.427775,0.0,0.16701249963026388,2339.9365662281684,13.193645767081387,11.699682831140843
-36.35901,200,449.867657,0.0,0.3714665808928009,2339.0147782134263,13.225908922687394,11.695073891067132
-53.371173,177,450.01534,1.0,0.049318549376661705,2500.139473217329,13.831502608547817,14.125081769589428
-5.630612,59,450.05497,1.0,0.049346252057155246,753.4073857462859,4.4018964534023475,12.769616707564166
-27.867107,138,450.14849,1.0,0.048301967395632334,1816.794488223637,10.272644473774681,13.16517745089592
-37.577624,149,450.240678,1.0,0.04872585339246928,1676.0846137415192,9.42289638331181,11.248890025110867
-82.053776,200,450.367738,0.0,0.11741097440778428,2953.9906848542914,16.413832520120195,14.769953424271456
-35.876818,200,450.489263,0.0,0.26582680196131575,2344.4951899927937,13.045594306669962,11.722475949963968
-125.060974,200,450.611786,0.0,0.3176935993175514,2733.862145433122,15.822772200879271,13.669310727165609
-131.645265,200,450.737331,0.0,0.32174362107624216,2709.2800719366815,15.49086726322691,13.546400359683407
-35.012521,200,450.864851,0.0,0.3512424364344761,2452.038495038595,13.511784514055005,12.260192475192975
-37.957388,157,450.960369,1.0,0.04521947106135759,1654.0119401585873,9.343884137430907,10.535107899099282
-46.647016,179,451.077412,1.0,0.04726887443366598,2319.436881266482,13.244022966873038,12.957747940036212
-104.528752,200,451.502457,0.0,0.20812326906861423,2606.7426324943885,14.351278002997107,13.033713162471942
-141.814401,200,451.650397,0.0,0.40190588023240076,2751.8108427773896,15.636529170198164,13.759054213886948
-122.181887,200,451.781428,0.0,0.296345333183415,2630.3973101230335,14.999868884396635,13.151986550615169
-83.272146,200,451.913948,0.0,0.10464995546086746,2556.430269168408,14.657492296542413,12.78215134584204
-18.194891,111,451.986466,1.0,0.049516286179550804,1507.640501086549,8.535756429207742,13.582346856635576
-5.555806,26,452.004467,1.0,0.04773754776345069,34.78439373516165,0.2875414980302273,1.3378612975062174
-39.752791,200,452.133552,0.0,0.40505740986543937,2541.690353085749,14.293066199651225,12.708451765428745
-75.101731,200,452.259298,0.0,0.09821871155518805,2806.331393514382,16.128618455496255,14.03165696757191
-60.344438,186,452.377339,1.0,0.04499516401401617,2424.8937676502237,13.963755194085405,13.037063266936686
-36.193166,147,452.472867,1.0,0.04886820608397884,1542.9665506965553,8.459986554881054,10.496371093173845
-19.345067,122,452.548865,1.0,0.0438338115507049,1581.1637082472405,9.041867480378796,12.960358264321643
-52.351352,196,452.675911,1.0,0.04874921690235579,2251.849911604452,13.27132198796635,11.489030161247204
-44.087907,200,453.108695,0.0,0.3811581384387268,2316.376158943269,13.30192489709704,11.581880794716344
-29.803492,147,453.206206,1.0,0.04801662938156204,1600.2755944407725,9.342054227113614,10.886228533610698
-28.383103,139,453.298716,1.0,0.04933512548673596,1687.0325022915054,9.716700486763433,12.136924476917304
-42.338551,158,453.40426,1.0,0.04912604608318086,2164.720639203033,12.386785517444334,13.700763539259702
-10.110079,74,453.450262,1.0,0.04899626031028436,648.1338401319347,3.6403996272758086,8.758565407188307
-40.494401,200,453.581285,0.0,0.3665709286052418,2413.4247079527286,13.703918161415169,12.067123539763642
-19.268879,123,453.658287,1.0,0.04749310290568056,1743.8829608528895,9.981606791901639,14.1779102508365
-81.741422,200,453.787347,0.0,0.10766240761127781,2813.4590408053446,15.541413934018482,14.067295204026722
-8.435689,33,453.809343,1.0,0.044728752804556675,31.871767337927864,0.25919820990708564,0.9658111314523595
-100.859575,200,453.933869,0.0,0.21111919661641476,2696.5603994494704,15.5896566641329,13.482801997247352
-109.338514,200,454.065393,0.0,0.21413714470133197,2674.8098049210857,14.827589828433146,13.374049024605428
-39.369983,166,454.172426,1.0,0.0497803724994695,1690.036746979016,10.099728613031052,10.180944258909735
-85.032107,200,454.30604,0.0,0.11536488351125088,2901.295282925268,16.269517646000956,14.506476414626341
-111.519455,200,454.436872,0.0,0.24914472173641686,2838.118754284399,15.701909373337088,14.190593771421995
-35.988756,158,454.880148,1.0,0.044021377298598896,1475.0214021600918,8.834959179569566,9.335578494684125
-93.55203,200,455.025668,0.0,0.17096687877104788,2614.739432435742,14.63237666349288,13.07369716217871
-25.31152,132,455.10919,1.0,0.04782490947464446,1771.9356420416475,9.658082916524524,13.423754863951874
-13.604668,102,455.174731,1.0,0.04321321552944601,1268.6415040564416,7.295026248900647,12.437661804474917
-39.85168,158,455.271575,1.0,0.04759290898135254,1952.5188519903572,11.316430303509108,12.357714253103527
-112.863687,200,455.401105,0.0,0.24154330603510726,2814.438959918167,15.785261450944073,14.072194799590834
-42.990773,169,455.509634,1.0,0.04959146839711341,1934.480299180079,11.741955739379486,11.446628989231238
-93.048877,200,455.639151,0.0,0.14625460258046719,2472.6203880185867,13.962361500952325,12.363101940092934
-78.977886,200,455.766477,0.0,0.10510873765150877,2690.73727956286,15.312864769709686,13.4536863978143
-143.062456,200,455.890498,0.0,0.40292136739183326,2711.2624696764456,15.2359512127307,13.556312348382228
-103.804854,200,456.015029,0.0,0.20505352182018238,2633.0210497176445,14.87961782426771,13.165105248588223
-89.863707,200,456.465032,0.0,0.14909042628013397,2405.1258481193295,13.634760463489108,12.025629240596647
-110.548177,200,456.615996,0.0,0.23954494874997248,2399.0410215158413,12.913774528987556,11.995205107579206
-40.277001,200,456.748511,0.0,0.2912611671220607,2489.9994338256383,14.061391228930297,12.449997169128192
-36.084173,200,456.878559,0.0,0.3397549358332431,2242.270557883843,12.622480436433715,11.211352789419216
-76.858914,200,457.008091,0.0,0.08824198477722892,2631.5136807276767,15.02727731842813,13.157568403638384
-34.084606,146,457.105167,1.0,0.047965381636079954,1738.8864026083602,9.993036946846248,11.910180839783289
-103.844988,200,457.226682,0.0,0.19451376306867854,2399.4821371784515,13.243723742001622,11.997410685892257
-17.491971,108,457.296212,1.0,0.048696210348940866,1372.8076227478377,8.011425704163022,12.711181692109609
-37.124268,200,457.416737,0.0,0.373757060120479,2431.052749648463,14.085471196136773,12.155263748242314
-43.119366,200,457.538264,0.0,0.06821963681428421,2754.029307370861,15.595393494047672,13.770146536854304
-96.161234,200,457.667802,0.0,0.17622659746505584,2819.827081794546,15.860495780438189,14.09913540897273
-43.208142,167,458.0884,1.0,0.045109452722998135,1694.1452986848171,9.8617520469474,10.144582626855193
-93.406638,200,458.227912,0.0,0.20083540508593425,2438.162217347105,14.049038039212654,12.190811086735525
-103.080504,200,458.363432,0.0,0.20402545667756994,2690.4229881221054,14.955867186219889,13.452114940610526
-30.644795,144,458.458921,1.0,0.04757904161528267,1842.4464549214838,10.829250378048132,12.794767048065859
-34.748985,153,458.553435,1.0,0.044254939025102295,1648.5658656769842,9.51060956204603,10.774940298542381
-16.771484,106,458.624953,1.0,0.048687718563312936,1390.9947233632322,7.852156439959162,13.122591729841814
-70.744389,200,458.7623,1.0,0.04867981485599303,2474.8541027830743,13.566866895915963,12.374270513915372
-42.014787,200,458.893004,0.0,0.31355848096420835,2166.723751286338,12.562844569485275,10.83361875643169
-50.618967,166,458.994518,1.0,0.048669154630878675,2074.4225827266196,11.940001604269652,12.496521582690479
-154.239036,200,459.121042,0.0,0.671998956867563,2966.525560596655,16.682527318814394,14.832627802983275
-99.796029,200,459.247564,0.0,0.19330476164257376,2681.274287702916,15.146247059155213,13.40637143851458
-30.40022,135,459.335091,1.0,0.04598721870810775,1590.3287227540252,8.952710956855983,11.780212761140927
-66.487505,200,459.79174,0.0,0.08153648823375427,2364.1067291845893,13.585520354342918,11.820533645922946
-123.402213,200,459.938257,0.0,0.300430615682199,2711.2424019781192,15.411272660902627,13.556212009890595
-70.825882,200,460.07238,0.0,0.07968707677659245,2706.036639210368,15.75789762512625,13.530183196051839
-33.642351,200,460.201895,0.0,0.3085727561412466,2540.272089807951,14.536543429762538,12.701360449039756
-69.02419,189,460.324428,1.0,0.044276607740208744,2326.5689623420294,12.838785266087237,12.309888689640367
-59.348171,183,460.442951,1.0,0.04568447196621717,2013.358904010863,11.621570197888202,11.001961224103075
-63.592705,190,460.562481,1.0,0.04937979125144663,2674.9153634346,14.543693900230348,14.078501912813683
-138.143585,200,460.69353,0.0,0.46188420725105545,2483.0129470574498,14.30831756570652,12.415064735287249
-43.706166,173,460.804057,1.0,0.04977542795338866,1912.852546196867,10.718466158671692,11.056951134085937
-22.814714,127,460.889811,1.0,0.04539236388322062,1572.4962871210953,8.8272715115745,12.381860528512561
-46.847565,200,461.014597,0.0,0.10706913841224397,2886.441067721132,16.375017685955868,14.43220533860566
-102.26143,200,461.477138,0.0,0.19704160713511482,2651.8174468498223,15.157590974142884,13.259087234249112
-61.841405,192,461.625666,1.0,0.046302730604272146,2465.0094037280205,13.786930322032745,12.838590644416774
-86.768828,200,461.752182,0.0,0.15911097029600643,2325.498904721489,13.1190477202564,11.627494523607446
-28.118383,200,461.879223,0.0,0.3466217563234131,2748.841796765937,15.339305627763407,13.744208983829685
-34.980989,200,462.004743,0.0,0.24921509156410804,2339.0855783443967,13.202748417392497,11.695427891721984
-120.167179,200,462.130268,0.0,0.3062455561040806,2713.4502752979142,15.604216636868607,13.56725137648957
-32.688798,145,462.222796,1.0,0.04886290094587429,1903.359265417081,11.025540288887496,13.126615623566074
-72.359646,200,462.351329,0.0,0.07800905165681894,2783.212420481292,16.224806076349857,13.91606210240646
-126.909409,200,462.477648,0.0,0.32295016907058033,2677.7318119426764,15.309054938459276,13.388659059713381
-33.234987,200,462.613617,0.0,0.32670349477467553,2473.374020578263,14.381207383353678,12.366870102891314
-120.400737,200,462.736139,0.0,0.3041562833775997,2279.4985540811967,12.945167359450284,11.397492770405984
-39.235719,155,463.149125,1.0,0.049666190148764215,1628.4654672823692,9.394722672206532,10.506228821176576
-24.472981,125,463.240649,1.0,0.04638876478996397,1539.8259682799414,8.755387372000571,12.31860774623953
-44.608285,200,463.374712,0.0,0.26084638399886,2352.24811160538,13.678719270768402,11.7612405580269
-70.001934,200,463.50523,0.0,0.06651080045608483,2523.8837411774625,15.158063211279586,12.619418705887313
-19.655563,117,463.581497,1.0,0.04845193209771093,1376.9250270207042,7.883695486259723,11.768589974535933
-117.049598,200,463.712027,0.0,0.27813601684609657,2784.6519533003398,15.398880783007039,13.9232597665017
-33.446832,161,463.815554,1.0,0.04943475643392547,1827.8973018785427,10.098888360421391,11.353399390549955
-139.086271,200,463.941861,0.0,0.36202847811802014,2693.7992931965846,15.100420782004802,13.468996465982922
-85.890918,200,464.071397,0.0,0.13606782971828324,2745.8025500038157,15.687950608993741,13.729012750019079
-100.739774,200,464.194432,0.0,0.21784577519524256,2634.3774721456134,14.912025207238278,13.171887360728068
-113.782273,200,464.319956,0.0,0.2561111850958503,2604.0272691089726,15.624216444917215,13.020136345544863
-54.169753,200,464.773654,0.0,0.10836819766171707,2707.9553391137256,15.778282329454017,13.539776695568628
-57.325139,200,464.905174,0.0,0.07690049693191439,2813.613720957373,15.85193762997621,14.068068604786866
-24.513349,121,464.988705,1.0,0.04918066214595469,1182.1430203081827,6.864385470754712,9.769777027340353
-53.104765,189,465.112233,1.0,0.0474928576211971,2454.070674412414,13.62153085300979,12.984500922817006
-39.136231,200,465.24215,0.0,0.39048234852453245,2700.314626234679,14.98063738229436,13.501573131173394
-133.432519,200,465.368515,0.0,0.36014975423907486,2822.6387408556143,16.243588816552588,14.113193704278071
-92.828163,200,465.494543,0.0,0.16204476481023658,2858.7332819807125,15.853723482039884,14.293666409903562
-38.171995,200,465.623076,0.0,0.33667673918436825,2550.7123559230217,14.217101705945458,12.753561779615108
-55.379262,175,465.738603,1.0,0.046166617820965726,2239.252981953738,12.400568098772657,12.795731325449932
-19.765535,116,465.812116,1.0,0.04781966866138927,1453.9967194715605,8.170519728449328,12.534454478203108
-55.867932,187,465.927639,1.0,0.047462141256669074,2473.6221094565863,13.958404607755636,13.227925719019177
-136.126222,200,466.396238,0.0,0.3485108281674516,2528.9262072630795,13.906789214204467,12.644631036315397
-130.507782,200,466.543752,0.0,0.357481514621576,2472.957766995078,13.576391871314593,12.364788834975391
-86.204315,200,466.678005,0.0,0.16174335914504034,2189.4448748658474,12.353828724471672,10.947224374329236
-32.485779,149,466.777497,1.0,0.046635324336827315,2164.261897430721,12.10683361765464,14.525247633763229
-69.606695,193,466.899047,1.0,0.048889781176170356,2754.7933030811882,15.509680971437106,14.273540430472478
-123.148513,200,467.026577,0.0,0.30549610446706993,2518.081283738817,14.153238333733617,12.590406418694085
-13.193689,107,467.095096,1.0,0.04718918785893521,1307.3891420682173,7.417210458308892,12.218590112787078
-104.534361,200,467.224617,0.0,0.20485598177615746,2370.4382925318123,13.564087162954754,11.85219146265906
-40.0184,200,467.351143,0.0,0.43756436456899983,2652.5736506164026,15.217341332386123,13.262868253082013
-40.116553,200,467.48178,0.0,0.1708731818186866,2785.5153368085575,15.657741739129657,13.927576684042787
-103.153873,200,467.606935,0.0,0.18572051115996185,2289.553941396639,12.884416646015946,11.447769706983195
-36.211922,200,468.042995,0.0,0.3904780221650149,2596.633294097127,14.404554987466497,12.983166470485635
-136.882316,200,468.194027,0.0,0.35413451679918495,2641.4460276130176,14.8239691686576,13.207230138065087
-62.691942,196,468.32254,1.0,0.04987324737411215,2317.6497567694273,13.386750129776155,11.824743656986874
-39.644231,200,468.451106,0.0,0.2929442421497938,2207.8369970315725,12.216813403242314,11.039184985157863
-120.076032,200,468.576144,0.0,0.2893524981557369,2629.813836229998,15.036992485444323,13.14906918114999
-36.286506,152,468.674656,1.0,0.048260639713686444,2032.360947599476,11.572618212800547,13.37079570789129
-20.773011,118,468.752666,1.0,0.049703652816238605,1714.0234334134348,9.48798234775475,14.525622317063007
-72.58779,200,468.882711,0.0,0.07171652219699416,2785.483486482074,15.131153019438804,13.92741743241037
-109.724527,200,469.011243,0.0,0.2140442752384655,2501.091047311258,13.924795121479809,12.50545523655629
-99.848088,200,469.137768,0.0,0.20640782434822094,2542.869498923017,13.931641726367644,12.714347494615085
-66.433318,200,469.264304,0.0,0.07486677880079368,2545.6901780318244,14.71265014340187,12.728450890159122
-49.24241,190,469.689163,1.0,0.04997427034131329,2059.660932091432,11.59692419497393,10.840320695218065
-37.035455,200,469.835147,0.0,0.341794469141348,2520.5685777207113,14.467416179123566,12.602842888603556
-103.767029,200,469.965684,0.0,0.18554728757595917,2533.9051167236407,14.743453896930195,12.669525583618203
-99.870623,200,470.095717,0.0,0.22922702123956634,2127.833606443123,11.947360059279243,10.639168032215615
-113.331366,200,470.225248,0.0,0.2774536206458676,2627.244727391154,14.724792009672322,13.13622363695577
-105.656513,200,470.352772,0.0,0.21199867264035277,2530.3027217203953,14.510542610178462,12.651513608601977
-29.686648,200,470.475804,0.0,0.33263246247445344,2706.795676188034,15.285788438109048,13.533978380940171
-37.618232,155,470.569822,1.0,0.045784020814564896,1972.9819142888787,10.735756999494265,12.728915576057283
-100.357334,200,470.697709,0.0,0.17476190567981953,2485.4741038090715,13.902762683797102,12.427370519045358
-93.24568,200,470.825238,0.0,0.15185985291237353,1958.648188520659,11.489290934584213,9.793240942603296
-66.995951,185,470.944759,1.0,0.042029791640869944,1872.5085918095604,10.849380688121682,10.121668063835461
-48.837276,200,471.392123,0.0,0.11690667125484412,2460.524700828503,13.488318773326094,12.302623504142513
-82.255804,200,471.530634,0.0,0.09015750354536108,2266.7354524667735,13.041075687721182,11.333677262333868
-16.535569,110,471.600183,1.0,0.0468062244763418,1433.2187483828789,7.863731936113666,13.029261348935263
-41.101561,200,471.726693,0.0,0.3422837650860063,2256.081978106359,12.91326386647779,11.280409890531796
-92.429172,200,471.856724,0.0,0.14574435498835936,2405.0521112778756,13.573387152240707,12.025260556389378
-43.889451,200,471.982763,0.0,0.3993615406232926,2529.6087121202672,14.106667101681,12.648043560601335
-40.844739,200,472.108864,0.0,0.2443191593759919,2407.3172871727265,13.433265111793803,12.036586435863633
-24.581353,130,472.192381,1.0,0.046436596426574196,1860.963194586326,10.761603132589842,14.315101496817892
-31.091929,200,472.312961,0.0,0.13546948908595743,2625.05051288739,15.179248819900648,13.12525256443695
-48.287852,187,472.435511,1.0,0.04692477993835759,2347.260333707835,13.833146619644126,12.55219429790286
-38.566064,200,472.570057,0.0,0.21795624675534275,2587.1922427633635,14.630787533829066,12.935961213816817
-48.697475,200,473.047643,0.0,0.12815282191646396,2461.706105572538,13.554912212061216,12.30853052786269
-36.867602,200,473.197678,0.0,0.3485798278901546,2416.8273469673513,13.311732609794124,12.084136734836756
-112.67963,200,473.336194,0.0,0.23406794268307216,2412.664097551773,13.500478971966066,12.063320487758865
-149.230323,200,473.472646,0.0,0.44702055197549684,2967.5614444808994,16.768215703600944,14.837807222404496
-140.050207,200,473.609681,0.0,0.3974023726769377,2789.469405678523,15.399296749782428,13.947347028392615
-26.743928,134,473.700204,1.0,0.043438124728886106,1406.3528206008614,8.441053303097009,10.495170302991502
-59.575821,200,473.833734,0.0,0.10931775390297077,2596.3281310906855,14.356847352940889,12.981640655453427
-36.886742,200,473.971469,0.0,0.42766706231462565,2669.25921711514,14.709743535404376,13.3462960855757
-81.262558,200,474.109291,0.0,0.08257833183664828,2573.451742301606,14.312904188712414,12.867258711508029
-38.142712,200,474.238405,0.0,0.3933803035562444,2776.4196097932963,15.36244044058442,13.882098048966482
-141.812215,200,474.676532,0.0,0.4446821610809515,2544.134882577249,14.080786714031438,12.720674412886245
-83.132858,200,474.832763,0.0,0.11581366616752979,2798.0944329736685,15.655722683475185,13.990472164868343
-20.023112,115,474.91328,1.0,0.04754070968691694,1266.4689151873456,7.621205282627037,11.012773175542137
-18.683399,110,474.985794,1.0,0.04627159396815407,1385.6331019424815,7.951906258398223,12.596664563113467
-83.005352,200,475.10931,0.0,0.09090428463602253,2967.0432996093714,16.93153654955323,14.835216498046856
-91.148576,200,475.23884,0.0,0.15052649981625643,2899.4659260111544,16.320953100153794,14.497329630055772
-4.845498,24,475.255837,1.0,0.043429387728703105,42.28122579321137,0.3460097133387045,1.761717741383807
-81.908146,200,475.376317,0.0,0.10008005519322292,2794.0846782627877,15.638461480784141,13.970423391313938
-81.086944,200,475.504363,0.0,0.13545021350450245,2384.861121920581,13.560546593058836,11.924305609602904
-76.358892,200,475.633877,0.0,0.07119495655693121,2392.8449997297857,13.789126772783117,11.964224998648929
-31.623279,143,475.72506,1.0,0.04715779587184503,2180.823540974956,12.422701296154733,15.25051427255214
-40.582062,171,475.835627,1.0,0.04977958931878785,2020.0287697608228,11.335119554457558,11.813033741291362
-87.945406,200,475.960192,0.0,0.1552070853368517,2448.6972639251135,14.037964973056619,12.243486319625568
-117.026323,200,476.432159,0.0,0.2561506412750212,2923.1822790102274,16.166845513708516,14.615911395051137
-97.027356,200,476.569681,0.0,0.16150605477074015,2639.9162477514355,14.501397047875574,13.199581238757178
-36.290967,200,476.700496,0.0,0.3075266739716716,2451.909965414198,13.795513047704526,12.25954982707099
-119.57633,200,476.832017,0.0,0.28195235615127373,2679.5506523146078,15.59577584818656,13.397753261573039
-43.838715,200,476.954527,0.0,0.43343750160969674,2660.6151817995787,15.249634706514776,13.303075908997894
-75.620451,200,477.082582,0.0,0.13801420967132408,2543.4318786615945,14.706905639519954,12.717159393307973
-31.32621,200,477.210048,0.0,0.3675580197822053,2773.408261536946,15.496903425194354,13.867041307684731
-35.553535,200,477.332577,0.0,0.3539682440689026,2572.23264940299,14.593013698018364,12.86116324701495
-26.253716,139,477.418113,1.0,0.04828752153761044,1851.6001952302643,10.232050657715599,13.320864713886793
-35.484896,153,477.511478,1.0,0.04907848990623828,1742.9385474938838,10.076362958838144,11.391755212378325
-37.15512,200,477.638967,0.0,0.2940993936510275,2338.106358694334,12.722748288125443,11.69053179347167
-42.80581,200,478.096557,0.0,0.30523015019992134,2383.4243660181555,13.353120578565521,11.917121830090778
-65.740229,200,478.231457,0.0,0.07929452435610039,2806.878317234193,15.51796757257228,14.034391586170965
-112.049291,200,478.362658,0.0,0.2743806858519679,2735.15517835552,15.606309090281792,13.675775891777601
-61.458145,183,478.475852,1.0,0.04948100432124202,1840.2499200305292,10.214538885830772,10.056010491970104
-116.401601,200,478.606554,0.0,0.2464173620287754,2455.541245546257,13.102360456004382,12.277706227731285
-127.117601,200,478.733097,0.0,0.32377443993632243,2617.50736755473,14.612464324640614,13.08753683777365
-36.160917,200,478.859414,0.0,0.22153084025340605,2473.860953817741,14.144349376814501,12.369304769088705
-89.713976,200,478.982457,0.0,0.19856343843123359,2238.7614599072003,13.009396230294934,11.193807299536001
-38.423095,157,479.081988,1.0,0.04902514184248659,1847.633300996258,10.751099204577537,11.768364974498459
-132.86772,200,479.204515,0.0,0.3586715693609731,2799.5051040571398,15.254820093759328,13.997525520285699
-111.438704,200,479.654383,0.0,0.2576880085708119,2723.8417945229266,15.736604190075997,13.619208972614633
-32.470368,150,479.764886,1.0,0.04059297979536625,1207.0615685063133,7.411310368841384,8.047077123375422
-95.512341,200,479.900922,0.0,0.22312416838073482,2318.640037676611,13.23940679400674,11.593200188383054
-76.371725,200,480.028444,0.0,0.07483077013308183,2372.505921653701,13.323201587718344,11.862529608268506
-39.028972,153,480.122987,1.0,0.04705514436984562,1341.7370680274555,7.566032771690053,8.769523320440886
-22.575329,132,480.205322,1.0,0.04733667552084952,1719.0810612598898,9.689105870004106,13.023341373180983
-43.596554,200,480.328831,0.0,0.4228783880502101,2515.050142465954,14.047217348634614,12.57525071232977
-38.676935,156,480.429347,1.0,0.04991747840749328,1786.1652369456651,10.253450002600989,11.449777159908109
-100.657625,200,480.562329,0.0,0.1936309988341313,2588.6832125774695,14.258974828304282,12.943416062887348
-40.33642,200,480.685982,0.0,0.1061929169277034,2293.2522898948455,13.571339066644711,11.466261449474228
-68.488066,194,480.804502,1.0,0.04544637913925836,2686.7089697267324,14.539102161276373,13.849015307869754
-126.46673,200,481.239316,0.0,0.32600637669003113,2858.442496734715,16.162966648068704,14.292212483673575
-98.166351,200,481.376831,0.0,0.18853600522832645,2585.721513995605,14.775994172535366,12.928607569978025
-46.911543,200,481.509856,0.0,0.3626677540528142,2160.4291440608,12.59337741185676,10.802145720303999
-98.877422,200,481.639196,0.0,0.1864939056775834,2686.18026575707,15.025095697231174,13.430901328785351
-42.430032,160,481.738716,1.0,0.045836299316408514,2016.513313627338,11.937144005761724,12.603208210170862
-70.652388,190,481.858241,1.0,0.043921042496508626,2213.8790876382136,12.732292512318711,11.651995198095861
-128.794885,200,481.982742,0.0,0.33635886444982643,2340.362471749483,13.600941795916736,11.701812358747416
-89.908962,200,482.108293,0.0,0.12366612006389312,2540.4922896554076,14.441402140409487,12.702461448277038
-109.116611,200,482.229845,0.0,0.20854331184695876,2299.669008345824,12.823575256779211,11.498345041729118
-44.707532,158,482.332367,1.0,0.04613454592417931,1655.5056131458734,9.423526839704202,10.477883627505529
-61.327236,200,482.460888,0.0,0.08979436605463653,2623.1184350209696,14.766326329837684,13.115592175104847
-54.311004,200,482.940352,0.0,0.06812175168680192,3006.777212289711,16.393848528123353,15.033886061448554
-42.952928,163,483.060881,1.0,0.04945623168454077,2173.3930114336686,12.234705319088029,13.333699456648274
-26.487736,133,483.152395,1.0,0.04878511187771026,1892.132210523925,10.616874910977366,14.226557973864098
-92.092392,200,483.278949,0.0,0.13263518444845823,2575.347869678323,14.699520987602769,12.876739348391617
-58.615441,181,483.398015,1.0,0.046209273989419444,2240.284386653933,12.530354194069037,12.377261804717861
-117.131582,200,483.527567,0.0,0.26359149304699014,2800.507858279888,15.544044768185465,14.002539291399438
-103.518575,200,483.656108,0.0,0.19596236193514166,2853.4245910009895,16.433814583156483,14.267122955004947
-96.242178,200,483.780638,0.0,0.1750322030239049,2139.6899414942923,11.997128581405917,10.698449707471461
-150.788396,200,483.909694,0.0,0.46649449991368036,2845.9723344960403,15.255650316770055,14.229861672480201
-144.883092,200,484.038211,0.0,0.4902902932427377,2939.2173484458763,16.802952397854053,14.696086742229381
-11.80214,95,484.099728,1.0,0.042557684980855756,1188.3612096890797,6.960167221811969,12.509065365148208
-45.409784,171,484.208245,1.0,0.04705267894734742,1643.3406489366807,9.244209012316873,9.610179233547841
-78.086775,200,484.665737,0.0,0.11338699969490683,2970.588391261403,16.219598672786937,14.852941956307015
-9.771895,36,484.693245,1.0,0.047293085657872845,31.92087819389728,0.2596893147420365,0.8866910609415911
-37.340457,200,484.82522,0.0,0.43932086935189946,2667.342315182021,15.337866620354088,13.336711575910106
-45.217984,200,484.956523,0.0,0.16817455709268916,2274.0762460226333,12.67201605621819,11.370381230113166
-42.925408,169,485.064654,1.0,0.048344261506180396,2092.370663371604,11.436145276781069,12.380891499240262
-19.822202,126,485.143796,1.0,0.04780433041476219,1673.2605082937125,9.408874847308253,13.279845303918353
-42.484637,158,485.246318,1.0,0.04530361802732614,1754.0105854209846,10.182209576291065,11.101332819120156
-94.115748,200,485.368842,0.0,0.14207419288151873,2599.93908809214,14.37352405521367,12.9996954404607
-34.54648,200,485.496874,0.0,0.284152445686901,2174.662037114087,12.347836253989438,10.873310185570435
-49.478142,200,485.625402,0.0,0.15643595798553503,3034.7497282503755,16.931124454931574,15.173748641251878
-25.098828,131,485.703949,1.0,0.04657509458656705,1604.5304924519032,9.048339844134688,12.248324369861857
-61.67167,200,485.825506,0.0,0.08376803829391335,2520.8036541614038,14.436652683678043,12.60401827080702
-46.876953,200,486.271594,0.0,0.2550532550228315,2238.288597137896,13.091099641744242,11.19144298568948
-87.447092,200,486.403613,0.0,0.12127461978007334,2648.475202226808,14.493340303623187,13.24237601113404
-138.47453,200,486.532111,0.0,0.4433292666919402,2475.955104102867,14.137287859606957,12.379775520514336
-94.820991,200,486.659688,0.0,0.15769298477020716,2651.987951063366,15.258098990111762,13.259939755316829
-39.831031,200,486.785748,0.0,0.2474653142375511,2757.0933450841153,14.965296379016996,13.785466725420576
-115.407709,200,486.911266,0.0,0.2830329178290509,2705.9005029832833,15.180706033275948,13.529502514916416
-81.146793,200,487.039311,0.0,0.11663083029474315,2046.6787680942314,12.043035009675657,10.233393840471157
-58.68807,187,487.162486,1.0,0.0477140880927232,2529.8490579097406,14.561295768229527,13.528604587752623
-80.455321,200,487.284813,0.0,0.0638993850682845,2617.108835417272,14.875704422645182,13.08554417708636
-109.615253,200,487.411351,0.0,0.27522945119439346,2385.8847745760945,13.23381665329665,11.929423872880472
-29.833136,144,487.813415,1.0,0.04912442975199821,1473.0842379695732,8.81975648990602,10.229751652566481
-44.921116,200,487.97059,0.0,0.3877586348519383,2525.1174732569575,14.30166589810325,12.625587366284787
-47.771797,200,488.103621,0.0,0.1403368005111959,2818.591658179031,16.258816044761655,14.092958290895156
-63.693721,200,488.232139,0.0,0.07596873874245455,2827.7257262604967,16.076200944410996,14.138628631302483
-122.073001,200,488.35968,0.0,0.2823033083810998,2735.638442663008,14.7676307167078,13.67819221331504
-100.148067,200,488.48568,0.0,0.1865264792866492,2445.1981327375297,13.725807360188062,12.225990663687648
-79.205184,200,488.612209,0.0,0.1201833496765142,2181.6988076156786,12.334443614140522,10.908494038078393
-109.039957,200,488.736722,0.0,0.18605186134241278,2333.6151996846033,12.659573721110874,11.668075998423017
-123.654719,200,488.86874,0.0,0.2868996055444176,2416.18094587436,13.279472659334267,12.0809047293718
-28.392583,129,488.948267,1.0,0.049710523942108766,1226.5671172293162,7.0357862851617865,9.508272226583847
-11.155336,84,488.999796,1.0,0.0483682326169447,789.6377257739337,4.714356355792083,9.400449116356352
-123.618662,200,489.128325,0.0,0.27337404921030883,2510.110648972481,14.525450300906114,12.550553244862407
-53.185973,180,489.59531,1.0,0.04870562209451722,2519.2595756965643,14.112109217719814,13.99588653164758
-76.606663,200,489.737062,0.0,0.0918891708856218,2399.3609245408793,14.105360744859464,11.996804622704396
-139.079334,200,489.868361,0.0,0.3878558290732801,2732.2886368406967,15.020362347885733,13.661443184203483
-62.09819,196,489.990401,1.0,0.049028364638674826,2824.6258900001826,15.974906591980442,14.411356581633585
-81.880411,200,490.112857,0.0,0.14680891177323716,2338.715245442886,13.799047297646485,11.69357622721443
-41.564689,200,490.237376,0.0,0.41013151260566155,2554.215146991774,14.674183586967047,12.77107573495887
-19.536687,113,490.305906,1.0,0.04841881444848353,1728.2423907297166,9.828451405654727,15.294180448935546
-54.04408,200,490.430435,0.0,0.4398939661221398,2639.048824108558,14.749070853168002,13.19524412054279
-68.262481,196,490.552958,1.0,0.04663490408057347,2721.527154605419,15.692775734564561,13.885342625537852
-55.564764,200,490.678516,0.0,0.0950566777807334,2823.2413867747196,16.053558635348818,14.116206933873597
-15.677428,106,490.74606,1.0,0.04205059178768179,1118.6587579400764,6.543061387296332,10.553384508868644
-67.077316,200,491.169912,0.0,0.13372939568476838,2237.788758450589,12.650993986531486,11.188943792252944
-39.204222,156,491.286949,1.0,0.04609443984284154,1248.019776900042,7.144862918664762,8.000126775000268
-30.638522,145,491.382961,1.0,0.04810376044285605,1646.0689869014452,9.683154887353961,11.35219990966514
-87.52729,200,491.517237,0.0,0.14521435634569654,2505.6366954596924,14.190090545937682,12.528183477298462
-67.955899,200,491.647376,0.0,0.06792575746872426,2259.3462771416403,13.205844514898988,11.2967313857082
-69.733007,200,491.771876,0.0,0.1085152440948276,2304.0755650074057,13.273653630660213,11.520377825037029
-135.439715,200,491.896867,0.0,0.40552595414352377,2713.876485258453,14.99035435310035,13.569382426292266
-38.807671,200,492.022402,0.0,0.27960650892507244,1809.854191713235,10.6226801929292,9.049270958566176
-31.697709,200,492.148884,0.0,0.2988596807481114,2558.5075943897305,14.09629963999447,12.792537971948652
-95.445124,200,492.277444,0.0,0.16323208803832506,2208.1088797026046,12.75496090060199,11.040544398513022
-73.986516,200,492.40351,0.0,0.0953866274215745,2125.133519931519,12.37393639214741,10.625667599657595
-112.613685,200,492.846499,0.0,0.26717846155395836,2472.7736074056766,13.475393827130937,12.363868037028382
-71.488977,200,492.985035,0.0,0.10072318364582264,2234.2974476645677,12.681718446627643,11.171487238322838
-79.708133,200,493.110032,0.0,0.08365548632154218,2862.6259996994536,15.433482187911293,14.313129998497267
-111.58587,200,493.232556,0.0,0.2521622060248272,2515.079792129884,14.04617361296216,12.57539896064942
-66.573225,200,493.357086,0.0,0.07135936923986827,2885.0177148717216,16.450378360126145,14.425088574358607
-104.875278,200,493.484693,0.0,0.2595202480480398,2526.6349737481933,14.244761085041672,12.633174868740966
-73.405323,200,493.61373,0.0,0.10280519559418319,2542.771352453183,14.569415533079468,12.713856762265916
-19.763392,118,493.6918,1.0,0.04817277895192476,1274.8987850825076,7.130070252412926,10.80422699222464
-31.627356,142,493.779464,1.0,0.04873706828196988,1884.0019967027742,10.760992387935863,13.267619695089959
-125.705623,200,493.900547,0.0,0.32623498924003025,2353.621524150446,13.573337302263244,11.76810762075223
-143.500969,200,494.032075,0.0,0.41170278968494345,2696.5469116038744,15.096858986490181,13.482734558019372
-15.720404,100,494.412127,1.0,0.049843416507358865,1246.8427601119552,6.758998862063011,12.46842760111955
-60.771022,185,494.537638,1.0,0.047141115712623444,2434.1679883225543,13.624983136748963,13.157664801743536
-46.468705,200,494.666156,0.0,0.43184966618469584,2121.181943364756,11.911655973759121,10.605909716823781
-76.550517,200,494.79167,0.0,0.13068680129685725,2029.4989429288237,11.634640136874358,10.147494714644118
-100.596349,200,494.91519,0.0,0.1984105722162998,2785.8402961033316,15.828996554038955,13.929201480516658
-97.195263,200,495.041665,0.0,0.18309190467206019,2817.1531866595205,15.953338117331347,14.085765933297603
-31.158443,200,495.164184,0.0,0.3644579021481318,2494.2988775406902,14.217147471689827,12.471494387703451
-42.127498,200,495.287479,0.0,0.3149010586441419,2304.889130403864,13.356756593357925,11.524445652019319
-7.893234,30,495.306485,1.0,0.04900693242201407,31.822656481958454,0.25870710507213485,1.0607552160652818
-132.284686,200,495.430006,0.0,0.3587969358611548,2780.463765380481,15.75927771042606,13.902318826902405
-24.803443,129,495.514535,1.0,0.04931176347161587,1840.8515381132138,10.397022944837616,14.270166962117937
-82.733815,200,495.643065,0.0,0.08499500215331715,2155.2652381731127,12.187499225006206,10.776326190865564
-94.526965,200,496.090808,0.0,0.2082722459483632,2413.3224258411165,13.813249122379055,12.066612129205582
-129.625887,200,496.221327,0.0,0.3557081570006904,2829.7966842220467,15.971483132673427,14.148983421110234
-123.515519,200,496.351859,0.0,0.3078361844933331,2701.325994431288,14.285699053023901,13.506629972156441
-80.055417,200,496.474403,0.0,0.07624901251039654,2401.6951741337666,13.283454923956457,12.008475870668834
-41.144217,152,496.571779,1.0,0.04614967844547155,1755.8139220705937,10.097934896978353,11.55140738204338
-67.045314,189,496.688884,1.0,0.04863554804012367,2223.1274130552993,12.723813690683157,11.762578905054493
-46.25379,168,496.796451,1.0,0.04801268185206687,2481.1529890572224,14.375901873757888,14.768767792007276
-82.003096,199,496.923004,1.0,0.04485215902485427,2413.787385366209,13.536597335557527,12.129584851086477
-56.283548,171,497.033555,1.0,0.0498709051137944,1617.7581650449906,9.099931179258858,9.460574064590588
-6.638822,65,497.075572,1.0,0.04657591398411102,820.5930073761144,4.82764993018339,12.624507805786376
-101.746775,200,497.202648,0.0,0.18895373851681055,2717.90031666778,15.664931410336262,13.5895015833389
-100.889221,200,497.67274,0.0,0.19725475516796676,2743.7769541752928,15.653323167412273,13.718884770876464
-39.743432,200,497.822767,0.0,0.3289832357988639,2178.5834579887046,12.308912572104854,10.892917289943522
-37.617678,200,497.953105,0.0,0.23781549008680536,1881.6248773991938,10.862481576334718,9.408124386995969
-140.820584,200,498.083817,0.0,0.38463229920800757,2655.8497863022203,14.413964844627484,13.279248931511102
-76.111028,200,498.215063,0.0,0.06622282758804884,2506.188927326206,14.088579836169316,12.530944636631029
-132.04595,200,498.339556,0.0,0.3563745998321504,2729.9976131522258,15.543879248009704,13.649988065761129
-48.134942,200,498.466074,0.0,0.37154128647311446,2181.3093660895197,12.54317324193516,10.9065468304476
-113.151321,200,498.596122,0.0,0.2619415063338596,2555.22624887853,14.3426267024555,12.77613124439265
-68.266892,196,498.720639,1.0,0.04630258643424587,2311.3002805918036,12.844555607641098,11.792348370366344
-34.323349,153,498.815162,1.0,0.04585955682170316,2115.17100848997,11.43898724592371,13.82464711431353
-92.435192,200,498.94268,0.0,0.1574731430365199,2786.7116013172727,15.547707462294413,13.933558006586363
-35.670782,200,499.390985,0.0,0.2709011078120334,1932.3977751263103,11.354452882424,9.661988875631552
-42.922648,200,499.529506,0.0,0.26329561729522577,1594.4778411625334,9.549841361264027,7.972389205812667
-23.088926,128,499.614024,1.0,0.04729781706166296,1525.0255998288935,8.484118848009977,11.91426249866323
-49.845973,200,499.744386,0.0,0.44022981838775743,2157.1652801852674,12.153190741538449,10.785826400926338
-105.712294,200,499.870916,0.0,0.22961216282009195,2423.1127397698715,13.772464264655083,12.115563698849357
-80.349917,200,500.000482,0.0,0.0874269966215995,2815.4605501115293,15.826596029378088,14.077302750557646
-88.90218,200,500.12901,0.0,0.15301109163947554,2147.1926827731845,12.260546054577016,10.735963413865923
-8.052137,76,500.177019,1.0,0.044835900151041046,725.3684448066534,4.1779899913740834,9.544321642192807
-48.285031,200,500.312643,0.0,0.1288160231424056,2011.2639452934804,11.318092991346633,10.056319726467402
-46.588648,200,500.440759,0.0,0.16545575065107057,2410.6543758995804,13.648602478890451,12.053271879497903
-85.328688,200,500.568276,0.0,0.08770042028461549,2047.8443412585068,11.868244725535888,10.239221706292534
-44.973448,200,501.029818,0.0,0.3309867097718321,2325.1364232037117,13.164104878865597,11.62568211601856
-131.258398,200,501.185348,0.0,0.3540621589189878,2913.441068961739,15.933832872283325,14.567205344808695
-83.866256,200,501.316392,0.0,0.12126967909779206,2302.0321137789792,12.665340335507453,11.510160568894896
-126.641542,200,501.444917,0.0,0.31755868498493905,2695.254078568354,14.874574175696013,13.476270392841771
-74.327135,200,501.572435,0.0,0.09930706136489081,2230.587572077646,12.739634959440485,11.152937860388231
-24.658739,142,501.663952,1.0,0.04877512347098736,1563.5357480549972,9.175936623347075,11.010815127147866
-44.680224,200,501.791986,0.0,0.15152692330367495,2321.7503286635556,13.748214171360331,11.608751643317778
-122.201992,200,501.921506,0.0,0.2925081651306698,2567.0138303702347,14.901773471417757,12.835069151851174
-46.266274,200,502.046279,0.0,0.2591480495360071,1923.664778239884,11.603060441941997,9.61832389119942
-57.634265,200,502.1688,0.0,0.1251330235614276,2834.9249447959382,15.685286409960709,14.174624723979692
-40.495852,200,502.613335,0.0,0.1956083454364802,2645.4207232763865,14.617121559321168,13.227103616381932
-65.909536,194,502.769846,1.0,0.04758422713222819,2560.6650853702736,14.895492106633247,13.199304563764297
-36.597349,200,502.904194,0.0,0.2843745705530554,1734.94870410389,9.81694203496962,8.67474352051945
-97.960373,200,503.037709,0.0,0.27304258734127185,2430.95737737369,14.260856438335216,12.15478688686845
-79.884903,200,503.170229,0.0,0.13436728678852647,2891.0710834883807,16.626277522983727,14.455355417441904
-68.019015,200,503.298298,0.0,0.07865689593005962,2098.3935977717188,11.908932474841917,10.491967988858594
-48.422911,200,503.42053,0.0,0.3278136600734769,2099.733293022575,11.751750676772343,10.498666465112874
-30.441257,141,503.504082,1.0,0.04662516328426631,1846.4212791968018,10.298008028022203,13.095186377282282
-82.226086,200,503.62761,0.0,0.1263741313974193,2699.16596853629,15.21084350984716,13.49582984268145
-109.677879,200,503.761139,0.0,0.22386812825562452,2639.968420008859,15.062858206886041,13.199842100044295
-49.916011,200,503.888671,0.0,0.05963428802792795,1893.0801898443272,11.1952923646887,9.465400949221635
-11.040659,63,503.930189,1.0,0.049364408405996214,54.8944001975874,0.48965398650115244,0.8713396856759905
-36.911103,154,504.355249,1.0,0.04817923330120741,1614.9730597473783,9.271794839338648,10.486838050307652
-62.689403,180,504.481775,1.0,0.04864493919734621,1939.4745440320728,11.130286211346888,10.77485857795596
-51.122636,200,504.616132,0.0,0.17279464646373102,2184.851171361258,11.916745948588657,10.92425585680629
-125.143644,200,504.744002,0.0,0.29321276982396455,2516.01264270661,14.254699168978751,12.580063213533052
-14.20837,106,504.814202,1.0,0.04956859303330264,1165.9222829553169,6.705737388323857,10.999266820333178
-18.724392,117,504.890207,1.0,0.044141475592334896,1143.2899165216054,6.8304041431122675,9.77170868821885
-95.395461,200,505.01624,0.0,0.1627960554313885,2735.3957066711578,15.53377937450099,13.676978533355788
-23.483928,132,505.095766,1.0,0.045863698943227935,1697.1923600468979,9.74352937528892,12.857517879143165
-61.109752,191,505.214284,1.0,0.048910941837737976,2417.524417588627,13.980850380817865,12.657195903605377
-152.37563,200,505.334857,0.0,0.4778044587360274,2632.483190401553,14.795479146346597,13.162415952007766
-142.356298,200,505.457341,0.0,0.4265849274784908,2689.275050700166,15.712851820773894,13.44637525350083
-17.538194,120,505.532882,1.0,0.04814744414270414,1269.0621542038045,7.1162684214610845,10.575517951698371
-38.3018,200,505.991891,0.0,0.41529670913052125,2417.838011297514,13.62827101062095,12.08919005648757
-102.077424,200,506.129715,0.0,0.1902152043748327,2320.3943295925305,13.376209584664128,11.601971647962653
-64.535831,200,506.260234,0.0,0.060214848623898774,2852.341694808125,16.23635287054197,14.261708474040624
-96.265288,200,506.390763,0.0,0.16351811201075392,2285.6112561173923,13.18645248872037,11.428056280586961
-102.650742,200,506.519812,0.0,0.19926836645413562,2519.3282936365504,14.181544640387193,12.596641468182751
-53.137867,200,506.648329,0.0,0.08745853198052891,2454.7705258038113,13.701905225847531,12.273852629019057
-106.547424,200,506.776859,0.0,0.24417453232173647,2752.619203050821,15.708989117533259,13.763096015254105
-40.441905,172,506.889786,1.0,0.048353354320098275,1877.7771406138775,10.889902132816482,10.917308957057427
-99.554835,200,507.019073,0.0,0.3514952123868197,2606.751979253308,14.925756997226422,13.03375989626654
-55.629131,200,507.139583,0.0,0.4399115242986797,2028.1661855984328,11.522717006776114,10.140830927992164
-169.401447,200,507.585123,0.0,0.7518780196483033,3025.0769219645654,17.117477661837945,15.125384609822827
-129.901437,200,507.741161,0.0,0.3187275730728933,2760.01024337681,15.057771495701843,13.80005121688405
-115.030173,200,507.869681,0.0,0.39732280384735635,2731.989671164326,15.562870643935828,13.65994835582163
-103.180455,200,508.004754,0.0,0.22496863454801713,2958.6180039952596,16.193222961062602,14.793090019976297
-131.733423,200,508.13527,0.0,0.35890578092409775,2280.1236086602726,13.011571201656153,11.400618043301362
-109.846426,200,508.259788,0.0,0.2786861244963437,2358.5261090086533,13.512009798631954,11.792630545043266
-33.399042,200,508.38933,0.0,0.3041229186040024,2053.7083771493612,11.370095669999749,10.268541885746806
-8.911365,77,508.439849,1.0,0.04897717993696598,842.1955638491748,4.864249729766031,10.937604725313959
-73.15021,196,508.565378,1.0,0.047103919743011195,1912.7326227906105,10.683207555115809,9.758839912196992
-52.298165,200,508.689911,0.0,0.37348856554206267,2010.5532749889849,11.457148776348632,10.052766374944925
-30.953936,200,508.816459,0.0,0.3639448983106534,2537.3896072646007,14.26189458055996,12.686948036323004
-140.132871,200,509.275363,0.0,0.3843778139864521,2660.00773295202,14.774214579892186,13.3000386647601
-14.228236,112,509.358872,1.0,0.04669068867994845,1387.7711980376935,8.06760928766722,12.390814268193692
-8.488527,77,509.416389,1.0,0.04991316748664977,700.0560099933125,4.129712826620863,9.091636493419642
-126.318242,200,509.546837,0.0,0.3131184159270726,2376.3631279320234,13.644147307094059,11.881815639660116
-92.083197,200,509.672371,0.0,0.12084649163646806,2335.266025937486,12.576141635608206,11.67633012968743
-77.067956,200,509.799141,0.0,0.08628218998973,2421.3050909442813,14.039359546470433,12.106525454721407
-75.309914,199,509.921683,1.0,0.04642622563595471,2363.7323052620104,13.35922478385171,11.878051785236233
-67.620306,200,510.046221,0.0,0.0653516987336503,2218.193651934203,12.763393708635018,11.090968259671016
-49.799946,200,510.171749,0.0,0.34964350855025306,1937.52942986461,11.392269270898861,9.68764714932305
-29.027422,138,510.256286,1.0,0.04794743827297115,2064.48337826517,11.87544682718478,14.96002448018239
-56.008715,200,510.379898,0.0,0.4470640219394336,2317.716851349113,13.453951762012991,11.588584256745564
-50.168863,200,510.503996,0.0,0.4199070637499696,2032.5736759011195,11.20930574735369,10.162868379505598
-46.732448,200,510.950102,0.0,0.10569570770721515,2715.9974493185696,15.531217481618429,13.579987246592848
-94.511338,200,511.097122,0.0,0.1670284229781984,2847.6483555188047,15.782124500870625,14.238241777594023
-54.235204,180,511.217069,1.0,0.04660979002969594,2290.4972848182797,12.999181494651289,12.72498491565711
-125.012385,200,511.34908,0.0,0.3137938544752078,2956.6826486248633,16.14617833495408,14.783413243124317
-46.659965,200,511.47459,0.0,0.3123424252398635,2116.5185907707437,12.548241241469766,10.582592953853718
-107.030943,200,511.600325,0.0,0.3013937406544769,2303.9744854916858,12.973149238749528,11.519872427458429
-45.020195,200,511.727856,0.0,0.2770625453721506,2145.346331330495,12.245626792777802,10.726731656652476
-124.015832,200,511.850597,0.0,0.29860111371757386,2342.577080113349,13.350052680552773,11.712885400566744
-23.733788,131,511.931115,1.0,0.04750319817560354,1577.9418950444474,9.02935080304034,12.04535797743853
-44.395745,200,512.059633,0.0,0.39007322644904807,2519.167858444958,13.914650076130801,12.595839292224788
-36.835939,200,512.523823,0.0,0.3338745878090372,1925.386863123782,11.035672208071972,9.626934315618909
-28.486537,138,512.632337,1.0,0.049578237654757114,1956.9190586184081,11.082766257127254,14.180572888539189
-69.935337,200,512.778861,0.0,0.08525189187394784,2922.7175531955795,16.904312534516883,14.613587765977897
-80.831194,200,512.904691,0.0,0.15586032825358287,2100.4931012337115,12.135639653434144,10.502465506168557
-75.307678,200,513.033107,0.0,0.11173456945377917,2178.063606115018,12.306217045305345,10.89031803057509
-120.782802,200,513.159671,0.0,0.2892290608529993,2617.750175524413,14.987123900634163,13.088750877622065
-38.571144,162,513.264124,1.0,0.04478621289089588,2130.0957388981737,12.194255866509701,13.148739129001072
-124.056014,200,513.393196,0.0,0.30791921694486063,2393.3127529319563,13.219260366357851,11.966563764659782
-45.363755,171,513.503512,1.0,0.04605397098568577,2318.1884999610684,13.63419723521642,13.556657894509172
-106.059541,200,513.629598,0.0,0.1850063652888125,2307.794642555755,12.413293824943601,11.538973212778776
-36.32457,152,513.724112,1.0,0.047067137590423906,2229.3473488240875,12.30511451930507,14.666758873842682
-115.064744,200,513.84663,0.0,0.3696377450129864,2683.9637254246772,15.408189929980104,13.419818627123385
-141.173245,200,514.294662,0.0,0.39471795230631046,2893.4174509762197,15.759756402243081,14.467087254881099
-47.731217,200,514.426698,0.0,0.2103491075401774,2041.3969113211176,11.584607254290468,10.206984556605589
-37.413868,200,514.554235,0.0,0.2745704654187867,1563.189753526178,9.047783859993167,7.81594876763089
-48.065148,175,514.664802,1.0,0.04751259547945703,2525.1163570435406,14.184556943081462,14.429236325963089
-7.106505,30,514.684872,1.0,0.04819626714198595,31.822656481958454,0.25870710507213485,1.0607552160652818
-84.407935,200,514.812591,0.0,0.1565858575063681,2064.389747885572,11.819524475799398,10.32194873942786
-86.985357,200,514.939662,0.0,0.1429420428783172,2717.214576913621,15.74383383976185,13.586072884568104
-127.069337,200,515.06719,0.0,0.3190905161134802,2615.672950471741,14.466240909674385,13.078364752358704
-36.793862,200,515.192725,0.0,0.24131952399102044,1797.5081431683554,10.578125196076412,8.987540715841778
-44.359405,200,515.313762,0.0,0.36043282755568923,2171.033463606175,12.526180813755845,10.855167318030874
-107.215666,200,515.43932,0.0,0.22692491470996767,2028.6646786075387,11.87068892368322,10.143323393037694
-120.282183,200,515.909436,0.0,0.28591539877304595,2511.195693155187,13.996147880067568,12.555978465775937
-58.395187,200,516.050949,0.0,0.0699011851202202,2954.3444831181273,16.441574095242252,14.771722415590636
-66.089282,200,516.179487,0.0,0.09335831199593167,2045.120821179217,11.623661373762463,10.225604105896085
-54.989457,200,516.303526,0.0,0.09922341241518864,2250.5979970002327,12.599850419199914,11.252989985001163
-28.108293,136,516.39153,1.0,0.04947574330531905,1954.9461412812584,10.615974777217602,14.374603980009253
-38.404397,153,516.486053,1.0,0.048818747973670605,1898.3247001489028,11.157938294641983,12.407350981365378
-109.362093,200,516.614137,0.0,0.2241126028718861,2166.606192018384,12.47983915868885,10.83303096009192
-94.587341,200,516.737622,0.0,0.17400823511428085,2870.743474610541,16.18664917411424,14.353717373052705
-105.813537,200,516.862132,0.0,0.200343903735895,2387.489419530794,13.345764768814433,11.937447097653969
-60.209927,200,516.98259,0.0,0.1000371215455393,2227.8922555959984,12.51133358004512,11.139461277979992
-133.23586,200,517.107635,0.0,0.35471732198166034,2623.3029448044363,15.226440190994307,13.116514724022181
-18.616416,117,517.51167,1.0,0.0450998126173027,1575.3056729596879,9.018445654812794,13.464151050937502
-55.072711,172,517.628188,1.0,0.04678349796555829,1808.1313114761952,10.273061287087472,10.512391345791832
-38.826373,200,517.760709,0.0,0.3490076031454851,2512.3782016214523,14.833729510343428,12.561891008107262
-74.668193,200,517.892549,0.0,0.11045091361432499,1827.8885995010442,10.593706185380293,9.13944299750522
-78.290127,200,518.019109,0.0,0.1107463396403681,2694.8740193521658,15.476576885428456,13.474370096760829
-49.2376,173,518.128584,1.0,0.046434441734523664,1910.9385366940255,10.500553895911056,11.045887495341187
-129.572193,200,518.257098,0.0,0.30457184551452465,2261.6054330571505,12.889620864340388,11.308027165285752
-46.515311,200,518.385399,0.0,0.16200499929287546,2277.877417207787,12.882271272869891,11.389387086038935
-48.204952,171,518.487862,1.0,0.0470708792198747,1654.879076968055,9.500907130475278,9.677655420865818
-86.274271,200,518.613915,0.0,0.12311669329826544,2662.615081106454,14.680499850600539,13.31307540553227
-26.971514,133,518.698441,1.0,0.04953669978857942,1550.558651155675,8.960267036881238,11.658335722975
-109.169094,200,519.142507,0.0,0.2312437585804135,2617.2260624728547,14.82314735268301,13.086130312364274
-113.400993,200,519.290036,0.0,0.2633319525943073,2446.79520276643,13.517278968772983,12.23397601383215
-88.039839,200,519.419123,0.0,0.1704365291458488,2207.4604603909524,12.381794693593896,11.037302301954762
-24.813134,129,519.501671,1.0,0.04798295552664681,1516.256989958554,8.164310660879837,11.753930154717473
-83.009303,200,519.624186,0.0,0.11464802878278384,2437.5462917496707,14.543567181551024,12.187731458748353
-43.137641,200,519.752706,0.0,0.25948554462484635,2286.3291862614333,13.397620569426097,11.431645931307166
-36.592707,151,519.849215,1.0,0.04880088887659184,1722.5147175292673,9.973901476925754,11.407382235293161
-49.987387,200,519.977476,0.0,0.229932817849615,2120.071105849421,12.008525628839516,10.600355529247105
-61.240993,189,520.097316,1.0,0.04684407658228296,2362.245230024,13.455799637076051,12.498652010708996
-91.122515,200,520.21977,0.0,0.19155302517706005,2222.062653639298,12.58615183037988,11.110313268196489
-41.062362,200,520.35028,0.0,0.2426920405714309,1950.8374828909464,10.940457419500454,9.754187414454732
-36.931563,200,520.789412,0.0,0.28434024848815215,1772.2883467981014,10.429012754349182,8.861441733990507
-9.889395,78,520.844919,1.0,0.04865931473167685,1011.5936445868946,5.806467780768918,12.969149289575572
-98.700771,200,520.976441,0.0,0.19651235177211188,2440.1256784009643,14.072107715154074,12.200628392004822
-137.07045,200,521.101318,0.0,0.36025128065681244,2521.889206944704,14.341493331435238,12.609446034723518
-39.518799,200,521.224447,0.0,0.2712196551164998,1613.9346987105016,9.2241247510467,8.069673493552507
-126.204414,200,521.347934,0.0,0.3181373011135512,2580.8224755449037,14.338833641445719,12.904112377724518
-23.687075,125,521.427467,1.0,0.048246868961662,1463.9202574820533,8.519407129883492,11.711362059856427
-50.843869,166,521.53098,1.0,0.046926202283766004,1694.6790005816777,9.900125819841962,10.208909642058298
-27.998988,139,521.61959,1.0,0.04308673127726307,1441.1297807421274,8.031781315636293,10.36784014922394
-50.75259,200,521.746094,0.0,0.43291981368924337,2225.7289527060852,12.581635251298865,11.128644763530426
-47.793161,200,521.872607,0.0,0.3405762865703623,2284.604869639983,13.12527104430862,11.423024348199915
-34.85416,159,521.971669,1.0,0.04508035901912732,1274.2469921419638,7.289483010963804,8.014132026050087
-129.148301,200,522.436138,0.0,0.3665635789920141,2752.819435611975,15.988518181654726,13.764097178059876
-62.181008,189,522.567645,1.0,0.04764129884149472,1934.265662214633,11.298009948598688,10.234209852987476
-46.047021,175,522.683168,1.0,0.047261197797188785,2211.3372163672298,12.38306008899213,12.636212664955599
-11.441666,88,522.740641,1.0,0.0494859515221849,1246.1538375875407,6.9594608849086255,14.16083906349478
-77.420196,200,522.870169,0.0,0.08646771468782141,2440.088614742285,13.56437947368041,12.200443073711424
-65.026246,200,522.998706,0.0,0.09331720648797487,2288.3947684579816,12.717161800426153,11.441973842289908
-56.313929,200,523.120759,0.0,0.37645919960075125,2056.0455828452236,11.837897471098735,10.280227914226119
-37.536529,200,523.24435,0.0,0.233708874606337,1839.5464828346794,10.7285828144624,9.197732414173396
-9.753085,59,523.279346,1.0,0.04957010027582327,34.44913541987536,0.2963286213897091,0.5838836511843282
-84.048156,200,523.407452,0.0,0.12318598312214322,2645.4109517311217,15.162729204468159,13.227054758655608
-87.856118,200,523.531923,0.0,0.12595250599887708,2744.4804058950085,15.201406459124957,13.722402029475042
-45.402923,200,523.96879,0.0,0.20091386307858902,2541.1432872809223,14.084098709580124,12.705716436404611
-58.648562,175,524.095306,1.0,0.046935007660364084,1757.538156253522,9.881130395014582,10.043075178591554
-103.058899,200,524.228364,0.0,0.19651056918068766,2292.7092325707176,13.168027895749924,11.463546162853588
-47.565653,173,524.342619,1.0,0.0477601207742465,2321.094783835681,13.15560985532344,13.41673285454151
-59.864336,200,524.473149,0.0,0.43374389224884613,2213.87263527658,12.66196718101614,11.069363176382899
-84.474646,200,524.596231,0.0,0.08080880378873971,2585.0499099815547,14.792150805638704,12.925249549907774
-67.203511,200,524.725331,0.0,0.07290616292386133,1813.5084264608606,10.257507305467868,9.067542132304304
-105.172533,200,524.85375,0.0,0.20525350271221843,2596.065007124132,14.7030165392743,12.98032503562066
-41.883687,200,524.977298,0.0,0.1920667663392695,2376.111413488755,13.02464883686105,11.880557067443775
-34.208313,200,525.105347,0.0,0.26798381157944556,2237.315656377722,12.551527641555765,11.18657828188861
-101.324371,200,525.230744,0.0,0.1712014041034487,2412.6190732111604,13.870757601346513,12.063095366055801
-54.72187,200,525.670792,0.0,0.39919631822650836,2050.5281994717657,11.681450013504882,10.252640997358828
-129.856378,200,525.808803,0.0,0.33494257644128245,2739.233582170175,15.859724870529528,13.696167910850875
-60.221824,200,525.939355,0.0,0.08791481113952548,2864.218684519653,16.29537710733486,14.321093422598265
-132.729896,200,526.067856,0.0,0.3495144180409261,2592.196620893337,14.324614291080428,12.960983104466685
-55.985049,200,526.195415,0.0,0.1599142977270885,2392.7985892231914,13.451554626083242,11.963992946115956
-134.949938,200,526.322495,0.0,0.35262275784089037,2499.3601052139384,13.781071656105812,12.496800526069691
-33.22052,147,526.414963,1.0,0.04733343769395842,1973.8628348872717,10.697562473527903,13.427638332566474
-42.716827,200,526.544962,0.0,0.3587673873439786,2239.2674445535686,12.766264162342315,11.196337222767843
-51.295539,200,526.66804,0.0,0.3500251775719541,2197.628140124457,12.72144191816093,10.988140700622285
-57.076474,200,526.787135,0.0,0.10701320521564106,2038.1187466726385,11.207620409338714,10.190593733363192
-122.128111,200,527.209738,0.0,0.2907296832266928,2543.002742493762,14.788275264027767,12.71501371246881
-33.734355,200,527.361258,0.0,0.22198935617194487,1910.1477153058443,10.663741114014625,9.550738576529222
-53.621812,200,527.500787,0.0,0.11064703826365095,2048.2125860135466,11.485432601882815,10.241062930067732
-107.052925,200,527.631846,0.0,0.23325926187943274,2879.748082936282,16.14254302985171,14.398740414681411
-104.636874,200,527.759356,0.0,0.2773871553857578,2305.67967615877,13.340960870202002,11.528398380793849
-87.545122,200,527.883875,0.0,0.11762110009926932,2507.6007576021593,13.790702926937913,12.538003788010796
-32.519935,200,528.00522,0.0,0.3293161294955546,2493.7679667493494,13.681572552739496,12.468839833746747
-56.977651,200,528.132741,0.0,0.1378143078062244,2918.105584483009,15.933889433882793,14.590527922415044
-33.463308,200,528.259232,0.0,0.34622938582187546,2004.0695635477696,11.73642456591541,10.020347817738848
-112.710574,200,528.38181,0.0,0.2438803922334981,2711.5664439828483,15.079682456167768,13.557832219914241
-46.370529,200,528.508888,0.0,0.3036223490577017,2067.710719728554,11.42050830630974,10.33855359864277
-7.881241,31,528.529861,1.0,0.043465777291197744,46.41246467545752,0.4066450917875083,1.4971762798534685
-24.078547,133,528.941365,1.0,0.04583475881543645,1866.2937083026886,10.696681932944674,14.032283521072847
-36.377788,200,529.072864,0.0,0.3528548136017926,1797.578376311333,10.032889099394772,8.987891881556665
-16.703828,108,529.145426,1.0,0.04358785016030026,1514.7914073973939,8.753981481402642,14.025846364790684
-88.670084,200,529.271921,0.0,0.1086742594586533,2494.529619309133,13.74438106953838,12.472648096545665
-34.524719,200,529.39648,0.0,0.2651786120113137,1632.3276019224254,9.238453407179408,8.161638009612126
-9.409022,34,529.418998,1.0,0.038406927058300865,31.888137623251005,0.25936191151873594,0.9378864006838531
-44.881335,178,529.530516,1.0,0.04890264519629135,1743.7587968977052,10.08065587245633,9.796397735380367
-18.947716,115,529.602511,1.0,0.04983359453847114,1357.6257171697714,8.001081362497427,11.805441018867578
-91.704713,200,529.726018,0.0,0.1799187143105698,2998.940337223915,17.053074383545948,14.994701686119575
-67.15407,194,529.844587,1.0,0.04694858645278605,2222.1388232833297,12.331344582605869,11.45432383135737
-56.185575,174,529.945773,1.0,0.0489276415031163,1688.435970631424,9.215636324995494,9.703655003628873
-84.710726,200,530.068241,0.0,0.14603981773660005,2842.511173339352,16.786823425951823,14.212555866696759
-100.946094,200,530.513829,0.0,0.2052903209441103,2877.3993465291396,16.472519291004467,14.386996732645699
-77.442459,200,530.65785,0.0,0.11498064032204659,2614.2417828724,14.76977203859775,13.071208914362
-64.5845,200,530.789376,0.0,0.0725015521779653,2780.623272150476,15.848337688263648,13.903116360752382
-30.927348,200,530.921162,0.0,0.32553424761255517,3135.251185642457,17.151852609306633,15.676255928212285
-51.054398,200,531.043693,0.0,0.14853000689336052,2956.0392817008437,15.916372325019985,14.780196408504219
-14.019553,100,531.108237,1.0,0.03887413345285683,1135.4365419764767,6.692638422647232,11.354365419764768
-45.845106,200,531.231735,0.0,0.14728661823824069,2191.5644188101064,12.156866701892845,10.957822094050533
-54.378136,200,531.356273,0.0,0.1130328071881292,2338.28773240058,13.439336083095341,11.6914386620029
-75.758257,200,531.484819,0.0,0.05548754682411805,2411.571314797669,13.43278161722708,12.057856573988344
-32.153378,148,531.578319,1.0,0.0462615927115223,2220.025102688373,12.531668040289688,15.000169612759276
-28.827712,137,531.664909,1.0,0.04841081092611372,1446.7229676564825,8.28447031154868,10.56002166172615
-45.535908,200,532.084478,0.0,0.18873899643960315,2411.875642569643,13.84049006344029,12.059378212848214
-43.701851,200,532.222548,0.0,0.268311426098128,2404.662372597109,13.754921340208414,12.023311862985544
-125.219737,200,532.355057,0.0,0.3203768010712996,2752.034640440206,15.731144275562576,13.760173202201031
-149.392316,200,532.483583,0.0,0.47653194969260393,2715.0657429631615,15.185932178330821,13.575328714815807
-95.22327,200,532.608674,0.0,0.16217901751367841,2847.3927760229553,16.286478212957515,14.236963880114777
-46.26701,200,532.736128,0.0,0.12962086267874773,2617.6579464541123,14.728523168799168,13.088289732270562
-68.182701,200,532.859658,0.0,0.07933874605874848,3075.093735088799,16.666400593201633,15.375468675443994
-35.49109,200,532.985208,0.0,0.3104134233337283,1997.3648399286276,11.345134952552305,9.986824199643138
-108.193697,200,533.113213,0.0,0.22009895497467508,2531.013515877016,13.86390354163045,12.65506757938508
-117.901847,200,533.241235,0.0,0.2759687663389926,2365.895419357869,13.23731241569031,11.829477096789343
-79.175214,200,533.369283,0.0,0.1022354913013475,2135.99612511924,11.779902651528818,10.6799806255962
-46.38978,200,533.825963,0.0,0.23222965036124657,2053.9614426534376,11.651575196904092,10.269807213267189
-98.412037,200,533.97552,0.0,0.17853937759061364,2091.4545120705143,11.993137117107153,10.457272560352571
-78.196574,200,534.106646,0.0,0.06526099056649319,2260.7199998302267,12.861379122957574,11.303599999151134
-18.771604,115,534.177622,1.0,0.04690763942270451,1614.7063890107631,9.537574986775502,14.040925121832723
-95.827088,200,534.300116,0.0,0.13432071674459595,2070.960532085256,10.93282011490755,10.35480266042628
-16.81117,113,534.369663,1.0,0.048139480865707365,1524.7643719867551,8.69042644251668,13.493490017581903
-67.263329,189,534.48713,1.0,0.04848354321867576,2054.6041361803673,11.582148907480018,10.870921355451678
-67.888231,185,534.603658,1.0,0.046677629133925744,2027.713314009704,11.325210638311352,10.960612508160562
-43.575607,163,534.71272,1.0,0.047104939727002616,1771.7942005165753,10.75507840914081,10.869903070653836
-7.536911,30,534.740427,1.0,0.03541554196752584,31.822656481958454,0.25870710507213485,1.0607552160652818
-54.919215,200,534.861949,0.0,0.10121397216425657,2852.2590223288926,15.280291487568537,14.261295111644463
-13.982039,101,534.926475,1.0,0.04931376256588985,1490.5843884173394,8.262480642409109,14.758261271458805
-47.150996,200,535.387454,0.0,0.31112538302659076,1996.2889816349907,11.650795637273044,9.981444908174954
-102.337918,200,535.531508,0.0,0.19114895499275505,2052.0174075674668,11.399123959918356,10.260087037837334
-32.782293,159,535.636034,1.0,0.044407919084070435,1227.7158891003935,7.31497034347164,7.721483579247757
-124.087533,200,535.763497,0.0,0.3227672263893741,2627.3649095437645,14.875143169503035,13.136824547718822
-17.03153,120,535.838039,1.0,0.0469807135125041,1484.1713573865459,8.284601290859735,12.368094644887883
-46.69329,170,535.9502,1.0,0.0497563923731199,2151.4389929350837,12.134742631798398,12.655523487853433
-48.920577,200,536.078709,0.0,0.1033706804650088,2657.846042666086,14.988489460350932,13.289230213330429
-113.022679,200,536.20539,0.0,0.30433434191835074,2585.5969372165396,14.70682306022056,12.927984686082699
-54.914789,200,536.328948,0.0,0.4274004937660149,2042.0298235964017,11.968218124559531,10.210149117982008
-43.400567,176,536.438462,1.0,0.04739690519447345,1909.818068681609,11.176856490250385,10.851239026600052
-51.864855,200,536.562961,0.0,0.11913862992169116,2546.087736287196,14.40057751416035,12.730438681435981
-50.222513,200,536.688534,0.0,0.09049102669484814,2257.7051638201474,12.707493006093568,11.288525819100737
-42.941696,200,537.147093,0.0,0.18919955937055127,2253.8970257964847,13.431969753563331,11.269485128982424
-52.498276,200,537.279602,0.0,0.37746771682239827,2079.738314166391,11.909931774791941,10.398691570831954
-141.760693,200,537.410705,0.0,0.3997277607085088,2650.2892057000336,15.162210924840604,13.251446028500167
-69.20877,200,537.536058,0.0,0.09521719549239473,2474.5628958029697,14.018389008961018,12.372814479014849
-56.415815,200,537.660852,0.0,0.12174901332294553,2704.0648308566138,15.674591142947225,13.520324154283069
-107.943288,200,537.786334,0.0,0.23975051983100376,2327.243510834574,13.200318439066569,11.63621755417287
-18.206968,114,537.854882,1.0,0.04909867040820932,1602.04201684428,9.399038739778149,14.053000147756842
-17.870648,116,537.928391,1.0,0.04900437260091075,1216.8495716761465,6.707674177373633,10.490082514449538
-97.640871,200,538.052934,0.0,0.1447607587808484,2358.146411813373,13.510517197588365,11.790732059066865
-99.368858,200,538.180493,0.0,0.17094885326781672,2559.1480710933747,14.60552427652419,12.795740355466874
-32.175928,200,538.30509,0.0,0.3005857083035752,2264.885001380814,12.758959988292315,11.324425006904072
-34.154961,200,538.749564,0.0,0.33620551501956136,1944.6876766895316,11.109451627653332,9.723438383447657
-8.030632,33,538.775564,1.0,0.049116175022055786,74.67897845709376,0.5324450020254898,2.2629993471846594
-88.636854,200,538.914067,0.0,0.13865882618248074,2753.5465382882485,15.012920177597687,13.767732691441243
-20.665797,129,538.998076,1.0,0.04890758428383201,1526.160047812513,9.059857749309373,11.830698045058242
-31.465585,145,539.091626,1.0,0.04783298853098202,1119.4584977638701,6.655863662828594,7.720403432854277
-112.182091,200,539.215689,0.0,0.2301055191307341,2568.8100879324966,14.561353718401197,12.844050439662483
-34.087715,200,539.339217,0.0,0.325404904133404,2277.6346850097807,12.431315792336873,11.388173425048903
-67.852082,187,539.456726,1.0,0.045912936911482786,1795.6534322843004,10.257247795116603,9.6024247715738
-27.549355,135,539.542236,1.0,0.045272576921116324,1029.7961106344874,5.971828929088777,7.6281193380332395
-36.803774,159,539.642759,1.0,0.046525310971023075,2041.618723403246,11.569675339604924,12.840369329580163
-122.889398,200,539.7695,0.0,0.3184069671624348,2952.418838995515,16.645995873691195,14.762094194977577
-41.881046,167,539.877594,1.0,0.04971182232892219,2124.9790343419277,12.39151456614056,12.724425355340884
-56.011731,191,540.303869,1.0,0.048896585940752295,2906.507805249041,16.236324713306963,15.21731835208922
-57.013783,200,540.453427,0.0,0.08609301379260303,2839.110316526496,15.241232115301836,14.19555158263248
-100.599211,200,540.585001,0.0,0.1909215020109497,2433.966306653671,13.873383025692371,12.169831533268354
-88.019426,200,540.714012,0.0,0.14946037564312695,2666.6244938562468,14.788587132165619,13.333122469281234
-125.678764,200,540.840459,0.0,0.3670945061336306,2578.9854643672497,14.702033283609826,12.89492732183625
-106.579923,200,540.969954,0.0,0.2013625471716626,2551.253009173369,14.430668639776489,12.756265045866844
-44.818206,173,541.077493,1.0,0.04881129702218253,2543.317655369642,13.867374101182001,14.701258123523942
-31.345698,200,541.206531,0.0,0.3425569913878451,2639.4977512018227,14.839071748561437,13.197488756009113
-36.359428,151,541.301545,1.0,0.04664063373720115,1539.6677320927688,8.956808333137921,10.19647504697198
-66.459026,182,541.413588,1.0,0.048747617712167714,1899.7864260875224,11.097207650310379,10.438386956524848
-65.420834,182,541.524034,1.0,0.04962024857093199,1970.490531869228,11.197532776534821,10.826871054226528
-22.890872,126,541.936633,1.0,0.049789974539769695,1650.434532006236,9.389621731515238,13.098686761954253
-43.396779,200,542.077879,0.0,0.33399694420960996,2205.609638192457,12.369538628241608,11.028048190962286
-39.132732,200,542.212476,0.0,0.21440927895470258,2500.394577244143,14.03543058866652,12.501972886220715
-48.842654,200,542.337968,0.0,0.4220278475968142,2450.6659088412152,13.749425155549002,12.253329544206077
-16.122426,114,542.408493,1.0,0.04317577122796808,1668.1354786410986,9.30431953418888,14.632767356500866
-35.428854,200,542.53103,0.0,0.3428592584078825,1726.7169283460476,9.70073389601107,8.633584641730238
-100.575636,200,542.658585,0.0,0.1843505529004999,2508.288648754709,13.69420859708203,12.541443243773545
-79.658561,200,542.786056,0.0,0.11047874554545287,2433.92762221132,13.722045311544008,12.1696381110566
-106.614245,200,542.908599,0.0,0.2638213703213791,2241.8683398028634,12.507445855544267,11.209341699014317
-41.187574,162,543.012056,1.0,0.04571139393957371,1578.8546210658358,9.522952441886499,9.746016179418739
-40.498632,162,543.1156,1.0,0.04649391162255056,1785.1080584946271,10.555905967671999,11.019185546263131
-22.758923,131,543.198616,1.0,0.04785219728669307,1546.5784787735436,8.903592733201105,11.805942586057585
-44.562763,168,543.639711,1.0,0.04962719038022188,2244.966289258216,12.861897139197627,13.362894578917953
-33.583054,200,543.772774,0.0,0.28258124748456764,1903.5227559286418,10.845538480850843,9.51761377964321
-82.287535,200,543.899269,0.0,0.09977700558103972,2489.841742086924,13.79888841903352,12.44920871043462
-68.674993,197,544.026328,1.0,0.0463948111383933,2507.176759028548,14.303866307417971,12.726785578825117
-101.86103,200,544.157315,0.0,0.18229700840301974,2183.9966843202383,12.250295700889058,10.919983421601192
-33.901002,200,544.280482,0.0,0.24422895939632863,2625.362134546168,14.743915762241922,13.126810672730839
-107.268286,200,544.404011,0.0,0.2024777750469239,2141.693137080054,12.235383423969557,10.70846568540027
-43.873901,200,544.533011,0.0,0.2797530749639012,2038.2023608584034,12.0024074881724,10.191011804292017
-153.143898,200,544.658541,0.0,0.4706766465836361,2821.3149892701363,16.266692001168717,14.106574946350682
-64.762436,200,544.782066,0.0,0.08394445979205344,2726.0730774130748,15.270872233344663,13.630365387065375
-138.99114,200,545.237295,0.0,0.37397263900117544,2613.7185852458083,14.94494759157923,13.06859292622904
-67.217139,200,545.371819,0.0,0.10883273671943017,2988.08582975138,17.658710423766976,14.9404291487569
-56.794054,181,545.489338,1.0,0.04619070367736823,2148.3879277156784,12.479273930708734,11.869546561965073
-116.49562,200,545.617519,0.0,0.2773473303227291,2637.009929517025,15.013356356651782,13.185049647585124
-50.040227,175,545.729137,1.0,0.048798354697295224,2173.644640590705,12.224763134640094,12.42082651766117
-33.877259,148,545.820598,1.0,0.04756716384030205,2009.9508671605076,11.318079372983751,13.580749102435863
-19.829474,114,545.892598,1.0,0.04837578102276754,713.7965233117235,4.141515337447509,6.261373011506347
-54.126037,200,546.016646,0.0,0.11677821018518415,2197.9320637724304,12.427945032468461,10.989660318862152
-57.783394,200,546.144165,0.0,0.4468396587375627,2147.925405671684,11.720024763120058,10.73962702835842
-126.607373,200,546.271446,0.0,0.3316642219780859,2783.8518343974183,15.407817308693673,13.919259171987092
-6.571042,28,546.291445,1.0,0.03914392042006634,31.78991591131218,0.25837970184883424,1.1353541396897207
-34.146995,200,546.419741,0.0,0.30836831881982635,1931.6114805634097,11.180626109494437,9.658057402817048
-17.452332,114,546.486729,1.0,0.04630796361020311,1563.0010332689571,8.456799350305117,13.710535379552256
-20.164554,125,546.884472,1.0,0.04565676046617506,1418.278965124579,8.43858675203682,11.34623172099663
-59.512604,181,547.016525,1.0,0.04587625428306125,1844.893763431699,10.96978455510072,10.192783223379552
-74.155259,200,547.14507,0.0,0.06206858427509568,2659.7236250003857,15.22963418019299,13.298618125001928
-39.01172,200,547.269533,0.0,0.3177571501446315,2587.13475990188,14.820955260873452,12.9356737995094
-29.936697,148,547.366049,1.0,0.04680056714322651,1530.2001817971216,8.733081830632285,10.339190417548119
-50.972659,166,547.474265,1.0,0.047530191456621684,1575.2140295216789,9.164597593459783,9.48924114169686
-12.62995,101,547.541781,1.0,0.04967291221140057,1025.5241321224962,6.010124417322967,10.153704278440557
-39.145106,200,547.674299,0.0,0.3088730651253303,2239.1219065953546,12.872784307874976,11.195609532976773
-133.044327,200,547.818245,0.0,0.3383957820926191,2887.468059474193,16.221070646684236,14.437340297370966
-80.604349,200,547.952753,0.0,0.11746950636026103,2169.4133809972304,12.09874739381985,10.847066904986152
-34.634905,140,548.039345,1.0,0.0466812911553281,1374.1611073644533,7.895652707414863,9.815436481174666
-34.137153,200,548.540228,0.0,0.3625825524419662,1842.781470336428,10.449080092527804,9.21390735168214
-81.258491,200,548.690319,0.0,0.1453889990429521,2191.061259274491,12.705451471238472,10.955306296372456
-39.01701,200,548.825015,0.0,0.3823531018325162,2397.772495305972,13.705821769248384,11.98886247652986
-101.826858,200,548.954579,0.0,0.17763286468142594,2188.151842674152,12.440384601670242,10.94075921337076
-44.344768,200,549.08409,0.0,0.3562583304694422,2175.8532864607037,12.526128567355471,10.879266432303519
-39.179326,166,549.191625,1.0,0.04692241072109259,2079.174393495248,12.119436530430256,12.525146948766553
-37.151054,156,549.292146,1.0,0.04771462240539616,1453.281933214387,8.577811931321357,9.315909828297352
-42.562025,163,549.396733,1.0,0.04692314603991343,1903.7519139081683,11.24697777425993,11.67945959452864
-132.456538,200,549.518787,0.0,0.35246580412026335,2879.9353262354102,16.254554741110255,14.399676631177051
-55.961599,200,549.647307,0.0,0.40540898587029156,2030.7416431363042,11.71838643915126,10.15370821568152
-47.656538,200,549.774172,0.0,0.1596286531407903,2353.8373811130223,13.31076442066409,11.769186905565112
-95.052802,200,550.220951,0.0,0.16565547658225396,2434.2347670757345,13.757639731221742,12.171173835378672
-35.206327,159,550.345467,1.0,0.04787869504151451,1931.6530794653386,10.802345060146115,12.148761506071311
-92.398053,200,550.48098,0.0,0.1814493872517891,2623.944389135915,14.888930301340263,13.119721945679576
-43.156445,200,550.60852,0.0,0.2615516892653867,2070.347134430671,12.254692402253262,10.351735672153355
-116.93873,200,550.734912,0.0,0.28931238899162587,2472.235151674274,14.068135591520141,12.36117575837137
-65.610546,200,550.856488,0.0,0.07510939490801409,2214.95160887912,13.069484031319597,11.074758044395601
-10.676602,102,550.919977,1.0,0.04691010570138124,1338.8814483773115,7.833104525304073,13.126288709581486
-125.543167,200,551.045527,0.0,0.34529710091605165,2713.25982095579,15.635168996274258,13.56629910477895
-32.659507,200,551.169509,0.0,0.2612646450241966,1928.891951601645,10.89707568898555,9.644459758008225
-114.673434,200,551.29503,0.0,0.3034036398236827,2641.3010263134042,15.143141100063515,13.20650513156702
-61.485072,192,551.417613,1.0,0.049627390113195724,2483.2438884357753,14.292512017460368,12.933561918936329
-33.34499,150,551.508623,1.0,0.04696412808783186,1492.1785875248847,8.458859078248276,9.947857250165898
-123.35025,200,551.966252,0.0,0.30534819893264076,2531.7883097541726,14.588817995008062,12.658941548770862
-29.062228,139,552.060758,1.0,0.04782293890460769,1898.8525899365914,10.46992706417215,13.660809999543822
-54.68677,171,552.170296,1.0,0.04992640057498468,1860.029008456352,10.608330444476007,10.877362622551766
-100.886269,200,552.298788,0.0,0.17737159596760618,2694.4677907577757,15.27491249787553,13.472338953788878
-50.400769,200,552.4279,0.0,0.4331959906580516,2310.6460111820898,12.70385605548361,11.553230055910449
-89.178646,200,552.55835,0.0,0.17382336880552327,2582.079962069166,14.964331731709349,12.91039981034583
-99.692676,200,552.685846,0.0,0.18914967294760435,2745.880690951671,14.77553593671829,13.729403454758355
-113.833495,200,552.812881,0.0,0.2597927270212932,2725.0311814618944,14.473355633695192,13.625155907309471
-102.495913,200,552.9405,0.0,0.19835603089736953,2363.3850977512006,13.393750747648099,11.816925488756004
-31.665687,140,553.030113,1.0,0.04976242632342966,1050.6174332371631,6.199068847662846,7.504410237408308
-51.085008,200,553.470232,0.0,0.12055078029066811,2817.7951099076918,15.631383889068877,14.088975549538459
-113.641888,200,553.605745,0.0,0.2599797634239424,2674.462717818334,15.548473691353207,13.37231358909167
-56.492677,185,553.728803,1.0,0.04551755277195017,2410.1243063831585,13.71893386563349,13.027698953422478
-53.058333,200,553.855025,0.0,0.35300335975256336,2091.8034676437182,12.297254572339472,10.459017338218592
-63.811118,200,553.978505,0.0,0.05836317824139158,2743.464704616807,15.826836717710524,13.717323523084035
-42.797352,200,554.104059,0.0,0.2134549950392923,2113.0259530158332,11.78444358686925,10.565129765079167
-9.4477,35,554.127597,1.0,0.047028356614740675,31.90450790857414,0.2595256131303862,0.9115573688164039
-28.045315,134,554.214122,1.0,0.0497159325844708,1512.0178681834557,8.4633334976336,11.283715434204893
-16.178932,107,554.282119,1.0,0.04799577842782423,1216.9008902580824,7.132965065940321,11.372905516430677
-52.213306,200,554.401658,0.0,0.3871692942483034,2140.996219724426,11.909898850563062,10.70498109862213
-113.678771,200,554.527748,0.0,0.23695544456145032,2181.935862996227,12.125744802438687,10.909679314981135
-58.253045,174,554.639272,1.0,0.0482707445382432,1617.1297437407293,9.04368052985963,9.293849101958214
-51.046765,178,554.744783,1.0,0.04903366360863473,2312.511984134571,12.325989264758926,12.991640360306578
-57.922588,200,555.238748,0.0,0.07613385261332052,2708.814010919155,14.56077417946966,13.544070054595775
-15.214433,117,555.316295,1.0,0.04139656316200382,1483.7712248405342,8.561675002542712,12.681805340517386
-30.653894,150,555.416824,1.0,0.04588657314615773,2182.6704515862048,12.206761329636107,14.551136343908032
-39.859221,161,555.524406,1.0,0.04942575715804658,1720.2891951428371,9.658966304074214,10.685026056787809
-36.436262,200,555.652992,0.0,0.2827328888124954,1455.771414320383,8.111952592105911,7.278857071601915
-46.516227,200,555.776424,0.0,0.33860729222989283,2249.1070822982315,12.459139524975411,11.245535411491158
-38.84441,200,555.898951,0.0,0.3253872153960774,1573.970101880357,9.025742147137896,7.869850509401785
-43.570541,200,556.021029,0.0,0.21747997117098247,2335.307961579374,13.155650459148616,11.67653980789687
-35.038186,153,556.120551,1.0,0.04671834315263122,2040.6652408457287,11.956228614934412,13.337681312717182
-70.974679,197,556.238131,1.0,0.04874045843578746,2114.873885890729,11.786652677490968,10.735400435993549
-45.747006,157,556.333591,1.0,0.047473333927805894,1709.8137082494939,9.441381700461784,10.890533173563655
-93.813206,200,556.769688,0.0,0.160041462222741,2331.2341807408693,13.033436517929326,11.656170903704346
-36.81047,200,556.922719,0.0,0.3696907618137284,1806.5183101107816,10.330174251007028,9.032591550553908
-16.483115,106,556.995723,1.0,0.048741870294136555,1230.4658138552097,7.187675269692668,11.608168055237828
-91.667718,200,557.124787,0.0,0.1599560606518636,2948.0906660997953,16.378980767457797,14.740453330498976
-49.008672,167,557.23017,1.0,0.04900862702370058,1707.5859437502004,9.634593015019963,10.225065531438325
-47.461866,200,557.357328,0.0,0.3040339204221912,1942.8726741893277,10.608794462566529,9.714363370946637
-64.871578,192,557.480862,1.0,0.049413758672299454,2377.2310200756274,13.84560375526126,12.381411562893893
-78.568543,200,557.60839,0.0,0.08903869959711537,2718.008277886294,15.28506522543847,13.59004138943147
-74.991547,200,557.736416,0.0,0.06477567062750628,2429.1640783604494,14.143833684812407,12.145820391802246
-87.781642,200,557.86394,0.0,0.10682342486204767,2559.9923398703622,14.295524722323794,12.799961699351812
-134.311035,200,557.992124,0.0,0.36385050780462463,2671.7090294930713,15.417364823068784,13.358545147465357
-40.430014,200,558.419706,0.0,0.20818974769422655,2285.3865067720935,12.9231225080201,11.426932533860468
-34.209802,158,558.531177,1.0,0.04913167730189521,1090.075274616066,6.902625699891839,6.899210598835861
-28.446986,138,558.626706,1.0,0.04990585469916431,1786.5391139571104,10.176909094005113,12.945935608384858
-131.486925,200,558.757236,0.0,0.35857045543406524,2332.0322128337934,13.173503158855675,11.660161064168967
-119.164227,200,558.883783,0.0,0.2595414414649209,2344.2137146670448,13.238750001198145,11.721068573335224
-47.373729,200,559.012322,0.0,0.18832171597887695,2421.0005872712154,13.84180128655168,12.105002936356078
-97.063459,200,559.133395,0.0,0.1479344767198022,2166.1880016634423,12.456416693556177,10.830940008317212
-22.20184,132,559.213386,1.0,0.04710065104629648,1451.8091862951828,8.43733936500398,10.998554441630173
-95.043745,200,559.336503,0.0,0.18608248714276276,2955.230940331899,16.294865972458147,14.776154701659495
-56.334658,200,559.467854,0.0,0.11565923871776458,2155.685251944646,12.344094152714577,10.778426259723231
-44.673553,164,559.574408,1.0,0.04570067332786036,1586.089719341382,9.286314390264891,9.671278776471842
-131.18995,200,560.013903,0.0,0.3673969006829448,2887.0623020131416,16.07719622280949,14.435311510065707
-35.696333,200,560.155924,0.0,0.35184499751575254,1860.914523838723,10.641405490581262,9.304572619193614
-23.483469,129,560.245441,1.0,0.042399294931960055,1727.3279440869385,10.237232564178075,13.390139101449135
-37.467986,200,560.372764,0.0,0.2907143747051973,2530.161337952569,13.855627994379885,12.650806689762844
-43.124963,157,560.469286,1.0,0.049171697567102206,1556.0043075676708,9.218018059850392,9.910855462214464
-13.994446,103,560.534808,1.0,0.04477661736385748,1364.7111302491776,8.065583959538959,13.249622623778423
-15.404245,105,560.601817,1.0,0.04692137125262161,1444.9584664297179,8.215600390763568,13.761509204092551
-134.282266,200,560.728758,0.0,0.43993238924556277,2745.0489558937097,15.589940842147202,13.725244779468548
-32.978272,148,560.819307,1.0,0.047855475893105966,2067.9023004800642,12.048974195528537,13.972312841081514
-55.092597,182,560.92981,1.0,0.04885705322352402,2171.5154026935675,12.420831946075802,11.931403311503118
-47.245186,167,561.032269,1.0,0.0499479084898607,1666.842188064955,9.81372796902364,9.981090946496737
-128.590215,200,561.158779,0.0,0.3279994566724987,2654.4392948242657,14.903563805721893,13.272196474121328
-35.201979,152,561.251893,1.0,0.04923411374209474,1745.9659487453907,10.012546002874757,11.486618083851255
-24.394267,138,561.667909,1.0,0.04621162732504189,1151.9651370566173,6.707778714823096,8.34757345693201
-8.992264,52,561.717294,1.0,0.049055544346196606,25.08875699633772,0.21961727570698586,0.48247609608341774
-49.408327,200,561.867352,0.0,0.08949857039473878,2083.830103610414,12.164923049254572,10.41915051805207
-81.2557,200,561.993888,0.0,0.12549120838834021,2564.5691726612795,14.439224200294884,12.822845863306398
-52.228485,200,562.119926,0.0,0.08876145779534378,2679.706623127898,15.386791861160612,13.398533115639491
-21.825665,123,562.19993,1.0,0.049505475751696906,1547.069332912228,8.781067335619694,12.57779945457096
-79.092499,200,562.322998,0.0,0.09305611865485565,2668.95026869802,14.694972590833004,13.344751343490099
-66.458395,196,562.444438,1.0,0.046456869651087314,2305.0278665396663,13.037257315708471,11.76034625785544
-83.069676,200,562.567992,0.0,0.1468289033296819,2593.6024866097405,14.352095654806392,12.968012433048703
-122.654071,200,562.691514,0.0,0.35470121901880064,2476.2095652833527,14.574343729857727,12.381047826416763
-70.20488,193,562.810039,1.0,0.04632162766644664,2131.5156380096055,12.199874344227915,11.044122476733707
-99.440729,200,562.933088,0.0,0.2069000668358009,2830.8322451776558,15.557249740795854,14.154161225888279
-10.783949,89,563.300677,1.0,0.049917927828479106,1093.8688383490412,6.206258204999626,12.290661105045407
-7.317411,29,563.325209,1.0,0.04373007270725588,31.80628619663531,0.2585434034604845,1.0967684895391485
-26.685532,137,563.43467,1.0,0.049217211057890536,1846.0565935018233,10.37059825398651,13.47486564599871
-90.900634,200,563.566218,0.0,0.12032371875953597,2457.767524574346,14.204247383293511,12.288837622871732
-35.83033,153,563.665677,1.0,0.047381764109662765,1668.8720968718503,10.094085745386206,10.907660763868302
-134.805282,200,563.792546,0.0,0.3545954908602886,2614.3267165697575,15.081833299818179,13.071633582848788
-46.459697,200,563.923821,0.0,0.3612482854356226,2275.898868269687,12.70163720476209,11.379494341348433
-52.471337,200,564.053344,0.0,0.1359916842222513,2175.8634508912332,12.7295701633326,10.879317254456167
-22.138744,126,564.133872,1.0,0.04822098327019296,875.7480178713635,4.949680039986313,6.95038109421717
-81.603995,200,564.259411,0.0,0.11277547186719492,2319.265032185426,12.762343426837244,11.596325160927131
-61.822308,184,564.369892,1.0,0.04883590273457608,2109.6548180967548,12.050270486164406,11.465515315743232
-107.083689,200,564.494439,0.0,0.24517757485987232,2817.1708709192135,16.093308640795595,14.085854354596067
-46.297715,168,564.920449,1.0,0.04651171544206676,1846.0382251009248,10.693857371152017,10.988322768457886
-96.27524,200,565.058084,0.0,0.1963441543558557,2725.2450820813897,15.122590086174291,13.62622541040695
-55.77034,182,565.185611,1.0,0.047531368901522174,2192.8973126386873,13.247942426828862,12.0488863331796
-117.418916,200,565.311187,0.0,0.27066570574057386,2696.6098614099915,15.25892706153364,13.483049307049958
-6.632434,29,565.330639,1.0,0.0433309196539921,74.59698573460659,0.5316250820316923,2.572309852917469
-96.218849,200,565.458229,0.0,0.17666985265850427,1866.0165342982907,10.377564685761856,9.330082671491454
-19.143781,113,565.530797,1.0,0.04951799745873211,1228.4067418012673,6.987331728424538,10.870856122135109
-76.947535,200,565.657312,0.0,0.09927039911872156,2466.0953257350757,14.061713422403189,12.330476628675378
-47.142219,200,565.783662,0.0,0.15667130947669305,2108.177311348455,12.110853803848745,10.540886556742276
-36.159162,200,565.906201,0.0,0.3517398681087665,1709.8338738485972,9.97827820000624,8.549169369242986
-30.010861,145,566.000985,1.0,0.04374665312492647,1491.7612564023214,8.449955592971301,10.288008664843595
-68.953616,200,566.126297,0.0,0.09322781989586489,2221.069374102873,12.76517128370054,11.105346870514365
-48.792331,200,566.560397,0.0,0.14766066169770367,1900.0875305435636,10.729592394497907,9.500437652717817
-67.997472,200,566.698913,0.0,0.09784405621572433,2124.737963986867,12.702949698634002,10.623689819934334
-45.763995,200,566.835953,0.0,0.3020562840718378,1960.1827538946543,11.326682926227345,9.800913769473272
-120.867586,200,566.964113,0.0,0.29990623044641357,2506.1001469473367,14.545498773919224,12.530500734736684
-143.515507,200,567.092634,0.0,0.4587469541183103,2818.4469457614955,16.00082900943455,14.092234728807478
-13.625009,103,567.154183,1.0,0.04881111284422533,1334.0993150548445,7.652663082835363,12.952420534513054
-115.901399,200,567.279635,0.0,0.2590925430393252,2548.7518865173556,13.87702295145948,12.743759432586778
-49.636655,174,567.383163,1.0,0.04546433872086339,1504.4124111482643,8.960972382114047,8.646048339932554
-37.776525,200,567.509297,0.0,0.35377934191615884,1726.2496829531465,10.190851388953291,8.631248414765732
-120.492774,200,567.631334,0.0,0.2951353489187457,2602.9604860221025,14.911794722374236,13.014802430110512
-81.370228,200,567.758857,0.0,0.117928296756787,2197.8370604985353,12.279430714242334,10.989185302492677
-75.67443,200,568.206416,0.0,0.10700346342752057,2614.3744497662083,14.802041410728838,13.071872248831042
-64.841616,194,568.349534,1.0,0.0491427786019412,2645.5398232672956,15.253725657553764,13.636803212718018
-124.01016,200,568.487065,0.0,0.3025777437755077,2881.0916575526835,16.33444092811289,14.405458287763418
-75.631029,200,568.616613,0.0,0.0820520460989297,1978.8716745490458,11.315809968657861,9.894358372745229
-134.017696,200,568.743641,0.0,0.3572242088131294,2417.7472119762833,13.85521543375397,12.088736059881416
-41.399941,200,568.871544,0.0,0.21195291047720374,2177.8228464513973,12.233438571363601,10.889114232256986
-109.850278,200,568.994061,0.0,0.22434437412953045,2118.7146369930733,11.847228376931556,10.593573184965367
-43.380197,200,569.115614,0.0,0.14410331399753398,2510.1768064805506,14.48502047085686,12.550884032402752
-62.777547,200,569.24259,0.0,0.43550493058304596,1993.4240149346479,11.850844635644457,9.96712007467324
-52.715112,188,569.360091,1.0,0.04965040539590482,2309.5023496057515,13.114183998265016,12.28458696598804
-126.503947,200,569.482642,0.0,0.35112134330179073,2895.4738774675675,15.771756970386278,14.477369387337838
-72.931092,200,569.932173,0.0,0.05822006659232667,2581.537145633666,15.22783789680185,12.90768572816833
-145.720841,200,570.066302,0.0,0.5031855558370805,2951.23774723128,16.322953332691274,14.7561887361564
-54.261552,178,570.182827,1.0,0.048648305574317895,1996.0620730387632,11.190034382167372,11.213831871004288
-37.298028,154,570.280353,1.0,0.04840262218220391,1763.628577367767,10.224194000010836,11.452133619271216
-101.216567,200,570.41204,0.0,0.2295825914228416,2694.96044980838,14.88917670556755,13.4748022490419
-66.022556,200,570.54066,0.0,0.05563701202659577,2457.3855672255772,14.178834720343241,12.286927836127886
-85.490141,200,570.666181,0.0,0.16141503716503428,2680.4276973618857,15.361346336018546,13.402138486809429
-50.161249,168,570.772719,1.0,0.049976548906842146,1966.4908141560436,11.640027709019064,11.705302465214546
-106.334573,200,570.895231,0.0,0.22814868919481515,2197.2989145568117,12.557105462957388,10.986494572784059
-38.935929,155,570.990659,1.0,0.048091089499610586,1163.4438268429233,6.753877434750369,7.506089205438214
-74.126724,200,571.116215,0.0,0.13171056221049138,1973.1622603917808,11.199176077871796,9.865811301958905
-41.261127,200,571.580396,0.0,0.2939042192730051,2074.043248934335,11.602706371542382,10.370216244671676
-115.439085,200,571.714948,0.0,0.28014701903211103,2296.6669424658376,12.854175272561562,11.483334712329189
-18.989919,122,571.794442,1.0,0.04435701464883369,1380.1158863314533,7.733465397488214,11.312425297798798
-131.757594,200,571.92555,0.0,0.37478039645464767,2455.159636188996,13.331660399198684,12.27579818094498
-52.524529,200,572.053081,0.0,0.3601370206124756,1992.4412139958074,11.42959290561836,9.962206069979038
-30.533954,200,572.175621,0.0,0.33269628861506423,2274.145407000248,12.870859808948323,11.37072703500124
-7.338758,29,572.194621,1.0,0.04692627259478168,31.80628619663531,0.2585434034604845,1.0967684895391485
-8.063708,76,572.244144,1.0,0.04635058675301882,848.2960226418409,5.240225652913192,11.16178977160317
-62.317989,190,572.364678,1.0,0.047580896149344486,2371.7854208675526,13.36139255113446,12.483081162460802
-136.639935,200,572.49023,0.0,0.3769538338121485,2516.8044340051924,14.79769168711033,12.584022170025962
-47.106553,200,572.618149,0.0,0.2416483048762427,2020.8608339043287,11.793468223951606,10.104304169521644
-32.946955,147,572.712204,1.0,0.046148828249996644,2008.0505112640897,11.51024572255301,13.660207559619657
-31.637546,200,573.148659,0.0,0.2905515635505195,2081.1484255255655,11.922197057745029,10.405742127627827
-92.485071,200,573.288185,0.0,0.171419164292965,2510.5085663695218,14.538764443615237,12.552542831847608
-82.510816,200,573.415707,0.0,0.10090813732486258,2338.171202637185,13.324975654066856,11.690856013185925
-52.826534,200,573.54377,0.0,0.11819698932653168,2067.9487410775228,11.787754881294788,10.339743705387614
-52.373216,200,573.667292,0.0,0.33435108265018115,1891.257257096735,11.002444146518371,9.456286285483674
-113.605362,200,573.791816,0.0,0.2520405748608025,2524.1404821669403,14.498184600476598,12.620702410834701
-108.280816,200,573.914356,0.0,0.2243845588145575,2544.9353609238774,14.828283931111304,12.724676804619387
-7.651545,30,573.933873,1.0,0.04067047967453193,39.64599556662898,0.3188065533194411,1.3215331855542993
-51.550271,184,574.049428,1.0,0.04908288954488502,1745.4906843750541,9.755859592827886,9.486362415081816
-29.07749,151,574.140969,1.0,0.04689472445238663,1301.9978221558029,7.221470949948549,8.622502133482138
-44.552859,180,574.25463,1.0,0.04779851562513581,2444.0170274986394,13.640850196096755,13.577872374992442
-29.113311,138,574.336,1.0,0.0480669931919768,1540.7619218404227,8.591579903503343,11.16494146261176
-33.31963,200,574.79107,0.0,0.295158638431254,2122.496135159409,11.973460564871315,10.612480675797045
-75.911106,200,574.930224,0.0,0.07668629761598517,2649.99251947731,15.331976054289502,13.24996259738655
-41.19727,200,575.057498,0.0,0.2322284917605234,1840.4940587816236,11.387452738863944,9.202470293908117
-72.17994,200,575.181977,1.0,0.04821487057546048,2425.294568349061,13.862995641479504,12.126472841745306
-9.685655,59,575.219986,1.0,0.04919785440555852,40.35596357321936,0.36244941658491,0.6839993825969384
-11.958617,95,575.277505,1.0,0.042449287205689926,1017.8272762937653,5.953281028250365,10.713971329408055
-37.248514,154,575.378138,1.0,0.047214163281390845,1844.49455863827,10.500777319014556,11.977237393755
-35.428423,151,575.470662,1.0,0.0472096704327028,2074.345568724996,11.728386349583054,13.737387872350968
-139.712977,200,575.597183,0.0,0.40807427927258505,2576.798362349219,14.521782343904645,12.883991811746096
-7.371361,31,575.61776,1.0,0.04930368196998796,74.64608375741402,0.5321160575466014,2.4079381857230326
-40.244847,166,575.723795,1.0,0.04560745311813294,2020.4372604975583,11.392972858461283,12.171308798178062
-96.535526,200,575.852312,0.0,0.17511212907684004,2509.8865324495882,13.868857978917246,12.549432662247941
-54.224297,200,575.97282,0.0,0.403270461953519,2195.220310953794,12.55828009897763,10.97610155476897
-28.231401,134,576.377869,1.0,0.0466576204366437,937.4051619851915,5.498384762052477,6.99556091033725
-77.533943,200,576.523906,0.0,0.08372449828435012,2488.5955658637613,13.963364538926713,12.442977829318806
-64.05088,190,576.645434,1.0,0.047154894652596396,2114.638395514754,11.975765757851276,11.129675765867127
-41.236409,200,576.772969,0.0,0.2651730405775457,2315.5875243741566,13.62060110138664,11.577937621870783
-133.696801,200,576.898482,0.0,0.3528934650990183,2806.7256437427727,16.09352079838985,14.033628218713863
-75.423396,200,577.025483,0.0,0.12035460025739719,2199.9742350756665,12.56650203790346,10.999871175378333
-92.366088,200,577.152012,0.0,0.15032404484849615,1972.937919098294,11.306163166020767,9.86468959549147
-31.269349,144,577.244526,1.0,0.046585323970233,1743.0077216150512,9.813266745284771,12.10422028899341
-104.511101,200,577.372059,0.0,0.20629529859130352,2328.030688338959,13.141281677616659,11.640153441694794
-55.317728,200,577.494574,0.0,0.10848804304085662,2918.4627107640904,16.573798297160916,14.592313553820452
-113.122406,200,577.615132,0.0,0.25058496044984097,2893.6935546851214,16.57029795821824,14.468467773425607
-50.849579,177,578.080721,1.0,0.0484882246308765,1536.0343180465102,9.036193216333498,8.678159988963335
-93.512974,200,578.225765,0.0,0.16494883228298518,2277.36990460322,12.902060021256478,11.386849523016101
-40.880713,200,578.35509,0.0,0.3538987968913567,2403.477025751902,13.68494910562727,12.01738512875951
-49.77131,200,578.478623,0.0,0.4102632401007828,2244.828549731267,12.77631532955011,11.224142748656334
-73.244886,200,578.603144,0.0,0.09369326270872828,2992.4813344523914,16.399566550890913,14.962406672261956
-50.990054,172,578.71368,1.0,0.04430065173785895,1860.295008681055,11.000728709061534,10.815668655122412
-17.73074,111,578.785201,1.0,0.04929846640896172,1579.6002976897648,8.660795855760394,14.230633312520403
-94.065103,200,578.913723,0.0,0.17518378547769653,3034.9798971278897,16.935773870295115,15.174899485639449
-80.325845,200,579.040766,0.0,0.1459868510029814,2803.5953171694478,15.97658524043785,14.017976585847238
-81.852055,200,579.170527,0.0,0.09072577555878635,2324.97143115265,13.12295738521698,11.62485715576325
-88.34124,200,579.291668,0.0,0.13402408398137713,2567.103149266069,14.50356675418155,12.835515746330346
-89.840625,200,579.740832,0.0,0.17110124187367873,2497.218894978067,13.734169038236047,12.486094474890335
-40.915519,200,579.879349,0.0,0.2283550993937883,2283.6440755310564,12.944948563019077,11.418220377655281
-62.868507,189,579.997861,1.0,0.048582584258820574,1935.1118279432335,11.456723244627263,10.238686920334569
-67.354031,200,580.11991,0.0,0.09251626615905728,1988.8057984315913,11.510978761759485,9.944028992157957
-77.083531,200,580.250956,0.0,0.13315507270810054,2192.7798880958953,12.309595938257747,10.963899440479477
-50.322186,200,580.371418,0.0,0.1422665216917757,1981.6023022752763,10.961962529280258,9.908011511376381
-36.038335,200,580.493935,0.0,0.3561518464282566,1894.4009437238697,10.49049566723646,9.472004718619349
-9.085748,93,580.554463,1.0,0.046917831321003696,1355.2521628430243,7.337534283403219,14.572603901537896
-18.621374,121,580.631991,1.0,0.04897067318220499,1446.709347428458,8.206098389941044,11.956275598582296
-44.180249,200,580.756504,0.0,0.3551083507325281,2312.909921610179,12.690707448067267,11.564549608050894
-58.768105,200,580.884022,0.0,0.43973750365192726,1787.8551982670197,10.76362165567776,8.939275991335098
-77.958664,200,581.339785,0.0,0.12701743281138908,2089.8319738776822,11.604075887719512,10.449159869388412
-64.279527,200,581.474802,0.0,0.05117129458057788,2365.680541093797,13.96018619438976,11.828402705468983
-132.609628,200,581.602359,0.0,0.3986299901847094,2644.9989121104995,15.22061833389549,13.224994560552497
-124.803467,200,581.731443,0.0,0.29102625202846255,2339.7362256111332,13.047342232372264,11.698681128055666
-106.906819,200,581.853958,0.0,0.23922805419716525,2710.8152860200694,15.520724759509623,13.554076430100347
-95.879421,200,581.979478,0.0,0.14747758672612177,2474.0218197858476,13.939038253390658,12.370109098929237
-35.552172,146,582.072984,1.0,0.04650360559233663,1305.8569948046345,7.586387833624471,8.944225991812566
-66.864478,195,582.194521,1.0,0.04956279208060409,2383.5250010920195,13.51569712119475,12.223205133805228
-45.568472,167,582.302038,1.0,0.048358111622135186,1866.869350204,10.654040873369665,11.17885838445509
-90.659861,200,582.431077,0.0,0.14179739592859572,2128.4394329524653,12.07581507341558,10.642197164762326
-73.9486,200,582.561771,0.0,0.07374254165122006,2779.8436833707588,15.88594168093001,13.899218416853794
-105.800664,200,583.013843,0.0,0.23263553081178975,2375.9025527910203,13.950657250858583,11.879512763955102
-83.401585,200,583.146883,0.0,0.14981766093578583,1988.2490485373426,11.51654665722574,9.941245242686712
-73.479988,200,583.277412,0.0,0.078066984850607,2694.8701864238055,15.349455398501853,13.474350932119028
-31.964854,200,583.404937,0.0,0.3313725955097504,2508.086156830183,14.317855133007297,12.540430784150915
-59.158674,188,583.526448,1.0,0.04974491532731719,2077.2649099758314,11.90875850802318,11.049281436041657
-37.931634,158,583.629452,1.0,0.04921117136884586,1577.3160158093665,8.992083422350396,9.98301275828713
-146.5318,200,583.757581,0.0,0.4490838225713444,2452.899525844482,13.951421018282423,12.26449762922241
-7.446163,64,583.799137,1.0,0.0471206099661769,614.7537620765233,3.683855632282482,9.605527532445677
-107.561058,200,583.927188,0.0,0.22592880297261278,2429.53811486132,13.307062051124877,12.147690574306601
-10.499816,59,583.965188,1.0,0.047702084846524204,39.176732570976974,0.3322460924769343,0.6640124164572369
-98.198096,200,584.0867,0.0,0.20333513251016402,2582.5238719796425,14.372592390341648,12.912619359898212
-66.049576,189,584.552291,1.0,0.045539483284069426,1945.5382603143078,11.013387432659634,10.293853229176232
-6.538973,28,584.570292,1.0,0.04232559804166694,61.71783949924628,0.5048904070802306,2.20420855354451
-116.252013,200,584.712807,0.0,0.2651007636814962,2305.5810647866783,12.9790888412698,11.52790532393339
-49.937984,200,584.842859,0.0,0.4325311731265909,2395.889173084979,13.314017263653033,11.979445865424896
-19.443925,117,584.91588,1.0,0.04941684271551408,1578.0267456971774,8.743864305039923,13.487408082881858
-31.915765,158,585.019431,1.0,0.049759872535077194,2119.689623242409,11.687941610381374,13.415757109129173
-36.519073,150,585.11695,1.0,0.04538175772995263,1592.236654819624,9.33922295205376,10.614911032130827
-33.586869,144,585.209485,1.0,0.0472455015074829,1490.8016870059198,8.636779510212389,10.352789493096665
-37.164788,200,585.337557,0.0,0.3574381029935428,2166.028402253294,12.485780094845598,10.83014201126647
-44.208778,200,585.465085,0.0,0.15632736001542547,2352.8386656098055,13.582964035189272,11.764193328049027
-93.095984,200,585.593603,0.0,0.1922158537349675,2280.2618129351795,12.948496211766395,11.401309064675898
-118.392375,200,585.7257,0.0,0.2720881275582166,2182.410867241802,12.382046860068268,10.91205433620901
-133.266924,200,585.851303,0.0,0.370415455974934,2646.408069005238,14.712406592109526,13.232040345026189
-130.445933,200,586.319362,0.0,0.33240037263974015,2440.875265698509,13.805509885477395,12.204376328492545
-137.601465,200,586.467412,0.0,0.41372502089775487,2804.2111563520093,15.984717329549397,14.021055781760047
-117.225727,200,586.596664,0.0,0.2891613227130232,2294.4717684323377,12.835706570159106,11.47235884216169
-91.83576,200,586.726704,0.0,0.15356691732655922,2397.8676589269626,13.004319423894959,11.989338294634813
-35.789136,200,586.855242,0.0,0.28913395845458695,1596.6987870375776,8.963683302524947,7.983493935187888
-34.644913,200,586.983772,0.0,0.22950612693581282,2432.502612983128,13.28483140158158,12.16251306491564
-122.898567,200,587.111296,0.0,0.3154014393180687,2489.092693691514,14.678058606571954,12.44546346845757
-37.334551,200,587.240332,0.0,0.3583937914283896,1794.2779400568163,10.254355842616757,8.971389700284082
-91.609244,200,587.364854,0.0,0.1804491713067144,2044.6486960314835,11.705179771406108,10.223243480157418
-80.539592,200,587.492377,0.0,0.09547699066497782,2554.344530664323,14.124563079150771,12.771722653321614
-61.132549,200,587.96525,0.0,0.09211712361898758,2733.067637200128,15.297379830927479,13.66533818600064
-49.525211,163,588.082768,1.0,0.049336709083132035,1480.7006393303757,8.231588158822435,9.084053002026845
-126.114147,200,588.214291,0.0,0.32032693791552314,2508.1803858462335,14.278866714105204,12.540901929231168
-45.885878,200,588.339333,0.0,0.3183167933458231,2246.518497077207,12.583309728352328,11.232592485386036
-11.747402,86,588.39533,1.0,0.04960425698227391,850.5706710324332,4.906916183576616,9.890356639912014
-38.586598,161,588.500856,1.0,0.04715123064899223,1616.1143430868024,9.441066207429788,10.037977286253431
-43.493328,165,588.607373,1.0,0.0485656316227617,1716.6303070378829,10.058718280860743,10.403820042653836
-38.415047,156,588.701891,1.0,0.04651606902743723,2009.493035885299,11.422648127869452,12.881365614649352
-21.901577,122,588.780408,1.0,0.04694150540654561,1612.502113756887,9.470337682025477,13.217230440630221
-61.378813,200,588.907929,0.0,0.0665213838500213,2661.9520855618252,14.949403125899975,13.309760427809126
-117.312585,200,589.035963,0.0,0.29437150115320104,2365.356308046811,13.70392149275368,11.826781540234055
-33.272793,151,589.132481,1.0,0.04769171570928397,1733.9056218632008,9.675525586044033,11.482818687835767
-68.940946,197,589.570247,1.0,0.04917265495917412,2478.5676465294764,14.056579721597101,12.581561657510033
-104.802554,200,589.703763,0.0,0.2682245314366131,2235.6396357805716,13.042936156776666,11.178198178902857
-118.70232,200,589.840795,0.0,0.2824018442146182,2571.3199576791512,14.50721921257931,12.856599788395757
-50.761636,200,589.968323,0.0,0.31742989162585533,1943.4413646449325,11.466686262287851,9.717206823224663
-113.491289,200,590.096517,0.0,0.2508324840523231,2678.9986171976752,15.285531973813505,13.394993085988377
-63.04796,188,590.217116,1.0,0.049209203804113893,2297.623247023648,13.312100578550256,12.221400250125788
-78.019323,200,590.341145,0.0,0.07601992068445187,2407.9494263665497,13.402781221122982,12.039747131832748
-33.377534,200,590.465686,0.0,0.26704663063852757,2082.293127650181,11.483009892849953,10.411465638250904
-84.652617,200,590.590216,0.0,0.11857427095536574,2583.8227781645505,14.723379396973371,12.919113890822752
-86.93365,200,590.711552,0.0,0.1594415330651308,2553.33652661319,14.455274893095538,12.76668263306595
-42.398918,200,591.156685,0.0,0.24578008777747287,2344.936147540566,13.190753453635066,11.72468073770283
-66.014241,200,591.304745,0.0,0.11352740777301078,2244.083112791385,12.554565899723546,11.220415563956925
-37.427556,200,591.444801,0.0,0.1831558572318656,1664.7710674868576,9.97929924489243,8.323855337434289
-20.579895,124,591.522812,1.0,0.04885686468454702,1503.4615608945262,8.800775573320111,12.124690007213921
-22.73957,126,591.603327,1.0,0.046830193537996154,1499.7126844976603,8.477137802096019,11.902481622997305
-94.307987,200,591.730386,0.0,0.18194942601596722,2781.033288882356,15.584012852528666,13.90516644441178
-60.31368,200,591.852915,0.0,0.4180558586701705,1971.5274011779647,11.484023280579274,9.857637005889824
-71.714588,200,591.977913,0.0,0.05690714250860917,2600.29269624834,14.14180915252523,13.001463481241698
-50.008973,177,592.087175,1.0,0.047526708106684676,2460.924009444817,13.947631995143809,13.90352547708936
-36.229718,145,592.179712,1.0,0.0490993977563077,1382.180032877862,8.141867561585963,9.532276088812841
-44.30616,200,592.308518,0.0,0.2852093335152277,2447.256294932184,14.03451283823571,12.23628147466092
-83.583694,200,592.43084,0.0,0.113558631085276,2692.0396450648705,15.205778245500763,13.460198225324353
-89.885436,200,592.877947,0.0,0.18226738704654888,2595.9977207266,15.114419154612108,12.979988603633
-54.655486,200,593.022479,0.0,0.14645990743392598,2050.906205387212,11.525639076501175,10.25453102693606
-48.577034,200,593.153579,0.0,0.24362560288523508,2031.8671242672244,11.564444533096166,10.159335621336123
-39.472701,200,593.280079,0.0,0.22314869048647545,2387.6553503672217,13.636233925190504,11.938276751836108
-37.31648,200,593.403996,0.0,0.2402776841861375,1662.050825045214,9.5208374317177,8.31025412522607
-41.117912,200,593.528593,0.0,0.27594543832588864,2202.308074299126,12.379123513974982,11.01154037149563
-45.101912,200,593.658606,0.0,0.23393976612105308,2362.0795459422307,13.431155052151535,11.810397729711154
-89.7087,200,593.781163,0.0,0.12408628000722281,2410.2179089839788,14.524722428254119,12.051089544919893
-103.125416,200,593.904654,0.0,0.19700100911850363,2569.217607395668,14.331950002821305,12.84608803697834
-81.585925,200,594.031745,0.0,0.0742309129144415,2280.653820649644,12.781759274568797,11.403269103248219
-6.586692,28,594.049742,1.0,0.03771063954233251,31.78991591131218,0.25837970184883424,1.1353541396897207
-74.577237,200,594.514716,0.0,0.14799103969385194,2568.507692856439,14.182472561456228,12.842538464282194
-47.853201,200,594.667841,0.0,0.3718795034655598,2021.9379362277548,11.352083014026888,10.109689681138773
-68.945485,186,594.788329,1.0,0.04770685074800587,1918.7886483089153,10.310072854229821,10.316068001660835
-39.098614,200,594.913881,0.0,0.3756043008124935,2504.3828922457005,14.272210129723511,12.521914461228503
-45.568623,200,595.038959,0.0,0.3046060502859123,2176.0510604201727,12.01154865467035,10.880255302100863
-34.473273,158,595.139576,1.0,0.04843767163120594,1589.6316966857105,8.872748563799917,10.060960105605762
-8.239601,75,595.187576,1.0,0.04982392092985853,1087.23387134748,6.118167068171014,14.496451617966402
-134.198541,200,595.314128,0.0,0.36912619971630034,2642.0585638086177,14.328361710611434,13.210292819043088
-131.694138,200,595.433119,0.0,0.3302498353213161,2427.3563465318543,13.612953266153514,12.136781732659271
-105.662086,200,595.554604,0.0,0.22552663454911503,2552.290866296877,14.486955679397465,12.761454331484385
-111.711247,200,595.678123,0.0,0.25422613738142,2477.885425131227,14.162961095627695,12.389427125656134
-53.289097,200,596.116551,0.0,0.13435764163834482,1910.9604223120841,11.214523945698264,9.55480211156042
-63.631144,189,596.25258,1.0,0.04635814319613232,2362.398244589874,13.622398506836102,12.499461611586636
-60.764189,193,596.379372,1.0,0.048503137022303466,2053.387226595245,11.697261718398138,10.639312054897642
-81.236165,200,596.508898,0.0,0.12572273165482467,2895.8346277558717,16.53509936236106,14.479173138779359
-44.162695,200,596.635575,0.0,0.17156793150989091,2642.3367481235946,15.293763001654721,13.211683740617973
-139.327411,200,596.760715,0.0,0.38213155062608417,2585.6419929741046,14.563029599708923,12.928209964870524
-86.369747,200,596.889184,0.0,0.11404044973432115,2334.7713992654276,12.99912888826751,11.673856996327139
-130.950838,200,597.01071,0.0,0.3303540605477773,2521.1237041828094,13.534190540051474,12.605618520914048
-63.317848,187,597.126218,1.0,0.049824121494533954,2089.178361160615,11.923295679067275,11.172076797650348
-25.003328,138,597.211738,1.0,0.04813922026403949,916.3081922926897,5.220738120204417,6.639914436903548
-7.239552,30,597.230744,1.0,0.04147230519699039,31.822656481958454,0.25870710507213485,1.0607552160652818
-112.263692,200,597.353731,0.0,0.2180065687122305,2108.4206573231418,11.905696411868925,10.542103286615708
-85.953894,200,597.799853,0.0,0.13289802091356562,2658.6509373106896,14.110201772947288,13.293254686553448
-146.341915,200,597.944913,0.0,0.4262746227596709,2622.9660821650446,14.438266532245734,13.114830410825222
-46.874207,200,598.072354,0.0,0.3200701630899901,2178.9156556075204,12.032112207725156,10.894578278037603
-127.034485,200,598.194786,0.0,0.3375320853541511,2344.803233106368,13.391093615869549,11.724016165531841
-140.327034,200,598.319312,0.0,0.3963947162929066,2662.833603159225,14.242499231202025,13.314168015796124
-106.566005,200,598.440317,0.0,0.22411149013089549,2732.403131527754,15.071107673191932,13.662015657638769
-40.567772,200,598.565837,0.0,0.2564711019120396,2224.201979901015,12.662627047652487,11.121009899505076
-36.129838,151,598.659367,1.0,0.044306396589148055,995.976411926268,5.350230058873982,6.595870277657404
-21.276343,121,598.732926,1.0,0.04784620381370443,1762.7465534440948,10.205988445363431,14.568153334248718
-83.656041,200,598.859838,0.0,0.1655051461646432,2190.7510229936724,12.66422828993885,10.953755114968363
-52.553907,200,598.986628,0.0,0.11093099279298255,2495.4697386938874,13.938587394489884,12.477348693469438
-70.32878,200,599.4237,0.0,0.09452168452024819,2853.2012947124153,15.567946822246551,14.266006473562078
-100.064959,200,599.553704,0.0,0.19064791543960463,2525.5557217676132,14.484645141235838,12.627778608838065
-64.347415,200,599.67916,0.0,0.07564196493625017,2648.5283736665947,14.865462778891018,13.242641868332974
-56.206392,200,599.807698,0.0,0.11644854459314784,2248.935579216803,12.481115968535212,11.244677896084015
-73.426901,200,599.929191,0.0,0.13055654786034313,2148.376763630272,12.503176015421834,10.74188381815136
-70.6975,200,600.058251,0.0,0.06485787928306269,2624.6499599680774,14.788848577133537,13.123249799840387
-44.435543,200,600.180713,0.0,0.12340533083553845,2588.662989237982,14.480513582893032,12.94331494618991
-62.088016,200,600.30622,0.0,0.11599294028665703,2509.908924854964,13.847541383791661,12.54954462427482
-121.195241,200,600.432267,0.0,0.2929711956824201,2772.484957545447,15.963981333797198,13.862424787727234
-104.416318,200,600.5588,0.0,0.23392667753725982,2971.936961718701,16.142645425773047,14.859684808593505
-80.200941,200,601.021592,0.0,0.11972750370030238,2353.640586916367,13.750248209657295,11.768202934581835
-74.763388,200,601.164217,0.0,0.12243352717085074,2459.638618697104,13.610649332250727,12.29819309348552
-81.632846,200,601.29235,0.0,0.1777675234093677,1946.5139215755423,11.459343332307306,9.732569607877712
-24.108461,128,601.369875,1.0,0.0483975126369089,1893.6083725792016,10.369975540087587,14.793815410775013
-24.385982,141,601.458397,1.0,0.048726066715082145,1601.6025215599043,9.000285076574094,11.358883131630527
-34.847644,200,601.584263,0.0,0.2833152447095375,1707.1445987592344,9.611666541881524,8.535722993796172
-57.955011,191,601.698796,1.0,0.04781441096066622,2734.669817088234,15.53666548064408,14.317643021404367
-76.715139,200,601.825337,0.0,0.0958436177943285,2603.179219983631,15.07491147477692,13.015896099918155
-18.906577,118,601.90086,1.0,0.04563296573419465,1258.4043818532853,7.510723072775551,10.664443914010892
-86.10299,200,602.027429,0.0,0.10483679900162034,2209.5716654376274,12.402229129228909,11.047858327188138
-41.581296,200,602.153458,0.0,0.2778056073171276,2147.5607855934445,12.121934204315762,10.737803927967223
-24.547787,124,602.229467,1.0,0.04945252338462206,1388.3824453776717,7.844051055203122,11.196632624013482
-54.060802,200,602.663048,0.0,0.08582297743806108,2926.638014348216,16.934354804927498,14.63319007174108
-70.034407,200,602.807354,0.0,0.06250278534307582,2293.735590127223,12.82477967928389,11.468677950636115
-66.62722,189,602.930909,1.0,0.049491899966183917,1856.0060141025779,10.23914155513393,9.82013764075438
-81.858768,200,603.05298,0.0,0.08032966654213376,2205.0834013966664,12.342080324992898,11.025417006983332
-49.314804,174,603.165518,1.0,0.04662626863311113,2442.2728642216966,14.014678100866412,14.036050943802854
-43.094565,200,603.296948,0.0,0.18952754197895502,2286.8901222085938,13.122259455635298,11.43445061104297
-29.785822,131,603.379057,1.0,0.04917811376525174,1134.8497382206936,6.467176427307111,8.662975100921324
-83.446914,200,603.501616,0.0,0.15556798132410304,2485.4339736846223,14.066669147968963,12.427169868423112
-117.411241,200,603.623151,0.0,0.30482281119142796,2322.7200725026587,13.109081663004066,11.613600362513294
-54.636835,200,603.750223,0.0,0.06816499014575275,2696.4696364535857,15.624825129943558,13.482348182267929
-46.501324,200,604.206946,0.0,0.19819971971154982,2338.5159152133756,12.681277406409398,11.692579576066878
-50.725647,200,604.34788,0.0,0.3963625890278228,2039.4043089403626,11.21165683440674,10.197021544701814
-128.65016,200,604.480427,0.0,0.3511656639499755,2577.087287396586,14.644686153234737,12.88543643698293
-78.122845,200,604.605088,0.0,0.10668610445049692,2666.8430013242696,15.297350886885612,13.334215006621347
-96.091684,200,604.734192,0.0,0.11594714876232098,1892.5622956440122,11.015680228305223,9.462811478220061
-53.832306,192,604.857738,1.0,0.04901128750681828,2388.7267308898204,13.336137357330683,12.441285056717815
-40.040808,152,604.954289,1.0,0.048639090528749034,1491.4274984539884,8.550497569806327,9.81202301614466
-36.130865,200,605.078793,0.0,0.2220259312197058,1990.9588415980675,11.13992389769321,9.954794207990338
-114.880252,200,605.203367,0.0,0.2746841071973704,2430.2664316637206,13.688208511822038,12.151332158318603
-112.018526,200,605.33092,0.0,0.26751124846854235,2155.123783572108,12.840029067834795,10.775618917860541
-52.446378,200,605.459166,0.0,0.15208625108684817,2335.3195925989144,13.219151654523666,11.676597962994572
-105.051312,200,605.908772,0.0,0.22573515238258962,2704.5017023290343,15.636393236549447,13.52250851164517
-80.424315,200,606.042807,0.0,0.07810415975341695,2411.2793615905834,13.70611323422787,12.056396807952916
-100.794836,200,606.171332,0.0,0.18426585355492048,2573.609437680067,14.281672047698759,12.868047188400334
-38.072872,200,606.297867,0.0,0.26324052593193975,1658.6612855252883,9.438400803891877,8.293306427626442
-136.410308,200,606.425391,0.0,0.367413686788039,2358.1872307898566,13.043750206968511,11.790936153949282
-117.321578,200,606.554429,0.0,0.3189285657865612,2665.83999518122,15.200986209214776,13.3291999759061
-91.111923,200,606.682945,0.0,0.1890492515409677,2163.3272031878732,12.065155145335837,10.816636015939366
-77.907784,200,606.803459,0.0,0.09601081671143052,2780.1982117079333,14.932701513107885,13.900991058539667
-65.204427,200,606.924999,0.0,0.06545383968637626,2377.6065361737137,13.412444009813916,11.88803268086857
-41.275427,200,607.051986,0.0,0.17494227024177808,1839.8136693126505,10.322019357551193,9.199068346563253
-111.055071,200,607.507498,0.0,0.2707100303414968,2490.814410031282,13.858898635598559,12.45407205015641
-74.890489,200,607.65862,0.0,0.055978862432277114,2490.30850175407,13.9461697146148,12.451542508770352
-76.690541,200,607.78776,0.0,0.054257159978085896,2251.346546926036,12.079456795358825,11.25673273463018
-64.149989,200,607.91625,0.0,0.05260300310559337,2095.0172716693023,11.559807628726404,10.47508635834651
-52.173233,179,608.032434,1.0,0.04984308181600402,2376.1411875241342,13.437306633379277,13.274531773877845
-46.852703,200,608.161466,0.0,0.18176446641490676,2313.6952183755734,13.152475108375894,11.568476091877868
-45.325237,200,608.285999,0.0,0.384434030460157,2429.3860916411763,13.42995653812052,12.146930458205881
-25.267228,125,608.363421,1.0,0.04848401998053883,1160.367812057486,6.837923643546522,9.282942496459887
-36.736823,145,608.454959,1.0,0.046942028173621406,1172.3187715033966,7.166532220122193,8.084957044851011
-43.866691,164,608.561485,1.0,0.04757944614026684,1509.079697033891,8.276445303984243,9.201705469718847
-19.861736,132,608.646007,1.0,0.039959888885049595,1797.8912137519815,10.262870623641854,13.620387982969557
-74.304315,200,608.77293,0.0,0.08488554210534978,2866.3749944122965,15.80979041748533,14.331874972061483
-116.174047,200,609.234974,0.0,0.2571937192482102,2232.448474868198,12.194996686597493,11.16224237434099
-53.650569,182,609.358003,1.0,0.04970566821660816,2602.3009044121977,14.71929832469265,14.298356617649437
-58.360836,190,609.478506,1.0,0.04846002416233398,1646.2468326850199,9.614476722530316,8.664457014131683
-98.356008,200,609.603028,0.0,0.1708035842515548,2379.876272121677,13.295054535185628,11.899381360608386
-106.767584,200,609.728958,0.0,0.2290276000194505,2664.2895511069837,14.840799093957225,13.321447755534919
-66.136086,200,609.859206,0.0,0.06671859226828912,2627.650357642736,14.518928276898757,13.13825178821368
-45.556646,200,609.981724,0.0,0.3155992641532279,2140.1543127556665,12.256686256836307,10.700771563778332
-13.557147,90,610.039335,1.0,0.04961665040253576,881.986881150567,5.103312826117036,9.7998542350063
-7.384411,71,610.083338,1.0,0.04871742116090774,858.2961364563371,5.056112115366431,12.08867797825827
-118.090799,200,610.204633,0.0,0.2687278256007041,2443.838005436108,14.113257966751904,12.219190027180538
-40.923699,158,610.302149,1.0,0.048858968691359875,1253.670248360687,7.294841688245582,7.93462182506764
-138.612358,200,610.746736,0.0,0.4015377074760223,2534.0292420564174,13.956103325940294,12.670146210282088
-110.917905,200,610.885243,0.0,0.2642324127790307,2227.131032163444,13.119469948391007,11.13565516081722
-33.897244,142,610.979762,1.0,0.04608606947204324,1279.9867838353086,7.509819162461636,9.01399143545992
-95.457885,200,611.111796,0.0,0.1559529819779423,2284.5125066754936,12.792721913911727,11.422562533377468
-63.848346,200,611.236838,0.0,0.13354316337590416,2096.48258719707,12.110680927137237,10.482412935985352
-75.087131,190,611.357367,1.0,0.04866960688265659,1763.291564945892,9.640731694930736,9.280481920767853
-106.288373,200,611.478894,0.0,0.28600722084572233,2201.748077428788,12.12584800806012,11.00874038714394
-39.435891,200,611.59947,0.0,0.2353846881935581,1338.685283505385,7.46364379718101,6.693426417526926
-55.560892,184,611.71405,1.0,0.04110713656179763,1877.282500344353,10.664124874622404,10.20262228448018
-83.642641,200,611.83457,1.0,0.04944285517210893,1991.1332341045154,11.222763423923315,9.955666170522576
-40.881327,200,611.965246,0.0,0.27110799911439304,1251.9216915494917,7.150259545962522,6.259608457747459
-38.839461,200,612.421389,0.0,0.35288852652172936,2028.4231413921907,11.74477595305952,10.142115706960954
-46.302684,200,612.550416,0.0,0.29629053805894484,1841.9467460887943,10.739187112768107,9.209733730443972
-40.677539,158,612.655935,1.0,0.04973002156712902,2269.1566315793516,12.82668469685528,14.361750832780706
-95.188994,200,612.785455,0.0,0.16114068460919045,2355.157190098408,13.33620816006215,11.775785950492041
-16.681968,98,612.849985,1.0,0.04948879097663312,888.2696805007936,5.203867536028298,9.06397633164075
-39.947434,200,612.981502,0.0,0.3379920966903614,2235.8085953518657,12.76289706111366,11.179042976759328
-37.548118,154,613.078026,1.0,0.045739950736593815,1600.130391258084,8.978263341058499,10.390457086091455
-62.649245,200,613.202547,0.0,0.09271694773838576,1760.5641896334205,10.301046526224793,8.802820948167103
-41.048631,200,613.324074,0.0,0.2512140806388414,1895.3797078597227,10.857327038894681,9.476898539298613
-39.929495,154,613.419585,1.0,0.048425288401270146,1484.705185396531,8.440269246137175,9.640942762315136
-30.470246,151,613.516105,1.0,0.04675135801893389,1712.3086437260865,10.092063871405667,11.339792342556864
-30.944512,200,613.642151,0.0,0.3221072077026221,2573.4494967803703,14.961670786662825,12.867247483901851
-52.753683,176,614.098684,1.0,0.04566744158153671,1732.2343392792898,10.097366303529949,9.842240564086874
-97.68059,200,614.241115,0.0,0.17441436314307424,2390.944367205153,13.242690796766363,11.954721836025765
-24.764125,128,614.32631,1.0,0.049657386484664556,1724.3482405919274,9.708381760921982,13.471470629624433
-75.728321,200,614.452353,0.0,0.0968226391906397,2507.815197139684,14.23171846941944,12.539075985698421
-51.924772,180,614.566869,1.0,0.04750905848978449,1554.3704610797847,8.824977378092035,8.63539145044325
-27.657773,151,614.659387,1.0,0.04260305623929612,1687.2154810748987,9.571551101052762,11.17361245744966
-52.633956,167,614.761904,1.0,0.048104264179324195,1643.9239250858543,9.235370938814885,9.84385583883745
-112.851228,200,614.885421,0.0,0.2759000994439385,2317.4069153798737,12.903426154234953,11.587034576899368
-40.306787,163,614.985936,1.0,0.0428845190931246,1438.8945277699288,8.01549221916524,8.827573789999564
-67.276292,200,615.113469,0.0,0.08402174594324317,2161.615294589064,12.541757521615072,10.80807647294532
-33.70532,161,615.214485,1.0,0.048597441081549536,978.4215790971501,5.570982199805347,6.07715266519969
-33.430275,146,615.304006,1.0,0.0485999331898435,1283.1009375655535,7.26521378972756,8.788362586065436
-46.643444,200,615.73957,0.0,0.2019748247059934,2097.3929830693414,11.63413840349002,10.486964915346707
-51.370905,179,615.867099,1.0,0.04953132718524321,1913.8044160924965,10.540294378745301,10.691644782639646
-28.245244,136,615.956629,1.0,0.049017697330883375,1869.2258288257633,10.639161952086491,13.744307564895319
-99.547037,200,616.08114,0.0,0.16901400292992047,2103.9839032403434,11.8850250725388,10.519919516201718
-41.613413,161,616.184657,1.0,0.04746866277041496,2057.5463949213076,11.723611856877865,12.779791272803154
-38.679055,200,616.313175,0.0,0.3003123211916606,2169.970320905998,12.29742477466385,10.84985160452999
-99.224758,200,616.441347,0.0,0.20116015858352387,2973.498426721655,16.85787113070372,14.867492133608275
-76.930216,200,616.564319,0.0,0.06286101902750231,2293.569712242147,12.681319836347605,11.467848561210735
-113.165209,200,616.691847,0.0,0.2618719480533716,2745.838170258737,14.919550233705923,13.729190851293685
-134.235003,200,616.819364,0.0,0.35298951456580474,2552.8771132295938,13.776607060511967,12.764385566147968
-44.665065,200,617.252947,0.0,0.2015432383458601,2174.2958215825183,12.655134338433038,10.871479107912592
-45.804009,165,617.374462,1.0,0.04993917640793121,1913.488798554855,10.455116026194059,11.596901809423365
-40.318635,156,617.484981,1.0,0.04960073398439002,1267.51415950244,7.38341650031333,8.125090766041282
-34.020629,149,617.583499,1.0,0.04968262860451049,1714.0681095470397,9.668637411613345,11.503812815751944
-38.802249,151,617.681017,1.0,0.046554814309275334,1278.9250522796845,7.351688598258967,8.469702332978043
-129.381256,200,617.806533,0.0,0.4252272956559266,2393.3056452357346,13.720818127794223,11.966528226178673
-86.123776,200,617.930584,0.0,0.1361066694807008,2310.819621372678,12.660172393017483,11.554098106863389
-102.756804,200,618.055616,0.0,0.20844957828633173,2563.0429238305146,14.680462294533172,12.815214619152574
-141.382505,200,618.183134,0.0,0.4201704459777949,2826.279031047893,15.302267295345008,14.131395155239465
-65.384711,200,618.310651,0.0,0.10627088392516117,1785.7247921359544,10.070616461471731,8.928623960679772
-54.475433,200,618.438684,0.0,0.41379655983949315,2044.4125397982832,11.556045368491885,10.222062698991415
-71.201901,200,618.568577,0.0,0.10018206968368747,2189.6979830909886,12.836231094147523,10.948489915454942
-21.393425,130,618.951183,1.0,0.0398419088801524,1461.0116783379424,8.270240765335515,11.238551371830326
-29.7886,149,619.054696,1.0,0.04578503904282459,1850.8351539680773,10.666512746500066,12.421712442738773
-136.667693,200,619.189217,0.0,0.38166673825347075,2396.1802433783423,13.553323144357353,11.980901216891711
-68.638399,194,619.31523,1.0,0.04551579728672771,2092.5787706532424,11.889613978086516,10.786488508521868
-6.417934,62,619.356751,1.0,0.04837267949240687,699.9744275860601,3.9435085025538434,11.289910122355808
-11.439328,84,619.411751,1.0,0.047248666634353204,813.2335183740698,4.904203908992532,9.681351409215116
-82.685576,200,619.537282,0.0,0.14127021250511154,2675.804085486905,15.019372600742834,13.379020427434526
-109.077144,200,619.665329,0.0,0.2114033251138965,2178.8483751352337,12.365173261796189,10.894241875676169
-43.494749,164,619.770844,1.0,0.046345627599998496,2210.0475744306655,12.568679076013508,13.475899844089424
-95.560083,200,619.898362,0.0,0.1818955487399321,2863.6651157587207,16.13115663413048,14.318325578793603
-38.906274,200,620.017884,0.0,0.33353586174878713,1592.1078253703483,8.556416847004982,7.960539126851741
-112.053164,200,620.144929,0.0,0.2682460665776016,2179.5074399159503,12.765302672364143,10.897537199579752
-40.102783,200,620.590384,0.0,0.26865584847670027,2224.9796046409174,12.927911490721971,11.124898023204587
-142.38451,200,620.747625,0.0,0.40386088678167886,2721.3621975615256,15.556307361659847,13.606810987807627
-41.703194,200,620.87858,0.0,0.38763569530049413,2225.334808183627,12.381507074416442,11.126674040918136
-41.875686,169,620.988109,1.0,0.04894223790136796,2184.58079861483,12.776716701868756,12.926513601271184
-142.291236,200,621.119634,0.0,0.4650265589017228,2319.123407493278,13.575856938773985,11.59561703746639
-44.803413,200,621.247689,0.0,0.2845853549625887,1777.138521072611,10.186614499250405,8.885692605363054
-104.320459,200,621.372207,0.0,0.19970026005122027,2355.2625117212583,13.500361751826995,11.776312558606291
-103.417415,200,621.499729,0.0,0.24950944272343173,2320.7932940821875,13.180881308434413,11.603966470410937
-69.769491,200,621.622248,0.0,0.12901946534275088,2014.6708135858478,11.486617069525886,10.07335406792924
-36.882918,200,621.750283,0.0,0.25848968730834476,1592.9546543750105,9.310855008591712,7.964773271875052
-37.317838,200,622.191885,0.0,0.3555292732109325,1978.9182717381639,10.799788993862746,9.89459135869082
-114.652796,200,622.337407,0.0,0.2547437510001781,2407.719646083464,13.612819838886287,12.03859823041732
-41.488075,161,622.445426,1.0,0.047946207545540305,2048.7481537447475,11.431474769660332,12.725143812079176
-44.952733,170,622.552946,1.0,0.047065808219033056,1865.5690352157576,10.666876742789686,10.973935501269162
-80.686311,200,622.682466,0.0,0.07515327057918318,1757.1134076643598,10.052505548922943,8.7855670383218
-80.42812,200,622.805986,0.0,0.11538287400534576,2873.2550944387563,16.048368201445864,14.36627547219378
-44.905145,169,622.916645,1.0,0.04920778172102799,1831.2939120638189,11.02961189819673,10.836058651265201
-100.656962,200,623.045706,0.0,0.18974643877110836,2438.423095004414,13.877810794564915,12.192115475022069
-116.072732,200,623.17486,0.0,0.30592586648278297,2754.546603240065,15.957684022884273,13.772733016200325
-42.109583,161,623.279377,1.0,0.04979011278834038,1637.0236523273775,9.252471370765308,10.167848772219736
-39.911521,149,623.367855,1.0,0.04962060203268775,1363.985309044542,7.963578575912475,9.154263819090886
-86.141797,200,623.809925,0.0,0.09818239911660132,2217.967237445583,12.792355153354894,11.089836187227915
-6.344047,58,623.856436,1.0,0.04773698226256374,492.4259988615216,3.096925158300931,8.490103428646924
-46.387759,169,623.974949,1.0,0.04831116953446697,2015.7643857791177,11.2810362284343,11.927599915852767
-64.953304,191,624.10447,1.0,0.049848485209560894,2464.5009391008384,14.635115598791373,12.90314627801486
-40.074764,200,624.234999,0.0,0.2080047095889205,2060.392099318012,11.50502209962389,10.301960496590059
-110.922968,200,624.365024,0.0,0.2856678123328775,2477.789768080729,14.514514326601228,12.388948840403646
-46.712222,173,624.477542,1.0,0.0490497377611837,2228.901232062817,12.56169671639519,12.883822150652122
-120.675997,200,624.601057,0.0,0.28977547481757226,2358.0539077024914,13.027066947428844,11.790269538512456
-70.3679,193,624.717098,1.0,0.043914073916161346,2166.6543670820693,12.189940418446675,11.226188430477043
-95.701201,200,624.83873,0.0,0.14683041921365747,1942.076507883927,10.849286899422342,9.710382539419635
-107.594565,200,624.965773,0.0,0.21756087554032852,2624.4527020702644,14.623386266031762,13.122263510351322
-6.482716,27,624.983773,1.0,0.047599959065709026,31.773545625989044,0.258216000237184,1.1767979861477424
-30.529462,142,625.074302,1.0,0.04699153139475004,1138.450227596133,6.585681293143126,8.01725512391643
-21.994722,114,625.484272,1.0,0.04883021405913834,1021.6144779504053,5.91429273810883,8.961530508336889
-67.502332,200,625.623303,0.0,0.07077642700325519,2203.8114737565606,13.046540089927193,11.019057368782804
-83.692542,200,625.756335,0.0,0.09408030307678596,2359.819138823151,13.498797459945642,11.799095694115756
-38.906424,200,625.886861,0.0,0.19330941274809216,1493.048002099337,8.838352294745881,7.465240010496685
-44.527758,165,625.991382,1.0,0.04749210007333902,1912.4835952924702,10.938581293206653,11.590809668439213
-43.012247,161,626.095486,1.0,0.04961519242577787,1665.9837445171581,9.067643454766795,10.347725121224585
-56.14579,181,626.215003,1.0,0.04819530164871361,2360.7071184973574,13.022735171208542,13.042580765178771
-85.038575,200,626.338534,0.0,0.09886499210021275,2275.7985938660327,12.357378236291183,11.378992969330163
-7.969945,31,626.360054,1.0,0.04565262941531575,31.839026767281588,0.2588708066837851,1.0270653795897287
-114.366466,200,626.481568,0.0,0.2651140253094261,2708.5800454548653,15.122781481249437,13.542900227274327
-38.942753,200,626.609097,0.0,0.2649907746792827,1385.2119109666,7.733389208619017,6.926059554833
-7.314206,30,626.629102,1.0,0.039707894176608714,52.944174005264024,0.4551290269530987,1.7648058001754674
-62.868287,191,626.753132,1.0,0.04854116165997435,2629.570516708315,14.620693008110406,13.767384904232017
-91.156196,200,627.200815,0.0,0.15095330950968233,2239.295776893279,12.83108446568716,11.196478884466394
-84.469499,200,627.339692,0.0,0.10725552701804791,2211.278919114236,12.345814276762665,11.05639459557118
-7.492343,70,627.386758,1.0,0.049843982107917066,751.1667272711628,4.307227042846334,10.730953246730897
-107.088546,200,627.517964,0.0,0.2232516672258057,2506.933652960096,14.100292230282573,12.53466826480048
-70.875961,200,627.645995,0.0,0.056595614724343754,2261.242328758346,12.329221702082245,11.30621164379173
-97.334263,200,627.774513,0.0,0.1909908622149966,2602.2439645457102,14.404566854814473,13.01121982272855
-36.180379,139,627.863037,1.0,0.049273528233174234,948.9054882230884,5.8746104178780785,6.826658188655312
-138.43148,200,627.988555,0.0,0.3810665760111821,2506.5805241004286,14.218014799259006,12.532902620502144
-131.87735,200,628.106121,0.0,0.3649485572557478,2675.6163422359814,14.811190855842042,13.378081711179908
-45.791056,168,628.211648,1.0,0.04864174718189304,1522.7422792798543,8.644302308963955,9.063942138570562
-149.489721,200,628.33518,0.0,0.44449093600825984,2659.7850885288935,15.381308795238688,13.298925442644467
-29.219689,144,628.726227,1.0,0.04691940605090257,1340.9760051350406,7.667503325118247,9.312333368993338
-85.866478,200,628.86398,0.0,0.12456761727217668,2454.271918104767,14.194928325073478,12.271359590523835
-44.096894,200,628.998514,0.0,0.38889699698391206,1543.790135808952,8.882347951992795,7.71895067904476
-18.988963,117,629.076032,1.0,0.04755611364614262,1419.1972210007953,8.33762059814805,12.129890777784574
-141.548867,200,629.202548,0.0,0.4389252101504303,2748.9694707633557,16.123722477029244,13.744847353816779
-80.913546,200,629.328073,0.0,0.1068287773876922,2699.8267164029467,15.240131536134431,13.499133582014734
-108.784388,200,629.45311,0.0,0.23821509498297228,2273.4555839721693,12.724421043127164,11.367277919860847
-62.62304,200,629.580877,0.0,0.06325338194467844,2582.573655479123,14.467358739383823,12.912868277395614
-129.375604,200,629.705952,0.0,0.382406695622365,2147.451874714968,12.283156703539499,10.73725937357484
-22.673779,126,629.787487,1.0,0.045648750820608694,1497.57187650566,9.042588139958612,11.885491083378254
-59.379792,177,629.901002,1.0,0.04584983857645392,1579.3060974278526,8.796463850338489,8.922633318801427
-30.158317,141,629.992524,1.0,0.04118814746831656,1349.9356125556692,7.69186309286541,9.57401143656503
-125.003186,200,630.437038,0.0,0.34699632624562804,2646.8098477082167,15.15101874109647,13.234049238541083
-38.566231,156,630.541551,1.0,0.048104592805700105,2049.782520598144,11.297955213561888,13.139631542295794
-90.152234,200,630.670588,0.0,0.18655602849795933,1999.8657963506573,11.36466352963798,9.999328981753287
-37.261998,200,630.793103,0.0,0.22178266676908273,2186.683867526707,12.90720716033203,10.933419337633536
-115.748611,200,630.917554,0.0,0.2595925665053057,2394.887847585695,13.75594848628406,11.974439237928475
-57.01489,178,631.028097,1.0,0.04959442998093481,2058.9961299997003,11.459189910840264,11.567393988762362
-50.935519,200,631.153136,0.0,0.3565292407435381,2086.3293713207227,12.183609529447283,10.431646856603614
-36.636206,200,631.273694,0.0,0.3333823501540848,2160.1327562280194,12.108100207020678,10.800663781140097
-54.53892,180,631.385298,1.0,0.045292204198758894,1497.0112932509185,8.50990376535182,8.316729406949547
-6.72516,29,631.40328,1.0,0.03963212786160155,89.39712639580301,0.8124373718374147,3.0826595308897593
-42.935646,162,631.500818,1.0,0.049906490726087625,1622.846086390179,9.326866540887096,10.017568434507277
-33.753201,142,631.589433,1.0,0.04676149541570233,1239.1622138492344,7.174124245382184,8.726494463727002
-117.076519,200,632.087955,0.0,0.3270042786302157,2366.3379421350837,13.523587677709513,11.831689710675418
-44.761874,200,632.219469,0.0,0.3020391169155589,1862.2014682185795,10.559917211579329,9.311007341092898
-104.663447,200,632.351528,0.0,0.25230232084509824,2029.8996969204386,11.14832089213056,10.149498484602193
-41.403465,200,632.480045,0.0,0.3782384092165576,2363.5357488720847,13.111684428538492,11.817678744360423
-24.060446,125,632.56056,1.0,0.04821209859434448,1242.8146078034554,7.448087473302155,9.942516862427643
-28.626887,145,632.653086,1.0,0.0431326804089813,1166.7383615716046,6.834390207026263,8.046471459114514
-123.018377,200,632.777613,0.0,0.34635787199307416,2151.965120029119,12.414486041880183,10.759825600145597
-61.531622,200,632.904705,0.0,0.09119111901047151,1675.2083533329678,9.500324131456376,8.376041766664839
-101.923915,200,633.033229,0.0,0.19636375460042046,2343.4312568568303,13.129019363570308,11.717156284284151
-41.381554,200,633.161259,0.0,0.20340363669255856,2431.144807945839,13.936551966628953,12.155724039729195
-100.356903,200,633.283782,0.0,0.2367249993031099,2409.280682901472,13.737146613204358,12.04640341450736
-46.762278,173,633.708839,1.0,0.0495006246205546,1550.6668130836688,8.55884737210263,8.963391983142595
-54.909542,173,633.828353,1.0,0.04708750165426533,1570.843527264752,9.004676544691392,9.080020388813596
-116.395851,200,633.965846,0.0,0.25907320265633677,2315.726504301028,13.083965168148632,11.57863252150514
-95.638928,200,634.092004,0.0,0.16858881457274694,2412.520927757657,13.789608687224796,12.062604638788285
-35.756516,200,634.218528,0.0,0.2645194135803037,2068.7718295042655,11.39367334427663,10.343859147521327
-98.021625,200,634.347168,0.0,0.20520426806500566,2680.5909022806313,15.419787342263527,13.402954511403157
-80.043189,200,634.474702,0.0,0.09215611263267696,2233.4490491049105,12.610693680122022,11.167245245524553
-35.256238,150,634.567191,1.0,0.04957786096321396,1851.4807320207083,10.471974651977888,12.343204880138055
-31.904989,144,634.658709,1.0,0.04873331115439134,1981.2581461313605,11.007321464412474,13.758737125912226
-42.976475,200,634.785235,0.0,0.2179626957861395,2454.3343845208096,13.79024826866187,12.271671922604048
-113.025948,200,634.912764,0.0,0.24269035337229733,2581.738267506754,14.208749377775154,12.908691337533769
-30.343429,200,635.359828,0.0,0.3077993446902384,2943.5859403058084,16.95256766511455,14.717929701529043
-82.340359,200,635.515346,0.0,0.14623654489357002,2895.598224493267,16.034855803431913,14.477991122466335
-44.522978,200,635.639848,0.0,0.42229473459758315,2224.8651194252107,12.25460320494828,11.124325597126052
-93.520586,200,635.763913,0.0,0.13662343248453943,2335.3324708493087,13.321488397410723,11.676662354246544
-83.664259,200,635.887427,0.0,0.11888114702501044,2657.789221320912,15.220745595037044,13.28894610660456
-85.497895,200,636.014956,0.0,0.07913436191557399,2046.264169939324,11.525691445283094,10.231320849696619
-100.305238,200,636.143475,0.0,0.20012135334271378,2858.2302157409963,16.553291091849157,14.291151078704981
-55.729543,200,636.272125,0.0,0.1016941765826708,2479.7708325438853,13.61625006979575,12.398854162719426
-86.385054,200,636.390643,0.0,0.09880916057092053,2238.664981098943,12.50600316830901,11.193324905494714
-76.429962,200,636.516158,0.0,0.10689852055016545,2684.8801351546836,14.72568664541704,13.424400675773418
-130.424421,200,636.966699,0.0,0.33961556678213384,2519.486012478395,14.70006197820276,12.597430062391975
-100.65775,200,637.119216,0.0,0.17210595257777878,2360.862845109366,13.162781669210394,11.804314225546829
-45.932256,200,637.251252,0.0,0.1869901129723616,2148.4302365264766,11.881256841575139,10.742151182632384
-22.911408,131,637.335884,1.0,0.04599078163499595,1696.495796934325,9.711981031758116,12.950349594918512
-75.872948,200,637.463914,0.0,0.12616339426962228,2973.4048966848577,16.856203769608353,14.867024483424288
-65.298766,196,637.589434,1.0,0.048066280628407246,2486.7887409237233,14.3367320009606,12.687697657774098
-102.485774,200,637.715966,0.0,0.1984443040956618,2435.562602988364,13.812598563623455,12.177813014941819
-162.487686,200,637.843489,0.0,0.5705786697156047,2712.2838956851056,15.259083971476137,13.561419478425528
-70.055029,200,637.970518,0.0,0.10575877120899407,2750.161177522775,15.406553191515746,13.750805887613874
-120.302394,200,638.092035,0.0,0.350450171051619,2413.4731559720553,13.808794146281187,12.067365779860276
-44.650374,200,638.216556,0.0,0.2498668387628741,2201.0254336862,12.553935235025135,11.005127168430999
-91.122512,200,638.706759,0.0,0.16331167933878124,2461.0722803218055,14.278903497575696,12.305361401609026
-66.12499,193,638.84228,1.0,0.049819306503855,2397.2990987680637,13.437097437290904,12.421238853720537
-84.484595,200,638.97131,0.0,0.09113371642685271,2102.329025849581,12.219028423749336,10.511645129247905
-110.754253,200,639.095823,0.0,0.2811596942374923,2674.890407540511,15.205474209912278,13.374452037702556
-122.628498,200,639.219348,0.0,0.3391608685360637,2446.4142566314263,13.478986868436028,12.232071283157131
-123.66401,200,639.347393,0.0,0.3041804517776518,2590.1723336601062,14.70967865126318,12.950861668300531
-37.24068,200,639.475927,0.0,0.22687578266773809,1625.1369645466852,9.300235366416485,8.125684822733426
-38.81808,200,639.604429,0.0,0.20761878147862714,2640.06192866981,14.761198391457276,13.200309643349051
-136.046181,200,639.730436,0.0,0.3644782696384978,2547.225717147747,13.839774411978938,12.736128585738737
-39.183935,200,639.857478,0.0,0.18704968553877668,1645.4266736351294,9.488280826992703,8.227133368175647
-106.62085,200,640.313598,0.0,0.18747076588246325,2123.382225083317,11.674300559970517,10.616911125416584
-71.719174,200,640.464209,0.0,0.059182400394149584,2062.6615450037716,11.221570194302895,10.313307725018857
-48.478838,200,640.593965,0.0,0.14920729297655363,2781.9274731469322,15.702272449652721,13.90963736573466
-48.78497,200,640.723483,0.0,0.4076277354471535,2381.3539278902085,13.707722372449663,11.906769639451042
-113.319589,200,640.850518,0.0,0.22969889103519142,2788.622937577489,15.978541859770111,13.943114687887446
-75.540279,200,640.979048,0.0,0.12361861270302839,2809.420064221545,15.470889125593665,14.047100321107726
-108.303645,200,641.107089,0.0,0.2081422038038023,2234.430018562804,12.711681964604164,11.17215009281402
-149.551786,200,641.234619,0.0,0.591180196882916,2863.1205869007326,15.555083504280125,14.315602934503664
-23.724897,138,641.321134,1.0,0.045964281293920224,737.6523086529752,4.445148191175283,5.3453065844418495
-97.639453,200,641.448179,0.0,0.1687172634498952,2069.0414667212144,11.742721676886008,10.345207333606073
-103.426377,200,641.856223,0.0,0.18418285862977368,1959.0278563164388,10.704933606817127,9.795139281582195
-141.190797,200,642.000735,0.0,0.37890405354319023,2768.097657689821,15.744470387346935,13.840488288449105
-120.85779,200,642.135265,0.0,0.2674409582457132,2571.903175430162,14.024084551561307,12.859515877150809
-124.36425,200,642.266291,0.0,0.2965121049423668,2638.1802096975002,15.20526369379132,13.1909010484875
-55.228712,173,642.376809,1.0,0.04292131861269526,1844.0761599704995,10.778782029750937,10.659399768615604
-62.337392,200,642.502894,0.0,0.1118610168590236,2319.2905038393333,12.75180067111104,11.596452519196667
-78.601551,200,642.633374,0.0,0.11752273548936253,2614.785299240947,14.351724858141198,13.073926496204736
-20.101045,120,642.712327,1.0,0.04922684026726777,1713.9473831942007,9.423889037251342,14.282894859951673
-92.790455,200,642.852933,0.0,0.18820752345044822,2629.8398646148353,14.556872463899248,13.149199323074177
-133.141909,200,642.981466,0.0,0.34370162904169216,2535.7432781332736,14.547486997125631,12.678716390666368
-88.096356,200,643.102971,0.0,0.22001036538298135,1969.2152096836105,10.794716467041955,9.846076048418052
-25.921037,131,643.182487,1.0,0.049239626374027984,1730.8572354332607,10.033471564702095,13.212650652162296
-120.213608,200,643.605534,0.0,0.24933697507460673,2215.51608939003,12.247842078712518,11.07758044695015
-128.34688,200,643.744051,0.0,0.35369319473898864,2766.772984970806,15.31919262624572,13.833864924854032
-97.984146,200,643.871855,0.0,0.22724589848066507,2133.442148735215,11.83781495904801,10.667210743676076
-38.691628,200,644.000369,0.0,0.27822023778538285,2357.414214199629,13.868810585324358,11.787071070998145
-146.682324,200,644.130888,0.0,0.43364987776587666,2898.8917999728446,16.293865896948667,14.494458999864223
-52.69045,200,644.258923,0.0,0.4220678440215031,2249.1933009596705,13.350376674526936,11.245966504798353
-19.966185,119,644.335929,1.0,0.04730445811831285,746.8596717375864,4.36879364133733,6.276131695273835
-90.764151,200,644.463966,0.0,0.2106540296272722,2505.0643159271103,13.865245070813069,12.525321579635552
-54.59682,200,644.58449,0.0,0.16671912249601306,2489.398488227143,13.61392221461975,12.446992441135714
-98.283448,200,644.711007,0.0,0.20954923891805236,2822.9412557190667,16.039821451494504,14.114706278595333
-104.475458,200,645.151535,0.0,0.18210747149493073,2383.3973534676293,13.270251431395534,11.916986767338146
-35.857337,200,645.299042,0.0,0.34198702062268366,1714.378290947947,9.494123613849473,8.571891454739735
-61.641972,200,645.43256,0.0,0.13281361103170458,1981.2980931851757,11.046628605543013,9.906490465925879
-126.637169,200,645.563574,0.0,0.3502991459986706,2760.732765228917,15.52758513642239,13.803663826144584
-110.106329,200,645.688082,0.0,0.20571113499531174,2400.5754795703397,13.34490366518758,12.002877397851698
-16.300223,109,645.758606,1.0,0.04998021335829483,1236.777076610733,6.742173402177694,11.346578684502138
-101.068896,200,645.880108,0.0,0.18457221488040304,2616.5533603616223,14.506704535869455,13.082766801808111
-39.77711,200,646.003632,0.0,0.27605262976902367,2499.4689002570153,13.8911757367557,12.497344501285077
-15.637614,103,646.069157,1.0,0.048665884976233004,1444.3064198458303,8.203125195363269,14.022392425687674
-112.042926,200,646.192681,0.0,0.2725694631996629,2771.700422935643,15.691544588626247,13.858502114678215
-14.873957,101,646.255184,1.0,0.04580938746851324,850.4741278087824,5.04030509786532,8.420535918898835
-43.426216,200,646.381702,0.0,0.26162576938092436,2206.9881198839785,12.321553556283371,11.034940599419892
-31.450857,147,646.79025,1.0,0.0398013634975282,1079.4665814098182,6.211797492931748,7.343310077617811
-57.716125,200,646.92276,0.0,0.14808079909463662,1866.5556678727621,10.736231782786312,9.332778339363811
-91.371745,200,647.059343,0.0,0.12541583499795791,2527.0491707536075,14.270541374267596,12.635245853768037
-8.511515,32,647.081343,1.0,0.039358269879240966,52.6409051014006,0.46688642911052447,1.6450282844187687
-28.287275,137,647.172107,1.0,0.0491314079342643,1642.3496949391242,9.525957492455403,11.987953977657842
-41.823786,200,647.300624,0.0,0.38107624838742954,2320.2251593581823,13.362089681146658,11.601125796790912
-22.489076,128,647.383142,1.0,0.04754820587093694,1493.6675198283333,8.677016861310163,11.669277498658854
-62.916376,200,647.509662,0.0,0.14217000699055046,1972.7756154356703,11.379067596399661,9.86387807717835
-34.570541,200,647.638191,0.0,0.33039408654172403,1834.9614877977301,10.427633638929672,9.174807438988651
-51.383413,200,647.765231,0.0,0.16662460784728084,2435.7095225760954,13.063658610803643,12.178547612880477
-47.881689,200,647.891477,0.0,0.2064830341761848,2716.251293839056,14.683612880186187,13.58125646919528
-42.03229,200,648.020007,0.0,0.2394266829574204,2212.847373803078,12.025042154789736,11.06423686901539
-56.605129,200,648.465569,0.0,0.10054976218934224,2155.9491547499974,12.185024852824196,10.779745773749987
-29.835671,139,648.55808,1.0,0.047090955982514324,1329.0539165139035,7.541055126639653,9.561538967725925
-110.73186,200,648.689612,0.0,0.22365851690390479,1968.266959075906,11.235568930645655,9.841334795379531
-36.477814,151,648.78511,1.0,0.04722269259264601,1167.4588583919376,6.033924323263866,7.731515618489653
-17.955229,113,648.857641,1.0,0.04697596147018964,1607.6370845552558,9.403876833861982,14.226876854471291
-32.215521,145,648.948644,1.0,0.04859260077986562,1627.9243019334463,9.569632168841439,11.227064151265147
-59.534357,178,649.057697,1.0,0.04905833787941552,1566.9670448151098,9.238527710216674,8.803185645028707
-58.823479,200,649.184865,0.0,0.42834450705575045,1792.6781477529644,10.50918620739997,8.963390738764822
-106.987531,200,649.315683,0.0,0.2464942093218479,2463.258729869877,13.697846233262586,12.316293649349383
-51.819438,200,649.436808,0.0,0.15583114920286914,2784.299681392204,15.617548367808505,13.921498406961021
-65.324508,200,649.564884,0.0,0.07104950664087681,2317.6305132559633,13.029816873733028,11.588152566279817
-113.19684,200,649.694423,0.0,0.2470301015720969,2335.9380172822243,12.90289716456962,11.67969008641112
-42.126545,200,650.157787,0.0,0.2661018580355271,1992.576054996974,11.741518521208686,9.96288027498487
-33.239477,146,650.251314,1.0,0.04729495023494666,1570.683498226011,9.487885016639673,10.758106152232951
-124.307027,200,650.382427,0.0,0.32518110549529144,2720.312233228272,15.411656688054407,13.601561166141359
-39.03298,200,650.506953,0.0,0.30313979802837865,2156.803253494455,12.616826069487427,10.784016267472275
-82.654473,200,650.633173,0.0,0.07439268005475826,1932.9632820511315,10.552546012302598,9.664816410255657
-58.634504,200,650.755204,0.0,0.0885647303139426,2058.309192378016,11.984335875741913,10.291545961890082
-38.447256,145,650.84721,1.0,0.047363735943413726,1247.6039572600578,7.055617516061486,8.604165222483157
-47.197099,174,650.95724,1.0,0.04635339990756436,2226.0515986023797,12.866449346018856,12.7933999919677
-47.019761,200,651.083757,0.0,0.12293184337869793,2805.951603954459,15.524080252278496,14.029758019772295
-83.260196,200,651.207789,0.0,0.12936560111124806,2089.792971121672,11.23265582178772,10.44896485560836
-42.777686,200,651.657608,0.0,0.3012670775047281,2073.969334422844,11.867482306855994,10.36984667211422
-35.970658,200,651.797129,0.0,0.3103025925317916,1744.6044796550739,10.033995038122839,8.723022398275369
-7.069774,29,651.819128,1.0,0.035473457222507915,31.80628619663531,0.2585434034604845,1.0967684895391485
-12.427884,63,651.865637,1.0,0.04704820713364095,25.19111872316347,0.22064089299051826,0.3998590273518011
-70.051843,194,651.990042,1.0,0.049611425756859756,2273.9355218003193,12.58244879152971,11.721317122682057
-74.142178,200,652.118561,0.0,0.08797417833724577,2374.0105893848954,13.426156405602732,11.870052946924478
-34.685999,200,652.247088,0.0,0.2596558433272813,1904.4664552478953,10.424777434577047,9.522332276239476
-14.306843,97,652.309546,1.0,0.047185428646184094,929.5652475200136,5.27296643832034,9.583146881649625
-45.700027,200,652.436066,0.0,0.3530063488618134,2022.8697705110021,11.1591074500711,10.114348852555011
-87.541718,200,652.564102,0.0,0.10315112773413457,2517.9717744261548,13.695144224250702,12.589858872130774
-89.115337,200,652.685616,0.0,0.15464977038114636,2847.3430069711294,16.52498091875985,14.236715034855647
-37.870547,200,652.815139,0.0,0.32959919981842734,1441.5689732158373,8.030448604593285,7.207844866079187
-14.322027,70,652.860667,1.0,0.049658710539403815,68.87437193650236,0.5692813518812438,0.9839195990928908
-44.549109,200,653.286731,0.0,0.3287663237212722,2184.7631695984364,12.317274481868731,10.923815847992183
-37.892771,200,653.428257,0.0,0.251258570685967,1457.8775914381174,8.46605372636096,7.289387957190587
-118.757167,200,653.5583,0.0,0.2381527777123133,2289.940398251141,12.710532897568743,11.449701991255704
-52.939779,200,653.689535,0.0,0.09646864389316012,2422.118873977019,13.74731030203732,12.110594369885096
-43.834676,171,653.795653,1.0,0.04893761916618522,1662.5865248108805,10.093382819978915,9.722728215268306
-134.53348,200,653.920168,0.0,0.35221883531626724,2635.4181380284417,14.575961617188995,13.177090690142208
-123.413522,200,654.053226,0.0,0.2828336613040342,2288.900465727626,12.8203990906558,11.44450232863813
-50.323913,200,654.182751,0.0,0.4069287508935861,1977.2300635070499,10.842071877387175,9.886150317535249
-7.654146,32,654.203751,1.0,0.04703175097056108,31.85539705260473,0.2590345082954354,0.9954811578938978
-43.370634,165,654.310269,1.0,0.04360940498874183,1382.4435731766835,7.77528825308796,8.378445898040505
-20.835254,124,654.389787,1.0,0.047464963751006756,963.9693294355601,5.75070542146576,7.773946205125485
-26.815145,139,654.479318,1.0,0.04797388899340497,1390.6004357378788,7.827292768927927,10.004319681567473
-15.541469,116,654.554836,1.0,0.04667354697535315,1562.9501961473609,8.945139809193526,13.47370858747725
-115.049575,200,654.987828,0.0,0.24565103262120755,2657.361898871882,14.503321962502358,13.28680949435941
-144.454834,200,655.128337,0.0,0.4565967430391886,2505.4993200983554,13.923531136423145,12.527496600491776
-15.106638,75,655.178865,1.0,0.04902773542197949,39.90181626283674,0.3606263351564585,0.5320242168378232
-34.585752,200,655.306143,0.0,0.3343142297910513,2128.295995213347,11.643350672322386,10.641479976066735
-74.863548,200,655.435669,0.0,0.14402077771533733,2319.229224921848,13.198339519483042,11.596146124609241
-13.154582,98,655.499191,1.0,0.04962655484351887,1264.6991425616184,7.496605404352347,12.905093291445086
-79.983397,200,655.626705,0.0,0.11893875188946657,2738.3047957315202,15.187896769883446,13.691523978657601
-35.160406,146,655.715222,1.0,0.0472180226071888,958.0373018055926,5.327191651300386,6.561899327435566
-59.576539,179,655.831884,1.0,0.046952123575687094,1917.3811994285838,11.102055914086112,10.71162681245019
-99.993563,200,655.955161,0.0,0.21576492932393646,2487.267412767825,14.363582538325096,12.436337063839126
-30.541122,200,656.08033,0.0,0.31792326891148615,2549.2019243089685,14.148325727484032,12.746009621544843
-119.073761,200,656.204859,0.0,0.2794842082298036,2502.2671323837944,13.726626304582984,12.511335661918972
-89.325485,200,656.636921,0.0,0.13749457407870713,2349.584906918335,12.995216632060849,11.747924534591675
-81.733493,200,656.780946,0.0,0.09392629800683053,2501.9520074395246,14.19002501968033,12.509760037197623
-49.14941,200,656.907466,0.0,0.29844088874237623,2336.5886016978884,13.168284619793654,11.682943008489442
-43.481375,166,657.014997,1.0,0.04910017497112859,1066.927232736658,5.991488378356369,6.42727248636541
-109.695689,200,657.141521,0.0,0.2296158770058789,2449.339527202753,13.951556790001707,12.246697636013764
-42.091927,200,657.269559,0.0,0.2108399896236196,2297.8761237011913,12.574350012668223,11.489380618505956
-43.55418,200,657.391783,0.0,0.17085872065823138,2572.7459872517247,14.221250147862495,12.863729936258624
-54.924527,200,657.517246,0.0,0.44953398647786785,2280.157001274295,12.885508611849088,11.400785006371475
-143.809478,200,657.645791,0.0,0.4035965983371272,2674.164800393117,15.22872541807108,13.370824001965584
-42.964098,200,657.774851,0.0,0.34084778194618975,2041.7672105953443,11.79487633314782,10.208836052976721
-83.284881,200,658.265928,0.0,0.15117377476618907,2881.088368503824,15.62770338976383,14.405441842519119
-51.761473,200,658.409442,0.0,0.2571631000566929,1804.4233904856933,10.423768604899655,9.022116952428467
-110.558491,200,658.540993,0.0,0.23899947358270981,2597.0814909592023,14.665615782207954,12.985407454796011
-90.908393,200,658.669039,0.0,0.22287827589689316,1852.4657471479234,10.4980564118893,9.262328735739617
-49.67548,200,658.796054,0.0,0.12647485257848481,2384.76152969605,13.278430878551015,11.923807648480249
-36.439273,200,658.922567,0.0,0.2725313552594391,2372.4371417766242,13.485829126049088,11.862185708883121
-30.581566,143,659.016088,1.0,0.04997442376828778,1759.019825305133,9.92281685171757,12.300837939196734
-77.26839,200,659.143634,0.0,0.10102576694863759,2666.2212907528396,14.99766915995241,13.331106453764198
-84.156925,200,659.274665,0.0,0.15025550062237797,2487.207625613962,13.593479558609383,12.43603812806981
-41.014613,164,659.374185,1.0,0.048530038575880494,2107.1930558791673,11.698072630042217,12.84873814560468
-66.629623,187,659.494732,1.0,0.04831152445391201,1219.0345814882846,6.645576453754271,6.518901505284944
-14.769177,102,659.87901,1.0,0.04639696537634778,1233.4382524796142,7.48969899779142,12.092531887055042
-123.047978,200,660.011248,0.0,0.30012561375542524,2547.6788770194707,14.21445907984485,12.738394385097354
-49.103015,172,660.12477,1.0,0.049276511201706265,1633.6625076039802,9.347320518641233,9.498037834906862
-38.733758,200,660.257042,0.0,0.36334725426168857,1779.9581059307195,10.09664208021249,8.899790529653597
-48.871644,200,660.386097,0.0,0.12844240278836477,2646.783586528006,14.654428264712443,13.23391793264003
-127.42905,200,660.510621,0.0,0.31073028755891174,2456.884050637519,13.775870459985702,12.284420253187596
-8.096954,31,660.53062,1.0,0.038078750765218224,31.839026767281588,0.2588708066837851,1.0270653795897287
-126.021055,200,660.652808,0.0,0.29620852535755837,2499.3127952151112,14.028068633593922,12.496563976075556
-85.823661,200,660.778456,0.0,0.09390577067185903,2084.577472336853,12.08310909190474,10.422887361684266
-95.843314,200,660.905974,0.0,0.20576998054994072,2793.2128793137967,15.8602075410534,13.966064396568983
-45.027571,200,661.033524,0.0,0.19610718205755287,1997.4835763555886,11.380471661200337,9.987417881777944
-69.316232,200,661.16056,0.0,0.12677899451686606,2678.82395474476,14.884515529756927,13.394119773723801
-80.332732,200,661.616421,0.0,0.12603242421347696,2608.047889898064,14.85158538145116,13.04023944949032
-73.426108,200,661.750938,0.0,0.1678610051294181,1923.4918491920805,10.66223224009006,9.617459245960402
-114.989679,200,661.875967,0.0,0.26430006075893386,2598.749078425887,14.745117029093596,12.993745392129435
-46.789602,200,662.004498,0.0,0.3393989479970874,2112.1027842622707,11.248395986525555,10.560513921311353
-52.862425,200,662.133028,0.0,0.187295944031556,2034.93221963072,11.497104440036647,10.1746610981536
-66.679479,200,662.258058,0.0,0.06925704885719566,2809.612109135774,16.269152628128296,14.04806054567887
-30.764486,143,662.348084,1.0,0.049299210932282025,1817.387155620779,10.369039537055745,12.709001088257196
-140.172232,200,662.476175,0.0,0.3652251930707544,2414.286511044216,13.636697398640573,12.07143255522108
-9.934024,88,662.536175,1.0,0.04890959697258548,889.2080480620035,5.473688482145442,10.104636909795495
-119.383046,200,662.660288,0.0,0.2741468182993796,2256.531369855495,12.879362453050112,11.282656849277476
-48.08653,200,662.785795,0.0,0.3859325659912733,1979.660132575979,11.278776026110656,9.898300662879896
-8.203789,77,663.15069,1.0,0.04599146363140555,848.7391458665182,4.892095688526736,11.022586309954782
-90.273134,200,663.290709,0.0,0.1344283764220343,2515.4421822012014,14.056014829235624,12.577210911006008
-54.479504,200,663.423235,0.0,0.09192865822073015,2762.2222706195384,15.938068013903749,13.811111353097692
-56.082842,200,663.553766,0.0,0.3970579694553274,1962.3198377338836,11.112967074995245,9.811599188669417
-88.927916,200,663.676811,0.0,0.13714544726731479,2376.1793002065506,13.198884490899335,11.880896501032753
-89.464413,200,663.800342,0.0,0.1542162549600185,2580.210247191662,14.138143383133478,12.90105123595831
-39.481691,200,663.928863,0.0,0.34857204428981053,2464.4576781144606,13.62735038768165,12.322288390572304
-17.929225,113,664.002384,1.0,0.04769074721150884,1386.9281919112739,7.862933824343196,12.273700813374106
-49.857006,200,664.129911,0.0,0.1339278549006177,2670.6483128499012,14.890596307647545,13.353241564249506
-103.116394,200,664.254168,0.0,0.20380120815708846,2220.3528320665464,12.307649400003976,11.101764160332731
-95.061376,200,664.378149,0.0,0.1481061484262138,1919.6565854764176,11.356554184662249,9.598282927382089
-13.756616,102,664.758439,1.0,0.04761762044784743,1254.9102361678738,7.224174279083929,12.303041531057586
-125.204912,200,664.903949,0.0,0.2887226955321365,2448.3705084245553,13.844983391484272,12.241852542122777
-86.266702,200,665.043487,0.0,0.18024169644565516,2674.1779830391283,14.78167757177607,13.370889915195642
-56.172219,200,665.172534,0.0,0.39769861720042404,1841.6710052891663,10.505712862913448,9.208355026445831
-58.050376,184,665.288049,1.0,0.04099590341494037,2048.0056819619526,11.750109946200643,11.130465662836698
-85.883357,200,665.411038,0.0,0.05496083166922964,1874.717828814826,10.331365305716547,9.37358914407413
-56.444602,188,665.52857,1.0,0.04864861724446491,1865.0910859486983,10.486258673334627,9.920697265684565
-6.723565,28,665.54658,1.0,0.04970443482907103,77.72430941666212,0.6638988752541665,2.7758681934522187
-13.618977,109,665.613121,1.0,0.04340624498861513,1272.390407326656,7.611492072323217,11.673306489235376
-52.93234,200,665.733641,0.0,0.10599826187884895,2734.043862319882,15.014673664012264,13.67021931159941
-119.699306,200,665.861695,0.0,0.2810450117123291,2278.675907939639,12.506523216977595,11.393379539698195
-84.64816,200,665.989221,0.0,0.14384628114268766,2361.258881355221,13.279628335195854,11.806294406776106
-120.158274,200,666.43728,0.0,0.2928712454107407,2678.4433252917934,14.38089630148702,13.392216626458968
-6.837444,70,666.482794,1.0,0.042231551436373194,758.0500767600861,4.429902518948851,10.829286810858372
-115.309793,200,666.614309,0.0,0.23775549857022937,2402.3436230610114,13.36339753881447,12.011718115305056
-116.352668,200,666.748177,0.0,0.25652752494364855,2522.029914142519,13.855844430866982,12.610149570712595
-130.241548,200,666.876954,0.0,0.35735241798260914,2681.311114522705,15.069709702430957,13.406555572613524
-42.619037,153,666.979089,1.0,0.0487813663766947,1127.9973340218414,6.622959111019186,7.372531594913997
-34.881542,200,667.107618,0.0,0.24268366592179022,1975.3338501640835,10.932463767150121,9.876669250820418
-68.88049,200,667.229128,0.0,0.11131728196148565,2772.151273741818,15.326970842868938,13.86075636870909
-106.306539,200,667.356666,0.0,0.22088418086635234,2681.38310779144,14.9280674808288,13.4069155389572
-138.217513,200,667.476722,0.0,0.38758983112876766,2880.409520256717,16.227901167779812,14.402047601283584
-14.966623,108,667.542707,1.0,0.045431426688928835,1214.2607505938406,6.98933713056107,11.243155098091117
-15.774754,112,667.614228,1.0,0.045595781767074184,1174.7577107276952,6.837429715829764,10.48890813149728
-28.995037,139,668.03014,1.0,0.046771409573236354,1847.932905850814,10.304196845039488,13.294481337056215
-140.781487,200,668.171168,0.0,0.39653469028496213,2483.027709259422,13.5724896861407,12.41513854629711
-116.467619,200,668.309307,0.0,0.25455376579553657,2442.34223495888,13.765018223348386,12.2117111747944
-106.199367,200,668.436826,0.0,0.22096255841900164,2108.5620463686682,12.056406407605214,10.54281023184334
-38.656689,152,668.536347,1.0,0.046125322542812604,1304.6280997989497,7.337136058314507,8.583079603940458
-92.94395,200,668.659415,0.0,0.14150509877724782,1959.578049539178,11.093160310936593,9.79789024769589
-50.876484,175,668.771944,1.0,0.04845103926242546,1626.1547062925495,9.649447566209721,9.292312607385997
-33.238104,200,668.898547,0.0,0.3236827165869942,2154.382040519376,12.116341835353756,10.77191020259688
-85.969728,200,669.024989,0.0,0.09222387192498925,1761.730187623322,10.053988092429174,8.80865093811661
-72.554147,200,669.156513,0.0,0.1310727347495598,2092.9703104045734,11.529055987955804,10.464851552022868
-51.006932,172,669.266552,1.0,0.04907396242397227,1889.3996696827435,10.879861798908518,10.984881800481066
-112.207382,200,669.693466,0.0,0.2471053926567543,2159.54563745698,11.90934305236376,10.7977281872849
-18.861836,112,669.777014,1.0,0.049483455549962405,1146.839471564424,6.914655015560843,10.239638138968072
-59.850488,200,669.908531,0.0,0.10091717513783215,1785.5003560653938,9.614884034599111,8.927501780326969
-53.961154,180,670.02406,1.0,0.04960661941451684,1921.0197342571198,10.892785395815688,10.672331856983998
-108.540543,200,670.150601,0.0,0.2136833171596655,2370.9728576148796,13.225195141918045,11.854864288074397
-33.632848,142,670.240122,1.0,0.048728129197763564,907.3718727094345,5.113563535409587,6.389942765559398
-105.366612,200,670.362463,0.0,0.24591065961761674,2190.582221850956,12.118813126696717,10.95291110925478
-46.526544,166,670.46705,1.0,0.04648024464394103,1638.850527789794,9.620489111169954,9.872593540902372
-92.52373,200,670.590573,0.0,0.11154245758342086,1558.5758556725739,9.093199490768574,7.79287927836287
-56.841056,183,670.710088,1.0,0.04797085752173095,1908.5176132499828,10.809689513180212,10.429057995901545
-21.278981,126,670.790616,1.0,0.045343323026681336,1436.1786873561932,8.479955042503077,11.398243550445978
-108.334449,200,670.911185,0.0,0.20736398786954421,2089.016664036239,12.208885055064405,10.445083320181196
-124.171323,200,671.375957,0.0,0.3007437261821359,2128.626564300992,11.985592327893455,10.64313282150496
-93.665988,200,671.506466,0.0,0.16679443830958218,2383.9469694848244,13.195700825969652,11.919734847424122
-43.476264,200,671.636009,0.0,0.4380352587549928,2379.461578283851,12.941069142238394,11.897307891419254
-22.801937,127,671.718541,1.0,0.048900695460612355,1571.8607672637484,9.054323773950275,12.376856435147625
-90.646932,200,671.842023,0.0,0.13121872645430296,2558.039256562929,14.513318872207053,12.790196282814644
-18.760649,115,671.91256,1.0,0.04915799293472348,1476.8889443988216,8.169525929108952,12.842512559989753
-80.860684,200,672.042082,0.0,0.10833974048728401,2302.760125124465,12.90350357932658,11.513800625622325
-83.656379,200,672.167131,0.0,0.17874736641876002,2639.0611296130114,14.831062641627044,13.195305648065057
-115.522859,200,672.28965,0.0,0.26051417864120796,2542.7616806786186,14.407796791766376,12.713808403393093
-84.535105,200,672.410185,0.0,0.13675945166274656,2804.40270508989,16.28761625507635,14.022013525449449
-124.796852,200,672.535705,0.0,0.35214598151093807,2413.3519592365424,13.69813884927021,12.066759796182712
-34.25258,136,672.924759,1.0,0.0464621058773459,947.5059812142872,5.487224940215305,6.9669557442227
-132.247198,200,673.067785,0.0,0.43225100549270096,2655.0728755320706,15.394018887620078,13.275364377660352
-87.244975,200,673.198308,0.0,0.11578989966956534,2255.4343218922536,13.406819609027824,11.277171609461268
-45.864496,200,673.328111,0.0,0.12076582028107372,2267.016327102697,12.971448411498105,11.335081635513484
-102.092416,200,673.455231,0.0,0.24752139870536644,2191.517840600312,12.116433115392814,10.95758920300156
-51.912025,200,673.57927,0.0,0.12566365287178544,2572.974939906887,14.775758847847035,12.864874699534434
-44.488333,200,673.704788,0.0,0.3059912225889237,2014.2694269622211,11.081241239361177,10.071347134811106
-59.07908,200,673.827152,0.0,0.10847302339810316,2282.8788451319924,12.928542241087694,11.414394225659962
-72.113366,200,673.949702,0.0,0.06474777226996759,2162.6927726270324,12.268297695695928,10.813463863135162
-72.710464,200,674.073738,0.0,0.09136473598296913,2362.954273227931,13.58637096883992,11.814771366139656
-58.255596,200,674.198254,0.0,0.09580374146853494,2646.696199952688,14.871769640309955,13.23348099976344
-93.142304,200,674.658324,0.0,0.15344585975946737,1997.7529142213734,11.424734563968745,9.988764571106866
-41.265577,200,674.797348,0.0,0.1736533516873046,1711.7601428740686,9.767362298837401,8.558800714370342
-78.720505,200,674.924871,0.0,0.12553249374147524,2549.967077739556,14.34842524312135,12.749835388697779
-52.778488,200,675.051402,0.0,0.4148859289972271,2075.4808799734415,11.494517928696366,10.377404399867208
-42.724991,200,675.176037,0.0,0.3763014992034779,2397.4636049666406,13.283461860033517,11.987318024833202
-119.145094,200,675.299565,0.0,0.3104295152406402,2470.3385111980347,13.949460785970414,12.351692555990173
-133.579462,200,675.427081,0.0,0.3311338063141709,2510.552014376838,13.876596549255428,12.55276007188419
-43.826159,200,675.551748,0.0,0.2932229653539286,2244.971374904166,12.98827003281605,11.224856874520832
-82.781612,200,675.680418,0.0,0.14502861461776523,2491.800311469238,14.066598216777727,12.45900155734619
-25.698241,131,675.760415,1.0,0.04880388609294057,1439.4400346774555,8.016208539554071,10.988091867766835
-53.872781,200,676.198986,0.0,0.09982327294182337,1773.4891650314619,10.170978905557469,8.86744582515731
-52.486071,200,676.332495,0.0,0.3552148635522885,2082.12634816468,11.643445978645492,10.410631740823401
-71.943684,200,676.466551,0.0,0.15246710489310206,2375.5467798776276,13.090329329105323,11.877733899388138
-46.60576,200,676.592579,0.0,0.27451272012275874,2008.4456987823517,11.337908727453096,10.042228493911757
-105.651674,200,676.722109,0.0,0.22098507467027778,2202.087684869718,12.629227587666081,11.01043842434859
-104.823026,200,676.849629,0.0,0.21190942205672605,2282.3645622632425,12.448167668106422,11.411822811316213
-46.916256,170,676.959153,1.0,0.049732344888866915,2347.1959126541624,13.858824892413546,13.807034780318602
-35.890734,145,677.052673,1.0,0.048554327063371025,1115.6636491700285,6.392553046420214,7.694232063241576
-70.978211,200,677.177703,0.0,0.11026908196328632,2086.0713297462603,11.674482361927756,10.430356648731301
-82.287614,200,677.306231,0.0,0.15822493644096366,2682.1324634099624,15.261552139846112,13.410662317049812
-66.169732,200,677.433752,0.0,0.056555902521559856,2467.7362229043233,13.888497395448322,12.338681114521616
-94.132082,200,677.910623,0.0,0.12563598159189257,2109.275962631716,12.009425206310501,10.54637981315858
-132.84495,200,678.049163,0.0,0.35678144108465193,2430.0747431758446,13.821323869667363,12.150373715879223
-6.423899,28,678.068614,1.0,0.04377795380207847,31.78991591131218,0.25837970184883424,1.1353541396897207
-62.880438,193,678.192141,1.0,0.0488925236335255,1985.0580721175056,11.397245839114708,10.285274985064795
-46.813684,200,678.318655,0.0,0.27483631721654017,2093.9780561107327,12.00185819987101,10.469890280553663
-34.530452,154,678.41818,1.0,0.046953890230497106,936.0834730684817,5.355999530582531,6.078464110834297
-73.550182,200,678.542706,0.0,0.106567771175224,2576.882925124575,14.224597171350121,12.884414625622876
-28.268397,135,678.626257,1.0,0.04813931066975743,1627.0462264065175,9.433820277362932,12.052194269677907
-95.360072,200,678.748782,0.0,0.20553541781347096,2404.32985188487,13.496564145094766,12.02164925942435
-68.268687,186,678.865812,1.0,0.047338865276461826,1695.6881357786579,9.592001595186712,9.116602880530419
-34.154504,145,678.953832,1.0,0.04723068290061806,1380.3428506924615,8.286860727219148,9.519605866844563
-46.853228,167,679.055364,1.0,0.0476159761529991,1187.7705618042294,6.474227358318461,7.11239857367802
-51.388053,200,679.499914,0.0,0.12184962267362322,2233.976403379166,12.566598991360348,11.169882016895832
-114.097778,200,679.64643,0.0,0.2614710484067102,2545.9730736637766,14.21930909485722,12.729865368318883
-39.584308,200,679.775468,0.0,0.2573144963716858,1654.9318124980446,9.131620187825925,8.274659062490223
-93.293763,200,679.904549,0.0,0.18687484130256404,2394.6335430753716,13.334601678139263,11.973167715376858
-109.003639,200,680.031224,0.0,0.2576810837662072,2318.247395308778,12.378473421597329,11.59123697654389
-105.495014,200,680.155751,0.0,0.21347871216949896,2306.6379423356857,13.452526658798105,11.533189711678428
-36.904513,200,680.277802,0.0,0.4017999976338248,2398.0628894854835,13.98125296281146,11.990314447427417
-114.521614,200,680.404158,0.0,0.26525511319681583,2765.156594053237,16.072987438061062,13.825782970266184
-108.700944,200,680.521639,0.0,0.2532089482372874,2477.7314717870227,13.837380562104505,12.388657358935113
-45.88019,168,680.628853,1.0,0.04956322918263947,1699.1979346545793,9.941213917387469,10.114273420562972
-50.305084,200,681.051914,0.0,0.3548431979496084,1844.255541131341,10.881162527669419,9.221277705656705
-57.653478,200,681.189932,0.0,0.08677957997556207,2127.6498917209706,12.055738204670687,10.638249458604854
-45.997451,200,681.320448,0.0,0.2066970126424432,2032.9489716123298,11.454560274843793,10.164744858061649
-100.209841,200,681.450928,0.0,0.17663997935284595,2176.655147632793,12.290400440842179,10.883275738163967
-47.639654,200,681.572971,0.0,0.3708204943548665,1773.1052323046652,10.69493325988743,8.865526161523325
-53.740977,200,681.698493,0.0,0.08059111508446667,1107.5690271098438,6.874133346231223,5.537845135549219
-44.803413,174,681.806962,1.0,0.046400160553222075,2111.9867997672964,12.179336797720788,12.137855171076415
-75.469156,200,681.932618,0.0,0.07465731177703537,2071.991501239743,11.773003987425858,10.359957506198715
-93.530819,200,682.05777,0.0,0.15906400336355658,2451.5718637870455,13.718214326600865,12.257859318935227
-53.175012,182,682.173062,1.0,0.045375776223860936,2355.067245179423,13.647770083314155,12.939929918568259
-40.853571,200,682.296273,0.0,0.36367697578814046,2120.041277899268,11.410478469287623,10.600206389496341
-29.901503,141,682.713103,1.0,0.04721670586412836,1423.1183824838104,8.067334618800757,10.093038173644045
-96.410002,200,682.859617,0.0,0.15098809316267642,1734.2825281022021,9.944095670008307,8.671412640511011
-33.376609,200,682.988594,0.0,0.3261393278820393,2824.296409961979,15.962704027212663,14.121482049809895
-107.6625,200,683.11811,0.0,0.21174497497449446,2443.3676909206865,13.408938357865516,12.216838454603433
-67.068047,200,683.245616,0.0,0.05990648585658365,2490.5911987032164,13.903748600508349,12.452955993516081
-95.459557,200,683.368025,0.0,0.11900374484215859,1858.9476700878167,10.316351734754246,9.294738350439083
-9.529244,77,683.418023,1.0,0.04950545334093767,877.0737000433833,5.368278817448664,11.390567533030952
-49.907836,200,683.541481,0.0,0.1813168901586476,2022.1423974473917,11.284933516355448,10.110711987236959
-41.246797,200,683.66653,0.0,0.39579175325877325,2361.952194255726,13.450129821359447,11.809760971278632
-84.016701,200,683.790051,0.0,0.10155776400702238,2165.621886284183,11.963133869688559,10.828109431420915
-50.039053,200,683.912597,0.0,0.3070039892546557,1833.6597888287786,10.1519289429852,9.168298944143892
-79.846579,200,684.390686,0.0,0.05716223778080305,2304.09495066064,13.067452774671823,11.5204747533032
-47.986416,168,684.510748,1.0,0.047106110017143744,1241.351064075883,7.1591607639216654,7.388994429023112
-112.859168,200,684.642267,0.0,0.2266295168961793,2061.8880696588026,11.456978110567126,10.309440348294013
-30.697758,143,684.728514,1.0,0.046417265315850144,1781.2390809740023,10.246163576281672,12.456217349468547
-74.863252,190,684.848054,1.0,0.049440305775058604,1687.185384874792,9.62534168935622,8.879923078288378
-41.85954,200,684.972062,0.0,0.24081743983501508,2115.6861630004137,12.026206091486372,10.578430815002068
-92.224457,200,685.09558,0.0,0.12029922684184036,1927.8478896505087,10.6154875161098,9.639239448252544
-47.191648,200,685.222166,0.0,0.16304637293147878,2439.846277026948,14.352950583799707,12.19923138513474
-101.175528,200,685.344428,0.0,0.186644815902627,2385.9176490589693,12.946033100958507,11.929588245294847
-13.211367,85,685.397751,1.0,0.046115277566417916,573.1158926302148,3.580227917033379,6.742539913296645
-9.047277,81,685.447743,1.0,0.04758541929870261,1062.506592918795,6.472661166153097,13.11736534467648
-62.590253,190,685.566776,1.0,0.04883642287352168,2052.815341968387,11.63829700404716,10.804291273517828
-118.730838,200,685.993535,0.0,0.3038838350706848,2720.561342487867,15.433137587979694,13.602806712439335
-12.646395,89,686.060343,1.0,0.04815879334104403,809.5784304400644,4.967925695906155,9.096386858877128
-54.628566,176,686.177379,1.0,0.04991870871260813,1679.21263913312,9.348361866941854,9.540980904165455
-41.464337,156,686.278878,1.0,0.04942252461537179,1331.409619397096,8.132149077366691,8.534677047417283
-60.038018,200,686.406454,0.0,0.06879068956039633,2222.0865936332375,12.256784686253196,11.110432968166187
-93.936432,200,686.533058,0.0,0.21994188663039008,1959.9261338202289,11.119679857240133,9.799630669101145
-24.020568,134,686.617682,1.0,0.0427059625223041,1764.50070357668,9.95567068147087,13.167915698333433
-75.39037,200,686.741234,0.0,0.12080152667206293,2019.0227506221117,11.199363042787184,10.095113753110558
-47.733566,200,686.863775,0.0,0.14344769949523967,2834.0858442817866,15.947828732145219,14.170429221408932
-14.518214,103,686.924327,1.0,0.04810712164847559,985.6680827053887,5.657226326392484,9.569593035974647
-92.762754,200,687.046484,0.0,0.1631478274729597,2412.263968597141,13.710532074152855,12.061319842985704
-37.445524,157,687.143968,1.0,0.046307819501295845,1668.5751802411153,9.918592310709547,10.627867390070797
-58.536145,200,687.595418,0.0,0.08125895035343256,2041.2965094190163,11.43404653144707,10.206482547095082
-60.97665,186,687.727936,1.0,0.04639923445134997,1995.8128634737081,11.333596782368229,10.730176685342517
-30.727237,141,687.818468,1.0,0.0458709294243996,1363.3465783987867,8.029200351455133,9.669124669494941
-7.03771,47,687.848466,1.0,0.04883917118184434,25.042228938689647,0.21915199512356198,0.5328133816742479
-96.093727,200,687.973584,0.0,0.12362301925416304,1966.6057877842386,10.803559913181587,9.833028938921194
-29.63679,135,688.05659,1.0,0.04768196284506298,1280.4191778188929,7.028660899690692,9.48458650236217
-34.76344,200,688.180626,0.0,0.3007172173679824,2466.375092969698,13.779022557649796,12.33187546484849
-41.591081,200,688.306163,0.0,0.2568457802103698,2162.635648499966,12.423023682149607,10.81317824249983
-38.982856,200,688.434696,0.0,0.34808372876965127,1350.3522739913594,7.585699014409437,6.751761369956797
-54.9424,200,688.561201,0.0,0.09613800739686572,2692.7786540005186,14.735584267816062,13.463893270002593
-62.710053,192,688.686649,1.0,0.047163774661915875,1836.6596951258896,10.152393858988251,9.565935912114009
-36.272194,200,688.813179,0.0,0.2256049046194657,1857.6599031350984,10.67637710486932,9.288299515675492
-19.059849,110,689.204292,1.0,0.04747189611922178,1060.830661445228,6.227517277495428,9.643915104047528
-44.427286,200,689.351825,0.0,0.3648907129747346,2205.4241062881692,12.57440689184463,11.027120531440847
-88.456625,200,689.481895,0.0,0.1657510083388668,2333.454742333662,13.144291207346413,11.66727371166831
-82.378473,200,689.607842,0.0,0.06416047116177565,2245.704239504943,12.678742423578464,11.228521197524715
-123.012093,200,689.736361,0.0,0.3300584889330926,2535.150639492379,14.283231677553646,12.675753197461894
-40.554104,200,689.861928,0.0,0.2721634913422978,1272.0911367137423,7.046853052981273,6.360455683568712
-38.274317,200,689.988969,0.0,0.2076124272893408,2336.8127674823536,13.379187278713413,11.684063837411768
-51.470252,169,690.095515,1.0,0.04677880426167344,1546.3569385421392,9.086148983850858,9.150041056462362
-93.235451,200,690.219402,0.0,0.14812237839782214,2186.68450178837,12.669549484107867,10.93342250894185
-110.610434,200,690.337914,0.0,0.27089868017079366,2581.0845573425854,14.158135545351653,12.905422786712927
-31.59625,144,690.429386,1.0,0.046826161884579005,1796.0869845683405,10.35092042520452,12.472826281724586
-29.930054,142,690.847846,1.0,0.039437431413176426,1404.4923608568247,8.43761445879717,9.89079127363961
-56.304438,177,690.974988,1.0,0.04855488348664432,1705.9159484488036,9.617302397483781,9.637943211575163
-8.040154,69,691.020988,1.0,0.04834910173410056,605.0258689597714,3.3679331227806886,8.76849085448944
-97.762686,200,691.151444,0.0,0.1508008621571785,2242.8616244463065,12.593063291159172,11.214308122231532
-8.695117,32,691.172961,1.0,0.04141866631240422,31.85539705260473,0.2590345082954354,0.9954811578938978
-35.366032,150,691.265971,1.0,0.04689514359283163,1535.6687474613375,9.144733737072816,10.23779164974225
-20.011693,105,691.333508,1.0,0.04943563105560491,691.6344139481779,4.166114640080887,6.586994418554075
-113.871526,200,691.457042,0.0,0.25954422841112407,2470.9934421026564,13.650267941759397,12.354967210513282
-27.218665,136,691.538205,1.0,0.03902124080226559,1587.2961977509997,8.918228019331305,11.671295571698527
-40.412318,200,691.669244,0.0,0.2798861550482619,1321.1616675710438,7.38236231581087,6.605808337855219
-21.626773,121,691.743249,1.0,0.04247829868092297,1123.8665588386448,6.605728194011835,9.288153378831774
-39.358283,170,691.849796,1.0,0.04892083648975862,1394.4817505727622,7.901299621720248,8.202833826898601
-44.269032,200,691.972833,0.0,0.15289522984016016,2619.6511346224024,14.560778147604776,13.098255673112012
-112.315455,200,692.09535,0.0,0.26806140211825824,2556.838781850415,14.429767089106704,12.784193909252076
-14.965271,69,692.44088,1.0,0.049002228102769635,33.843095813384735,0.2894744819863671,0.49047964946934397
-18.901874,122,692.530427,1.0,0.04073223906927421,1216.7181039002683,7.2464038262068655,9.973099212297281
-109.008575,200,692.665932,0.0,0.21854275011236765,2317.3191027653447,12.994905242554399,11.586595513826724
-63.399226,193,692.791916,1.0,0.047054415339199955,1985.8615309154477,11.421015097716069,10.289437984017864
-29.679631,200,692.922413,0.0,0.35346797497377425,2569.9426900174835,14.473820020575358,12.849713450087417
-36.612174,200,693.051892,0.0,0.3270378211077658,1993.4166751576752,11.23779788341876,9.967083375788375
-73.291885,200,693.17223,0.0,0.06432393800132981,2493.7789572144584,13.434325329640728,12.468894786072292
-36.854986,153,693.265224,1.0,0.04739010288311415,1598.3695920370901,8.627381615403747,10.446860078673792
-21.929501,119,693.337771,1.0,0.04956489337727241,1191.4165079125905,7.05257214372424,10.011903427836895
-51.063278,174,693.448295,1.0,0.049544644270114985,1995.9028533663843,11.395504586388922,11.470706053829796
-55.167833,175,693.559853,1.0,0.04846788535001342,1578.4590972892593,8.952172903616518,9.01976627022434
-98.553102,200,693.68098,0.0,0.20714323864198544,2558.315588726862,14.121087514620925,12.79157794363431
-107.646653,200,694.146343,0.0,0.1997416603110953,2172.28686035611,12.256850716319109,10.86143430178055
-39.441961,162,694.256626,1.0,0.04963615504343027,1678.8688543676128,10.129713314202373,10.363387989923536
-77.748495,200,694.385697,1.0,0.049761244743755866,1809.6916562170345,10.65348859778084,9.048458281085173
-125.032924,200,694.511235,0.0,0.2959073426431674,2223.6286461793875,12.97135003452404,11.118143230896937
-61.551316,200,694.635779,0.0,0.4441490272580127,1809.6635100576048,10.410700926974314,9.048317550288024
-13.526227,66,694.679296,1.0,0.04668162426066291,55.63175842118571,0.5097194973414529,0.8429054306240259
-125.520044,200,694.804759,0.0,0.2944251804704364,2134.156754035552,11.725540894616701,10.670783770177758
-126.526483,200,694.927305,0.0,0.3407452434036413,2583.712822369467,15.043311902397203,12.918564111847337
-39.247081,162,695.029832,1.0,0.04396045465042597,1117.8247843808533,6.366199766214871,6.900152990005267
-65.292547,189,695.146338,1.0,0.04835019672411061,1532.8391759109081,8.800946220627303,8.110260190004805
-36.029909,151,695.24136,1.0,0.04754259508918303,1153.145995715335,6.42732290077325,7.636728448445927
-36.888157,200,695.668176,0.0,0.32001959301523686,1798.6562440561127,10.591604762163893,8.993281220280563
-95.700801,200,695.824199,0.0,0.1643081910220806,2336.5133302236914,12.661199005082615,11.682566651118456
-40.011651,200,695.956792,0.0,0.19814692921828284,1845.5717006925893,10.456259759758982,9.227858503462947
-131.884101,200,696.083838,0.0,0.3717887751231476,2552.126832469399,14.220910133014916,12.760634162346994
-69.60988,200,696.207305,0.0,0.07872120009712594,2183.7622411738566,11.874468726673243,10.918811205869282
-114.532582,200,696.332825,0.0,0.3280247584042199,2236.606568429125,12.612423091329601,11.183032842145627
-32.553942,147,696.422353,1.0,0.046007517362472695,1535.0820443146577,8.63107968439869,10.442734995337807
-49.095607,171,696.525896,1.0,0.046061879197586614,1808.5156010353815,10.052688301731099,10.576114625937903
-53.391002,200,696.653359,0.0,0.4516025276164905,2078.113632026436,12.238328682557627,10.39056816013218
-36.947223,157,696.749877,1.0,0.04971245492949921,1489.696427081706,8.90343094900367,9.48851227440577
-81.287672,200,696.873917,0.0,0.10810848633304332,1998.188650130469,11.284349226672497,9.990943250652345
-25.771589,134,696.957907,1.0,0.04604235287727221,1339.4779301481465,7.67588043905357,9.996103956329451
-49.45607,200,697.415258,0.0,0.294943609036672,1726.6837828366938,9.623969321529183,8.63341891418347
-44.197654,163,697.523338,1.0,0.0486435796012142,1004.3467414151276,5.748101389112439,6.1616364503995555
-86.770413,200,697.65342,0.0,0.1746950830696837,2455.906821666367,14.054849346376853,12.279534108331834
-134.728191,200,697.779501,0.0,0.3520936073749692,2658.338102232377,15.079818766412725,13.291690511161885
-136.977788,200,697.904977,0.0,0.36416999062774585,2534.27988449864,14.381111248471178,12.6713994224932
-105.895618,200,698.028509,0.0,0.22274852083267963,2347.4000925342752,13.158266622641325,11.737000462671377
-118.3713,200,698.152033,0.0,0.25536833773836387,2070.377012565908,11.498334250934896,10.35188506282954
-117.713277,200,698.273104,0.0,0.2597767734163951,2214.606748704343,12.543065738172444,11.073033743521714
-35.679604,200,698.400073,0.0,0.276378285499102,2111.6233601241897,11.57014761678563,10.55811680062095
-26.267169,128,698.482597,1.0,0.04973482771431728,1395.5360584873704,8.474425010697203,10.902625456932581
-39.11159,200,698.929666,0.0,0.25771086071593446,1334.2025057059534,7.2775094635330895,6.671012528529767
-50.832565,174,699.044188,1.0,0.0494336905407163,1447.2441642599447,8.242698923711549,8.317495196896234
-41.68579,200,699.17725,0.0,0.21909597741906592,2116.0637007003716,11.728278640066042,10.580318503501857
-111.046352,200,699.303776,0.0,0.25553416111843386,2590.6788269518556,14.25188006083188,12.953394134759279
-52.524536,167,699.409283,1.0,0.049529728157826275,1305.9443399928532,7.654888230565146,7.820025987981157
-92.721541,200,699.531829,0.0,0.14391213228552474,2242.0067510574763,12.850645775371486,11.210033755287382
-70.510809,200,699.659753,0.0,0.09591349707960115,2432.628160350701,13.270233680833167,12.163140801753505
-37.407733,200,699.781362,0.0,0.32685946595857457,1455.5531560883505,8.465985368248392,7.277765780441753
-69.808591,186,699.895848,1.0,0.04889142315649744,1706.9400094880523,9.863821976640866,9.177096825204583
-53.906798,173,700.009426,1.0,0.04921102688788776,1512.3535319939651,8.749940862537436,8.741927930600955
-12.274273,62,700.046467,1.0,0.048352816625560215,25.18181311163386,0.22054783687383353,0.40615827599409454
-139.470547,200,700.173485,0.0,0.3699800364083383,2519.310560666059,14.544845684162302,12.596552803330294
-90.453172,200,700.606452,0.0,0.13226005520069112,2318.574791667821,12.877801679649563,11.592873958339105
-123.809381,200,700.752965,0.0,0.2904879180522554,2274.911299123858,12.881957255622142,11.37455649561929
-30.264579,142,700.845512,1.0,0.04515841735545289,1748.4903864294708,9.99374600652028,12.313312580489232
-130.960362,200,700.969665,0.0,0.3484266600731911,2569.9663960426856,14.663566997127885,12.849831980213429
-70.246614,196,701.097684,1.0,0.048718651071288074,2129.886881916033,11.786206064782755,10.866769805694046
-33.605654,142,701.188236,1.0,0.04978487763122758,1369.2830584968435,7.782292898896949,9.642838440118616
-95.191144,200,701.316776,0.0,0.13970830667446932,1652.294484944612,9.354764443734405,8.26147242472306
-126.101164,200,701.443305,0.0,0.3134196324054029,1898.3411923978838,10.651770845866837,9.49170596198942
-82.776967,200,701.570852,1.0,0.04936171995047805,2043.284349816585,11.309413454595262,10.216421749082926
-146.054225,200,701.697926,0.0,0.42856415929349956,2286.4192677728515,12.666192501105593,11.432096338864257
-12.525296,113,701.773597,1.0,0.04362371335136523,1383.1206363291876,8.248833111977568,12.24000563123175
-69.985568,200,702.230128,0.0,0.05647395730364807,2300.1917469461064,12.82647903541923,11.500958734730531
-127.64791,200,702.373159,0.0,0.3268902458799911,2529.88674073085,13.884586032984899,12.64943370365425
-44.654617,200,702.505515,0.0,0.22406586788987584,2082.6747269236716,11.810528712489429,10.413373634618358
-53.125796,200,702.628026,0.0,0.11146419379944432,2218.5728968951616,12.921636846801698,11.092864484475808
-80.23727,200,702.757551,0.0,0.09017562515116218,2238.205843580777,12.749947390346662,11.191029217903885
-54.285568,187,702.876649,1.0,0.04933521890909603,1393.0896995200724,7.795043073965478,7.449677537540494
-12.07553,61,702.915638,1.0,0.049606107496290304,25.172507500104242,0.22045478075714872,0.41266405737875805
-95.113762,200,703.04419,0.0,0.14461207844008234,2212.2147306230936,12.561953627095079,11.061073653115468
-43.24987,200,703.171735,0.0,0.21855071237898138,2138.6231729972633,11.655769238738182,10.693115864986316
-39.350698,200,703.296804,0.0,0.22712261914238097,1469.2708126485807,8.316056218908367,7.346354063242903
-76.561072,200,703.424345,0.0,0.11581600265778795,2714.0409622954885,14.746312484688323,13.570204811477442
-83.836246,200,703.860377,0.0,0.09483230719497963,2110.909294787834,11.742758403050091,10.554546473939169
-13.04126,64,703.905882,1.0,0.04779841465769819,46.13986826711991,0.4017009964034655,0.7209354416737486
-44.762222,200,704.065127,0.0,0.37912496091338305,2223.3341366714517,12.517849590429961,11.116670683357258
-19.539577,126,704.147648,1.0,0.04606219731517225,1374.8152932508037,7.903504528697904,10.91123248611749
-52.984661,200,704.276683,0.0,0.12192498346285872,2191.3809285400166,12.452775582217003,10.956904642700083
-99.647853,200,704.4002,0.0,0.218777426224369,2406.524764461607,13.575397957459892,12.032623822308034
-21.786899,121,704.477732,1.0,0.04945486722666742,1483.6063665631066,8.610826677517839,12.261209641017409
-36.90015,200,704.60626,0.0,0.3632497971956796,1921.2833771038997,11.235080770524249,9.606416885519499
-73.900906,200,704.725783,0.0,0.11771405474149396,1876.4902671295374,10.874314422516811,9.382451335647687
-126.443324,200,704.856309,0.0,0.30468212503666997,2438.4562208340653,13.591713160724682,12.192281104170327
-127.987475,200,704.976355,0.0,0.310084001920404,2094.4272422880144,12.044974076921262,10.472136211440072
-9.330834,72,705.024354,1.0,0.047146983574934,516.3200804454436,3.1743093012383996,7.17111222840894
-39.907378,200,705.144712,0.0,0.289390943300152,2155.497993045503,12.305635830787827,10.777489965227515
-57.372279,181,705.571931,1.0,0.04909861366126003,1576.0387167493807,9.385240304754568,8.7073962251347
-103.309381,200,705.718974,0.0,0.1914238655848643,2406.9040441652533,13.27643634792225,12.034520220826266
-77.271867,200,705.850502,0.0,0.12494447400625619,2815.2574708354696,16.357968930072488,14.076287354177348
-80.423471,200,705.974543,0.0,0.10753008850600285,1949.5367191412722,10.991094387721002,9.747683595706361
-85.205477,200,706.10106,0.0,0.07166163747686145,1745.9724472731903,10.141570082759495,8.729862236365951
-44.743764,200,706.232767,0.0,0.34015573036534347,1179.604183391958,6.885002718025764,5.898020916959791
-128.814052,200,706.354877,0.0,0.3219782632127022,2296.435683702092,13.310292706543972,11.48217841851046
-120.950779,200,706.483184,0.0,0.2891509677249957,2526.6182005950022,13.901755804040876,12.63309100297501
-51.873777,175,706.587718,1.0,0.04660870369565412,1245.1796807651072,7.05111081977533,7.115312461514898
-42.523295,200,706.715259,0.0,0.4284682673233994,2355.7729304208656,13.42234158135795,11.778864652104328
-97.54978,200,707.146329,0.0,0.17022882466744696,2258.516628741439,13.202856006320845,11.292583143707196
-48.125628,200,707.296361,0.0,0.24284203188947176,1603.4824784233533,9.135872446907399,8.017412392116766
-39.949174,158,707.398876,1.0,0.048548310497003484,1866.6346640002946,10.901568874759244,11.814143443039839
-69.615915,200,707.522392,0.0,0.06564685608335417,2594.236442628528,14.455629759057448,12.97118221314264
-62.6262,179,707.636908,1.0,0.049820301438815655,1608.199132092676,8.887217564901922,8.984352693255174
-83.5077,200,707.762439,1.0,0.047843845940369334,1638.7765864472383,9.398753299553771,8.19388293223619
-51.092862,182,707.877001,1.0,0.046113829746402685,2039.7717216715114,11.401724326780688,11.207536932261052
-56.190364,179,707.988519,1.0,0.049655533530506654,1831.8415754131308,10.263275804045838,10.233751817950452
-63.849623,200,708.117039,0.0,0.05546282323054153,2558.8321612689283,14.487582619861357,12.794160806344642
-113.114548,200,708.24456,0.0,0.24216127965503118,2362.091035767508,12.310405046128945,11.81045517883754
-100.454385,200,708.378458,0.0,0.19444990967845246,2232.8154290688644,12.52543617537602,11.164077145344322
-59.384093,200,708.811111,0.0,0.0992091915375003,2390.679081336547,13.641972389374063,11.953395406682734
-61.708592,184,708.942624,1.0,0.049056027282174786,1785.1506716436593,10.025548719033782,9.701905824150321
-49.131729,168,709.052142,1.0,0.047207175628851294,1508.7845649681574,8.892780938987785,8.980860505762841
-4.536796,23,709.068148,1.0,0.049516437662728834,31.708064484696493,0.2575611937905829,1.3786114993346301
-98.142717,200,709.196185,0.0,0.192475003010537,2619.289013303283,15.238350649719369,13.096445066516415
-101.856805,200,709.324546,0.0,0.1852288781604633,2408.7962759523366,14.027613909625627,12.043981379761682
-47.442724,200,709.452076,0.0,0.25845376508982665,1859.2289584560228,10.783739163345043,9.296144792280113
-101.761915,200,709.580118,0.0,0.1631795791491652,2025.3042973351485,11.715872772570258,10.126521486675742
-36.59728,153,709.676636,1.0,0.04833114937793307,1562.9806808518697,8.948083056821948,10.215560005567776
-82.19153,200,709.804162,0.0,0.1083917153088585,2609.21111313622,14.704105576755383,13.0460555656811
-58.251304,200,709.93168,0.0,0.09305575918301229,2510.6682622559247,14.329517578667513,12.553341311279624
-91.897789,200,710.405276,0.0,0.18352367098383363,2902.698465764321,15.664979628572835,14.513492328821606
-11.958378,97,710.482543,1.0,0.04764222603982689,1257.621513459845,7.318110619932872,12.965170241854072
-24.549539,124,710.577047,1.0,0.04685249859044322,953.1045205782127,5.773371756945402,7.686326778856555
-117.525299,200,710.707117,0.0,0.25308822345790877,2415.9499917880685,13.647465271162755,12.079749958940342
-19.475776,111,710.780635,1.0,0.04831563265057252,907.1904033231938,5.289894516684173,8.17288651642517
-128.099349,200,710.907195,0.0,0.3133537226331506,2453.2770327754015,14.153258049151331,12.266385163877008
-144.919896,200,711.028709,0.0,0.4092028449941499,2632.667915165061,15.111982362703875,13.163339575825304
-90.971199,200,711.156983,0.0,0.15547173429498848,2920.595544642095,15.564741362770713,14.602977723210474
-126.663939,200,711.281182,0.0,0.3682288337559175,1863.3131914641297,10.68210392568038,9.316565957320648
-53.763022,176,711.39471,1.0,0.049024821172647316,1683.7090247569013,9.481443099547572,9.566528549755121
-49.991707,200,711.526245,0.0,0.1437671464726602,2095.078087432496,11.669389682276583,10.47539043716248
-56.537192,200,711.654763,0.0,0.37062321453039776,1992.8951849769135,11.322410907789184,9.964475924884567
-10.08236,78,711.704315,1.0,0.04644706101183898,657.2196326820872,3.921239471145451,8.425892726693425
-64.627934,200,712.13289,0.0,0.09767044868220945,2700.44971860329,14.817573175815008,13.50224859301645
-64.926602,192,712.262412,1.0,0.048592712364336446,2035.4564638694146,11.553959047490302,10.601335749319867
-72.580511,200,712.393501,0.0,0.09426812181764303,2551.3658940592027,14.17158675159315,12.756829470296013
-74.003449,200,712.523054,0.0,0.09254919467102088,2611.456575068084,14.65574882036761,13.05728287534042
-50.443596,174,712.63157,1.0,0.0497597192715313,1711.434507241013,9.369137895265501,9.835830501385132
-112.67824,200,712.759668,0.0,0.2977121231374219,2174.453067979565,11.537861729602861,10.872265339897824
-57.723126,200,712.886369,0.0,0.45449842118060974,1871.6758837224063,10.710481337311075,9.358379418612031
-40.729391,200,713.014901,0.0,0.3764501947009175,2155.253130663485,12.106155108043035,10.776265653317425
-16.35845,118,713.090428,1.0,0.041447424299916664,1343.8120592856073,7.758022924569151,11.388237790555994
-147.805826,200,713.208948,0.0,0.4670070126202744,2485.4725854216626,13.63668034513155,12.427362927108312
-89.359103,200,713.624499,0.0,0.09344528384061279,2088.5914956581423,11.391450870980279,10.442957478290712
-58.481894,200,713.762019,0.0,0.46444018443523616,2066.6583758340835,11.694977003249171,10.333291879170417
-58.458021,172,713.873531,1.0,0.04763623769036261,1497.3857643298727,8.839952278523715,8.705731187964377
-135.287325,200,714.006575,0.0,0.3555812384818677,2485.486629715206,14.269371055540383,12.42743314857603
-76.203293,200,714.130085,0.0,0.08703289720919005,2089.356128211451,11.544348604268693,10.446780641057256
-36.26681,200,714.259606,0.0,0.268508122655115,1731.6008374308747,9.995532928310775,8.658004187154374
-21.292607,120,714.335135,1.0,0.04843257590623544,1334.3180529974732,7.708793940560293,11.119317108312277
-34.118306,139,714.417658,1.0,0.04780034896610424,1164.221080056431,6.587660594333671,8.37569122342756
-26.837652,141,714.510181,1.0,0.044994313140347526,1815.4381144207443,10.35706061101677,12.875447620005279
-14.571505,90,714.570189,1.0,0.04874744166825941,785.606339856589,4.963166016822666,8.728959331739878
-38.80651,155,714.670702,1.0,0.04476917360746477,941.5885156530701,5.229192563569021,6.074764617116581
-92.485782,200,714.792674,0.0,0.19783739906540315,2183.556977185258,11.77421433638274,10.91778488592629
-81.288267,200,714.922302,0.0,0.16146947483548388,2029.472309451013,11.90036837654504,10.147361547255064
-74.599712,200,715.370869,0.0,0.08521377544686144,2532.279652565147,14.259228561110964,12.661398262825735
-123.253275,200,715.508367,0.0,0.345691079037384,2346.649790941407,13.42481650718174,11.733248954707035
-50.669448,179,715.62589,1.0,0.046080247634111796,1974.167928046398,11.391224555271723,11.028871106404457
-15.07586,117,715.701421,1.0,0.04769269742290683,1139.1315610170036,6.364005626840522,9.736167188179518
-32.663138,131,715.782933,1.0,0.04986497761809526,936.9330619829892,5.849786059939986,7.152160778496101
-137.313398,200,715.905451,0.0,0.35971916992280206,2657.150211604136,14.924330039765808,13.285751058020681
-73.22466,200,716.030005,0.0,0.09063796991695315,2449.7256291190274,14.126134400612598,12.248628145595138
-11.156628,105,716.093559,1.0,0.044490991708658084,1156.5758819775863,6.811293837156426,11.015008399786536
-43.239774,200,716.221099,0.0,0.250636457381501,2057.475840563938,11.531308906208222,10.287379202819691
-43.004533,200,716.348651,0.0,0.14377508047688226,2088.1697756886747,11.939311322004931,10.440848878443374
-43.304047,161,716.450212,1.0,0.048189937304370135,1181.042366828631,6.934742458049799,7.335666874711993
-105.156134,200,716.914236,0.0,0.22406543715831953,2761.6349299556427,15.67305713084054,13.808174649778215
-28.368035,200,717.054751,0.0,0.3397548248135444,2613.649697603371,14.35869031063812,13.068248488016854
-65.892412,200,717.194308,0.0,0.10168832435395425,2026.6513427511006,11.554284404698192,10.133256713755504
-31.981143,200,717.319427,0.0,0.3327485717122743,2984.999430486103,16.826149976701597,14.924997152430514
-112.126741,200,717.444802,0.0,0.25925075522047314,2369.946143872449,14.008710069407398,11.849730719362244
-83.16709,200,717.569306,0.0,0.09308574487128086,2269.7135250755045,12.418186141324245,11.348567625377523
-31.31454,200,717.697345,0.0,0.33105770047126476,2862.908331280394,16.323173671835345,14.314541656401971
-48.285672,200,717.819859,0.0,0.3177433709576411,1800.578906594559,10.59270558865542,9.002894532972794
-14.279041,70,717.863889,1.0,0.04747719497769107,74.70691640772564,0.6757456801074772,1.0672416629675092
-36.855247,200,717.985856,0.0,0.25384490551698596,1579.7873903178506,8.740825158404531,7.898936951589253
-11.895033,61,718.022856,1.0,0.04715927798408874,55.76762523186528,0.5068490287309159,0.9142233644568079
-43.283184,175,718.134373,1.0,0.04964447502380213,2248.771278885542,13.03819847077398,12.850121593631668
-138.340572,200,718.586805,0.0,0.40105786005756655,2628.362562201099,14.85418295975942,13.141812811005495
-13.884759,110,718.660805,1.0,0.04036112399800829,1100.801701233142,6.313283317154509,10.007288193028563
-99.794878,200,718.797273,0.0,0.19602413857661113,2628.459185367502,15.100604975905437,13.14229592683751
-34.22344,200,718.923791,0.0,0.3134478152015184,2072.7545432628385,11.60663651192841,10.363772716314193
-124.023506,200,719.050907,0.0,0.3017449403082358,2353.257677506651,13.512863312842883,11.766288387533255
-12.143618,62,719.092425,1.0,0.045885165553752494,25.18181311163386,0.22054783687383353,0.40615827599409454
-53.498256,176,719.20394,1.0,0.04805619731722774,1874.6323455397771,10.34653014604124,10.65132014511237
-45.604907,200,719.329686,0.0,0.2621031059107624,1886.1228280007808,11.379997175749798,9.430614140003904
-86.187458,200,719.459331,0.0,0.09511687453246341,1887.0572835546136,11.085112127585111,9.435286417773067
-147.120601,200,719.585084,0.0,0.43102799464712077,2146.1193173556785,12.378040221940482,10.730596586778393
-52.667207,172,719.686677,1.0,0.048451325802486504,1746.9208589259347,10.067816233110026,10.15651662166241
-71.864694,191,719.805207,1.0,0.0449465457827284,1848.774813155449,10.564725544184327,9.679449283536382
-93.545217,200,720.261224,0.0,0.1279555796589883,2545.919973133667,14.161824810377462,12.729599865668336
-27.589182,139,720.36174,1.0,0.04426093969925771,1663.0970711234204,9.805654327538576,11.96472713038432
-38.561522,156,720.463606,1.0,0.0469263546768504,2026.1444963378008,11.205419365568968,12.988105745755133
-39.760982,200,720.588969,0.0,0.32816426250271513,1947.774198513728,11.27235379047544,9.73887099256864
-21.68961,123,720.667972,1.0,0.04609683485237796,1536.6034346625809,8.343229496937692,12.49271085091529
-73.966288,193,720.786009,1.0,0.04886618410971342,1975.9351170551308,11.250155482958789,10.238005787850419
-121.414172,200,720.915259,0.0,0.3310296651917488,1951.736162011235,10.980309816770378,9.758680810056175
-97.809722,200,721.039785,0.0,0.171102387183677,2454.2506132422277,13.69855895322898,12.271253066211138
-86.324435,200,721.168322,0.0,0.10349733887105306,1928.0408163649884,10.962439527284873,9.640204081824942
-32.594785,157,721.268694,1.0,0.04989207515030582,1568.9943134876612,9.102245964437413,9.993594353424594
-105.208971,200,721.396727,0.0,0.1904207810831987,1914.0269751453582,11.11579355866626,9.57013487572679
-149.738233,200,721.864956,0.0,0.43849203658215363,2818.580603377204,15.63358992353226,14.092903016886021
-10.443703,59,721.904468,1.0,0.04645109335561109,40.62873801832977,0.3460256644098113,0.6886226782767758
-35.697004,138,721.998981,1.0,0.04651535440230953,977.3909463317582,5.884484444073278,7.082543089360566
-6.971704,62,722.041984,1.0,0.04821140820804068,544.2942033947874,3.442388295100886,8.778938764432054
-97.289916,200,722.170527,0.0,0.15073548958046162,2085.4482467089542,11.464004454313526,10.427241233544772
-87.727934,200,722.296592,0.0,0.14311320911430295,2432.714451562048,13.339202611050833,12.16357225781024
-48.258765,200,722.423145,0.0,0.4111234320457328,1961.3316603518351,10.891122873159961,9.806658301759176
-66.680385,192,722.548695,1.0,0.04813000316384397,2014.6986542379168,11.39798632790036,10.49322215748915
-90.862771,200,722.67726,0.0,0.1438354082685102,2543.718019044891,14.768207793210614,12.718590095224457
-78.804341,200,722.800831,0.0,0.09542805040352803,2099.231874127762,12.501763407625697,10.496159370638809
-58.91815,200,722.929386,0.0,0.08453039117140324,2326.256681996901,13.066348885274039,11.631283409984505
-81.96697,200,723.05296,0.0,0.13863318915289868,2212.8548410931885,11.989224731547088,11.064274205465942
-98.197747,200,723.465981,0.0,0.1749637925360256,2035.0048024306052,11.325167482884243,10.175024012153026
-57.554223,187,723.61202,1.0,0.0486010181040316,1853.7573329110471,10.767855132104058,9.913140817706134
-15.002049,98,723.678726,1.0,0.049497686900048916,661.43040036294,4.095256185896592,6.749289799621836
-15.058493,98,723.742967,1.0,0.04885347479650147,828.7526533802172,5.053632392621679,8.456659728369564
-35.193229,152,723.840071,1.0,0.04762036938596127,1679.401131265359,9.57859648220083,11.048691653061573
-17.578188,105,723.907597,1.0,0.04951138582806367,813.7505847234664,4.93272438128151,7.7500055687949185
-96.334761,200,724.033137,0.0,0.17116048243330725,1943.6357547564721,10.921593911123686,9.71817877378236
-102.911779,200,724.163666,0.0,0.1968881293131769,2366.7784419314,13.352574036534175,11.833892209657
-41.421593,153,724.255966,1.0,0.048687372887991624,1266.888362065327,7.266137353202411,8.280316091930242
-98.206188,200,724.383011,0.0,0.17025469641903684,2204.492752591154,12.20377002712929,11.02246376295577
-69.564363,190,724.504541,1.0,0.047779707335669615,1786.8798424095378,10.402546183752824,9.404630749523884
-38.525496,200,724.631058,0.0,0.3694945333133457,1856.2113974305812,10.199434170671342,9.281056987152907
-56.708336,183,724.747586,1.0,0.04817659728355605,2149.4519008980324,11.779905325838687,11.745638802721489
-119.412959,200,725.202178,0.0,0.2700691496862764,2411.4687442920554,13.16566384199812,12.057343721460278
-55.143685,175,725.319701,1.0,0.04584420152938833,1369.2601764768845,8.047059216115045,7.824343865582197
-111.683121,200,725.450229,0.0,0.3108530139180128,2285.327766126906,12.31480020866164,11.42663883063453
-32.330146,135,725.53702,1.0,0.04595997528666922,1041.3372409278452,6.040648297670935,7.7136091920581125
-104.272925,200,725.666549,0.0,0.22581192294297825,1906.9091250631545,10.62739615090024,9.534545625315772
-100.458253,200,725.793606,0.0,0.18308168050676377,1950.638873946846,11.033711808369892,9.75319436973423
-59.522057,181,725.911799,1.0,0.049710489483810384,1716.1117136666392,10.075779568858788,9.48128018600353
-57.635671,171,726.017533,1.0,0.04796690185112354,1167.764714494827,6.799587617474065,6.829033418098404
-12.205531,104,726.081565,1.0,0.04410922388786697,1132.5176396056909,6.435497046187798,10.889592688516258
-55.485041,176,726.189544,1.0,0.048825607067613554,1610.6512408779781,9.261782168938861,9.151427504988511
-33.138023,149,726.279552,1.0,0.04955165352052362,1241.9846749607427,7.253773686976324,8.335467617186193
-8.55077,34,726.302073,1.0,0.04922051939210937,31.888137623251005,0.25936191151873594,0.9378864006838531
-37.12525,200,726.742131,0.0,0.34406431031488005,2068.1572813642874,11.956054143784353,10.340786406821437
-133.065109,200,726.898163,0.0,0.35713582606201244,2130.52350534468,12.229367769608738,10.6526175267234
-62.929256,177,727.014453,1.0,0.04703629102429995,1264.9292678476318,7.6032305767852515,7.146493038687185
-29.321942,139,727.102971,1.0,0.046100983956962126,1438.5482795059443,8.475853643961102,10.349268197884491
-24.873934,130,727.1875,1.0,0.049425480132721356,1600.287237622106,9.352602690008219,12.309901827862353
-91.640104,200,727.313458,0.0,0.1323720916176562,1786.433433261582,9.714705744295303,8.93216716630791
-98.731998,200,727.439976,0.0,0.1798940815054668,2016.7778912260655,11.620983044899514,10.083889456130327
-102.678679,200,727.568511,0.0,0.2183180462338073,2576.3259359896783,14.050141618157326,12.881629679948391
-8.410505,32,727.591022,1.0,0.041128849989657885,31.85539705260473,0.2590345082954354,0.9954811578938978
-42.68882,200,727.71755,0.0,0.17857789528665555,1321.9603463091662,7.315313010065435,6.609801731545831
-38.914571,200,727.846067,0.0,0.37216924207458785,1794.5891766372938,10.305142562155513,8.972945883186469
-116.18648,200,727.97359,0.0,0.2806122329805578,2898.3230676861463,16.060596658583314,14.491615338430732
-79.793188,200,728.443121,0.0,0.1158095764563401,2476.7561455945797,13.557743968568854,12.383780727972898
-104.507851,200,728.587158,0.0,0.21264865825141566,1904.0036586738365,10.987903019810917,9.520018293369183
-103.184983,200,728.713691,0.0,0.2000887129991978,2389.691397860836,12.647474653242273,11.94845698930418
-70.149097,200,728.843044,0.0,0.051231211297235346,1549.8754039211694,9.293584479136381,7.749377019605848
-38.73439,151,728.943575,1.0,0.04976668230810514,1015.3910052527079,6.343296192427159,6.724443743395417
-123.708533,200,729.072105,0.0,0.31668905075278797,2664.308777850554,14.51853283256756,13.321543889252771
-122.354941,200,729.200147,0.0,0.31415358896402623,2630.100398489144,14.655403643522147,13.15050199244572
-11.802933,63,729.241147,1.0,0.04935101251556959,25.19111872316347,0.22064089299051826,0.3998590273518011
-95.481837,200,729.367671,0.0,0.18253381377533207,2126.507142665674,12.44827643872779,10.632535713328371
-46.260811,200,729.494728,0.0,0.24407451049952267,1886.170059911133,10.752544187505778,9.430850299555665
-41.959678,200,729.622246,0.0,0.3311672263785215,1230.565283077706,6.888453049594567,6.15282641538853
-38.614272,152,730.025765,1.0,0.04749061726780186,1410.407948720598,7.823872265384807,9.278999662635513
-105.113203,200,730.168288,0.0,0.2135850670926402,2220.9936524563104,12.446060704422013,11.104968262281552
-29.733037,200,730.312538,0.0,0.3365678272727752,2453.697752107302,13.574540822488363,12.268488760536512
-33.615049,200,730.442259,0.0,0.30296340383435955,2309.8709056386815,12.915977338354875,11.549354528193408
-31.555636,143,730.531276,1.0,0.04878238354279614,1515.471298470662,8.69479903769928,10.597701387906728
-37.990863,152,730.625801,1.0,0.04766788292710741,1488.8869857088025,8.29828569122186,9.79530911650528
-70.893449,200,730.750355,0.0,0.054867567999933316,1931.9644740210153,11.284163947481096,9.659822370105077
-7.918312,32,730.770378,1.0,0.04796707243002806,31.85539705260473,0.2590345082954354,0.9954811578938978
-35.74579,150,730.862897,1.0,0.049263089931226,1465.7994389518503,8.656368487483656,9.771996259679002
-31.444685,141,730.955415,1.0,0.047166504636259085,1914.04875644218,10.9223082160768,13.574813875476455
-74.534122,200,731.078363,0.0,0.07256114084848218,2049.866131613288,11.763688628053247,10.24933065806644
-30.103331,135,731.16589,1.0,0.04763497787237389,1097.5595514495124,6.455621079915496,8.13007075147787
-34.066203,200,731.288958,0.0,0.29588033551944887,2455.4633524599644,13.264371555120876,12.277316762299822
-95.771162,200,731.715017,0.0,0.15317756556449574,2322.231787034451,13.250146501559223,11.611158935172254
-34.502848,148,731.820526,1.0,0.046661584504788044,1529.1969386311948,9.059018715159999,10.332411747508074
-53.401182,173,731.932041,1.0,0.0487683621076208,1705.141144888341,9.71260562765642,9.856307195886364
-36.403857,145,732.021574,1.0,0.04837889090489878,1205.0751074671666,6.951945437522751,8.31086281011839
-36.499345,147,732.115093,1.0,0.04771877733052479,1189.8328264975105,6.899553481045867,8.094100860527282
-68.496154,191,732.234611,1.0,0.04678946869618597,1872.5108827792292,10.932344372744392,9.803721899367693
-95.479501,200,732.361109,0.0,0.15715976689560307,2039.0398407159653,11.43629787009369,10.195199203579826
-61.846301,186,732.479145,1.0,0.04833384769020776,1893.8956034369064,10.605624910061577,10.182234427080141
-117.46772,200,732.6054,0.0,0.29595959796597837,2099.8278942786724,12.124699682600214,10.499139471393361
-87.372013,200,732.728926,0.0,0.14420057734990352,2084.280853713571,11.601261066515946,10.421404268567855
-94.605471,200,732.851386,0.0,0.12505345167770304,1797.4174170604847,9.530259258148858,8.987087085302424
-89.421186,200,733.297007,0.0,0.1472448130461204,2645.4786864692574,14.661304350548297,13.227393432346286
-47.024859,200,733.439512,0.0,0.34085199461438354,2020.3750601352544,11.533558743310644,10.101875300676273
-46.371222,172,733.552028,1.0,0.048086919330962735,1803.2814195264853,10.288817028248836,10.48419429957259
-102.705361,200,733.682564,0.0,0.18693789022282176,2166.72336173051,12.37708669696759,10.83361680865255
-50.991258,174,733.795426,1.0,0.04990976747064783,1793.3359066095868,10.606421803976644,10.30652819890567
-124.708675,200,733.915947,0.0,0.3229873129929816,2550.929007147827,14.372608103661442,12.754645035739136
-116.865702,200,734.041027,0.0,0.2513385194964396,2148.9007625327977,12.32181095824784,10.744503812663988
-41.604816,200,734.168522,0.0,0.2699472604387506,1964.1332751742898,10.983570852903288,9.820666375871449
-24.314484,125,734.250044,1.0,0.04849804622812867,1117.9803918101873,6.6293283622193115,8.943843134481497
-39.949861,200,734.377568,0.0,0.4091399501751367,2161.0108606542253,12.465200938708923,10.805054303271127
-139.361156,200,734.495083,0.0,0.38512037321021075,2359.7357023136087,12.961292086595153,11.798678511568044
-86.171894,200,734.943885,0.0,0.12846537631369045,1996.5412178391196,11.766610036025424,9.982706089195597
-23.071141,139,735.044396,1.0,0.04364176662267074,1480.5731658164616,8.35909126927542,10.651605509470947
-50.086539,200,735.180677,0.0,0.26078976194597425,1624.3393764187285,8.979984860558368,8.121696882093643
-135.41441,200,735.312741,0.0,0.3941813853991392,2159.5841854985683,11.759881845026074,10.797920927492841
-109.824192,200,735.44127,0.0,0.24709767059974203,2180.7813124709833,12.3898606670562,10.903906562354916
-105.02392,200,735.568363,0.0,0.21216679154176715,1917.824044685224,10.856062682050306,9.58912022342612
-33.641067,143,735.652898,1.0,0.046816239510818876,1361.7873420441972,7.705190838928591,9.522988405903478
-39.39313,200,735.77745,0.0,0.2304251934905209,1585.4932229747615,8.460075586379514,7.927466114873807
-90.269715,200,735.904525,0.0,0.15205771814799737,2079.3264026699653,11.525341086436452,10.396632013349826
-65.589778,194,736.030077,1.0,0.048234289461208224,2579.412259115948,14.369536635058028,13.295939479979113
-34.775096,141,736.119584,1.0,0.04889404996072162,1250.3705293286453,7.230410499534479,8.867876094529398
-91.814107,200,736.558579,0.0,0.13538970085361074,2091.1170746666585,11.555506133683396,10.455585373333292
-39.133944,200,736.702598,0.0,0.32285202477108693,1423.1639865833956,7.891950342124151,7.1158199329169785
-30.347517,200,736.838527,0.0,0.3165853782844109,2805.351776338584,16.08970607696483,14.02675888169292
-33.699094,134,736.920649,1.0,0.0454673011273938,884.9192353813914,5.431101374240252,6.603874890905907
-120.672424,200,737.048276,0.0,0.29469908127357336,2282.365062936547,12.552373232625435,11.411825314682735
-106.738341,200,737.178806,0.0,0.24793863399367552,2329.510308834878,13.34825246305328,11.647551544174389
-44.599747,200,737.308854,0.0,0.405544310123926,2090.375946223914,11.964304475013959,10.45187973111957
-80.145304,200,737.435368,0.0,0.08113423056928261,2208.076532094149,12.52951745184615,11.040382660470746
-61.581769,183,737.551899,1.0,0.04788757551908637,1823.822123388794,10.104693271546658,9.966241111414174
-147.930406,200,737.678421,0.0,0.44313389208797127,2664.107413574066,14.942280661606214,13.32053706787033
-123.027295,200,737.798473,0.0,0.286143408650871,2215.4852799877954,12.579949948966028,11.077426399938977
-40.417814,157,738.223558,1.0,0.04893157433812173,1847.236190063245,10.132825669376055,11.765835605498376
-135.734169,200,738.368071,0.0,0.3687848361455401,2446.0929371437614,14.137303069861673,12.230464685718808
-87.370536,200,738.499129,0.0,0.13741468130837342,2640.7253368840534,14.658033714972666,13.203626684420266
-38.047408,200,738.623651,0.0,0.24880747071504974,1656.8775294650823,9.116547119752129,8.284387647325412
-107.6518,200,738.753195,0.0,0.24133586075076008,2373.6491582896356,13.333476495760772,11.868245791448178
-53.60798,191,738.869743,1.0,0.0497290649256839,1946.8021400522364,11.277490522419821,10.192681361530033
-82.077806,200,738.998492,0.0,0.08035242904082657,1857.376237231496,10.668541158750616,9.28688118615748
-83.323145,200,739.128107,0.0,0.08251874701134122,2057.574406470169,11.84999121106339,10.287872032350844
-65.596907,195,739.25367,1.0,0.04845827117487685,2205.312318208038,12.835156219357536,11.3092939395284
-109.613808,200,739.376203,0.0,0.21911503272237734,1818.135005907949,10.256019950475268,9.090675029539746
-110.039844,200,739.799846,0.0,0.22371313667805953,2167.3850133709934,12.50836846474431,10.836925066854967
-50.073981,177,739.921354,1.0,0.048871449000008255,2178.7268767763094,12.549296759040708,12.309191394216437
-21.732873,122,740.008875,1.0,0.045040244776864795,1431.8240333872916,7.7517470967219895,11.736262568748291
-42.601192,200,740.137404,0.0,0.2289150567113569,1327.7829832101277,7.258408425171546,6.638914916050639
-82.411858,200,740.266922,0.0,0.10091389143085833,2602.1911841821075,14.456675192106193,13.010955920910538
-99.641272,200,740.394965,0.0,0.17340357342371912,2358.1413189648315,13.625193938118954,11.790706594824158
-66.867556,198,740.521493,1.0,0.04883439565373636,1716.8981693052222,9.332814425204367,8.6712028752789
-94.538434,200,740.649873,0.0,0.12664192669131416,1729.009227387802,9.6748676236668,8.64504613693901
-30.316713,139,740.738402,1.0,0.04907782557195374,1378.10336598726,7.903756984245926,9.914412704944317
-26.925614,123,740.816931,1.0,0.047433951636036135,811.0618752630077,4.923019510163546,6.593998985878111
-90.062946,200,740.941458,0.0,0.1610894370557111,2483.1876462666264,14.099131669594117,12.415938231333133
-49.531183,200,741.068985,0.0,0.4048507227569149,1744.728189713718,9.659337522500369,8.72364094856859
-98.532187,200,741.54337,0.0,0.1621274109390117,1817.3414346293644,10.342248821003658,9.086707173146822
-34.832223,200,741.679883,0.0,0.25432013644030926,1998.7714786776228,11.503575024386155,9.993857393388113
-61.723208,187,741.800911,1.0,0.04773748568954601,1709.9012143570226,9.971332446758144,9.1438567612675
-102.900052,200,741.926176,0.0,0.19620932044543887,2499.746501497768,14.059883659347516,12.498732507488839
-27.019773,130,742.003686,1.0,0.047309705238908845,818.8338254184966,4.8783871354257595,6.298721733988436
-97.498583,200,742.127213,0.0,0.19778266615461707,2027.097710332332,11.344938759172514,10.13548855166166
-95.65742,200,742.24973,0.0,0.15359367562687717,2074.8535938600426,11.621859851149171,10.374267969300213
-91.886128,200,742.378264,0.0,0.10559768795928108,2050.7459884870505,11.308399696648905,10.253729942435251
-75.651347,200,742.505311,0.0,0.09572228975612124,2530.3876436031746,13.908477152918188,12.651938218015873
-49.766305,170,742.612825,1.0,0.0472243795480805,1671.27549760219,9.444198136742793,9.831032338836412
-100.395553,200,742.739347,0.0,0.20404861092116405,2270.630625532447,12.508473305017844,11.353153127662235
-82.081799,200,743.191932,0.0,0.11607268276064214,2365.8979603587723,13.426067164634786,11.829489801793862
-31.283285,143,743.294826,1.0,0.04620941599276126,1566.1953796249059,9.21236712522975,10.95241524213221
-101.805671,200,743.427941,0.0,0.16217355470091832,2151.452067132371,11.394784917086584,10.757260335661856
-49.733807,200,743.551663,0.0,0.34672916850043956,1959.7053403498326,11.441386741763164,9.798526701749163
-43.067891,200,743.681232,0.0,0.17712892306304906,1752.0587736472362,9.780033280343886,8.76029386823618
-13.265086,64,743.722767,1.0,0.048200811323536125,76.10373323137779,0.6852633241314338,1.189120831740278
-41.949035,161,743.823296,1.0,0.04915883397168468,2088.3385411180498,11.668765849487727,12.971046839242545
-64.539136,195,743.943821,1.0,0.045664563904695116,2257.7323355810627,12.86698770287954,11.578114541441346
-72.820468,200,744.070382,0.0,0.05797458816461706,2359.4186303152474,13.456888277625762,11.797093151576236
-66.502042,188,744.185925,1.0,0.04833613298034739,1750.6418128575235,9.881232182834552,9.31192453647619
-102.646199,200,744.316955,0.0,0.21116332077937228,2189.951786909564,12.013901050289544,10.94975893454782
-16.013013,109,744.387964,1.0,0.04843846235334492,1424.606994680599,7.903000223174806,13.069788942023845
-65.469988,195,744.844334,1.0,0.04945417531078476,2139.9914200588655,11.868872649945413,10.97431497466085
-132.872107,200,744.984858,0.0,0.35278960315342656,2300.2165535126437,12.484873024506305,11.501082767563219
-37.735191,200,745.115895,0.0,0.3872104299126771,2134.344633248819,12.345643497177427,10.671723166244094
-40.38692,153,745.214413,1.0,0.047120526147457716,1256.4442532965152,7.271709423709333,8.212053943114478
-63.318837,189,745.334938,1.0,0.04964645989345549,1830.3701630744843,10.254056200456668,9.684498217325313
-68.480731,200,745.467462,0.0,0.08596900826764912,2918.3524004411843,16.6703453022557,14.591762002205922
-11.190891,82,745.52099,1.0,0.04715199670997187,598.5065734160718,3.536140123287912,7.298860651415509
-41.105904,156,745.620389,1.0,0.045371021508812545,1241.1472946886286,7.1084642262727495,7.956072401850183
-14.231191,111,745.689985,1.0,0.04531176140633304,1350.05765594475,7.633994766869605,12.162681585087837
-61.881383,188,745.807635,1.0,0.048916589329779055,1687.6678265125568,9.254397103509397,8.976956524002961
-43.115205,200,745.927188,0.0,0.4157428382182225,2224.515347497947,12.697786616255865,11.122576737489736
-112.372918,200,746.367628,0.0,0.24162885922809382,1897.2080035761871,10.15529259410771,9.486040017880935
-49.790443,200,746.504653,0.0,0.23694597632771602,1672.658617203234,9.362920889691859,8.363293086016169
-35.124533,148,746.607197,1.0,0.04960213713773046,1635.5822815002919,9.17477596579114,11.051231631758728
-42.085959,200,746.738726,0.0,0.2425839284125195,1635.6875102524107,9.267451343358815,8.178437551262054
-51.552873,177,746.854255,1.0,0.04886841387839271,2395.7302222454528,12.95437779482948,13.535198995737021
-73.82204,200,746.982792,0.0,0.06496683602146747,2388.0476320953007,13.64633066376465,11.940238160476504
-104.177467,200,747.106832,0.0,0.196971532873178,2265.7917374730314,12.320176538033268,11.328958687365157
-110.980299,200,747.233358,0.0,0.23557374156483973,2053.5943778328055,11.633613137054107,10.267971889164027
-28.869429,140,747.318869,1.0,0.04902389918393681,1781.3598227007112,10.082364207612155,12.723998733576508
-16.298195,106,747.383912,1.0,0.04917630822242591,672.9743568892642,3.9293516752914712,6.348814687634568
-81.711937,200,747.513959,0.0,0.10484433090520762,1703.695679170808,9.380642650862802,8.51847839585404
-15.893368,103,747.575959,1.0,0.04955806304645725,1080.7889632093131,6.503962543133436,10.493096730187506
-54.720378,200,748.029159,0.0,0.1013045396007201,2739.7564765709976,15.506840876435056,13.698782382854988
-116.09806,200,748.179688,0.0,0.2647305059813637,2304.0697283034433,12.809777098381796,11.520348641517216
-78.030088,200,748.308711,0.0,0.1052590418835232,2523.1998631181523,14.407423234718477,12.615999315590761
-45.523253,200,748.436244,0.0,0.27374310872874524,1932.9501547119526,11.006995037324321,9.664750773559764
-82.930274,200,748.560771,0.0,0.0816682936898466,1962.6010101586646,11.147620325604885,9.813005050793324
-146.333525,200,748.68731,0.0,0.4097802298474906,2493.5772783421953,14.322746857511492,12.467886391710977
-60.475786,176,748.799174,1.0,0.04833831928850745,1759.3873741036332,10.268998167785888,9.99651917104337
-104.968439,200,748.926704,0.0,0.2516696974643858,1712.6895577976652,10.025861100158272,8.563447788988325
-45.795002,200,749.053229,0.0,0.15149548422996842,2008.1349911615803,11.142264914887553,10.040674955807901
-103.3051,200,749.174754,0.0,0.2139948364594904,2396.685651633597,13.815853894293516,11.983428258167985
-41.217367,200,749.301804,0.0,0.3443259184511592,1920.3586828031675,10.557250671598204,9.601793414015837
-41.50374,158,749.733133,1.0,0.0495388900123252,1326.4469655364987,7.684418917746247,8.395233959091764
-104.08738,200,749.872647,0.0,0.2183790656299119,1807.8014838106415,9.926463821473039,9.039007419053208
-15.616581,91,749.933168,1.0,0.04982633302426727,563.2387292620655,3.3688555684125765,6.189436585297423
-7.240054,29,749.953168,1.0,0.04788387378949075,46.85382262473657,0.40083618586621633,1.615649056025399
-46.071441,155,750.05606,1.0,0.04932378712439898,968.7213680144896,5.55168489341961,6.249815277512836
-50.554899,171,750.167396,1.0,0.04867764578987857,1639.9336796121502,9.294820399681159,9.590255436328363
-65.592392,188,750.285938,1.0,0.04955895375712595,1966.4836845765658,10.869235204180482,10.46001959881152
-24.557918,136,750.374457,1.0,0.043544610070093484,1450.962212992179,8.778979725848115,10.668839801413082
-144.630097,200,750.497497,0.0,0.40738150905928594,2666.1552490139534,14.733327103163715,13.330776245069767
-108.933005,200,750.61903,0.0,0.22541716000228385,2178.8207415204133,12.738446071505754,10.894103707602067
-32.7907,146,750.707555,1.0,0.04642475820830206,1437.5121460007324,8.236773875355931,9.845973602744742
-114.744851,200,750.830082,0.0,0.24774145439205975,2232.6223066701673,12.246838890280431,11.163111533350836
-17.657293,103,750.89661,1.0,0.04824849022012928,766.6773392307023,4.38052914533998,7.443469312919439
-44.896947,200,751.344473,0.0,0.18628483865897946,1352.1154709305968,7.5652483398529675,6.760577354652984
-75.2001,200,751.484763,0.0,0.08579090345372817,2722.7598585726273,14.99001231626967,13.613799292863137
-95.461131,200,751.617805,0.0,0.13140562888277338,1761.280474026575,10.188061894054306,8.806402370132874
-139.855912,200,751.747333,0.0,0.3756585090672291,2248.241949581032,12.986415327999062,11.24120974790516
-41.792049,200,751.876862,0.0,0.21640697138565432,2022.219066188694,11.333579237885285,10.111095330943469
-89.565999,200,752.005919,0.0,0.1493877738542741,2838.0682213036876,15.514750397191962,14.190341106518439
-85.904241,200,752.133444,0.0,0.10530479859301033,2401.0667277563984,13.611670868810496,12.005333638781993
-128.728424,200,752.264374,0.0,0.31325880344845836,2636.853920317669,15.453029575514522,13.184269601588344
-141.242359,200,752.387909,0.0,0.38674037463692545,2540.6834857019003,14.237442347700993,12.703417428509502
-14.304318,98,752.447425,1.0,0.04744890910710835,1056.1443765822105,6.496086452026268,10.776983434512353
-6.801426,30,752.467424,1.0,0.04435866312593073,78.20017651191962,0.6962059062319603,2.6066725503973207
-43.979612,200,752.586955,0.0,0.2621054252910893,1975.376602201471,11.668925814617454,9.876883011007356
-45.822085,166,753.00945,1.0,0.04630609454981416,1373.1649887209417,7.657041360486455,8.272078245306878
-30.794713,200,753.143959,0.0,0.33980911252805285,2507.112138840515,13.619887429102084,12.535560694202575
-79.952663,200,753.274479,0.0,0.05778421207022736,1812.2433125380924,10.596671013144224,9.061216562690461
-97.369456,200,753.404529,0.0,0.1917069114144555,2448.387984214179,13.483664263226245,12.241939921070896
-99.805543,200,753.533056,0.0,0.19903988041092402,1951.390588891185,11.234017712120144,9.756952944455925
-70.69099,187,753.658584,1.0,0.04617541624654228,1677.217847482846,9.762073558768861,8.96907939830399
-51.538684,200,753.787117,0.0,0.17717287060324255,2177.944577961113,12.749195978141472,10.889722889805563
-51.974167,200,753.91416,0.0,0.24088513296009825,1332.704445768702,7.966462137826885,6.66352222884351
-103.546902,200,754.038672,0.0,0.20740563043904464,2791.5565724135436,15.053176944721107,13.957782862067718
-57.487684,200,754.162192,0.0,0.42475720354235597,1629.083107541791,9.469323320425536,8.145415537708955
-106.578873,200,754.626226,0.0,0.1886376776224151,2351.632880327198,13.485744832613273,11.758164401635991
-46.521559,155,754.734736,1.0,0.04796605319602251,865.239480420113,5.195502999357436,5.582190196258793
-47.072314,169,754.847254,1.0,0.04902851614299663,1466.7393650689016,8.239373150052621,8.678931154253856
-95.630986,200,754.979776,0.0,0.15442611961101912,2190.8958972662417,12.307171900381412,10.95447948633121
-71.040331,200,755.10783,0.0,0.06498694512700784,2090.3750839943796,11.492168627434816,10.451875419971898
-131.297719,200,755.230357,0.0,0.3297348138776703,2189.6515175316517,12.339360679662523,10.948257587658258
-146.2153,200,755.351871,0.0,0.41946450910858984,2405.739852604904,13.85172268414285,12.02869926302452
-70.915205,191,755.475397,1.0,0.04995252741959748,1714.0428515789542,9.58941357910684,8.97404634334531
-32.404267,142,755.560282,1.0,0.04626075131909022,1367.7509653125815,7.96220823888155,9.632049051497052
-122.996881,200,755.686836,0.0,0.34762828304903604,1876.3515518667425,10.885185339874797,9.381757759333713
-74.194605,200,755.809834,0.0,0.11395015106431106,1503.1603670488594,9.346388561175166,7.515801835244297
-77.764772,200,756.260469,0.0,0.07749493840188333,2088.888428912039,11.60470445756283,10.444442144560195
-118.788952,200,756.405493,0.0,0.28650518735863845,2085.397096523656,12.137798217512604,10.42698548261828
-28.026321,133,756.492504,1.0,0.04616558166111407,974.1035322449512,6.078938514036071,7.324086708608656
-48.198484,200,756.629788,0.0,0.3209164163310839,1449.909331831611,8.274189488496916,7.249546659158056
-55.707223,180,756.746257,1.0,0.04785138868213241,1438.0387270668102,7.630418597946318,7.989104039260057
-86.875972,200,756.868749,0.0,0.1343138709833864,1572.4909003342138,8.634953100284402,7.86245450167107
-133.295784,200,756.996634,0.0,0.34838151076171076,2302.70920316481,12.315131417546763,11.51354601582405
-45.193226,200,757.117169,0.0,0.4123290521559674,1874.3426471908192,10.83875674079324,9.371713235954097
-82.003256,200,757.239692,0.0,0.10632731465403088,1891.129668841623,10.820512255369637,9.455648344208115
-38.477279,152,757.333211,1.0,0.04901368719967585,1128.5183631667546,6.589165061788623,7.424462915570754
-85.203778,200,757.457772,0.0,0.10267039731176672,1821.4140494806268,10.147351151946117,9.107070247403135
-10.903512,76,757.503267,1.0,0.04935762123877986,528.1289944581792,3.1886880621899394,6.9490657165549905
-126.674387,200,757.960331,0.0,0.3232347836263265,2110.8659460868184,11.864329369615534,10.554329730434093
-51.82629,174,758.08886,1.0,0.04576774741192674,1485.718049353288,8.867640061009732,8.538609479041884
-81.674884,200,758.21991,0.0,0.059817532754722985,2029.1776410350567,11.813166802253704,10.145888205175284
-45.802263,165,758.321926,1.0,0.04659051776880974,1243.5287624561809,7.172141930072479,7.536537954279884
-78.688919,200,758.451469,0.0,0.08224521159598995,1668.4630867444585,9.558774177527706,8.342315433722293
-64.175716,193,758.577019,1.0,0.049874252331287144,1368.081740069129,8.11673877587824,7.088506425228648
-72.377821,200,758.70409,0.0,0.06631051240319956,2832.477136165991,15.656326385417046,14.162385680829955
-134.099704,200,758.834857,0.0,0.3418859968136292,2232.088360711487,11.842950079798987,11.160441803557434
-67.188549,181,758.943111,1.0,0.04675745544921245,1598.7835066699179,8.908394463213682,8.8330580479001
-82.916751,200,759.07065,0.0,0.12436779029472295,2697.8654921083835,14.479697301334042,13.489327460541917
-38.802168,144,759.163167,1.0,0.04669610527893666,897.5849575964767,5.628592051656131,6.2332288721977545
-54.807996,200,759.635322,0.0,0.14358254241134422,2030.6721335169584,11.998087395011314,10.153360667584792
-88.439988,200,759.767837,0.0,0.13222768914974528,2437.507887559077,14.088711938352533,12.187539437795385
-40.170044,200,759.897359,0.0,0.32300027770870565,1431.4694245501648,8.234448030923634,7.157347122750824
-62.460697,190,760.019405,1.0,0.04696616269263192,2382.1431359481585,13.878143465543134,12.53759545235873
-131.681135,200,760.146585,0.0,0.3443803327733414,1979.9053378155359,11.549631120137432,9.89952668907768
-117.204967,200,760.272105,0.0,0.2615225973758249,2578.2234867984143,14.647430621146261,12.891117433992072
-78.441526,200,760.397695,0.0,0.05082686512364612,2142.1392460928737,12.191264232457106,10.710696230464368
-129.830819,200,760.524693,0.0,0.331085256895315,2561.088277540316,13.891054164819518,12.805441387701581
-65.899513,200,760.644207,0.0,0.08049425575004444,2493.862157557468,13.47887382806116,12.46931078778734
-51.752534,200,760.770751,0.0,0.0874703841029853,1435.8348430246033,7.962953369023432,7.179174215123016
-8.734478,32,760.791755,1.0,0.04468808243151286,31.85539705260473,0.2590345082954354,0.9954811578938978
-92.535852,200,761.24925,0.0,0.10278657176956534,2008.703247150209,11.458700711967332,10.043516235751046
-46.678206,166,761.365759,1.0,0.045326467109605764,1149.6003008145556,6.581687300172781,6.925303016955154
-6.391194,27,761.382761,1.0,0.04381882565930799,31.773545625989044,0.258216000237184,1.1767979861477424
-53.577884,178,761.49728,1.0,0.04981769379759366,2352.442995276747,12.834157897809686,13.215971883577229
-97.946639,200,761.625381,0.0,0.15416254818712863,2282.756451488773,12.882534176605768,11.413782257443865
-72.514955,191,761.744926,1.0,0.04925452665081414,1744.9712143262477,9.622224756199001,9.13597494411648
-80.480214,200,761.869454,0.0,0.07567891084102456,2262.1801158285825,12.95768069693665,11.310900579142913
-54.551681,200,761.996997,0.0,0.3940820418039762,1559.7806630048199,9.245926904518365,7.798903315024099
-54.840669,200,762.121069,0.0,0.41986468184225545,1608.4300989328449,9.286083602975465,8.042150494664224
-112.056989,200,762.242629,0.0,0.24868174294689727,1830.5059754508627,10.342605633507509,9.152529877254313
-83.849551,200,762.365182,0.0,0.08685983952286412,2286.9673467843027,12.749908069203743,11.434836733921513
-49.492115,200,762.802255,0.0,0.1091009576945982,1541.6683758896816,8.730113015113066,7.708341879448408
-118.227138,200,762.945778,0.0,0.2620013502286475,2340.2735651182193,12.958761289701554,11.701367825591097
-146.765675,200,763.079267,0.0,0.42117039826562397,2304.35018992606,12.92911378040127,11.5217509496303
-27.816053,147,763.175277,1.0,0.04691810988394174,1514.3097290842047,8.574023064529603,10.301426728463978
-23.908352,113,763.24406,1.0,0.0481697321481805,634.9914264210064,3.6130868895299963,5.619393154168198
-94.643301,200,763.369183,0.0,0.1656131029631061,1730.2731935521438,9.821060495476628,8.651365967760718
-46.162472,200,763.495716,0.0,0.3962497349849546,2003.6220702361054,11.423281268606768,10.018110351180527
-34.999556,200,763.622706,0.0,0.25474852460597536,2885.578538220914,16.767324317521886,14.42789269110457
-8.913788,74,763.670707,1.0,0.04776832126112985,764.9717760206701,4.56027572342102,10.337456432711758
-28.500842,200,763.796712,0.0,0.34695667133279456,2602.712800485976,14.590853531500768,13.01356400242988
-39.238263,200,763.92771,0.0,0.22447437644273344,1893.5517069023883,10.67756631759477,9.467758534511942
-45.159782,162,764.028227,1.0,0.046192346847725115,1290.5188853627565,7.184486280760915,7.966165959029361
-88.438586,200,764.476314,0.0,0.1259598299223628,2307.220487198815,11.952206075859172,11.536102435994076
-124.070973,200,764.617356,0.0,0.2990440010125917,2454.8446563913,13.03784743124024,12.2742232819565
-22.603547,124,764.699895,1.0,0.049116925349903105,1221.829795209835,7.227784265828281,9.853466090401897
-118.001521,200,764.825421,0.0,0.28444496088682075,2446.504351928003,14.095164618743267,12.232521759640015
-42.895305,200,764.950945,0.0,0.19910712594432867,1656.2710951071795,9.188006070285882,8.281355475535896
-53.238878,177,765.064461,1.0,0.046639680132894684,2198.2734608947044,12.491928803822303,12.419624072851438
-133.991919,200,765.188429,0.0,0.3504584343715303,2623.778737717391,14.207329656083255,13.118893688586954
-37.998335,200,765.31021,0.0,0.29882769820713545,1595.597138162433,8.663470228225021,7.977985690812165
-137.258661,200,765.43383,0.0,0.39018358856733587,2063.922544941882,11.634521887769244,10.319612724709408
-145.58991,200,765.56035,0.0,0.4127818758386688,2915.932682490861,16.529984028648883,14.579663412454305
-103.308965,200,765.680871,0.0,0.25560055390815156,1873.9875232473128,11.089946175501263,9.369937616236564
-106.211403,200,766.14449,0.0,0.22195961238505987,2635.6265423919203,14.955314432829224,13.178132711959602
-140.465014,200,766.277307,0.0,0.38552752197902973,2263.346256184883,13.235690279306537,11.316731280924413
-46.990843,200,766.405327,0.0,0.2942626489224496,1751.249142293442,10.030857376511163,8.75624571146721
-113.776392,200,766.53355,0.0,0.2526769075800669,1600.4569087710197,8.866930228078175,8.0022845438551
-100.702729,200,766.661042,0.0,0.16598743673760177,2032.873021895175,11.482200117644522,10.164365109475876
-44.623089,200,766.787553,0.0,0.32853402969406637,1702.6730567318195,9.046317605165447,8.513365283659098
-82.025025,200,766.912578,0.0,0.10591313623955685,2461.64484045788,14.080147517192337,12.3082242022894
-12.171015,81,766.960575,1.0,0.049398379083150985,588.1989859411121,3.624003999887876,7.2617158758162
-48.89043,174,767.069108,1.0,0.048603785738540815,2435.6985974999548,13.833577162914242,13.998267801723879
-101.051063,200,767.187666,0.0,0.27850763234205617,1692.5000448727803,10.06607585395932,8.462500224363902
-60.065854,200,767.313697,0.0,0.07944652634891015,2196.775754249612,12.128837857400383,10.98387877124806
-41.095452,148,767.766773,1.0,0.0472463719805606,877.4243854385753,5.060433021674383,5.928543144855238
-32.897196,145,767.867685,1.0,0.049922238491229995,1549.8591837211836,8.298376050920595,10.688684025663335
-44.09915,200,767.994208,0.0,0.3378765624070309,1439.9068300736228,8.558579623203943,7.199534150368114
-46.078576,168,768.10618,1.0,0.047975873770572275,1791.3525612479773,10.124892730896429,10.662812864571293
-30.709857,143,768.196206,1.0,0.04445692881671889,1867.1313668559942,10.570581852952829,13.056862705286672
-64.83117,200,768.322275,0.0,0.05343178353561438,2432.799904083338,13.586294374654573,12.16399952041669
-43.971371,200,768.44832,0.0,0.31493085145298766,2067.631957127338,11.848199370128988,10.33815978563669
-45.29531,200,768.573832,0.0,0.1492438453125111,2169.8093005625556,12.248688998907962,10.849046502812778
-75.219578,200,768.695356,1.0,0.046170361228071916,1769.533901124848,10.054799555043367,8.84766950562424
-77.442946,200,768.815391,0.0,0.08209872728976589,1602.971211463611,9.235069343321772,8.014856057318056
-109.481619,200,768.936922,0.0,0.22698353032429525,2110.7517980765533,12.49900991495593,10.553758990382766
-51.521937,200,769.40627,0.0,0.2544382485863244,1816.9591303304958,10.187499256540852,9.08479565165248
-85.088987,200,769.536797,0.0,0.12030311284811052,2632.428359254324,14.239515803231164,13.16214179627162
-39.895152,200,769.671113,0.0,0.21835510551249104,1634.795388977759,9.202807731149514,8.173976944888796
-37.304505,200,769.800947,0.0,0.3028103901162494,1633.4762602256792,9.5215130933379,8.167381301128396
-69.099303,189,769.92098,1.0,0.04876413185018857,1783.9380296773795,10.30355357140399,9.438825553848568
-126.413225,200,770.047502,0.0,0.2961234591546181,2301.128900211478,12.646349820391736,11.505644501057391
-27.863236,125,770.127028,1.0,0.049564248368023,625.1262159606591,4.118096889977744,5.001009727685273
-147.491703,200,770.254316,0.0,0.4340336235256165,2467.718029643777,13.74554168999238,12.338590148218884
-25.705273,151,770.349875,1.0,0.04873632402109168,1742.5502475944832,10.176102355176125,11.540067864864128
-119.10099,200,770.475399,0.0,0.3257006184288905,1892.8528950997586,10.856614823950428,9.464264475498792
-39.644089,200,770.598858,0.0,0.33138613963447033,1507.8460189569764,8.392249022701389,7.539230094784882
-76.83422,200,771.025349,0.0,0.0737036312319819,2209.704546876043,12.817208583411727,11.048522734380215
-131.323904,200,771.165195,0.0,0.3481703844241208,2654.286078665415,14.984021388800178,13.271430393327075
-42.886739,166,771.274429,1.0,0.04836333051673204,1423.6781089755846,8.146038322891972,8.57637415045533
-117.897218,200,771.39596,0.0,0.26937166565516274,2463.649771026623,13.952277643689639,12.318248855133115
-45.705519,200,771.521071,0.0,0.2428202917065893,1929.9613095807388,10.767655827018043,9.649806547903694
-106.182483,200,771.647591,0.0,0.1737210663395679,2152.1527570124645,11.766220957042144,10.760763785062322
-67.327545,195,771.768084,1.0,0.04930194632497676,2362.33669966011,12.90380900101896,12.114547177744154
-24.955324,131,771.853182,1.0,0.04977943046247131,1552.3368716797277,8.595707850235064,11.849899783814715
-43.573582,200,771.981419,0.0,0.3572907279102251,1295.8668893349914,7.444057266462911,6.479334446674957
-53.888587,179,772.089947,1.0,0.04472438957861201,1637.63348599983,9.827612380170425,9.148790424580056
-55.612371,200,772.210903,0.0,0.3927089001168778,1543.1796767885235,8.886458745169085,7.715898383942617
-55.997043,186,772.650961,1.0,0.047800448108389446,2351.0558954129096,12.990348035055508,12.640085459209192
-44.105911,200,772.793475,0.0,0.3174390702407324,1891.9133734065902,10.747416546360736,9.459566867032951
-60.728727,178,772.908542,1.0,0.0462869598634295,1471.3655722892686,8.58186030318125,8.266098720726228
-82.938602,200,773.034029,0.0,0.09816980015048397,1850.1970085462335,10.415738896681093,9.250985042731168
-36.53672,200,773.156555,0.0,0.2658371593502246,2200.777789741722,12.198996506760432,11.003888948708608
-39.529653,200,773.275183,0.0,0.3132947962606493,1640.9351836480203,9.138170915635659,8.2046759182401
-42.522409,200,773.396717,0.0,0.3679754125105385,1782.6327347209021,10.123983892615952,8.91316367360451
-45.474139,167,773.496239,1.0,0.046256533189270095,1925.4387797839236,10.468039020978422,11.529573531640262
-26.745074,136,773.579756,1.0,0.04541524192465341,1467.4988621684665,8.434051826824263,10.790432810062255
-47.429637,170,773.684251,1.0,0.04993178910541106,1648.5991557316033,10.137688223541845,9.697642092538842
-36.918322,200,773.805271,0.0,0.38006249661118335,2051.5785024581846,11.829198423823534,10.257892512290923
-54.851346,200,774.27291,0.0,0.1651573060630547,1722.4379946050542,9.737386283455354,8.612189973025272
-53.991302,200,774.41698,0.0,0.18009117860663348,1416.315721716919,8.440119040049266,7.081578608584595
-61.566911,182,774.530505,1.0,0.04894937369057475,1643.1850330473524,9.3571852545148,9.02848919256787
-18.120021,114,774.601511,1.0,0.040682986461114505,987.2834938687585,6.078574035516598,8.660381525164548
-70.378764,200,774.734915,0.0,0.05522657016858482,2221.9741595022924,12.68885669986539,11.109870797511462
-42.954976,200,774.858473,0.0,0.2851405243088655,1886.1602198805556,10.94016833412717,9.430801099402778
-44.177062,200,775.004368,0.0,0.23317375902865098,1748.7040062478752,9.739996041237294,8.743520031239376
-34.14961,147,775.096415,1.0,0.04888073399335967,1032.1131337269676,5.994641214582291,7.021177780455562
-92.103745,200,775.223388,0.0,0.13206469280392732,2105.783308679285,11.603259205682651,10.528916543396424
-102.834389,200,775.34991,0.0,0.2220395184973314,2107.4647353995388,12.475105520045016,10.537323676997694
-33.966039,160,775.451435,1.0,0.04667558427193804,1569.0879196090343,8.934864183778014,9.806799497556465
-7.566971,30,775.470435,1.0,0.03893913071225768,31.822656481958454,0.25870710507213485,1.0607552160652818
-71.893436,198,775.921053,1.0,0.048590591418674015,1988.54276594931,11.097488930774905,10.043145282572272
-70.964239,200,776.053175,0.0,0.06355091116010181,1559.6124316166013,8.879996847363696,7.798062158083006
-46.153037,200,776.18267,0.0,0.16690626359816635,2080.188303240794,11.804077402475897,10.40094151620397
-20.822326,119,776.257281,1.0,0.048700110119123015,1227.6588202413689,6.833193902270585,10.316460674297216
-55.070486,177,776.370049,1.0,0.04794707001051161,1630.5646619613433,9.003920543475209,9.21222972859516
-84.177659,200,776.497544,0.0,0.07218302061889159,1925.6449614676517,11.119469992556269,9.628224807338258
-49.578795,174,776.605596,1.0,0.048617175622974386,1980.2274343813722,11.07337965900058,11.380617438973402
-49.096437,169,776.711124,1.0,0.04731511301152257,1822.8645521355434,10.516455924806012,10.78618078186712
-85.656511,200,776.831669,0.0,0.11730830975268115,2492.2897608098087,13.6239917340012,12.461448804049043
-28.644324,137,776.919121,1.0,0.048491959459782095,1415.397676388748,8.38368230785473,10.331369900647797
-39.043074,200,777.039668,0.0,0.217604154722142,1670.2927283735235,9.302452321911494,8.351463641867618
-70.376153,190,777.47847,1.0,0.04939315845919323,1720.9288062348007,9.857475853819073,9.057520032814741
-120.018022,200,777.61551,0.0,0.28097031147781687,2109.2064573871207,11.74377877462262,10.546032286935604
-47.213111,200,777.747054,0.0,0.34575425760115824,1894.9708888911607,10.53573871002927,9.474854444455804
-127.344567,200,777.875614,0.0,0.31664012885019116,2309.7414850163004,13.117254657409639,11.548707425081503
-87.489898,200,777.998206,0.0,0.1067687078438364,2074.3761244214847,11.51280663263706,10.371880622107424
-101.214196,200,778.124241,0.0,0.18920750089117583,1994.298472622259,11.23821420702351,9.971492363111295
-21.316453,114,778.195248,1.0,0.04795482625167092,931.8101363930834,5.312734743214681,8.173773126255117
-79.12831,200,778.320297,0.0,0.11676390171420079,2098.508108806935,11.942296421063602,10.492540544034675
-62.670154,190,778.441048,1.0,0.048963441356688904,1443.5809536183012,8.077181330474966,7.5977944927279015
-32.171026,200,778.567178,0.0,0.29850697156166,2528.864855948094,14.20456834765815,12.64432427974047
-125.079594,200,778.693759,0.0,0.2930331333571439,2160.7560152336787,12.182281558569484,10.803780076168394
-73.90139,200,779.144046,0.0,0.06656155260180713,2520.370712195238,14.031532004410181,12.60185356097619
-78.883605,200,779.283564,0.0,0.07315412796089547,2297.366490498484,12.940752107448938,11.48683245249242
-99.351662,200,779.409603,0.0,0.18436427092150504,2301.2398861400748,13.214942546267432,11.506199430700374
-61.374312,184,779.527145,1.0,0.04994685214658354,1997.1516251450769,11.321177893973895,10.854084919266722
-18.148698,116,779.601103,1.0,0.042710144958887045,1419.008295239168,7.944638711053347,12.232830131372138
-58.475457,186,779.718172,1.0,0.04992513852749173,1820.9428193488109,10.441912303603894,9.790015157789306
-101.954801,200,779.8397,0.0,0.2109404099194997,2150.2787089044286,12.212564690865698,10.751393544522143
-78.95458,200,779.96133,0.0,0.08617445852927465,2229.348768203553,13.102015744255894,11.146743841017765
-113.707952,200,780.087173,0.0,0.23628026850016773,2155.0241876325117,12.169034556186023,10.775120938162559
-70.496174,200,780.210963,0.0,0.0789681475894634,2805.9214712496246,15.343232754860948,14.029607356248123
-48.485347,172,780.321482,1.0,0.04595747411314885,1992.7506118459503,11.154592392033994,11.585759371197385
-116.177221,200,780.812044,0.0,0.3414848428551619,2388.606387182977,13.613656253870385,11.943031935914885
-32.19919,200,780.947569,0.0,0.3167185128324671,2258.4641331184935,12.84608850312342,11.292320665592467
-50.063684,200,781.080178,0.0,0.427725100310609,1968.172981567159,11.547031461868874,9.840864907835796
-38.236305,163,781.185722,1.0,0.04640061574571818,1700.1477562832126,9.604598746489005,10.430354333025845
-41.69641,153,781.277167,1.0,0.048498156520700594,1349.5292305087767,7.804436272048392,8.820452486985468
-8.908937,33,781.298203,1.0,0.03600689993617895,31.871767337927864,0.25919820990708564,0.9658111314523595
-74.166641,200,781.424794,0.0,0.07388240818385901,2436.26204438103,13.924039637998064,12.18131022190515
-124.152137,200,781.550296,0.0,0.29217940942211795,1866.194007387887,10.801640189859366,9.330970036939435
-59.112002,187,781.666813,1.0,0.049854064420249554,1901.8446887199518,10.28644790422479,10.170292453047871
-56.730917,185,781.783346,1.0,0.04725588885382745,1341.8730012077792,7.553361962530263,7.253367574096104
-87.815399,200,781.910435,0.0,0.15068414707787636,1761.5472786668292,10.134678576933227,8.807736393334146
-82.475268,200,782.33151,0.0,0.0771716806162382,1646.7230494599946,9.51889901296194,8.233615247299973
-126.871181,200,782.468024,0.0,0.3106015500966933,2100.276933030017,11.80698134768953,10.501384665150086
-85.896448,200,782.611081,0.0,0.1306124514847496,2067.443160195122,11.618646747254763,10.33721580097561
-75.780775,200,782.739619,0.0,0.06857028544944907,1932.6351681461003,11.36834664029848,9.663175840730501
-37.387971,149,782.835436,1.0,0.045705314713967604,1024.593345382862,5.6471168064656805,6.876465405254107
-31.53674,145,782.928151,1.0,0.04250056296866825,1562.5380072025312,8.675542416486952,10.776124187603664
-97.732964,200,783.053749,0.0,0.16916996531406797,2303.610944386944,12.906395754280453,11.518054721934721
-41.407686,158,783.154374,1.0,0.046810508593675706,1708.0690738308385,9.2288272353894,10.81056375842303
-45.114421,167,783.255897,1.0,0.04688486994969712,1464.2719424879442,8.252731304954196,8.768095463999666
-64.429406,187,783.373453,1.0,0.04691964575207289,1722.986792755964,9.770037193682352,9.213833116342053
-130.521908,200,783.495031,0.0,0.3224356837421836,2340.6603505558014,13.069020774576925,11.703301752779007
-95.350254,200,783.619026,0.0,0.15271144912692422,1830.775262853476,10.431645004272097,9.15387631426738
-33.914306,151,784.035053,1.0,0.045567055395561294,1038.6603369452391,6.092826287224162,6.878545277783041
-35.934857,200,784.173575,0.0,0.2756073814657484,2288.781796317401,12.480132953302713,11.443908981587006
-97.110044,200,784.301914,0.0,0.16878059628315595,1758.8151359954425,9.675709328917343,8.794075679977212
-47.933963,200,784.426952,0.0,0.14949110154765718,2723.927713526696,15.51508505124152,13.61963856763348
-79.209898,200,784.551474,0.0,0.08938089068965356,1926.373286911612,11.245676590539759,9.63186643455806
-36.891054,159,784.652015,1.0,0.0499004963423766,1693.92146207135,9.707472142582064,10.653594101077674
-41.526299,156,784.748561,1.0,0.04897980153520254,1359.2596531117556,8.09663884909877,8.713202904562536
-71.339516,200,784.875071,0.0,0.0917642849104921,2192.857949932026,12.548683168372119,10.964289749660129
-79.299432,200,784.996164,0.0,0.06801417697660253,2208.3629325439547,12.026046577542854,11.041814662719773
-36.033094,200,785.11746,0.0,0.26043637797372765,2413.5064752104813,13.966611541618327,12.067532376052407
-90.925852,200,785.240973,0.0,0.16853170250326935,2463.063948521327,13.522697890702807,12.315319742606635
-102.87947,200,785.699263,0.0,0.22101892015187072,2319.370285559089,13.06230016575228,11.596851427795446
-42.621641,168,785.820303,1.0,0.04765073402805819,2245.733600363829,12.924587218764257,13.367461906927552
-64.043595,200,785.950861,0.0,0.11602067931689024,2676.5285852361335,14.802057121947161,13.382642926180667
-116.73002,200,786.071431,0.0,0.29047897467358375,2447.7991211737385,13.882548110075929,12.238995605868693
-109.956293,200,786.196897,0.0,0.22746215506842302,2412.514594124586,13.200209165003292,12.06257297062293
-124.961861,200,786.322756,0.0,0.29553492052696884,2178.8970712583355,12.08162482695165,10.894485356291677
-32.740044,200,786.449311,0.0,0.32334612975473426,2464.370146832206,13.513556246117414,12.32185073416103
-85.197128,200,786.573852,0.0,0.09299088992671244,2302.392985233177,13.091035021558335,11.511964926165886
-71.35252,200,786.703333,0.0,0.10655087891518769,2572.708118713739,14.363026020339804,12.863540593568695
-127.530759,200,786.828387,0.0,0.3184870374639733,2610.1762451741697,14.418510840293525,13.050881225870848
-86.112815,200,787.269558,0.0,0.05767151309074706,2038.9915378164146,11.208405382956538,10.194957689082074
-43.026112,163,787.379059,1.0,0.047447713135178496,2243.4250972680557,12.152608180532889,13.763344155018746
-94.660565,200,787.511721,0.0,0.16022797247099607,2734.6245459358624,15.176491406367994,13.673122729679312
-88.46376,200,787.637209,0.0,0.1424396852698081,2440.1142818677304,13.711317473079687,12.200571409338652
-96.779531,200,787.765747,0.0,0.15941756850988087,2418.2646963935804,13.64755321980694,12.091323481967901
-10.095185,77,787.815271,1.0,0.047088693526064096,668.6417288683978,4.148334055678733,8.683658816472699
-80.940224,200,787.938789,0.0,0.07967032094913457,2062.3604352421526,11.826091241747001,10.311802176210763
-47.874874,200,788.065311,0.0,0.14831235000646595,2455.417262134941,13.39656829175814,12.277086310674706
-12.744146,89,788.123859,1.0,0.04690957970860536,693.4229170527768,4.148178300986749,7.791268730930077
-85.935317,200,788.244377,0.0,0.17560177787883585,2052.1911911073807,12.448985997447005,10.260955955536904
-71.853742,200,788.365617,0.0,0.10643989417420183,2729.362758006617,15.167599313454575,13.646813790033084
-15.030185,103,788.428064,1.0,0.043109594554163876,975.9887179273436,5.592789527446321,9.47561862065382
-130.943154,200,788.870132,0.0,0.32865029537999657,1958.1936960568885,11.06220023827927,9.790968480284443
-61.561688,200,789.015161,0.0,0.14793575407794574,2439.7938591814677,13.734956416791297,12.19896929590734
-56.476201,200,789.143685,0.0,0.12329958243708346,2707.1142912810706,15.127259980569367,13.535571456405354
-117.959778,200,789.268221,0.0,0.2484202537649256,2493.775650262412,13.498636509351227,12.46887825131206
-120.560387,200,789.393409,0.0,0.260199348578928,1946.741394832126,10.985864002747247,9.73370697416063
-102.31729,200,789.518983,0.0,0.17167451171406173,2197.7731957879596,12.385014725759317,10.988865978939797
-23.024398,127,789.59799,1.0,0.04923680438482166,1217.1440514859241,7.0607773112437435,9.583811429023024
-57.776196,200,789.718404,0.0,0.12915623156558714,2259.4453580989234,12.21122490629395,11.297226790494618
-106.158595,200,789.840905,0.0,0.19065984089510762,1997.9894853899214,11.09747932513596,9.989947426949607
-82.046007,200,789.966362,0.0,0.0724974183699874,2257.301193999882,12.525594714098995,11.286505969999409
-102.563184,200,790.086895,0.0,0.19534051785537326,2063.4332731155064,11.444511865003333,10.317166365577531
-113.433277,200,790.51644,0.0,0.2211808944022358,1979.4070606935966,11.237104713220452,9.897035303467982
-53.130492,200,790.651965,0.0,0.245519458600815,1959.6836923664416,11.653647917210673,9.798418461832208
-44.476814,200,790.780506,0.0,0.38837720190748554,2054.917175735689,11.755458026938934,10.274585878678444
-134.430992,200,790.906032,0.0,0.3683505994935552,2609.1178384925224,13.96934494017045,13.045589192462613
-122.145143,200,791.032974,0.0,0.2809395255369412,2332.3497481028307,12.675527195614249,11.661748740514154
-31.539873,144,791.127497,1.0,0.04715955967912027,1324.717300665328,7.743399709279226,9.199425699064777
-37.139197,150,791.223989,1.0,0.04961787856565503,1665.532845194625,9.444230277615189,11.1035523012975
-109.339834,200,791.349855,0.0,0.21476893814951814,2250.074115309036,12.233536287858238,11.250370576545182
-14.523385,108,791.414386,1.0,0.04635401778410489,1015.4553414778554,5.838854550853614,9.402364272943105
-40.561709,150,791.509895,1.0,0.04645115291293222,996.7983796841188,5.692991053588021,6.645322531227459
-44.822418,168,791.612838,1.0,0.046463973424255185,2025.1818166663907,11.386593437700036,12.054653670633277
-38.339588,200,792.054492,0.0,0.3186928525269621,1453.9906456815688,8.084585688881205,7.269953228407844
-44.51791,200,792.196031,0.0,0.13777270202662228,2597.735502445587,14.963366360838855,12.988677512227934
-81.032309,200,792.326061,0.0,0.09096566745754366,2097.86418738646,11.798122240702344,10.4893209369323
-36.365832,200,792.454493,0.0,0.3333164580015415,2507.221262580629,13.67026301910526,12.536106312903145
-84.914993,200,792.576016,0.0,0.06867490545417129,1908.7634225793574,11.246018355772517,9.543817112896788
-127.388133,200,792.703595,0.0,0.3571686268573485,2522.3355237143846,14.318266907280053,12.611677618571923
-86.983534,200,792.826625,0.0,0.1533827016908164,2012.865811986274,11.153322263575234,10.064329059931369
-46.4762,166,792.929146,1.0,0.0491657687926966,1756.723250687962,9.6348487657289,10.582670184867242
-34.3016,149,793.021612,1.0,0.04879213779977586,1775.4900299693347,9.725905993308743,11.91604046959285
-16.707921,96,793.080612,1.0,0.0496305961085687,596.6667608347632,3.7884695402182866,6.21527875869545
-125.535526,200,793.203138,0.0,0.29073985718294376,2291.824396349926,12.86214296261453,11.459121981749629
-39.466219,200,793.325206,0.0,0.2521782150731301,1733.7101625168073,9.57161767918081,8.668550812584037
-45.419154,164,793.765523,1.0,0.04673828477087022,1192.9577968231215,6.413238636850988,7.274132907458058
-50.714197,200,793.898558,0.0,0.36279527267639,1390.4696135454421,8.2686665942825,6.952348067727211
-59.282792,176,794.015548,1.0,0.0451981553453299,1387.632582398485,7.882235052020394,7.884276036355029
-35.379249,152,794.115019,1.0,0.0497187630977414,1807.7637075696807,10.286635410677587,11.893182286642636
-65.776498,182,794.225554,1.0,0.04782043157888486,1374.1129448968923,7.88013722717073,7.550071125807101
-63.660628,186,794.34207,1.0,0.046973233782338045,1679.0687350461678,9.17372543545589,9.027251263689074
-36.429008,200,794.465645,0.0,0.27197600128112387,1695.9869583128557,9.306950824612986,8.479934791564279
-85.349868,200,794.593112,0.0,0.1568284514659778,2828.1626700360875,14.989730187822262,14.140813350180437
-58.898554,200,794.714091,0.0,0.08350435449084696,2537.7040981109844,14.293207740784915,12.688520490554922
-12.01348,78,794.76109,1.0,0.04782347632370885,431.2760806308692,2.8558303230706152,5.52918052090858
-56.066295,187,794.873637,1.0,0.046892706718182874,1876.1011813291334,10.95937185768033,10.032626638123707
-51.277874,173,795.313653,1.0,0.047412173791547864,1614.4187579059233,9.070999279393744,9.33190033471632
-118.683612,200,795.444167,0.0,0.2577263248254712,2012.5923939705067,10.987993003812546,10.062961969852534
-96.41618,200,795.576707,0.0,0.21006106214821485,2124.778751647424,12.397817630862836,10.62389375823712
-72.987566,200,795.701214,0.0,0.13121469592134494,2672.6162318780734,14.415393001128079,13.363081159390367
-55.015883,200,795.828253,0.0,0.11084310984882373,2242.0533201472153,12.528052141928361,11.210266600736077
-24.951389,127,795.910656,1.0,0.047376617976561994,1643.744278110492,9.347566154302623,12.942868331578676
-66.602536,187,796.027718,1.0,0.048188729852302256,1822.9408956886057,10.075220348129193,9.748347035767944
-56.479769,180,796.142872,1.0,0.04341604451568491,1440.7946798949713,8.723686481679408,8.004414888305396
-81.362448,200,796.2714,0.0,0.09472474979967416,1609.8449989831033,9.332999410837386,8.049224994915516
-29.500676,134,796.352249,1.0,0.04707584071136733,1380.052759103564,7.946500275208969,10.29890118734003
-48.667894,170,796.456776,1.0,0.047151855899927965,1277.0343011709872,7.28051065319809,7.5119664774763955
-110.752432,200,796.584306,0.0,0.25674283199617515,1865.118247786981,10.561401582704166,9.325591238934905
-77.328707,200,797.029845,0.0,0.12310750663437288,2052.692617278212,11.988306056374231,10.26346308639106
-31.27968,137,797.129402,1.0,0.04874336850694132,1558.1900583197817,8.9961779008022,11.373650060728334
-141.718608,200,797.257924,0.0,0.3807615727744192,2360.703644159066,12.929468647936218,11.803518220795329
-29.587456,138,797.343501,1.0,0.04833463888131215,1801.0252302798135,10.11502425240798,13.050907465795751
-134.056612,200,797.474021,0.0,0.34611927547841836,2675.686192849365,14.81092099226214,13.378430964246824
-28.129553,135,797.557548,1.0,0.04957401896996194,1694.6045913751846,9.398572042677861,12.552626602779144
-40.715922,163,797.658063,1.0,0.047879818140262695,2005.1616366501664,11.277786969229421,12.301605132823108
-127.214477,200,797.783552,0.0,0.30375456383940186,2222.92531650577,12.879458575584373,11.11462658252885
-83.306996,200,797.908855,0.0,0.13826964434794803,2404.896866282208,12.962905835679992,12.02448433141104
-19.065372,123,797.98642,1.0,0.04718594951196225,1329.4399374679354,7.317576607118789,10.808454776162076
-32.45934,150,798.083974,1.0,0.049384005279815395,1889.5481858251324,10.386391539670957,12.596987905500882
-111.495025,200,798.211386,0.0,0.23243302742867497,2283.789648975751,13.02280014324226,11.418948244878754
-21.988536,113,798.60415,1.0,0.045468334298438065,698.6468359812764,4.251023735109131,6.182715362666163
-87.487619,200,798.743205,0.0,0.1294983007979523,2545.5901873717835,14.084383345738685,12.727950936858917
-37.836815,151,798.839724,1.0,0.048454616954436494,1253.6828919229217,7.415893377565992,8.30253570809882
-74.32555,200,798.96426,0.0,0.06100163605879369,2362.145149936762,13.458912392580412,11.810725749683812
-9.859121,84,799.017792,1.0,0.04755783327370279,849.7980988979816,5.013211149482019,10.116644034499782
-54.190577,170,799.125288,1.0,0.047212225472411634,1434.4488481399749,8.846654474173315,8.437934400823382
-35.391914,149,799.219834,1.0,0.04934057048081509,1550.2890230834814,8.87660194758551,10.40462431599652
-15.007975,113,799.289837,1.0,0.049024385038701185,1166.477862670125,6.894976892932524,10.322812943983408
-78.873446,200,799.413874,0.0,0.0947244408847891,2468.387183621352,13.23389975229506,12.34193591810676
-111.598573,200,799.537413,0.0,0.23106401275871488,1974.7885450092317,11.011365035255796,9.873942725046158
-27.269008,129,799.619953,1.0,0.04831502904830516,1140.2586878715376,6.281773088371932,8.839214634663083
-70.985331,200,799.743488,0.0,0.05834590862456953,2329.3211172201122,13.01645318622156,11.646605586100561
-124.435224,200,800.184619,0.0,0.2886652852956263,2412.64617523509,13.816095097800448,12.063230876175451
-91.198859,200,800.334111,0.0,0.17081783313294702,1755.3785968868126,10.566162157009968,8.776892984434063
-135.926527,200,800.467464,0.0,0.3643928649511987,2192.2942674966316,12.475572617570782,10.961471337483157
-98.72005,200,800.592934,0.0,0.1875040587916577,2584.4439379688415,14.52790696673426,12.922219689844207
-11.866855,78,800.643481,1.0,0.045751462885862,316.89343679369955,2.0737082132128446,4.062736369149994
-29.620635,122,800.716973,1.0,0.04918541203552826,467.6834827783428,2.853299784850918,3.833471170314285
-98.681886,200,800.836454,0.0,0.16289635331119445,1972.083249846101,11.059542833990934,9.860416249230504
-57.859269,200,800.965955,0.0,0.13300058468213968,1949.3072247891764,11.0519924233008,9.746536123945882
-71.493855,194,801.085497,1.0,0.0455908954682371,1486.8617949692598,8.667108227291669,7.664236056542577
-56.514336,179,801.192024,1.0,0.04800983821664829,1333.632916708874,7.692140851994374,7.4504632218372855
-42.113171,200,801.315737,0.0,0.34222048164611685,1296.2298290325953,7.180098809475449,6.481149145162976
-64.221619,186,801.42805,1.0,0.0481313893017454,1490.094516849098,8.749370737696797,8.011260843274721
-45.394373,200,801.861088,0.0,0.12049849304503152,1667.2771855414314,9.411815359880624,8.336385927707157
-47.165423,169,801.975529,1.0,0.044197706480176374,1515.6834157492933,8.713656844869444,8.968540921593451
-88.729737,200,802.104078,0.0,0.15525889858503514,2127.4456175835167,11.361835273467156,10.637228087917583
-75.670066,200,802.228119,0.0,0.061724292936767865,1912.724951380932,10.768931891204979,9.56362475690466
-111.671894,200,802.352674,0.0,0.21035388402907115,1899.3915464748534,11.01084729146411,9.496957732374266
-131.527193,200,802.473778,0.0,0.3356760427436066,2358.0800255336644,13.777476614181037,11.790400127668322
-85.675723,200,802.607807,0.0,0.1107727843682293,2170.8774053147463,12.681238629989764,10.85438702657373
-31.109594,130,802.691887,1.0,0.04597107555608875,689.1784439086064,3.977503876551979,5.301372645450818
-28.079359,134,802.773439,1.0,0.0483720536905178,1840.74200598139,10.947782067939464,13.736880641652165
-41.518069,200,802.895988,0.0,0.3671196529409228,1633.460696748611,9.306810812960208,8.167303483743055
-109.135358,200,803.023014,0.0,0.2234292065009966,2022.5065621718336,11.525453586990897,10.112532810859168
-33.730009,143,803.422879,1.0,0.0495624971910781,1090.987342425138,6.4523392913898565,7.6292821148611045
-55.702339,200,803.569418,0.0,0.09880913823888754,1918.9502992754026,10.65509490184187,9.594751496377013
-136.994593,200,803.695008,0.0,0.37797412906890604,2805.6593720494925,15.70811260122465,14.028296860247462
-78.091051,200,803.822022,0.0,0.12302657454759028,2291.747859613159,12.929517542573208,11.458739298065796
-111.744314,200,803.947539,0.0,0.2314935039797471,2311.004030405164,12.6995305344906,11.55502015202582
-117.096246,200,804.075071,0.0,0.2489355986041318,1980.9637442411754,10.815619617234393,9.904818721205878
-23.155676,120,804.152537,1.0,0.045283942523052595,1137.336556868468,6.362425491943819,9.477804640570566
-36.429888,200,804.274064,0.0,0.3568524328936945,1928.8797017816553,10.750521254362898,9.644398508908276
-23.398907,130,804.350605,1.0,0.04723156123395169,987.9311129381465,5.649761431740802,7.599470099524204
-56.750874,181,804.459123,1.0,0.04844663207890024,1535.2851449965983,9.08411760291641,8.482238370146952
-141.457477,200,804.582612,0.0,0.3835011417041094,2359.1421914729913,13.23653237809541,11.795710957364957
-68.628108,200,805.02832,0.0,0.05695467022081525,2117.7409840998985,11.981262651889407,10.588704920499492
-17.029524,110,805.121833,1.0,0.048894811368768935,900.3648039639248,5.561814068728094,8.185134581490226
-55.742159,200,805.269376,0.0,0.13738926635133344,2021.8801840193787,10.919027661170771,10.109400920096894
-71.928605,197,805.393872,1.0,0.04828930736377216,2133.607810589068,12.449034303404979,10.83049650045212
-29.607073,142,805.482365,1.0,0.04880232533787711,1370.274431738338,8.054682190184261,9.649819941819283
-51.29852,200,805.607886,0.0,0.2748300912109,1712.5148346567412,9.868432343190532,8.562574173283705
-21.81028,121,805.680955,1.0,0.045404225077194285,1331.056279689077,7.414280539354337,11.00046512139733
-39.198253,200,805.806432,0.0,0.26075872781225345,1622.0830879157852,8.912502520069241,8.110415439578926
-55.569536,200,805.931487,0.0,0.10155557601010283,2376.986283251458,13.438157901738753,11.884931416257292
-46.314095,200,806.051347,0.0,0.1459951530228462,2260.232804847066,12.681659731270292,11.301164024235328
-91.704412,200,806.175839,0.0,0.14009370027906892,2233.1009177462242,12.578257922351634,11.165504588731121
-65.557387,200,806.597874,0.0,0.09326537025274848,2107.0316509217882,11.986435326714654,10.535158254608941
-46.159027,164,806.723893,1.0,0.04961366472132802,1367.2312538726985,7.956732966943254,8.336775938248161
-107.79324,200,806.865231,0.0,0.23461450319293603,2690.457394772085,15.308174707400022,13.452286973860426
-81.14177,200,806.994236,0.0,0.05488047296901419,1672.882938241779,9.259667018636513,8.364414691208895
-20.638135,118,807.069776,1.0,0.04791723870903167,1468.722860847031,8.095392798322845,12.446803905483312
-27.096556,134,807.151296,1.0,0.048745389786713306,1597.6940986169743,9.064748981527659,11.923090288186376
-15.543149,101,807.21531,1.0,0.04914569985497833,914.1814364179307,5.0252884192063245,9.051301350672581
-43.17725,152,807.310832,1.0,0.047540142691369476,1082.8324281873076,6.368817024140703,7.123897553863866
-116.677624,200,807.436599,0.0,0.2574496123345528,2317.406876543093,12.94374631136806,11.587034382715466
-141.037211,200,807.556115,0.0,0.40926547923241696,2547.8173830035207,14.036654447819286,12.739086915017603
-91.451955,200,807.678584,0.0,0.13063421488756635,2325.9306237070327,13.034694896561732,11.629653118535163
-146.199775,200,807.801126,0.0,0.48921130957746806,1810.3531365407412,10.655429011506914,9.051765682703707
-88.928306,200,808.241401,0.0,0.13557595701843062,1685.4863103778944,9.793648992905052,8.427431551889471
-26.353517,128,808.342921,1.0,0.047540000678147225,1353.6474585312535,7.89627568029966,10.575370769775418
-95.816057,200,808.476441,0.0,0.1826789284192604,2285.336205327945,13.313621145648176,11.426681026639725
-47.80803,200,808.604975,0.0,0.2238680981809985,2398.823041573313,13.664634976559537,11.994115207866564
-45.19512,157,808.705515,1.0,0.04424960787515421,923.8007310088138,5.415664290736693,5.884081089228114
-12.718186,93,808.765842,1.0,0.0446877719051412,1034.015345308519,6.087216844209549,11.118444573209882
-99.732934,200,808.889322,0.0,0.14797187553454397,2106.6864097387765,11.823956284740746,10.533432048693882
-129.408372,200,809.017871,0.0,0.3048108410923304,2112.9252743180728,11.712538055169732,10.564626371590364
-128.7406,200,809.142015,0.0,0.3208279763149429,2300.869707090674,12.504504231609546,11.50434853545337
-44.155674,200,809.269536,0.0,0.17543734653112006,2423.959376614578,13.86626141223795,12.11979688307289
-9.400341,53,809.303541,1.0,0.04954249780336747,79.0535367948091,0.7007363894051488,1.4915761659397944
-50.800901,200,809.429488,0.0,0.1420045749938449,2166.96936633922,12.16652478089678,10.8348468316961
-111.841075,200,809.868258,0.0,0.1999259713986739,2150.2532129845367,11.69899090983238,10.751266064922683
-85.106783,200,810.009775,0.0,0.11373437258088569,2175.015244500613,12.506153322802833,10.875076222503065
-21.007759,124,810.099024,1.0,0.04711771492724801,875.6451140473349,5.15600456352747,7.061654145543024
-22.587021,119,810.174557,1.0,0.04933266803437331,1221.007784691822,6.763052511182972,10.260569619259009
-80.182821,200,810.299026,0.0,0.14771097252409998,2421.2498463700003,13.431177999842829,12.106249231850002
-59.816817,190,810.415588,1.0,0.04768363377243173,1704.251538130037,9.964503977736477,8.96974493752651
-27.345512,138,810.503102,1.0,0.0495352445678158,800.5620089224233,4.464199880395855,5.80117397769872
-136.797344,200,810.630208,0.0,0.3694621248606724,2371.772348766922,13.429052945814076,11.85886174383461
-53.652544,200,810.751728,0.0,0.15164442011184903,2588.179959080983,14.99209311328241,12.940899795404913
-89.865011,200,810.879252,0.0,0.1907190708931691,2124.94864676613,11.947406439653404,10.62474323383065
-59.670982,200,811.000794,0.0,0.11257907922647782,1808.4347146309358,10.167167324029874,9.04217357315468
-136.876101,200,811.121869,0.0,0.376561412133797,2410.125852160498,13.711973980655584,12.050629260802491
-108.408978,200,811.586834,0.0,0.21676829794865446,2396.473367639321,13.138780316828004,11.982366838196606
-50.889243,200,811.728877,0.0,0.14323265129962562,2377.6119647405553,13.750667310529819,11.888059823702777
-18.440482,113,811.802878,1.0,0.04775648840656895,1360.0622629754382,7.870351780579331,12.035949229871134
-10.226729,98,811.866402,1.0,0.04927221510803711,1222.9011236017122,7.316363763182378,12.478582893895023
-67.576333,200,811.992927,0.0,0.07649961586393826,2027.8387307388127,11.05620451747729,10.139193653694063
-143.20064,200,812.117453,0.0,0.4340157753651351,2338.6397045470667,13.06482583042445,11.693198522735333
-6.618676,28,812.134994,1.0,0.03537651587319146,31.78991591131218,0.25837970184883424,1.1353541396897207
-45.562438,156,812.228522,1.0,0.04842163869536751,942.8597424695988,5.427348432927744,6.043972708138454
-47.927987,200,812.354069,0.0,0.18804880515082928,2587.617509339347,14.224191125504802,12.938087546696735
-109.365681,200,812.480591,0.0,0.23923425982385174,2711.299133715668,15.021175325212633,13.556495668578341
-49.357055,200,812.607138,0.0,0.21286465270280816,1908.769453315176,11.111887416268099,9.54384726657588
-85.55208,200,812.72889,0.0,0.12531751644949235,2690.238694597718,14.918385895972602,13.45119347298859
