#{"t_start": 1774118231.157768, "env_id": null}
r,l,t,is_success,final_distance
-87.123067,200,1.294641,0.0,0.5072315906973124
-98.046984,200,1.431177,0.0,0.8605553225180532
-115.418705,200,1.583076,0.0,0.07039368900200575
-115.233334,200,1.723609,0.0,0.4105600965836899
-183.687363,200,1.847256,0.0,1.0023465528731368
-123.896487,200,1.968601,0.0,0.6604507720083724
-196.676012,200,2.091139,0.0,1.2117975053982541
-151.335067,200,2.205558,0.0,0.7993160998668624
-182.974157,200,2.329082,0.0,0.8449251938491303
-122.658587,200,2.454269,0.0,0.8500633931559394
-33.604508,93,2.840387,1.0,0.04452497626442257
-197.387563,200,2.97201,0.0,0.6875714019564443
-124.078878,200,3.090524,0.0,0.46093840666422636
-324.539947,200,3.207053,0.0,1.8275454306807375
-166.257747,200,3.339862,0.0,0.9173536941028355
-124.107415,200,3.475395,0.0,0.4188024803956076
-65.507736,200,3.599927,0.0,0.05947869066292388
-174.644106,200,3.719258,0.0,1.222671560161858
-136.58834,200,3.839336,0.0,0.7391765151232077
-182.753794,200,3.961907,0.0,1.2221926231109475
-179.795248,200,4.085434,0.0,0.5873073795872087
-183.216342,200,4.599568,0.0,0.3789074917245512
-116.261393,200,4.741992,0.0,0.6678625666921232
-191.786255,200,4.861508,0.0,1.397203404286836
-149.945307,200,4.977031,0.0,0.6282835882136776
-145.188689,200,5.103112,0.0,0.39672866997714357
-107.457132,200,5.229688,0.0,0.6667464615400395
-43.824735,163,5.328115,1.0,0.04383704655862864
-196.401288,200,5.44477,0.0,1.3005106465077885
-97.549981,200,5.57695,0.0,1.2857449597357833
-102.076105,152,5.674491,1.0,0.043684815094418246
-97.666545,200,6.110612,0.0,0.8102555849914209
-188.31887,200,6.247699,0.0,0.9646107967805775
-161.075909,200,6.373637,0.0,1.2391966302794932
-105.182471,200,6.50619,0.0,0.6300708208673163
-123.215861,200,6.634702,0.0,0.43703360854058104
-108.081658,200,6.764386,0.0,0.8165925843272283
-155.699932,200,6.88297,0.0,0.7493684779658293
-200.246342,200,6.993465,0.0,0.9027286964534227
-175.959655,200,7.107985,0.0,1.200154741881197
-177.570778,200,7.222574,0.0,0.6176932797406433
-122.352357,200,7.642196,0.0,0.8391148296615445
-101.66385,198,7.787708,1.0,0.03380175162357802
-118.083267,200,7.929822,0.0,0.3967531295334576
-90.810506,200,8.054999,0.0,0.3652080862290452
-176.051283,200,8.17351,0.0,0.5060143874893185
-52.655242,200,8.289677,0.0,0.5803829392650041
-125.400805,200,8.403816,0.0,0.4715238949458122
-129.378424,200,8.519343,0.0,0.4223762476587165
-120.686863,200,8.631877,0.0,0.7612819262701511
-172.640213,200,8.747898,0.0,1.1010399732515912
-128.871057,200,8.861464,0.0,0.8463518263220523
-137.916455,200,9.292286,0.0,0.6511079042780973
-148.002916,200,9.423481,0.0,0.9249784846609924
-175.165185,200,9.538531,0.0,0.9183674843423174
-164.682567,200,9.652074,0.0,0.7088930555216468
-77.752259,200,9.766593,0.0,0.26029929056248896
-120.886981,200,9.881104,0.0,0.8333413358367345
-144.211483,200,9.993576,0.0,0.9096859812759284
-127.188356,200,10.106119,0.0,0.19398225800415592
-146.776518,200,10.220604,0.0,1.2133131163710988
-129.174449,200,10.331175,0.0,0.8203418655823774
-91.104423,200,10.799059,0.0,0.45711907162065774
-199.097643,200,10.93812,0.0,1.1324121170382713
-97.932353,200,11.057648,0.0,0.30243656170910965
-93.167804,200,11.17234,0.0,0.6323304143902884
-110.972597,200,11.287418,0.0,0.6664996233681995
-102.808301,200,11.404966,0.0,0.5665117749487517
-145.762505,200,11.517478,0.0,0.5223496812664816
-145.479358,200,11.63107,0.0,0.3343886770751062
-194.644547,200,11.742059,0.0,1.461200870628009
-140.020425,200,11.853579,0.0,0.7440747585652496
-86.170868,200,12.262166,0.0,0.3329303518410062
-120.07376,200,12.382689,0.0,0.725830614199656
-143.081347,200,12.500842,0.0,0.7618375215018124
-118.455645,200,12.616661,0.0,0.6843149097914889
-79.649129,200,12.734236,0.0,0.7758368909315753
-129.772162,200,12.848305,0.0,0.3088418133514406
-100.270495,200,12.962793,0.0,0.46786695138321727
-140.757507,200,13.074334,0.0,0.6761386375679096
-91.393233,200,13.189482,0.0,0.4795318916297372
-61.370331,200,13.314026,0.0,0.5066371423231134
-77.941028,200,13.778215,0.0,0.5687389907785135
-86.585781,200,13.91772,0.0,0.5360114813784381
-117.620403,200,14.042341,0.0,0.9312426031585548
-123.795911,200,14.156868,0.0,0.30163157391538803
-95.466399,200,14.274422,0.0,0.4758224433775709
-175.46451,200,14.390971,0.0,0.8343854425950907
-89.462465,200,14.503115,0.0,0.5198760709627573
-114.903972,200,14.613635,0.0,0.4842933602272115
-110.352845,200,14.72721,0.0,0.18225804334065718
-112.843447,200,14.838746,0.0,0.7031474481233758
-80.969881,200,14.951319,0.0,0.7014756692824763
-87.05998,200,15.36036,0.0,0.692903778267601
-82.939809,200,15.481885,0.0,0.5176553425305613
-116.926574,200,15.600442,0.0,0.7515425202973413
-45.899967,90,15.651411,1.0,0.03528521252547545
-108.801795,200,15.765018,0.0,0.508324248288216
-98.345888,200,15.877569,0.0,0.5431744373461829
-90.328929,200,15.990094,0.0,0.43300213594934484
-65.709319,200,16.109647,0.0,0.6073132578924503
-126.840394,200,16.235115,0.0,0.26462184915204556
-0.937956,5,16.239118,1.0,0.025304578730473398
-94.919457,200,16.361988,0.0,0.4380009672027446
-79.872938,200,16.775263,0.0,0.40496529120479013
-86.635249,200,16.909783,0.0,0.41649636185868616
-116.386426,200,17.024307,0.0,0.8536972855570919
-109.061108,200,17.141376,0.0,0.6595771725936492
-36.861353,91,17.194384,1.0,0.049921264429209876
-75.683133,155,17.283862,1.0,0.03417255481591058
-163.023942,200,17.398383,0.0,0.8353310820703789
-140.399221,200,17.511547,0.0,0.6468683076943488
-48.460829,79,17.556091,1.0,0.04750711636547276
-138.009506,200,17.671599,0.0,0.6407807956303594
-63.050053,200,17.784859,0.0,0.23520878787156674
-0.565478,4,17.788862,1.0,0.03222081155182595
-130.892147,200,17.89841,0.0,0.7747594987234044
-106.548085,200,18.333032,0.0,0.3233713901384409
-106.442303,200,18.47707,0.0,0.5420427286968883
-53.717724,200,18.593625,0.0,0.6941231899172915
-72.587007,200,18.710164,0.0,0.3629008307547905
-106.450419,200,18.832716,0.0,0.3358430264009683
-101.594038,200,18.956399,0.0,0.3565504114689386
-119.144667,200,19.075906,0.0,0.33361754366258495
-118.95005,200,19.191422,0.0,0.37438091215161007
-0.043962,1,19.19369,1.0,0.04382890776417023
-103.58827,200,19.310948,0.0,0.7304551097659596
-86.163883,200,19.425648,0.0,0.6743308810831676
-70.308783,200,19.833717,0.0,0.2687208916425635
-117.483046,200,19.964494,0.0,0.45069030697438356
-1.136717,6,19.969494,1.0,0.0438557338455383
-95.224486,200,20.094019,0.0,0.490210888565889
-24.045625,73,20.137025,1.0,0.030091175011802553
-80.827396,200,20.254062,0.0,0.3200929033522041
-54.129086,132,20.329275,1.0,0.047106538286877074
-74.91439,200,20.441841,0.0,0.17405623521939395
-98.316858,200,20.555482,0.0,0.5052733746148064
-85.527639,200,20.667975,0.0,0.36347906033738203
-100.36631,200,20.778523,0.0,0.5557017832727628
-2.77227,10,20.785548,1.0,0.03735448151866324
-89.886719,200,20.898036,0.0,0.5296943323628249
-0.585413,4,20.901039,1.0,0.04639526730907129
-77.682564,200,21.2935,0.0,0.6727058023691284
-105.390364,200,21.436583,0.0,0.5483116286972344
-66.470467,200,21.566664,0.0,0.1696997981016646
-95.145993,200,21.697826,0.0,0.6211167435993197
-110.084301,200,21.823316,0.0,0.31867156697640586
-95.792075,200,21.939591,0.0,0.6047836194642016
-13.239097,54,21.971615,1.0,0.044319383136255525
-101.318535,200,22.086426,0.0,0.783634287669271
-16.99218,48,22.112455,1.0,0.03191079443575855
-152.414637,200,22.223981,0.0,0.4567421923992419
-39.449782,92,22.277494,1.0,0.04808051287998591
-97.631687,200,22.390966,0.0,0.2266258112632672
-96.302395,200,22.503509,0.0,0.1875643750165088
-31.650726,81,22.854778,1.0,0.04364172330946046
-25.828324,68,22.897779,1.0,0.046107009771150585
-138.587838,200,23.024857,0.0,0.8129077631985125
-146.401528,200,23.144928,0.0,0.9254559489271774
-93.576625,200,23.256932,0.0,0.2829568878580513
-189.206952,200,23.369468,0.0,0.9649943673480096
-8.404549,24,23.384471,1.0,0.0441598447897261
-27.279492,63,23.421472,1.0,0.035507219064060236
-96.364401,200,23.535048,0.0,0.4972795598421177
-87.584189,200,23.644524,0.0,0.511663356830889
-21.09578,30,23.662055,1.0,0.041940130355655886
-88.314936,200,23.776573,0.0,0.3686751830867297
-120.852913,200,23.890147,0.0,0.7384710321367163
-107.482511,200,23.998602,0.0,0.6024655148315824
-78.559601,200,24.469119,0.0,0.20392786404855626
-0.694444,4,24.474119,1.0,0.02607973090143183
-130.551224,200,24.601326,0.0,0.7757910478971495
-124.182159,200,24.721052,0.0,0.3414127573635944
-0.619806,4,24.725049,1.0,0.03718644842333776
-140.269832,200,24.841203,0.0,0.878956857634343
-119.282371,200,24.956823,0.0,0.6764858196592418
-7.847468,38,24.97882,1.0,0.048896021694813656
-98.87334,200,25.0953,0.0,0.7289691500811455
-104.390297,200,25.210816,0.0,0.5700892166174623
-92.797081,200,25.324287,0.0,0.35979685487409446
-111.976484,200,25.435828,0.0,0.6896491165268458
-85.71245,200,25.548449,0.0,0.7232975489453274
-124.595401,200,25.968117,0.0,0.6073690527497528
-125.15675,200,26.089261,0.0,0.7252884541258156
-77.308782,200,26.202766,0.0,0.3745545601136164
-129.151173,200,26.315253,0.0,0.7411995980726396
-110.509443,200,26.430403,0.0,0.6244121586710959
-124.92205,200,26.542938,0.0,0.705660143330275
-99.286281,200,26.654975,0.0,0.5836845855507105
-104.179717,200,26.766516,0.0,0.541191201676135
-110.608192,200,26.877719,0.0,0.7657884403320347
-8.866711,36,26.898721,1.0,0.0461922713565371
-128.996682,200,27.019216,0.0,0.7137556099282557
-141.169121,200,27.507681,0.0,0.8664266839633498
-9.875474,44,27.533688,1.0,0.03713180735340276
-72.632422,200,27.658933,0.0,0.3263666585813965
-109.422508,200,27.773416,0.0,0.6330907245582501
-16.64842,46,27.798417,1.0,0.043064103417581656
-89.184479,200,27.909936,0.0,0.32583335609979736
-81.792107,200,28.022479,0.0,0.3426812407622246
-79.849559,200,28.137051,0.0,0.3854243469879147
-16.794808,45,28.163623,1.0,0.049945886584326256
-0.068348,2,28.165626,1.0,0.011552399870682942
-74.215068,200,28.278111,0.0,0.23332716501281012
-76.110469,200,28.39265,0.0,0.23629072181196614
-92.400397,200,28.500907,0.0,0.4756730589863593
-111.243655,200,28.917991,0.0,0.6299489255788842
-103.234658,200,29.046507,0.0,0.2604790318380283
-90.499071,200,29.166552,0.0,0.4969617944916992
-103.336416,200,29.280994,0.0,0.5800345565707241
-116.914524,200,29.392567,0.0,0.569358639247295
-140.490435,200,29.507995,0.0,0.8673090527017489
-94.768796,200,29.621524,0.0,0.42663112542784226
-84.900388,200,29.738997,0.0,0.5023472270599881
-72.925825,200,29.862648,0.0,0.2448699161567707
-32.048237,72,29.906649,1.0,0.045453888691485596
-19.80707,47,29.936655,1.0,0.0456101899016622
-152.20837,200,30.054741,0.0,0.9125580573005263
-2.856322,11,30.061733,1.0,0.04736347935267364
-0.04849,1,30.06274,1.0,0.04834837281179867
-114.963771,200,30.504347,0.0,0.692178541560231
-139.831497,200,30.627861,0.0,0.8420951393057997
-88.167135,200,30.74331,0.0,0.4283508839422165
-108.62194,200,30.859324,0.0,0.463777855780243
-21.724767,53,30.890325,1.0,0.03937259448844709
-15.516091,42,30.915324,1.0,0.04901719746493127
-27.40295,47,30.94333,1.0,0.028386909632810667
-71.179419,200,31.053952,0.0,0.2535328912109115
-114.753728,200,31.166401,0.0,0.6630649497926384
-69.283252,200,31.278891,0.0,0.2698128323962619
-121.699656,200,31.391412,0.0,0.6915448215893376
-134.766872,200,31.504935,0.0,0.8430129958330755
-159.382476,200,31.907063,0.0,0.8546136097763879
-26.717699,40,31.932061,1.0,0.0401338421283185
-92.835354,200,32.057083,0.0,0.5216409900095718
-45.079053,77,32.104086,1.0,0.04080109646490716
-69.442433,200,32.220603,0.0,0.3269437371764058
-125.986217,200,32.332097,0.0,0.762379446364364
-123.2847,200,32.45291,0.0,0.7675800949276831
-159.825646,200,32.578423,0.0,0.852418845581609
-43.375745,77,32.627422,1.0,0.044497730342277456
-61.942866,200,32.74594,0.0,0.17546997016401092
-89.413547,200,32.863919,0.0,0.4204583632805587
-0.042624,1,32.86592,1.0,0.04248223244536081
-105.730096,200,32.981732,0.0,0.5887309316051818
-14.892262,44,33.006736,1.0,0.04886474870306959
-128.304201,200,33.417398,0.0,0.7111013274559936
-105.110821,200,33.550412,0.0,0.45210184836322603
-73.043572,200,33.671939,0.0,0.27764802607225525
-92.688051,200,33.785013,0.0,0.23428699681463844
-68.176462,200,33.899148,0.0,0.31800574507646767
-79.508223,200,34.012292,0.0,0.39396937612909616
-91.56533,200,34.125785,0.0,0.5067593093923287
-0.033908,1,34.126785,1.0,0.03379996431777216
-86.554731,200,34.238307,0.0,0.48912295706557174
-20.986354,33,34.257819,1.0,0.009655857136236626
-107.42016,200,34.373338,0.0,0.3022800333797715
-138.898189,200,34.486855,0.0,0.6667503079464759
-164.61198,200,34.893917,0.0,0.8510254005173455
-54.498081,200,35.011431,0.0,0.17016821359881998
-179.264526,200,35.145952,0.0,0.9902760186014808
-87.514852,200,35.273973,0.0,0.43415490578458127
-122.161953,200,35.399936,0.0,0.7350816427087705
-152.614394,200,35.520066,0.0,0.8567702358121726
-79.483824,200,35.63764,0.0,0.34718630509060483
-120.21353,200,35.75285,0.0,0.7480602646277299
-28.409634,31,35.773849,1.0,0.04022966265438375
-115.300744,200,35.904358,0.0,0.7290269202320265
-131.674648,200,36.025878,0.0,0.7518569644573541
-73.455449,200,36.441946,0.0,0.3209491976509821
-54.557374,200,36.578971,0.0,0.2241336954136117
-91.831218,200,36.700464,0.0,0.6243482088553695
-17.544544,54,36.731458,1.0,0.045643430696856224
-18.391617,53,36.761975,1.0,0.04459821302784213
-11.301616,25,36.777976,1.0,0.04929646851754605
-30.261188,65,36.815972,1.0,0.041436008195309036
-61.029842,200,36.930494,0.0,0.2746670202393639
-77.36332,200,37.046033,0.0,0.35457727451770643
-89.31696,200,37.157079,0.0,0.49594024423900945
-122.961932,200,37.269542,0.0,0.7567619074033737
-95.828489,200,37.383064,0.0,0.5069135992442529
-128.421532,200,37.496584,0.0,0.7413413196745343
-116.374142,200,37.612104,0.0,0.7551431156304926
-144.10996,200,38.057456,0.0,0.8641798345447353
-96.470541,200,38.202969,0.0,0.5571157126703532
-107.262526,200,38.324847,0.0,0.6961197625923731
-97.560732,200,38.442894,0.0,0.5379367965539852
-102.079641,200,38.562861,0.0,0.5609618971905598
-84.083425,140,38.64285,1.0,0.04241505216731925
-108.17123,200,38.754809,0.0,0.7222733074059373
-106.357676,200,38.866382,0.0,0.6079284825212478
-39.782763,124,38.937388,1.0,0.04365953433642494
-16.350258,42,38.960905,1.0,0.04045075845518687
-82.822169,200,39.074454,0.0,0.40820191673378164
-127.428083,200,39.472229,0.0,0.7530996994123962
-116.772754,200,39.600749,0.0,0.7063566598654006
-45.686415,73,39.652254,1.0,0.031764121797258814
-80.745024,200,39.768791,0.0,0.39690236083206937
-108.348763,200,39.881304,0.0,0.647481544726266
-143.750717,200,39.994824,0.0,0.8491042199071379
-78.714026,200,40.112342,0.0,0.37914698737395114
-96.193996,200,40.22686,0.0,0.5606484790839827
-23.395963,63,40.265378,1.0,0.037158714839840776
-30.235023,78,40.311382,1.0,0.03260822672576467
-104.962099,200,40.425906,0.0,0.5664494689450613
-164.231953,200,40.536463,0.0,0.9336424306598557
-86.204536,200,40.650992,0.0,0.4597101938101002
-113.019651,200,41.115606,0.0,0.7514089455443058
-115.746326,200,41.248474,0.0,0.6491001913675062
-98.233972,200,41.363099,0.0,0.2915876403110517
-110.9938,200,41.483166,0.0,0.5370849700361092
-109.526389,200,41.599682,0.0,0.5761360381424043
-128.488485,200,41.717214,0.0,0.7019105880582215
-111.159198,200,41.827735,0.0,0.8404637058273978
-14.875055,45,41.853251,1.0,0.025862434730997863
-97.233963,200,41.964814,0.0,0.5136595065604886
-110.52505,200,42.079262,0.0,0.6381193006807974
-92.074211,200,42.1918,0.0,0.657306259897547
-38.365736,62,42.518355,1.0,0.042011318851812404
-129.36562,200,42.646871,0.0,0.8145419776902783
-107.764777,200,42.773662,0.0,0.4762023472455525
-33.212303,69,42.813662,1.0,0.04286671041121679
-69.291503,200,42.927182,0.0,0.282328407400096
-17.22999,54,42.958705,1.0,0.037461482970405885
-86.681647,200,43.074224,0.0,0.7637798494679533
-130.841496,200,43.188765,0.0,0.8030531662044309
-0.048687,1,43.189765,1.0,0.048557429410571826
-6.444407,29,43.206765,1.0,0.049738296282067815
-133.737192,200,43.319324,0.0,0.917865959841753
-85.356248,200,43.433637,0.0,0.47673974009313397
-126.537685,200,43.559225,0.0,0.7353411689472348
-85.34364,200,43.682748,0.0,0.4958074993601349
-101.590444,200,44.144739,0.0,0.711328684651327
-0.367946,3,44.147738,1.0,0.041722722688053764
-94.029285,200,44.26776,0.0,0.537111751585119
-18.635214,40,44.293754,1.0,0.02622363200721534
-117.49468,200,44.404286,0.0,0.6978130527300614
-26.89342,48,44.432287,1.0,0.037961836024351034
-39.784492,103,44.491791,1.0,0.04164764881224161
-39.087311,61,44.527777,1.0,0.04172309663600702
-58.9081,93,44.582294,1.0,0.04204383681121223
-86.028636,200,44.694824,0.0,0.47042987876447806
-92.510652,200,44.806387,0.0,0.4500726137484083
-1.058339,5,44.810388,1.0,0.02558999346734573
-103.110374,200,44.923929,0.0,0.40053243400436406
-132.09094,200,45.030452,0.0,0.7709757659423958
-138.486282,200,45.141986,0.0,0.8115676676048538
-182.338075,200,45.560555,0.0,0.9534088454857703
-115.109138,200,45.696065,0.0,0.5553377013006656
-111.68439,200,45.820586,0.0,0.6447904313161902
-32.279932,53,45.852592,1.0,0.037177270233358484
-70.893748,200,45.970634,0.0,0.32272263596934986
-122.765879,200,46.09016,0.0,0.7461532873576343
-88.140413,200,46.210381,0.0,0.47724898490233764
-86.376764,200,46.340916,0.0,0.2856743935924843
-97.279247,200,46.46794,0.0,0.5165461637069185
-15.921245,47,46.495916,1.0,0.04373342220921236
-93.90303,200,46.613012,0.0,0.47893861211623356
-99.427381,200,46.729475,0.0,0.5718589356093996
-96.276392,200,47.14787,0.0,0.46202697878658433
-0.162304,2,47.14987,1.0,0.014295709288345943
-161.687228,200,47.284894,0.0,0.9461004956771397
-91.163268,200,47.401413,0.0,0.5304413590718651
-103.89601,200,47.514886,0.0,0.6466825919441674
-91.634818,200,47.631438,0.0,0.3958102563513537
-68.240057,200,47.747025,0.0,0.26880851912785575
-10.611963,42,47.771551,1.0,0.04804836457499192
-23.295633,64,47.808531,1.0,0.04652564937332704
-86.73252,200,47.921055,0.0,0.4616999549675353
-134.058185,200,48.031589,0.0,0.7787375459042387
-78.422811,200,48.145062,0.0,0.3827254000914411
-31.243046,69,48.184592,1.0,0.04780334567690364
-101.803063,200,48.62558,0.0,0.570995058438296
-123.367078,200,48.760609,0.0,0.7988085868378277
-107.384744,200,48.883113,0.0,0.6002372130946138
-105.758646,200,49.006624,0.0,0.6076177813944652
-108.6043,200,49.137142,0.0,0.704728764718198
-31.791655,80,49.189671,1.0,0.04500242837099509
-79.646534,200,49.305731,0.0,0.32839959015183207
-84.505125,200,49.422087,0.0,0.37850509192273507
-7.506634,35,49.44349,1.0,0.0447402411228531
-92.031214,200,49.556854,0.0,0.46449380127433143
-97.15611,200,49.675392,0.0,0.4947949279150358
-141.278709,200,49.79309,0.0,0.837848158796611
-129.94911,200,50.234373,0.0,0.8047410358267305
-59.65167,200,50.378403,0.0,0.19718814042682944
-119.182605,200,50.506464,0.0,0.7287989656094487
-93.276722,200,50.62399,0.0,0.4138117380427107
-66.876367,101,50.687523,1.0,0.04194152386015252
-138.683665,200,50.810886,0.0,0.8511969700518958
-143.91743,200,50.92541,0.0,0.8329054720465043
-89.249729,200,51.039938,0.0,0.5048810453107656
-7.327323,33,51.060465,1.0,0.03706148366053857
-69.257683,200,51.179985,0.0,0.25749943628774036
-97.34505,200,51.292889,0.0,0.5104887885057566
-73.354781,200,51.40642,0.0,0.3631183894128078
-133.481356,200,51.901128,0.0,0.7742104602912252
-4.447942,28,51.92413,1.0,0.04688506823748549
-116.340042,200,52.053425,0.0,0.5985622335725251
-98.514433,200,52.183669,0.0,0.5272627180774682
-88.414665,200,52.305404,0.0,0.5259498289822635
-63.426678,200,52.425505,0.0,0.2523280556574658
-106.078245,200,52.55203,0.0,0.5364826071647009
-96.679657,200,52.672061,0.0,0.4919125769312986
-96.842283,200,52.792587,0.0,0.7370907295411638
-84.794387,200,52.912107,0.0,0.500962433043171
-110.640411,200,53.03264,0.0,0.6676273860016818
-121.785725,200,53.472704,0.0,0.7549420685795499
-114.951087,200,53.596219,0.0,0.6536196582346334
-89.447958,200,53.729713,0.0,0.39919000468785604
-105.393765,200,53.85123,0.0,0.652410630565996
-137.057773,200,53.969266,0.0,0.8080496138270185
-111.343101,200,54.088317,0.0,0.7367902200863683
-87.099931,200,54.224838,0.0,0.38120070213949453
-2.61803,10,54.232838,1.0,0.04378076595813838
-98.247935,200,54.353871,0.0,0.45144665158975766
-71.736952,200,54.481889,0.0,0.26877363598286
-78.708498,200,54.617422,0.0,0.3983595158681246
-6.915176,20,54.633425,1.0,0.04114972941209322
-76.163698,200,55.137295,0.0,0.2885305684360461
-136.844456,200,55.282345,0.0,0.8158333815539862
-97.344163,200,55.40289,0.0,0.43157302369302236
-91.933761,200,55.520466,0.0,0.48714784535700695
-83.924021,200,55.642753,0.0,0.35362720835368616
-126.581116,200,55.762801,0.0,0.7216121302589866
-95.772232,200,55.880324,0.0,0.4055657728374141
-23.683719,53,55.913324,1.0,0.02736185066369799
-108.504767,200,56.029847,0.0,0.6228525395248329
-153.186584,200,56.146354,0.0,0.8575798085096198
-114.280222,200,56.263622,0.0,0.6974272960387143
-144.012644,200,56.72769,0.0,0.9024351554460952
-112.919716,200,56.863721,0.0,0.7237388445666971
-114.768963,200,56.982243,0.0,0.7376800640843125
-95.247822,200,57.101281,0.0,0.4867698394175253
-27.482944,56,57.136281,1.0,0.01678126840322235
-156.391729,200,57.263152,0.0,0.8863689552001305
-97.298464,200,57.389661,0.0,0.5928884601625966
-96.272348,200,57.513173,0.0,0.5155010654603133
-50.937159,200,57.62469,0.0,0.1427455210968176
-5.38291,17,57.635689,1.0,0.0470967715435665
-96.933686,200,57.755382,0.0,0.4690731930068684
-116.610917,200,57.86953,0.0,0.5363854435768849
-84.587125,200,58.298608,0.0,0.36070864725550267
-105.729512,200,58.428118,0.0,0.5310498564440436
-125.278203,200,58.544051,0.0,0.7763117559600009
-136.792997,200,58.660108,0.0,0.7057398391508827
-0.047908,1,58.661117,1.0,0.0478125901248728
-25.008262,56,58.695116,1.0,0.04521631460814329
-110.12807,200,58.813632,0.0,0.4742890412268687
-62.582108,200,58.927154,0.0,0.22941714863028337
-0.020026,1,58.92915,1.0,0.019884795508721315
-124.129983,200,59.041677,0.0,0.7472349584256188
-3.319545,13,59.05071,1.0,0.03248834686271388
-98.234895,200,59.161656,0.0,0.4792999584831843
-74.366975,200,59.274188,0.0,0.3268604704301242
-123.317684,200,59.38771,0.0,0.7746409554639818
-117.915575,200,59.808762,0.0,0.6701975361472547
-98.087219,200,59.936776,0.0,0.5987875368469013
-0.038078,1,59.938775,1.0,0.03793685472134286
-100.76754,200,60.063799,0.0,0.589619182203643
-95.102742,200,60.188765,0.0,0.5736670271074482
-75.866523,200,60.314278,0.0,0.2956733023013912
-28.033443,62,60.352279,1.0,0.033228357666481224
-99.668191,200,60.467064,0.0,0.5700560704062128
-140.952418,200,60.581798,0.0,0.8132205568973901
-121.611149,200,60.699317,0.0,0.733770069324498
-111.22804,200,60.813873,0.0,0.5011039733979072
-110.821703,200,61.203336,0.0,0.6297173171621014
-97.934174,200,61.351411,0.0,0.5419195937905948
-109.087585,200,61.472434,0.0,0.6746443015044098
-24.279341,47,61.500436,1.0,0.049350251494327195
-78.758954,200,61.613442,0.0,0.3191430726274592
-108.242008,200,61.727975,0.0,0.4769391230216741
-130.089518,200,61.846568,0.0,0.6693916213398363
-0.12906,2,61.848572,1.0,0.03373990447781666
-0.124246,2,61.850568,1.0,0.017944644482797
-119.370812,200,61.9686,0.0,0.6331395795731279
-79.362356,200,62.080181,0.0,0.4132031506710327
-130.098446,200,62.192726,0.0,0.8484103197121238
-104.447577,200,62.30527,0.0,0.628324747415873
-115.569327,200,62.72099,0.0,0.6624797758467469
-110.101523,200,62.870033,0.0,0.5776050470438143
-49.862574,83,62.926034,1.0,0.04821491169962608
-78.175663,200,63.051308,0.0,0.34868051882396356
-0.033999,1,63.054308,1.0,0.03385715271886746
-0.670123,4,63.057309,1.0,0.04897438815018791
-3.669063,21,63.06982,1.0,0.03592101321349543
-125.581573,200,63.186995,0.0,0.6986812832849365
-0.365787,3,63.19,1.0,0.03380210717571907
-101.967597,200,63.307165,0.0,0.45799545686040216
-91.595141,200,63.423713,0.0,0.4778610465062431
-1.554128,7,63.428717,1.0,0.02099532727929392
-107.83808,200,63.543257,0.0,0.6829809818179581
-31.613687,56,63.576834,1.0,0.04885048328701886
-55.899352,200,63.689347,0.0,0.1456295129426589
-111.970853,200,63.801877,0.0,0.7181788171822229
-113.291363,200,63.915423,0.0,0.7433359675937036
-59.322064,200,64.360302,0.0,0.2260843605368352
-125.436185,200,64.488336,0.0,0.8249282657717645
-92.956225,200,64.604878,0.0,0.4666986499583128
-89.7454,200,64.72135,0.0,0.39864485493955437
-59.08288,200,64.84187,0.0,0.18041332521016354
-115.855105,200,64.9574,0.0,0.7217346945316041
-100.407197,200,65.071447,0.0,0.5893886950196342
-92.236917,200,65.183966,0.0,0.4650837258198535
-97.764351,200,65.295622,0.0,0.5308299411593662
-118.369919,200,65.412952,0.0,0.6573768675600191
-14.169561,36,65.435954,1.0,0.047592704585724295
-126.479169,200,65.91487,0.0,0.842667686561235
-89.401848,200,66.047006,0.0,0.42212056556095995
-121.368209,200,66.175622,0.0,0.7748010972159686
-148.238898,200,66.299166,0.0,0.7952789535208625
-74.928776,200,66.42066,0.0,0.42079153462728364
-76.153096,200,66.536181,0.0,0.39045209047340307
-78.172496,200,66.650677,0.0,0.3409283748161311
-79.731117,200,66.770782,0.0,0.40822323838883867
-2.662063,9,66.776779,1.0,0.029911830030523237
-90.276171,200,66.891309,0.0,0.41592055463861527
-38.485741,68,66.929311,1.0,0.030888951753953627
-118.727308,200,67.041822,0.0,0.888079484896035
-86.300035,200,67.476937,0.0,0.44341071674378907
-20.538608,51,67.513937,1.0,0.03436976355840447
-83.530384,200,67.640702,0.0,0.32689239578867896
-0.366501,3,67.642695,1.0,0.01435961630373312
-129.041407,200,67.755242,0.0,0.8493696459696295
-75.147793,200,67.868299,0.0,0.33471318368033826
-89.628364,200,67.984882,0.0,0.4977189499419098
-160.520171,200,68.098186,0.0,0.92339034394112
-99.08434,200,68.232715,0.0,0.5583540867514187
-102.549674,200,68.357254,0.0,0.3559137616526165
-14.508255,25,68.372732,1.0,0.022299570294346645
-87.316595,200,68.500232,0.0,0.3844381922254643
-110.333246,200,68.623243,0.0,0.6326240675237791
-44.44363,72,68.964186,1.0,0.0473947022997146
-120.9302,200,69.108205,0.0,0.7009302428163314
-104.284978,200,69.230703,0.0,0.4370808826026371
-89.025857,200,69.34926,0.0,0.46098622547921836
-107.606036,200,69.46348,0.0,0.7170155969896994
-135.308132,200,69.577546,0.0,0.832001221817005
-136.945638,200,69.691126,0.0,0.779446591933648
-83.624822,200,69.803613,0.0,0.29951864936079203
-26.370973,54,69.834612,1.0,0.043659307204016916
-1.770657,9,69.84063,1.0,0.04739304346074082
-74.369911,200,69.954134,0.0,0.24279063245148064
-87.557546,200,70.067181,0.0,0.3767266022041414
-114.297763,200,70.453748,0.0,0.7161151892745277
-101.358005,200,70.574768,0.0,0.5661592589435905
-78.880742,200,70.688963,0.0,0.4107180980155737
-74.84158,200,70.804458,0.0,0.31610636522202473
-73.068229,200,70.922962,0.0,0.37759951933065683
-88.379412,200,71.046558,0.0,0.5119116991729346
-83.984551,200,71.173604,0.0,0.39103882230907094
-77.697373,200,71.292113,0.0,0.4055449644842245
-129.134044,200,71.409805,0.0,0.7672455507113918
-6.553361,20,71.424712,1.0,0.023280483395843345
-1.211487,12,71.432436,1.0,0.0498383561972718
-6.983073,19,71.443341,1.0,0.04857539708991481
-99.686406,200,71.560604,0.0,0.5489349502500664
-156.050949,200,71.981711,0.0,0.9111978700967528
-69.754563,200,72.119123,0.0,0.3549786737706387
-6.3678,17,72.12912,1.0,0.014514898776045228
-87.605514,200,72.25066,0.0,0.47625671006271136
-66.674161,200,72.368677,0.0,0.3400687143426998
-87.007324,200,72.489225,0.0,0.4824719827357636
-89.964511,200,72.597755,0.0,0.5127410535107908
-68.60067,200,72.713268,0.0,0.16557663622338342
-26.586986,52,72.74247,1.0,0.03949399433610464
-5.784429,32,72.759476,1.0,0.04703108415007205
-79.020565,200,72.870527,0.0,0.22618705168143646
-93.293269,200,72.985044,0.0,0.5403714726093767
-101.044699,200,73.100564,0.0,0.5880321376924976
-140.513164,200,73.546479,0.0,0.8750431784804023
-127.333407,200,73.676541,0.0,0.7601284443789028
-5.081429,15,73.687524,1.0,0.03990621058579114
-100.888447,200,73.817069,0.0,0.5117793315371264
-89.778928,200,73.943591,0.0,0.49303756972373697
-158.265568,200,74.062386,0.0,0.8825445175059057
-112.605132,200,74.185467,0.0,0.6092206820295998
-92.245426,200,74.300192,0.0,0.4839938275682916
-20.251389,46,74.326198,1.0,0.049847839673691684
-94.799943,200,74.43969,0.0,0.4774274694776406
-12.353685,31,74.457723,1.0,0.04382382614091054
-111.352157,200,74.572761,0.0,0.5979287548166534
-0.468753,3,74.575761,1.0,0.046099339349476166
-137.584662,200,74.688299,0.0,0.8213100294007459
-22.284924,52,75.020767,1.0,0.04720106364932721
-98.594245,200,75.144281,0.0,0.5815698989297106
-124.169989,200,75.268326,0.0,0.6795511683795517
-64.140592,200,75.383849,0.0,0.26755106036449045
-85.774776,200,75.49937,0.0,0.4457598930211313
-103.268024,200,75.611819,0.0,0.6672134873287247
-73.217462,200,75.724409,0.0,0.313169588236083
-118.436902,200,75.8379,0.0,0.6916422713034011
-95.682179,200,75.952441,0.0,0.5672650766059282
-80.826725,200,76.064895,0.0,0.314703050426233
-103.367235,200,76.176972,0.0,0.5639476291484679
-29.855366,33,76.518239,1.0,0.04165287780481767
-105.348478,200,76.670217,0.0,0.4845090828691491
-70.339826,200,76.796736,0.0,0.3291379249580305
-96.135546,200,76.916209,0.0,0.4665427930485133
-84.488645,200,77.035669,0.0,0.44140405216296175
-91.479286,200,77.153871,0.0,0.4141694485952496
-85.517046,200,77.268427,0.0,0.45806559214376225
-145.261532,200,77.382391,0.0,0.8684693966308379
-89.0963,200,77.494861,0.0,0.40782388793577573
-98.185832,200,77.61073,0.0,0.4924393095277569
-85.390252,200,77.720276,0.0,0.4612727415259789
-130.45815,200,78.128412,0.0,0.7607437770264308
-71.475173,200,78.260977,0.0,0.3880400940283729
-20.027051,43,78.287467,1.0,0.04345493570411394
-79.811486,200,78.403049,0.0,0.3964130798853998
-11.193331,47,78.431065,1.0,0.047845176110590734
-27.418243,48,78.460039,1.0,0.03883262680231824
-118.702488,200,78.575074,0.0,0.7144913513112241
-130.486838,200,78.688575,0.0,0.7577187593467779
-113.387241,200,78.804127,0.0,0.6350007710382999
-48.70624,200,78.915051,0.0,0.19101772421952193
-15.742041,36,78.943305,1.0,0.041114260830884854
-92.794158,200,79.055838,0.0,0.507177858303466
-102.261555,200,79.174918,0.0,0.6074069947063901
-118.422329,200,79.650512,0.0,0.7105369552630959
-20.75863,31,79.6762,1.0,0.04475525722163252
-48.632039,77,79.726918,1.0,0.03209818444990641
-95.170399,200,79.844021,0.0,0.5796013719670441
-0.025813,1,79.846024,1.0,0.025671660989772613
-94.678361,200,79.961194,0.0,0.5727309469922846
-152.211804,200,80.078156,0.0,0.8560695538254735
-71.100147,200,80.191686,0.0,0.3369952635297863
-133.129654,200,80.304923,0.0,0.8194311900617277
-0.694179,4,80.307939,1.0,0.04333485050142912
-62.883835,200,80.420444,0.0,0.2217792542473944
-0.146687,2,80.422477,1.0,0.03442073072759112
-113.922484,200,80.534996,0.0,0.6581194796544397
-1.34779,6,80.538999,1.0,0.022640161167609966
-1.600106,19,80.552001,1.0,0.04486544845897166
-14.468759,42,80.575516,1.0,0.03933849049450015
-103.660956,200,80.690991,0.0,0.6425197950055607
-85.160351,200,81.076084,0.0,0.43423801706219495
-155.806177,200,81.210598,0.0,0.8745312770572169
-85.708353,200,81.336139,0.0,0.4711731772342173
-68.394904,200,81.449682,0.0,0.35890287331156595
-7.657357,22,81.46269,1.0,0.03713471796379548
-13.874094,30,81.480192,1.0,0.042578494182178975
-117.463272,200,81.597708,0.0,0.7253983621154491
-130.087324,200,81.712874,0.0,0.7603058757547643
-18.951114,45,81.738875,1.0,0.046395260316618385
-146.080263,200,81.852363,0.0,0.7621255731644996
-114.613515,200,81.966546,0.0,0.649113518282708
-5.655774,30,81.985039,1.0,0.034543528837222656
-8.238271,41,82.01104,1.0,0.01326013705263124
-90.378703,200,82.137012,0.0,0.5021015384278688
-88.814508,200,82.265604,0.0,0.5027716743593972
-6.43574,19,82.277113,1.0,0.04319168747822724
-70.704046,200,82.720032,0.0,0.18954126641137337
-108.580811,200,82.848572,0.0,0.6020449568932065
-117.694872,200,82.965137,0.0,0.6691458878663489
-147.689512,200,83.080095,0.0,0.865214426497796
-105.223581,200,83.194661,0.0,0.5661681806301878
-99.415379,200,83.305118,0.0,0.48990092490138043
-0.558264,4,83.308147,1.0,0.045074681821817314
-131.720747,200,83.422645,0.0,0.7494996041692015
-122.286864,200,83.536132,0.0,0.7236951966828321
-4.207908,15,83.546133,1.0,0.03360443717434459
-131.151559,200,83.655652,0.0,0.8546985418315095
-88.720624,200,83.769938,0.0,0.4927111770645866
-75.249402,200,84.207467,0.0,0.4108373722082181
-18.051633,43,84.240469,1.0,0.04768979693127554
-101.934951,200,84.364037,0.0,0.5675109869361961
-113.809773,200,84.47957,0.0,0.6633122006560782
-164.407657,200,84.595165,0.0,0.9357229217527807
-81.938016,200,84.714676,0.0,0.4171948581124916
-125.494836,200,84.838204,0.0,0.7000388128429572
-97.857843,200,84.961689,0.0,0.6085017869374097
-7.786354,35,84.9822,1.0,0.0468581457070588
-170.193779,200,85.099723,0.0,0.9097766063124609
-113.678126,200,85.218803,0.0,0.6445339250154336
-2.230347,8,85.223803,1.0,0.038744304048905144
-125.544359,200,85.338501,0.0,0.7341204768729936
-25.932346,45,85.686577,1.0,0.03817594375067948
-64.905714,200,85.830926,0.0,0.27157143236095427
-93.215121,200,85.952455,0.0,0.5197395038780346
-139.576638,200,86.070999,0.0,0.8471308605354396
-100.107831,200,86.184061,0.0,0.5877877806279594
-86.866383,200,86.296614,0.0,0.49304978933114735
-118.198483,200,86.410077,0.0,0.6531597848152212
-62.772217,200,86.522639,0.0,0.31194943846160084
-139.662266,200,86.635175,0.0,0.8372358574910466
-6.435706,27,86.653175,1.0,0.04596667804115982
-105.309795,200,86.768694,0.0,0.5756362087734958
-0.045562,1,86.769695,1.0,0.04542097881830588
-103.059564,200,87.168845,0.0,0.5528414696289686
-82.150439,200,87.297873,0.0,0.4437876493809714
-10.916567,30,87.319872,1.0,0.049107531661163155
-6.447765,30,87.344875,1.0,0.04701067805964584
-81.94955,200,87.473874,0.0,0.41767358013532463
-13.570011,49,87.506876,1.0,0.0457738053384855
-77.858947,200,87.633397,0.0,0.36516049932559813
-12.598579,24,87.648398,1.0,0.047580729614611975
-99.445124,200,87.773165,0.0,0.638160802425984
-88.030406,200,87.900386,0.0,0.4808849511360345
-71.276564,200,88.012669,0.0,0.34130654819616196
-19.763949,36,88.033672,1.0,0.03403141308067089
-83.935069,200,88.143848,0.0,0.4251637539153222
-135.298218,200,88.256408,0.0,0.7926535219257365
-77.070762,200,88.366907,0.0,0.39654166671527563
-89.176886,200,88.776204,0.0,0.4524747909281227
-172.645403,200,88.897738,0.0,0.967402263410777
-123.768918,200,89.015262,0.0,0.7382763303153058
-27.345579,52,89.046285,1.0,0.02766926645220664
-123.641299,200,89.161791,0.0,0.7624474625114426
-101.595821,200,89.2769,0.0,0.5592930272933472
-11.505086,38,89.298861,1.0,0.048667834776765645
-115.592152,200,89.409416,0.0,0.6126686723470339
-96.603704,200,89.522959,0.0,0.5581634568873833
-129.067287,200,89.634509,0.0,0.6585007898033465
-155.678026,200,89.749031,0.0,0.902031033093327
-117.450574,200,89.862072,0.0,0.7962751721801288
-150.753906,200,90.333699,0.0,0.8683347565217912
-18.54624,26,90.357694,1.0,0.043856435100466905
-63.240293,200,90.493764,0.0,0.22636108994256615
-100.417739,200,90.617996,0.0,0.5461309160030007
-84.900778,200,90.737037,0.0,0.4543449817071958
-116.028753,200,90.848711,0.0,0.5736442117851683
-19.687072,41,90.87272,1.0,0.04607248417728906
-121.988252,200,90.986284,0.0,0.6140142483065544
-85.339783,200,91.098737,0.0,0.37417732754277505
-102.545024,200,91.214638,0.0,0.6019853880320944
-15.532251,43,91.240633,1.0,0.04323940572454749
-20.216664,55,91.271638,1.0,0.02544085782880908
-34.868872,70,91.31315,1.0,0.03802441675080179
-38.887705,64,91.349152,1.0,0.047558469974129554
-112.880855,200,91.767247,0.0,0.7251396601006385
-19.393003,51,91.804758,1.0,0.03612341803234269
-171.004891,200,91.928277,0.0,0.9072945830325271
-6.490579,15,91.940275,1.0,0.04121016320581816
-106.81425,200,92.06175,0.0,0.6525586912187862
-171.507797,200,92.177776,0.0,0.882816910140722
-149.408528,200,92.291319,0.0,0.8373521884804961
-146.038439,200,92.406828,0.0,0.867979744465427
-97.95306,200,92.520665,0.0,0.6120248334474645
-96.522122,200,92.63424,0.0,0.5601338237552193
-116.784356,200,92.746727,0.0,0.6540974103596752
-58.663372,200,92.86004,0.0,0.24610729859951883
-108.006289,200,93.324632,0.0,0.6120581536764476
-43.147943,200,93.480896,0.0,0.13879978854705163
-114.351666,200,93.60687,0.0,0.6253219143337849
-15.092502,41,93.631846,1.0,0.049600700389690805
-137.35041,200,93.746383,0.0,0.8529520365564865
-108.904834,200,93.86095,0.0,0.6054849850390607
-3.365941,15,93.870955,1.0,0.044288798926737864
-59.545625,200,93.984248,0.0,0.24584942864872047
-153.464539,200,94.096794,0.0,0.8522069154500406
-60.674328,200,94.210309,0.0,0.239331137017793
-26.416866,39,94.233309,1.0,0.045769524683014096
-16.405084,43,94.260312,1.0,0.03286634627591154
-141.686203,200,94.371838,0.0,0.8411391794387042
-22.369922,42,94.39735,1.0,0.028137498289005275
-0.11057,2,94.399363,1.0,0.04554085196774255
-121.413278,200,94.511878,0.0,0.733943327097252
-27.764705,49,94.849411,1.0,0.02643823185762256
-36.756811,68,94.89392,1.0,0.04418966634686473
-86.374303,200,95.019445,0.0,0.5022516916555355
-124.763831,200,95.138976,0.0,0.6942722641575795
-70.37107,200,95.253527,0.0,0.37696002165303566
-76.919974,200,95.370034,0.0,0.42472165586408195
-19.692854,32,95.389186,1.0,0.04779074375080654
-90.043903,200,95.498666,0.0,0.4933668107866954
-94.490457,200,95.612188,0.0,0.5240733061105736
-62.02769,200,95.728673,0.0,0.2874737730571737
-5.731197,19,95.741672,1.0,0.04687773145109809
-138.394107,200,95.867263,0.0,0.8460585100169368
-79.56942,200,95.998807,0.0,0.37251765790514363
-4.679146,25,96.013805,1.0,0.04592458977272136
-24.797949,43,96.041233,1.0,0.04403509816865109
-137.586213,200,96.515889,0.0,0.7881755530742437
-93.877199,200,96.666193,0.0,0.49996031253557893
-14.728922,33,96.685704,1.0,0.049766798396708854
-7.419884,29,96.703704,1.0,0.04711964110962767
-60.396326,200,96.820311,0.0,0.23417810611662057
-99.427654,200,96.936818,0.0,0.5851328870050163
-154.25365,200,97.049309,0.0,0.8217797782132149
-3.460284,13,97.057295,1.0,0.041876301478935014
-92.415432,200,97.169849,0.0,0.5245814168744695
-6.348569,18,97.180346,1.0,0.0014637086667722637
-97.733118,200,97.294899,0.0,0.5688393312474207
-148.121954,200,97.41248,0.0,0.9096148056593507
-93.123841,200,97.52198,0.0,0.560407005878375
-18.194534,50,97.55098,1.0,0.03927516901643464
-26.128607,54,97.580436,1.0,0.042513844776924825
-86.439516,200,97.977181,0.0,0.43763388166676437
-62.945999,200,98.109327,0.0,0.2590319001064541
-69.059091,200,98.22887,0.0,0.25023428549848686
-3.475517,12,98.23687,1.0,0.0421765576916903
-172.936114,200,98.35442,0.0,0.9730453137556581
-80.405987,200,98.475236,0.0,0.3301993708724371
-6.445017,18,98.486752,1.0,0.03396778906181561
-109.639713,200,98.611265,0.0,0.6374091130720086
-80.381704,200,98.735788,0.0,0.4517891161557463
-0.34153,3,98.738787,1.0,0.03612483484581747
-85.938704,200,98.857296,0.0,0.46678070246738324
-0.047847,1,98.858294,1.0,0.04770548784118976
-126.395349,200,98.976359,0.0,0.754279103204993
-126.092936,200,99.094998,0.0,0.7280769955135848
-140.309506,200,99.573449,0.0,0.8146365107050081
-110.67825,200,99.73048,0.0,0.6183289648037026
-76.747111,200,99.867014,0.0,0.4354328668385196
-70.22514,200,100.001972,0.0,0.2623944236841828
-63.599388,200,100.12513,0.0,0.25791215415251995
-122.640839,200,100.250656,0.0,0.7439273778424267
-98.183477,200,100.376176,0.0,0.4689660697125634
-7.643009,32,100.39669,1.0,0.02936348358732068
-85.920545,200,100.53621,0.0,0.5025584182616344
-23.996076,32,100.558208,1.0,0.028123686100572445
-115.447621,200,100.68625,0.0,0.701538994523645
-1.182371,6,100.691255,1.0,0.04335297007530177
-138.890862,200,100.812138,0.0,0.8232932892813836
-87.130509,200,101.324499,0.0,0.35688990099860934
-88.747264,200,101.494501,0.0,0.4722173198656766
-73.29203,200,101.620014,0.0,0.38884892046873865
-0.613428,4,101.623019,1.0,0.037065536387467464
-19.749133,45,101.651015,1.0,0.044782697146606175
-158.313816,200,101.767784,0.0,0.9088168371698709
-115.498377,200,101.891024,0.0,0.7045748235250237
-92.131978,200,102.012148,0.0,0.4490294979023282
-116.894416,200,102.130702,0.0,0.7005817235328068
-113.711771,200,102.243236,0.0,0.5838001439508685
-64.989494,200,102.358785,0.0,0.3200687466680676
-11.800218,40,102.388313,1.0,0.040450481223855986
-113.054941,200,102.503833,0.0,0.6147209401763449
-113.737234,200,102.949991,0.0,0.717475912227245
-138.92085,200,103.086553,0.0,0.8073615077284206
-21.398864,43,103.112551,1.0,0.022444013735823488
-4.239063,18,103.124551,1.0,0.03372280116402119
-21.579717,42,103.149551,1.0,0.048393445104091784
-10.245214,28,103.166557,1.0,0.03697491857768913
-55.767602,200,103.281143,0.0,0.20635435757724988
-117.629859,200,103.393674,0.0,0.6922543104611714
-10.081232,31,103.411673,1.0,0.04926682317870455
-74.508649,200,103.526484,0.0,0.3419991360544162
-101.77386,200,103.637002,0.0,0.49440151331496923
-7.414168,32,103.65598,1.0,0.03229101800858215
-10.456115,33,103.674986,1.0,0.03998826669464544
-86.482638,200,103.786057,0.0,0.4414613372882071
-9.468352,33,103.80406,1.0,0.04014642381004191
-90.803444,200,103.916609,0.0,0.4840685761420888
-101.314899,200,104.034786,0.0,0.5857969566811014
-8.860357,23,104.048785,1.0,0.03620204344921213
-127.373871,200,104.547887,0.0,0.7733341472232911
-65.26296,200,104.675038,0.0,0.2386161235098212
-5.470527,21,104.687536,1.0,0.027236154140063685
-152.125395,200,104.800241,0.0,0.821823042510551
-79.439615,200,104.915709,0.0,0.4413178723588926
-12.163746,21,104.928712,1.0,0.041759066647909994
-6.722361,25,104.942713,1.0,0.0439913646903459
-98.967758,200,105.055243,0.0,0.5101125926226411
-21.329238,53,105.085763,1.0,0.03548434621365635
-128.045642,200,105.198318,0.0,0.6961476697610303
-14.090536,35,105.219318,1.0,0.04681927016999974
-71.368805,200,105.332802,0.0,0.26072049508484607
-20.35691,45,105.359813,1.0,0.04015954927160997
-70.463629,200,105.472331,0.0,0.361742657371358
-141.076569,200,105.58738,0.0,0.7320560214811662
-146.582633,200,106.158352,0.0,0.8038680169153044
-18.383985,44,106.200457,1.0,0.03764384725219681
-121.671684,200,106.327932,0.0,0.7490953434484754
-164.756268,200,106.448459,0.0,0.8428456386474241
-136.437296,200,106.565016,0.0,0.8077526509436955
-163.28496,200,106.687105,0.0,0.9239748789518466
-27.335618,56,106.723103,1.0,0.04948215465884823
-21.351952,43,106.749104,1.0,0.04943314269009489
-70.572371,200,106.877695,0.0,0.3680891078156159
-89.886555,200,107.006235,0.0,0.5094846667388784
-95.955869,200,107.126759,0.0,0.47789069162955994
-0.138641,2,107.128755,1.0,0.006140042344070608
-14.751959,42,107.154755,1.0,0.027059804737902652
-25.976597,57,107.188269,1.0,0.048836027656212894
-119.271921,200,107.305573,0.0,0.6224476549153647
-165.76168,200,107.736881,0.0,0.9573048112931307
-91.029284,200,107.863215,0.0,0.5196734730920464
-81.554243,200,107.9832,0.0,0.4073280958466644
-126.795193,200,108.099573,0.0,0.7729632849449177
-98.293297,200,108.21112,0.0,0.4385534191705332
-129.29691,200,108.325648,0.0,0.7544877728917867
-9.926761,39,108.347647,1.0,0.04089048068117698
-161.473661,200,108.464172,0.0,0.8931697214388263
-0.215504,2,108.465171,1.0,0.0460270465869879
-74.684702,200,108.576718,0.0,0.41167324399075245
-120.83235,200,108.690738,0.0,0.7024511791657576
-32.956511,51,108.723741,1.0,0.04858396911624245
-90.383291,200,108.83724,0.0,0.47126496508562293
-0.847486,4,108.84024,1.0,0.046605703079349366
-83.0767,200,109.282902,0.0,0.41845005547468517
-10.518574,40,109.313914,1.0,0.030280075393137526
-128.07004,200,109.433904,0.0,0.7601128676769199
-79.968428,200,109.557605,0.0,0.4412911899392695
-117.392464,200,109.684712,0.0,0.6017952469078862
-20.915138,56,109.720731,1.0,0.04475975375932686
-85.228302,200,109.842231,0.0,0.4516792060826981
-154.971834,200,109.95718,0.0,0.9484771727077606
-19.319827,31,109.977888,1.0,0.04565810779310796
-15.315432,41,110.001604,1.0,0.026213996402845767
-60.59466,200,110.117263,0.0,0.2255131735587865
-121.718478,200,110.228733,0.0,0.7812870159132159
-70.769131,200,110.342271,0.0,0.3296961436305357
-129.585134,200,110.758366,0.0,0.7627203123048931
-92.389264,200,110.905977,0.0,0.4462363732368133
-16.606691,48,110.934999,1.0,0.049516610575917865
-130.165355,200,111.0535,0.0,0.7886643916556643
-148.240299,200,111.167989,0.0,0.8730636964370622
-69.730735,200,111.282518,0.0,0.29482636555894937
-95.946106,200,111.398566,0.0,0.5702365113983172
-62.886229,200,111.511957,0.0,0.23078384983432543
-73.773853,200,111.624516,0.0,0.39161895163864513
-18.940282,30,111.642516,1.0,0.046082170342489515
-135.135775,200,111.755,0.0,0.812065470857209
-98.033143,200,111.865517,0.0,0.5758535991273531
-128.953445,200,112.306297,0.0,0.7543513268604546
-103.495745,200,112.439816,0.0,0.6236768322311251
-102.735526,200,112.572433,0.0,0.5011281387794292
-7.346931,26,112.588578,1.0,0.04819502561338829
-59.92869,200,112.709102,0.0,0.2579154415761567
-84.696812,200,112.83345,0.0,0.3999842765743153
-61.511856,200,112.951262,0.0,0.2990929281357959
-109.098794,200,113.071809,0.0,0.5865353208838633
-128.991714,200,113.185807,0.0,0.834763055738111
-50.482391,200,113.296345,0.0,0.2209920051694645
-17.783105,35,113.317333,1.0,0.0329435453092159
-3.535945,15,113.326314,1.0,0.042233786903725055
-7.552048,16,113.335314,1.0,0.03935166778404252
-97.01449,200,113.449829,0.0,0.5470387483257885
-2.663962,9,113.45583,1.0,0.030288919291468593
-101.621193,200,113.885438,0.0,0.5200434519865588
-15.927874,31,113.911458,1.0,0.03704746204829041
-144.584921,200,114.037986,0.0,0.8584132733395272
-125.328894,200,114.150479,0.0,0.7304606890843208
-118.143886,200,114.265999,0.0,0.6228994701051526
-118.340745,200,114.377599,0.0,0.6426835979412242
-83.152439,200,114.490626,0.0,0.39527884853133666
-7.450856,25,114.506608,1.0,0.04942777176021698
-91.531635,200,114.624157,0.0,0.4461404723238234
-92.110251,200,114.736603,0.0,0.5078274864463288
-120.416253,200,114.849124,0.0,0.7166877539512325
-17.017378,50,114.878127,1.0,0.029861110749401478
-23.1677,51,114.907669,1.0,0.03813765465351328
-90.37212,200,115.357365,0.0,0.5265276330384989
-25.771816,46,115.38537,1.0,0.0393007840906286
-129.948224,200,115.535385,0.0,0.7701022987583306
-101.076941,200,115.653827,0.0,0.5710268015257304
-76.077686,200,115.770912,0.0,0.41368058864022406
-73.40268,200,115.884429,0.0,0.3715976026053624
-87.466966,200,115.996407,0.0,0.5375859148789957
-92.856594,200,116.112958,0.0,0.4239696864872328
-113.081479,200,116.227479,0.0,0.708080757349825
-14.56745,48,116.255481,1.0,0.0498152239410029
-120.987985,200,116.368089,0.0,0.7635289779306317
-22.105246,44,116.393595,1.0,0.03847484925234056
-62.178352,200,116.506121,0.0,0.2392058702781073
-21.894333,29,116.818686,1.0,0.018850638966481714
-16.889284,43,116.850663,1.0,0.048498998631096156
-56.626167,200,117.000702,0.0,0.24168695416605815
-79.288127,200,117.118767,0.0,0.44975160627315053
-107.066813,200,117.235291,0.0,0.6539998379604187
-69.425771,200,117.349871,0.0,0.3751412351488532
-74.398801,200,117.460413,0.0,0.40223583637284493
-162.14903,200,117.572989,0.0,0.9428638725962164
-2.257449,9,117.57899,1.0,0.0381452182947237
-72.813377,200,117.690048,0.0,0.3030772613233612
-93.5767,200,117.808881,0.0,0.530726872015066
-8.830128,19,117.821884,1.0,0.027598896702928623
-15.338732,41,117.849883,1.0,0.02267551850540906
-53.263114,200,117.974417,0.0,0.18320354561490948
-80.039021,200,118.451911,0.0,0.4113602724848039
-62.924305,200,118.577425,0.0,0.26274279524532035
-91.984874,200,118.698009,0.0,0.5358564983400913
-8.87588,20,118.711009,1.0,0.03997145458475071
-103.848862,200,118.826612,0.0,0.6205264252177033
-80.560891,200,118.943101,0.0,0.46192975534636715
-3.475467,14,118.953103,1.0,0.027541047495677616
-119.008711,200,119.067242,0.0,0.6764127958501676
-135.435241,200,119.178295,0.0,0.7344685793520891
-83.935738,200,119.292645,0.0,0.47459112142551807
-156.539396,200,119.405699,0.0,0.9152341832800908
-84.921383,200,119.514193,0.0,0.49232178797753523
-73.016894,200,119.924446,0.0,0.3541582216392147
-11.161824,37,119.955453,1.0,0.04542631310743383
-104.666115,200,120.09047,0.0,0.6572692744903914
-142.428231,200,120.208993,0.0,0.8955465377370496
-13.814026,51,120.237025,1.0,0.04867150141585881
-13.332137,22,120.250997,1.0,0.006486747495620187
-9.394439,36,120.271996,1.0,0.04900391871059386
-95.436266,200,120.387035,0.0,0.5201052805610556
-93.169632,200,120.501566,0.0,0.5285780064866529
-69.301859,200,120.623092,0.0,0.34304422638754667
-143.921654,200,120.748599,0.0,0.8167306963423462
-100.340154,200,120.8701,0.0,0.5361850572083305
-18.412356,52,120.90457,1.0,0.026930474784717315
-6.190884,19,120.917571,1.0,0.0379587907106432
-144.988468,200,121.036871,0.0,0.8572336304114818
-133.334176,200,121.439064,0.0,0.7632231116394935
-0.513161,4,121.442061,1.0,0.026935969039694002
-94.68201,200,121.575589,0.0,0.5644816176546364
-61.128159,200,121.700656,0.0,0.2748954377648108
-19.050308,45,121.727623,1.0,0.04864554165741168
-11.184893,37,121.749626,1.0,0.029695709988903522
-57.624459,200,121.862099,0.0,0.09851734481821955
-66.768831,200,121.976626,0.0,0.3195243026820538
-58.485984,200,122.092535,0.0,0.2459004154835812
-3.129122,13,122.100537,1.0,0.032329576025786476
-100.18146,200,122.215993,0.0,0.5808388937973826
-102.653661,200,122.329507,0.0,0.6693319568932474
-96.983485,200,122.443259,0.0,0.5262667397505054
-0.164088,2,122.445267,1.0,0.02510403266258203
-121.050804,200,122.555815,0.0,0.7753444041152957
-103.624154,200,122.978974,0.0,0.616096021425926
-92.963701,200,123.113512,0.0,0.508295946497714
-5.987699,27,123.132517,1.0,0.03718929517489002
-156.464458,200,123.258473,0.0,0.9315224270600027
-131.336252,200,123.384017,0.0,0.7132118114160652
-19.967898,62,123.424467,1.0,0.044752291874431395
-72.568521,200,123.551043,0.0,0.3058510585621169
-87.683305,200,123.66551,0.0,0.46156847582777316
-89.341674,200,123.78427,0.0,0.46771547533405755
-60.216951,200,123.903983,0.0,0.2801908303199201
-93.357403,200,124.014504,0.0,0.5514226690160297
-123.361885,200,124.127024,0.0,0.6968318667054412
-3.256906,12,124.13402,1.0,0.047300258237088014
-19.324915,45,124.159021,1.0,0.04780187753932213
-109.365745,200,124.59161,0.0,0.5830861575314281
-32.406669,67,124.641608,1.0,0.040216530624753305
-6.130185,31,124.660612,1.0,0.027397769124257173
-92.257779,200,124.780165,0.0,0.5071409971856655
-166.979205,200,124.896205,0.0,0.9613914810294136
-0.736473,4,124.899208,1.0,0.037744423353337435
-13.883019,39,124.923208,1.0,0.0344491773671649
-95.64219,200,125.040757,0.0,0.5968661329142898
-131.894134,200,125.157306,0.0,0.8065284951867024
-54.627806,200,125.271707,0.0,0.08905429305503905
-101.631325,200,125.388744,0.0,0.6097548045843768
-55.711442,200,125.501277,0.0,0.1445313951723064
-149.231238,200,125.613806,0.0,0.8900425316791756
-5.267973,22,125.627834,1.0,0.04344501086596812
-15.692655,35,125.647804,1.0,0.0289472750676288
-88.552904,200,126.095592,0.0,0.47579062278022793
-174.326968,200,126.230105,0.0,0.9536062094857665
-113.723496,200,126.35459,0.0,0.6186568191814577
-61.24323,200,126.472468,0.0,0.2761080982919445
-77.590758,200,126.589433,0.0,0.45619468747767
-105.828879,200,126.703859,0.0,0.6621494246696743
-5.757057,17,126.713858,1.0,0.038021193152018046
-150.771005,200,126.840405,0.0,0.8486820528520647
-95.957449,200,126.965967,0.0,0.6635079663737604
-93.275787,200,127.080497,0.0,0.5646168555375595
-96.556301,200,127.195558,0.0,0.5595729927439357
-26.012418,72,127.239535,1.0,0.02980221746098482
-91.435619,200,127.677156,0.0,0.3456887907776435
-58.073289,200,127.81113,0.0,0.2350627955229953
-73.772775,200,127.928201,0.0,0.3778314592701541
-23.634088,58,127.963201,1.0,0.040460524879473866
-115.655999,200,128.07475,0.0,0.6778885646050492
-92.579426,200,128.186218,0.0,0.6227750284259561
-20.332902,40,128.2088,1.0,0.04351507790182407
-132.662381,200,128.324931,0.0,0.8265712029219482
-86.766543,200,128.438394,0.0,0.4547831190228904
-77.245815,200,128.551966,0.0,0.37771364137271635
-92.013385,200,128.665461,0.0,0.5461113652613555
-18.379832,50,128.695994,1.0,0.04890303913702406
-79.848176,200,129.153063,0.0,0.4127580369342245
-67.733795,200,129.307788,0.0,0.3271308009600668
-82.728597,200,129.426436,0.0,0.4423602004395091
-18.031558,53,129.456439,1.0,0.026055551353776296
-100.152273,200,129.57058,0.0,0.5517592399702154
-11.214807,37,129.593055,1.0,0.040241795665746614
-72.67511,200,129.705618,0.0,0.27588972574881165
-116.449767,200,129.820152,0.0,0.7104986424990316
-92.713128,200,129.931696,0.0,0.49804788911156944
-13.854867,35,129.952689,1.0,0.040298099690440126
-124.7604,200,130.067238,0.0,0.7739706167704055
-7.372063,36,130.08922,1.0,0.04402869531291993
-19.37923,48,130.117752,1.0,0.02687929182745974
-92.04894,200,130.232198,0.0,0.5506113350141014
-7.198295,24,130.245198,1.0,0.042048737931987976
-98.289171,200,130.671282,0.0,0.5612712095787725
-129.174509,200,130.813165,0.0,0.8508874916604787
-128.069479,200,130.935684,0.0,0.7456259636104061
-13.184763,40,130.958684,1.0,0.03347393041071011
-115.016912,200,131.07015,0.0,0.7265662404536168
-7.419506,32,131.089157,1.0,0.041900035528125885
-78.113772,200,131.203175,0.0,0.3436558501300316
-111.018155,200,131.319729,0.0,0.6505444229902829
-82.835061,200,131.434255,0.0,0.4415404401641902
-6.756741,38,131.45658,1.0,0.04464907250401532
-81.113371,200,131.578178,0.0,0.45857978058114574
-4.004296,19,131.591695,1.0,0.04276227389007392
-75.925026,200,131.715173,0.0,0.36061841940118
-116.758659,200,131.848211,0.0,0.6925430457104651
-118.935821,200,132.277365,0.0,0.7414229516094725
-63.071691,200,132.411414,0.0,0.29581686263043727
-8.24158,22,132.425422,1.0,0.03898186324596881
-78.491911,200,132.545974,0.0,0.41544107414012926
-104.741135,200,132.663459,0.0,0.628649741601123
-97.070512,200,132.778994,0.0,0.5954583088075608
-74.115898,200,132.89253,0.0,0.33558182622241706
-9.98499,33,132.911534,1.0,0.04136153214546608
-124.121332,200,133.025078,0.0,0.6867266992048626
-150.119052,200,133.138607,0.0,0.8908004825248492
-15.241473,42,133.163614,1.0,0.04295260377079978
-58.806714,200,133.277133,0.0,0.27517041136338216
-126.378267,200,133.39164,0.0,0.7650584652263421
-34.075315,70,133.724585,1.0,0.045176930678789314
-92.694593,200,133.8611,0.0,0.5690760118289052
-75.745512,200,133.981659,0.0,0.3433158579985369
-74.895072,200,134.099722,0.0,0.39778586914978425
-55.354073,200,134.218023,0.0,0.17505705020753481
-146.786659,200,134.342487,0.0,0.8182156241557496
-109.631326,200,134.47004,0.0,0.6338223903527714
-10.100542,20,134.484046,1.0,0.04195801362465512
-109.512106,200,134.603026,0.0,0.6583280574431546
-57.632813,200,134.716774,0.0,0.2653735441186841
-81.751667,200,134.830129,0.0,0.4412073508349304
-82.353318,200,135.214773,0.0,0.4827899192433995
-117.682869,200,135.345294,0.0,0.614036865931766
-94.434283,200,135.469762,0.0,0.5646988762214487
-109.451056,200,135.5863,0.0,0.6841442160670342
-0.578375,4,135.589303,1.0,0.03757228899119237
-140.960534,200,135.704348,0.0,0.8670364061901978
-1.162288,6,135.708366,1.0,0.03215468556873546
-3.249178,28,135.725348,1.0,0.04517677827222119
-76.733469,200,135.839823,0.0,0.35233868637145754
-102.42145,200,135.952343,0.0,0.68858411327671
-0.379881,3,135.955373,1.0,0.04001020067463879
-24.941179,47,135.981354,1.0,0.04449849436321159
-93.514295,200,136.094407,0.0,0.5282727320348449
-67.307774,200,136.208508,0.0,0.3793742808029098
-7.595991,35,136.227509,1.0,0.031715369658280645
-82.639505,200,136.342073,0.0,0.5098889155736109
-124.921711,200,136.755194,0.0,0.7730422975954839
-153.360349,200,136.885615,0.0,0.9059137570934424
-100.47066,200,137.013884,0.0,0.4804012326569321
-10.526445,27,137.030885,1.0,0.04780330762296474
-136.018329,200,137.157448,0.0,0.783914429508426
-74.868149,200,137.280125,0.0,0.39258708773522105
-116.001915,200,137.399121,0.0,0.6884969249728092
-158.478621,200,137.51778,0.0,0.9559113134299572
-66.007354,200,137.629858,0.0,0.3454927897138907
-82.772171,200,137.743379,0.0,0.4364799947244951
-20.453532,48,137.771382,1.0,0.03810005678832376
-88.79462,200,137.88694,0.0,0.43862060339066067
-69.47212,200,138.312149,0.0,0.3488592499669218
-85.953293,200,138.443706,0.0,0.5806855714553584
-54.213275,200,138.564239,0.0,0.1493509793913104
-57.49445,200,138.676772,0.0,0.15477487870091033
-11.718816,27,138.693763,1.0,0.0386136465127528
-3.564778,21,138.706282,1.0,0.04073723083182834
-11.415053,34,138.726279,1.0,0.04083663494030038
-129.907685,200,138.842856,0.0,0.8092372834329148
-90.039723,200,138.957877,0.0,0.5152167845835508
-3.923609,16,138.967854,1.0,0.04229650165341854
-9.438163,30,138.983864,1.0,0.046966621786637595
-18.179177,54,139.014378,1.0,0.04401101372864113
-12.539225,34,139.034378,1.0,0.03137883993622431
-4.156763,24,139.048411,1.0,0.045411283844475826
-132.998001,200,139.160895,0.0,0.8351935256308185
-76.590841,200,139.272072,0.0,0.3580935347550471
-73.121143,200,139.384734,0.0,0.44459931787511486
-17.854972,43,139.411249,1.0,0.027858820179354322
-149.372675,200,139.869309,0.0,0.8840600973019896
-139.275596,200,140.012898,0.0,0.8015874584999391
-12.668304,22,140.027126,1.0,0.024490090486275325
-23.106661,50,140.057126,1.0,0.02804385636316336
-109.678793,200,140.180751,0.0,0.6601332216623685
-13.695128,45,140.208811,1.0,0.045725030517411336
-83.695237,200,140.328175,0.0,0.41276788989817637
-129.226672,200,140.448305,0.0,0.7763369112325271
-130.642679,200,140.566861,0.0,0.8119705053050531
-143.006765,200,140.677347,0.0,0.8653410250847934
-57.004264,200,140.788929,0.0,0.2430920152988179
-11.956917,40,140.811398,1.0,0.04587006675027339
-153.385549,200,140.919949,0.0,0.8405899146673896
-57.90769,200,141.318521,0.0,0.2785951573449482
-131.237571,200,141.445103,0.0,0.75624165255909
-124.74902,200,141.564632,0.0,0.7208604284586316
-115.307464,200,141.680577,0.0,0.6724480211367632
-5.276686,18,141.691577,1.0,0.04530891943994427
-5.841141,26,141.707088,1.0,0.04822035510241544
-37.06233,73,141.749091,1.0,0.04758038763628333
-113.366685,200,141.863552,0.0,0.6297692455329873
-84.040269,200,141.979072,0.0,0.5127402412737548
-76.591359,200,142.093627,0.0,0.47016138216624814
-85.550963,200,142.2113,0.0,0.46552869550934095
-124.803971,200,142.324836,0.0,0.7886794227959637
-1.789152,7,142.329838,1.0,0.04133227883567819
-80.509585,200,142.453073,0.0,0.47796766539327734
-79.20309,200,142.91764,0.0,0.4396031778003842
-127.079065,200,143.059114,0.0,0.7343013284639266
-26.633399,56,143.092097,1.0,0.03286235240082684
-73.415192,200,143.20608,0.0,0.40634694039240477
-142.389606,200,143.320597,0.0,0.8763389059063235
-2.657591,19,143.332598,1.0,0.044888771989026244
-77.357788,200,143.446107,0.0,0.32767151002277456
-0.455188,3,143.449108,1.0,0.03759082100459738
-15.680348,27,143.466109,1.0,0.042512468420480516
-115.363877,200,143.580618,0.0,0.7025015173765272
-4.708903,14,143.592624,1.0,0.020015213965512067
-101.778469,200,143.70268,0.0,0.6121337230865408
-10.70906,35,143.72368,1.0,0.044163805597837294
-9.151355,28,143.74068,1.0,0.030083182426517426
-85.49456,200,143.853783,0.0,0.46414224252441755
-4.892214,34,143.873764,1.0,0.041084976741447905
-141.494671,200,143.988337,0.0,0.8619949904759973
-25.884263,62,144.021846,1.0,0.044564880368340075
-3.813423,19,144.332429,1.0,0.04499187392157054
-20.052693,39,144.360077,1.0,0.04612717822222159
-27.690086,55,144.400606,1.0,0.04636384666812676
-0.717537,5,144.404606,1.0,0.010323345316285103
-75.14257,200,144.555125,0.0,0.49867023708082675
-2.8845,11,144.563128,1.0,0.04830899945875441
-142.133447,200,144.680641,0.0,0.8507864986727921
-2.344703,9,144.686646,1.0,0.049357524921176184
-80.904002,200,144.800701,0.0,0.34262869480202396
-72.16151,200,144.915276,0.0,0.2965650407756013
-37.384257,93,144.965275,1.0,0.04551511134293789
-11.966955,40,144.990285,1.0,0.04870313618391125
-11.127724,31,145.008804,1.0,0.04504830791542788
-66.704191,200,145.124346,0.0,0.15533968939288373
-5.764032,16,145.133641,1.0,0.03922628853756948
-102.648243,200,145.251329,0.0,0.6651178819002865
-165.273756,200,145.374832,0.0,0.9363625472337326
-159.21651,200,145.499863,0.0,0.8943252865536233
-17.140134,47,145.525864,1.0,0.0423818840456266
-15.121609,29,145.54387,1.0,0.03069117225251801
-4.976232,29,145.560864,1.0,0.03984073635787826
-27.603926,62,145.91204,1.0,0.04910292822046649
-59.552819,200,146.035563,0.0,0.21612662622488377
-52.984898,200,146.164604,0.0,0.20843854961849723
-138.325463,200,146.280117,0.0,0.8184613188992627
-71.23676,200,146.393649,0.0,0.388555128944425
-181.952631,200,146.510695,0.0,0.9579410020932424
-55.819053,200,146.626193,0.0,0.23595433133785287
-126.025931,200,146.736711,0.0,0.7036427940960531
-6.704279,20,146.748711,1.0,0.03887552097814692
-76.852297,200,146.861228,0.0,0.36791994852081733
-0.603262,4,146.864228,1.0,0.03937077970464677
-29.588083,66,146.901822,1.0,0.049782328065399936
-71.717169,200,147.019309,0.0,0.5466168055756391
-1.908682,8,147.025309,1.0,0.02794450317925554
-70.125891,200,147.431471,0.0,0.37856982573115977
-79.843767,200,147.561978,0.0,0.45740299561040026
-36.340213,95,147.62149,1.0,0.042458892148824326
-122.854196,200,147.74106,0.0,0.7129183540136307
-71.774199,200,147.859134,0.0,0.28263888932494385
-5.782201,15,147.869134,1.0,0.025712448005887584
-7.513391,22,147.88315,1.0,0.03901335818391039
-130.580086,200,148.00423,0.0,0.8949455077626948
-51.897008,200,148.131754,0.0,0.23476169146123932
-100.067398,200,148.252275,0.0,0.6378765348894888
-88.250426,200,148.369097,0.0,0.4724474589269279
-126.583162,200,148.48593,0.0,0.8416351577990089
-68.349634,200,148.604171,0.0,0.5558362937735498
-21.863,63,148.940707,1.0,0.036196767789968644
-33.464613,59,148.977706,1.0,0.04657178724334568
-31.173983,70,149.034019,1.0,0.041846437393217556
-80.429465,200,149.161536,0.0,0.4973635013499755
-90.313498,200,149.275058,0.0,0.21577024779418014
-17.154631,61,149.311578,1.0,0.04840293572549499
-73.839979,200,149.4261,0.0,0.31744430496395276
-91.490389,200,149.540596,0.0,0.5572433230575093
-74.789083,200,149.65715,0.0,0.4323529630193361
-11.956068,30,149.677137,1.0,0.03312575529570334
-114.378012,200,149.790693,0.0,0.746446829131089
-5.276452,17,149.801179,1.0,0.046242288412968444
-51.43918,200,149.911758,0.0,0.3940823539044525
-49.07889,171,150.008298,1.0,0.0449542668470074
-60.939721,200,150.119804,0.0,0.2994865029588459
-81.889168,200,150.530874,0.0,0.5771028657242836
-9.184584,47,150.562874,1.0,0.044142216731626015
-42.11017,124,150.652639,1.0,0.047609114805679136
-66.680473,200,150.781117,0.0,0.262657792537719
-85.16328,200,150.912146,0.0,0.6343345447491301
-11.624845,43,150.939146,1.0,0.04454225379669422
-7.607675,20,150.952143,1.0,0.049084856548779275
-75.820354,200,151.070897,0.0,0.14774763490954762
-16.49977,48,151.098915,1.0,0.044963745329722575
-68.614833,200,151.221657,0.0,0.2240766623623204
-70.393152,200,151.33838,0.0,0.38037117683983435
-31.717942,105,151.399901,1.0,0.037430433265028464
-66.269006,178,151.501448,1.0,0.04482265618726028
-32.849231,86,151.548449,1.0,0.04727241399209248
-73.689792,200,151.66397,0.0,0.42213153989605345
-79.863344,200,152.096987,0.0,0.6580047443143334
-78.104914,200,152.226053,0.0,0.441310600380073
-0.249793,3,152.22905,1.0,0.00926388316251476
-5.949457,18,152.240085,1.0,0.02931579699013246
-130.126671,200,152.355575,0.0,0.8747584956237895
-36.931065,146,152.4397,1.0,0.046316946179562606
-0.035212,1,152.441729,1.0,0.03507079092001635
-57.170784,200,152.556273,0.0,0.1653509323242093
-56.956848,200,152.668807,0.0,0.47438006327366317
-58.36288,200,152.78334,0.0,0.143111435917188
-47.062879,200,152.898915,0.0,0.10124702894091776
-148.147986,200,153.015498,0.0,0.8227845452827955
-70.642501,200,153.134071,0.0,0.3690772352705542
-69.074548,200,153.551111,0.0,0.5464012489484734
-4.960332,36,153.584115,1.0,0.039016845708016674
-84.911889,200,153.733156,0.0,0.06126550704357153
-62.607164,200,153.849648,0.0,0.4357139793511499
-86.499935,200,153.967125,0.0,0.6009575463760743
-17.540674,54,153.999132,1.0,0.045723293920502096
-7.380014,49,154.028298,1.0,0.041454845709139945
-13.583181,48,154.056298,1.0,0.039725961500711685
-21.073181,91,154.110455,1.0,0.044776108974381036
-65.377575,200,154.223042,0.0,0.68215959645678
-42.288044,174,154.319556,1.0,0.04943579457337009
-96.762355,200,154.43108,0.0,0.5063683979121644
-48.359825,185,154.53757,1.0,0.048316320412355375
-83.912401,200,154.652143,0.0,0.21603955460271823
-20.044573,50,154.680109,1.0,0.04304104122077059
-28.662908,81,155.012256,1.0,0.04842743406810921
-53.167453,200,155.133797,0.0,0.13437155574584453
-83.220679,200,155.257766,0.0,0.5175034241773689
-67.253429,200,155.374472,0.0,0.15132157281759862
-98.805223,200,155.487993,0.0,0.4626303030021131
-24.959974,72,155.529533,1.0,0.0434974951199284
-83.075071,200,155.645014,0.0,0.27265171572389046
-103.001365,200,155.761558,0.0,0.6595030466246312
-89.169484,200,155.874084,0.0,0.07876946255583027
-24.493117,71,155.91561,1.0,0.049928650121346084
-82.714142,200,156.02811,0.0,0.20372915139150122
-127.364607,200,156.144627,0.0,0.5372184360037301
-53.065155,200,156.591731,0.0,0.18207194703932084
-76.135309,200,156.743005,0.0,0.25724322599828753
-10.568962,70,156.786414,1.0,0.047725900810946784
-22.591431,49,156.815936,1.0,0.04040938212611894
-52.678103,200,156.931534,0.0,0.11472939119640656
-83.395702,200,157.046052,0.0,0.23253501512685404
-82.212241,200,157.167559,0.0,0.31306352595148385
-55.949215,200,157.292133,0.0,0.1639178914167237
-48.716532,156,157.381649,1.0,0.048514576794464304
-88.052037,200,157.495233,0.0,0.25440465514825855
-104.18272,200,157.608297,0.0,0.4023913080310962
-119.542671,200,157.720757,0.0,0.533835226471451
-75.052822,200,158.149607,0.0,0.41242595299248447
-82.569833,200,158.282135,0.0,0.22544432555012453
-28.271946,116,158.350661,1.0,0.047932148227460565
-79.774192,200,158.467213,0.0,0.5961214683447162
-6.101555,30,158.485225,1.0,0.04506029347520956
-27.564755,79,158.53073,1.0,0.04272555097544972
-40.041018,145,158.611985,1.0,0.04668090886498716
-21.903982,41,158.635973,1.0,0.04665211659145894
-44.479712,200,158.755451,0.0,0.20568041083019767
-15.118882,56,158.788465,1.0,0.04011585860001158
-16.732057,69,158.830021,1.0,0.047504604133392185
-111.973471,200,158.947514,0.0,0.8907247211513709
-17.857768,54,158.980518,1.0,0.04107976478358879
-31.353086,138,159.062052,1.0,0.04477828531635443
-41.005582,126,159.140571,1.0,0.04512065166057388
-32.920013,81,159.195593,1.0,0.03756584493632807
-17.224496,24,159.212121,1.0,0.04181640176893372
-71.116625,200,159.677612,0.0,0.2907925194904352
-36.765667,122,159.755781,1.0,0.04559618458683274
-44.549135,200,159.88929,0.0,0.16783123577888162
-15.242402,50,159.918834,1.0,0.033758240794665925
-12.974295,43,159.944814,1.0,0.03436378380079144
-84.193046,200,160.061306,0.0,0.2612851105025516
-51.813135,200,160.175848,0.0,0.1415672689655777
-69.45192,200,160.300077,0.0,0.16331934999494682
-50.219441,200,160.420119,0.0,0.1445602346196786
-21.257396,39,160.443116,1.0,0.049742781111161975
-21.502326,83,160.491125,1.0,0.049879189852576736
-54.4775,200,160.605184,0.0,0.23792823094404505
-72.162298,200,160.722069,0.0,0.4026573629871652
-9.507197,39,160.745057,1.0,0.04561572374550099
-13.209051,49,160.77406,1.0,0.04467400994191652
-36.040968,160,160.866556,1.0,0.04578017064656998
-33.752634,103,161.218613,1.0,0.046312505931073535
-41.570994,122,161.309132,1.0,0.047746276673254234
-110.506561,200,161.431681,0.0,0.7426093418626595
-23.891728,53,161.462684,1.0,0.047369467779253216
-53.143288,200,161.580203,0.0,0.15512428864017377
-31.418419,65,161.615705,1.0,0.04111335506870198
-8.399474,17,161.625707,1.0,0.04365328128255979
-19.950403,45,161.652342,1.0,0.04600123026643618
-54.738837,200,161.777872,0.0,0.1995876026584735
-55.787894,200,161.906875,0.0,0.25002954180711406
-40.298016,181,162.017412,1.0,0.04352816227173508
-30.914647,68,162.056412,1.0,0.028772725746465118
-59.268435,200,162.173272,1.0,0.04776732226075597
-81.253342,200,162.290402,0.0,0.30721768338826316
-9.833688,42,162.315953,1.0,0.03411213274028219
-66.673976,200,162.732623,0.0,0.16391402465392158
-8.54292,40,162.766624,1.0,0.049316640265489625
-16.858109,57,162.810135,1.0,0.04005506428235158
-66.338576,200,162.941601,0.0,0.15465904302140743
-74.05713,200,163.057147,0.0,0.3478591343928019
-55.252483,200,163.169632,0.0,0.09071792371137508
-123.786952,200,163.286192,0.0,0.927469389756724
-35.991211,168,163.383724,1.0,0.04712042838723461
-27.711933,84,163.43025,1.0,0.04551763312509749
-8.805478,35,163.450652,1.0,0.04215482901970314
-67.086196,200,163.564198,0.0,0.39271886412538615
-60.087585,200,163.677725,0.0,0.17145386717522643
-0.022568,1,163.679728,1.0,0.022426767287917333
-1.03375,11,163.688727,1.0,0.027176361063056383
-81.998046,200,163.841445,0.0,0.40123607638054654
-127.29435,200,164.039307,0.0,0.8166815565068352
-92.577828,200,164.640952,0.0,0.5213112643188145
-7.699984,16,164.654952,1.0,0.024175872639673256
-80.424434,200,164.81944,0.0,0.4403591986133586
-58.902312,200,164.969954,0.0,0.2941530996394837
-23.148912,76,165.023093,1.0,0.039332362183923886
-23.547165,90,165.088489,1.0,0.030264362104353938
-98.84663,200,165.234764,0.0,0.4272520457299494
-35.63435,200,165.350233,0.0,0.11221371341311974
-53.074793,200,165.466776,0.0,0.2033797072051349
-54.816334,200,165.579303,0.0,0.5522898870452201
-55.274236,200,165.695873,0.0,0.27197746561807334
-22.38717,69,165.73598,1.0,0.04541727382961742
-39.467642,134,165.809494,1.0,0.02837171085028875
-10.940015,38,165.831494,1.0,0.0399529681223431
-13.465206,46,166.164909,1.0,0.040896766113548456
-49.73157,159,166.278425,1.0,0.04832939442709729
-14.928229,47,166.31294,1.0,0.045771210133956734
-78.747974,200,166.439499,0.0,0.4204342536272518
-67.867168,200,166.555043,0.0,0.3090795163200291
-10.921315,45,166.58104,1.0,0.04087395701333558
-55.779028,200,166.699592,0.0,0.09925275548456307
-79.388253,200,166.81764,0.0,0.2904621859444034
-50.984392,200,166.933164,0.0,0.3883816218647929
-14.373164,55,166.964164,1.0,0.027120661788616645
-39.965217,200,167.079124,0.0,0.18867233163291502
-14.099702,40,167.102132,1.0,0.035980952662784234
-14.660831,41,167.126644,1.0,0.04691428318742288
-23.67956,54,167.157642,1.0,0.04576094923222616
-66.787156,200,167.273542,0.0,0.44441644795921637
-66.231543,200,167.735007,0.0,0.3414160818545128
-33.304716,74,167.798431,1.0,0.04686494900023323
-65.09256,200,167.935549,0.0,0.2291687484926254
-13.955548,47,167.964559,1.0,0.03692325766832379
-72.778966,200,168.084099,0.0,0.5420887295620602
-54.351031,200,168.203648,0.0,0.16093237316582518
-83.774825,200,168.324752,0.0,0.44802923685544
-77.32826,200,168.440309,0.0,0.5177887527678098
-0.183219,2,168.442312,1.0,0.04859443971713796
-3.144155,25,168.45733,1.0,0.047632376055019056
-50.822615,200,168.592926,0.0,0.4033753791338104
-55.046854,200,168.706451,0.0,0.13904777922623812
-65.42161,200,168.822377,0.0,0.29973245387182973
-35.748415,125,168.896806,1.0,0.047377339828715864
-13.514482,42,168.924325,1.0,0.04647997971989162
-52.767776,200,169.346397,0.0,0.13837271039526763
-20.905394,57,169.393397,1.0,0.04874271536282695
-18.158201,55,169.437904,1.0,0.045908372273758914
-58.803203,200,169.56742,0.0,0.11754717290397296
-82.507349,200,169.6839,0.0,0.3510026663199402
-85.880979,200,169.800439,0.0,0.4542925467243048
-105.648682,200,169.921478,0.0,0.4817206816767109
-50.305242,200,170.041404,0.0,0.21230739509805835
-38.025943,196,170.160928,1.0,0.046374360256689985
-86.445406,200,170.29029,0.0,0.19888989128127516
-68.833387,200,170.419322,0.0,0.26725824080144633
-33.772858,200,170.546383,0.0,0.12208082737284072
-18.856369,112,170.932458,1.0,0.04675710942492508
-92.863965,200,171.082987,0.0,0.31746091855397146
-22.192884,76,171.133498,1.0,0.04832662057025454
-16.282741,66,171.173498,1.0,0.049494759399985155
-63.16509,200,171.290024,0.0,0.32070246938295444
-6.21314,35,171.310548,1.0,0.04732690455055466
-57.897206,200,171.424071,0.0,0.15222607048306022
-75.93742,200,171.541589,0.0,0.3001385575014854
-52.543745,145,171.626817,1.0,0.042264194792998734
-24.568116,85,171.671792,1.0,0.044077270622154635
-35.060471,200,171.787339,0.0,0.26877229016335463
-48.513843,200,171.902914,0.0,0.17312757492215322
-49.132409,200,172.017952,0.0,0.3265235453515345
-13.992757,53,172.048969,1.0,0.046076791742396886
-0.763422,6,172.05295,1.0,0.03515078187056035
-78.517585,200,172.491015,0.0,0.2924178590219839
-20.463505,53,172.523526,1.0,0.04220379634417266
-30.174215,117,172.607527,1.0,0.04075893645116777
-9.874514,44,172.643393,1.0,0.04635146193649743
-38.749734,156,172.743922,1.0,0.046221944799656245
-45.92911,200,172.870445,0.0,0.13839342767154397
-53.545593,200,173.008063,0.0,0.2312753611696054
-8.44793,50,173.039072,1.0,0.04765303685209587
-58.100513,200,173.163596,0.0,0.23518378481805002
-39.302082,200,173.286249,0.0,0.26070198877817913
-5.554361,30,173.305259,1.0,0.04010428301348387
-16.762719,57,173.336772,1.0,0.04494754739800164
-71.834595,200,173.453231,0.0,0.27308403884684784
-65.350309,162,173.55378,1.0,0.0395734611088311
-55.607109,200,173.668656,0.0,0.22693233275168218
-5.590503,44,173.693676,1.0,0.04465823822254652
-72.763273,200,174.143976,0.0,0.25658344586792975
-4.294555,22,174.160976,1.0,0.04149143307261394
-17.569342,68,174.201979,1.0,0.048284556422627654
-14.007642,67,174.245486,1.0,0.049089628336561004
-67.896539,200,174.365354,0.0,0.31368705340222
-34.217525,111,174.430922,1.0,0.046925135449955954
-49.386106,200,174.544433,0.0,0.16279272351639154
-23.281543,112,174.613959,1.0,0.042388993150441236
-38.418611,141,174.694961,1.0,0.03968097682575886
-24.87403,51,174.724476,1.0,0.04527856600237705
-8.463447,26,174.740473,1.0,0.048004421498315575
-38.237706,133,174.819029,1.0,0.046640564009561195
-84.484905,200,174.932533,0.0,0.3138475984987364
-24.491469,112,174.998539,1.0,0.046794769778374996
-7.696803,31,175.017061,1.0,0.04671353931435941
-12.513854,27,175.034061,1.0,0.046468606464217875
-46.844241,200,175.143581,0.0,0.35750882016803626
-2.948932,26,175.159581,1.0,0.045367951583150046
-21.66124,132,175.234071,1.0,0.03523137558919653
-45.156021,200,175.70599,0.0,0.33573336314614904
-37.65905,200,175.855023,0.0,0.15715759598177667
-45.007967,200,175.984574,0.0,0.1784842589818056
-66.103654,200,176.100967,0.0,0.16185314420429203
-1.68245,11,176.107968,1.0,0.041913600669555906
-9.698216,38,176.130486,1.0,0.048269950241197575
-52.397398,200,176.246544,0.0,0.2632990280109934
-7.920117,29,176.264544,1.0,0.049696880268684344
-4.172914,25,176.279545,1.0,0.043009707203726356
-58.513022,197,176.389002,1.0,0.048204490574688126
-64.229468,200,176.508391,0.0,0.3347772000713954
-59.485909,200,176.629438,0.0,0.1770678111403086
-11.414211,40,176.653438,1.0,0.04638984491902708
-24.90364,67,176.692434,1.0,0.04908731012093781
-5.386644,18,176.70244,1.0,0.04680598400167851
-34.321122,126,176.775957,1.0,0.04809482678884861
-18.742902,115,176.840625,1.0,0.04763649455100427
-14.147362,34,176.859625,1.0,0.03978513012473626
-64.771397,200,177.321896,0.0,0.2371824363088789
-16.109753,48,177.353896,1.0,0.04249120277756027
-21.775443,60,177.396899,1.0,0.04666315635214292
-80.852037,200,177.517967,0.0,0.43568272939305713
-9.134664,33,177.538939,1.0,0.049774860041929936
-35.304173,78,177.586935,1.0,0.04689934382112035
-41.95841,143,177.66947,1.0,0.04587818469107554
-34.522373,125,177.740993,1.0,0.045060177280383584
-12.665655,65,177.777992,1.0,0.04786217657681736
-0.087534,2,177.779992,1.0,0.025799301948771804
-0.377001,5,177.783992,1.0,0.04606000342458748
-50.025115,200,177.897523,0.0,0.15521661511653018
-31.752573,119,177.966039,1.0,0.0486694592427862
-5.791097,47,177.995039,1.0,0.04439723399507115
-56.642542,200,178.108509,0.0,0.24292973967891282
-10.836591,37,178.130023,1.0,0.04064173600880892
-1.20896,10,178.136023,1.0,0.045167006441576625
-13.635589,59,178.172196,1.0,0.04600658307928516
-5.99136,19,178.184252,1.0,0.048947106156529814
-5.07335,17,178.195262,1.0,0.015035401722435355
-19.257465,27,178.213784,1.0,0.024980980685145922
-31.300044,109,178.28178,1.0,0.042333368673416076
-10.841606,41,178.307793,1.0,0.045983194894115495
-52.848803,200,178.43345,0.0,0.40605295096514565
-8.593642,24,178.823922,1.0,0.044126337837166615
-36.239787,171,178.963022,1.0,0.04354006655933227
-4.511088,16,178.977022,1.0,0.035443368972752055
-39.754691,200,179.102548,0.0,0.22485063046023585
-10.552848,60,179.139067,1.0,0.046106167925600225
-38.517346,200,179.255596,0.0,0.2875299485856163
-0.083038,2,179.257596,1.0,0.029329388944496524
-3.848209,24,179.273593,1.0,0.04899743334401903
-18.440402,89,179.32912,1.0,0.039864104301536384
-48.02505,200,179.445219,0.0,0.17878063490069998
-3.709062,19,179.457219,1.0,0.03616730210997891
-6.725803,45,179.484219,1.0,0.04892354590615005
-50.830904,200,179.60075,0.0,0.27207040271410254
-57.727423,200,179.713779,0.0,0.4349246124050982
-19.872344,61,179.749779,1.0,0.04470272681263183
-15.428391,55,179.781779,1.0,0.04653465492824439
-58.541497,200,179.892824,0.0,0.29694560483202437
-20.921659,80,179.939328,1.0,0.040419357912418005
-6.052636,35,179.960331,1.0,0.0457285846736761
-29.296728,133,180.038787,1.0,0.045397138577641404
-20.393937,49,180.381143,1.0,0.04957167109688248
-14.15968,70,180.433662,1.0,0.04866548830178075
-49.311704,200,180.579174,0.0,0.11599332832283395
-48.670868,200,180.706704,0.0,0.1344220858125494
-10.97537,33,180.727224,1.0,0.046693532078753805
-26.911202,62,180.764227,1.0,0.04553002964878242
-25.349344,89,180.817744,1.0,0.04132735329525154
-7.102227,27,180.833743,1.0,0.04645261926592792
-60.002869,200,180.955261,0.0,0.2893337279835824
-22.957219,126,181.032789,1.0,0.048130979665396485
-20.085025,84,181.090788,1.0,0.04958186281166283
-14.514054,98,181.150308,1.0,0.03916982863789457
-57.466492,200,181.289634,0.0,0.1750203440563645
-63.631731,200,181.431296,0.0,0.31546209920718415
-57.587567,200,181.550208,0.0,0.20917195095358335
-51.906568,200,181.666359,0.0,0.22095148432115383
-31.404613,146,182.093166,1.0,0.04570686427327046
-64.959297,200,182.239209,0.0,0.15089018468587068
-27.270603,139,182.322737,1.0,0.04888193268853396
-31.108118,195,182.4374,1.0,0.043733578191470696
-51.6063,200,182.556916,0.0,0.21936639203100758
-45.625368,200,182.672441,0.0,0.1858865106380804
-44.972225,200,182.789,0.0,0.21537636531680104
-49.106352,200,182.899519,0.0,0.24318521588771635
-12.499525,62,182.935031,1.0,0.045626459767660665
-13.041463,49,182.963031,1.0,0.04809863150091246
-19.368783,56,182.993031,1.0,0.04779903241848129
-23.564638,135,183.07324,1.0,0.03968671107817744
-32.691749,200,183.18976,1.0,0.04863361366058246
-68.545556,200,183.624356,0.0,0.2917654517624243
-17.813127,82,183.67937,1.0,0.047272268919619484
-25.714955,121,183.776884,1.0,0.04759307562668071
-35.293613,153,183.878396,1.0,0.04935777043312816
-60.505069,200,184.008368,0.0,0.11498730480700474
-27.08177,146,184.107882,1.0,0.046974884754334395
-18.948597,66,184.153394,1.0,0.029511438010016232
-20.594642,88,184.207619,1.0,0.048525563186655865
-0.112895,2,184.209619,1.0,0.018910540692492175
-11.220733,37,184.232131,1.0,0.03319302794115917
-12.21006,48,184.259131,1.0,0.04423440699550661
-18.357649,103,184.319772,1.0,0.04521317839704243
-21.105029,132,184.396775,1.0,0.04382998206422004
-6.408661,47,184.424304,1.0,0.047587041716749705
-7.978015,54,184.455303,1.0,0.04608224279173325
-24.027901,97,184.509308,1.0,0.049138252524227786
-53.576434,200,184.625399,0.0,0.14584810851887547
-27.394085,132,184.698398,1.0,0.049427710483813794
-41.0896,200,184.808951,0.0,0.2498573767304953
-17.142261,98,185.185077,1.0,0.04832847633967094
-15.051876,43,185.21208,1.0,0.041074630664348986
-15.107708,55,185.25658,1.0,0.04945927838139359
-44.331886,200,185.395103,0.0,0.2789910391214791
-23.099913,66,185.434642,1.0,0.04944810861741459
-12.731144,44,185.460645,1.0,0.04638207183564768
-20.649613,102,185.520191,1.0,0.048238511808868983
-16.911746,51,185.551209,1.0,0.04696336628842879
-67.356136,200,185.66772,0.0,0.27100736561001043
-0.280243,3,185.670715,1.0,0.020700742854431374
-21.420329,121,185.74424,1.0,0.043693741613440244
-7.102337,20,185.756237,1.0,0.02897997330233385
-5.978767,19,185.768266,1.0,0.04404534612258485
-25.563563,75,185.810248,1.0,0.04590933716422252
-28.237056,150,185.895741,1.0,0.04724438472929208
-39.019053,200,186.009286,0.0,0.06670604777231498
-5.774314,43,186.035804,1.0,0.04614600624193197
-0.126941,2,186.036803,1.0,0.03128788567284343
-35.275637,97,186.093803,1.0,0.040083044792509494
-59.565026,200,186.209557,0.0,0.2107646978302175
-14.060718,58,186.243133,1.0,0.04774943676824067
-0.879824,6,186.247134,1.0,0.028258222350428294
-4.157716,15,186.256136,1.0,0.01606871805519109
-21.61218,43,186.281133,1.0,0.03455553643302945
-1.93929,19,186.292134,1.0,0.030223180708214847
-2.452794,17,186.302157,1.0,0.030945661801553545
-3.598204,29,186.319675,1.0,0.046124591454785493
-15.034247,103,186.378672,1.0,0.038992026003688354
-25.8451,128,186.811617,1.0,0.03970462793814773
-6.060617,23,186.831132,1.0,0.0475834501555161
-52.883883,200,186.993495,0.0,0.18794323865852092
-42.607708,200,187.115198,0.0,0.26199810157344294
-40.779882,200,187.233248,0.0,0.21572305339875858
-12.416193,22,187.251246,1.0,0.044685969592261315
-14.866664,32,187.270234,1.0,0.04677390632672289
-22.208444,72,187.311282,1.0,0.04548256203419994
-8.231881,25,187.325773,1.0,0.04258323272540799
-40.697012,105,187.388772,1.0,0.04814613596861066
-4.851638,15,187.397783,1.0,0.038431367935955134
-12.909861,23,187.411781,1.0,0.009779006379441348
-11.032402,30,187.431308,1.0,0.0393393595722206
-17.318043,46,187.461297,1.0,0.047003301803186556
-69.846849,200,187.581812,0.0,0.24364530736697937
-53.90169,200,187.699329,0.0,0.23136223124833005
-2.592141,22,187.713358,1.0,0.04975381963470991
-18.765146,106,187.774856,1.0,0.04783366502290307
-8.249651,75,187.817397,1.0,0.0326070085610839
-26.936477,82,187.865378,1.0,0.049010079071018724
-49.89547,200,187.979733,0.0,0.1996673632991837
-29.173477,118,188.363786,1.0,0.045109815144772455
-1.125852,7,188.368786,1.0,0.023293515878468198
-0.01286,1,188.369786,1.0,0.012718271547287857
-32.23472,142,188.478305,1.0,0.046993400888097836
-15.472659,46,188.510311,1.0,0.04667172711892789
-32.753496,133,188.598855,1.0,0.04821601917559001
-15.695546,56,188.634352,1.0,0.04641525801573752
-29.447041,108,188.700194,1.0,0.04646767031074409
-37.131496,200,188.818264,0.0,0.18456689755159678
-13.761594,31,188.83723,1.0,0.04531667480363545
-44.017134,200,188.960763,0.0,0.1464866165015406
-13.396665,29,188.978766,1.0,0.04881049751739985
-20.466172,93,189.032334,1.0,0.04574932888836349
-78.05053,200,189.154266,0.0,0.3594820541464237
-41.216969,200,189.278786,0.0,0.2953774546638024
-0.141775,2,189.280789,1.0,0.04366096805014061
-66.328506,200,189.405256,0.0,0.3276268065544397
-41.368575,200,189.529238,0.0,0.18126463382542
-62.447536,200,189.992799,0.0,0.29432842077407356
-47.89326,200,190.141834,0.0,0.10633027749080008
-24.778466,165,190.241369,1.0,0.04998220810642329
-13.961316,74,190.284371,1.0,0.04406740106094641
-55.731232,200,190.398854,0.0,0.3186965011653804
-69.277409,200,190.512384,0.0,0.48508626646717384
-14.539408,43,190.536906,1.0,0.04537201976658636
-45.984442,200,190.65243,0.0,0.06138224954192876
-7.180582,42,190.678435,1.0,0.04760970812846491
-45.240843,200,190.794048,0.0,0.15196199105688885
-22.21918,74,190.836577,1.0,0.04940904092131731
-32.697228,142,190.91812,1.0,0.049923806900716586
-5.879569,27,190.934124,1.0,0.04826243847638058
-42.821706,200,191.047693,0.0,0.14919617241828356
-13.075285,77,191.09169,1.0,0.04297859137756555
-10.702402,52,191.122249,1.0,0.044090602912637326
-60.143147,200,191.536234,0.0,0.20202627938659679
-63.600006,200,191.671752,0.0,0.3716090131997355
-53.306125,200,191.791282,0.0,0.20619634098827427
-10.650176,38,191.814285,1.0,0.048598111720211445
-19.85493,51,191.845803,1.0,0.04735096466618249
-38.793736,200,191.96609,0.0,0.07576376877141855
-14.046005,60,192.004071,1.0,0.040779593637706266
-54.985924,189,192.124638,1.0,0.03371015688763673
-41.867451,115,192.199635,1.0,0.046074429794886025
-3.548618,12,192.207657,1.0,0.04382225342179557
-9.964747,48,192.23717,1.0,0.04300616363894253
-9.511432,49,192.269168,1.0,0.04686874627499953
-16.796224,47,192.300158,1.0,0.04910306322225496
-13.322796,75,192.350217,1.0,0.0407594355955135
-45.831811,200,192.46528,0.0,0.22017070564572402
-4.448395,20,192.476789,1.0,0.027778157513805184
-18.843416,63,192.513832,1.0,0.04986542864781243
-3.789673,16,192.524354,1.0,0.03752371420382825
-64.3742,200,192.635802,0.0,0.232991636732565
-23.560513,112,192.701802,1.0,0.047732616391239886
-1.543415,10,192.708841,1.0,0.041931813519898053
-29.809963,81,193.073906,1.0,0.047535909641966315
-11.533483,47,193.102918,1.0,0.045571209999247825
-25.388707,42,193.132422,1.0,0.042822282157042424
-10.815701,47,193.167424,1.0,0.04847974781863959
-27.964357,129,193.260935,1.0,0.045958107484416505
-45.026323,200,193.378457,0.0,0.11463712227321712
-42.167693,200,193.493646,0.0,0.22014724127147925
-71.751043,200,193.616189,0.0,0.28463673044404203
-18.148799,72,193.658775,1.0,0.033621632299397804
-25.814982,114,193.72512,1.0,0.027734083848471314
-0.351039,4,193.72812,1.0,0.040591928141328996
-19.236024,80,193.780123,1.0,0.039448726658132816
-2.136091,12,193.788121,1.0,0.0344662496836084
-8.906817,33,193.807142,1.0,0.03991276184338452
-14.111053,83,193.855661,1.0,0.04782304706050396
-18.513014,62,193.891644,1.0,0.046908369123406395
-8.818688,25,193.90665,1.0,0.0371955451047432
-46.932005,200,194.02175,0.0,0.1986000453023579
-46.937986,200,194.135252,0.0,0.28340028803588
-30.025271,116,194.203261,1.0,0.04833830427900337
-42.697691,200,194.679775,0.0,0.05185618906419779
-35.190473,189,194.837647,1.0,0.04682023084421127
-41.537919,200,194.966179,0.0,0.12456463076813085
-13.657568,21,194.980181,1.0,0.026973898152005803
-48.559107,200,195.112724,0.0,0.19847993031306185
-13.887948,25,195.134968,1.0,0.030867172435912953
-53.231963,200,195.259298,0.0,0.19719458908243898
-0.477198,4,195.262308,1.0,0.0322813734236078
-53.919643,200,195.37344,0.0,0.24001479057276542
-42.577658,200,195.489966,0.0,0.0785205533205154
-34.474438,139,195.56551,1.0,0.03991757568681788
-4.586489,27,195.581495,1.0,0.04436534802509157
-64.916317,200,195.694051,0.0,0.172013292762756
-27.080932,105,195.754519,1.0,0.04909472984359334
-53.324742,200,195.869104,0.0,0.2723933707461201
-14.161288,21,195.881104,1.0,0.0300341059117397
-41.244837,200,196.320899,0.0,0.13333538708504578
-36.663957,200,196.444407,0.0,0.12429194956060116
-42.621832,148,196.531925,1.0,0.04920382133012511
-9.461196,24,196.546921,1.0,0.04379142952576857
-49.325851,200,196.664476,0.0,0.16733490983266094
-20.227291,36,196.688475,1.0,0.044217865948854
-7.42905,47,196.716501,1.0,0.044042210119214824
-58.441236,200,196.838535,0.0,0.2893836758562885
-8.891633,21,196.851535,1.0,0.03156047887455815
-20.321869,62,196.887535,1.0,0.03615079231134309
-1.392308,10,196.894535,1.0,0.044411370199378755
-27.170779,122,196.963052,1.0,0.03769108566983518
-18.239453,64,197.000052,1.0,0.04758898733277909
-7.003238,34,197.019569,1.0,0.048827469747200716
-18.306969,69,197.059569,1.0,0.048465517625772885
-31.319844,200,197.17012,0.0,0.247128605197204
-60.719967,200,197.28565,0.0,0.2905106073755738
-60.462275,200,197.405205,0.0,0.18152702408700858
-11.25714,38,197.428736,1.0,0.038830225093689885
-25.902487,90,197.845481,1.0,0.047797913832966
-1.46984,8,197.853483,1.0,0.04696914158412919
-33.594832,200,198.014195,0.0,0.07017102973519652
-38.264031,178,198.118272,1.0,0.04466615780347589
-11.753999,95,198.172394,1.0,0.03819918875382094
-29.991695,167,198.271911,1.0,0.049037992570568734
-0.478316,4,198.274911,1.0,0.04255153225722073
-19.697297,53,198.308912,1.0,0.04681339359841418
-12.855019,47,198.336423,1.0,0.047441969993824114
-10.866855,42,198.359423,1.0,0.04451357093029279
-11.948861,38,198.382423,1.0,0.033190179047189745
-14.047947,62,198.418432,1.0,0.03933145257727685
-15.594975,61,198.453948,1.0,0.04318796944018658
-6.897859,35,198.474952,1.0,0.04131902743372175
-16.550202,59,198.50896,1.0,0.0417868086398787
-61.525393,200,198.630007,0.0,0.38595207699972056
-8.971016,49,198.658006,1.0,0.04825926884515352
-7.054395,43,198.683839,1.0,0.044216984439814734
-5.535126,43,198.708848,1.0,0.03802886114297292
-23.45072,47,198.736365,1.0,0.03414184962259322
-48.663063,200,198.849875,0.0,0.19314220860759723
-6.897925,42,198.874891,1.0,0.04240765781464562
-18.588061,111,198.937392,1.0,0.04700805045252838
-23.842106,74,198.978391,1.0,0.045794069474827684
-25.012745,93,199.031908,1.0,0.04941487547192391
-10.650404,33,199.050908,1.0,0.04768194594613717
-41.998951,200,199.523504,0.0,0.12148898265508386
-17.795501,40,199.551504,1.0,0.04334794401902967
-70.410377,200,199.677035,0.0,0.33482173436975265
-0.880821,5,199.681035,1.0,0.02577627842063196
-8.705425,43,199.706044,1.0,0.04201523485744679
-23.208453,61,199.742563,1.0,0.04946494786103885
-60.787469,200,199.861092,0.0,0.27928162642920207
-48.011216,200,199.981616,0.0,0.14377583159525018
-14.453016,38,200.004616,1.0,0.049375187959343876
-19.593865,37,200.026145,1.0,0.046811273723985594
-3.698807,18,200.037145,1.0,0.0461189318303601
-14.024277,35,200.058145,1.0,0.0468741118805145
-40.772763,200,200.175453,0.0,0.0819015768647943
-23.040355,93,200.229981,1.0,0.04151035024144187
-29.552105,146,200.321503,1.0,0.048966780563311135
-35.474144,200,200.447034,0.0,0.06544504996902854
-42.345752,200,200.568559,0.0,0.32996251963934015
-24.018764,89,200.623077,1.0,0.046973735593311014
-67.163401,200,201.060924,0.0,0.31899999106945165
-29.496513,156,201.172448,1.0,0.04346116824499178
-20.472844,101,201.233979,1.0,0.04956180643478026
-18.973017,114,201.30198,1.0,0.046809011074334717
-40.23257,200,201.421024,0.0,0.19787508385670888
-13.84689,90,201.474033,1.0,0.04121333051301549
-31.897752,130,201.54856,1.0,0.044833076212249204
-12.74795,40,201.57256,1.0,0.04360579611419971
-13.516802,58,201.603555,1.0,0.04593710247167174
-21.67944,90,201.653834,1.0,0.042945586484663546
-19.486684,47,201.680836,1.0,0.036337437174362046
-39.94236,200,201.79436,0.0,0.12840749120754982
-42.607223,200,201.904875,0.0,0.09717097631994027
-9.618334,28,201.920881,1.0,0.03238601948498332
-56.768129,200,202.031781,0.0,0.24575709761368966
-16.260894,134,202.107783,1.0,0.04658112615504404
-7.709604,38,202.129295,1.0,0.0459866359046665
-13.724609,50,202.159295,1.0,0.03964471239200548
-11.384435,42,202.502833,1.0,0.049421466355268236
-43.638684,200,202.653862,0.0,0.21508998218450268
-53.421351,200,202.778375,0.0,0.28113348879108424
-2.739394,19,202.790378,1.0,0.048008865012135596
-43.080761,200,202.909876,0.0,0.19645166020364105
-3.057732,20,202.922384,1.0,0.04918276897584613
-7.55047,35,202.944387,1.0,0.049965765875934855
-12.161646,65,202.988101,1.0,0.0429049019304445
-29.574883,108,203.055167,1.0,0.04661223539823687
-19.259814,28,203.073167,1.0,0.036064805081262814
-52.095542,200,203.200718,0.0,0.22586164734166156
-13.456702,62,203.240237,1.0,0.046117678299469535
-0.011226,1,203.242237,1.0,0.01108411928429296
-3.054872,28,203.261237,1.0,0.049678904135577934
-48.768496,200,203.394677,0.0,0.17062624356785602
-16.987049,40,203.420268,1.0,0.047871144299090694
-43.484548,200,203.532006,0.0,0.05689131267095948
-4.271994,33,203.552016,1.0,0.04243137417460595
-25.106298,97,203.61458,1.0,0.04152104340107657
-13.33546,40,203.636091,1.0,0.04379121533270946
-8.340214,32,203.654091,1.0,0.04776892848769492
-53.954355,200,203.764645,0.0,0.13801477873782908
-17.551735,77,204.119182,1.0,0.04593780726012833
-6.639814,49,204.158698,1.0,0.04669069962786165
-10.413019,48,204.194696,1.0,0.03489403119217915
-53.601186,200,204.337936,0.0,0.21912093831423549
-19.531088,58,204.37194,1.0,0.045488814787715035
-76.305544,200,204.487464,0.0,0.22749156544588284
-0.131287,2,204.489469,1.0,0.03677942126294132
-0.11215,2,204.491466,1.0,0.04494445462753711
-16.482631,44,204.517488,1.0,0.03889287514701617
-15.272635,48,204.544951,1.0,0.0412401836919942
-4.806696,32,204.563944,1.0,0.04656127153464427
-18.928691,102,204.624475,1.0,0.04327711959312711
-10.13296,26,204.642446,1.0,0.039029479306093115
-19.345247,73,204.685446,1.0,0.04470744220312184
-57.175191,200,204.797964,0.0,0.21983268699920352
-3.830565,16,204.807969,1.0,0.04957079080627561
-14.849538,58,204.840183,1.0,0.04778720219284618
-48.933806,200,204.95471,0.0,0.20995263257027524
-2.805314,12,204.961723,1.0,0.048437955075136506
-24.85098,140,205.042271,1.0,0.04820717089418494
-5.822675,29,205.062258,1.0,0.04744899202595735
-28.342891,99,205.119267,1.0,0.04861542494549026
-3.167417,21,205.132793,1.0,0.031110353848416032
-20.171617,45,205.155793,1.0,0.042837562494459636
-41.091742,200,205.264323,0.0,0.12939965304369555
-39.361667,200,205.708864,0.0,0.17645473080014726
-25.411515,61,205.75339,1.0,0.04873477905065394
-14.473371,55,205.801386,1.0,0.04450360066398512
-19.422738,69,205.85591,1.0,0.049469985985034264
-73.766784,200,205.987441,0.0,0.4544123766555454
-10.426097,57,206.022945,1.0,0.04793043114340948
-46.647764,200,206.160359,0.0,0.2890863327998535
-11.330652,49,206.192677,1.0,0.048392030518579855
-58.210224,200,206.307763,0.0,0.1768368024538557
-3.508999,17,206.319772,1.0,0.046337248190359816
-27.403384,90,206.37229,1.0,0.04959272727592448
-70.368479,200,206.484762,0.0,0.39009860036225086
-18.283322,73,206.527281,1.0,0.0427201653610888
-43.580244,200,206.636806,0.0,0.20588188779707697
-25.22615,114,206.702806,1.0,0.049575374723633915
-32.654686,138,206.782324,1.0,0.045340128535461696
-40.506453,200,206.898477,0.0,0.1839601805705832
-46.877725,200,207.355046,0.0,0.20501688113224836
-35.285746,200,207.49156,0.0,0.14966948433246144
-43.287337,200,207.611063,0.0,0.10597621283396666
-19.99031,80,207.658608,1.0,0.04548342507246454
-14.151725,26,207.673608,1.0,0.04277080908407518
-42.799284,200,207.79413,0.0,0.11416494161144912
-13.342364,65,207.832651,1.0,0.04638139595408497
-15.123867,39,207.85665,1.0,0.04602055218362439
-11.451377,36,207.878651,1.0,0.04100116443517435
-2.221587,23,207.89268,1.0,0.040214008325993054
-45.661292,200,208.006176,0.0,0.24645970702028577
-45.317822,200,208.118711,0.0,0.18063025997410942
-34.986039,200,208.232756,0.0,0.1989327169681848
-63.349328,200,208.34581,0.0,0.18375947746304575
-6.508005,26,208.363417,1.0,0.048681758248627145
-8.320854,37,208.386418,1.0,0.04518370551228944
-3.728401,21,208.400418,1.0,0.03670883998165889
-11.35068,39,208.424928,1.0,0.048976811146171494
-15.170403,30,208.445927,1.0,0.048455304483906725
-6.867112,47,208.473928,1.0,0.04460718266098745
-23.151903,157,208.949162,1.0,0.0419719330919046
-16.729377,66,209.00473,1.0,0.04940686987642323
-24.328587,123,209.081367,1.0,0.04890697976393917
-5.207926,31,209.100367,1.0,0.049967313406826176
-23.918585,132,209.177889,1.0,0.04237751050865163
-12.592973,49,209.204889,1.0,0.04416311941581828
-0.699199,7,209.209892,1.0,0.04925800308755856
-9.087104,41,209.233407,1.0,0.047163069551247355
-3.35031,41,209.258412,1.0,0.04837752074926201
-7.709847,32,209.277428,1.0,0.04700194066311016
-9.250814,44,209.306438,1.0,0.04878945724876784
-62.671965,200,209.420931,0.0,0.31229812419478825
-63.032129,200,209.533961,0.0,0.2525530130647068
-13.772671,41,209.557965,1.0,0.046886204459959245
-17.19621,48,209.583961,1.0,0.04437787634302758
-10.04324,48,209.610967,1.0,0.04942835816452617
-53.037404,200,209.723997,0.0,0.318577504707647
-10.50257,26,209.739006,1.0,0.0365541989514796
-11.633462,68,209.78056,1.0,0.03622978564318452
-16.458612,54,209.812069,1.0,0.04822076188240902
-16.984604,43,209.83558,1.0,0.04486363425200973
-46.075429,200,209.950097,0.0,0.20395068866325602
-53.182314,200,210.405173,0.0,0.1656886709524789
-48.868258,200,210.552207,0.0,0.2250627704139139
-13.227761,47,210.589209,1.0,0.04469851579185047
-15.689049,59,210.628719,1.0,0.049380649358955205
-19.456671,70,210.670721,1.0,0.04100114989530179
-21.961325,93,210.727254,1.0,0.046381016040185616
-26.907751,135,210.807272,1.0,0.046949051581749265
-1.764094,11,210.815292,1.0,0.03701152835773384
-26.082821,66,210.852778,1.0,0.04472227358491085
-64.270246,200,210.964305,0.0,0.2546939476913638
-50.661515,200,211.079831,0.0,0.15722423968384194
-17.750942,148,211.167043,1.0,0.04799258302750954
-30.994825,148,211.25756,1.0,0.04692780727686892
-35.031686,166,211.361091,1.0,0.042639566196900215
-0.049432,1,211.363091,1.0,0.04929066287117147
-40.012615,200,211.487658,0.0,0.13567059850213053
-3.990705,32,211.509657,1.0,0.04354045986751632
-50.018395,200,211.634341,0.0,0.3083286986114987
-14.6169,53,211.666383,1.0,0.04925417901414131
-36.207698,200,212.119568,0.0,0.16843197772428403
-65.120134,200,212.248624,0.0,0.2286620044540515
-4.491523,36,212.270624,1.0,0.04924114192288978
-12.744401,69,212.311633,1.0,0.034978068600460176
-5.097239,23,212.326151,1.0,0.04343757549619796
-13.830411,67,212.365151,1.0,0.042787531478428426
-13.859048,45,212.392151,1.0,0.04277170053531677
-10.803711,34,212.412157,1.0,0.043752570722215535
-10.021445,49,212.441674,1.0,0.04888372138884807
-51.625855,200,212.560577,0.0,0.1680145836021611
-12.822304,57,212.591581,1.0,0.041530728968419826
-51.879457,200,212.706104,0.0,0.1519593788409181
-55.279175,200,212.854145,0.0,0.2100668963839019
-3.072185,14,212.862145,1.0,0.04564201650270236
-37.266227,200,212.978662,0.0,0.10575664639513967
-40.63126,200,213.096179,0.0,0.09703209834410291
-11.489609,24,213.111186,1.0,0.03974798058866962
-46.851997,200,213.225209,0.0,0.12089850468706442
-7.008699,42,213.251215,1.0,0.04491170575122667
-36.459912,167,213.689298,1.0,0.04938541689143774
-11.866731,58,213.736315,1.0,0.04747433499338111
-0.455744,4,213.740315,1.0,0.0432253936655951
-7.741632,32,213.766315,1.0,0.042659585318045735
-16.106538,72,213.813326,1.0,0.02727625103145033
-56.192189,200,213.939347,0.0,0.18504158542795635
-56.032439,200,214.066857,0.0,0.16120805112119793
-26.708883,185,214.184705,1.0,0.04906934068719408
-45.183952,200,214.313245,0.0,0.1394976262320033
-19.814784,38,214.337875,1.0,0.042027282165366796
-81.188129,200,214.455451,0.0,0.37335637665508353
-4.344585,32,214.47645,1.0,0.04324964513859766
-16.136588,99,214.535966,1.0,0.049953037566299596
-8.481494,70,214.576969,1.0,0.04877339012897325
-56.80916,200,214.689491,0.0,0.19904596030265057
-12.01958,41,214.713496,1.0,0.041020957458756696
-1.046402,10,214.719495,1.0,0.04207895133296198
-7.970958,47,214.747006,1.0,0.04942968186920305
-65.074252,200,215.181139,0.0,0.29783171781455836
-2.625009,13,215.191141,1.0,0.043862950765642846
-10.894052,59,215.23366,1.0,0.0403546022707146
-18.225306,101,215.302153,1.0,0.044937223974326986
-36.836592,200,215.440181,0.0,0.13633257187338466
-8.579516,32,215.46045,1.0,0.048471753445482775
-12.346926,25,215.47445,1.0,0.04641785437235311
-12.386848,40,215.49745,1.0,0.04481291955405772
-33.953017,200,215.63448,0.0,0.15265809834029892
-6.943875,35,215.654485,1.0,0.03677529511423852
-5.282575,39,215.678485,1.0,0.047542017542856814
-37.555598,200,215.815017,0.0,0.11671658530613929
-48.888617,200,215.970048,0.0,0.09250015830070432
-15.90712,43,216.005051,1.0,0.04689678218039668
-60.827374,200,216.159797,0.0,0.3115195018892315
-13.709333,29,216.183798,1.0,0.04990763054756307
-2.612718,13,216.193795,1.0,0.045955826274556105
-18.874043,67,216.233313,1.0,0.04795381385757007
-2.804302,12,216.241314,1.0,0.04756704299551241
-44.882943,200,216.364841,0.0,0.1896002058016194
-30.959376,200,216.498368,0.0,0.12095112994056846
-17.161074,25,216.515371,1.0,0.03234080941082845
-16.327563,60,216.564884,1.0,0.04787908810292668
-15.369736,68,216.987733,1.0,0.043029785954010115
-12.009369,59,217.036253,1.0,0.04989412244600553
-5.824714,37,217.067251,1.0,0.04610851235578494
-47.26224,200,217.222075,0.0,0.16094540445825198
-4.210772,16,217.230581,1.0,0.028185713258758443
-14.891308,78,217.276581,1.0,0.04833077115394171
-18.472018,66,217.316597,1.0,0.04709368209338153
-7.131066,30,217.336079,1.0,0.046243089626384154
-15.352183,69,217.377079,1.0,0.046324968521927454
-20.353424,56,217.408079,1.0,0.04716940306795648
-11.334533,38,217.43161,1.0,0.04924266977147902
-63.633228,200,217.554126,0.0,0.21779832175791822
-3.905919,16,217.565125,1.0,0.02882540657303053
-31.977075,200,217.688622,0.0,0.18178392590367382
-12.10997,80,217.735143,1.0,0.043595433342737556
-17.03388,48,217.766145,1.0,0.04999187639914105
-6.730433,23,217.781143,1.0,0.03871700218363938
-0.367813,5,217.785143,1.0,0.04681283385239649
-32.308621,200,217.906673,0.0,0.15429067399307925
-17.94574,66,217.946192,1.0,0.048189131725765104
-20.716429,128,218.025745,1.0,0.049776660813814065
-0.028529,1,218.027251,1.0,0.0283876185503807
-14.435586,65,218.066257,1.0,0.046974780652984445
-13.551279,39,218.091257,1.0,0.04859449674050159
-15.914934,55,218.123263,1.0,0.04254658706497845
-45.403768,200,218.233286,0.0,0.28004104196095975
-44.74551,200,218.652349,0.0,0.18045367432150852
-5.07057,31,218.673347,1.0,0.034449861517868725
-88.270274,200,218.799289,0.0,0.30088471208617124
-39.668318,200,218.920828,0.0,0.21402443965465046
-6.865818,22,218.935347,1.0,0.04151163533275919
-43.873132,200,219.054862,0.0,0.14178001573472485
-19.598768,56,219.084864,1.0,0.047562417636211385
-5.03133,27,219.105863,1.0,0.04678196435263033
-7.687769,62,219.143381,1.0,0.04158931608654044
-20.48735,57,219.178383,1.0,0.042272509025114945
-10.033357,28,219.195383,1.0,0.04986900745961191
-41.666807,200,219.316146,0.0,0.10820177880003512
-13.508645,63,219.353673,1.0,0.04929665306583419
-8.058115,50,219.383673,1.0,0.04635278754187545
-0.201476,3,219.386673,1.0,0.04490296494267107
-46.407191,200,219.513213,0.0,0.17072455980601065
-64.991883,200,219.640263,0.0,0.27119891123074125
-51.915964,200,219.764212,0.0,0.30609482574247476
-42.098546,200,220.201904,0.0,0.1633896326080625
-22.835549,160,220.305416,1.0,0.04892251467277507
-14.900309,79,220.359929,1.0,0.04282427775568154
-14.9606,27,220.376931,1.0,0.04024831778536498
-7.027387,32,220.396932,1.0,0.042124954207938964
-13.791445,56,220.431484,1.0,0.046994560875895784
-11.00931,41,220.459481,1.0,0.04723751375475319
-13.473675,61,220.49548,1.0,0.041397593944851666
-76.318333,200,220.611044,0.0,0.3604663730970877
-6.647085,27,220.62705,1.0,0.047295703980995356
-51.046255,200,220.743678,0.0,0.24879665414989427
-6.939799,41,220.768677,1.0,0.04205633340292455
-5.491646,30,220.787677,1.0,0.040736852516187055
-2.64529,18,220.798678,1.0,0.042088036065982576
-7.585685,36,220.819686,1.0,0.04433210312841306
-5.335497,40,220.843207,1.0,0.043849224892319544
-9.553677,62,220.878204,1.0,0.048670629794262926
-25.143804,176,220.975738,1.0,0.04543701703532048
-11.066742,32,220.994728,1.0,0.03981628082231924
-9.237986,34,221.014734,1.0,0.04402424014986225
-1.045113,9,221.020734,1.0,0.035305562276232806
-23.939271,65,221.05785,1.0,0.04706914820904514
-8.533255,24,221.07185,1.0,0.0471522568233828
-8.727024,49,221.10085,1.0,0.04675808292165963
-51.184087,200,221.215368,0.0,0.24274682984505389
-40.878528,200,221.330343,0.0,0.14987930082576081
-17.115926,56,221.363339,1.0,0.039004327726621296
-12.688356,24,221.67687,1.0,0.04215251548201021
-14.372581,39,221.708867,1.0,0.047461206459612285
-8.405432,40,221.733375,1.0,0.049280628093955704
-29.699424,134,221.822379,1.0,0.04634227970828092
-4.617886,15,221.832886,1.0,0.04533446384509545
-25.385345,105,221.900891,1.0,0.04506021910777321
-34.794293,200,222.020929,0.0,0.12963570461351484
-7.807548,44,222.04845,1.0,0.04462085283817555
-71.527387,200,222.181973,0.0,0.32669521323372874
-46.007372,200,222.310496,0.0,0.20715783773562108
-0.040773,1,222.312496,1.0,0.04063167039011011
-64.250716,200,222.436613,0.0,0.29067463406314525
-7.042102,37,222.462611,1.0,0.04185685115361457
-3.46431,27,222.48161,1.0,0.03868440533028205
-1.857118,24,222.499609,1.0,0.048954979610662905
-3.652716,25,222.517584,1.0,0.04904300673914715
-5.800838,16,222.530696,1.0,0.03359839991215945
-13.997249,103,222.593204,1.0,0.042459462527182204
-8.257524,35,222.614202,1.0,0.04902650422340933
-4.73713,23,222.628794,1.0,0.03858958175049648
-41.24441,200,222.740513,0.0,0.1000278849436112
-16.566786,26,222.756501,1.0,0.027496675067708084
-0.603667,7,222.761501,1.0,0.046152310342628136
-6.985831,42,222.785503,1.0,0.04936747633514836
-34.614688,200,222.901032,0.0,0.11128837329783914
-0.797892,5,222.904032,1.0,0.020186013977103193
-10.530146,36,222.926041,1.0,0.0459433434819727
-45.579701,200,223.376667,0.0,0.12182633269857561
-52.785913,200,223.505654,0.0,0.2062120850872577
-50.163843,200,223.624106,0.0,0.1662898502223061
-5.56429,31,223.648616,1.0,0.04739877138405308
-44.923342,200,223.761896,0.0,0.1734049969036038
-65.223213,200,223.878464,0.0,0.32856269359581186
-13.079312,38,223.901465,1.0,0.04934725037450242
-11.646958,32,223.918479,1.0,0.037942171353062513
-12.208043,80,223.964019,1.0,0.04930890440119643
-72.10985,200,224.077587,0.0,0.38395883028203115
-8.113498,26,224.094583,1.0,0.04258626497144022
-68.276663,200,224.20783,0.0,0.3432330445728786
-43.987981,200,224.323353,0.0,0.20820797582931164
-15.922857,29,224.339864,1.0,0.044948067247564436
-0.027049,1,224.341864,1.0,0.026907644060471282
-7.422969,32,224.359864,1.0,0.037233510600248224
-16.350307,56,224.392864,1.0,0.04601312393512978
-16.55859,24,224.406873,1.0,0.04778458672059702
-58.704275,200,224.828464,0.0,0.2533778687393642
-15.734923,63,224.879971,1.0,0.03973424138695784
-49.515351,200,225.022498,0.0,0.24990334764518402
-5.380645,28,225.041011,1.0,0.03820419564512664
-9.603661,43,225.06901,1.0,0.04628958424683748
-6.893256,31,225.089011,1.0,0.04476877809072757
-88.507381,200,225.218532,0.0,0.36670467760626285
-17.632593,73,225.264505,1.0,0.04720848523366733
-12.254477,54,225.298486,1.0,0.049472570758799024
-103.73343,200,225.416791,0.0,0.44822660841715506
-35.980053,200,225.53348,0.0,0.10605905004255654
-11.837595,54,225.56548,1.0,0.041053499002681605
-6.262614,31,225.58348,1.0,0.040988567077711445
-11.761276,28,225.60048,1.0,0.043315343358744866
-31.539535,200,225.714018,0.0,0.1381630944533297
-61.419057,200,225.826556,0.0,0.26009550511032586
-6.150239,42,225.851068,1.0,0.04576315839676036
-5.060469,17,225.861068,1.0,0.018128124292609984
-19.350019,94,225.915068,1.0,0.04641312733106525
-6.487016,31,225.934585,1.0,0.045736417112197135
-71.696404,200,226.360586,0.0,0.3306908011860961
-54.493874,200,226.505111,0.0,0.22364318256206886
-40.461462,200,226.635233,0.0,0.09672456689668524
-32.134109,164,226.73275,1.0,0.03892122593581565
-21.395693,80,226.77975,1.0,0.04417228812859828
-5.655889,23,226.79475,1.0,0.02252788108150882
-1.105534,11,226.80075,1.0,0.04436863436000958
-15.164081,57,226.835316,1.0,0.047705580267409634
-20.935788,53,226.863322,1.0,0.04772644044078988
-14.424974,52,226.895323,1.0,0.04152526705155575
-12.177356,55,226.928327,1.0,0.03990124700943835
-11.305573,68,226.968839,1.0,0.04452074163812446
-53.374581,200,227.085358,0.0,0.22327573692338573
-7.171631,51,227.115358,1.0,0.04930751350878646
-7.33818,34,227.136876,1.0,0.04103716831723536
-35.645734,200,227.252395,0.0,0.11798167681653415
-25.346755,145,227.332925,1.0,0.045822234885330264
-38.185848,200,227.446445,0.0,0.1714882088657408
-28.57308,200,227.564778,0.0,0.10095340940798922
-12.870728,24,227.579777,1.0,0.03662525830726189
-16.595153,38,227.953262,1.0,0.0491110843234911
-59.412725,200,228.109116,0.0,0.23298166102197698
-31.984967,200,228.226889,0.0,0.07264836394808792
-9.911113,32,228.247406,1.0,0.04994705455261638
-63.717396,200,228.362937,0.0,0.3099001960649353
-13.733495,86,228.415934,1.0,0.0453042952887851
-37.91647,200,228.539975,0.0,0.12668945388149844
-6.485572,27,228.561976,1.0,0.04765422989853789
-24.200935,91,228.623982,1.0,0.04970461085322504
-11.793201,69,228.670494,1.0,0.04571143632820087
-17.345455,44,228.697494,1.0,0.04462322752042328
-7.890357,31,228.717499,1.0,0.049239149465799735
-36.194322,200,228.837101,0.0,0.11216262158906595
-8.825666,38,228.863098,1.0,0.04429708989172548
-19.50787,56,228.894098,1.0,0.04514238067480936
-66.144716,200,229.004565,0.0,0.22589389034242033
-20.107771,49,229.033084,1.0,0.04722372767962034
-7.807047,22,229.046084,1.0,0.036476606362640274
-6.907733,31,229.065084,1.0,0.043612535207498866
-4.756169,28,229.082086,1.0,0.04592852084877658
-16.172479,43,229.105085,1.0,0.04232920543852705
