#{"t_start": 1776692060.821627, "env_id": null}
r,l,t,is_success,final_distance,tau_sum_total,episode_energy,episode_mean_tau_sum
-147.406853,200,1.300545,0.0,0.7284425993964456,3508.8574114654934,20.160450768207355,17.544287057327466
-102.147199,200,1.428661,0.0,0.4694853519538279,3433.584452419203,19.385186357502636,17.167922262096013
-121.355852,200,1.548139,0.0,0.5702654263388381,3499.7115314690127,20.56170801339939,17.498557657345064
-148.690902,200,1.670664,0.0,0.7067067563765206,3381.9258633518252,19.342133858357272,16.909629316759126
-145.865331,200,1.793226,0.0,0.7674399064877853,3346.763713212299,19.094594735323312,16.733818566061494
-82.997323,200,1.913722,0.0,0.4120182712870765,3442.2616639772323,19.732703806519194,17.21130831988616
-160.052234,200,2.029798,0.0,0.7855877402390758,3581.5531826792308,19.62373708649452,17.907765913396155
-170.23013,200,2.144359,0.0,0.8739303427251268,3274.717203340395,19.167317439493218,16.373586016701974
-46.116498,200,2.262923,0.0,0.22834648577181796,3555.383607938005,20.119571145017215,17.776918039690024
-123.797801,200,2.379436,0.0,0.6820203600376324,3558.903055699074,20.54901436658414,17.794515278495368
-131.18438,200,2.802067,0.0,0.5377114761672819,3637.277149344489,20.32287743929331,18.186385746722443
-71.145949,200,2.930686,0.0,0.46761465446785166,3310.68559692857,19.442234521445087,16.55342798464285
-163.336851,200,3.057504,0.0,0.8116701866630103,3240.863743890972,18.743847227325137,16.20431871945486
-63.307687,200,3.183392,0.0,0.2601450757854392,3413.1633197243727,19.42046142726298,17.065816598621865
-102.24741,200,3.312913,0.0,0.6346794706499614,3528.819784146382,20.157307664642936,17.64409892073191
-180.913401,200,3.450647,0.0,0.8839536475735249,3372.57284208473,18.8363598105171,16.86286421042365
-82.588441,200,3.576173,0.0,0.42443658826865915,3414.183925819954,19.887020597254647,17.07091962909977
-63.334174,200,3.701797,0.0,0.31855180571723674,3592.000871074292,20.11208703696163,17.96000435537146
-123.69463,200,3.829883,0.0,0.5905693796242213,3678.550586811347,21.017832229159126,18.392752934056734
-181.166628,200,3.955439,0.0,0.8926218912021161,3488.079166973598,20.51149994270649,17.440395834867992
-146.76139,200,4.382631,0.0,0.7211917368221302,3354.613834788977,19.453241088625898,16.773069173944883
-124.387163,200,4.52016,0.0,0.8258428789031828,3292.1068539456332,19.704467362522347,16.460534269728168
-52.412729,200,4.647188,0.0,0.3123150963500112,3394.0788139333977,19.433864281904423,16.970394069666987
-108.837301,200,4.770712,0.0,0.4316109782658497,3397.881191166237,20.220916483584002,16.989405955831185
-75.713055,200,4.898058,0.0,0.3634552803924472,3349.5175185567587,19.145444695454774,16.747587592783795
-55.550451,200,5.021599,0.0,0.1847369010871644,3519.5372621874058,20.376508537125623,17.59768631093703
-98.198779,200,5.146667,0.0,0.6207018052285527,3263.349947185177,19.75854576192035,16.316749735925885
-105.472316,200,5.273589,0.0,0.5526772183673999,3517.4801105536017,20.434427602861767,17.58740055276801
-175.792501,200,5.397303,0.0,0.8987150869381473,3522.741646033489,20.44745169313655,17.613708230167443
-109.948563,200,5.519837,0.0,0.4005080065245861,3497.566193783598,20.112179149738694,17.48783096891799
-83.199431,200,5.976346,0.0,0.47297374621203797,3452.3071959945128,20.194762971295564,17.261535979972564
-110.126298,200,6.114871,0.0,0.5485751709587082,3289.6049501821844,19.200548400936103,16.44802475091092
-107.053299,200,6.241901,0.0,0.5529023184444001,3429.07560179797,19.521248978814494,17.14537800898985
-62.001184,200,6.37252,0.0,0.31581930368743033,3163.168873937989,18.451254315103654,15.815844369689945
-109.898123,200,6.503091,0.0,0.43904695243115616,3182.7174895288967,18.583502807816853,15.913587447644483
-87.272222,200,6.630175,0.0,0.38360286165700447,3352.6041639654686,19.095723901323392,16.763020819827343
-118.715089,200,6.754277,0.0,0.649589732925293,3210.196853259481,19.24359599216634,16.050984266297405
-94.287401,200,6.878715,0.0,0.38408125605244936,3291.496075310639,19.054992923085496,16.457480376553193
-63.55207,200,7.001266,0.0,0.2601136670086173,3307.9415611525646,19.967302379834724,16.539707805762824
-44.253084,200,7.12182,0.0,0.19934305445163514,3344.504313615411,19.4171060688601,16.722521568077056
-135.162786,200,7.575207,0.0,0.6631276367054402,3437.8779419501657,19.826817996961644,17.189389709750827
-177.486559,200,7.721303,0.0,0.840342084547445,3634.8155269303766,20.394130895842654,18.174077634651884
-103.627955,200,7.851408,0.0,0.5263671711681488,3531.2821808108315,20.904829413515444,17.65641090405416
-124.831547,200,7.978938,0.0,0.6073753644371699,3400.670082251159,19.893676980448202,17.003350411255795
-89.713638,200,8.105972,0.0,0.33214359396400595,3380.256966774566,19.901258384420935,16.90128483387283
-174.272155,200,8.236645,0.0,0.8626954424202811,3461.000411622602,20.161898066872634,17.305002058113008
-118.465685,200,8.370706,0.0,0.5770369285587579,3491.5629368031377,20.719389167473224,17.457814684015688
-108.717828,200,8.506223,0.0,0.4250260234759758,3270.8674470818487,19.135106676153892,16.354337235409243
-72.060558,200,8.637252,0.0,0.35840986962374055,3122.7565920507973,18.404284510726765,15.613782960253987
-122.277066,200,8.762749,0.0,0.6136948458559579,3474.753625057198,19.88579492079021,17.37376812528599
-62.311964,200,8.887841,0.0,0.27970794896679324,3551.787222456417,20.698475305606376,17.758936112282086
-80.70778,200,9.402415,0.0,0.3650190569949383,3487.055393380623,19.994044931083867,17.435276966903118
-135.253037,200,9.550451,0.0,0.7342081606841548,3422.025887139584,20.304516895990826,17.11012943569792
-75.51855,200,9.686111,0.0,0.33593733455495456,3323.908578901466,19.40463162666424,16.61954289450733
-168.715804,200,9.818433,0.0,0.7664142632540324,3340.4742071474384,19.39073649954152,16.70237103573719
-119.549535,200,9.947987,0.0,0.6353187581578967,3652.757535781975,21.02953106107002,18.263787678909875
-70.062447,200,10.075574,0.0,0.2574902968123252,3498.0702720667427,20.868516843423766,17.490351360333715
-128.631361,200,10.202087,0.0,0.6409619430717288,3090.7820896197704,19.00311284915512,15.453910448098853
-45.153952,200,10.329116,0.0,0.12025232365891311,3531.8450116211825,20.332007179704135,17.659225058105914
-73.774178,200,10.449697,0.0,0.29798459286570855,3370.1927429967363,19.677150251552394,16.85096371498368
-133.755355,200,10.574236,0.0,0.6519701559415982,3352.1512865337795,19.704854848707015,16.7607564326689
-58.69942,200,11.007421,0.0,0.2084964181826643,3630.412642753801,20.875364642681596,18.152063213769004
-152.657616,200,11.158019,0.0,0.752310837746382,3561.675809601289,20.579136029330463,17.808379048006444
-97.317353,200,11.291074,0.0,0.3655659933448126,3490.2932117917308,19.887526731213438,17.451466058958655
-99.491437,200,11.428665,0.0,0.47615042433439403,3316.3347211025152,19.548609067819765,16.581673605512577
-87.018856,200,11.562963,0.0,0.415239235412212,3416.7923392024104,19.69085579637072,17.083961696012054
-47.189723,200,11.690441,0.0,0.3584783371962439,3266.4085041117223,19.817963258132213,16.332042520558613
-107.224586,200,11.816005,0.0,0.43237091905250913,3305.4647158020794,19.341230029061617,16.527323579010396
-92.636985,200,11.94241,0.0,0.410248690382381,3391.7575364587606,20.392822670956328,16.958787682293803
-117.462334,200,12.067112,0.0,0.5689768416704957,3498.348736701809,20.742536576449194,17.491743683509043
-65.008518,200,12.187634,0.0,0.30752665973896265,3340.5354675905996,19.464052563706,16.702677337953
-45.615066,200,12.633243,0.0,0.19399639807151262,3487.565126253066,20.552612068770618,17.43782563126533
-109.844892,200,12.771755,0.0,0.44733665721639687,3243.5537242050973,19.27813966687194,16.217768621025485
-38.316229,200,12.89793,0.0,0.13966846299684602,3256.575312061922,19.46820073009207,16.28287656030961
-37.197023,200,13.02552,0.0,0.18034142561352826,3368.7901384461784,19.349970013240572,16.84395069223089
-27.798294,200,13.149468,0.0,0.1614154568159535,3270.8167697181675,18.908154324405714,16.354083848590836
-160.073346,200,13.274055,0.0,0.7580725762733022,3228.7269417805296,18.931572245116325,16.14363470890265
-161.459953,200,13.397108,0.0,0.6826547928977932,3190.873149014334,18.81498452201227,15.954365745071671
-70.137228,200,13.52311,0.0,0.26050239635620365,3124.9986249966114,18.27522857890339,15.624993124983057
-118.530375,200,13.649013,0.0,0.45181995281568943,3434.764193199154,19.04909218497444,17.17382096599577
-109.291855,200,13.765533,0.0,0.3752103566152728,3579.965663324234,21.240045357887514,17.899828316621168
-66.333812,200,14.202759,0.0,0.36671897419103466,3520.2065289286043,20.844075183858752,17.60103264464302
-80.297304,200,14.341463,0.0,0.3764073938133044,3385.825853158632,19.218178239633172,16.92912926579316
-106.31508,200,14.466994,0.0,0.43565220239302116,3147.0135215264504,19.337693314573077,15.735067607632253
-69.768941,200,14.595506,0.0,0.25097619229354534,3615.453202710146,20.03886147693645,18.07726601355073
-152.422783,200,14.728069,0.0,0.5757676797476118,3378.7240382107057,19.888232719029098,16.89362019105353
-63.658813,200,14.851279,0.0,0.23685016513593915,3374.1080117507927,19.935294355913467,16.870540058753964
-69.986622,200,14.974828,0.0,0.24382831945445904,3552.6220670917755,20.595322317846964,17.763110335458876
-81.385264,200,15.104358,0.0,0.4019856776850618,3125.5989798069313,18.63423605198897,15.627994899034656
-129.378329,200,15.228913,0.0,0.6309250205134705,3478.6954754039903,19.286776451665528,17.393477377019952
-140.376695,200,15.348553,0.0,0.5700420604022765,3435.0254673757045,20.342662145969,17.17512733687852
-71.405616,200,15.467046,0.0,0.34274463223402896,3505.7004236486737,20.49167396048697,17.528502118243367
-56.528695,200,15.894481,0.0,0.17687522062758226,3374.022928467466,19.732168924320415,16.87011464233733
-87.474533,200,16.028998,0.0,0.2803560023942169,3297.5649409055754,19.590994860501645,16.487824704527878
-157.656663,200,16.154049,0.0,0.5707954593347653,3122.8380310703137,18.168680329999688,15.614190155351569
-126.795978,200,16.283418,0.0,0.5738002839740979,3350.6820768941684,19.73965125647648,16.753410384470843
-70.427677,200,16.412512,0.0,0.220011719272099,3343.103270628242,19.873012514550524,16.71551635314121
-116.342433,200,16.541219,0.0,0.46718925137383216,3423.0643468318285,19.66720808000565,17.115321734159142
-172.876809,200,16.673711,0.0,0.8245931992039823,3318.474352412495,18.98338974083571,16.592371762062477
-154.465846,200,16.804231,0.0,0.7832650138233609,3243.690341384987,19.084622247341652,16.218451706924935
-106.006839,200,16.923264,0.0,0.47496551968814843,3158.188284267298,18.724210047160817,15.790941421336491
-35.66717,123,16.998706,1.0,0.04905330709832844,2097.1036209317103,11.660776656677747,17.049622934404148
-55.8438,200,17.443273,0.0,0.17537531992829258,3363.6733912540694,20.26023866460923,16.818366956270346
-53.927946,200,17.585756,0.0,0.17919982293479733,3363.1497160739077,19.91603192752782,16.81574858036954
-132.240667,200,17.713312,0.0,0.47567185864173245,3360.451762808906,19.321882784131233,16.80225881404453
-62.89014,200,17.837289,0.0,0.44205386150062675,3226.778796930898,18.75194784281438,16.133893984654488
-154.453924,200,17.959827,0.0,0.7503431076949757,3332.549806999966,19.661457293644382,16.66274903499983
-137.541636,200,18.08435,0.0,0.5796860873374694,3216.8592405028917,18.833283388993866,16.08429620251446
-136.997326,200,18.208871,0.0,0.6687460994470736,3521.0214536889443,20.815162477854006,17.605107268444723
-69.775998,200,18.331429,0.0,0.27661961832827076,3412.693378652491,19.890617086923637,17.063466893262454
-64.356137,200,18.460736,0.0,0.36110421045207686,3536.8476802327496,20.35884456032714,17.684238401163746
-131.518647,200,18.583053,0.0,0.6452192953426888,3292.8992889900505,19.30613059670511,16.464496444950253
-113.194811,200,18.706136,0.0,0.5436356998418977,3120.8869908719216,18.865252199789257,15.604434954359608
-173.93086,200,19.172745,0.0,0.7709393667205545,3466.98385730163,19.98513210128004,17.33491928650815
-79.091511,200,19.308196,0.0,0.2906132967715093,3121.925284190326,18.193629837769734,15.60962642095163
-83.52841,200,19.432739,0.0,0.22154590208417616,3225.0934838917487,18.538637280964757,16.125467419458744
-122.263916,200,19.564646,0.0,0.5600253828427594,3127.532110711185,18.94150342850272,15.637660553555925
-94.752518,200,19.691169,0.0,0.43796528899071385,3354.470965074884,19.69405196235366,16.77235482537442
-116.184568,200,19.81269,0.0,0.4010664660164121,3398.698432976593,19.7235217731077,16.993492164882966
-51.776356,200,19.932688,0.0,0.20320590631923624,3514.8441988642294,20.685291617164992,17.57422099432115
-112.492002,200,20.058227,0.0,0.3318096546010015,3379.6496402496905,19.68612015669393,16.898248201248453
-126.983541,200,20.180735,0.0,0.5203364368588961,3288.407095423003,19.468432191093413,16.442035477115013
-103.300618,200,20.30226,0.0,0.3887099001635102,3385.1392615078503,19.66490624060638,16.92569630753925
-125.9615,200,20.741323,0.0,0.6026972074506022,3313.770183557571,18.95285829471572,16.568850917787856
-59.097751,200,20.877512,0.0,0.30754913962125013,3413.560362329298,19.827624954789314,17.06780181164649
-74.543135,200,21.003979,0.0,0.2441128425998579,3397.1211857866983,19.133764093803947,16.98560592893349
-180.541358,200,21.12551,0.0,0.7735501842197655,3518.1969677995194,20.656697399147085,17.590984838997596
-51.10658,200,21.251558,0.0,0.25782266426452305,3094.955557516997,17.85827052934621,15.474777787584985
-89.395104,200,21.381081,0.0,0.3916705274853718,3338.29308423537,19.52600648981619,16.69146542117685
-181.688365,200,21.500615,0.0,0.8607237310891048,3252.691730829537,19.109470608793867,16.263458654147684
-176.905167,200,21.625159,0.0,0.8321040228761624,3084.9868045963417,18.900076980810567,15.42493402298171
-60.600823,200,21.746171,0.0,0.3101860758332714,3112.3160937400803,18.64148376286704,15.561580468700402
-83.947094,200,21.865678,0.0,0.38731449380690514,3393.263978598658,20.708970361524557,16.96631989299329
-161.200469,200,22.303822,0.0,0.6458645682588068,3266.4357840410216,19.26824405799064,16.33217892020511
-171.105458,200,22.448839,0.0,0.7566105952361304,3553.405602427083,20.418908753941132,17.767028012135416
-71.892405,200,22.5739,0.0,0.3341848414692395,3762.2811192668382,21.10210020645274,18.81140559633419
-61.903224,200,22.698446,0.0,0.30080722823469924,3219.238196495967,18.732742604513273,16.096190982479833
-43.415818,200,22.822978,0.0,0.1421334927954574,3519.4153743694037,20.502663512451477,17.59707687184702
-148.009984,200,22.949992,0.0,0.608593120324652,3114.3130953013006,18.399855945177432,15.571565476506503
-123.8297,200,23.073821,0.0,0.4976570431468678,3185.040069032131,18.91320065609443,15.925200345160656
-124.575301,200,23.197345,0.0,0.5936878721808908,2978.550499882592,17.62779468380213,14.892752499412959
-151.923055,200,23.328057,0.0,0.5785657747989781,3386.8593353967335,19.406142360837062,16.934296676983667
-54.296667,200,23.454125,0.0,0.3086923880228055,3428.445762908265,20.120774428783722,17.142228814541326
-132.476216,200,23.896808,0.0,0.6573329097641414,3319.117757809379,19.96792050451448,16.595588789046893
-128.916007,200,24.038825,0.0,0.6313212231212794,3442.5052780334154,20.46085280371885,17.212526390167078
-173.782579,200,24.166332,0.0,0.8480638636815128,3299.4913861171135,18.49520940429275,16.497456930585567
-166.542474,200,24.290856,0.0,0.8130087722184897,3147.873938444014,19.279328883638552,15.739369692220071
-72.263604,200,24.415354,0.0,0.3476117074126864,3506.1392628644176,20.324819339369373,17.53069631432209
-47.899205,200,24.541385,0.0,0.12615777387601743,3663.1412197926948,20.81804104005019,18.315706098963474
-123.763083,200,24.665906,0.0,0.533464323046871,3710.863540539621,20.94940639040674,18.554317702698107
-58.025269,200,24.784408,0.0,0.2620430263195153,3441.7182814060966,20.01849023347057,17.208591407030482
-58.353756,200,24.907763,0.0,0.2966305177167075,3374.1495959276913,20.12886880120311,16.870747979638455
-94.190967,200,25.03231,0.0,0.37475375512722914,3250.663003461722,20.049312204817063,16.25331501730861
-109.952987,200,25.46525,0.0,0.48595989438718795,3465.424263225514,20.053693063756103,17.32712131612757
-102.421802,200,25.614086,0.0,0.4207857817324874,3490.5448349656785,20.67824795148407,17.452724174828393
-44.733047,200,25.741904,0.0,0.18783366191875012,3417.4011990548092,19.434354534829875,17.087005995274048
-172.051121,200,25.866393,0.0,0.8186304287937397,3440.195665019099,19.7494025854678,17.200978325095495
-140.770328,200,25.988928,0.0,0.5553864201791326,3351.8977621163012,19.314926866265807,16.759488810581505
-51.497022,200,26.114482,0.0,0.24508331363756405,3387.0311894455454,19.677167049865105,16.935155947227727
-111.098825,200,26.239524,0.0,0.4416703764884455,3049.2495234182365,19.00406155355331,15.246247617091182
-171.01188,200,26.364913,0.0,0.7883761135714887,3252.8885752601373,19.309917860855816,16.264442876300688
-126.146786,200,26.490437,0.0,0.6015667348089807,3000.3130289602896,17.843688000003887,15.001565144801448
-44.909556,200,26.613667,0.0,0.17186005174692534,3222.4853041212928,19.146786120926937,16.112426520606462
-156.371258,200,26.732189,0.0,0.6842338104106246,3560.1921943831207,20.351882987335713,17.800960971915604
-104.082681,200,27.227717,0.0,0.4237040443596787,3438.6482578099726,19.934401273407644,17.193241289049862
-164.553674,200,27.382425,0.0,0.7993215223372174,3430.4179965540393,19.49527763584234,17.152089982770196
-23.501985,200,27.507555,0.0,0.11009272477870807,3481.6702807997126,20.68835116216451,17.408351403998562
-79.319633,200,27.63712,0.0,0.39227687714965276,3335.276483961392,19.450440809330097,16.67638241980696
-71.52699,200,27.764644,0.0,0.2721251180241811,3612.330906054392,20.517753745541107,18.06165453027196
-161.430051,200,27.894224,0.0,0.7450076819652147,3573.064381630649,20.26997769247677,17.865321908153245
-148.877688,200,28.029528,0.0,0.7394031141762086,3509.787791018343,20.184572761102274,17.548938955091714
-102.974819,200,28.161582,0.0,0.47084677523758517,3607.983308835946,20.67046736182478,18.03991654417973
-39.07407,200,28.288112,0.0,0.18985100872010272,3178.177499584049,18.656256633597486,15.890887497920247
-131.521164,200,28.406641,0.0,0.5304190171878282,3295.2588704260875,19.61921434010775,16.476294352130438
-80.824592,200,28.858701,0.0,0.3177981513537347,3456.249885726439,20.38013564091038,17.281249428632194
-151.378949,200,29.00185,0.0,0.729920965631378,3602.926071351098,21.159738797573972,18.01463035675549
-151.911916,200,29.124776,0.0,0.5497780907540252,3257.314816717339,19.711365846046334,16.286574083586697
-129.030058,200,29.253843,0.0,0.564479992594232,3333.861068886722,19.154259567595084,16.66930534443361
-137.807029,200,29.375389,0.0,0.6384712764603868,3331.918503049398,19.17911700385403,16.65959251524699
-57.309601,200,29.505089,0.0,0.23004093925862273,3467.1462251901758,20.05252405123157,17.33573112595088
-76.482225,200,29.633657,0.0,0.3125792340429127,3368.6438902392183,19.517732390559008,16.84321945119609
-174.048819,200,29.757734,0.0,0.8742049442124584,3391.0007766950503,19.63942094141349,16.95500388347525
-45.450334,200,29.880267,0.0,0.21976746744339481,3361.821178392099,19.474508511173234,16.809105891960495
-75.212405,200,29.998796,0.0,0.323151465719706,3299.3456492728887,20.61974181051356,16.496728246364444
-125.893995,200,30.442466,0.0,0.4676629313003515,3503.860646964436,20.2029147532717,17.51930323482218
-88.14745,200,30.59198,0.0,0.3717535569012138,3400.5662123691955,19.669485570932416,17.002831061845978
-84.236124,200,30.721503,0.0,0.3145759464233666,3343.333539145926,19.501778743698026,16.71666769572963
-116.394692,200,30.849495,0.0,0.5173898353951327,3076.8109495425524,18.64708698705718,15.384054747712762
-157.057275,200,30.977019,0.0,0.7586277677327842,3240.3327339545626,19.502777430242947,16.201663669772813
-103.31078,200,31.098541,0.0,0.4338155824683822,3224.975646045539,19.288800522882525,16.124878230227697
-158.240688,200,31.226105,0.0,0.686927977534321,3491.6184461276953,20.219227637250867,17.458092230638478
-115.559169,200,31.351099,0.0,0.5556914806205091,3264.7431205598073,19.145687464512683,16.323715602799037
-71.213615,200,31.477673,0.0,0.3367579125083851,3506.027730198359,19.80347032985032,17.530138650991795
-125.360539,200,31.597221,0.0,0.5360871801523823,3138.9604026621696,18.681973760537524,15.694802013310849
-37.567818,200,32.027815,0.0,0.17254227666712188,3340.7513802053195,19.503616421214744,16.703756901026598
-73.124228,200,32.156837,0.0,0.2306276538199619,3443.025683881124,20.155438013461225,17.21512841940562
-73.782175,200,32.290351,0.0,0.3286215481812899,3369.046766588377,19.45018313808075,16.845233832941886
-130.186686,200,32.416888,0.0,0.6432721767338195,3482.423493493496,19.915461941100443,17.412117467467482
-96.216492,200,32.540945,0.0,0.44501136929157964,3377.9176673185316,19.21540451141066,16.88958833659266
-42.788876,200,32.668518,0.0,0.13902799723262413,3436.82659585145,19.96543971562826,17.18413297925725
-130.002682,200,32.795036,0.0,0.5711021849696037,3505.5832884211727,20.135880212012943,17.527916442105862
-134.383445,200,32.916726,0.0,0.5326246889071556,3213.5933626924025,18.913991748615313,16.06796681346201
-77.954651,200,33.044579,0.0,0.3118382191340566,3562.7784884919674,20.282041393592824,17.81389244245984
-39.981669,200,33.168104,0.0,0.17417596977283759,3392.130555121981,20.183133015618726,16.960652775609905
-50.848282,200,33.290647,0.0,0.23920849040000883,3444.169968150913,19.86271594519854,17.220849840754564
-169.218263,200,33.708754,0.0,0.83224782752836,3520.314275948866,20.228516354414516,17.60157137974433
-177.1618,200,33.840775,0.0,0.8803214129152913,3313.2213839756314,19.489414863228703,16.566106919878155
-143.815039,200,33.975682,0.0,0.7074660639509471,3407.881876748182,19.58803580222725,17.03940938374091
-150.249628,200,34.10412,0.0,0.7427819456087086,3410.024252884794,19.660636505788094,17.050121264423968
-37.610955,200,34.230114,0.0,0.25112178372272415,3440.895085557146,20.494644739113962,17.20447542778573
-92.052408,200,34.356196,0.0,0.4289104794212479,3156.2863133628475,18.318069960553448,15.781431566814238
-61.778013,200,34.479205,0.0,0.2672613825671702,3317.7768783662473,19.6312674048091,16.588884391831236
-131.198448,200,34.603714,0.0,0.5913471337203412,3313.7218072273463,19.940471694275303,16.56860903613673
-71.723001,200,34.727882,0.0,0.3401462586119255,3346.6373937368658,19.721054935937712,16.73318696868433
-85.151088,200,34.851928,0.0,0.41017395195875267,3341.7786920731473,19.335631383036805,16.708893460365736
-23.076195,200,35.298138,0.0,0.1106536708941149,3240.5526010334756,19.476315487509286,16.202763005167377
-148.456425,200,35.428674,0.0,0.6322639719509863,3398.9307021144823,19.45781411601195,16.994653510572412
-162.834439,200,35.55669,0.0,0.7769164668723137,3306.1588039295802,19.028683710779703,16.5307940196479
-25.956526,116,35.628696,1.0,0.04904781077151543,1633.3724297686772,9.644820896047245,14.080796808350666
-168.653758,200,35.751633,0.0,0.83577616186994,3571.231941996211,20.117594524446286,17.856159709981053
-76.52595,200,35.879161,0.0,0.40277207991341246,3475.047800641246,20.291105630392355,17.37523900320623
-57.878564,200,36.002659,0.0,0.2861153654748828,3259.430791163398,19.30255623459831,16.29715395581699
-130.735645,200,36.130282,0.0,0.6282598562937727,3474.628632459314,20.250619948057494,17.373143162296568
-127.226097,200,36.259444,0.0,0.5371190483955557,3387.1851167078426,20.22583200294593,16.935925583539213
-75.460022,200,36.381963,0.0,0.3192272602553943,3260.306183261079,19.507928464591032,16.301530916305396
-17.778185,71,36.423966,1.0,0.04504270248058426,1127.915195234039,6.724878288432821,15.886129510338577
-90.873186,200,36.845123,0.0,0.33090209823783145,3461.3805883666523,19.985888291957973,17.30690294183326
-155.345842,200,36.981754,0.0,0.746129672658235,3420.2345258785585,19.314174426299623,17.101172629392792
-31.903335,200,37.108276,0.0,0.07859792828321353,3463.3702593112057,19.98184556261751,17.316851296556028
-82.141763,200,37.234762,0.0,0.4107127136617621,3434.823914829855,20.185254448655492,17.174119574149273
-176.856755,200,37.36048,0.0,0.8495304789072976,3421.235605956792,20.112597706557846,17.10617802978396
-30.85053,200,37.486019,0.0,0.1454077887173675,3253.546040098626,19.248662791818475,16.26773020049313
-130.030806,200,37.613573,0.0,0.6177514567574116,3388.5323972383203,20.079921374495253,16.942661986191602
-135.30872,200,37.736843,0.0,0.6423391293023248,3416.5768892040805,19.682541486174646,17.0828844460204
-60.613301,200,37.861811,0.0,0.2685977683670606,3398.4440811646978,19.742573549087393,16.99222040582349
-159.006479,200,37.985358,0.0,0.7627130504512682,3354.613127318134,20.018144849991305,16.77306563659067
-88.351248,200,38.424748,0.0,0.3132430311246422,3284.62630714622,19.21719237201126,16.4231315357311
-142.13354,200,38.577325,0.0,0.7100559768566012,3405.2560732742354,19.821664427515273,17.02628036637118
-150.478158,200,38.712829,0.0,0.6649420519032598,3191.038698463334,18.62309499909006,15.95519349231667
-149.434699,200,38.839384,0.0,0.6829806926383862,3571.188203562702,20.199382452286656,17.85594101781351
-137.879039,200,38.961774,0.0,0.6332379978449044,3224.9678080342574,19.00188010996062,16.124839040171288
-128.014101,200,39.087323,0.0,0.4859388290710047,3386.042964463758,19.40853592895904,16.93021482231879
-71.072415,200,39.211856,0.0,0.28562413248106183,3127.680620157166,18.811902366249203,15.63840310078583
-169.529579,200,39.334618,0.0,0.8024103352354909,3630.9653039196473,20.536789099630198,18.154826519598238
-24.69693,200,39.455685,0.0,0.146098866608994,3576.7968507849705,20.912880994922133,17.88398425392485
-12.215499,65,39.494195,1.0,0.049905658686737596,990.1875942981528,6.117479299136625,15.233655296894659
-170.110946,200,39.616774,0.0,0.7929850594853742,3366.578719911048,19.728874923540864,16.83289359955524
-175.375179,200,40.047356,0.0,0.8589879105150606,3202.9764248617457,18.589489289376168,16.014882124308727
-116.821174,200,40.185819,0.0,0.5677550448412926,3432.134345280459,19.903463910209098,17.160671726402295
-41.598997,127,40.276338,1.0,0.04574048900158485,2197.6879755256805,12.221975924523175,17.304629728548665
-72.547237,200,40.403829,0.0,0.3589936062373579,3460.8429348532345,19.455586188774653,17.304214674266174
-163.843706,200,40.532343,0.0,0.8003473678493919,3512.0742579073512,20.521500654237798,17.560371289536757
-83.625769,200,40.664572,0.0,0.39693798565084076,3385.191143576301,19.520398211831644,16.925955717881504
-53.603614,200,40.787102,0.0,0.16358699584339823,3731.659129025091,22.133020197593176,18.658295645125452
-29.434506,200,40.909655,0.0,0.15446752890138885,3558.934437981741,20.909883221635663,17.794672189908706
-168.762107,200,41.031594,0.0,0.770455462291934,3182.026511389459,18.685202218957304,15.910132556947294
-31.983732,200,41.156309,0.0,0.10708633585234999,3310.838140397241,19.801955102687312,16.554190701986204
-111.42943,200,41.281817,0.0,0.514033117540518,3494.7359137859266,20.562164399921315,17.473679568929633
-52.587622,200,41.738904,0.0,0.19660335994298483,3342.643030954768,19.360122699916996,16.71321515477384
-38.017067,200,41.86996,0.0,0.18106413855491807,3311.473502428165,19.064454274236482,16.557367512140825
-104.759326,200,41.996465,0.0,0.5073570024742157,3352.9927988508584,19.215160168002512,16.76496399425429
-77.254934,200,42.12001,0.0,0.28585447543191966,3242.093408217622,18.869252457326965,16.21046704108811
-77.712298,200,42.248027,0.0,0.3503863285541335,3091.9947366523797,18.470631777248673,15.459973683261898
-171.539972,200,42.380232,0.0,0.8280650920217452,3333.7089396912356,19.74470097868126,16.668544698456177
-154.247636,200,42.501711,0.0,0.7651005213943751,3377.6772243220894,19.964936685382437,16.88838612161045
-77.845539,200,42.624232,0.0,0.3241382607015227,3471.3702039343316,20.02855056707708,17.35685101967166
-93.918355,200,42.751122,0.0,0.4588150841187629,3315.537695302544,19.30028625860266,16.57768847651272
-42.403325,200,42.871801,0.0,0.19416722125097996,3613.380211154923,20.676304516843352,18.066901055774615
-56.843323,200,43.312795,0.0,0.10791806566479041,3317.905156185817,18.973235598603495,16.589525780929083
-111.462137,200,43.460839,0.0,0.5434997722415481,3402.0752923501673,19.66446365961098,17.010376461750838
-34.473066,200,43.586361,0.0,0.1925927360420034,3432.8025719012285,20.30505374601771,17.164012859506144
-82.921308,200,43.713892,0.0,0.4064294355528867,3330.1587591670527,19.644929335232813,16.650793795835263
-29.760395,200,43.839432,0.0,0.15895192815940357,3312.3894508624544,18.870291591012894,16.561947254312273
-172.277749,200,43.964569,0.0,0.8496811114490468,3472.544656641416,19.74856997541849,17.36272328320708
-132.593108,200,44.089096,0.0,0.6509224826638013,3560.6565564475804,20.24306505751372,17.8032827822379
-45.518269,200,44.209638,0.0,0.2157086220292708,3366.9147396449225,19.571433167054344,16.834573698224613
-53.132561,200,44.332108,0.0,0.23319890055531292,3593.7406817563983,20.469646478857708,17.96870340878199
-100.074507,200,44.452682,0.0,0.4115752790302233,3273.5661760192347,18.822929805408265,16.367830880096175
-55.771124,200,44.882707,0.0,0.18660879169964803,3389.029297654151,19.62135577941976,16.945146488270755
-28.868163,200,45.028164,0.0,0.21509531785316094,3238.935229759282,18.949141508831257,16.194676148796407
-68.505388,200,45.160205,0.0,0.3497777834320649,2966.426831641975,18.21086916912255,14.832134158209874
-134.197903,200,45.286734,0.0,0.6020104935423476,3377.048796682689,20.312650396314208,16.885243983413446
-129.956658,200,45.41728,0.0,0.6482771138771958,3407.1383550526293,19.661525051262423,17.035691775263146
-136.0276,200,45.541763,0.0,0.6326589483174718,3292.0361836015063,19.194743667104508,16.46018091800753
-159.402246,200,45.663754,0.0,0.79104005299124,3361.5930096536968,19.722573474629623,16.807965048268485
-90.140309,200,45.786273,0.0,0.4438412011244217,3218.143536721397,19.080153637152826,16.090717683606986
-140.142388,200,45.909824,0.0,0.692025440277378,3451.2022503999237,19.24485567541295,17.25601125199962
-96.800291,200,46.033382,0.0,0.4412789380905374,3299.011615142521,19.519945806730373,16.495058075712606
-65.403812,200,46.151358,0.0,0.35985539624258434,2922.6150953143815,17.815945010373262,14.613075476571908
-128.67043,200,46.59689,0.0,0.5164261514915806,3287.3003920860683,19.13759687571772,16.43650196043034
-84.000169,200,46.735415,0.0,0.3904057357260468,3247.199561198942,19.11730370951436,16.23599780599471
-45.286644,200,46.862457,0.0,0.17208350879816947,3042.453867745539,18.22252250341303,15.212269338727694
-42.891078,200,46.984162,0.0,0.14509505228032946,3465.722056787243,20.444600931984866,17.328610283936214
-77.012049,200,47.111418,0.0,0.34364476260698906,3244.8160339062415,19.075127987863503,16.224080169531206
-36.387329,200,47.238812,0.0,0.18256940872762803,3003.807687343037,17.79114512847518,15.019038436715185
-133.843794,200,47.363184,0.0,0.5587919422039169,3046.0770821911206,18.330155643232132,15.230385410955602
-77.486218,200,47.485709,0.0,0.4029505159665217,3692.6147889102326,20.301350416406958,18.463073944551162
-128.222476,200,47.605231,0.0,0.5321586135066062,3129.940978748715,19.39575221499521,15.649704893743577
-109.927171,200,47.727753,0.0,0.5169667930702093,3342.2171939461987,19.387518042809113,16.711085969730995
-138.313705,200,48.198331,0.0,0.6756505147382573,3415.482643167073,19.841549664945205,17.077413215835364
-63.817311,200,48.334884,0.0,0.2752582739386513,3254.8094580416628,18.92864926549976,16.274047290208316
-93.036827,200,48.459896,0.0,0.44870791433192503,3370.5472313387113,19.324200091309386,16.852736156693556
-109.455672,200,48.583422,0.0,0.4909770680727699,3335.480266753815,19.296721549423797,16.677401333769076
-128.673823,200,48.708974,0.0,0.6273068632907078,3354.6328613437086,19.222086972970253,16.77316430671854
-95.966952,200,48.832483,0.0,0.46564628238733685,3561.5264354589553,20.44753787715664,17.807632177294778
-114.812692,200,48.960586,0.0,0.5522053522498539,3178.567357779693,18.78677402051458,15.892836788898464
-118.792091,200,49.08452,0.0,0.5679601289152197,3401.743673682229,20.18004661085653,17.008718368411145
-150.777322,200,49.206071,0.0,0.6138135580375199,3317.64259915663,19.973525881822276,16.58821299578315
-171.312029,200,49.330971,0.0,0.7824372010243632,3319.1410485122165,19.602580521450953,16.59570524256108
-138.398312,200,49.756855,0.0,0.6157914985405647,3393.156424365109,19.848346067867617,16.965782121825544
-156.841375,200,49.894894,0.0,0.7231905341312843,3419.688575467728,19.555096694007112,17.098442877338638
-143.7088,200,50.022454,0.0,0.6104374834892344,3140.972603826913,18.91461105547753,15.704863019134566
-159.309019,200,50.144983,0.0,0.7614958017746506,3391.3254062738415,20.304752084102446,16.95662703136921
-28.656409,200,50.269069,0.0,0.13821694148682287,3363.0783957265194,19.231865783210356,16.815391978632597
-84.140074,200,50.394601,0.0,0.4049557434205774,3423.722708767715,19.515560572999767,17.118613543838578
-58.000171,200,50.518765,0.0,0.27424598787606,3563.1303694725134,20.18632951563138,17.815651847362567
-54.369052,200,50.643296,0.0,0.27444676110113764,3122.5422488783993,18.717867972685614,15.612711244391996
-144.826385,200,50.768404,0.0,0.7188237545266499,3394.900026560948,19.16049804177118,16.97450013280474
-163.10451,200,50.886906,0.0,0.7060854807368617,3285.212188692561,19.462501282314246,16.426060943462804
-25.904332,200,51.315593,0.0,0.11979233614260539,3431.8545948855544,19.29942024104978,17.159272974427772
-98.897312,200,51.457613,0.0,0.48506014767154376,3297.0278736779173,19.245892768896443,16.485139368389586
-126.68774,200,51.594985,0.0,0.6150288927341562,3339.580032354662,19.09971929486257,16.69790016177331
-143.104331,200,51.721375,0.0,0.6609977227869412,3240.499855654605,19.561411879648492,16.202499278273027
-87.407518,200,51.845909,0.0,0.3072728669083081,3183.2316162657066,19.025864769862867,15.916158081328533
-149.806264,200,51.971949,0.0,0.7405850764092203,3545.1303535537436,20.487011012134705,17.725651767768717
-151.440632,200,52.096548,0.0,0.7527090462340821,3400.1164636161625,19.83903422440786,17.000582318080813
-178.215057,200,52.218049,0.0,0.8696444740271445,3482.38802350284,19.90668131972019,17.4119401175142
-157.452594,200,52.341537,0.0,0.7271902063137591,3184.123143422368,19.45517103619622,15.920615717111838
-144.285197,200,52.463541,0.0,0.6933372709608842,3459.8618846674426,20.35477218115834,17.299309423337213
-53.715234,200,52.583074,0.0,0.2600494287527092,3515.6263949344375,20.63843974140581,17.57813197467219
-167.509358,200,53.035057,0.0,0.8276796801699975,3390.4457787237275,19.434910144010757,16.95222889361864
-158.416016,200,53.163121,0.0,0.629184180795961,3472.1192489189575,20.7349774688145,17.360596244594788
-67.684595,200,53.290643,0.0,0.34016530903357656,3167.450830115414,18.952295257905362,15.83725415057707
-138.700743,200,53.416187,0.0,0.6692621415346615,3349.4650556910233,19.522550397502176,16.747325278455115
-150.173397,200,53.541637,0.0,0.7274268131792626,3461.833656146706,20.15494435325036,17.30916828073353
-136.125311,200,53.666663,0.0,0.6763522501173481,3302.8160044403603,19.395249234820113,16.514080022201803
-32.500374,200,53.796021,0.0,0.18964771170413916,3386.900886847459,19.502824888574096,16.934504434237294
-43.131345,200,53.922212,0.0,0.2224229052291469,3457.745894875786,19.89994871934848,17.28872947437893
-58.965825,200,54.041719,0.0,0.2860281899411739,3674.5447904821613,20.481264051265903,18.372723952410805
-140.997474,200,54.157728,0.0,0.6661992208081124,3451.6835770054754,20.086009359342217,17.258417885027377
-63.615868,200,54.596795,0.0,0.3008017132530079,3284.0129844828953,19.42347772229158,16.420064922414475
-131.853275,200,54.731315,0.0,0.5355588932183508,3086.369540155025,18.737765632528415,15.431847700775124
-126.51494,200,54.855846,0.0,0.6099724700107273,3319.8000030822864,18.57865722592775,16.59900001541143
-115.451274,200,54.983779,0.0,0.5456051599628606,3250.603615847955,19.11963739649478,16.253018079239776
-52.404503,200,55.108775,0.0,0.2304350961074446,3302.7492592568947,19.01724001956443,16.513746296284474
-166.900108,200,55.235411,0.0,0.7941847378638174,3423.923298053682,20.209267882796198,17.11961649026841
-68.527979,200,55.364457,0.0,0.34679117629610445,3543.530525529391,20.549380460495072,17.717652627646956
-46.053127,200,55.491009,0.0,0.301223049574934,3316.7670986776693,19.303353750136324,16.583835493388346
-80.666987,200,55.611573,0.0,0.34706818545693263,2940.6734763448603,18.285984495158033,14.703367381724302
-149.365809,200,55.727077,0.0,0.6944089546804487,3302.203644832406,19.06136827570842,16.51101822416203
-56.641249,200,56.173446,0.0,0.266085073876687,3613.2491891199147,21.072451522437937,18.066245945599572
-129.047322,200,56.316972,0.0,0.5974971262348446,3122.416091151809,18.592859604535676,15.612080455759044
-60.936321,200,56.448524,0.0,0.35151758727340443,3344.0223418031583,18.851913284879856,16.720111709015793
-39.074235,200,56.580163,0.0,0.22465824704093518,3334.208537688513,18.931128664654725,16.671042688442565
-64.705564,200,56.703719,0.0,0.32343318508365704,3015.0299420272245,18.12410673926456,15.075149710136122
-135.097135,200,56.827151,0.0,0.6530372235161949,3340.532338158584,19.46849128483773,16.70266169079292
-63.509044,200,56.95212,0.0,0.4671832911207917,2984.4998424130777,17.33476922160694,14.922499212065388
-80.081086,200,57.074668,0.0,0.3886129331631917,3288.9607934836804,19.3990484044286,16.4448039674184
-100.831835,200,57.201221,0.0,0.46128604715879457,3420.91372748568,19.68640927620864,17.1045686374284
-104.338578,200,57.318726,0.0,0.5128689475755722,3331.523160004161,19.73389706863208,16.657615800020807
-54.182919,200,57.747761,0.0,0.2547818184736852,3363.473109727951,19.91975579491959,16.817365548639756
-92.513808,200,57.888785,0.0,0.4514845716007921,3442.5392106734917,20.168988479782822,17.21269605336746
-146.182766,200,58.023301,0.0,0.7209364736236388,3411.266821135334,20.991378345364378,17.05633410567667
-103.754598,200,58.155866,0.0,0.5006424003897523,3379.6517041083853,20.137088735695897,16.898258520541926
-98.514422,200,58.293662,0.0,0.39576874473468643,3244.989763761974,19.539890290627163,16.224948818809867
-131.290454,200,58.42017,0.0,0.6380527237088671,3408.667574774783,19.38318347847845,17.043337873873917
-65.005703,200,58.546453,0.0,0.3133884928083392,2973.723318953591,17.516711101901716,14.868616594767955
-72.91499,200,58.67844,0.0,0.34893237570981905,3310.185910040216,19.383016713019163,16.55092955020108
-68.421311,200,58.806961,0.0,0.4559470621489786,3038.8201491318277,17.82536233701624,15.194100745659139
-96.39921,200,58.932487,0.0,0.4718075808845478,3353.8587375724546,19.949149878877925,16.769293687862273
-36.06024,200,59.053474,0.0,0.16731269697953546,3585.8635946662425,20.868542045668036,17.929317973331212
-92.064525,200,59.490544,0.0,0.4207663550864834,2891.7659903522517,17.296252439583306,14.458829951761258
-52.609911,200,59.624652,0.0,0.229619769762583,3187.375644785505,18.1877996777246,15.936878223927524
-149.452606,200,59.752682,0.0,0.7184794377251544,3274.746405707154,18.39379443696979,16.37373202853577
-71.467843,200,59.883733,0.0,0.3185732109277501,3204.372605981447,19.12339825424272,16.021863029907237
-53.01701,200,60.014266,0.0,0.26013862731004056,3471.8179575836543,20.311239162848786,17.359089787918272
-114.372346,200,60.138435,0.0,0.5627439442999687,3374.027963578128,19.827490585206686,16.87013981789064
-168.792408,200,60.261452,0.0,0.8207966583189829,2837.913887394542,16.985639783833427,14.189569436972711
-62.558522,200,60.39077,0.0,0.32103030833150414,2697.365996978583,16.944204431224204,13.486829984892916
-60.043415,200,60.512963,0.0,0.30719102399807274,3428.615095130333,20.17622868667477,17.143075475651663
-32.52176,200,60.634483,0.0,0.14765799331438273,3503.6652328474947,19.916502043111585,17.518326164237475
-78.322876,200,61.078569,0.0,0.3745170745569725,3303.0662781582782,19.671060049274605,16.515331390791392
-139.987897,200,61.220089,0.0,0.6848259141064016,3308.6150768346497,19.183759087181446,16.54307538417325
-145.023923,200,61.346636,0.0,0.7148664136411099,3484.9730439904024,20.02330210951214,17.42486521995201
-129.855469,200,61.471676,0.0,0.5434731569300311,3038.6690269404176,18.75627266555945,15.193345134702088
-68.621355,200,61.595145,0.0,0.3751739307607471,3099.9423297013163,18.68490918345888,15.499711648506581
-96.515577,200,61.715679,0.0,0.4272572623110388,3170.656745357933,18.665349821456036,15.853283726789664
-71.75405,200,61.841214,0.0,0.3522097046696783,3299.4282528905237,19.507244729617632,16.49714126445262
-99.716869,200,61.965222,0.0,0.47605452119187086,3314.032807545426,18.857587716564957,16.570164037727128
-85.694943,200,62.085753,0.0,0.40505470498790486,3265.374397518997,19.06033560657037,16.326871987594984
-147.630389,200,62.204865,0.0,0.7138345152034817,3243.2048516189334,18.721918999983444,16.216024258094667
-85.260498,200,62.677374,0.0,0.393020219869749,3138.9257448423045,18.478638152869028,15.694628724211523
-61.898707,200,62.819844,0.0,0.3344091169181205,3510.698663990538,21.060466956022807,17.55349331995269
-83.041588,200,62.950372,0.0,0.4304858167653442,3493.2071501182177,19.775121022407,17.46603575059109
-141.057304,200,63.074838,0.0,0.5943700448074303,2891.511616260813,17.366065575491284,14.457558081304065
-49.778866,200,63.201356,0.0,0.3292569751037661,3075.620019654257,18.94269014059047,15.378100098271284
-128.040208,200,63.323877,0.0,0.6292226979120715,3535.4860423573195,20.874832148944694,17.677430211786596
-106.521086,200,63.444416,0.0,0.5039351526075536,3305.5660609265597,19.517571047668856,16.527830304632797
-127.579889,200,63.568464,0.0,0.6342819726002235,3424.91939351152,19.935708292585666,17.1245969675576
-49.794744,200,63.689986,0.0,0.24016948552682288,3142.2816083185594,18.745014495928462,15.711408041592797
-172.011959,200,63.816515,0.0,0.84398568952979,3410.323291372937,19.847974015326322,17.051616456864686
-40.63609,200,64.236591,0.0,0.18713814319446934,3317.828145211031,19.53493036532097,16.589140726055156
-119.550915,200,64.377631,0.0,0.5746996717147003,3035.4887085339387,18.410326823565644,15.177443542669694
-48.717945,200,64.506163,0.0,0.30152664596069245,3224.587695991196,18.796041889060238,16.12293847995598
-46.048518,200,64.631689,0.0,0.22731295588327782,3289.807023036292,18.79792357448094,16.44903511518146
-70.72288,200,64.758108,0.0,0.30911785472541364,2768.690837739361,18.052251189499547,13.843454188696805
-82.712903,200,64.886284,0.0,0.38659177023463526,2970.0622217997015,16.991256676395466,14.850311108998508
-38.282844,200,65.011899,0.0,0.25592721802322277,3619.6913949962736,21.18892654125358,18.098456974981367
-61.316312,200,65.133433,0.0,0.2768213219486339,2749.551233070805,16.384180741860888,13.747756165354026
-84.898543,200,65.258995,0.0,0.3428597892599412,3037.1016992244317,18.092713225408367,15.185508496122159
-52.330562,200,65.384453,0.0,0.2164933481045213,3075.8927202239956,18.295195108580565,15.379463601119978
-150.708331,200,65.507496,0.0,0.7460817450712426,3273.99915315364,19.41165762568339,16.3699957657682
-45.468311,200,65.965066,0.0,0.21369969361679553,3586.8932881973406,19.699560692217247,17.934466440986704
-38.70872,200,66.097627,0.0,0.2615622301280607,3014.278722510483,18.09817144308544,15.071393612552415
-44.463245,200,66.225183,0.0,0.26692460383185757,3401.4795737634286,19.72981535792149,17.007397868817144
-143.243323,200,66.349555,0.0,0.6437042162064242,3206.203702456613,19.213720067072636,16.031018512283065
-135.15065,200,66.474629,0.0,0.6668571662633048,3285.331026680335,19.574011946873547,16.426655133401674
-67.303609,200,66.601095,0.0,0.3290556698299596,3144.8466999983107,17.802371917016202,15.724233499991554
-160.6793,200,66.723618,0.0,0.7854658841248905,3391.5841819581437,19.93199280194767,16.95792090979072
-68.988888,200,66.848938,0.0,0.3565451643070716,2943.945584208061,17.458973295851667,14.719727921040306
-87.191878,200,66.973547,0.0,0.4227305548507719,3505.7911201228494,20.677776925268155,17.528955600614246
-158.559373,200,67.095268,0.0,0.7366348446836083,3315.7548866696716,19.17348324205282,16.578774433348357
-101.004597,200,67.556664,0.0,0.47126625049479043,3369.624927148607,19.85800337749845,16.848124635743037
-34.034868,200,67.696186,0.0,0.1490668400070707,3182.315721758737,19.344978056137677,15.911578608793684
-102.351852,200,67.823708,0.0,0.5060758190251973,3491.2578050334855,20.579835043973574,17.45628902516743
-21.787002,200,67.949368,0.0,0.07111695961512839,3430.446246164124,20.16908017093993,17.15223123082062
-174.526081,200,68.073423,0.0,0.8436245302163224,3200.216515705596,18.5200371258195,16.00108257852798
-173.93094,200,68.196968,0.0,0.8356227157481851,3419.0521648821978,19.69900981250792,17.09526082441099
-137.813834,200,68.325529,0.0,0.6100776703111251,3049.11590203581,18.445335684424272,15.24557951017905
-154.062834,200,68.447002,0.0,0.7550905724717482,3571.923310910368,20.32801757281124,17.859616554551838
-48.037648,200,68.570762,0.0,0.2337169699326704,3110.2342633359344,18.62377926458258,15.551171316679673
-41.748517,200,68.693281,0.0,0.395645881341225,3355.7805558287846,19.317170709663046,16.778902779143923
-142.135721,200,69.156556,0.0,0.7031685540928531,3391.218602159526,19.412231802522015,16.95609301079763
-150.707161,200,69.304634,0.0,0.6991726811873905,3298.578107982665,19.255501669040505,16.492890539913326
-171.978372,200,69.432181,0.0,0.8361077877379143,3346.7499525612247,19.854271056559494,16.733749762806124
-157.423367,200,69.554712,0.0,0.7677124827326169,3492.420143395107,20.09448030960419,17.462100716975534
-148.943304,200,69.680724,0.0,0.6806140754231622,3612.080272849748,21.445617205404567,18.06040136424874
-109.859584,200,69.803232,0.0,0.5331510510957167,3634.7153846358437,20.395279399424933,18.17357692317922
-43.513771,200,69.92975,0.0,0.2703897556072217,2944.5043364641747,17.78900790596309,14.722521682320874
-94.238384,200,70.055604,0.0,0.42223963668762154,3283.2619885008894,19.242078481728115,16.416309942504448
-136.786999,200,70.173713,0.0,0.6307760072620437,3250.067525351866,18.51220240900534,16.250337626759332
-133.169285,200,70.293236,0.0,0.6453055219451639,3436.4379477084203,20.052078128387713,17.182189738542103
-67.772741,200,70.718399,0.0,0.2992708944393637,3241.5070583072475,19.867918382439374,16.20753529153624
-119.373092,200,70.85191,0.0,0.58323657646347,3195.330153425393,19.132365312127007,15.976650767126964
-102.085048,200,70.989973,0.0,0.4833448034613381,3321.2271721721136,20.448460995297218,16.60613586086057
-109.031165,200,71.116427,0.0,0.5032553331058665,3093.874697634596,18.810639029621942,15.46937348817298
-111.025866,200,71.238951,0.0,0.5368551330646215,3457.878030610534,19.60749170804895,17.289390153052672
-104.162327,200,71.365538,0.0,0.5029962372604584,3417.5360135498363,19.282383295112812,17.087680067749183
-70.516043,200,71.487336,0.0,0.35729260458225187,3071.3701022284263,18.651103091965044,15.356850511142131
-60.600768,200,71.613454,0.0,0.3012412533904461,3026.0425024342676,18.313366205707695,15.130212512171338
-84.261163,200,71.739639,0.0,0.38994304838299976,3197.780379270371,18.204981196985184,15.988901896351855
-93.188644,200,71.862687,0.0,0.4488061320581633,3323.4733083264837,19.67638476952681,16.617366541632418
-157.335088,200,71.98124,0.0,0.7517432347876865,3360.442566156388,19.50211888246444,16.80221283078194
-36.639885,200,72.44031,0.0,0.17616701983113048,3189.9808932900605,18.479844032166156,15.949904466450302
-115.596188,200,72.57421,0.0,0.5414055901653293,3517.845648819174,20.7485517240389,17.58922824409587
-146.743136,200,72.706749,0.0,0.6963463922275095,3493.9316967563536,21.372891434638024,17.469658483781767
-157.484821,200,72.829969,0.0,0.7309442486297237,3474.709748223351,19.99245030695079,17.373548741116757
-81.085992,200,72.959059,0.0,0.3820347467145947,3268.65741648739,18.929044107493247,16.34328708243695
-123.186651,200,73.090679,0.0,0.5696258671923903,3352.7771942981026,19.97597909400824,16.763885971490513
-42.58537,200,73.217268,0.0,0.16437623912005667,3383.9597898225006,19.755601439174683,16.919798949112504
-115.992849,200,73.342674,0.0,0.5661496148900715,3498.715777914514,20.300119692548762,17.49357888957257
-50.347539,200,73.463748,0.0,0.2577901933151182,3025.904642546403,18.38344050004838,15.129523212732016
-69.532098,200,73.588191,0.0,0.3218075321579214,3531.0038650143097,20.222301170928496,17.65501932507155
-72.266657,200,74.034694,0.0,0.2778413595745677,3236.732430339685,18.90451928317016,16.183662151698424
-133.293421,200,74.160761,0.0,0.5872210095430875,3204.6595701683223,18.582799089771793,16.02329785084161
-62.627102,200,74.284958,0.0,0.2729513908315192,3212.664001746019,18.642586051149614,16.063320008730095
-67.030285,200,74.408497,0.0,0.30256061457936784,3232.0393579115644,19.25409941910168,16.160196789557823
-53.147167,200,74.534017,0.0,0.3322415993949591,3172.9730880440775,18.897805681272185,15.864865440220388
-63.995881,200,74.653582,0.0,0.30714682948151983,3277.731238271855,18.846097617721664,16.388656191359274
-65.493299,200,74.776212,0.0,0.2610444389262754,3220.07186844995,18.85803933563412,16.10035934224975
-140.90486,200,74.903295,0.0,0.6906015693513482,3605.6738104837414,20.237322274277915,18.028369052418707
-137.362799,200,75.022814,0.0,0.6634113997157015,3333.6057517140534,19.60597767079747,16.668028758570266
-57.210855,200,75.143922,0.0,0.26778163341085925,3354.47297172813,19.554080347525364,16.77236485864065
-144.373253,200,75.575498,0.0,0.6445837945995411,3243.8867415871955,18.875045726400174,16.219433707935977
-149.209828,200,75.711512,0.0,0.6748427816228346,3347.217015423565,19.428436860261563,16.736085077117824
-53.430812,200,75.84435,0.0,0.21200757422139058,3283.6347051293283,18.78642533212818,16.41817352564664
-160.435454,200,75.971557,0.0,0.7828693334769242,3446.0546151583353,20.3638718557189,17.230273075791676
-156.41555,200,76.097109,0.0,0.7659951328212541,3328.200154338066,20.125096997241155,16.64100077169033
-115.542652,200,76.220626,0.0,0.553449423933607,3467.144295079147,20.076046294681973,17.335721475395736
-47.786851,200,76.343173,0.0,0.4117545654777637,3109.648547527564,18.893113178015483,15.54824273763782
-123.601045,200,76.464224,0.0,0.6072029722405483,3317.2397191495143,18.978884717253642,16.58619859574757
-45.438241,200,76.587743,0.0,0.21564205857225002,3283.580294848371,19.54913526957996,16.417901474241855
-51.353692,200,76.711282,0.0,0.22023156346913467,3332.5549015198003,19.195195492540712,16.662774507599
-37.846437,200,77.159586,0.0,0.17160022635925248,3263.642665279834,18.83146493373792,16.31821332639917
-114.467139,200,77.302026,0.0,0.561392324104718,3321.8090077377738,19.11887914562953,16.60904503868887
-132.093982,200,77.431549,0.0,0.6454408675911069,3142.152590416892,18.59046263540662,15.71076295208446
-106.259789,200,77.557102,0.0,0.4843867194332369,3282.2267056546275,19.505090045439406,16.411133528273137
-60.957653,200,77.68808,0.0,0.24633498996969,3064.475662195143,17.92252388840425,15.322378310975715
-140.245701,200,77.809948,0.0,0.6633254284085359,3508.868286764272,19.9882024268013,17.54434143382136
-98.097022,200,77.935482,0.0,0.4785201333414912,3492.0342230254314,20.025852390633418,17.460171115127157
-139.586807,200,78.067403,0.0,0.6717675984169159,3481.1154383132675,20.245076257268277,17.405577191566337
-106.922419,200,78.192906,0.0,0.5201703470843257,3686.6496542835544,20.583770865200083,18.43324827141777
-94.998671,200,78.310449,0.0,0.4629336647602585,3022.2695622313413,18.225532986701694,15.111347811156707
-111.876299,200,78.430975,0.0,0.5273798528980977,3052.8770212245417,18.404306804390817,15.26438510612271
-149.643234,200,78.859063,0.0,0.760183250472228,3163.9784486850854,18.91995810592056,15.819892243425427
-122.036858,200,78.991596,0.0,0.5732234274531672,3154.7221211329015,19.179939103929332,15.773610605664508
-99.076437,200,79.116408,0.0,0.48436416771553065,3220.2652313408653,17.973294471269014,16.101326156704328
-157.616665,200,79.240919,0.0,0.7785131575174595,3597.98220642449,20.149753740407828,17.98991103212245
-168.877944,200,79.360989,0.0,0.8406221199119892,3243.690395563119,19.54580195238192,16.218451977815597
-44.765015,200,79.48251,0.0,0.21806265113886084,3520.1345727678745,20.29437028447472,17.60067286383937
-94.271662,200,79.605034,0.0,0.45655966189240477,3453.7393117999763,19.57637371757597,17.26869655899988
-60.404137,200,79.72859,0.0,0.20087769361653626,3430.47295828234,19.54576213010824,17.1523647914117
-137.984159,200,79.849179,0.0,0.6619745166210202,3441.4541591597076,19.103115690916553,17.20727079579854
-45.489627,200,79.970223,0.0,0.24238370148206814,3362.00873204611,20.680188483725647,16.810043660230548
-74.569901,200,80.446523,0.0,0.3375986645817813,2986.701937999605,18.778575035884952,14.933509689998026
-106.276758,200,80.585567,0.0,0.523322043354589,3284.571294415986,18.784337588598703,16.42285647207993
-150.256896,200,80.709051,0.0,0.7387031968711019,3561.7373199164726,20.80950703859014,17.808686599582362
-32.929678,200,80.834576,0.0,0.13461793998929186,3326.5115123527357,18.924953659160234,16.63255756176368
-103.832746,200,80.962703,0.0,0.5143539634394706,3294.750576496384,20.204409467176003,16.473752882481918
-53.992274,200,81.091068,0.0,0.32987561913315866,3023.839699655203,18.676730620903733,15.119198498276013
-165.426089,200,81.218815,0.0,0.8066210990392716,3343.1558826298674,19.719118796183984,16.71577941314934
-136.301805,200,81.346361,0.0,0.5981566714937482,3049.430780155818,17.715433297192178,15.24715390077909
-19.276568,62,81.386873,1.0,0.04907228503686062,873.4249223450765,5.414466785223471,14.087498747501234
-40.260195,200,81.509383,0.0,0.36524872886233584,3097.7362827626616,18.556612469142006,15.488681413813309
-41.99312,200,81.628902,0.0,0.2965375071688096,3162.8338226735063,19.34227769767054,15.814169113367532
-136.328719,200,82.070582,0.0,0.6542487024645899,3239.2003889535563,18.910216049490963,16.196001944767783
-115.030211,200,82.206104,0.0,0.5610860195548008,3479.23223812381,20.28452224079993,17.39616119061905
-60.964714,200,82.328623,0.0,0.20489770828955184,3556.694039029071,20.27202336710072,17.783470195145355
-81.055786,200,82.46034,0.0,0.315896293117257,2980.7371367176092,17.83236298522822,14.903685683588046
-160.720414,200,82.585512,0.0,0.7892438805262866,3205.948135368238,18.605377049334997,16.02974067684119
-75.026404,200,82.708,0.0,0.37327921775108996,3125.1284880709254,18.48182425403853,15.625642440354627
-107.662729,200,82.834486,0.0,0.4377892926607694,2992.4476091161155,17.691814856802385,14.962238045580577
-60.216816,200,82.956004,0.0,0.32950364368912005,2982.5865958280774,17.941239210757253,14.912932979140386
-109.167813,200,83.076871,0.0,0.5250629678886949,3262.141375090638,18.384910218353497,16.310706875453192
-37.824754,200,83.19839,0.0,0.12764134329441768,3549.7187155277575,20.103220375186893,17.748593577638786
-80.07526,200,83.633476,0.0,0.37417143989445667,3426.737775170696,19.19879938924251,17.13368887585348
-166.842093,200,83.774528,0.0,0.8222094898968852,3593.471595749856,20.530180522125928,17.96735797874928
-159.387281,200,83.90205,0.0,0.7801660097751569,3694.1191297540768,20.561390164564425,18.470595648770384
-78.028581,200,84.025588,0.0,0.36612109147239186,3166.3323107860856,18.829020217147214,15.831661553930427
-156.684768,200,84.147095,0.0,0.7712141644299717,3546.533266960309,20.83914537174708,17.732666334801547
-105.900532,200,84.270087,0.0,0.4435994505210361,3111.9651888912244,18.32186116223832,15.559825944456122
-77.829205,200,84.394612,0.0,0.3256970037950508,2818.960015496234,18.11691470259681,14.094800077481171
-76.968118,200,84.519742,0.0,0.3867288234707712,3469.6195013414645,19.502542583722246,17.348097506707322
-49.723008,200,84.649796,0.0,0.30325120454040333,2750.265123413446,16.8960126240003,13.75132561706723
-48.691247,200,84.770444,0.0,0.2699456842645515,3025.615140824735,17.965919610550657,15.128075704123676
-83.230769,200,85.222696,0.0,0.3979740953106815,3220.910993134399,19.107000361062237,16.104554965671994
-62.711474,200,85.371771,0.0,0.2643141753488475,3516.4151287779114,20.125319374159364,17.582075643889556
-59.602026,200,85.501317,0.0,0.33396665882893917,3329.5097185927143,18.886664775590447,16.64754859296357
-148.251869,200,85.623801,0.0,0.6788449080617323,3178.1667379396795,19.091290468060535,15.890833689698397
-51.266297,200,85.748355,0.0,0.3568312170418408,3212.714381707757,19.548713406849682,16.063571908538787
-138.34763,200,85.871388,0.0,0.6707653843973767,3534.292128913124,20.550081773534345,17.67146064456562
-93.209875,200,85.993907,0.0,0.40678913097824415,3025.0850104524316,17.87811633690344,15.125425052262157
-79.240999,200,86.121955,0.0,0.38180178443622115,3267.0549396111637,20.4094517521096,16.33527469805582
-146.271841,200,86.240036,0.0,0.7175875388956038,3273.3601115966367,19.47611478008785,16.366800557983183
-114.946167,200,86.363592,0.0,0.539864260977957,3295.5457191540945,18.880775628372948,16.477728595770472
-160.590862,200,86.808117,0.0,0.7916093606638764,3347.156124939038,19.629821836169207,16.735780624695188
-75.573568,200,86.956825,0.0,0.33755227473925103,3317.609229986798,19.224532339628325,16.588046149933987
-142.189592,200,87.091842,0.0,0.7011756128557264,3474.141537457516,19.821823126768113,17.370707687287577
-81.870702,200,87.225489,0.0,0.3968302266681314,3504.8143579548346,20.175180727259686,17.524071789774172
-61.578648,200,87.344008,0.0,0.33285995273645574,2784.865413714897,16.376098409558157,13.924327068574485
-70.916529,200,87.472002,0.0,0.3261806764582549,3222.985454169663,19.5446494965688,16.114927270848316
-136.103314,200,87.599578,0.0,0.6302669825898347,3092.735904971544,17.9508133244327,15.46367952485772
-96.449331,200,87.723594,0.0,0.4529328076567735,3458.9191324496264,19.975293268244425,17.29459566224813
-53.412478,200,87.848101,0.0,0.20322812317175268,3460.5801981762147,19.909165418210335,17.302900990881074
-79.380324,200,87.971894,0.0,0.3453098753073452,3210.139328243144,18.14434860894457,16.05069664121572
-148.244076,200,88.097392,0.0,0.7185390138444342,3466.6559215372336,19.992782969553687,17.33327960768617
-65.77621,200,88.531517,0.0,0.2735658754115773,3312.9356973543995,19.459956252464874,16.564678486771996
-58.417911,200,88.676557,0.0,0.36822663057278965,3175.0598274655654,18.722347592371797,15.875299137327827
-94.459949,200,88.798087,0.0,0.42068518088776197,3114.6995689361747,19.139584542727544,15.573497844680874
-165.248635,200,88.923597,0.0,0.80697411504608,3286.1935942135287,19.228426654623,16.430967971067645
-8.936282,41,88.951594,1.0,0.04662013950266795,388.54300185325064,2.655012109905143,9.476658581786602
-41.021757,200,89.082026,0.0,0.1875223485584977,3460.4727856494883,20.228564818119697,17.30236392824744
-57.071604,200,89.211494,0.0,0.2176999119118653,3417.053879661362,20.025445928643958,17.08526939830681
-108.144197,200,89.335035,0.0,0.4675147980783197,3350.482033564104,19.225790909021928,16.752410167820518
-113.376098,200,89.456233,0.0,0.5002789564808233,2947.6662637760896,17.382397137791756,14.738331318880448
-82.606642,200,89.572312,0.0,0.4633587596379215,2891.561900171264,18.103293830321334,14.45780950085632
-155.887116,200,89.690754,0.0,0.7428993557034425,3196.101277088024,19.26583794939446,15.980506385440119
-155.474415,200,90.134601,0.0,0.7428685951487227,3209.7400202420267,19.099214742229037,16.048700101210134
-119.40671,200,90.268635,0.0,0.5846302601376258,3330.8128417240255,19.169593848282034,16.654064208620127
-85.894663,200,90.394784,0.0,0.4078436387180273,3137.1226588058616,18.417222395611546,15.685613294029308
-122.644393,200,90.520255,0.0,0.4751983658310422,2874.6579355685662,17.522746983998474,14.37328967784283
-173.100966,200,90.650786,0.0,0.8402459401828223,3372.870974915736,19.81547233907677,16.86435487457868
-71.332548,200,90.773869,0.0,0.31581397734536404,3464.531021718197,19.63055000044384,17.322655108590983
-163.946021,200,90.895962,0.0,0.7994757924422253,3363.9404949766,19.370316392454725,16.819702474882998
-32.614477,200,91.019505,0.0,0.14872090179237438,3375.6410955261367,19.007890460841217,16.878205477630683
-123.288903,200,91.143881,0.0,0.5959191930506801,3246.7844339419767,19.02038317909725,16.233922169709885
-67.538565,200,91.267361,0.0,0.29966226885297403,3569.106320729539,20.09772654109516,17.845531603647697
-92.078201,200,91.710099,0.0,0.4287627869173451,3043.6931003247473,18.553772533014662,15.218465501623736
-11.426454,46,91.739082,1.0,0.04734853452610927,349.6561739212304,2.5752441867930576,7.601221172200661
-108.003646,200,91.870146,0.0,0.5280019452943563,3407.341487585305,20.14687596214442,17.036707437926523
-10.234609,43,91.897147,1.0,0.049395655269171675,542.3664787841486,3.2731081417618455,12.61317392521276
-173.610521,200,92.024676,0.0,0.8698935261314757,3366.2670082386267,19.75834176649878,16.83133504119313
-105.092232,200,92.146003,0.0,0.45079304638443657,2834.9592227724575,17.73306898141507,14.174796113862287
-35.507381,200,92.273046,0.0,0.2398611587087587,3107.5876909957074,17.694487357378765,15.537938454978537
-93.97363,200,92.397571,0.0,0.44984071075868715,3225.656994212042,18.75370922119253,16.12828497106021
-162.755873,200,92.521149,0.0,0.8064656100508708,3564.309320146115,20.5668593257252,17.821546600730574
-154.974356,200,92.641401,0.0,0.7235739164467965,3010.840382477811,18.23866096962308,15.054201912389056
-32.47818,200,92.764537,0.0,0.1123838046819398,3361.0985037697706,19.413752089185646,16.80549251884885
-46.148798,200,92.883567,0.0,0.2055709812711373,3247.6818804303803,19.131803355707103,16.238409402151902
-139.998957,200,93.323479,0.0,0.6192192335006669,3036.0085016792355,18.141380404927204,15.180042508396177
-110.226931,200,93.466049,0.0,0.5350587849592247,3587.258377639545,20.64107465287797,17.936291888197726
-57.964897,200,93.591111,0.0,0.265721883868299,3402.1089563735973,19.852251119385347,17.010544781867985
-97.329881,200,93.717633,0.0,0.4506303199149589,2867.877365136444,16.982604453155943,14.33938682568222
-158.076899,200,93.839717,0.0,0.7663555540011628,3206.242803093735,18.586510567148498,16.031214015468674
-58.141319,200,93.96424,0.0,0.2764691217221505,3421.799368684475,19.732378128232828,17.108996843422375
-79.041682,200,94.086296,0.0,0.35681553707989133,3431.9012162649724,20.326142040836118,17.159506081324864
-88.928863,200,94.208801,0.0,0.41446708706531293,2868.328463057566,17.38990522792726,14.34164231528783
-101.610203,200,94.333333,0.0,0.5071024485161838,3406.7640764685552,20.01160999919939,17.033820382342775
-65.584679,200,94.455883,0.0,0.2705388173362223,2572.5140724629373,16.514229134326808,12.862570362314687
-43.374498,200,94.905458,0.0,0.3832893381646329,3113.761141960409,18.296911837785295,15.568805709802046
-38.777956,200,95.039035,0.0,0.19895487537458353,3521.732193928636,19.28306537042656,17.608660969643182
-109.917437,200,95.166319,0.0,0.5220824386563562,3202.7371695525517,19.075416496295645,16.01368584776276
-67.549524,200,95.292313,0.0,0.35672410945595767,3045.7194547353065,19.09654880953859,15.228597273676533
-51.738476,200,95.416852,0.0,0.2956952620961224,3283.4853909332355,18.64323078679007,16.417426954666176
-140.474934,200,95.541382,0.0,0.6486622766782322,3264.887699356267,19.161140864487656,16.324438496781337
-80.922243,200,95.67462,0.0,0.4018049430440468,2916.329758300023,17.23774531801179,14.581648791500115
-97.910975,200,95.79973,0.0,0.47299790371811445,3442.345857756029,19.983453599339004,17.211729288780145
-148.626223,200,95.923248,0.0,0.7074533458489073,3416.1454209147423,19.563781974524332,17.08072710457371
-172.095758,200,96.045795,0.0,0.8357272688520028,3353.573812904674,19.430063398539712,16.76786906452337
-153.717341,200,96.483964,0.0,0.757652242859723,3485.1575842406364,20.47155135578543,17.42578792120318
-120.309544,200,96.618073,0.0,0.5898219377775088,3227.901085414837,19.924289522007715,16.139505427074184
-60.587225,200,96.748092,0.0,0.44192560725964664,3060.252552137354,17.82869087671593,15.30126276068677
-55.889938,200,96.87126,0.0,0.30329523937168423,3123.7235316885567,18.52310158965744,15.618617658442783
-137.745493,200,96.997578,0.0,0.6597797435808567,3316.0108677705143,18.785482072485216,16.580054338852573
-103.543095,200,97.120171,0.0,0.4288438835204435,2551.422699814906,15.623322902875461,12.75711349907453
-62.182284,200,97.243126,0.0,0.28661997776884013,3624.4710679101977,19.9441998799701,18.12235533955099
-69.747548,200,97.369162,0.0,0.3283447452554235,3306.8277670247326,19.082620966792536,16.534138835123663
-63.732622,200,97.495675,0.0,0.4480645808853907,2994.8796516850402,18.140561010550627,14.974398258425202
-107.579563,200,97.61619,0.0,0.5257727802002472,3382.155459169336,19.573469357711563,16.91077729584668
-137.854009,200,98.06702,0.0,0.6147514706141828,3086.148656598824,18.455350523530225,15.43074328299412
-110.769626,200,98.204037,0.0,0.4623072538942791,2548.4346367668677,15.710294581679761,12.742173183834339
-64.646873,200,98.339559,0.0,0.30526761599081065,3273.4320564046034,18.910831280752035,16.36716028202302
-38.267792,200,98.464132,0.0,0.15412795482326727,3177.9600275751695,18.68605857250857,15.889800137875847
-125.972797,200,98.587846,0.0,0.5006059909834728,2660.799594368051,16.122929203439217,13.303997971840255
-118.277861,200,98.709352,0.0,0.5795629644208515,3442.576192743325,19.825263293867128,17.212880963716625
-158.278312,200,98.836884,0.0,0.7458710890228257,3125.209086961654,18.754725558230085,15.62604543480827
-57.768521,200,98.96742,0.0,0.301166678881292,3249.0603689512313,19.02697968576661,16.245301844756156
-59.3325,200,99.090481,0.0,0.29852466565556374,3215.7107288561388,19.213010632589793,16.078553644280692
-130.75282,200,99.210528,0.0,0.6106260214626112,3377.217222807302,20.120672449063274,16.88608611403651
-67.870811,200,99.328036,0.0,0.46820483545996044,3037.4063983747874,18.646693693821003,15.187031991873937
-119.879403,200,99.792372,0.0,0.5709604140127826,3503.6092777641975,20.062716085054657,17.518046388820988
-47.109643,200,99.926896,0.0,0.246084026465461,2911.907017377855,18.063930084821067,14.559535086889275
-125.496598,200,100.054197,0.0,0.5945083893322278,2945.4728509682895,18.16834814108859,14.727364254841447
-102.339383,200,100.1832,0.0,0.5100621787851343,3601.4101475405237,20.828851511950855,18.007050737702617
-82.125993,200,100.305753,0.0,0.5024393575003099,2935.1736621601926,17.777200984999258,14.675868310800963
-135.296467,200,100.429274,0.0,0.5673535715596802,2746.0404970607588,16.44013537948868,13.730202485303794
-111.323251,200,100.55281,0.0,0.5383131677462148,3074.8444052249465,18.299184447283107,15.374222026124732
-10.949045,49,100.58335,1.0,0.04706885536240582,452.03916381018644,3.089059493166437,9.225289057350743
-112.708979,200,100.703819,0.0,0.49361460566248516,2462.0282402549333,15.822286161232046,12.310141201274666
-69.419322,200,100.827365,0.0,0.38762016198769883,3124.3781984634484,18.921111675651062,15.621890992317242
-85.00909,200,100.946895,0.0,0.4182653331320498,3286.3491088269557,19.241647780848957,16.431745544134778
-42.239409,200,101.378072,0.0,0.1682010591382683,3526.500996365428,20.58553936785008,17.63250498182714
-111.005849,200,101.522591,0.0,0.5423912269860268,3330.591499765683,19.26582153459671,16.652957498828414
-129.666657,200,101.646113,0.0,0.5917113254391737,3371.456651280669,19.461033035693852,16.857283256403345
-57.397233,200,101.768169,0.0,0.30349988566996267,3191.758183153306,18.528146942702843,15.958790915766532
-60.600579,200,101.891697,0.0,0.38426136101648634,2780.5523070417835,17.823483012847042,13.902761535208917
-71.546134,200,102.016778,0.0,0.4237581756860336,3265.5602062024795,19.44315053345386,16.3278010310124
-82.697659,200,102.140399,0.0,0.38482761290948486,3341.502041029239,20.052619569297992,16.707510205146196
-163.138488,200,102.265818,0.0,0.7637989514038445,3285.343431155699,19.082740517687256,16.426717155778494
-34.362353,200,102.389941,0.0,0.15936025080875132,3345.635286094383,19.79799263565966,16.728176430471915
-127.310332,200,102.505867,0.0,0.6185452815872529,3266.169579541689,18.8384119021711,16.330847897708445
-143.216228,200,102.937936,0.0,0.6922354469768971,3184.8732095280607,18.475378620709545,15.924366047640303
-153.705602,200,103.084992,0.0,0.7462577323553466,3279.5321801757254,19.24441743291012,16.397660900878627
-111.094334,200,103.211849,0.0,0.5413353181364238,3314.883711839574,19.8539512419128,16.57441855919787
-123.845644,200,103.334326,0.0,0.5911903792307093,3201.095869721932,19.10904018244245,16.00547934860966
-13.234248,57,103.370867,1.0,0.04523416850774079,854.1729752643736,5.09907839487569,14.985490794111817
-63.135134,200,103.496802,0.0,0.2938161920382922,3233.6522823551854,18.712562897488453,16.168261411775926
-135.189396,200,103.61833,0.0,0.6613113435601814,3318.129376903863,19.138815831498164,16.590646884519316
-73.597119,200,103.738858,0.0,0.3213666859726326,2788.610279467968,17.18481183469793,13.943051397339842
-45.341413,200,103.864146,0.0,0.2040149236460187,3282.3318242119867,19.29255087359114,16.411659121059934
-135.966104,200,103.987113,0.0,0.6684950844986043,3387.4310708981548,19.713938593777204,16.937155354490773
-78.123229,200,104.105692,0.0,0.6000314387510244,2909.8322450388305,17.43632194429323,14.549161225194153
-60.877701,200,104.536893,0.0,0.2750398058435007,3329.5773603734815,18.917913585857658,16.647886801867408
-172.516472,200,104.679497,0.0,0.851166337866873,3454.4872311291697,19.76182212129724,17.27243615564585
-98.48277,200,104.803979,0.0,0.42583443420818445,2870.0308745184943,17.676168540349256,14.350154372592472
-117.19776,200,104.928529,0.0,0.5206969115542162,2807.706139328851,17.0285887837907,14.038530696644255
-125.517803,200,105.054057,0.0,0.6196577013294924,3526.2890679958778,20.13464965849039,17.63144533997939
-134.530238,200,105.176949,0.0,0.6293507614584692,3074.19583202764,18.37279211073933,15.3709791601382
-68.320367,200,105.299471,0.0,0.3231136056680838,2804.00255569589,17.02597648700441,14.02001277847945
-142.987112,200,105.423503,0.0,0.6553592236575999,3280.90590073666,19.338879181538907,16.4045295036833
-146.292556,200,105.548035,0.0,0.6425547220419826,2962.170905965519,16.82559680452423,14.810854529827596
-120.157679,200,105.669594,0.0,0.5889923865816332,3523.560443110708,20.523609949268845,17.61780221555354
-62.052177,200,106.100694,0.0,0.2985091151365268,3011.2796386745663,18.598832849865158,15.056398193372832
-52.606007,200,106.248367,0.0,0.2710847139199188,3199.2996680948636,19.027333641269063,15.996498340474318
-103.35586,200,106.375969,0.0,0.4182040464660041,2767.977822399438,17.235628659161964,13.83988911199719
-35.899044,200,106.499504,0.0,0.16456387782755486,3287.425219221557,19.34582617591698,16.437126096107786
-57.198544,200,106.6283,0.0,0.3864920281185112,2859.1644228575237,17.159569179758265,14.295822114287619
-55.336494,200,106.756113,0.0,0.29661515726876697,3030.989611059851,17.98008674843482,15.154948055299256
-35.280341,200,106.876163,0.0,0.24867928627070968,3371.2813058315432,19.57320693156072,16.856406529157717
-53.972634,200,107.001228,0.0,0.27480213951282356,3135.3016003629436,18.724687135023675,15.676508001814717
-94.685884,200,107.125722,0.0,0.462671897642532,3347.522278215223,19.537277566372676,16.737611391076115
-42.075681,200,107.248386,0.0,0.17806397086508796,3201.3479628247155,18.505057731588913,16.006739814123577
-102.284585,200,107.673993,0.0,0.511073933614601,3213.653884372742,19.020209253920648,16.06826942186371
-54.98877,200,107.80851,0.0,0.31496500839860936,3355.6100561801763,19.448886467918555,16.77805028090088
-71.869565,200,107.940076,0.0,0.29154765812741434,3071.6872801307777,18.03724963014198,15.358436400653888
-113.578903,200,108.063602,0.0,0.5631497480045633,3533.1166713139173,20.705841759998776,17.665583356569588
-53.580926,200,108.194482,0.0,0.35828030692638957,2851.8325998674754,17.042653853887686,14.259162999337377
-120.353486,200,108.320943,0.0,0.4780839313159789,2869.6464499489452,18.01412740500211,14.348232249744726
-101.356121,200,108.447173,0.0,0.48767508389512393,3488.5859364167745,20.30134825487701,17.44292968208387
-83.956659,200,108.571785,0.0,0.3587119552901901,2816.47929399406,16.59424797235592,14.082396469970298
-50.224485,200,108.693509,0.0,0.2332285342463448,3335.0648325846573,19.89221457641296,16.675324162923285
-116.6917,200,108.819423,0.0,0.4803409572946283,3036.0143804160457,18.327616938021514,15.180071902080229
-84.650353,200,108.940817,0.0,0.43644452229711017,3413.790736371196,19.557479145856927,17.06895368185598
-126.617664,200,109.393016,0.0,0.5616565328643064,3012.8162406651145,17.933499393933637,15.064081203325573
-75.853893,200,109.52655,0.0,0.3618585186022774,3358.130951955004,19.515388887785015,16.79065475977502
-55.584683,200,109.653078,0.0,0.2555685747129459,3277.7363224379715,18.830182432874388,16.388681612189856
-176.638833,200,109.776069,0.0,0.8729777156969771,3460.000868183367,20.091236635469244,17.300004340916836
-89.597966,200,109.898587,0.0,0.3887422325532544,2967.4116352641545,17.12886661157132,14.837058176320772
-149.32124,200,110.023166,0.0,0.6945968168024221,2826.162946007533,16.602056956441608,14.130814730037663
-99.114785,200,110.145691,0.0,0.46998814504043307,3430.13311478259,19.7941309333788,17.15066557391295
-60.852635,200,110.269245,0.0,0.30631933061576216,3270.8979440211674,18.983139552561813,16.354489720105835
-76.441927,200,110.388289,0.0,0.34481393247329806,2830.7320134243782,16.73658717147027,14.15366006712189
-44.867027,200,110.506854,0.0,0.22025895500771278,3404.017694233915,19.71522846417859,17.020088471169576
-58.724976,200,110.940562,0.0,0.34491799507905946,2800.316136816764,16.681684391970588,14.00158068408382
-141.595209,200,111.089349,0.0,0.663503470670213,3381.0887329325055,19.50059211159431,16.905443664662528
-122.055984,200,111.216485,0.0,0.5116902703008815,2795.724749501996,16.87277379024246,13.97862374750998
-115.876793,200,111.345659,0.0,0.5400322590555634,3373.769859984415,18.826366972496494,16.868849299922076
-43.283993,200,111.468152,0.0,0.18397498371850995,2850.0994161561075,17.040697340936237,14.250497080780537
-166.724091,200,111.592119,0.0,0.8241177177975278,3614.388211881532,19.82496854077798,18.07194105940766
-57.182297,200,111.713642,0.0,0.26289294721558754,3357.3911841957424,18.799348594899254,16.786955920978713
-44.108634,200,111.839893,0.0,0.2795939272832296,3409.253953099604,19.554315471669987,17.04626976549802
-145.175477,200,111.961402,0.0,0.69263099861376,3420.31081097357,20.340590717549617,17.10155405486785
-90.374082,200,112.083416,0.0,0.38582029031187637,2574.2010439063392,16.213338433461704,12.871005219531696
-149.652966,200,112.499589,0.0,0.6923979320583626,3016.8618888323576,17.855452382405257,15.084309444161788
-62.369004,200,112.650134,0.0,0.3268685180257816,3207.0665743629283,19.152041718550453,16.035332871814642
-76.319005,200,112.778095,0.0,0.3788134611149065,3285.960768851962,19.429853819961775,16.42980384425981
-57.301983,200,112.902595,0.0,0.24101333634314395,3296.224556931084,19.583202537101453,16.48112278465542
-153.018265,200,113.030151,0.0,0.7542818650771422,3315.284097506638,19.37180901756231,16.576420487533188
-28.402582,200,113.160596,0.0,0.07924925537958799,3408.241998416739,19.39703165681804,17.041209992083694
-154.953869,200,113.28451,0.0,0.7207560015563328,3310.2116101159713,19.123426697551118,16.551058050579858
-146.061149,200,113.408642,0.0,0.6768127368179221,3070.392918645686,17.86453042075263,15.35196459322843
-104.709721,200,113.531185,0.0,0.4036268219196795,2830.91476278689,17.3047726367692,14.154573813934451
-66.707218,200,113.656687,0.0,0.3094317677576086,3466.835331848331,19.320447688618483,17.334176659241656
-60.406304,200,114.101316,0.0,0.24305005239690972,3272.826945491499,19.163498145697663,16.364134727457493
-53.914228,200,114.254792,0.0,0.23036664701470913,3509.650618874529,19.97917732109851,17.548253094372644
-116.315056,200,114.382809,0.0,0.5213782829319266,3029.0378540708034,19.21466882864172,15.145189270354017
-120.743405,200,114.505358,0.0,0.5745042659195682,3245.8786432483853,19.51839504072542,16.229393216241927
-70.187497,200,114.630887,0.0,0.3293015199221736,3247.9125552879204,19.21224804611785,16.239562776439602
-126.12519,200,114.754407,0.0,0.5991442781594297,3309.434452546275,18.87595156665301,16.547172262731376
-81.321385,200,114.876127,0.0,0.3817679762306127,3534.5343470355333,20.422840541155566,17.672671735177666
-127.857753,200,114.998647,0.0,0.5309808841271765,2795.4479240464766,16.95006718245742,13.977239620232384
-134.784784,200,115.124354,0.0,0.6313390568123508,2985.570488840004,18.543055733662012,14.92785244420002
-119.119204,200,115.250913,0.0,0.5595766438745953,3195.7346771318007,18.17742916962711,15.978673385659004
-68.192308,200,115.373342,0.0,0.25795201931275885,3057.180578231528,18.04066511242027,15.28590289115764
-150.135997,200,115.820821,0.0,0.6841686424833135,3300.3002456329473,19.949179359735236,16.501501228164738
-95.755109,200,115.952349,0.0,0.4094609412546106,3041.025558054731,18.026951383255124,15.205127790273655
-29.107493,200,116.076435,0.0,0.0938484696892728,3491.0196796094856,19.899613091019972,17.45509839804743
-46.770732,200,116.198934,0.0,0.32177697393418797,3313.3893010294782,19.691086005673252,16.566946505147392
-45.586203,200,116.322121,0.0,0.1898395871684079,3549.098734039338,20.678049674992444,17.74549367019669
-66.72861,200,116.443663,0.0,0.386348630901724,3202.19627851366,19.235483444007222,16.0109813925683
-114.836957,200,116.565874,0.0,0.5556839261778421,3682.268782647898,20.738299614508335,18.41134391323949
-116.344631,200,116.689902,0.0,0.5596764459266497,3406.665874074378,19.68002927711554,17.033329370371888
-111.713222,200,116.809437,0.0,0.4693564121252455,2842.248665652405,17.408955072501932,14.211243328262025
-51.256875,200,116.930903,0.0,0.2652468023393303,3301.508156274002,19.20121515325821,16.50754078137001
-88.945801,200,117.36395,0.0,0.4150808318620602,3265.467944733072,19.125941652744576,16.32733972366536
-42.676157,200,117.495983,0.0,0.27064739111765584,3272.7069298688593,18.943420962235372,16.363534649344295
-150.445292,200,117.623566,0.0,0.7241948887768545,3516.5666372433143,19.777694668896796,17.582833186216572
-142.953987,200,117.750013,0.0,0.6561476926673647,3253.521133122828,19.149318528632683,16.26760566561414
-79.758813,200,117.875667,0.0,0.3834966775215783,3461.2511728766117,19.556242610978984,17.306255864383058
-149.333503,200,118.001091,0.0,0.648943032680814,3005.0718858589057,18.136698770964614,15.025359429294529
-60.533575,200,118.127625,0.0,0.31916007494212834,3241.8379134277034,19.266049374544053,16.209189567138516
-102.420305,200,118.251145,0.0,0.4302517261204538,3102.7305317551127,18.480606300765732,15.513652658775563
-134.704448,200,118.374707,0.0,0.674082756590396,3517.363523119908,20.4986679951221,17.586817615599543
-177.168604,200,118.49824,0.0,0.8701107357032024,3390.2570893514244,19.872030191750913,16.951285446757122
-78.932779,200,118.984845,0.0,0.3605261663250535,3197.258472454206,18.89654841783713,15.986292362271032
-43.383215,200,119.112378,0.0,0.17656400524638174,3421.9652024147795,19.38165741253577,17.109826012073896
-60.049478,200,119.240923,0.0,0.33537391558719776,2614.29119434622,16.559231850434582,13.0714559717311
-126.743385,200,119.36647,0.0,0.6120363158400748,3338.7039156661867,18.71773176793566,16.693519578330935
-104.879687,200,119.489517,0.0,0.4628454270711631,2852.480772382846,17.042744548448436,14.262403861914231
-64.161765,200,119.613045,0.0,0.39633091956871364,2717.610902805126,16.99010902403011,13.58805451402563
-36.485665,200,119.7342,0.0,0.11362020416599705,3182.600412874377,18.402685629699306,15.913002064371886
-154.745603,200,119.861226,0.0,0.7012393871659977,3204.832651265851,19.12484518145173,16.024163256329256
-70.592718,200,119.98536,0.0,0.31440925741681836,3018.191321972804,18.431164371043476,15.090956609864019
-168.89393,200,120.102888,0.0,0.8239115216533204,3465.81080904829,19.40813963994934,17.32905404524145
-66.928088,200,120.541543,0.0,0.3145489395271765,3235.9481337999014,18.398656005730288,16.179740668999507
-74.255711,200,120.682603,0.0,0.3392589532529796,3425.924457864762,19.788486609632294,17.129622289323812
-110.205119,200,120.810128,0.0,0.5258592263993499,3056.5713762457626,18.036380156970086,15.282856881228813
-85.383452,200,120.934651,0.0,0.41347572781914566,3311.597366520857,19.588776793642406,16.557986832604286
-72.864564,200,121.057173,0.0,0.319383387683491,3386.4001237674647,19.925714991358067,16.932000618837325
-61.228678,200,121.17921,0.0,0.28488028068445326,3280.6241522092014,19.326255208057713,16.403120761046008
-139.522057,200,121.304918,0.0,0.6318734908810107,3377.7190772718473,19.607939430080435,16.888595386359235
-49.434614,200,121.426433,0.0,0.18359586197055955,3185.828727932352,18.467676965953274,15.929143639661762
-110.668018,200,121.547998,0.0,0.46656949677273707,2847.396910469251,16.96382464795195,14.236984552346255
-60.101823,200,121.666522,0.0,0.28097634324245485,3167.7028647792827,18.279446861789197,15.838514323896414
-105.006304,200,121.788533,0.0,0.4498887012434858,2960.615128125014,17.675483520432707,14.803075640625071
-84.984411,200,122.230743,0.0,0.39260383234630736,3043.717144239769,18.22688059875728,15.218585721198844
-89.430506,200,122.367722,0.0,0.3805323474931443,2485.41508202192,15.299433062297478,12.427075410109602
-15.45827,56,122.406235,1.0,0.04916131338918549,938.6310246531523,5.439557317586204,16.76126829737772
-77.067508,200,122.537309,0.0,0.33795037674908096,3548.8646691605386,20.266688503246193,17.744323345802695
-98.034033,200,122.66681,0.0,0.4372852605536515,3112.357384129092,18.415941655429332,15.561786920645462
-154.757083,200,122.79438,0.0,0.7467835545124378,3073.1894212904635,19.127834509614388,15.365947106452317
-148.433368,200,122.926684,0.0,0.7310871332978607,3667.245131871407,21.26829487068821,18.336225659357034
-144.975882,200,123.049213,0.0,0.6580919194118573,3364.7230549120018,20.285285487306457,16.82361527456001
-95.369846,200,123.182253,0.0,0.44644202041604747,3288.8076028348646,18.978102265350213,16.444038014174325
-114.843185,200,123.304129,0.0,0.515851959747206,2894.179078012942,17.86907053102123,14.470895390064712
-131.923148,200,123.734319,0.0,0.6370419439085382,2982.302271312362,17.709807646097126,14.91151135656181
-126.011065,200,123.873846,0.0,0.5475724536326765,3301.709026114932,18.993817112129673,16.50854513057466
-102.630512,200,124.007878,0.0,0.4880387654301624,3434.3271573789893,19.434131723774676,17.171635786894946
-100.04369,200,124.131372,0.0,0.47280950157977064,3130.8180601939107,18.350994524131828,15.654090300969553
-85.346903,200,124.25557,0.0,0.4384911058814774,2789.5580447994876,16.39640272501434,13.947790223997437
-105.165753,200,124.383624,0.0,0.5073762365037592,3365.4635773879886,19.4197732918655,16.827317886939944
-95.421949,200,124.504082,0.0,0.42754650241775277,3426.0764306892797,19.534583018478155,17.130382153446398
-68.693025,200,124.634603,0.0,0.4983383388617922,2582.499828309993,16.15151511855291,12.912499141549965
-88.390238,200,124.754979,0.0,0.3900594566639668,3248.220897736836,19.041775173744355,16.24110448868418
-152.980715,200,124.874534,0.0,0.746041166416441,3351.7866312753695,19.80634235727394,16.758933156376848
-137.597671,200,124.992603,0.0,0.5943011481314935,2895.205231556879,17.810384731515608,14.476026157784394
-63.852314,200,125.432768,0.0,0.3387037602334225,3274.495569206713,18.94985515943821,16.372477846033565
-114.172503,200,125.566291,0.0,0.5271004353906394,2959.049106242549,17.853338481994896,14.795245531212744
-160.907162,200,125.690318,0.0,0.7470223414163698,3172.32987349573,18.04128914430683,15.861649367478652
-110.697118,200,125.81386,0.0,0.5226894775746979,3160.682967009835,18.880190839015853,15.803414835049175
-86.212001,200,125.937378,0.0,0.400167442658396,3147.1500218452657,18.249169946658387,15.735750109226329
-59.711367,200,126.058925,0.0,0.3365838693428766,2641.30644533602,16.50670347869808,13.2065322266801
-174.972779,200,126.185694,0.0,0.8560909513878456,3496.7408421641217,19.922777498165576,17.48370421082061
-38.011168,200,126.307249,0.0,0.12558173845096482,3338.0442170691917,18.908488024053444,16.690221085345957
-82.548135,200,126.437999,0.0,0.3660199919288102,3092.446528838346,18.14216109448612,15.46223264419173
-70.640122,200,126.559476,0.0,0.497994092193099,2363.7769819909167,15.632970324689747,11.818884909954583
-61.479404,200,127.019097,0.0,0.26770005172083383,3257.450319927956,19.763650015397854,16.28725159963978
-111.038795,200,127.150647,0.0,0.4657877708973882,2927.691501711616,17.281378453609253,14.638457508558082
-167.981422,200,127.27722,0.0,0.804134315356928,3285.3188024798146,19.92786671480808,16.42659401239907
-100.26714,200,127.401954,0.0,0.3695856326245015,2819.667008458084,16.992400931120265,14.09833504229042
-118.755064,200,127.525482,0.0,0.4407173086482996,2923.1994285986175,17.86705830526303,14.615997142993088
-36.269954,200,127.647995,0.0,0.18852778148917923,3402.6532964585813,19.702787868746142,17.013266482292906
-73.973791,200,127.769982,0.0,0.3305589239111733,3277.844865462853,18.805873443170505,16.389224327314263
-43.587027,200,127.892784,0.0,0.27613910093259597,3192.9119088009547,18.701258990306737,15.964559544004773
-143.76369,200,128.016852,0.0,0.6687037339271524,3413.792748628752,19.602816838937073,17.06896374314376
-63.291021,200,128.136463,0.0,0.29917369509393854,2834.703786980976,18.058663287851466,14.17351893490488
-84.867542,200,128.629879,0.0,0.4042309046075385,2920.003692149714,17.355909766514714,14.60001846074857
-161.191995,200,128.793699,0.0,0.7819025046251847,3582.831165825581,20.39054709656092,17.914155829127907
-51.460804,200,128.933216,0.0,0.20250875159617857,2946.4333503282205,17.736647387551777,14.732166751641103
-105.491552,200,129.062603,0.0,0.48510165286183304,3496.7615328818506,20.545325658865927,17.48380766440925
-144.573645,200,129.197643,0.0,0.6740450961335432,2949.1839451663477,17.865832619655045,14.745919725831738
-25.743325,200,129.332652,0.0,0.11092823223407365,3370.042055522241,19.522420456764465,16.850210277611204
-38.180117,200,129.467225,0.0,0.3744786961513701,3217.7751281971136,18.679509895027824,16.088875640985567
-118.584868,200,129.599176,0.0,0.45614789285063856,2783.995346759562,16.60379936397027,13.91997673379781
-77.146785,200,129.739716,0.0,0.3516563045793843,3097.4117406619353,17.94877434656705,15.487058703309676
-105.01966,200,129.861232,0.0,0.4853901605265046,3120.2891955153696,18.414358771128967,15.601445977576848
-75.708668,200,130.300945,0.0,0.35616119448084316,3226.11393909283,19.349605338106848,16.13056969546415
-33.285975,200,130.441466,0.0,0.1032197458823108,3438.633046208944,19.904301790741563,17.19316523104472
-151.884033,200,130.572024,0.0,0.7669478324097659,3527.351435902688,19.1237526468267,17.63675717951344
-48.040193,200,130.698084,0.0,0.36941361869769745,3060.076316471803,17.669501554362583,15.300381582359014
-117.766699,200,130.841604,0.0,0.5573175366159604,3397.3208421634135,20.021869531269065,16.986604210817067
-76.924091,200,130.980956,0.0,0.3567172898485112,3234.5864498142787,18.156723268563006,16.172932249071394
-90.329168,200,131.126216,0.0,0.3528375824666579,3007.7009028033103,17.61214687783921,15.038504514016552
-55.756079,200,131.257336,0.0,0.4028895866500224,2578.8594239477743,15.924691322038234,12.894297119738871
-11.769405,55,131.294858,1.0,0.04919568219690903,825.1956583267918,4.53103669476473,15.003557424123487
-82.096946,200,131.423398,0.0,0.39229921949020086,2809.139651026531,17.716908433488566,14.045698255132654
-141.221139,200,131.551935,0.0,0.6141274256671236,2932.903440407457,17.761684176907725,14.664517202037285
-54.49021,200,131.980848,0.0,0.27819334071160795,3037.4852287318154,18.36936908309554,15.187426143659076
-55.737191,200,132.113876,0.0,0.3864128493563103,2652.9451606295343,16.514184683867864,13.264725803147671
-64.057969,200,132.245425,0.0,0.29669824433617753,2479.7746442276584,15.417364937440615,12.398873221138292
-65.199071,200,132.366917,0.0,0.30143280897947855,3136.325169367271,18.828074441077487,15.681625846836354
-28.146302,200,132.493892,0.0,0.11219153635640064,3301.6330374323406,19.440845944009098,16.508165187161705
-53.519037,200,132.615412,0.0,0.3222771196223166,2816.545253396781,17.18559606423648,14.082726266983904
-173.947744,200,132.738945,0.0,0.8386517989354874,3156.1479825148413,18.547282698291074,15.780739912574207
-57.502675,200,132.869479,0.0,0.33382032750217966,2555.6378430587506,16.422728744527507,12.778189215293754
-69.578794,200,132.997082,0.0,0.28961963941078483,2681.9513658056107,15.868000671760955,13.409756829028053
-50.004294,200,133.120508,0.0,0.24810898788052643,3375.660504966087,19.377541003034953,16.878302524830435
-51.571673,200,133.24261,0.0,0.38909648325336715,3179.6410675882134,18.246837724264786,15.898205337941068
-40.094897,200,133.717018,0.0,0.171217264288496,3395.3927022824346,19.95324169453082,16.976963511412173
-82.245871,200,133.84754,0.0,0.3827413693951862,3469.750220721906,19.196852715866914,17.34875110360953
-122.663737,200,133.974178,0.0,0.5953213623129004,3279.1205597461426,19.16318318904336,16.395602798730714
-149.330083,200,134.097116,0.0,0.6801397706173208,3124.3624827953854,18.039519534830106,15.621812413976928
-136.577812,200,134.222638,0.0,0.5755615444215062,3051.6728707094553,18.37494896625254,15.258364353547277
-57.09499,200,134.348148,0.0,0.23179201259051294,2993.782296246661,17.834479491483965,14.968911481233306
-31.867063,200,134.473682,0.0,0.09896499587464672,3399.6375154983793,20.3255946619698,16.998187577491898
-103.138843,200,134.598619,0.0,0.41329508915764035,2945.520979131348,17.064658800886708,14.727604895656741
-37.196634,200,134.724122,0.0,0.21369879026967634,3089.2981571691257,18.045794625954002,15.44649078584563
-157.791923,200,134.847637,0.0,0.7807287911420088,3580.85104960643,20.49737259213857,17.90425524803215
-113.991743,200,135.303504,0.0,0.4346097507814675,2801.9136931798894,16.787265276139507,14.009568465899447
-98.800003,200,135.446566,0.0,0.445816743978001,2717.5647105957914,16.90823155294311,13.587823552978957
-80.76319,200,135.574061,0.0,0.3502785543247924,2596.936060638418,15.771654900299477,12.98468030319209
-81.290519,200,135.700106,0.0,0.35126955308647395,2761.8964893660013,16.878900575341213,13.809482446830007
-39.217132,200,135.824615,0.0,0.14714396439657199,3320.718352044396,19.904394342921208,16.60359176022198
-48.70251,200,135.947111,0.0,0.18449723615202587,3292.901043333308,18.506757498197633,16.464505216666538
-10.878195,87,136.000633,1.0,0.04671867835887906,1453.5058913683229,8.170647459752477,16.70696426860141
-68.224673,200,136.124084,0.0,0.3251588394178767,3255.5035053643037,18.6482688632584,16.27751752682152
-68.210106,200,136.247637,0.0,0.2995463323658268,2944.6710484845057,18.196907253004458,14.723355242422528
-122.482858,200,136.365166,0.0,0.5927592976164784,3352.04006352901,19.00492914848659,16.760200317645047
-52.677597,200,136.487723,0.0,0.2292778439690108,2832.7963778856915,17.365078387055622,14.163981889428458
-68.266205,200,136.937791,0.0,0.3604769558325463,3058.261377871521,17.476850880421324,15.291306889357605
-123.40407,200,137.067313,0.0,0.5321012296917943,3207.67302811044,18.620887729627544,16.0383651405522
-121.548195,200,137.196295,0.0,0.49430769081639414,2794.339624990498,16.709296040392065,13.971698124952491
-157.281038,200,137.327121,0.0,0.7676026177061599,3230.0896926519154,19.44070426560851,16.150448463259576
-35.287682,200,137.450396,0.0,0.12575280560835486,3142.907673320433,18.953463204937353,15.714538366602165
-71.388158,200,137.580903,0.0,0.3231648390752786,3224.298398816689,19.21380038703443,16.121491994083446
-72.094539,200,137.706866,0.0,0.3596639402825756,2861.4885234684352,16.486876897238638,14.307442617342176
-114.931266,200,137.830382,0.0,0.5387660754953406,3047.5353012150194,18.11384617441453,15.237676506075097
-148.93632,200,137.949622,0.0,0.7181135080443963,3403.099032724712,19.93094224114448,17.01549516362356
-92.543918,200,138.0681,0.0,0.41547296095804537,3073.5656320988073,18.561928434600926,15.367828160494037
-58.978127,200,138.493939,0.0,0.29766589525198667,3265.864909644782,19.035129794638266,16.32932454822391
-73.723796,200,138.632482,0.0,0.34398391936063893,3311.4577486977637,18.866609357899424,16.55728874348882
-87.65846,200,138.758959,0.0,0.40576013697486984,3484.243159548879,20.06011389298926,17.421215797744395
-64.233253,200,138.881547,0.0,0.3053513075665157,3221.0792784356313,18.771272928986384,16.105396392178157
-168.673165,200,139.006148,0.0,0.7805802783552278,3327.145583905258,19.629588660882487,16.63572791952629
-83.332031,200,139.127635,0.0,0.3699023554997991,3238.7327963879334,18.93250367529106,16.193663981939668
-92.637027,200,139.25019,0.0,0.40222655193685214,3259.191010398737,19.33174995441356,16.295955051993687
-82.022012,200,139.372233,0.0,0.4040065594545181,3281.097794077433,19.13199896436377,16.405488970387164
-36.830097,200,139.497319,0.0,0.15356082768118848,3414.1134458741194,19.428180456004235,17.070567229370596
-96.02635,200,139.619833,0.0,0.44637597579943566,3157.7671651454148,18.487944281475155,15.788835825727073
-124.848411,200,140.055656,0.0,0.5866107777101893,3275.7275690641854,18.564426893372925,16.378637845320927
-129.534762,200,140.20072,0.0,0.615278582264949,3276.4577987423304,18.920396408376053,16.38228899371165
-130.667565,200,140.325259,0.0,0.6115434696409978,3210.1302193690417,18.1999515836138,16.050651096845208
-167.668481,200,140.455782,0.0,0.8291659575177556,3292.3088790654597,19.40657057618814,16.461544395327298
-39.165834,200,140.58883,0.0,0.27440182381568273,3188.920985189034,18.813848364190555,15.944604925945171
-112.047506,200,140.709353,0.0,0.545431382655382,3253.14728472976,19.422624493656357,16.2657364236488
-118.653348,200,140.830915,0.0,0.5683718752473385,3307.1743764641983,18.938272025767148,16.53587188232099
-49.305778,200,140.955416,0.0,0.26359218408978163,3195.0783256009154,18.89059347315258,15.975391628004576
-101.01143,200,141.078929,0.0,0.4776254898228533,3235.180298868863,19.268474151006217,16.175901494344313
-63.333259,200,141.200986,0.0,0.30761247554072146,2716.833194486227,16.89377444595167,13.584165972431135
-49.470434,200,141.666253,0.0,0.2301490488028355,3409.4225485713832,19.355443282514766,17.047112742856918
-65.874925,200,141.824274,0.0,0.3072915994454039,2628.6971189652527,15.86026317360115,13.143485594826263
-53.164519,200,141.957601,0.0,0.225559524273322,3409.289246913536,19.0680533185343,17.04644623456768
-28.628924,200,142.083392,0.0,0.09659085375263532,3316.459200320044,19.230828664887017,16.58229600160022
-86.321928,200,142.204438,0.0,0.40952624952278444,3674.301922413711,20.802729539386362,18.371509612068554
-102.105929,200,142.33056,0.0,0.40415268814367206,2718.939977270994,16.455308661504777,13.59469988635497
-172.892043,200,142.451113,0.0,0.8431658115324175,3512.6949867064186,20.3216132551964,17.563474933532092
-141.061233,200,142.572672,0.0,0.6441974195063326,2973.1965954621587,17.790701863947525,14.865982977310793
-63.957263,200,142.691791,0.0,0.29125054330650185,3634.4972322695053,20.297291884241258,18.172486161347525
-62.353473,200,142.810308,0.0,0.2669752625964282,3134.203746291626,18.19733410395121,15.67101873145813
-63.586268,200,142.927846,0.0,0.39651128720523976,2711.23512810396,16.56266355607097,13.5561756405198
-50.132304,200,143.386758,0.0,0.33384545381475206,3258.603020042365,18.62254015365284,16.293015100211825
-110.024794,200,143.51583,0.0,0.492381101221167,2759.056900181843,16.59841030402507,13.795284500909215
-72.631128,200,143.643863,0.0,0.3288931729382969,3216.3632891443576,18.811932222195182,16.08181644572179
-65.176752,200,143.76945,0.0,0.2746071100791384,3214.385986103782,19.233225841345682,16.071929930518912
-142.945204,200,143.894563,0.0,0.7071209765647946,3081.9985372313977,18.630168488967247,15.409992686156988
-98.873181,200,144.017138,0.0,0.46813228588680994,2996.3285526765467,17.97374514901577,14.981642763382734
-161.131608,200,144.143435,0.0,0.7947873403301953,3552.1145349033554,20.148900016469312,17.760572674516776
-141.584346,200,144.265165,0.0,0.6857110200539439,3436.4879401187477,19.44855740378189,17.18243970059374
-66.358635,200,144.390266,0.0,0.3491248710760145,2962.1592376433427,17.09515551496494,14.810796188216713
-170.519829,200,144.512778,0.0,0.8431548444941515,3142.387927545726,18.174400998220232,15.71193963772863
-113.39092,200,144.970742,0.0,0.5231523462275482,3094.481477036205,18.05336776751867,15.472407385181025
-152.792693,200,145.101661,0.0,0.7431119663429747,3280.2224429464904,19.08500813492295,16.401112214732454
-159.178648,200,145.233178,0.0,0.7737813366482001,3206.8067166244728,19.00125872737816,16.034033583122365
-147.940223,200,145.360731,0.0,0.6890393156263849,3074.7599377344277,18.046649078840968,15.373799688672138
-156.985331,200,145.4863,0.0,0.777484779391786,3358.087682163433,20.182024547942056,16.790438410817163
-38.562306,200,145.609984,0.0,0.14241179791519168,3422.199485030049,19.789311476634627,17.110997425150245
-138.857059,200,145.734469,0.0,0.6674146597248163,3321.1218441764377,19.545104259191454,16.605609220882187
-113.808119,200,145.85799,0.0,0.5336379648507467,3343.893602928553,19.35970546127431,16.719468014642764
-102.944362,200,145.97745,0.0,0.469830189819897,2951.083141925808,17.891599553924358,14.75541570962904
-134.502108,200,146.094486,0.0,0.6571195814456909,3166.805386795425,18.63667731589802,15.834026933977125
-79.74473,200,146.527758,0.0,0.3626628520607066,3440.454364390686,19.936002444048164,17.20227182195343
-153.611951,200,146.672438,0.0,0.7641600163757838,3241.7163495949962,19.069338413612044,16.208581747974982
-83.75486,200,146.797493,0.0,0.34472895236757833,2906.7927609904013,17.29390812514245,14.533963804952007
-102.064172,200,146.921983,0.0,0.49876221106095975,3351.7454272971004,19.48103473228873,16.7587271364855
-50.607838,200,147.046544,0.0,0.31640883513198315,2616.8096987735803,16.076630882422474,13.084048493867902
-145.692582,200,147.179013,0.0,0.7187301556547909,3378.4463392149623,19.046780752160334,16.892231696074813
-62.915087,200,147.300044,0.0,0.3557805931332766,2769.646194321371,17.481355593369816,13.848230971606855
-162.197265,200,147.426517,0.0,0.7907828774411089,3242.2183387418468,19.062022208932778,16.211091693709236
-127.332273,200,147.549834,0.0,0.6055485369522334,3155.08088720968,18.84654309553212,15.7754044360484
-158.60269,200,147.67239,0.0,0.7711485633522388,3478.746568890936,19.87734104664266,17.39373284445468
-117.492681,200,148.09182,0.0,0.5432804413938918,3350.0294966967504,18.709160818882978,16.75014748348375
-68.160838,200,148.223326,0.0,0.3033421222604866,3339.339572289906,19.321311674122676,16.69669786144953
-61.777824,200,148.360422,0.0,0.29396772022591827,3155.3826169813783,18.805759778233913,15.77691308490689
-52.154633,200,148.48663,0.0,0.16509324418247362,2958.2234612270718,17.628951911722446,14.791117306135359
-68.836126,200,148.613581,0.0,0.32730531884819436,2845.1537881446334,16.47581901253482,14.225768940723167
-41.59276,200,148.737484,0.0,0.19118074283135758,3460.7003038549537,20.175622469903832,17.303501519274768
-150.792148,200,148.859533,0.0,0.7439099321401761,3360.065164347349,19.120147944374605,16.800325821736745
-70.191859,200,148.992553,0.0,0.35901356525417244,3082.4660095936983,18.370174602271913,15.412330047968492
-139.833547,200,149.126127,0.0,0.6800653962659325,3258.5937879573294,19.120878039010943,16.292968939786647
-98.860339,200,149.24963,0.0,0.4244268361592836,2774.0822534311415,16.65608005877974,13.870411267155708
-80.752956,200,149.374147,0.0,0.36562100368424566,2938.474244231406,18.027198735531694,14.69237122115703
-59.523559,200,149.81676,0.0,0.30639411098963454,3302.3333860967577,18.93841245263701,16.511666930483788
-96.567723,200,149.951229,0.0,0.44680104683165917,3143.443558525794,18.733010151632136,15.717217792628968
-172.765223,200,150.075773,0.0,0.8723367013343761,3148.877733003478,18.247765098325893,15.744388665017391
-85.669414,200,150.197773,0.0,0.39963833124168757,3363.546232525979,19.29362822951487,16.817731162629897
-76.20781,200,150.320295,0.0,0.3284959853863371,2798.182930183758,16.671984486201865,13.99091465091879
-44.599998,200,150.449822,0.0,0.2566156425341601,2565.649496065883,15.828318759514008,12.828247480329415
-122.097658,200,150.578354,0.0,0.5948021640539131,3388.2843428572714,19.983611829277322,16.941421714286356
-133.080013,200,150.70313,0.0,0.6091993325421867,3062.2576179022662,19.103305309456328,15.311288089511331
-78.746571,200,150.826516,0.0,0.3517751002395114,3090.351822316751,18.63171432874392,15.451759111583756
-48.93433,200,150.948685,0.0,0.1936411610022349,3175.687070611658,18.616931040191805,15.87843535305829
-8.928557,42,150.975646,1.0,0.04425567086772957,701.3531157226837,3.9109898613895524,16.698883707682945
-49.083475,200,151.435975,0.0,0.325238435032139,3147.3992021069203,18.29916018303663,15.736996010534602
-92.588367,200,151.563486,0.0,0.3946148413199453,2893.0080433561902,17.39209423642654,14.46504021678095
-35.788943,200,151.694508,0.0,0.12516979550348242,3408.3600571945603,19.83031979364104,17.0418002859728
-122.498175,200,151.819027,0.0,0.5858325069753529,3378.3121808814894,19.296828280050022,16.89156090440745
-47.359032,200,151.94421,0.0,0.1971976597202821,3043.4058737827604,18.432499327087758,15.217029368913803
-124.432776,200,152.063733,0.0,0.5730432037657173,3209.5421356511392,19.180897098394343,16.047710678255697
-116.288858,200,152.18926,0.0,0.5541907606915769,3405.3794861634515,19.97019217147427,17.026897430817257
-161.207242,200,152.31236,0.0,0.7457644437614918,2977.790272737295,18.417087980879554,14.888951363686473
-44.393583,200,152.437892,0.0,0.17465229669811463,3254.7688864378424,19.20943742973894,16.27384443218921
-142.08784,200,152.55844,0.0,0.6184990492030569,3107.7595380810085,17.754495020631342,15.538797690405042
-177.482237,200,153.019941,0.0,0.8726506749330613,3469.12671041963,20.015751895084044,17.34563355209815
-93.270578,200,153.153111,0.0,0.45232143245073286,3274.8077475476034,18.837062488419036,16.37403873773802
-49.699617,200,153.292639,0.0,0.17972393496712968,3473.5668319205074,20.334921005517113,17.367834159602538
-157.881689,200,153.427885,0.0,0.7744777682005431,3410.446264962825,19.470329544407377,17.052231324814123
-145.819037,200,153.552409,0.0,0.6530925201025329,3035.216256725131,17.473643189169273,15.176081283625656
-152.853685,200,153.678957,0.0,0.7294521500546415,3391.2087672627304,19.267054920145107,16.95604383631365
-140.920175,200,153.809006,0.0,0.680063632579155,3392.6934382671693,19.612941695300478,16.963467191335848
-48.177996,200,153.935015,0.0,0.2614783667715329,2748.146349117486,16.49626659572268,13.74073174558743
-77.586002,200,154.063011,0.0,0.3598414063141052,3548.1758051958786,19.582492910165826,17.740879025979392
-79.88907,200,154.184643,0.0,0.3679990442344518,3072.9773989722976,18.18732990836112,15.364886994861488
-67.720968,200,154.622427,0.0,0.27501587751714196,2699.3565799548314,16.44314902669667,13.496782899774157
-69.495994,200,154.774005,0.0,0.2985206523658431,3156.4200479314777,18.250547256724712,15.782100239657389
-146.598728,200,154.89806,0.0,0.6938943002643086,3110.9276075008365,17.78566713593466,15.554638037504184
-134.925054,200,155.022587,0.0,0.6632763252554773,3317.772181588553,18.88813366106543,16.588860907942763
-153.035897,200,155.149025,0.0,0.7486273106253633,3733.519725450607,20.798817440505484,18.667598627253035
-82.026235,200,155.278111,0.0,0.32298250820890284,2812.2388228824298,16.155266493909963,14.06119411441215
-182.106445,200,155.405172,0.0,0.9232952358303689,3062.106077046148,18.14874054655673,15.310530385230742
-96.10373,200,155.531726,0.0,0.4302866706674455,2962.646959094339,17.302126625603506,14.813234795471693
-74.35373,200,155.651942,0.0,0.33162681951333994,3144.5697235404486,18.659405182339576,15.722848617702244
-173.381707,200,155.775413,0.0,0.8635680305092082,3473.7777453221934,20.725706065875414,17.368888726610965
-142.293367,200,156.216925,0.0,0.6845167303208398,3165.873319162785,19.01790064714775,15.829366595813925
-41.75573,200,156.358439,0.0,0.19102202760722195,3425.306881143422,19.835041898786532,17.12653440571711
-28.859618,200,156.485011,0.0,0.13473326704549576,2938.6671170539153,18.011639297651982,14.693335585269576
-177.836752,200,156.610029,0.0,0.879020341069634,3359.203332768533,19.04415685458349,16.796016663842664
-133.055276,200,156.741542,0.0,0.679074562990085,2926.6650789420173,17.762177308258284,14.633325394710086
-148.128392,200,156.864053,0.0,0.7160314789090287,3058.9309810676286,19.061617653086472,15.294654905338144
-35.348339,200,156.989578,0.0,0.1221095627026323,3447.422444699277,19.465223361870393,17.237112223496386
-10.99523,43,157.018095,1.0,0.04540040844820968,192.29671852060096,1.863404106478414,4.472016709781418
-52.379472,200,157.136592,0.0,0.23669483735147015,3219.5465744696585,18.57006215136697,16.097732872348292
-88.505336,200,157.258135,0.0,0.4181036520026237,3203.505745252237,18.791431866965876,16.017528726261183
-156.507723,200,157.381482,0.0,0.755396884231845,3250.8503924995894,19.34240954481546,16.254251962497946
-63.10112,200,157.797639,0.0,0.27175070906733906,2982.3235101276146,17.755415504321476,14.911617550638073
-147.057853,200,157.930161,0.0,0.7094594064485418,2896.463098741534,16.582746294761876,14.48231549370767
-48.182295,200,158.056627,0.0,0.22775155359224494,2781.423559975826,17.259394723211006,13.90711779987913
-167.814,200,158.184893,0.0,0.8407068263196144,3313.409835450357,19.89567867250337,16.567049177251786
-100.764641,200,158.311875,0.0,0.4714416399107944,3220.9575403878694,18.38249048848308,16.104787701939347
-101.049722,200,158.438428,0.0,0.47100288213788327,3253.047102791284,19.191466773746836,16.26523551395642
-127.964769,200,158.562344,0.0,0.62019478312594,3311.06395744013,19.656895495207483,16.55531978720065
-40.110929,200,158.68942,0.0,0.2571593871066916,2480.12933291409,15.347114073368141,12.40064666457045
-99.196049,200,158.813452,0.0,0.4755212575428706,3341.5607423657557,18.69081568922357,16.707803711828777
-137.991786,200,158.93448,0.0,0.5929666234490768,3098.7982695913397,18.02078537939744,15.4939913479567
-83.211063,200,159.056938,0.0,0.39381207357335385,3363.5667668608676,19.481069670732342,16.817833834304338
-81.02954,200,159.503311,0.0,0.3164921054452336,2882.0013495209323,17.434227208951658,14.410006747604662
-133.108373,200,159.64391,0.0,0.6677336540007511,3252.648381427481,18.951108469284865,16.263241907137406
-179.865172,200,159.772003,0.0,0.8696070779215721,3316.6484234813865,18.97711262620494,16.583242117406932
-96.97576,200,159.897684,0.0,0.46958059773213395,3083.262918522972,18.41214764611682,15.41631459261486
-65.551063,200,160.02522,0.0,0.29206880379344746,3338.518386177102,19.165735807025634,16.69259193088551
-114.284832,200,160.151457,0.0,0.5588968897885148,3388.4223899620383,19.4930823944142,16.94211194981019
-159.606022,200,160.274929,0.0,0.7754422134187252,3138.9720640394307,18.54437201901833,15.694860320197154
-134.572643,200,160.399975,0.0,0.6332582328200759,3612.196359171501,20.089097130818057,18.060981795857504
-43.799135,200,160.519496,0.0,0.129016195418567,2868.985068431702,17.28227312512968,14.344925342158511
-25.79287,200,160.641973,0.0,0.07354644915403963,3053.491382913935,17.874714078567887,15.267456914569674
-177.356431,200,161.084098,0.0,0.8858786542922303,3332.9916567414243,19.189535628821787,16.664958283707122
-168.802889,200,161.216169,0.0,0.8173039434327714,3441.229722724169,19.814873358503945,17.206148613620844
-54.632888,200,161.343692,0.0,0.257166937945659,3213.988446119458,18.423220409229987,16.069942230597288
-51.44001,200,161.470817,0.0,0.254366537273325,3073.090745593268,18.732933723617283,15.36545372796634
-96.825561,200,161.595005,0.0,0.4233490465163456,2704.9089576446904,16.19735000906792,13.524544788223452
-170.787032,200,161.725988,0.0,0.8485374754032637,3168.5681733393476,18.733387484801177,15.842840866696738
-44.641824,200,161.852259,0.0,0.19876760524245463,3114.7940131926284,18.26629389578774,15.573970065963142
-95.691186,200,161.97582,0.0,0.45085590205963927,3438.8446667406197,19.814336802428407,17.1942233337031
-12.308264,53,162.008325,1.0,0.049698737004645464,328.17989977299237,2.528500649826901,6.192073580622497
-62.193895,200,162.128884,0.0,0.2509953243861509,2808.9054038024287,17.806907886952164,14.044527019012143
-33.602352,200,162.243396,0.0,0.12278049969749773,3303.5095640944896,19.602538006779433,16.517547820472448
-111.201173,200,162.677091,0.0,0.5360261431502216,3407.3106610390573,19.906979540443505,17.036553305195287
-29.856654,200,162.810157,0.0,0.15965051884900056,3146.0276636491067,17.919399505241785,15.730138318245533
-41.691919,200,162.936667,0.0,0.1905420285717466,3346.8254570016516,19.445775137001334,16.734127285008256
-54.631383,200,163.06119,0.0,0.24256143907226194,3054.612425164887,18.248411597419203,15.273062125824435
-48.724784,200,163.18572,0.0,0.3033295346067215,3063.993463862373,17.366731180275348,15.319967319311866
-58.699049,200,163.309377,0.0,0.19561242830713355,3205.5385376854947,19.02788717460948,16.027692688427475
-36.234762,200,163.432906,0.0,0.21446017367148432,3123.3521650884322,17.940552643441723,15.616760825442162
-107.203677,200,163.558429,0.0,0.5217682788137901,3280.8504962461966,19.024655594176647,16.404252481230984
-167.265863,200,163.678586,0.0,0.8005705579284511,3370.4841668837116,20.027755945493745,16.85242083441856
-127.473333,200,163.797637,0.0,0.6003662428846662,3305.2109945757766,19.37371838808533,16.52605497287888
-74.338642,200,164.233879,0.0,0.3439923485344533,3332.75146428246,18.544827741825532,16.663757321412298
-86.747243,200,164.381401,0.0,0.3513672459703558,2384.1457664009777,14.225035087400359,11.920728832004889
-58.505855,200,164.510177,0.0,0.2376857262912008,3342.069042337229,19.453572762831698,16.710345211686146
-47.489496,200,164.636857,0.0,0.22085459447783184,3152.1920531615256,17.719637522705437,15.760960265807627
-32.18478,200,164.761932,0.0,0.10632839944277851,3180.805532749173,19.351876297645344,15.904027663745865
-131.001609,200,164.886404,0.0,0.6105999553271528,3488.9610010798656,19.909521557080158,17.444805005399328
-121.830381,200,165.010398,0.0,0.5567918744160136,2989.315745439881,17.60715400053188,14.946578727199405
-180.839564,200,165.130925,0.0,0.887310474622749,3523.638125338315,19.35973477575698,17.618190626691575
-54.671694,200,165.255187,0.0,0.2203373519733185,2743.2961099447803,16.970917685244853,13.7164805497239
-150.306708,200,165.379297,0.0,0.7447552341125332,3300.1570209855818,19.434603456301204,16.50078510492791
-90.499044,200,165.802294,0.0,0.4086689363821605,2761.693352486362,16.697885984804987,13.808466762431811
-154.444749,200,165.946751,0.0,0.7732759521176378,3406.210361553762,19.060576564085007,17.03105180776881
-71.269141,200,166.075276,0.0,0.30509625452530614,3206.9877993549467,18.66348621456804,16.034938996774734
-75.659977,200,166.206597,0.0,0.33361783505609305,3267.1985649273674,18.8654792228736,16.335992824636836
-40.575512,200,166.331246,0.0,0.09996457040134163,3315.688020148209,19.77291473946675,16.578440100741044
-64.634807,200,166.458266,0.0,0.25826636221900906,2617.94026345478,16.30679484668473,13.0897013172739
-152.752739,200,166.587797,0.0,0.7090399966236397,2838.963707828579,17.31201649878141,14.194818539142895
-48.677398,200,166.706849,0.0,0.22464984825937548,3372.969659810355,19.470408209922528,16.864848299051776
-139.780146,200,166.828372,0.0,0.66993519376131,3303.3848391689635,19.800259038226187,16.51692419584482
-64.897199,200,166.946829,0.0,0.25912993879327667,2555.149756390145,15.93489861523933,12.775748781950725
-18.251648,143,167.034389,1.0,0.04702753296779969,2189.987795238718,13.20125730309384,15.31459996670432
-180.688137,200,167.46003,0.0,0.8957757467195475,3446.1197928756665,19.70410790151705,17.23059896437833
-94.52219,200,167.588566,0.0,0.42418411544997026,3030.799471566805,18.4839500342282,15.153997357834026
-88.336489,200,167.715578,0.0,0.41498473532584,3408.5619440793,19.234093461818926,17.042809720396498
-153.941404,200,167.841101,0.0,0.740905154736492,3229.921583532428,18.80218295312145,16.14960791766214
-60.800017,200,167.964656,0.0,0.21743244939879264,2794.3028793292683,16.384175249326713,13.971514396646342
-88.606747,200,168.087192,0.0,0.41026262500906446,2912.7417821430354,17.799021730879794,14.563708910715176
-151.758754,200,168.210235,0.0,0.7367444201536456,3010.930357428543,18.108989071151633,15.054651787142715
-78.213736,200,168.332289,0.0,0.374550392694283,3282.83379852836,19.42843599644799,16.4141689926418
-89.111767,200,168.459324,0.0,0.4212721925897785,2846.5858494062727,16.965314203055428,14.232929247031363
-37.979981,200,168.585497,0.0,0.06888648398130012,2900.5564421750555,17.22258370424616,14.502782210875278
-45.169407,200,169.016057,0.0,0.17659296404676803,3281.5759806726933,18.24235201064307,16.407879903363465
-133.576069,200,169.151568,0.0,0.6380014543917247,3388.758121742776,19.32568625562888,16.94379060871388
-115.26285,200,169.279128,0.0,0.5106599234703472,3214.4827496058006,19.581773825139084,16.072413748029003
-123.104007,200,169.406668,0.0,0.5377381363917804,2647.277446810365,15.223755679041735,13.236387234051824
-27.42693,200,169.529056,0.0,0.06996311021586758,3133.260790237153,18.62976628366319,15.666303951185764
-121.659378,200,169.653105,0.0,0.56762248486169,2914.709068495757,18.045297515369366,14.573545342478786
-160.89348,200,169.775634,0.0,0.7529865468409808,3054.322231807394,17.953833054992135,15.27161115903697
-115.187974,200,169.8992,0.0,0.516489669773193,2943.278695808655,16.824485278575473,14.716393479043274
-84.195887,200,170.021259,0.0,0.40299954675348265,3168.124689669265,18.674166501204606,15.840623448346326
-147.226715,200,170.143815,0.0,0.7034178465488682,3549.3220873851274,19.879004650308456,17.746610436925636
-164.407474,200,170.581177,0.0,0.8050821725416217,2950.239448409755,17.14534245080961,14.751197242048775
-130.635882,200,170.735213,0.0,0.5590604375527322,2725.6732015201687,16.60451747660381,13.628366007600844
-30.493031,200,170.862784,0.0,0.15376825242176434,3404.628355107627,19.62305759006119,17.023141775538136
-162.75676,200,170.989321,0.0,0.7863349526793223,3383.9228700686785,19.001960291284995,16.919614350343394
-122.952689,200,171.115345,0.0,0.548760372124938,3089.0153329855852,18.229777178219184,15.445076664927926
-80.677974,200,171.237862,0.0,0.363845839957059,3560.056648144527,20.08995150087913,17.800283240722635
-98.540188,200,171.363973,0.0,0.4527266571387889,3617.7187809691773,20.639150848192607,18.088593904845887
-64.651913,200,171.486195,0.0,0.25813776633712937,2888.559028644927,17.3118333038127,14.442795143224634
-131.908693,200,171.610028,0.0,0.5571955247203834,2878.4109108856364,16.456107625102447,14.392054554428181
-63.561882,200,171.729547,0.0,0.27110635195322896,3623.0251197278676,19.774381356463284,18.115125598639338
-72.379569,200,171.850049,0.0,0.33126753615558957,3263.899349686178,18.80636399012005,16.31949674843089
-55.148489,200,172.273705,0.0,0.20525943191649934,2793.005253599829,16.92639640919471,13.965026267999145
-50.924377,200,172.402747,0.0,0.2105757427177334,3292.257848064694,18.925803480032307,16.46128924032347
-38.49781,200,172.526997,0.0,0.1705662196458136,3103.3929322053295,17.943666061935136,15.516964661026648
-67.5199,200,172.65349,0.0,0.27622408851220537,3091.4794963711092,18.452688078474466,15.457397481855546
-112.237155,200,172.778323,0.0,0.4644582400872725,2759.1881197899165,15.853977642136485,13.795940598949583
-47.706196,200,172.906165,0.0,0.19066040652938182,3316.4577052338063,19.34386907406997,16.58228852616903
-49.218945,200,173.02826,0.0,0.18194907359637186,2901.6675324116904,17.958244315778757,14.508337662058452
-49.887047,200,173.151745,0.0,0.29714156447055573,3218.195176423012,18.487960634452183,16.09097588211506
-144.297578,200,173.275289,0.0,0.6981873914855677,3195.9901750014837,18.567012637313695,15.979950875007418
-112.858981,200,173.391768,0.0,0.45092487797439196,2480.7607922554926,15.04727902942302,12.403803961277463
-65.820784,200,173.850226,0.0,0.32926140210421984,3140.5618843312486,17.834217949240973,15.702809421656243
-82.816208,200,173.987689,0.0,0.3384660755770687,2879.4907234418665,17.57339880040105,14.397453617209333
-49.468848,200,174.114782,0.0,0.1941521469305731,3608.355462114995,20.68232964116923,18.041777310574975
-61.924789,200,174.238334,0.0,0.3221485501327474,3010.2730547324554,17.80502475954844,15.051365273662277
-132.202437,200,174.361911,0.0,0.5960824096631299,2801.2221745634806,16.884086453158236,14.006110872817404
-78.454354,200,174.483452,0.0,0.36229407392279583,2995.975255979969,17.410035163002522,14.979876279899845
-51.568172,200,174.604988,0.0,0.2793602651542518,2655.5125017261157,16.49796961391433,13.277562508630579
-125.026857,200,174.736572,0.0,0.6165715498893204,3388.09822293303,20.08188964666892,16.94049111466515
-57.268251,200,174.86369,0.0,0.33529024807765156,2978.6475882828336,17.135310649782237,14.893237941414167
-90.122665,200,174.980819,0.0,0.42476439956680123,3373.10076318787,19.410357135842354,16.865503815939352
-87.22659,200,175.451939,0.0,0.3937318386665437,3130.8198352917493,18.82928734512073,15.654099176458747
-50.423586,200,175.594454,0.0,0.302401718514145,3080.089897751328,17.710790719454288,15.40044948875664
-104.71729,200,175.719435,0.0,0.45824434396328906,3013.208046146964,17.554873705873728,15.06604023073482
-41.266166,200,175.842511,0.0,0.1661527746477004,3251.1961019571936,18.874542426359106,16.255980509785967
-135.993368,200,175.963972,0.0,0.6496752598658716,3496.600095723554,20.42949672106273,17.48300047861777
-105.923627,200,176.086499,0.0,0.47616079720881893,3281.1637519708647,19.191129794254337,16.405818759854323
-44.030171,200,176.208493,0.0,0.24159088880023954,3301.3121686500267,18.952125130958184,16.506560843250135
-37.254985,200,176.329993,0.0,0.11830216520448962,3113.4223224320776,18.073291453747146,15.567111612160389
-82.532659,200,176.45551,0.0,0.343253011549546,2933.0491415339607,17.770735768004542,14.665245707669804
-88.68296,200,176.583632,0.0,0.37023195615667503,2871.353008501058,17.521091467246194,14.35676504250529
-152.109531,200,177.055732,0.0,0.7283122817570068,3494.0520928568276,20.228567570038276,17.470260464284138
-164.685692,200,177.216107,0.0,0.7896743574564449,3498.900962735792,19.896651873905345,17.494504813678958
-44.894544,200,177.344931,0.0,0.29835093653812556,2456.197055843627,14.707908177627857,12.280985279218134
-141.38213,200,177.472572,0.0,0.6924624514593489,3204.2863207473324,18.304249805906196,16.021431603736662
-43.518026,200,177.597096,0.0,0.29096435833937934,2522.484655429978,15.519839732794853,12.61242327714989
-31.815051,200,177.720142,0.0,0.08858235363302498,3070.523506743133,18.252312651734517,15.352617533715666
-165.698387,200,177.845671,0.0,0.7969743215129347,3288.521376965366,19.290685645701693,16.44260688482683
-83.674835,200,177.971193,0.0,0.366353542605431,3404.3294230413385,19.21658095574059,17.021647115206694
-14.672073,127,178.050596,1.0,0.04734575282374237,2225.825520672669,12.704903672876183,17.526185202147
-88.869031,200,178.17114,0.0,0.4132587095311195,3198.7159393269953,19.18695923679912,15.993579696634976
-106.086643,200,178.29367,0.0,0.4648551120684742,3055.8804347886567,18.291003148638037,15.279402173943284
-62.778321,200,178.749109,0.0,0.27964093586137273,3058.5364780691807,17.68311796259818,15.292682390345904
-12.740941,84,178.810618,1.0,0.049415645045308966,1431.6615053890068,8.040011818776238,17.04358934986913
-121.199486,200,178.939145,0.0,0.5897933111146498,3045.932886090489,19.008027699805684,15.229664430452445
-79.115792,200,179.066281,0.0,0.36384063553203466,2849.2764827376773,16.820908852839445,14.246382413688387
-57.238495,200,179.187809,0.0,0.299912411367527,3361.292675582887,19.447496682768396,16.806463377914437
-19.044449,138,179.279334,1.0,0.04837285736790658,2146.833414639116,12.605687148482273,15.556763874196495
-85.24586,200,179.42458,0.0,0.3989669496560837,3115.4061032623786,18.39517376949927,15.577030516311893
-66.438831,200,179.548269,0.0,0.28772933375512777,2895.281743114387,17.516734033417485,14.476408715571935
-48.194063,200,179.67078,0.0,0.2345778059157279,2609.8563085174337,16.149062266062163,13.049281542587169
-127.779976,200,179.798859,0.0,0.6012383462581465,3270.7197946957504,19.249008055666707,16.353598973478753
-158.067674,200,179.926264,0.0,0.7857968223303297,3010.6407555992964,17.91844834325875,15.053203777996481
-86.535303,200,180.367554,0.0,0.41149223101433585,3251.1017888851,19.391224509988618,16.2555089444255
-124.3265,200,180.517607,0.0,0.6119340091030985,3450.5353077598998,19.449478546992882,17.2526765387995
-135.587047,200,180.64312,0.0,0.6554838755627829,3368.5816167943594,19.324930499447166,16.842908083971796
-41.789874,200,180.765617,0.0,0.3252835382218731,3052.049551019061,17.384512956768255,15.260247755095303
-53.751999,200,180.892145,0.0,0.3311505534960601,3130.6171764834226,17.90891018695177,15.653085882417113
-174.615477,200,181.015012,0.0,0.8635311780348963,3473.8754969150514,20.767157811540237,17.369377484575256
-125.849077,200,181.145171,0.0,0.6242010720186356,3428.037961683707,20.002774464299428,17.140189808418537
-49.346015,200,181.267695,0.0,0.1772616445310349,2453.847241141092,15.239748973648052,12.269236205705461
-170.65563,200,181.387299,0.0,0.8292799783008614,3471.050533812416,20.014652913481527,17.35525266906208
-152.583802,200,181.506991,0.0,0.7578411662747638,3116.722338454548,18.387272721697492,15.583611692272742
-84.588685,200,181.927716,0.0,0.3500350751634082,3022.1621975207013,17.52957561572881,15.110810987603507
-125.342748,200,182.068442,0.0,0.5654752475759817,2908.6860402285383,17.62264192773465,14.54343020114269
-48.140486,200,182.198973,0.0,0.32935743776065973,2458.8027560785763,15.23026258851628,12.29401378039288
-32.237049,198,182.32201,1.0,0.04543605792952075,2639.639408607893,15.371000422396026,13.331512164686329
-153.55955,200,182.446544,0.0,0.7358235071049869,3104.2634791673872,18.634409374388408,15.521317395836936
-166.676152,200,182.571068,0.0,0.7780211652656221,3276.0296976380755,19.42448023974761,16.38014848819038
-33.978684,200,182.695459,0.0,0.15579392015053586,3196.907533638892,18.702708332315648,15.98453766819446
-133.961555,200,182.818462,0.0,0.6411729667893197,3373.523507015572,19.216341524539963,16.86761753507786
-143.07037,200,182.942004,0.0,0.6912255859914139,3087.445425815052,18.162065188390702,15.43722712907526
-55.662296,200,183.062488,0.0,0.21874099307911302,3396.956170294696,19.385125111847245,16.98478085147348
-79.107754,200,183.500804,0.0,0.34667701574072074,3153.925941204208,18.36663810791734,15.769629706021039
-64.775698,200,183.637839,0.0,0.2890671711528967,3073.329791890594,18.643597144655335,15.36664895945297
-13.797274,103,183.710366,1.0,0.04910866909510704,1690.4062294914897,9.676858170871473,16.411710965936795
-55.994414,200,183.842891,0.0,0.4302376584117652,3135.1620319866925,17.789296839335734,15.675810159933462
-113.55671,200,183.9716,0.0,0.5480129461741174,3244.1677536062957,18.853477216812536,16.220838768031477
-61.023543,200,184.096095,0.0,0.25569475893711163,3251.665063906717,18.302715082042567,16.258325319533586
-122.361319,200,184.231072,0.0,0.5961203465121372,2872.654386888855,17.107407190761368,14.363271934444274
-38.424196,200,184.358614,0.0,0.11787499394962282,3146.1358636019104,18.885649796721257,15.730679318009551
-45.681537,200,184.480662,0.0,0.39540301514530696,3237.058877302681,18.821904860633353,16.185294386513405
-63.7183,200,184.601182,0.0,0.2801361039177068,3489.8526031424867,20.03434949503208,17.449263015712432
-111.027137,200,184.720222,0.0,0.530327879362414,3400.214014761157,19.580347324461098,17.001070073805785
-133.58382,200,185.13441,0.0,0.6119947455870612,3133.8176959857683,18.240817196303148,15.669088479928842
-101.149692,200,185.267237,0.0,0.4576499432453981,3316.7363681538072,18.68654906753925,16.583681840769035
-100.846834,200,185.394753,0.0,0.4570776628974987,2921.0680940932334,17.721862491355182,14.605340470466167
-77.499993,200,185.524619,0.0,0.33806899169915094,3376.9922812586524,19.09925729512276,16.88496140629326
-121.707918,200,185.648139,0.0,0.577550243485926,3012.8448349009327,17.888158831328035,15.064224174504664
-114.675916,200,185.773667,0.0,0.5000694412374385,3183.0691361893396,18.35973542900228,15.915345680946698
-110.352855,200,185.893857,0.0,0.4821560608410581,2822.513081067448,17.106183771300522,14.112565405337241
-75.750768,200,186.019344,0.0,0.34707865598093796,3148.305485343437,18.467368086722317,15.741527426717184
-86.906556,200,186.142047,0.0,0.3972409957021212,3329.67433954293,19.17258602558713,16.648371697714648
-87.064421,200,186.262151,0.0,0.4010808881846713,2916.4834719185274,17.713197998498927,14.582417359592636
-169.760218,200,186.674227,0.0,0.8302878352351687,3270.387453506847,18.936405052752317,16.351937267534236
-67.513839,200,186.826228,0.0,0.2880728469670519,3306.6424708061336,18.758610645553926,16.533212354030667
-9.612829,41,186.854227,1.0,0.0475564707742097,229.45688179058092,2.0169647063418603,5.596509311965388
-63.820233,200,186.982673,0.0,0.25268763979294945,3321.2393863817524,18.71306296638437,16.606196931908762
-147.545953,200,187.107205,0.0,0.6875784221683463,3225.0436771432605,18.491703856247984,16.125218385716302
-144.924651,200,187.232918,0.0,0.6895152935451431,3477.6854829478066,19.777918241637966,17.388427414739034
-98.348139,200,187.352467,0.0,0.4502334925431108,3258.535831814807,19.268240566831405,16.292679159074034
-156.75676,200,187.473934,0.0,0.749996522688541,3072.366351364815,17.627918296437365,15.361831756824074
-24.794358,179,187.586447,1.0,0.044491126735469906,2407.4307129943563,14.384718143528692,13.449333592147243
-47.567069,200,187.707609,0.0,0.1483421106240885,2590.047179089998,16.183241744331298,12.950235895449989
-117.378546,200,187.830612,0.0,0.5247683012483594,3120.8937420029365,18.292524031901184,15.604468710014682
-87.716564,200,187.950102,0.0,0.40902949421719137,2925.7849004892787,17.315729762552557,14.628924502446393
-128.134617,200,188.464175,0.0,0.5761894411651913,2898.107314228831,17.49437911521912,14.490536571144155
-88.033165,200,188.60771,0.0,0.3695117779033715,3285.8310597636155,18.7717444267244,16.429155298818078
-126.743105,200,188.73929,0.0,0.5482561835147941,2895.9280145943126,17.86110669192385,14.479640072971563
-125.211113,200,188.870809,0.0,0.6151267467528333,2931.759750895974,17.636023084936518,14.65879875447987
-121.446864,200,189.001303,0.0,0.5771906912192756,3101.678994657002,18.17939998926927,15.50839497328501
-106.730479,200,189.132342,0.0,0.47701717717039865,2759.7606328762186,16.166170071213898,13.798803164381093
-131.806559,200,189.261857,0.0,0.6315699100798791,3054.8224846178086,18.040940216821024,15.274112423089043
-62.663522,200,189.389393,0.0,0.24863073731187071,3248.719739063414,18.58430957629361,16.243598695317072
-60.013716,200,189.514772,0.0,0.2635761216652996,3240.0448374884772,18.35950380312545,16.200224187442387
-122.005442,200,189.640317,0.0,0.5747357676944884,2641.951416468117,16.46008417236247,13.209757082340584
-125.329067,200,190.131431,0.0,0.5821022292213012,3263.230046951621,18.8306587622766,16.316150234758105
-89.828864,200,190.266483,0.0,0.40185119425882154,3146.796069288651,18.328989027222043,15.733980346443253
-127.067253,200,190.390622,0.0,0.5716149061420394,3014.528707071924,18.36189044647891,15.07264353535962
-10.948239,94,190.456527,1.0,0.04997884942543425,1445.8495060684932,8.476549673789238,15.381377724132905
-128.673773,200,190.588114,0.0,0.5965665782135801,3104.6289318004797,18.432368969322663,15.523144659002398
-41.152955,200,190.712809,0.0,0.16334818437037327,2971.6843293153283,17.47738129236403,14.858421646576641
-56.28075,200,190.839314,0.0,0.2644470752637225,3428.6050319477285,19.71133350830474,17.14302515973864
-180.694441,200,190.964859,0.0,0.8912738705248133,3088.0455513126276,18.476345652589526,15.440227756563138
-89.790557,200,191.099037,0.0,0.3953159777594749,2901.280499476244,17.360879396514267,14.50640249738122
-122.748383,200,191.224226,0.0,0.5805344479323649,3300.9894608224467,18.9169049744997,16.504947304112235
-41.454546,200,191.357344,0.0,0.1574522790271187,3260.395029351408,18.949788627378528,16.30197514675704
-131.228923,200,191.825112,0.0,0.6177465329063868,3336.2944961272638,19.847271038418434,16.68147248063632
-181.71369,200,191.962661,0.0,0.9077863778531197,3153.9731266254084,18.284087140586056,15.769865633127042
-80.887202,200,192.089103,0.0,0.34103888491987416,2920.2734034562172,17.477518494514474,14.601367017281087
-132.129736,200,192.20964,0.0,0.6272772636518386,3745.9401950817773,21.839934450667243,18.729700975408885
-121.519275,200,192.3334,0.0,0.5643444847605684,3166.102037551381,18.064976334805117,15.830510187756904
-99.469691,200,192.456245,0.0,0.4127320845267121,2625.9279668301615,16.608851228734345,13.129639834150808
-79.097843,200,192.579814,0.0,0.3582678172616586,2784.9481411420643,15.902405399578484,13.924740705710322
-63.824459,200,192.708797,0.0,0.31713945600068316,3025.08949094785,17.704864718966626,15.125447454739252
-36.851619,200,192.830137,0.0,0.21011576813549113,3459.4068151907322,19.331004394565838,17.29703407595366
-159.648372,200,192.946714,0.0,0.7839779862444128,3610.4889586846916,20.524914821272603,18.052444793423458
-124.74536,200,193.400731,0.0,0.5173691905832243,2806.376163441252,16.137024328374697,14.031880817206261
-38.447523,200,193.535215,0.0,0.16678328228022196,2455.5051675844697,15.608279640809778,12.277525837922349
-101.336428,200,193.659748,0.0,0.48826056474098356,2821.5702800791387,16.92140013653607,14.107851400395694
-95.581217,200,193.793298,0.0,0.45909993932178417,3336.9652167060362,19.51131754429678,16.684826083530183
-109.267622,200,193.918299,0.0,0.5043852745743465,2973.0450581952573,17.924848105863386,14.865225290976287
-54.828503,200,194.043798,0.0,0.31686196724322224,3251.6210758284265,18.301122364928954,16.258105379142133
-173.794573,200,194.165307,0.0,0.8587243293463339,3374.2361803514136,19.69372840343465,16.871180901757068
-29.790904,197,194.284394,1.0,0.039051437464292425,2646.0669843963183,15.925241345287125,13.431812103534611
-107.398431,200,194.407929,0.0,0.4328920305714297,2650.979484490286,16.170963003794576,13.254897422451428
-131.499451,200,194.531919,0.0,0.6348324233543386,3305.0704192360135,19.157333334926125,16.525352096180068
-97.068825,200,194.980388,0.0,0.43502640000452913,2798.4924851558726,16.932404556691136,13.992462425779363
-150.232482,200,195.112412,0.0,0.7236929675929482,3074.4431960374463,18.57311051632045,15.372215980187232
-104.996535,200,195.239884,0.0,0.4929074466042273,3325.3605111701645,19.257775424051644,16.626802555850823
-107.858337,200,195.364419,0.0,0.5047547496916176,2832.142653775805,16.74235170006469,14.160713268879023
-65.261439,200,195.489169,0.0,0.30433299857212853,2742.1036797285715,16.872289793943573,13.710518398642858
-61.970554,200,195.613106,0.0,0.32939050946833764,3356.569852747876,18.98234576803651,16.78284926373938
-100.426941,200,195.73993,0.0,0.47202176529505835,3302.3361944414664,19.167414117895238,16.511680972207333
-42.106735,200,195.864409,0.0,0.3594578558338347,3122.639499712408,17.59001608217711,15.61319749856204
-36.659818,200,195.994936,0.0,0.10284743599934544,3042.6480893427756,18.447464067478442,15.213240446713877
-44.59461,200,196.116987,0.0,0.18309534981166958,3284.2163474843583,18.451834813241557,16.42108173742179
-96.582281,200,196.55353,0.0,0.4522989689559553,3402.136611110001,18.97835762863759,17.010683055550004
-74.797953,200,196.681079,0.0,0.3363010753611027,3220.0321918953955,19.190087531059866,16.100160959476977
-108.377429,200,196.813104,0.0,0.5237531571022245,3399.775725545398,19.8091997454024,16.99887862772699
-43.043387,200,196.94257,0.0,0.17663004488050205,3173.4591860426867,18.423795430961274,15.867295930213434
-37.866919,200,197.076759,0.0,0.20821052348377547,3340.9167606133797,19.192352321311237,16.7045838030669
-41.278005,200,197.205598,0.0,0.2198768628793104,3115.492672488764,17.754719604910047,15.57746336244382
-58.658474,200,197.32662,0.0,0.21865164519986263,2563.851918128524,16.101139502523402,12.819259590642622
-136.216134,200,197.453139,0.0,0.6602860704004321,3455.9888428402314,19.944505176575056,17.27994421420116
-132.24235,200,197.576316,0.0,0.6207539133777389,3231.1437862927114,18.24274846712945,16.155718931463557
-87.75355,200,197.697818,0.0,0.3893598253450072,2745.4685821268686,17.53252955052946,13.727342910634343
-124.656215,200,197.819583,0.0,0.618726431064604,3226.7793652441655,19.068454578576343,16.133896826220827
-63.778042,200,198.25964,0.0,0.24293948711638536,2533.6222857252847,15.093966620010288,12.668111428626423
-31.650235,200,198.387966,0.0,0.08186097550797028,2536.5450531081883,15.695649990343428,12.682725265540942
-80.123179,200,198.514975,0.0,0.4264298562487133,3164.090974419077,18.468182166045114,15.820454872095386
-103.692193,200,198.641506,0.0,0.5258557082037887,3411.8519308333575,19.78339884630751,17.059259654166787
-50.16909,200,198.769032,0.0,0.2791261947143962,3402.370317093079,19.200827970679665,17.011851585465394
-72.072876,200,198.899562,0.0,0.31780175721266907,3082.831087870802,17.93298092298049,15.41415543935401
-59.500387,200,199.030366,0.0,0.23124938631364478,2243.952816053335,14.242943740459422,11.219764080266675
-126.939102,200,199.152887,0.0,0.5898713201982396,2604.9087978204966,15.648918298337376,13.024543989102483
-149.987524,200,199.28192,0.0,0.707445869256751,3262.2047107109743,19.361281182439757,16.31102355355487
-177.286325,200,199.404016,0.0,0.8881049241422271,3230.787577222817,18.97052601595869,16.153937886114086
-69.766966,200,199.842058,0.0,0.3210866922309103,2661.59260513062,15.554337810058305,13.3079630256531
-80.817333,200,199.980555,0.0,0.3628854217306215,3206.1423205323244,18.532908628027293,16.030711602661622
-163.33101,200,200.105111,0.0,0.7967587212070323,3190.661507160657,18.732910842815123,15.953307535803285
-57.655314,200,200.229523,0.0,0.20586576074537197,2442.0300555430777,15.15686938035343,12.210150277715389
-30.626975,200,200.354914,0.0,0.15809953799319304,3251.011946796297,18.7182166799464,16.255059733981483
-10.885626,45,200.382914,1.0,0.04058557135694633,270.60575864960083,2.335469629388109,6.013461303324463
-40.58412,200,200.506465,0.0,0.13670075388944028,2559.988786095358,15.933470214463018,12.799943930476791
-114.920864,200,200.630757,0.0,0.4728968225501612,2709.6918490700514,16.474095069629684,13.548459245350257
-29.40068,191,200.747258,1.0,0.04419923622090476,2890.411177797315,17.997183837024487,15.133042815692749
-96.496302,200,200.87133,0.0,0.4507426488822572,3289.525582266069,19.18705599039691,16.447627911330343
-126.3401,200,200.994933,0.0,0.5817176584331899,2808.0649126967,17.24010143593567,14.0403245634835
-49.081337,200,201.411736,0.0,0.21438538136741636,2230.0876437102656,14.344239765736779,11.150438218551328
-34.824766,200,201.553843,0.0,0.2828407038210753,3492.376541217552,19.682502480043965,17.46188270608776
-93.223151,200,201.679056,0.0,0.43320897468172764,3352.5441868475073,18.830934066013665,16.762720934237535
-160.18326,200,201.804617,0.0,0.7927678843049782,2996.2088629411032,17.946619600730255,14.981044314705516
-87.563337,200,201.928412,0.0,0.40237971365335196,3370.0785576735543,19.65257631517305,16.85039278836777
-60.441469,200,202.052934,0.0,0.33296683606005056,3141.5181321795017,18.335175201084827,15.707590660897509
-156.814044,200,202.173464,0.0,0.7749818025884198,3084.933444500186,18.544536259488247,15.42466722250093
-52.981499,200,202.300984,0.0,0.40952267650874047,3025.442556816003,16.980099115057776,15.127212784080015
-109.976125,200,202.423762,0.0,0.5241968107084364,2995.729173771465,17.922865010933197,14.978645868857324
-89.888738,200,202.540306,0.0,0.41393428485313677,3117.7876559943084,18.596113419010383,15.588938279971542
-172.171559,200,202.977485,0.0,0.8428180879362221,3245.650577155517,19.252419658747407,16.228252885777586
-101.773467,200,203.126558,0.0,0.444175983956364,2865.6233301105826,17.243012376893976,14.328116650552913
-59.068481,200,203.258987,0.0,0.22747669664532474,2832.0994164734802,16.940038923264165,14.160497082367401
-62.860452,200,203.382483,0.0,0.38409576855746547,3060.751679006826,17.659993354489348,15.30375839503413
-119.698369,200,203.507009,0.0,0.5674681446650246,3341.5711879052274,19.185456023507957,16.707855939526137
-108.006741,200,203.630455,0.0,0.494352123872821,3134.4659581213673,18.612684172802172,15.672329790606836
-94.832741,200,203.761593,0.0,0.4318321823761701,2998.611911623353,17.665941740172926,14.993059558116766
-53.957398,200,203.884842,0.0,0.28139486851894296,3198.536345658747,18.553077182975983,15.992681728293736
-95.932531,200,204.012383,0.0,0.4115020671301493,2552.658357644424,15.409569502505994,12.763291788222121
-120.552437,200,204.139461,0.0,0.5590004930301573,2670.1633295449083,16.13097720081699,13.35081664772454
-22.534797,200,204.587531,0.0,0.13711114709749309,3285.6892432027907,18.894519806512044,16.428446216013953
-90.149589,200,204.731547,0.0,0.4238144184045869,3326.5482497993507,19.676366845985584,16.632741248996755
-122.88771,200,204.858101,0.0,0.5938819017950857,3313.925742958569,19.395889196609883,16.569628714792845
-86.71078,200,204.983623,0.0,0.41988314684538447,3360.8381184420477,19.101808112754515,16.80419059221024
-54.698403,200,205.106146,0.0,0.19814411025490256,2575.0041425552145,15.928520569507155,12.875020712776072
-99.222182,200,205.229536,0.0,0.4672174957315234,3210.672234005676,17.99540366619953,16.053361170028378
-82.469624,200,205.358062,0.0,0.3692200948785645,2684.087346230125,16.58722279863302,13.420436731150625
-39.961223,200,205.486614,0.0,0.21652589352542795,3536.629256445958,20.020401361980692,17.683146282229792
-99.393618,200,205.608006,0.0,0.443637002826627,2621.5720093847335,15.910230278258961,13.107860046923667
-135.973463,200,205.728038,0.0,0.6639116886414016,3213.699146250428,19.585421277382338,16.06849573125214
-77.258614,200,205.85073,0.0,0.35448680091711804,2814.903824475461,16.671168570042518,14.074519122377305
-117.280244,200,206.294182,0.0,0.5397288200099897,3116.9469510886383,17.760727902890597,15.584734755443192
-78.847891,200,206.427882,0.0,0.34243016095387463,2772.7008681930674,16.740628260482968,13.863504340965337
-85.326337,200,206.552426,0.0,0.3831423641395381,2978.77889473329,17.96386769330335,14.893894473666451
-160.631028,200,206.679212,0.0,0.7835978864270987,3393.858396147996,19.3337306374896,16.96929198073998
-106.856194,200,206.803735,0.0,0.5108855190119681,3566.5512351682696,19.888005287508175,17.832756175841347
-108.551637,200,206.92584,0.0,0.45534045239912735,2761.472894375974,16.42928017706864,13.807364471879872
-47.455436,200,207.049376,0.0,0.16357866945089686,2784.2620765267293,16.961082603493022,13.921310382633646
-70.410146,200,207.171937,0.0,0.30867995570751255,2896.375747829568,16.969476965344537,14.48187873914784
-32.818157,200,207.293483,0.0,0.13188716984473844,3089.5109358391064,18.26392052807191,15.447554679195532
-160.756948,200,207.416022,0.0,0.8041963172164635,3433.5982664262883,20.274851692231767,17.167991332131443
-65.512311,200,207.854598,0.0,0.31655142984831386,3295.6387213589346,18.556187268258274,16.478193606794672
-93.86534,200,208.001942,0.0,0.4332377863336207,3070.063018305417,18.252747723726152,15.350315091527085
-46.447271,200,208.131947,0.0,0.14559572616261,2480.809286458396,15.750723786734055,12.40404643229198
-28.478333,200,208.260081,0.0,0.09827804802920327,3356.749802088878,19.36932818398096,16.78374901044439
-173.439598,200,208.393621,0.0,0.8530265860895943,3273.443457420214,18.945897827561566,16.36721728710107
-48.031472,200,208.517547,0.0,0.2224288620214352,3314.0589565383343,20.098902494923664,16.570294782691672
-96.637527,200,208.640573,0.0,0.47476621304245326,3279.0174512233716,18.965958940627395,16.39508725611686
-71.6675,200,208.769093,0.0,0.31806791090437386,2922.1280640264595,17.09567521161833,14.610640320132298
-62.259889,200,208.890628,0.0,0.2644889174669606,2870.3959364369066,17.105476475695557,14.351979682184533
-53.274661,200,209.014152,0.0,0.27567196691237855,3214.265248827455,18.848090407522847,16.071326244137275
-49.141399,200,209.461964,0.0,0.2515333277286088,3191.0112846224392,18.59504121519657,15.955056423112197
-44.230996,200,209.613125,0.0,0.1489215032712074,3277.6417238494428,18.33349785518707,16.388208619247212
-139.016643,200,209.741173,0.0,0.6528802143230548,3258.55085329653,18.42388571281507,16.29275426648265
-104.894868,200,209.866677,0.0,0.4811909561888035,3489.523851906435,20.10101859793079,17.447619259532175
-63.375275,200,209.996197,0.0,0.29889009384998777,2669.4368640027046,15.710936450386388,13.347184320013524
-117.764871,200,210.120742,0.0,0.490969145805226,2626.506926493235,15.40960655104631,13.132534632466175
-136.571925,200,210.248263,0.0,0.6636105780217688,3139.0413547195535,18.259071835418368,15.695206773597768
-62.201519,200,210.376491,0.0,0.2516490484616673,2388.0783343666067,15.194225419774945,11.940391671833034
-88.642749,200,210.499022,0.0,0.3839030524608127,2717.1238988404507,15.83354782776974,13.585619494202254
-39.785295,200,210.622074,0.0,0.11458379156805772,2448.6705935139207,15.684109760853922,12.243352967569603
-35.196893,200,211.06971,0.0,0.0909707741822212,2712.0877891030073,16.39164029092564,13.560438945515036
-58.571889,200,211.212234,0.0,0.21670157713977226,2634.6583889152967,16.03522166790048,13.173291944576484
-110.487137,200,211.342674,0.0,0.5296134431297096,3452.489317315144,20.187511956648436,17.26244658657572
-116.551337,200,211.469759,0.0,0.5362086354855709,2978.9578304007387,17.387459182990685,14.894789152003693
-139.733934,200,211.591284,0.0,0.6585921673755372,3258.796200605241,18.191765553812235,16.293981003026207
-37.88099,200,211.71863,0.0,0.22000744385998944,3357.6317592906726,19.39275413185401,16.788158796453363
-72.161071,200,211.844668,0.0,0.3116359610664724,3047.479215981332,17.88302090646469,15.23739607990666
-170.164553,200,211.970194,0.0,0.8211682975812277,3174.4710667942973,18.40107940855181,15.872355333971486
-44.364006,200,212.096712,0.0,0.2010064632771906,3290.313722223381,19.51310595395053,16.451568611116905
-86.842984,200,212.220245,0.0,0.35867896426579926,2508.0669748187815,15.523051673883009,12.540334874093908
-52.468421,200,212.339271,0.0,0.23449186067011055,3102.2938999256803,18.577444273654066,15.5114694996284
-109.999837,200,212.811912,0.0,0.49518656725084775,2517.5334402449166,15.387831289586188,12.587667201224583
-141.354182,200,212.948953,0.0,0.6245340566372889,2820.9685284397306,17.12416740941565,14.104842642198653
-26.307989,200,213.075475,1.0,0.048813006279457116,3298.795402611715,18.67635074751677,16.493977013058576
-87.37459,200,213.200001,0.0,0.3952616508161185,3343.0524373598764,18.662403693980888,16.715262186799382
-16.482822,132,213.284292,1.0,0.04624541967480835,2100.139568648359,11.817028064749207,15.910148247336052
-143.031306,200,213.409749,0.0,0.7063631304206213,3141.1289962282167,18.21991489630602,15.705644981141084
-109.745673,200,213.532386,0.0,0.46437519808479133,2608.0803101600322,15.828517188073734,13.040401550800162
-63.126767,200,213.653195,0.0,0.227134881226209,2713.327971093616,16.310265427193535,13.566639855468079
-123.711862,200,213.773741,0.0,0.5332651350577652,2584.6154328924613,15.40007066893622,12.923077164462306
-53.589974,200,213.897265,0.0,0.20521913553631135,3154.9325517866714,18.200159931138685,15.774662758933356
-134.899722,200,214.314362,0.0,0.6365358882222836,3091.5806968998304,18.021146252292176,15.457903484499152
-155.183305,200,214.443391,0.0,0.7438592866697001,3130.5764129939007,18.619770351484846,15.652882064969504
-64.058782,200,214.571929,0.0,0.24013768706157052,3069.259772130039,17.947132438314377,15.346298860650196
-91.182707,200,214.701807,0.0,0.40156845841803823,2959.89584492363,17.9660190486498,14.799479224618151
-130.130378,200,214.82932,0.0,0.6190617619068264,3059.474907542654,18.029820559305804,15.297374537713269
-141.331339,200,214.95282,0.0,0.6226770452144742,2622.878179874543,15.403411404627866,13.114390899372715
-170.754069,200,215.076404,0.0,0.8369910307210914,3388.0348424379376,19.576029424367942,16.94017421218969
-95.888907,200,215.207268,0.0,0.41489885754496886,2789.088636193481,16.59004105800218,13.945443180967404
-21.645472,185,215.324319,1.0,0.04634764586336108,2968.0488483096974,17.296687708914337,16.043507288160527
-118.162925,200,215.45088,0.0,0.5397412979674154,3066.452252442338,17.553599142678735,15.33226126221169
-149.278153,200,215.899772,0.0,0.721078236137005,3341.196997229055,19.558856182519623,16.705984986145275
-37.895462,200,216.031797,0.0,0.1256067533699402,2939.388644924744,17.10809384916605,14.69694322462372
-23.10021,200,216.160057,0.0,0.10877890799337538,3429.407933621528,18.72255104310793,17.14703966810764
-78.671655,200,216.285971,0.0,0.33482314855809636,3089.658323932921,18.2824574952482,15.448291619664605
-111.808335,200,216.412526,0.0,0.5384034632548678,2742.9197160065582,16.788886009622026,13.714598580032792
-70.918705,200,216.535098,0.0,0.269076825368213,2319.8538900951908,14.281509148841458,11.599269450475953
-106.953997,200,216.660635,0.0,0.49684613234067027,3066.134524940856,18.091816904858103,15.33067262470428
-52.462699,200,216.781157,0.0,0.3622012601170882,2570.7895026252595,14.991095285768052,12.853947513126297
-40.110471,200,216.906792,0.0,0.1351532116641997,3223.2993305574487,18.269965761697396,16.116496652787244
-141.650209,200,217.025969,0.0,0.6293080534423791,2600.4504493101285,16.281522697705636,13.002252246550643
-112.825279,200,217.149506,0.0,0.535894657456803,3107.4755399782325,17.831520573699045,15.537377699891163
-93.003614,200,217.609521,0.0,0.39442791064646177,2998.050150504038,17.013217337098844,14.99025075252019
-45.807637,200,217.744596,0.0,0.17639302662871795,3171.453839561098,17.36585091770452,15.85726919780549
-40.048081,200,217.873086,0.0,0.15649184473338304,2781.5948453346377,16.33654071167877,13.907974226673188
-123.909443,200,217.997574,0.0,0.5776525054539504,3529.962345374191,19.591755473657226,17.649811726870954
-106.899422,200,218.119656,0.0,0.49594580052769477,3673.7756884868904,20.5181773326659,18.36887844243445
-157.126698,200,218.240184,0.0,0.7714453379828452,2837.005263118772,17.50682744918246,14.18502631559386
-10.392703,44,218.26818,1.0,0.048071505893247414,191.76212604364045,1.608711679379689,4.358230137355465
-151.86573,200,218.392732,0.0,0.7376981660597313,3350.2363103310145,19.46860858582663,16.751181551655073
-76.405297,200,218.517215,0.0,0.3655594457790635,3357.493451394782,18.89042469221608,16.78746725697391
-97.374944,200,218.639277,0.0,0.455926008865852,3014.539285058358,17.694056178596405,15.07269642529179
-9.445995,36,218.66125,1.0,0.0497792302445564,153.50527668182812,1.0111739533548838,4.264035463384115
-160.994415,200,218.784772,0.0,0.7942366297975781,3364.208021938841,19.643425271683615,16.821040109694206
-56.584214,200,219.272429,0.0,0.1715581048863263,2563.7065362896565,15.491448323389742,12.818532681448282
-41.259881,200,219.412961,0.0,0.12289304524873781,2991.8361319998094,17.7691485382712,14.959180659999047
-61.414247,200,219.533964,0.0,0.27580110413914855,3115.767121507242,17.928197871531815,15.57883560753621
-107.536578,200,219.657653,0.0,0.4719479055000947,3027.459185178429,18.107212078233818,15.137295925892145
-56.466477,200,219.781695,0.0,0.18410876477389349,2261.464355293237,13.500446475177087,11.307321776466186
-22.549735,147,219.874235,1.0,0.04904702185021096,2181.586755776028,13.239243719928943,14.840726229768897
-53.001467,200,219.996735,0.0,0.20338570192051206,3050.0496613498262,18.497760700961827,15.250248306749132
-36.508165,200,220.119293,0.0,0.0815250361726699,2709.4943381576854,16.595430530418515,13.547471690788427
-160.540293,200,220.239814,0.0,0.7807209543596187,3600.134743582038,19.92069664590049,18.00067371791019
-177.131109,200,220.359365,0.0,0.8588255050304684,3346.8926104907455,19.877142001736484,16.734463052453727
-102.890235,200,220.786091,0.0,0.4595018301312834,3470.222387752397,19.294247579073488,17.351111938761985
-64.456931,200,220.935107,0.0,0.2619710332104765,3211.449149280441,19.48691710382478,16.057245746402206
-50.928926,200,221.060629,0.0,0.26269165330148064,3207.6108340844457,18.430667753357415,16.038054170422228
-42.827602,200,221.188182,0.0,0.23027518172316794,3248.517366513083,17.872130977476036,16.242586832565415
-177.492042,200,221.315023,0.0,0.8600873931353187,3549.9065992928054,20.022459685553113,17.749532996464026
-150.181193,200,221.438598,0.0,0.7315514684658716,3331.780084069673,18.849466738961613,16.658900420348367
-103.438258,200,221.564887,0.0,0.46396275321673003,3358.83714357183,19.241983330007855,16.79418571785915
-58.350351,200,221.690227,0.0,0.2268080956567079,2595.539876381415,14.866197585643052,12.977699381907076
-154.486356,200,221.816615,0.0,0.7318279894662754,2834.598243499585,17.54187693826738,14.172991217497925
-133.323792,200,221.935596,0.0,0.6043566095480369,2978.740765312235,17.099143411760934,14.893703826561175
-31.050957,194,222.364666,1.0,0.04307894293956176,2609.795203579564,15.907786044661934,13.452552595770948
-43.82725,200,222.498193,0.0,0.12638638798220053,3163.777490714626,18.15888450999001,15.81888745357313
-29.130463,200,222.623713,0.0,0.09068368726443374,3337.4966590593062,18.67326641677266,16.68748329529653
-73.767979,200,222.748572,0.0,0.304683177418574,3117.339379071615,17.546142966350494,15.586696895358076
-54.496192,200,222.872094,0.0,0.2285416065896146,3015.0278030107575,17.212408527605486,15.075139015053788
-34.865165,174,222.980628,1.0,0.047941488133227586,2416.096678262137,14.929343174570368,13.885613093460558
-80.824367,200,223.105702,0.0,0.36108588990404306,3136.61442903103,18.02253017757287,15.68307214515515
-106.535632,200,223.230309,0.0,0.4406651228950279,2514.2013989913016,15.472434307322873,12.571006994956509
-50.944612,200,223.353826,0.0,0.28291917507903996,2756.8367703278113,15.814927352935504,13.784183851639057
-62.323049,200,223.482476,0.0,0.23038208796945464,3131.2985227615713,18.35259862541072,15.656492613807856
-130.627551,200,223.606658,0.0,0.622914667084631,2741.5828703767575,16.359687628799076,13.707914351883787
-145.389988,200,224.048282,0.0,0.6547652905922091,2803.7451132544593,16.647659827762354,14.018725566272296
-86.26506,200,224.186806,0.0,0.4041859377546696,2832.688869639268,16.69137974532042,14.16344434819634
-104.248218,200,224.314374,0.0,0.45472044178305004,3121.6386737496396,17.683534304383215,15.608193368748198
-158.15199,200,224.440517,0.0,0.7565824636161073,3295.259591555276,18.845151685054727,16.47629795777638
-23.411078,176,224.546038,1.0,0.048670840761330304,2659.717846273379,15.183679759466996,15.11203321746238
-45.345789,200,224.669573,0.0,0.1222384980963795,2773.632960008723,16.44197316812316,13.868164800043614
-45.317493,200,224.790099,0.0,0.1207755482139208,2307.2840241401796,14.692179378640544,11.536420120700898
-169.478819,200,224.910607,0.0,0.8207189849997795,3292.7408585883763,18.910800973382464,16.46370429294188
-115.546516,200,225.035175,0.0,0.5267005907789194,3137.1588110556745,18.116080718621806,15.685794055278372
-40.321,200,225.158681,0.0,0.22887739933291232,3319.6133329579598,18.76123397636275,16.598066664789798
-62.650515,200,225.577766,0.0,0.2353887425078575,2736.8798712371326,16.784052426927673,13.684399356185663
-126.831569,200,225.730203,0.0,0.5958744780995923,3435.2211622920418,19.568547371952203,17.176105811460207
-125.996286,200,225.85602,0.0,0.521829363489001,2541.105729748103,15.570302371221187,12.705528648740515
-53.055686,200,225.979542,0.0,0.2810558967856756,2857.759125094353,16.433345092434035,14.288795625471764
-70.924314,200,226.103067,0.0,0.28184603965956095,3310.8735175676984,19.507518181277813,16.55436758783849
-162.024719,200,226.225446,0.0,0.7757011936354815,3101.3463978095724,17.3114733077134,15.506731989047863
-84.210207,200,226.346514,0.0,0.3693057650527099,3384.4805614259067,19.46646771030555,16.922402807129533
-9.340749,37,226.371481,1.0,0.04766676292823845,133.9162518074798,1.26524927150525,3.6193581569589135
-162.418963,200,226.497024,0.0,0.7661167936226647,3619.6535666074915,20.182814621336536,18.098267833037458
-146.485222,200,226.619151,0.0,0.7152666213127621,2642.5191493937937,16.3599430095858,13.212595746968969
-106.827859,200,226.741172,0.0,0.4937295655867698,3150.83568633864,18.486699444566433,15.754178431693198
-156.458347,200,227.163938,0.0,0.752577486513656,2897.3053294450942,17.247435905297067,14.486526647225471
-71.942554,200,227.299508,0.0,0.30459640728972454,2866.5131243372894,16.343061484910955,14.332565621686447
-52.962692,200,227.427558,0.0,0.28126673605237457,2924.7297671256088,16.611075587850316,14.623648835628044
-141.250487,200,227.55709,0.0,0.6487330552858173,2715.2681906227917,16.173718933938346,13.57634095311396
-93.950492,200,227.68368,0.0,0.41667489652722595,3482.168224117999,19.874615194860432,17.410841120589996
-131.09357,200,227.814241,0.0,0.5898331449959174,2690.042513681393,15.724691396725634,13.450212568406965
-59.500566,200,227.950834,0.0,0.23981931938117543,3251.0438124763923,18.38277149369937,16.25521906238196
-150.001661,200,228.077984,0.0,0.7146410238134444,3247.098351059374,19.033477347082368,16.23549175529687
-46.469339,200,228.211359,0.0,0.20611479129052507,3424.945918380493,19.5230759785586,17.124729591902465
-51.294377,200,228.329417,0.0,0.20550732794058224,2856.183147293263,15.99591798525337,14.280915736466316
-134.522828,200,228.765312,0.0,0.6434527687991134,3098.5091090917826,17.495626492205947,15.492545545458913
-48.168094,200,228.91282,0.0,0.24971812128041188,3208.185456594842,18.532038921075216,16.04092728297421
-55.052185,200,229.039881,0.0,0.25641706516057894,3247.5044595738445,17.89198525864956,16.237522297869223
-131.280832,200,229.169395,0.0,0.5904678236277496,2579.977409530613,15.675308995322425,12.899887047653065
-154.208979,200,229.29794,0.0,0.7473431054799297,3688.402274187038,20.040218013849657,18.44201137093519
-165.479573,200,229.422428,0.0,0.8024101749901448,3067.49253825683,18.397562822590544,15.33746269128415
-67.753979,200,229.547149,0.0,0.22435969265741024,2259.5407175495907,14.281978271382052,11.297703587747954
-41.634943,200,229.668777,0.0,0.32527892363779254,3212.6613982732633,18.45287219870849,16.063306991366318
-71.447353,200,229.791311,0.0,0.30070989281162447,2845.561229445706,16.488723861901928,14.227806147228529
-31.450004,200,229.91177,0.0,0.14552505719775669,3180.6758685839495,18.132579793501304,15.903379342919747
-58.229533,200,230.032938,0.0,0.2662894195124405,3417.3888374797925,19.38167640625051,17.086944187398963
-169.0407,200,230.476068,0.0,0.820938491709188,3318.9723392784595,18.720503989263346,16.594861696392297
-100.647957,200,230.613587,0.0,0.4093877593987655,3283.4741941882867,18.99190198828631,16.417370970941434
-73.802937,200,230.737637,0.0,0.28988938287890076,3307.875020651579,18.651757228569267,16.539375103257893
-43.5545,200,230.861889,0.0,0.1799443145210155,2144.1318363271885,13.26749343854129,10.720659181635943
-68.449925,200,230.988415,0.0,0.27293680818464267,3031.2641373834626,18.029332447075674,15.156320686917313
-54.210532,200,231.11794,0.0,0.32910166654515755,2936.874074493188,16.76549289780767,14.68437037246594
-129.691817,200,231.238907,0.0,0.5912836050020425,2586.0629319805707,14.936506111421597,12.930314659902853
-56.354602,200,231.359313,0.0,0.15091374857146975,2211.6568511417727,13.707247162464434,11.058284255708863
-118.525028,200,231.482878,0.0,0.49698076006281594,2313.605196405503,14.68274728436657,11.568025982027516
-166.216873,200,231.606405,0.0,0.8028750387276699,3208.4110776166217,18.632382383429686,16.04205538808311
-57.700555,200,232.051251,0.0,0.2772095452457029,2739.95623702169,16.068432591005067,13.69978118510845
-62.225598,200,232.178297,0.0,0.20675418233366497,2636.341212751708,16.142197616132478,13.18170606375854
-49.320624,200,232.311002,0.0,0.20626351362075004,1918.8568691118055,12.164655173433864,9.594284345559027
-108.644055,200,232.43725,0.0,0.4577699810549209,2494.7860718400207,14.958576910727126,12.473930359200104
-145.437927,200,232.563769,0.0,0.689693136938956,3018.556972580523,17.823347251557887,15.092784862902615
-110.091118,200,232.685008,0.0,0.4831755206560371,2474.4646716025127,14.11569733634788,12.372323358012563
-54.514986,200,232.807474,0.0,0.15527406741431268,2295.710470527748,14.111731960071129,11.47855235263874
-86.674844,200,232.93252,0.0,0.32775176923543947,2961.2971659815603,18.0725100420101,14.806485829907801
-68.502027,200,233.057049,0.0,0.2380896911381755,2805.411574718491,16.526315771356447,14.027057873592454
-33.140144,188,233.170576,1.0,0.04760047929434926,2648.0869715119975,15.502341401101862,14.085568997404241
-38.261512,200,233.590788,0.0,0.15687991850972835,2445.3425684586655,14.924352294360375,12.226712842293328
-85.467318,200,233.721941,0.0,0.3392311856332542,2936.2928476279712,17.113726350409006,14.681464238139856
-36.101455,200,233.849005,0.0,0.186845255414622,3329.120074743314,18.847980605022936,16.64560037371657
-137.048122,200,233.975501,0.0,0.6278706068394446,2728.359877171894,16.249935801250047,13.64179938585947
-150.751326,200,234.103032,0.0,0.7033151891998891,2948.3518666798705,17.613598168206092,14.741759333399353
-117.996982,200,234.227288,0.0,0.5294795340108931,3169.7485659169156,19.024670074182414,15.848742829584578
-60.458979,200,234.350311,0.0,0.25063339405938756,3129.532851622686,17.889710252196743,15.64766425811343
-71.086717,200,234.477035,0.0,0.3394514088553667,3383.0561753281377,18.85392824195895,16.91528087664069
-48.266738,200,234.601558,0.0,0.23373841087112493,3034.341862544769,18.289227431404193,15.171709312723845
-66.443581,200,234.726622,0.0,0.21010557123988174,2470.442449553409,15.589301875196112,12.352212247767046
-71.445956,200,235.147246,0.0,0.23983029429440147,2389.6673460617744,13.775914164359792,11.948336730308872
-85.434882,200,235.279687,0.0,0.3715977597541314,3477.9955215276777,19.969876970275173,17.38997760763839
-81.362642,200,235.419219,0.0,0.33897532268159675,3586.7226955986744,20.051084327389177,17.933613477993372
-92.606651,200,235.546244,0.0,0.356930075489597,2212.486219836527,13.754255624225781,11.062431099182636
-36.933842,200,235.674773,0.0,0.15545331391841732,3388.630656247228,19.70610309849509,16.943153281236143
-127.113858,200,235.803724,0.0,0.5832792443311982,3087.1491230299075,17.955683025874574,15.435745615149537
-151.709395,200,235.934766,0.0,0.7124957202453019,3411.7122612286157,19.563517322403765,17.05856130614308
-166.2305,200,236.057278,0.0,0.7836021752061216,2847.651759516252,16.923800571321593,14.23825879758126
-123.912638,200,236.177834,0.0,0.544044352201637,2568.103776232848,15.647598201021497,12.84051888116424
-48.107029,200,236.294373,0.0,0.21381118646718777,2935.3809017336207,17.310995150197122,14.676904508668104
-43.24318,200,236.41091,0.0,0.2797401979676982,2753.7920807003684,15.878789378711202,13.768960403501842
-53.204779,200,236.875951,0.0,0.1591237398548612,2763.452106495053,16.274517347445467,13.817260532475267
-87.777679,200,237.006023,0.0,0.41577930535026075,3122.6930433893745,17.796584916256233,15.613465216946873
-42.587427,196,237.127514,1.0,0.0457752220289194,2337.8242430540095,14.484362767013438,11.927674709459232
-134.036265,200,237.251554,0.0,0.6218595022750892,2622.355775816973,15.633401161213172,13.111778879084866
-122.016672,200,237.377529,0.0,0.5638016986914134,2982.100881527211,17.388692153752416,14.910504407636056
-31.421684,186,237.49106,1.0,0.04921961197576444,2466.7898264321184,15.128646432043205,13.262310894796336
-83.211035,200,237.613588,0.0,0.3750088639510163,2870.11561119923,16.34262629694973,14.35057805599615
-57.348323,200,237.734533,0.0,0.2836120766064144,2642.1853322900756,15.696132584446108,13.210926661450378
-101.108464,200,237.858083,0.0,0.42796282730257723,2669.4077335109923,16.183413355003317,13.347038667554962
-25.273042,200,237.980559,0.0,0.1335931659349284,3253.82137646887,18.872940842752527,16.26910688234435
